date,Open,High,Low,Close,Volume,aVWAP_BoS_CHoCH_bull_87,aVWAP_BoS_CHoCH_bull_229,aVWAP_BoS_CHoCH_bull_273,aVWAP_BoS_CHoCH_bear_259,Peaks_Valleys_avg,color,StDev,StDev_Mean,StdDev_ZScore,MA_Cross_Count,MA_Avg_Deviation_Z,MA_Oscillation_Score,BoS,CHoCH,BoS_CHoCH_Price,BoS_CHoCH_Break_Index,QQEMOD,QQE1_Value,QQE1_Above_Upper,QQE1_Below_Lower,QQE2_Above_Threshold,QQE2_Below_Threshold,QQE2_Above_TL,banker_RSI
2024-01-16 17:00:00+00:00,38.84,38.945,38.49,38.945,29339.0,,,,,,"rgba(38, 166, 154, 1.0)",,,,0,,,0.0,0.0,0.0,0.0,,,False,False,False,False,False,
2024-01-17 17:00:00+00:00,38.06,38.535,37.795,38.525,40265.0,,,,,,"rgba(239, 83, 80, 1.0)",,,,0,,,0.0,0.0,0.0,0.0,0.0,,False,False,False,True,False,
2024-01-18 17:00:00+00:00,38.49,38.775,38.245,38.735,29026.0,,,,,,"rgba(38, 166, 154, 1.0)",,,,0,,,0.0,0.0,0.0,0.0,12.0,-68.0,False,False,False,True,True,
2024-01-19 17:00:00+00:00,38.87,39.825,38.795,39.825,42612.0,,,,,,"rgba(38, 166, 154, 1.0)",,,,0,,,0.0,0.0,0.0,0.0,34.456366566889244,-46.58927008979968,False,False,False,True,True,
2024-01-22 17:00:00+00:00,40.14,40.345,40.035,40.195,43359.0,,,,,,"rgba(38, 166, 154, 1.0)",,,,0,,,0.0,0.0,0.0,0.0,50.841037945244466,-31.270447843293347,False,False,True,False,True,
2024-01-23 17:00:00+00:00,40.19,40.365,40.115,40.235,30274.0,,,,,,"rgba(239, 83, 80, 1.0)",,,,0,,,0.0,0.0,0.0,0.0,61.897415996942286,-20.717391609607077,False,False,True,False,True,
2024-01-24 17:00:00+00:00,40.72,40.735,40.155,40.23,41814.0,,,,,,"rgba(239, 83, 80, 1.0)",,,,0,,,0.0,0.0,0.0,0.0,69.17260415089324,-13.187255930316645,False,False,True,False,True,
2024-01-25 17:00:00+00:00,40.86,40.925,40.6,40.92,36390.0,,,,,,"rgba(38, 166, 154, 1.0)",,,,0,,,0.0,0.0,0.0,0.0,75.9038963514019,-5.671532130393182,False,False,True,False,True,
2024-01-26 17:00:00+00:00,40.835,40.835,40.475,40.61,64159.0,,,,,,"rgba(239, 83, 80, 1.0)",,,,0,,,0.0,0.0,0.0,0.0,75.94956514252762,-3.865376855482758,False,False,True,False,True,
2024-01-29 17:00:00+00:00,40.53,41.065,40.475,41.03,67072.0,,,,,,"rgba(38, 166, 154, 1.0)",,,,0,,,0.0,0.0,0.0,0.0,77.45897926923305,-0.1875951119052388,False,False,True,False,True,
2024-01-30 17:00:00+00:00,41.12,41.225,40.895,40.955,51774.0,,,,,,"rgba(239, 83, 80, 1.0)",,41.025,,0,,,0.0,0.0,0.0,0.0,77.50305522925534,2.3456915021584805,False,False,True,False,True,
2024-01-31 17:00:00+00:00,40.54,40.75,39.585,39.66,56991.0,,,,,,"rgba(239, 83, 80, 1.0)",,40.487044223785226,,0,,,0.0,0.0,0.0,0.0,66.91188505608622,2.3456915021584805,False,False,True,False,True,
2024-02-01 17:00:00+00:00,39.19,39.49,39.135,39.205,59588.0,,,,,,"rgba(239, 83, 80, 1.0)",,40.05863500105929,,0,,,0.0,0.0,0.0,0.0,57.7224608526089,2.3456915021584805,False,False,True,False,False,
2024-02-02 17:00:00+00:00,38.98,39.29,38.68,39.155,28054.0,,,,,,"rgba(239, 83, 80, 1.0)",,39.91337526157418,,0,,,0.0,0.0,0.0,0.0,51.373612515898316,23.062480208925848,False,False,False,False,False,
2024-02-05 17:00:00+00:00,38.535,38.775,38.475,38.565,30576.0,,,,,38.605,"rgba(239, 83, 80, 1.0)",,39.17106455108973,,0,,,0.0,0.0,0.0,0.0,44.770653844811115,15.665569484575002,False,False,False,True,False,
2024-02-06 17:00:00+00:00,39.075,39.67,39.05,39.665,76419.0,,,,,39.216856722276745,"rgba(38, 166, 154, 1.0)",,39.44230203369162,,0,,,0.0,0.0,0.0,0.0,46.71759061871126,15.665569484575002,False,False,False,True,False,
2024-02-07 17:00:00+00:00,39.5,39.86,39.425,39.745,91187.0,,,,,39.42842330955048,"rgba(38, 166, 154, 1.0)",,39.549115926477356,,0,,,0.0,0.0,0.0,0.0,48.382084405808115,15.665569484575002,False,False,False,True,False,
2024-02-08 17:00:00+00:00,40.045,40.715,39.945,40.525,42060.0,,,,,39.5976452424361,"rgba(38, 166, 154, 1.0)",,39.668653747973565,,0,,,0.0,0.0,0.0,0.0,52.651116087525054,15.665569484575002,False,False,True,False,False,
2024-02-09 17:00:00+00:00,40.35,40.895,40.305,40.825,42191.0,,,,,39.758584915124416,"rgba(38, 166, 154, 1.0)",,39.79033028683016,,0,,,0.0,0.0,0.0,0.0,56.50984396607966,15.665569484575002,False,False,True,False,True,
2024-02-12 17:00:00+00:00,41.39,41.45,40.93,40.95,29049.0,,,,,39.88461870455864,"rgba(38, 166, 154, 1.0)",,40.296785975920535,,0,,,0.0,0.0,0.0,0.0,59.5043884079099,15.665569484575002,False,False,True,False,True,
2024-02-13 17:00:00+00:00,39.6,39.635,38.935,39.09,46729.0,,,,,39.79791849868746,"rgba(239, 83, 80, 1.0)",,39.86041428301207,,0,,,0.0,0.0,0.0,0.0,53.37820906892989,15.665569484575002,False,False,True,False,True,
2024-02-14 17:00:00+00:00,39.535,39.755,39.405,39.66,23183.0,,,,,39.78629327327296,"rgba(239, 83, 80, 1.0)",,39.82705230119191,,0,,,0.0,0.0,0.0,0.0,51.52519167731689,15.199051084859207,False,False,False,False,False,
2024-02-15 17:00:00+00:00,40.17,40.585,40.16,40.52,90718.0,,,,,39.90838253069893,"rgba(239, 83, 80, 1.0)",,39.98322128076184,,0,,,0.0,0.0,0.0,0.0,53.103380390876595,15.199051084859207,False,False,True,False,False,
2024-02-16 17:00:00+00:00,40.69,40.855,40.275,40.345,27762.0,,,,,39.9407769624612,"rgba(239, 83, 80, 1.0)",,40.017083243177524,,0,,,0.0,0.0,0.0,0.0,53.4858688729594,15.199051084859207,False,False,True,False,False,
2024-02-19 17:00:00+00:00,40.345,40.345,40.345,40.345,0.0,,,,,39.9407769624612,"rgba(239, 83, 80, 1.0)",,40.017083243177524,,0,,,0.0,0.0,0.0,0.0,53.740861194347936,14.339133424977007,False,False,True,False,False,
2024-02-20 17:00:00+00:00,40.19,40.655,40.095,40.415,64923.0,,,,,39.992223238319845,"rgba(239, 83, 80, 1.0)",,40.063340219277734,,0,,,0.0,0.0,0.0,0.0,54.18163149903397,13.685353982488962,False,False,True,False,False,
2024-02-21 17:00:00+00:00,40.29,40.295,39.805,39.975,27310.0,,,,,39.99373501467358,"rgba(239, 83, 80, 1.0)",,40.0585511190284,,0,,,0.0,0.0,0.0,0.0,52.42797066704266,11.026398496167168,False,False,True,False,False,
2024-02-22 17:00:00+00:00,41.015,41.175,40.965,41.1,25861.0,,,,,40.039193515413956,"rgba(239, 83, 80, 1.0)",,40.10781186735986,,0,,,0.0,0.0,0.0,0.0,55.39504730625914,11.026398496167168,False,False,True,False,False,
2024-02-23 17:00:00+00:00,41.44,41.535,41.305,41.33,23467.0,,,,,40.08861298234947,"rgba(239, 83, 80, 1.0)",,40.16146613892738,,0,,,0.0,0.0,0.0,0.0,58.0552072481988,11.026398496167168,False,False,True,False,True,
2024-02-26 17:00:00+00:00,41.2,41.335,40.725,40.77,23507.0,,,,,40.118829018170004,"rgba(239, 83, 80, 1.0)",,40.19187741396059,,0,,,0.0,0.0,0.0,0.0,57.15428610696708,11.026398496167168,False,False,True,False,True,
2024-02-27 17:00:00+00:00,41.23,41.375,41.165,41.29,39247.0,,,,,40.18335949818396,"rgba(239, 83, 80, 1.0)",,40.2585510831577,,0,,,0.0,0.0,0.0,0.0,58.291963540334606,11.026398496167168,False,False,True,False,True,
2024-02-28 17:00:00+00:00,41.025,41.085,40.88,40.9,23328.0,,,,,40.2081023284221,"rgba(239, 83, 80, 1.0)",,40.282300140258236,,0,,,0.0,0.0,0.0,0.0,57.239254715332386,11.026398496167168,False,False,True,False,True,
2024-02-29 17:00:00+00:00,41.03,41.35,40.95,41.325,24673.0,,,,,40.24091145854105,"rgba(239, 83, 80, 1.0)",,40.31496940747106,,0,,,0.0,0.0,0.0,0.0,58.01928061948773,11.026398496167168,False,False,True,False,True,
2024-03-01 17:00:00+00:00,41.49,41.635,41.27,41.535,37686.0,,,,,40.30002996672895,"rgba(239, 83, 80, 1.0)",,40.37481663891197,,0,,,0.0,0.0,0.0,0.0,59.242664046128525,11.026398496167168,False,False,True,False,True,
2024-03-04 17:00:00+00:00,41.58,41.78,41.315,41.34,30265.0,,,,,40.3435119428651,"rgba(239, 83, 80, 1.0)",,40.41822139345504,,0,,,0.0,0.0,0.0,0.0,58.99485456271217,11.026398496167168,False,False,True,False,True,
2024-03-05 17:00:00+00:00,41.315,41.58,41.08,41.25,23498.0,,,,,40.37024598791663,"rgba(239, 83, 80, 1.0)",,40.444095162451354,,0,,,0.0,0.0,0.0,0.0,58.31974442083417,11.026398496167168,False,False,True,False,True,
2024-03-06 17:00:00+00:00,41.765,41.835,41.36,41.61,58658.0,,,,,40.450300198641166,"rgba(239, 83, 80, 1.0)",,40.523363231427034,,0,,,0.0,0.0,0.0,0.0,59.37979461684233,11.026398496167168,False,False,True,False,True,
2024-03-07 17:00:00+00:00,42.2,42.37,42.115,42.235,27339.0,,,,,41.37146609981397,"rgba(38, 166, 154, 1.0)",,40.992697633432215,,0,,,0.0,0.0,0.0,0.0,62.27533496498492,8.325134546452333,False,False,True,False,True,
2024-03-08 17:00:00+00:00,41.98,42.115,41.47,41.655,32732.0,,,,,41.25821116714467,"rgba(38, 166, 154, 1.0)",,40.95663834770274,,0,,,0.0,0.0,0.0,0.0,60.77630440234089,8.325134546452333,False,False,True,False,True,
2024-03-11 17:00:00+00:00,41.91,42.265,41.895,42.075,71702.0,,,,,41.34051396812545,"rgba(38, 166, 154, 1.0)",,41.050453527414845,,0,,,0.0,0.0,0.0,0.0,61.319938558379775,8.325134546452333,False,False,True,False,True,
2024-03-12 17:00:00+00:00,41.92,42.18,41.72,42.125,18144.0,,,,,41.35093178041592,"rgba(38, 166, 154, 1.0)",,41.06703731013165,,0,,,0.0,0.0,0.0,0.0,61.86369296214246,8.325134546452333,False,False,True,False,True,
2024-03-13 17:00:00+00:00,42.14,42.185,41.855,42.045,17696.0,,,,,41.3621983250871,"rgba(38, 166, 154, 1.0)",,41.08353183008076,,0,,,0.0,0.0,0.0,0.0,61.693501504438125,8.371336585221464,True,False,True,False,True,
2024-03-14 17:00:00+00:00,40.735,41.28,40.44,41.06,20218.0,,,,,41.178956484810946,"rgba(38, 166, 154, 1.0)",,41.02988567134995,,0,,,0.0,0.0,0.0,0.0,56.25957598786547,9.83610318603317,False,False,True,False,False,
2024-03-15 17:00:00+00:00,40.7,41.065,40.665,41.005,18358.0,,,,,41.14814869268884,"rgba(38, 166, 154, 1.0)",,41.01179890530038,,0,,,0.0,0.0,0.0,0.0,52.39366655687613,6.376515468744721,False,True,False,False,False,
2024-03-18 17:00:00+00:00,40.995,41.125,40.75,40.98,28974.0,,,,,41.11918127209607,"rgba(38, 166, 154, 1.0)",,40.995485726295705,,0,,,0.0,0.0,0.0,0.0,49.694981483222705,4.048430842750463,False,True,False,False,False,
2024-03-19 17:00:00+00:00,41.34,41.41,41.065,41.15,14164.0,,,,,41.1275545846107,"rgba(38, 166, 154, 1.0)",,41.00239512987619,,0,,,0.0,0.0,0.0,0.0,48.986236006750076,3.4736062260458596,False,True,False,False,False,
2024-03-20 17:00:00+00:00,41.715,42.365,41.5,42.11,19191.0,,,,,41.205914160826445,"rgba(38, 166, 154, 1.0)",,41.05747593936663,,0,,,0.0,0.0,0.0,0.0,53.262422149474546,3.4736062260458596,False,True,True,False,True,
2024-03-21 17:00:00+00:00,42.985,42.995,42.335,42.35,37292.0,,,,,41.67807801675059,"rgba(38, 166, 154, 1.0)",,41.415717300619484,,0,,,0.0,0.0,0.0,0.0,57.016840694741475,1.7993903804873952,False,True,True,False,True,
2024-03-22 17:00:00+00:00,41.945,42.105,41.745,41.775,26132.0,,,,,41.62753420335997,"rgba(38, 166, 154, 1.0)",,41.38918329308216,,0,,,0.0,0.0,0.0,0.0,56.06518964846975,1.7993903804873952,False,True,True,False,True,
2024-03-25 17:00:00+00:00,41.905,41.935,41.44,41.45,33561.0,,,,,41.57047532723089,"rgba(38, 166, 154, 1.0)",,41.3573455097611,,0,,,0.0,0.0,0.0,0.0,53.757764169678694,1.7993903804873952,False,True,True,False,False,7.227892463529688
2024-03-26 17:00:00+00:00,41.565,41.625,40.99,41.005,35044.0,,,,,41.48951811948034,"rgba(38, 166, 154, 1.0)",,41.30562869060509,,0,,,0.0,0.0,0.0,0.0,50.17330922094397,5.844703329641646,False,True,False,False,False,4.544610307831718
2024-03-27 17:00:00+00:00,41.21,41.58,41.1,41.575,24328.0,,,,,41.46878840523856,"rgba(38, 166, 154, 1.0)",,41.29469371255103,,0,,,0.0,0.0,0.0,0.0,50.68173818262947,5.844703329641646,False,True,False,False,False,7.426722841415955
2024-03-28 17:00:00+00:00,41.69,41.985,41.595,41.87,20833.0,,,,,41.48057320434414,"rgba(38, 166, 154, 1.0)",,41.30713018314894,,0,,,0.0,0.0,0.0,0.0,52.3340154729847,5.844703329641646,False,True,True,False,False,8.855651480534974
2024-03-29 17:00:00+00:00,41.87,41.87,41.87,41.87,0.0,,,,,41.48057320434414,"rgba(38, 166, 154, 1.0)",,41.30713018314894,,0,,,0.0,0.0,0.0,0.0,53.43553366655485,5.844703329641646,False,True,True,False,True,8.855651480534974
2024-04-01 17:00:00+00:00,41.15,41.245,40.985,41.22,61893.0,,,,,41.4077176856692,"rgba(38, 166, 154, 1.0)",,41.2609450379264,,0,,,0.0,0.0,0.0,0.0,50.732933074937364,5.844703329641646,False,True,False,False,True,4.97564458698988
2024-04-02 17:00:00+00:00,40.61,40.62,40.415,40.47,13418.0,,,,,41.37539919789695,"rgba(239, 83, 80, 1.0)",,41.23772717503053,,0,,,0.0,0.0,0.0,0.0,46.001356242238536,1.5501001196461317,False,True,False,True,False,0.8438171660855787
2024-04-03 17:00:00+00:00,40.835,41.015,40.675,40.74,58216.0,,,,,41.29718217655026,"rgba(239, 83, 80, 1.0)",,41.18301158336293,,0,,,0.0,0.0,0.0,0.0,44.387302504744824,0.02085294153714301,False,True,False,True,False,2.2249746932759464
2024-04-04 17:00:00+00:00,40.97,41.005,40.035,40.105,26582.0,,,,,41.24722424026988,"rgba(239, 83, 80, 1.0)",,41.145954376711295,,0,,,0.0,0.0,0.0,0.0,41.09503409072415,-3.1132544505469397,False,True,False,True,False,0.0
2024-04-05 17:00:00+00:00,40.625,40.625,40.13,40.285,31863.0,,,,,41.192917593920335,"rgba(239, 83, 80, 1.0)",,41.10519145978855,,0,,,0.0,0.0,0.0,0.0,39.96962893574112,-4.256564494341397,False,True,False,True,False,0.0
2024-04-08 17:00:00+00:00,40.495,40.655,40.445,40.54,22379.0,,,,,41.166515036275875,"rgba(239, 83, 80, 1.0)",,41.08552049809104,,0,,,0.0,0.0,0.0,0.0,40.722888281924725,-4.256564494341397,False,True,False,True,False,1.1558297592269113
2024-04-09 17:00:00+00:00,40.85,41.085,40.65,41.08,25641.0,,,,,41.1551542202574,"rgba(239, 83, 80, 1.0)",,41.07787806168728,,0,,,0.0,0.0,0.0,0.0,44.05868006005886,-4.256564494341397,False,True,False,True,True,3.8263824060408034
2024-04-10 17:00:00+00:00,39.56,39.59,38.945,39.17,43200.0,,,,,41.029134447645404,"rgba(239, 83, 80, 1.0)",,40.977962236648686,,0,,,0.0,0.0,0.0,0.0,40.0377227012687,-4.256564494341397,False,True,False,True,False,0.0
2024-04-11 17:00:00+00:00,39.355,39.775,39.32,39.72,66278.0,,,,,40.90098894917423,"rgba(239, 83, 80, 1.0)",,40.87488847021219,,0,,,0.0,0.0,0.0,0.0,39.779195393918876,-4.523415350433716,False,True,False,True,False,0.0
2024-04-12 17:00:00+00:00,39.25,39.325,39.04,39.285,197278.0,,,,,40.55630709557276,"rgba(239, 83, 80, 1.0)",,40.586421459010516,,0,,,0.0,0.0,0.0,0.0,38.47060873245718,-5.987253171274489,False,True,False,True,False,0.0
2024-04-15 17:00:00+00:00,39.045,39.045,38.655,38.985,90951.0,,,,,40.41670658638054,"rgba(239, 83, 80, 1.0)",,40.46538897595724,,0,,,0.0,0.0,0.0,0.0,36.84399642256665,-7.772250516029317,False,True,False,True,False,0.0
2024-04-16 17:00:00+00:00,38.705,38.915,38.435,38.735,47175.0,,,,,40.34541968749683,"rgba(239, 83, 80, 1.0)",,40.40279948819778,,0,,,0.0,0.0,0.0,0.0,35.13413353969813,-9.627843655380289,False,True,False,True,False,0.0
2024-04-17 17:00:00+00:00,38.785,39.2,38.78,39.01,18857.0,,,,,40.323672073072686,"rgba(239, 83, 80, 1.0)",,40.38344168010247,,0,,,0.0,0.0,0.0,0.0,35.46593142404728,-9.627843655380289,False,True,False,True,False,0.0
2024-04-18 17:00:00+00:00,38.655,38.675,38.33,38.575,14743.0,,,,,39.946286652017534,"rgba(239, 83, 80, 1.0)",,40.101149331128504,,0,,,0.0,0.0,0.0,0.0,34.444432459057865,-10.856289332375624,False,True,False,True,False,0.0
2024-04-19 17:00:00+00:00,38.85,39.015,38.58,39.0,14166.0,,,,,39.965891945737155,"rgba(239, 83, 80, 1.0)",,40.11186487999158,,0,,,0.0,0.0,0.0,0.0,36.05871038599429,-10.856289332375624,False,True,False,True,False,0.0
2024-04-22 17:00:00+00:00,39.37,39.76,39.335,39.575,6988.0,,,,,39.99626236582188,"rgba(239, 83, 80, 1.0)",,40.13263811942202,,0,,,0.0,0.0,0.0,0.0,39.85140364947057,-14.721108045015463,False,True,False,True,True,0.0
2024-04-23 17:00:00+00:00,40.305,40.48,40.255,40.37,10780.0,,,,,40.066808282183544,"rgba(239, 83, 80, 1.0)",,40.18285468347265,,0,,,0.0,0.0,0.0,0.0,45.40618661456601,-9.584998224472798,False,True,False,True,True,1.0226599285189373
2024-04-24 17:00:00+00:00,40.09,40.615,40.09,40.535,18341.0,,,,,40.13680364935895,"rgba(239, 83, 80, 1.0)",,40.23267621783493,,0,,,0.0,0.0,0.0,0.0,49.67128095277607,-5.8147167390359655,False,False,False,False,True,1.725236616719581
2024-04-25 17:00:00+00:00,40.165,40.355,40.095,40.205,30508.0,,,,,40.178976346679924,"rgba(239, 83, 80, 1.0)",,40.261697661105714,,0,,,0.0,0.0,0.0,0.0,50.958249397941074,-4.753685456489848,False,False,True,False,True,0.2664216414124141
2024-04-26 17:00:00+00:00,40.8,40.98,40.65,40.975,10766.0,,,,,40.20563225735361,"rgba(38, 166, 154, 1.0)",,40.28131438106651,,0,,,0.0,0.0,0.0,0.0,54.51072796512578,-1.4725771359224638,True,False,True,False,True,3.5031025230163024
2024-04-29 17:00:00+00:00,41.025,41.08,40.645,41.055,28137.0,,,,,40.261445124734834,"rgba(38, 166, 154, 1.0)",1.0153392989005632,40.32288223564773,0.7210572516448681,0,,,0.0,0.0,0.0,0.0,57.13401730103102,0.954038512599098,True,False,True,False,True,3.8298821526228437
2024-04-30 17:00:00+00:00,40.305,40.36,40.115,40.125,33675.0,,,,,40.26417696849997,"rgba(38, 166, 154, 1.0)",0.9995672487054985,40.32356061436118,-0.19864657892535578,0,,,0.0,0.0,0.0,0.0,54.584072553388935,0.954038512599098,True,False,True,False,False,0.0
2024-05-01 17:00:00+00:00,40.47,41.45,40.25,40.985,32068.0,,,,,40.300952800131135,"rgba(38, 166, 154, 1.0)",0.972572228031797,40.35157188370747,0.6512915936067823,0,,,0.0,0.0,0.0,0.0,55.86462168452427,0.954038512599098,True,False,True,False,False,3.2573146404290867
2024-05-02 17:00:00+00:00,41.21,41.675,41.185,41.655,30964.0,,,,,40.356564602050284,"rgba(38, 166, 154, 1.0)",0.9563459078678018,40.39536701714385,1.3171311473110585,0,,,0.0,0.0,0.0,0.0,58.57948185365737,2.309207333674628,True,False,True,False,True,5.8032647412343366
2024-05-03 17:00:00+00:00,42.31,42.65,42.31,42.635,25088.0,,,,,40.429558780291345,"rgba(38, 166, 154, 1.0)",0.9798878773881461,40.454008268316954,2.2257564176591247,0,,,0.0,0.0,0.0,0.0,62.560790538156006,6.146029028487135,True,False,True,False,True,9.283981615920595
2024-05-06 17:00:00+00:00,43.345,43.715,43.31,43.68,20785.0,,,,,40.51101829065049,"rgba(38, 166, 154, 1.0)",1.0389411189517155,40.52019400998547,3.0413715776335386,0,,,0.0,0.0,0.0,0.0,66.96779909001913,10.276455512151578,True,False,True,False,True,12.694151746650164
2024-05-07 17:00:00+00:00,43.825,43.875,43.64,43.735,103695.0,,,,,40.849008367783156,"rgba(38, 166, 154, 1.0)",1.0950883382031156,40.80168676894374,2.6786087740368147,0,,,0.0,0.0,0.0,0.0,69.99018352331129,13.087242721582072,True,False,True,False,True,12.86731082987798
2024-05-08 17:00:00+00:00,43.72,44.085,43.645,44.02,33938.0,,,,,40.942600323401386,"rgba(38, 166, 154, 1.0)",1.1568615044768897,40.881568522157785,2.7128843562491567,0,,,0.0,0.0,0.0,0.0,72.46389944697475,15.454282461676883,True,False,True,False,True,13.767133948435763
2024-05-09 17:00:00+00:00,43.82,44.245,43.685,44.24,38747.0,,,,,41.04465953496878,"rgba(38, 166, 154, 1.0)",1.2234219768065822,40.96953372046952,2.673211975533711,0,,,0.0,0.0,0.0,0.0,74.47074550630458,17.47255583700172,True,False,True,False,True,14.457766713877835
2024-05-10 17:00:00+00:00,44.255,44.38,44.025,44.22,39354.0,,,,,41.14426743320695,"rgba(38, 166, 154, 1.0)",1.283910769821975,41.056186611903264,2.464200365369179,0,,,0.0,0.0,0.0,0.0,75.68214906252535,18.850060106609334,True,False,True,False,True,14.364267549293942
2024-05-13 17:00:00+00:00,43.975,44.015,43.775,43.94,51283.0,,,,,41.24904419004493,"rgba(38, 166, 154, 1.0)",1.3314542344287952,41.1487752850137,2.096373005403192,0,,,0.0,0.0,0.0,0.0,74.64740695095537,18.850060106609334,True,False,True,False,True,13.049590805384756
2024-05-14 17:00:00+00:00,44.165,44.685,44.095,44.65,76870.0,,,,,41.4214401733469,"rgba(38, 166, 154, 1.0)",1.3992735406064936,41.301976268144884,2.3926870870465864,0,,,0.0,0.0,0.0,0.0,75.49286333836355,19.29129438777889,True,False,True,False,True,15.32127954398526
2024-05-15 17:00:00+00:00,44.765,44.875,44.575,44.85,14483.0,,,,,41.45449042918284,"rgba(38, 166, 154, 1.0)",1.4604746945200129,41.33150653081715,2.4091437409938883,0,,,0.0,0.0,0.0,0.0,76.44085754633444,20.619371902053942,True,False,True,False,True,15.943746226956442
2024-05-16 17:00:00+00:00,44.855,44.89,44.575,44.64,26177.0,,,,,42.0427084436373,"rgba(38, 166, 154, 1.0)",1.5023387922991407,41.79710497789246,1.8923128635697728,0,,,1.0,0.0,44.89,127.0,75.60183996031678,20.619371902053942,True,False,True,False,True,14.938653311391416
2024-05-17 17:00:00+00:00,44.29,44.52,44.215,44.49,93921.0,,,,,42.14220580689633,"rgba(38, 166, 154, 1.0)",1.5342762122562843,41.900300286338165,1.6878966726945874,0,,,0.0,0.0,0.0,0.0,73.97532991979864,20.619371902053942,True,False,True,False,True,14.219963805966572
2024-05-20 17:00:00+00:00,44.775,44.875,44.695,44.82,49085.0,,,,,42.23300838470143,"rgba(38, 166, 154, 1.0)",1.5597018888178533,41.98427281809455,1.8181212719148103,0,,,0.0,0.0,0.0,0.0,73.83578608880283,20.619371902053942,True,False,True,False,True,15.29106584650809
2024-05-21 17:00:00+00:00,44.815,44.83,44.54,44.56,78641.0,,,,,42.341168140565024,"rgba(38, 166, 154, 1.0)",1.5937261653402348,42.08863421980751,1.5506840722947506,0,,,0.0,0.0,0.0,0.0,71.80507750077261,20.619371902053942,True,False,True,False,False,14.029708399380166
2024-05-22 17:00:00+00:00,44.56,44.675,44.135,44.345,13270.0,,,,,42.35423010344143,"rgba(38, 166, 154, 1.0)",1.6200396586181145,42.10193008717168,1.3845771619823461,0,,,0.0,0.0,0.0,0.0,68.90482023905275,23.368477853371985,True,False,True,False,False,12.99247152337663
2024-05-23 17:00:00+00:00,44.61,44.65,43.845,44.19,36404.0,,,,,42.383642717246964,"rgba(38, 166, 154, 1.0)",1.6484542992077698,42.13293785693469,1.2478733223322673,0,,,0.0,0.0,0.0,0.0,65.86444646414654,20.42815954727793,True,False,True,False,False,12.24473364530051
2024-05-24 17:00:00+00:00,44.565,44.84,44.565,44.785,18129.0,,,,,42.4075643785941,"rgba(38, 166, 154, 1.0)",1.6912138159236918,42.156025678314776,1.5544896197819618,0,,,0.0,0.0,0.0,0.0,66.31978046545638,20.42815954727793,True,False,True,False,False,14.26632160436381
2024-05-27 17:00:00+00:00,44.785,44.785,44.785,44.785,0.0,,,,,42.4075643785941,"rgba(38, 166, 154, 1.0)",1.7319326990024408,42.156025678314776,1.5179425408386005,0,,,0.0,0.0,0.0,0.0,66.6233364663296,20.42815954727793,True,False,True,False,False,14.26632160436381
2024-05-28 17:00:00+00:00,44.135,44.14,43.44,43.555,24017.0,,,,,42.414497494632485,"rgba(38, 166, 154, 1.0)",1.7230073175167377,42.165883855125905,0.8062160449069598,0,,,0.0,0.0,0.0,0.0,59.51205828334802,14.220721107814981,True,False,True,False,False,8.4780268981592
2024-05-29 17:00:00+00:00,42.32,42.33,41.94,41.94,55851.0,,,,,42.35263882798072,"rgba(239, 83, 80, 1.0)",1.7082270404198705,42.12244746544485,-0.10680516180097928,0,,,0.0,0.0,0.0,0.0,49.86080325860603,5.611147512005765,False,True,False,True,False,1.8054106223678303
2024-05-30 17:00:00+00:00,42.72,42.77,42.54,42.67,14546.0,,,,,42.34663761892733,"rgba(239, 83, 80, 1.0)",1.707248215248292,42.11940599495804,0.322503781303929,0,,,0.0,0.0,0.0,0.0,46.71186982306475,3.2137697643996006,False,True,False,True,False,4.407988823995733
2024-05-31 17:00:00+00:00,42.725,43.44,42.725,43.39,26488.0,,,,,42.34874279615102,"rgba(239, 83, 80, 1.0)",1.7115891488363744,42.124742316164,0.7392297881160232,0,,,0.0,0.0,0.0,0.0,47.314911946067525,3.2137697643996006,False,True,False,True,False,6.846889161346141
2024-06-03 17:00:00+00:00,43.42,43.42,43.42,43.42,0.0,,,,,42.34874279615102,"rgba(239, 83, 80, 1.0)",1.7153368145607437,42.124742316164,0.7551039963936663,0,,,0.0,0.0,0.0,0.0,47.825683902171875,3.2137697643996006,False,True,False,True,False,6.946854486949544
2024-06-04 17:00:00+00:00,42.63,42.7,42.415,42.6,15524.0,,,,,42.3425979210593,"rgba(239, 83, 80, 1.0)",1.7109325258782477,42.1215323016335,0.27965316640461674,9,0.3074822197909646,2.767339978118681,0.0,0.0,0.0,0.0,45.51073896369565,2.1896091194126797,False,True,False,True,False,3.7261616985908184
2024-06-05 17:00:00+00:00,42.895,43.13,42.76,43.095,29648.0,,,,,42.342185891725485,"rgba(239, 83, 80, 1.0)",1.7044292537624126,42.124865452844276,0.5691844029397035,9,0.3101557327619911,2.79140159485792,0.0,0.0,0.0,0.0,45.93240090796975,2.1896091194126797,False,True,False,True,False,5.410866117459996
2024-06-06 17:00:00+00:00,42.495,42.675,42.18,42.32,78403.0,,,,,42.31135234229834,"rgba(239, 83, 80, 1.0)",1.7032939418233914,42.10733397455154,0.12485573994398316,9,0.31359634879714593,2.8223671391743133,0.0,0.0,0.0,0.0,43.88421340470413,0.07524083454663355,False,True,False,True,False,2.4848235242505083
2024-06-07 17:00:00+00:00,41.74,41.79,41.375,41.51,22897.0,,,,,42.29087265564922,"rgba(239, 83, 80, 1.0)",1.7026988063733524,42.09207013094367,-0.34185149408981197,9,0.3150352189780907,2.8353169708028165,0.0,0.0,0.0,0.0,40.537181275519856,-3.3267458554836367,False,True,False,True,False,0.0
2024-06-10 17:00:00+00:00,41.53,41.7,41.42,41.655,26505.0,,,,,42.26935634722234,"rgba(239, 83, 80, 1.0)",1.6982591112692502,42.076110775615184,-0.24796615123145266,10,0.33114466836356937,3.311446683635694,0.0,0.0,0.0,0.0,38.94998901832257,-5.035832720662498,False,True,False,True,False,0.10123355249297816
2024-06-11 17:00:00+00:00,41.08,41.28,40.995,41.13,31402.0,,,,,42.236307077892654,"rgba(239, 83, 80, 1.0)",1.6990719591949415,42.05043402812307,-0.5417275137417905,10,0.3319745337187402,3.3197453371874017,0.0,0.0,0.0,0.0,36.62383631254296,-7.447949835412949,False,True,False,True,False,0.0
2024-06-12 17:00:00+00:00,42.54,42.56,41.68,41.92,10123.0,,,,,42.23225349502783,"rgba(239, 83, 80, 1.0)",1.695463456796798,42.04781978768052,-0.07538929085620182,10,0.33277238351496574,3.3277238351496576,0.0,0.0,0.0,0.0,38.532208256866966,-7.447949835412949,False,True,False,True,False,1.0408167237104884
2024-06-13 17:00:00+00:00,41.03,41.185,40.86,41.02,11014.0,,,,,42.22062249094303,"rgba(239, 83, 80, 1.0)",1.6971317403620023,42.038693279681226,-0.6002440797341597,10,0.3328336993542846,3.328336993542846,0.0,0.0,0.0,0.0,37.495927595245405,-7.447949835412949,False,True,False,True,False,0.0
2024-06-14 17:00:00+00:00,40.6,40.97,40.58,40.96,39134.0,,,,,42.17698393571671,"rgba(239, 83, 80, 1.0)",1.6999028112123298,42.00400981088596,-0.614158529534637,10,0.33312885184896995,3.3312885184896994,0.0,0.0,0.0,0.0,36.66200355781979,-7.97163199741685,False,True,False,True,False,0.0
2024-06-17 17:00:00+00:00,40.78,41.11,40.77,41.075,17412.0,,,,,42.160277842259234,"rgba(239, 83, 80, 1.0)",1.7012508064087202,41.99081855446052,-0.5383207173278436,10,0.33315221127416583,3.3315221127416583,0.0,0.0,0.0,0.0,36.65776335767275,-8.360506076386756,False,True,False,True,False,0.0
2024-06-18 17:00:00+00:00,41.135,41.365,41.025,41.365,27711.0,,,,,42.139331489820954,"rgba(239, 83, 80, 1.0)",1.7007582490235456,41.97461773349206,-0.35843879272204465,10,0.333312302179348,3.33312302179348,0.0,0.0,0.0,0.0,38.07750476517138,-8.360506076386756,False,True,False,True,False,0.0
2024-06-19 17:00:00+00:00,41.365,41.365,41.365,41.365,0.0,,,,,42.139331489820954,"rgba(239, 83, 80, 1.0)",1.7014555321629603,41.97461773349206,-0.35829189888794044,10,0.33537469100965006,3.3537469100965005,0.0,0.0,0.0,0.0,39.02399903683714,-8.360506076386756,False,True,False,True,True,0.0
2024-06-20 17:00:00+00:00,40.815,41.015,40.66,40.82,34465.0,,,,,42.106382957644726,"rgba(239, 83, 80, 1.0)",1.7049044701250173,41.94824535203517,-0.6617645573727895,10,0.33843082458663865,3.3843082458663867,0.0,0.0,0.0,0.0,37.771414116474055,-8.360506076386756,False,True,False,True,True,0.0
2024-06-21 17:00:00+00:00,40.52,40.63,40.46,40.56,37669.0,40.550000000000004,,,,41.84996908557623,"rgba(239, 83, 80, 1.0)",1.7110596790367185,41.76411964163627,-0.7037274365054033,10,0.34147363147981397,3.4147363147981395,0.0,0.0,0.0,0.0,36.1251784404331,-9.86851147028326,False,True,False,True,False,0.0
2024-06-24 17:00:00+00:00,41.03,41.555,40.905,41.44,33971.0,40.905642797319935,,,,41.88400613773165,"rgba(239, 83, 80, 1.0)",1.711305065447724,41.790221060250474,-0.2046514483721514,10,0.3474695529510924,3.4746955295109236,0.0,0.0,0.0,0.0,39.6863400215229,-9.86851147028326,False,True,False,True,True,0.0
2024-06-25 17:00:00+00:00,41.015,41.42,40.975,41.35,25836.0,40.99647287537446,,,,41.88426833106259,"rgba(239, 83, 80, 1.0)",1.7116693632267364,41.79006264568304,-0.2570955905020439,9,0.357291821536807,3.215626393831263,0.0,0.0,0.0,0.0,41.69563815862418,-12.509724980539893,False,True,False,True,True,0.0
2024-06-26 17:00:00+00:00,40.885,41.11,40.645,40.86,36922.0,40.96218594522736,,,,41.85580347089346,"rgba(239, 83, 80, 1.0)",1.714767593844983,41.76654276887155,-0.5286680084960281,9,0.35937415803814615,3.234367422343315,0.0,0.0,0.0,0.0,41.12631814500769,-12.509724980539893,False,True,False,True,True,0.0
2024-06-27 17:00:00+00:00,41.58,41.81,41.42,41.58,43800.0,41.11977612917467,,,,41.866253421102705,"rgba(239, 83, 80, 1.0)",1.712883415353948,41.77505555887138,-0.11387556042807218,9,0.3602135988930275,3.2419223900372476,0.0,0.0,0.0,0.0,44.17851930420295,-10.088267300229134,False,True,False,True,True,0.1961428692499716
2024-06-28 17:00:00+00:00,41.49,41.695,41.3,41.535,21239.0,41.1613329355469,,,,41.86579603525096,"rgba(239, 83, 80, 1.0)",1.7107222461883211,41.77476124328658,-0.14015205789297153,9,0.36065608077877953,3.245904727009016,0.0,0.0,0.0,0.0,46.01355445529181,-8.33560806787738,False,True,False,True,True,0.035727808898727176
2024-07-01 17:00:00+00:00,41.07,41.27,40.905,40.94,12522.0,41.15406643108652,,,,41.858529848923254,"rgba(239, 83, 80, 1.0)",1.7109844197667892,41.76878323426368,-0.48438970261146314,9,0.3606462793550638,3.2458165141955746,0.0,0.0,0.0,0.0,44.74296027294822,-8.33560806787738,False,True,False,True,True,0.0
2024-07-02 17:00:00+00:00,41.7,42.14,41.675,42.07,21532.0,41.22854145698693,,,,41.86722704846004,"rgba(239, 83, 80, 1.0)",1.7096347879322416,41.77620445327264,0.17184696334045568,8,0.35364927917273226,2.829194233381858,0.0,0.0,0.0,0.0,48.58571505973369,-5.983058049666234,False,True,False,False,True,1.899753007514697
2024-07-03 17:00:00+00:00,43.06,43.06,43.06,43.06,0.0,41.22854145698693,,,,41.86722704846004,"rgba(38, 166, 154, 1.0)",1.7154584473792123,41.77620445327264,0.7483687807703401,9,0.33034010099887556,2.97306090898988,0.0,0.0,0.0,0.0,53.9680332708098,-1.0930508671178245,False,False,True,False,True,5.112947140948723
2024-07-04 17:00:00+00:00,43.06,43.06,43.06,43.06,0.0,41.22854145698693,,,,41.86722704846004,"rgba(38, 166, 154, 1.0)",1.7204056116127038,41.77620445327264,0.7462167863565238,8,0.32147381473188574,2.571790517855086,0.0,0.0,0.0,0.0,57.5562454115272,2.0237043667872143,True,False,True,False,True,5.112947140948723
2024-07-05 17:00:00+00:00,42.835,42.995,42.51,42.525,19055.0,41.3378048223558,,,,41.88695804956291,"rgba(38, 166, 154, 1.0)",1.7222960188587182,41.79295239742644,0.4250416853768559,8,0.32227599294621656,2.5782079435697325,0.0,0.0,0.0,0.0,57.42650267666291,2.0237043667872143,True,False,True,False,True,3.1793038701849667
2024-07-08 17:00:00+00:00,42.45,42.785,42.365,42.725,25155.0,41.45440287095354,,,,41.90842211047741,"rgba(38, 166, 154, 1.0)",1.7247459063414112,41.81139648352964,0.5297032525842177,8,0.32290274921491224,2.583221993719298,0.0,0.0,0.0,0.0,58.00892072574854,2.4899914345988066,True,False,True,False,True,3.8345328389622715
2024-07-09 17:00:00+00:00,42.96,43.1,42.855,43.025,18652.0,41.55126077684383,,,,41.928597971425,"rgba(38, 166, 154, 1.0)",1.7271277854829974,41.828782942458275,0.6926048365362827,8,0.3230110052568607,2.5840880420548857,0.0,0.0,0.0,0.0,59.39427730252571,4.026060280958319,True,False,True,False,True,4.814599120790195
2024-07-10 17:00:00+00:00,43.88,44.125,43.635,44.105,13886.0,41.65884983835043,,,,41.95407505509473,"rgba(38, 166, 154, 1.0)",1.7457394390885501,41.85064642379516,1.2913459624775574,8,0.3215458339843865,2.572366671875092,0.0,0.0,0.0,0.0,63.20379268220315,7.765808656063413,True,False,True,False,True,8.194283872329937
2024-07-11 17:00:00+00:00,44.62,44.985,44.54,44.96,33405.0,41.96694948842406,,,,42.033517169875616,"rgba(38, 166, 154, 1.0)",1.7808537354390013,41.919026591662515,1.7075930200342087,7,0.26372961244846777,1.8461072871392743,0.0,0.0,0.0,0.0,67.39002702713184,11.706288044618518,True,False,True,False,True,10.695698671525449
2024-07-12 17:00:00+00:00,45.845,46.135,45.7,46.01,34717.0,42.33226648183437,,,,42.13653134489244,"rgba(38, 166, 154, 1.0)",1.8413862653931135,42.00815701168684,2.173277309342162,7,0.25503203283647335,1.7852242298553134,0.0,0.0,0.0,0.0,71.71235059618238,15.66644564398544,True,False,True,False,True,13.577706959785623
2024-07-15 17:00:00+00:00,46.135,46.285,46.005,46.09,32613.0,42.63337256939206,,,,42.227897082269536,"rgba(38, 166, 154, 1.0)",1.8982125470752467,42.08787037134628,2.108367492786928,7,0.24748886313816426,1.7324220419671499,0.0,0.0,0.0,0.0,74.69858612401036,18.364107596520995,True,False,True,False,True,13.7909845414652
2024-07-16 17:00:00+00:00,47.045,47.43,46.905,47.415,38942.0,43.03295983768822,,,,42.357223512620294,"rgba(38, 166, 154, 1.0)",1.9863139114840282,42.20111405292529,2.624905316793192,7,0.23538894860787815,1.647722640255147,0.0,0.0,0.0,0.0,78.1682637687448,21.555509529694405,True,False,True,False,True,17.18386127354618
2024-07-17 17:00:00+00:00,46.67,46.84,46.44,46.73,18901.0,43.17959209741399,,,,42.408121131183734,"rgba(38, 166, 154, 1.0)",2.047696754893172,42.24612418640955,2.189716716049768,7,0.2277717948960051,1.5944025642720356,0.0,0.0,0.0,0.0,77.1402538627687,21.555509529694405,True,False,True,False,True,14.564840976781323
2024-07-18 17:00:00+00:00,46.44,46.66,45.87,46.225,38445.0,43.41242228539361,,,,42.49471544354982,"rgba(38, 166, 154, 1.0)",2.0828874838239106,42.323431855335315,1.8731535788490672,7,0.2222081498790041,1.5554570491530288,0.0,0.0,0.0,0.0,74.22775291914284,21.555509529694405,True,False,True,False,False,12.690657832017777
2024-07-19 17:00:00+00:00,46.21,46.25,45.99,46.055,9678.0,43.46270712913169,,,,42.514477254007396,"rgba(38, 166, 154, 1.0)",2.1127905674680623,42.34119382489711,1.7577729815186842,6,0.2372898326615479,1.4237389959692874,0.0,0.0,0.0,0.0,71.5427382041461,28.23373119556959,True,False,True,False,False,12.064838842965152
2024-07-22 17:00:00+00:00,46.69,46.975,46.69,46.885,34335.0,43.67367751727057,,,,42.59762403042237,"rgba(38, 166, 154, 1.0)",2.163569181607938,42.41570176126941,2.065706184356472,6,0.23050272023870313,1.3830163214322189,0.0,0.0,0.0,0.0,71.46521759403491,27.91250160538992,True,False,True,False,False,14.225659671585188
2024-07-23 17:00:00+00:00,47.39,47.445,46.995,47.05,29843.0,43.85288690076714,,,,42.67126737809144,"rgba(38, 166, 154, 1.0)",2.2201294662354463,42.48191380077774,2.05757649213499,6,0.22405401926773205,1.3443241156063923,0.0,0.0,0.0,0.0,71.72768985359887,27.78735598321225,True,False,True,False,False,14.646009789007582
2024-07-24 17:00:00+00:00,46.585,46.585,45.765,45.8,15108.0,43.908560394883814,,,,42.69712474965258,"rgba(38, 166, 154, 1.0)",2.2149848961313783,42.50556414475548,1.487340099247842,5,0.24513197773583822,1.2256598886791912,0.0,0.0,0.0,0.0,66.63467954423558,22.71318461528611,True,False,True,False,False,10.09612204509293
2024-07-25 17:00:00+00:00,46.935,46.96,46.26,46.325,17600.0,43.983293848745404,,,,42.73121700514084,"rgba(38, 166, 154, 1.0)",2.227920003173495,42.53662147974099,1.7004104792195285,5,0.2405389294759611,1.2026946473798055,0.0,0.0,0.0,0.0,64.59915825201725,20.650132171967357,True,False,True,False,False,11.477836229675074
2024-07-26 17:00:00+00:00,47.34,47.43,46.95,47.26,20768.0,44.089001529586895,,,,42.77850223552901,"rgba(38, 166, 154, 1.0)",2.2507669403605224,42.57950318837382,2.079511977760108,5,0.2342689802467178,1.171344901233589,0.0,0.0,0.0,0.0,65.32124102484721,20.650132171967357,True,False,True,False,False,13.843832538226138
2024-07-29 17:00:00+00:00,47.06,47.615,47.03,47.525,16410.0,44.17221051893178,,,,42.81640241621365,"rgba(38, 166, 154, 1.0)",2.268495965600555,42.613918840376606,2.1649062789156193,5,0.22787024969406447,1.1393512484703223,0.0,0.0,0.0,0.0,66.33402254603568,20.650132171967357,True,False,True,False,False,14.495587008699367
2024-07-30 17:00:00+00:00,47.635,47.91,47.5,47.835,18675.0,44.27193604946051,,,,42.8620814986944,"rgba(38, 166, 154, 1.0)",2.282521657535185,42.6553822963805,2.269252379937015,5,0.22138798141722388,1.1069399070861194,0.0,0.0,0.0,0.0,67.63546467926501,20.650132171967357,True,False,True,False,True,15.255616744162538
2024-07-31 17:00:00+00:00,48.63,49.445,48.5,48.76,17533.0,44.39005544625724,,,,43.6631902996166,"rgba(38, 166, 154, 1.0)",2.324497558807269,43.322896805445,2.3390444846691305,5,0.2134749545777294,1.067374772888647,0.0,0.0,0.0,0.0,70.1518671888399,20.650132171967357,True,False,True,False,True,17.456484198840922
2024-08-01 17:00:00+00:00,47.55,47.63,47.17,47.59,44067.0,44.575251707396674,,,,43.61620798340266,"rgba(38, 166, 154, 1.0)",2.314321938719004,43.297001074221384,1.854970500843469,5,0.20924283260522572,1.0462141630261286,0.0,0.0,0.0,0.0,67.03613381095478,20.650132171967357,True,False,True,False,False,13.26006281321602
2024-08-02 17:00:00+00:00,45.825,45.84,45.18,45.345,38183.0,44.61890744225619,,,,43.53313394826505,"rgba(239, 83, 80, 1.0)",2.26919599604541,43.236802860324744,0.9290502642122003,5,0.2084460988448896,1.042230494224448,0.0,0.0,0.0,0.0,59.03618779657271,14.8888253853778,False,False,True,False,False,6.056703748144798
2024-08-05 17:00:00+00:00,44.24,44.375,43.74,43.77,16923.0,44.60476362511154,,,,43.48185442483225,"rgba(239, 83, 80, 1.0)",2.224375219498089,43.19731361131296,0.25745943565054996,5,0.20878804222591132,1.0439402111295566,0.0,0.0,0.0,0.0,51.014382101030996,7.821515309234165,False,True,False,False,False,1.5822785489736404
2024-08-06 17:00:00+00:00,44.435,44.895,44.255,44.69,59776.0,44.60536902157706,,,,43.42806871356386,"rgba(239, 83, 80, 1.0)",2.198619894716114,43.16143706936573,0.6952374688811928,5,0.2085572705516714,1.042786352758357,0.0,0.0,0.0,0.0,48.04337713601875,5.486202708809778,False,True,False,True,False,3.9209599448386
2024-08-07 17:00:00+00:00,43.825,43.875,42.855,42.92,47140.0,44.53208641133653,,,,43.33640220542067,"rgba(239, 83, 80, 1.0)",2.1717339711487442,43.11289575573523,-0.08882107951426316,5,0.2086308724546672,1.043154362273336,0.0,0.0,0.0,0.0,43.37089888612171,1.3901023743270358,False,True,False,True,False,0.0
2024-08-08 17:00:00+00:00,43.91,44.585,43.83,44.395,48935.0,44.51847496097935,,,,43.388115427066936,"rgba(239, 83, 80, 1.0)",2.137725201244559,43.15961219025184,0.5778983234276008,6,0.2023387859749356,1.2140327158496136,0.0,0.0,0.0,0.0,43.607699263898425,1.3901023743270358,False,True,False,True,False,2.8851747708636353
2024-08-09 17:00:00+00:00,44.67,45.035,44.645,44.935,40608.0,44.533067723192424,,,,43.44028710445784,"rgba(239, 83, 80, 1.0)",2.1202929574059524,43.206890392488894,0.8150334138850999,7,0.2325208433792267,1.627645903654587,0.0,0.0,0.0,0.0,44.86653127702983,1.3901023743270358,False,True,False,True,False,4.146727464257989
2024-08-12 17:00:00+00:00,44.355,44.53,44.085,44.095,31235.0,44.523938171154974,,,,43.44218772333185,"rgba(239, 83, 80, 1.0)",2.098476631075797,43.21110561687448,0.42120763702400066,7,0.23258534333130917,1.6280974033191642,0.0,0.0,0.0,0.0,44.22606981981947,1.3901023743270358,False,True,False,True,False,2.0083799915506226
2024-08-13 17:00:00+00:00,44.98,45.635,44.91,45.525,65089.0,44.574163404894634,,,,43.52572852062794,"rgba(239, 83, 80, 1.0)",2.066008256788238,43.28783287146337,1.0828452021844615,7,0.2318655863967512,1.6230591047772585,0.0,0.0,0.0,0.0,46.692234418693076,1.3901023743270358,False,True,False,True,True,5.280507421626652
2024-08-14 17:00:00+00:00,45.89,46.38,45.77,46.32,66392.0,44.66587885982984,,,,43.638705834406124,"rgba(239, 83, 80, 1.0)",2.0600487989497025,43.39068434552818,1.421964205879641,7,0.2299305414232901,1.6095137899630307,0.0,0.0,0.0,0.0,49.737266170438176,1.3901023743270358,False,True,False,False,True,7.009567272955433
2024-08-15 17:00:00+00:00,46.91,47.01,46.405,46.495,27061.0,44.71135944464011,,,,43.689045855274095,"rgba(239, 83, 80, 1.0)",2.065886658237751,43.436545397893525,1.4804561469579387,7,0.2277596790586482,1.5943177534105373,0.0,0.0,0.0,0.0,52.07740148180243,-4.902913517103627,False,True,True,False,True,7.386215474935611
2024-08-16 17:00:00+00:00,46.31,46.56,46.165,46.54,22127.0,44.7430347166655,,,,43.72321744766813,"rgba(239, 83, 80, 1.0)",2.0821281732232015,43.46809698439129,1.4753669131008906,7,0.2256701974379159,1.5796913820654113,0.0,0.0,0.0,0.0,53.724781979407354,-3.039308782997246,False,True,True,False,True,7.484354312174705
2024-08-19 17:00:00+00:00,46.9,46.98,46.73,46.95,19184.0,44.77691094311708,,,,43.75846511965584,"rgba(38, 166, 154, 1.0)",2.109914792694835,43.50037384202609,1.6349599376797403,7,0.2235357445977341,1.5647502121841386,0.0,0.0,0.0,0.0,55.66036716594836,-0.8883349732532295,False,False,True,False,True,8.38330120868962
2024-08-20 17:00:00+00:00,46.645,46.8,46.555,46.68,20117.0,44.80790721168014,,,,43.79025201375411,"rgba(38, 166, 154, 1.0)",2.1318517349524746,43.52979183165334,1.477686330947816,7,0.2225300626644962,1.5577104386514735,0.0,0.0,0.0,0.0,56.12719385403893,-0.06839414955371836,False,False,True,False,True,7.643876221745064
2024-08-21 17:00:00+00:00,46.88,47.075,46.85,47.0,19065.0,44.8408775751182,,,,43.82329792190055,"rgba(38, 166, 154, 1.0)",2.1587337129074764,43.56025480591879,1.593408753249336,7,0.22102356751467636,1.5471649726027346,0.0,0.0,0.0,0.0,57.18891268466561,1.3609693649437204,False,False,True,False,True,8.3585691564193
2024-08-22 17:00:00+00:00,47.19,47.255,46.885,47.14,19914.0,44.87611278123236,,,,43.85801705083931,"rgba(38, 166, 154, 1.0)",2.1871008166022063,43.59230095862076,1.6221012833284956,7,0.22011859647099286,1.54083017529695,0.0,0.0,0.0,0.0,58.23793782724451,2.773502323730888,False,False,True,False,True,8.672754805412492
2024-08-23 17:00:00+00:00,49.005,49.205,48.935,49.14,53025.0,45.04474715691354,,,,44.01666625027885,"rgba(38, 166, 154, 1.0)",2.2621382932211973,43.7357155286823,2.3890159534067257,7,0.2160402628396387,1.512281839877471,0.0,0.0,0.0,0.0,62.74394498558734,7.280131188753273,False,False,True,False,True,12.937997056958963
2024-08-26 17:00:00+00:00,49.63,49.655,49.335,49.41,30257.0,45.143392760504604,,,,44.10668256203209,"rgba(38, 166, 154, 1.0)",2.340399884981555,43.817426541208796,2.38958029979363,7,0.2117030360470649,1.4819212523294543,0.0,0.0,0.0,0.0,66.14238263423559,10.557675516684974,True,False,True,False,True,13.482944943184126
2024-08-27 17:00:00+00:00,49.795,50.17,49.755,49.82,33344.0,45.257884908761454,,,,44.20924177672179,"rgba(38, 166, 154, 1.0)",2.4261606714320587,43.91067051213153,2.4356711232898047,7,0.20670991326414365,1.4469693928490055,0.0,0.0,0.0,0.0,69.01048052516066,13.284980177960975,True,False,True,False,True,14.30869699834826
2024-08-28 17:00:00+00:00,49.66,49.7,49.26,49.47,12969.0,45.29689281082657,,,,44.24378525331994,"rgba(38, 166, 154, 1.0)",2.4968054689041357,43.94231335790816,2.213903610407412,7,0.20464028302539208,1.4324819811777445,0.0,0.0,0.0,0.0,69.42069788246965,13.793088146451652,True,False,True,False,True,13.276512327634006
2024-08-29 17:00:00+00:00,50.26,50.34,49.635,49.69,9485.0,45.32773309595772,,,,44.270973428299236,"rgba(38, 166, 154, 1.0)",2.5702280860683286,43.96716583699913,2.2265861127348714,7,0.201943524855069,1.413604673985483,0.0,0.0,0.0,0.0,70.09971226497181,14.691955471300588,True,False,True,False,True,13.730699780763409
2024-08-30 17:00:00+00:00,49.675,50.45,49.64,50.29,30322.0,45.42861373746617,,,,44.93597010027975,"rgba(38, 166, 154, 1.0)",2.656556326057018,44.5544737725242,2.159007949960817,7,0.19914953931920293,1.3940467752344206,0.0,0.0,0.0,0.0,71.61277100387244,16.41072449115994,True,False,True,False,True,14.960193883301248
2024-09-02 17:00:00+00:00,50.29,50.29,50.29,50.29,0.0,45.42861373746617,,,,44.93597010027975,"rgba(38, 166, 154, 1.0)",2.7379049463952434,44.5544737725242,2.0948595147641123,7,0.19711954520446212,1.379836816431235,0.0,0.0,0.0,0.0,72.62147682980618,17.658296174822397,True,False,True,False,True,14.960193883301248
2024-09-03 17:00:00+00:00,48.2,48.305,47.575,47.87,26339.0,45.47323125465384,,,,44.86805985936563,"rgba(239, 83, 80, 1.0)",2.763432097040743,44.5026142907324,1.2185520002006212,7,0.19875098904695251,1.3912569233286676,0.0,0.0,0.0,0.0,64.27194656104308,19.71867886775746,False,False,True,False,False,7.968109090962287
2024-09-04 17:00:00+00:00,48.21,48.22,47.525,47.535,25770.0,45.51266149405714,,,,44.856971723733174,"rgba(239, 83, 80, 1.0)",2.7828858538710706,44.49781800822499,1.091378572912074,7,0.20057122096867533,1.4039985467807272,0.0,0.0,0.0,0.0,57.857934871664625,14.037672112155846,False,True,True,False,False,7.067100855653912
2024-09-05 17:00:00+00:00,47.675,47.71,47.065,47.105,38483.0,45.55736117507337,,,,44.847985575260296,"rgba(239, 83, 80, 1.0)",2.7958537512177277,44.49627422559968,0.9330694687674901,7,0.20362970663450244,1.425407946441517,0.0,0.0,0.0,0.0,52.50633801638034,9.443168610397521,False,True,False,False,False,5.916166796895958
2024-09-06 17:00:00+00:00,46.105,46.38,46.01,46.14,28287.0,45.56858143604715,,,,44.941907291545114,"rgba(239, 83, 80, 1.0)",2.8004658750138622,44.605803640981726,0.5478361199493924,7,0.20700462968095087,1.449032407766656,0.0,0.0,0.0,0.0,46.8038595316645,4.518004496649191,False,True,False,True,False,3.3983672529830393
2024-09-09 17:00:00+00:00,47.63,47.64,47.135,47.185,31641.0,45.60337012042646,,,,45.01372704625971,"rgba(239, 83, 80, 1.0)",2.814354985068874,44.6710041585623,0.8932760276423273,7,0.20912911488594155,1.4639038042015908,0.0,0.0,0.0,0.0,46.38909357537935,4.333630534812379,False,True,False,True,False,5.778439480646131
2024-09-10 17:00:00+00:00,46.46,47.2,46.435,47.17,31722.0,45.62937042266582,,,,45.02693383436541,"rgba(239, 83, 80, 1.0)",2.8237069383832862,44.686191593504105,0.8796268383000118,6,0.22655386451706508,1.3593231871023905,0.0,0.0,0.0,0.0,46.07410904686457,3.879813857218693,False,True,False,True,False,5.739129740958287
2024-09-11 17:00:00+00:00,47.435,48.105,47.425,48.095,18614.0,45.654807351449065,,,,45.06313859365227,"rgba(239, 83, 80, 1.0)",2.827519923699735,44.71968971331155,1.1937352795986462,6,0.22698036502186122,1.3618821901311673,0.0,0.0,0.0,0.0,48.58252130879539,3.879813857218693,False,True,False,False,False,7.796998974748075
2024-09-12 17:00:00+00:00,48.84,48.98,48.62,48.965,37163.0,45.72557936499907,,,,45.171028995023846,"rgba(38, 166, 154, 1.0)",2.8528746873955084,44.81773549876907,1.4537142201002604,6,0.22694166317808243,1.3616499790684946,0.0,0.0,0.0,0.0,52.367089229320925,3.879813857218693,False,True,True,False,True,9.6601973330833
2024-09-13 17:00:00+00:00,49.32,49.455,49.18,49.345,23122.0,45.77445571977921,,,,45.23937026707008,"rgba(38, 166, 154, 1.0)",2.8897260149435406,44.880043179241525,1.5451142418585693,6,0.22559149441442172,1.3535489664865303,0.0,0.0,0.0,0.0,55.72996340802127,-1.9173064672774984,False,True,True,False,True,10.45773807003405
2024-09-16 17:00:00+00:00,49.91,50.46,49.805,50.415,44228.0,45.88711878101162,,,,45.39267002771703,"rgba(38, 166, 154, 1.0)",2.9473302119678433,45.0194030916689,1.8306726835092644,6,0.22270456818779358,1.3362274091267614,0.0,0.0,0.0,0.0,60.050810122048226,2.267285741931957,False,False,True,False,True,12.644609084617642
2024-09-17 17:00:00+00:00,50.24,50.52,50.05,50.325,54705.0,46.02099670421443,,,,45.55076475712596,"rgba(38, 166, 154, 1.0)",2.9904178682965123,45.16499408850892,1.7255133358437542,6,0.22152393257981548,1.3291435954788928,0.0,0.0,0.0,0.0,62.577015913795144,4.765009046625636,True,False,True,False,True,12.390467516302778
2024-09-18 17:00:00+00:00,50.26,50.99,49.905,49.985,155898.0,46.36109477182587,,,,45.89077855715511,"rgba(38, 166, 154, 1.0)",3.0277180298813327,45.48503436973699,1.486256509308888,5,0.21423086828797694,1.0711543414398847,0.0,0.0,0.0,0.0,62.8699392563123,5.322891537863789,True,False,True,False,True,11.424422607663136
2024-09-19 17:00:00+00:00,51.715,52.3,51.62,52.245,37293.0,46.467495202590236,,,,46.00282280801832,"rgba(38, 166, 154, 1.0)",3.1079792948630343,45.58916809634548,2.1415303231445213,5,0.20864018539275397,1.0432009269637699,0.0,0.0,0.0,0.0,66.91169956195122,9.431931576858197,True,False,True,False,True,15.858744725034573
2024-09-20 17:00:00+00:00,52.445,52.445,51.92,52.205,28439.0,46.547896161189584,,,,46.08553253108242,"rgba(38, 166, 154, 1.0)",3.166641237925407,45.666288435194744,2.064872864817811,5,0.2030772820329167,1.0153864101645835,0.0,0.0,0.0,0.0,69.4500138998186,12.058664229690066,True,False,True,False,True,15.744435204487939
2024-09-23 17:00:00+00:00,52.41,52.64,52.34,52.55,14966.0,46.59165509701992,,,,46.13047350443176,"rgba(38, 166, 154, 1.0)",3.2299135346695373,45.70817548336447,2.118268629545693,5,0.19709286682531255,0.9854643341265628,0.0,0.0,0.0,0.0,71.62758145762507,14.370716740098302,True,False,True,False,True,16.393361704303615
2024-09-24 17:00:00+00:00,52.81,53.09,52.76,52.8,45171.0,46.728010397080475,,,,46.26963983683661,"rgba(38, 166, 154, 1.0)",3.2825355943124133,45.8379264942545,2.1209437965603617,5,0.19137592786638163,0.9568796393319081,0.0,0.0,0.0,0.0,73.43573877173337,16.374403281161975,True,False,True,False,True,16.86412803688229
2024-09-25 17:00:00+00:00,52.19,52.36,52.11,52.24,22270.0,46.78624699210695,,,,46.32581424062086,"rgba(38, 166, 154, 1.0)",3.3270528689506587,45.890898726288476,1.9083259340312229,5,0.18695052143100388,0.9347526071550194,0.0,0.0,0.0,0.0,72.05015306447115,16.374403281161975,True,False,True,False,True,15.207881393038573
2024-09-26 17:00:00+00:00,53.81,53.815,53.315,53.435,33874.0,46.89284109000668,,,,47.02381658986272,"rgba(38, 166, 154, 1.0)",3.3796285538742534,46.52897710185813,2.043426603857136,4,0.20174984761470616,0.8069993904588246,0.0,0.0,0.0,0.0,73.12293322325183,16.667226823062137,True,False,True,False,True,17.46655379503743
2024-09-27 17:00:00+00:00,53.575,53.65,53.255,53.445,27070.0,46.97473429420118,,,,47.0951626606159,"rgba(38, 166, 154, 1.0)",3.42228521065429,46.59697769509618,2.001008648719427,4,0.1961838652637552,0.7847354610550208,0.0,0.0,0.0,0.0,73.85322334853106,17.79813733501055,True,False,True,False,True,17.485106004801874
2024-09-30 17:00:00+00:00,53.195,53.24,52.645,53.155,23728.0,47.04012450409886,,,,47.14128724201361,"rgba(38, 166, 154, 1.0)",3.4511933789254337,46.64219609162509,1.8871164821261754,4,0.19163460542398061,0.7665384216959225,0.0,0.0,0.0,0.0,72.9241734703561,17.79813733501055,True,False,True,False,True,16.610938792407605
2024-10-01 17:00:00+00:00,53.055,53.36,52.76,53.085,36584.0,47.13911736197986,,,,47.219819647620916,"rgba(38, 166, 154, 1.0)",3.4767942713662854,46.71822892018725,1.8312188133325422,4,0.18743186073990786,0.7497274429596315,0.0,0.0,0.0,0.0,71.94747244924206,17.79813733501055,True,False,True,False,True,16.39815716787425
2024-10-02 17:00:00+00:00,52.705,53.03,52.62,52.955,32974.0,47.222679636725694,,,,47.28345945223415,"rgba(38, 166, 154, 1.0)",3.4920559743406088,46.78037385036778,1.7681922039632105,4,0.18369998658337078,0.7347999463334831,0.0,0.0,0.0,0.0,70.58349254893838,17.79813733501055,True,False,True,False,False,15.99762621243553
2024-10-03 17:00:00+00:00,52.59,52.775,52.405,52.56,37618.0,47.310363522014754,,,,47.34598124579359,"rgba(38, 166, 154, 1.0)",3.4790383586417826,46.84225196502289,1.6434851949172884,4,0.18068094692000958,0.7227237876800383,0.0,0.0,0.0,0.0,67.53530321006832,22.3753476019414,True,False,True,False,False,14.777807447992888
2024-10-04 17:00:00+00:00,52.985,53.185,52.655,53.095,18607.0,47.355881043097746,,,,47.3834330504053,"rgba(38, 166, 154, 1.0)",3.463895494959397,46.878597484671324,1.7946276163281139,4,0.1774389788116552,0.7097559152466208,0.0,0.0,0.0,0.0,67.12199381714649,21.746376992296334,True,False,True,False,False,15.873225874993931
2024-10-07 17:00:00+00:00,52.76,52.98,52.205,52.535,20130.0,47.40081970477129,,,,47.41656064914071,"rgba(38, 166, 154, 1.0)",3.450543957639665,46.911350486541245,1.6297863706409912,4,0.1748670942372592,0.6994683769490369,0.0,0.0,0.0,0.0,63.99240661245121,18.60675000236172,True,False,True,False,False,14.141373107236173
2024-10-08 17:00:00+00:00,52.35,52.59,52.075,52.43,28945.0,47.461548312934525,,,,47.8365874762836,"rgba(38, 166, 154, 1.0)",3.4264548195811115,47.31471415456418,1.492879992522759,4,0.17260367780237834,0.6904147112095134,0.0,0.0,0.0,0.0,61.395645882936485,16.078666147648875,False,False,True,False,False,13.817519410535738
2024-10-09 17:00:00+00:00,52.88,53.01,52.58,52.885,74323.0,47.62489399389332,,,,47.983069528399014,"rgba(38, 166, 154, 1.0)",3.3919101251798063,47.456719933644635,1.6003608191321426,4,0.1702065924292562,0.6808263697170248,0.0,0.0,0.0,0.0,61.33587827802234,15.881507692510851,False,False,True,False,False,14.784842134999295
2024-10-10 17:00:00+00:00,53.04,53.19,52.785,53.05,28233.0,47.68646289145072,,,,48.03519864485899,"rgba(38, 166, 154, 1.0)",3.371795609260831,47.5076348286481,1.6437429232452496,4,0.16790341143440934,0.6716136457376374,0.0,0.0,0.0,0.0,61.87290322020009,15.881507692510851,False,False,True,False,False,15.135080072803518
2024-10-11 17:00:00+00:00,54.165,54.17,53.56,53.56,27622.0,47.75370590901254,,,,48.1051542662659,"rgba(38, 166, 154, 1.0)",3.3542556000744206,47.57429252472442,1.7845114353070701,4,0.16527620317570957,0.6611048127028383,0.0,0.0,0.0,0.0,63.88992783379946,15.881507692510851,True,False,True,False,True,16.213517590842176
2024-10-14 17:00:00+00:00,53.96,54.0,53.835,53.885,25120.0,47.81500688250443,,,,48.16706754015603,"rgba(38, 166, 154, 1.0)",3.3194211980539716,47.63346614205617,1.8833204600876867,4,0.16261031419346184,0.6504412567738473,0.0,0.0,0.0,0.0,66.17377754762096,11.964606109570902,True,False,True,False,True,16.89417621909196
2024-10-15 17:00:00+00:00,53.66,53.7,53.335,53.475,46620.0,47.9182743728004,,,,48.255815833179426,"rgba(38, 166, 154, 1.0)",3.29767632495127,47.720075539601766,1.7451453366889418,4,0.16072854459035485,0.6429141783614194,0.0,0.0,0.0,0.0,65.08257622317855,11.964606109570902,True,False,True,False,True,15.54462621695745
2024-10-16 17:00:00+00:00,54.645,54.99,54.45,54.77,58482.0,48.07009528311308,,,,48.41346066058513,"rgba(38, 166, 154, 1.0)",3.3226116979712597,47.87024187385416,2.076606824191565,3,0.17825486279775135,0.534764588393254,0.0,0.0,0.0,0.0,67.84957625404715,13.637772787098882,True,False,True,False,True,18.231623938240674
2024-10-17 17:00:00+00:00,55.345,55.48,55.145,55.34,32722.0,48.159327587354504,,,,48.50748917546993,"rgba(38, 166, 154, 1.0)",3.354753630137223,47.95961595257075,2.1999779599694076,2,0.2134384598519608,0.4268769197039216,0.0,0.0,0.0,0.0,70.78327601163326,16.402609762442793,True,False,True,False,True,19.360989635647616
2024-10-18 17:00:00+00:00,56.485,56.665,56.36,56.515,42315.0,48.29018033816668,,,,49.2159554681653,"rgba(38, 166, 154, 1.0)",3.39906709114281,48.62423567283095,2.3214500083657,2,0.2088031877751083,0.4176063755502166,0.0,0.0,0.0,0.0,74.46369275948061,19.782139304838026,True,False,True,False,True,20.0
2024-10-21 17:00:00+00:00,55.8,55.82,55.275,55.45,84236.0,48.508646180338175,,,,49.36379810736816,"rgba(38, 166, 154, 1.0)",3.408208251631117,48.772318962213376,1.9592937240823796,2,0.20565527046425047,0.41131054092850095,0.0,0.0,0.0,0.0,71.89046588634291,19.782139304838026,True,False,True,False,False,18.13589658614465
2024-10-22 17:00:00+00:00,54.455,54.52,54.325,54.375,51935.0,48.61659133338665,,,,49.41321551947051,"rgba(38, 166, 154, 1.0)",3.3916490541189916,48.82569930949046,1.6361659481750288,2,0.20404344683125109,0.40808689366250217,0.0,0.0,0.0,0.0,66.3245853663474,21.795670111791722,True,False,True,False,False,14.822131293315309
2024-10-23 17:00:00+00:00,54.25,54.27,53.555,54.045,28040.0,48.6688419945105,,,,49.433889498138605,"rgba(239, 83, 80, 1.0)",3.3863379021278024,48.84894289456476,1.5344177857060002,2,0.20261389535154567,0.40522779070309134,0.0,0.0,0.0,0.0,61.57641572464467,17.640691919759433,False,True,True,False,False,13.832088610116951
2024-10-24 17:00:00+00:00,54.48,54.53,54.25,54.26,36204.0,48.73967776941933,,,,49.475737257204926,"rgba(239, 83, 80, 1.0)",3.396444652762535,48.892425760529235,1.5803508633962247,2,0.20157472516701158,0.40314945033402316,0.0,0.0,0.0,0.0,59.045046232623804,15.499530856925162,False,True,True,False,False,14.277049533154571
2024-10-25 17:00:00+00:00,53.565,53.61,53.225,53.495,22336.0,48.77560511055962,,,,49.48689851563414,"rgba(239, 83, 80, 1.0)",3.4054661638008867,48.90599093505577,1.3475421114806714,1,0.22716035889639705,0.22716035889639705,0.0,0.0,0.0,0.0,54.890251574887394,11.751769674669745,False,True,True,False,False,11.979772412027934
2024-10-28 17:00:00+00:00,54.505,54.74,54.45,54.7,37438.0,48.84960891171513,,,,49.539937766624135,"rgba(239, 83, 80, 1.0)",3.433996034617061,48.95957904926667,1.671644606710639,1,0.2264373744306244,0.2264373744306244,0.0,0.0,0.0,0.0,55.60112453447431,11.751769674669745,False,True,True,False,False,14.482724089516129
2024-10-29 17:00:00+00:00,53.505,53.795,53.38,53.69,46071.0,48.92270413476038,,,,49.57322002208758,"rgba(239, 83, 80, 1.0)",3.4560701957856885,48.99651628371656,1.3580406213990226,1,0.2270481713197795,0.2270481713197795,0.0,0.0,0.0,0.0,53.11676736413571,10.043665251001016,False,True,True,False,False,11.542959910302386
2024-10-30 17:00:00+00:00,54.065,54.265,53.96,54.075,19415.0,48.955908998564,,,,49.59382891851133,"rgba(239, 83, 80, 1.0)",3.474859142909679,49.01798921014253,1.4553138938526802,1,0.22698409329529817,0.22698409329529817,0.0,0.0,0.0,0.0,52.5419294888072,9.254516393847673,False,True,False,False,False,12.343626727831651
2024-10-31 17:00:00+00:00,52.98,53.345,52.85,53.025,55431.0,49.02994776835503,,,,49.848789063468395,"rgba(239, 83, 80, 1.0)",3.46914766513656,49.561276494641334,0.9984364575101817,1,0.2284680585236689,0.2284680585236689,0.0,0.0,0.0,0.0,49.399801607644946,6.020938796232137,False,True,False,False,False,9.380721582844544
2024-11-01 17:00:00+00:00,53.53,53.645,53.125,53.17,29688.0,49.07080664087225,,,,49.87183571844079,"rgba(239, 83, 80, 1.0)",3.4602377476511914,49.58525884144024,1.0359811723899839,1,0.2301240232325615,0.2301240232325615,0.0,0.0,0.0,0.0,47.76788991221482,4.228844964271438,False,True,False,True,False,9.692897624488726
2024-11-04 17:00:00+00:00,53.8,54.135,53.645,53.87,48694.0,49.14494187380601,,,,49.93310427465321,"rgba(239, 83, 80, 1.0)",3.469770454800854,49.64682058870102,1.217135100523924,1,0.23145078081048726,0.23145078081048726,0.0,0.0,0.0,0.0,48.84524157272501,4.228844964271438,False,True,False,False,False,11.188348212613963
2024-11-05 17:00:00+00:00,55.02,55.795,54.86,55.74,85270.0,49.31095148497791,,,,50.12442581153323,"rgba(239, 83, 80, 1.0)",3.51225364626127,49.83456378088938,1.6813809063581864,1,0.23127788056010665,0.23127788056010665,0.0,0.0,0.0,0.0,53.81399221257094,4.228844964271438,False,True,True,False,True,14.937496142825658
2024-11-06 17:00:00+00:00,56.23,57.065,56.14,56.985,86076.0,49.50258908399357,,,,50.347919743244894,"rgba(38, 166, 154, 1.0)",3.560463013973573,50.05336955688213,1.9468339976889637,1,0.23018823329299182,0.23018823329299182,0.0,0.0,0.0,0.0,59.09745466251785,2.47127422705384,False,True,True,False,True,17.242862342963374
2024-11-07 17:00:00+00:00,57.21,57.775,57.145,57.535,63314.0,49.65142582267853,,,,50.51715013173254,"rgba(38, 166, 154, 1.0)",3.624395714777458,50.21914821263965,2.0185024934037994,1,0.22935825979497096,0.22935825979497096,0.0,0.0,0.0,0.0,63.3780496543681,6.376415409481716,False,False,True,False,True,18.22519682343988
2024-11-08 17:00:00+00:00,57.13,57.41,57.02,57.13,139637.0,49.94905275932338,,,,50.814177025339696,"rgba(38, 166, 154, 1.0)",3.68427542841633,50.5124633105944,1.7961568883708903,1,0.22953394928718623,0.22953394928718623,0.0,0.0,0.0,0.0,64.82923474361634,7.722256921570263,True,False,True,False,True,17.048842064578714
2024-11-11 17:00:00+00:00,59.175,59.22,58.51,58.775,53724.0,50.08206651477734,,,,51.451383228576105,"rgba(38, 166, 154, 1.0)",3.7842142281224276,51.46721719253878,1.9311229140129942,1,0.22746345186627598,0.22746345186627598,0.0,0.0,0.0,0.0,68.06512276109443,10.851415360800189,True,False,True,False,True,19.928977737864912
2024-11-12 17:00:00+00:00,57.65,58.11,57.575,57.915,36512.0,50.160463714398624,,,,51.498570706310105,"rgba(38, 166, 154, 1.0)",3.8568621505893286,51.51448029052887,1.6595147712222815,1,0.22676668525326377,0.22676668525326377,0.0,0.0,0.0,0.0,67.48065778272583,10.851415360800189,True,False,True,False,True,17.47714018547625
2024-11-13 17:00:00+00:00,57.92,58.145,57.45,57.62,39299.0,50.24172338010586,,,,51.557239169429636,"rgba(38, 166, 154, 1.0)",3.9253665083944855,51.573225597696975,1.5404356228576002,1,0.22715469073968406,0.22715469073968406,0.0,0.0,0.0,0.0,66.18818109400934,10.851415360800189,True,False,True,False,True,16.6485950174152
2024-11-14 17:00:00+00:00,57.87,58.45,57.655,57.82,36034.0,50.31701959210222,,,,51.62107536469276,"rgba(38, 166, 154, 1.0)",3.9818048479108983,51.637132919947526,1.5527800372477798,1,0.22697237078050503,0.22697237078050503,0.0,0.0,0.0,0.0,65.6930667383737,10.851415360800189,True,False,True,False,True,17.008039229612223
2024-11-15 17:00:00+00:00,56.82,57.04,56.57,56.78,175284.0,50.610037052697855,,,,51.79833933688101,"rgba(38, 166, 154, 1.0)",3.975090527610986,51.81464110020078,1.2491184453057933,1,0.22805217657015175,0.22805217657015175,0.0,0.0,0.0,0.0,62.12367077515954,10.851415360800189,False,False,True,False,False,14.095880326262566
2024-11-18 17:00:00+00:00,56.66,56.69,56.05,56.08,325901.0,51.049269151043106,,,,52.06177090749437,"rgba(38, 166, 154, 1.0)",3.9131464748119527,52.65981514916857,0.8740242341671567,1,0.23060468226756026,0.23060468226756026,0.0,0.0,0.0,0.0,57.87247929818716,14.215629284358002,False,True,True,False,False,12.200284174242409
2024-11-19 17:00:00+00:00,56.795,56.905,56.65,56.775,55987.0,51.12457616003064,,,,52.1168660397853,"rgba(38, 166, 154, 1.0)",3.8786137267638954,52.71496047184749,1.0467759395932383,1,0.23176292189930234,0.23176292189930234,0.0,0.0,0.0,0.0,56.76620416183456,13.017918610196325,False,True,True,False,False,13.525372386694844
2024-11-20 17:00:00+00:00,56.425,56.44,56.13,56.38,73752.0,51.212975508254544,,,,52.174404855516045,"rgba(38, 166, 154, 1.0)",3.779975004684013,52.76655370222379,0.9559444952145338,1,0.23256412262368822,0.23256412262368822,0.0,0.0,0.0,0.0,54.91143709348014,11.040040926545068,False,True,True,False,False,12.455187282861253
2024-11-21 17:00:00+00:00,57.175,57.78,57.03,57.575,81729.0,51.32868810460595,,,,52.27001479588094,"rgba(38, 166, 154, 1.0)",3.736412328703827,52.86593894378033,1.2603162183262742,1,0.23260802023569938,0.23260802023569938,0.0,0.0,0.0,0.0,56.488041863412334,11.040040926545068,False,True,True,False,False,14.705353632097761
2024-11-22 17:00:00+00:00,58.135,58.98,58.09,58.285,81069.0,51.45716556749188,,,,52.38784211687465,"rgba(38, 166, 154, 1.0)",3.713598139829349,52.992352727677336,1.4252073253585467,1,0.23278212303390677,0.23278212303390677,0.0,0.0,0.0,0.0,58.9330958896395,11.040040926545068,False,True,True,False,True,15.99240421892247
2024-11-25 17:00:00+00:00,59.26,59.99,59.23,59.71,93679.0,51.624303329676884,,,,52.552880621548624,"rgba(38, 166, 154, 1.0)",3.692418958591457,53.17192279413621,1.7706758846124726,1,0.2315942383865352,0.2315942383865352,0.0,0.0,0.0,0.0,62.84955467616902,6.894718101522713,False,False,True,False,True,18.463972396658107
2024-11-26 17:00:00+00:00,59.515,60.235,59.42,60.115,161502.0,51.906487804835244,,,,52.82773679760476,"rgba(38, 166, 154, 1.0)",3.710766679724178,53.46330043547415,1.7925405013662221,1,0.23003874383363748,0.23003874383363748,0.0,0.0,0.0,0.0,66.01910703346576,9.926045873613397,True,False,True,False,True,19.14248878149401
2024-11-27 17:00:00+00:00,60.74,61.62,60.735,61.565,133471.0,52.16341810123449,,,,53.08818589164832,"rgba(38, 166, 154, 1.0)",3.7805114852477213,53.7401646851095,2.069782183025896,1,0.22624833698175156,0.22624833698175156,0.0,0.0,0.0,0.0,69.85641665059913,13.534883240895653,True,False,True,False,True,20.0
2024-11-28 17:00:00+00:00,61.565,61.565,61.565,61.565,0.0,52.16341810123449,,,,53.08818589164832,"rgba(38, 166, 154, 1.0)",3.842144055855504,53.7401646851095,2.0365804095672297,1,0.22234289689405973,0.22234289689405973,0.0,0.0,0.0,0.0,72.41462306202138,15.943908107659098,True,False,True,False,True,20.0
2024-11-29 17:00:00+00:00,61.165,61.545,61.085,61.38,8240.0,52.17887101732345,,,,53.10363403371301,"rgba(38, 166, 154, 1.0)",3.8880140638068927,53.756393682687474,1.9607970012968485,1,0.21846590531868576,0.21846590531868576,0.0,0.0,0.0,0.0,73.36204826311834,16.95994319823923,True,False,True,False,True,20.0
2024-12-02 17:00:00+00:00,60.84,61.9,60.84,61.535,45328.0,52.26376572542342,,,,53.67289657117102,"rgba(38, 166, 154, 1.0)",3.936899103298099,54.64169968020237,1.7509466559665778,1,0.2148231659810724,0.2148231659810724,1.0,0.0,61.9,272.0,74.21555742040228,18.028095971659155,True,False,True,False,True,20.0
2024-12-03 17:00:00+00:00,60.9,61.555,60.875,60.995,41517.0,52.33780350108666,,,,53.7330454453118,"rgba(38, 166, 154, 1.0)",3.9551715581064086,54.703895509238585,1.590602177007301,1,0.21144931118063956,0.21144931118063956,0.0,0.0,0.0,0.0,72.37056626983963,18.028095971659155,True,False,True,False,True,19.620220342023227
2024-12-04 17:00:00+00:00,60.575,60.81,60.255,60.7,74288.0,52.45911020821122,,,,53.82146169653382,"rgba(38, 166, 154, 1.0)",3.964450574841384,54.79226973589916,1.4901762936815544,1,0.20893164156657318,0.20893164156657318,0.0,0.0,0.0,0.0,69.87280564438187,18.028095971659155,True,False,True,False,False,18.757413385815912
2024-12-05 17:00:00+00:00,60.625,60.68,59.98,59.995,31209.0,52.506743226252375,,,,53.855268926286335,"rgba(38, 166, 154, 1.0)",3.952994476764817,54.82519470350627,1.3078200151508343,1,0.207440842878258,0.207440842878258,0.0,0.0,0.0,0.0,65.40515754684355,21.410816700881114,True,False,True,False,False,16.717908037097875
2024-12-06 17:00:00+00:00,60.02,60.05,59.53,59.765,54343.0,52.58368537822511,,,,53.90535195158477,"rgba(38, 166, 154, 1.0)",3.969935128931925,54.87216863412321,1.2324713646374266,1,0.2063918064366855,0.2063918064366855,0.0,0.0,0.0,0.0,61.572097422804006,17.808205254924772,False,False,True,False,False,16.058502818364357
2024-12-09 17:00:00+00:00,60.11,60.16,59.015,59.13,51766.0,52.65202259235371,,,,53.94826014144241,"rgba(38, 166, 154, 1.0)",3.9748707758472466,54.9111064509504,1.0613913726919446,1,0.20550236265100427,0.20550236265100427,0.0,0.0,0.0,0.0,56.795959129198835,13.407723631368533,False,True,True,False,False,14.250787207778611
2024-12-10 17:00:00+00:00,59.12,59.655,58.97,59.18,37620.0,52.69963681946169,,,,53.97833663415549,"rgba(38, 166, 154, 1.0)",3.9828838470056516,54.93800831660179,1.0650553333578527,1,0.20464740203232593,0.20464740203232593,0.0,0.0,0.0,0.0,53.80230778038272,10.689387106178565,False,True,True,False,False,14.347532152913288
2024-12-11 17:00:00+00:00,60.235,60.345,59.91,60.025,46199.0,52.76440698193148,,,,54.03135183858412,"rgba(38, 166, 154, 1.0)",3.995998107341102,54.989258004463736,1.2601962914559528,1,0.20405962021036603,0.20405962021036603,0.0,0.0,0.0,0.0,54.77657103413478,10.689387106178565,False,True,True,False,False,15.968709528700284
2024-12-12 17:00:00+00:00,59.35,59.61,58.985,59.24,440061.0,53.26609087572142,,,,54.390435207875115,"rgba(38, 166, 154, 1.0)",3.9943916054008883,55.31230860351286,0.9833015348761597,1,0.2038192015175281,0.2038192015175281,0.0,0.0,0.0,0.0,52.5629103009899,9.392903950210965,False,True,False,False,False,13.720721494997893
2024-12-13 17:00:00+00:00,59.225,59.225,58.625,58.685,58900.0,53.323013520057955,,,,54.42891400502423,"rgba(38, 166, 154, 1.0)",3.990218219777112,55.34511164013592,0.8370189738772345,1,0.2035416345539278,0.2035416345539278,0.0,0.0,0.0,0.0,49.362388887293974,6.203887529650906,False,True,False,False,False,12.1667253301806
2024-12-16 17:00:00+00:00,58.875,59.28,58.785,59.12,29383.0,53.352075262534676,,,,54.44966377714408,"rgba(38, 166, 154, 1.0)",3.9888962346958787,55.36328452715024,0.9417932309628443,1,0.203033587997259,0.203033587997259,0.0,0.0,0.0,0.0,48.874782025316456,5.49874460378382,False,True,False,False,False,13.034772103652156
2024-12-17 17:00:00+00:00,58.64,59.01,58.56,58.95,80594.0,53.42726097815212,,,,54.5011179166754,"rgba(38, 166, 154, 1.0)",3.9332567689906277,55.407134606802785,0.9007460232773987,1,0.20259021672433347,0.20259021672433347,0.0,0.0,0.0,0.0,47.96424732173185,4.275081786529654,False,True,False,True,False,12.552429941763389
2024-12-18 17:00:00+00:00,58.815,59.01,55.2,55.46,87513.0,53.473132777695575,,,,54.619828095120766,"rgba(239, 83, 80, 1.0)",3.8364647801079563,55.79980420188784,-0.0885722198336655,1,0.20308695206453364,0.20308695206453364,0.0,0.0,0.0,0.0,40.3043261390889,-3.071682649189434,False,True,False,True,False,3.5381306899365654
2024-12-19 17:00:00+00:00,56.14,56.2,55.31,55.495,73707.0,53.49990382623547,,,,54.58757169450693,"rgba(239, 83, 80, 1.0)",3.721940457041937,55.74763248567168,-0.06787655218763648,1,0.20410535336622396,0.20410535336622396,0.0,0.0,0.0,0.0,35.326408108679104,-7.616348206995845,False,True,False,True,False,3.613344457713012
2024-12-20 17:00:00+00:00,56.98,57.09,55.91,56.075,103706.0,53.54812358813693,,,,54.597478352750926,"rgba(239, 83, 80, 1.0)",3.569779408734776,55.73788095675339,0.09443693983491637,1,0.20637692894130238,0.20637692894130238,0.0,0.0,0.0,0.0,34.18573570793724,-8.647961532570356,False,True,False,True,False,4.8616259737355705
2024-12-23 17:00:00+00:00,56.11,56.11,56.11,56.11,0.0,53.54812358813693,,,,54.597478352750926,"rgba(239, 83, 80, 1.0)",3.4418790476102084,55.73788095675339,0.10811508426043573,1,0.2100876491564032,0.2100876491564032,0.0,0.0,0.0,0.0,33.55940133494081,-9.42851677053973,False,True,False,True,False,4.937065300415817
2024-12-24 17:00:00+00:00,57.095,57.51,57.065,57.47,10368.0,53.554521885538804,,,,54.60273286306814,"rgba(239, 83, 80, 1.0)",3.3110582709873366,55.7418202869582,0.5219417997516742,1,0.21289243729995622,0.21289243729995622,0.0,0.0,0.0,0.0,37.7735884034738,-9.42851677053973,False,True,False,True,True,7.802813245345025
2024-12-25 17:00:00+00:00,57.47,57.47,57.47,57.47,0.0,53.554521885538804,,,,54.60273286306814,"rgba(239, 83, 80, 1.0)",3.2004643004943074,55.7418202869582,0.5399778128363694,1,0.21773963391384404,0.21773963391384404,0.0,0.0,0.0,0.0,40.58304644916247,-16.497072498128816,False,True,False,True,True,7.802813245345025
2024-12-26 17:00:00+00:00,57.66,57.95,57.48,57.86,19379.0,53.56772535703103,,,,54.6154000787029,"rgba(239, 83, 80, 1.0)",3.1115721989935134,55.752453639659294,0.6773252316055609,0,,,0.0,0.0,0.0,0.0,43.69935911724035,-13.425700243147546,False,True,False,True,True,8.613592042518558
2024-12-27 17:00:00+00:00,56.735,57.365,56.63,57.175,19291.0,53.5785869013376,,,,54.62194378075667,"rgba(239, 83, 80, 1.0)",3.021936909448055,55.75615245728029,0.4695159380342118,0,,,0.0,0.0,0.0,0.0,43.77141229186643,-13.104611875950383,False,True,False,True,True,6.843741253287483
2024-12-30 17:00:00+00:00,57.245,57.66,57.215,57.455,26258.0,53.594894477221175,,,,54.63431012402728,"rgba(239, 83, 80, 1.0)",2.9575942104205724,55.76517835462937,0.5713500653391982,0,,,0.0,0.0,0.0,0.0,44.800931570324565,-11.743621035379903,False,True,False,True,True,7.4402123893129115
2024-12-31 17:00:00+00:00,57.51,57.57,57.21,57.45,19901.0,53.60705638051385,,,,54.64300769426102,"rgba(239, 83, 80, 1.0)",2.8862860733643627,55.771283352850055,0.5816182472838435,0,,,0.0,0.0,0.0,0.0,45.4708208140198,-10.666796812074104,False,True,False,True,True,7.427068029503317
2025-01-01 17:00:00+00:00,57.45,57.45,57.45,57.45,0.0,53.60705638051385,,,,54.64300769426102,"rgba(239, 83, 80, 1.0)",2.8000219320247464,55.771283352850055,0.5995369636037233,0,,,0.0,0.0,0.0,0.0,45.91741364314996,-9.75892017386245,False,True,False,True,True,7.427068029503317
2025-01-02 17:00:00+00:00,57.7,57.9,56.81,57.515,34513.0,53.62795597962186,,,,54.65739550173058,"rgba(239, 83, 80, 1.0)",2.7653782352118768,55.78114297001782,0.6269872988456997,0,,,0.0,0.0,0.0,0.0,46.51724639249097,-8.696795708962888,False,True,False,True,True,7.572589815759766
2025-01-03 17:00:00+00:00,57.67,57.86,57.515,57.795,39816.0,53.6537685542942,,,,54.67738787287801,"rgba(239, 83, 80, 1.0)",2.729467863855442,55.79648358126309,0.7322000178869875,0,,,0.0,0.0,0.0,0.0,48.24646236164418,-6.636072954709377,False,True,False,False,True,8.204883097002668
2025-01-06 17:00:00+00:00,57.525,57.655,57.0,57.4,79593.0,53.69978063397713,,,,54.70523851490631,"rgba(239, 83, 80, 1.0)",2.6956249588766403,55.81363155037616,0.5884974630465415,0,,,0.0,0.0,0.0,0.0,47.53818471717431,-6.636072954709377,False,True,False,True,True,7.096676698107871
2025-01-07 17:00:00+00:00,57.33,57.46,56.575,57.02,105236.0,53.75349227528394,,,,54.72966901057157,"rgba(239, 83, 80, 1.0)",2.6631432979141385,55.82275773249656,0.44955983721985987,0,,,0.0,0.0,0.0,0.0,45.457291919754525,-6.636072954709377,False,True,False,True,False,6.037139119056757
2025-01-08 17:00:00+00:00,58.05,58.465,57.48,58.4,54512.0,53.78975481522569,,,,54.75877612699064,"rgba(239, 83, 80, 1.0)",2.625831343259313,56.311213444889034,0.7954762823869174,0,,,0.0,0.0,0.0,0.0,49.93025180092167,-4.578393736145998,False,True,False,False,True,9.184789419237553
2025-01-09 17:00:00+00:00,58.4,58.4,58.4,58.4,0.0,53.78975481522569,,,,54.75877612699064,"rgba(239, 83, 80, 1.0)",2.60886124583117,56.311213444889034,0.8006506894334608,0,,,0.0,0.0,0.0,0.0,52.9122250550331,-1.81151559473129,False,False,True,False,True,9.184789419237553
2025-01-10 17:00:00+00:00,55.405,56.165,54.89,54.92,143347.0,53.82260236338544,,,,54.72769885372704,"rgba(239, 83, 80, 1.0)",2.5901523869045144,56.12102575788563,-0.46368922691879705,0,,,0.0,0.0,0.0,0.0,45.30924936167716,0.7419988269124644,False,True,False,True,False,0.1754073761096464
2025-01-13 17:00:00+00:00,54.785,55.215,54.7,54.93,91127.0,53.837708419385315,54.94833333333333,,,54.716687378759296,"rgba(239, 83, 80, 1.0)",2.5659467845028794,56.24215375712886,-0.5113721629200019,0,,,0.0,-1.0,54.7,295.0,40.277349699962016,-3.550255205339191,False,True,False,True,False,0.19888013587150866
2025-01-14 17:00:00+00:00,55.005,55.895,54.97,55.375,38893.0,53.84668092004246,55.087429203199505,,,54.71942232001957,"rgba(239, 83, 80, 1.0)",2.536334444511248,56.234677623826016,-0.33894489967062535,0,,,0.0,0.0,0.0,0.0,38.62524443966959,-4.810672540533687,False,True,False,True,False,1.2494358156857075
2025-01-15 17:00:00+00:00,57.015,57.175,56.79,56.97,61029.0,53.87441639204008,55.69146266141147,,,54.76595166500368,"rgba(239, 83, 80, 1.0)",2.4986024472070287,56.2883877128265,0.2727974143847557,0,,,0.0,0.0,0.0,0.0,42.436572737044195,-4.810672540533687,False,True,False,True,True,4.852703397944651
2025-01-16 17:00:00+00:00,57.5,57.65,57.335,57.575,29282.0,53.88984234409004,55.93447535753026,,,54.789198316111914,"rgba(38, 166, 154, 1.0)",2.4518954021456194,56.31619049906298,0.5134026108273052,0,,,0.0,0.0,0.0,0.0,46.452696868302,-10.84123489344185,False,True,False,True,True,6.15459474291487
2025-01-17 17:00:00+00:00,58.275,58.28,57.95,58.125,46785.0,53.91823787368148,56.31697507824316,,,54.83178307826773,"rgba(38, 166, 154, 1.0)",2.4175448643553517,56.3687092017754,0.7264770239095106,0,,,0.0,0.0,0.0,0.0,50.390904113464444,-7.235874437326771,False,False,False,False,True,7.319811179447722
2025-01-20 17:00:00+00:00,58.125,58.125,58.125,58.125,0.0,53.91823787368148,56.31697507824316,,,54.83178307826773,"rgba(38, 166, 154, 1.0)",2.3676219642851626,56.3687092017754,0.7417952801239789,0,,,0.0,0.0,0.0,0.0,53.01637561023941,-4.780900893187976,False,False,True,False,True,7.319811179447722
2025-01-21 17:00:00+00:00,59.72,59.89,59.445,59.825,72511.0,53.977999859884875,57.043527266677856,,,54.928129714866266,"rgba(38, 166, 154, 1.0)",2.330600359571714,56.4937480830899,1.4293535582918544,0,,,0.0,0.0,0.0,0.0,58.1794912809834,0.06867558093156845,True,False,True,False,True,10.815981840304644
2025-01-22 17:00:00+00:00,59.165,59.19,58.825,58.96,59189.0,54.019804194888,57.33265413958651,,,54.980130166353796,"rgba(38, 166, 154, 1.0)",2.2891934572430643,56.5550898451461,1.0505491125027928,0,,,0.0,0.0,0.0,0.0,58.8095982724656,0.7595394154279731,True,False,True,False,True,8.574446040955063
2025-01-23 17:00:00+00:00,59.455,59.63,59.355,59.525,94640.0,54.09194947460219,57.7489690266204,,,55.068241480376315,"rgba(38, 166, 154, 1.0)",2.2551614911910676,56.65803647554446,1.2712896773265419,0,,,0.0,0.0,0.0,0.0,60.3341277367936,2.4925026671337704,True,False,True,False,True,9.71108675428389
2025-01-24 17:00:00+00:00,60.16,61.155,60.14,61.09,61106.0,54.14841140058806,58.084604660975685,,,55.14241489620639,"rgba(38, 166, 154, 1.0)",2.2578851980486823,56.74773465776567,1.9231559452123708,0,,,0.0,0.0,0.0,0.0,63.85813437032767,6.111171264022616,True,False,True,False,True,12.723086440279499
2025-01-27 17:00:00+00:00,59.555,60.12,59.29,60.085,37555.0,54.17768133729182,58.19541200753679,,,55.17512517972889,"rgba(38, 166, 154, 1.0)",2.244071223837922,56.783912408586566,1.4710262118007782,0,,,0.0,0.0,0.0,0.0,63.15274937985143,6.111171264022616,True,False,True,False,True,10.149014084653835
2025-01-28 17:00:00+00:00,59.92,60.51,59.86,60.4,28311.0,54.20119175109451,58.28946994923933,,,55.202327922514364,"rgba(38, 166, 154, 1.0)",2.2228645142357237,56.81458437897984,1.6129708302320513,0,,,0.0,0.0,0.0,0.0,63.23833697578162,6.272571524938371,True,False,True,False,True,10.751969338245381
2025-01-29 17:00:00+00:00,61.085,61.28,60.3,60.465,27884.0,54.22578323423333,58.39235870229148,,,55.23161779652322,"rgba(38, 166, 154, 1.0)",2.2259690712824556,56.848131938517824,1.624850995525459,0,,,0.0,0.0,0.0,0.0,63.41757025129972,7.020527434112893,True,False,True,False,True,10.877501689267039
2025-01-30 17:00:00+00:00,62.025,62.37,61.48,62.05,55033.0,54.28332670486559,58.67202926254778,,,55.30574239225003,"rgba(38, 166, 154, 1.0)",2.269718020347828,56.936610538406924,2.252874328772109,0,,,0.0,0.0,0.0,0.0,66.13984790184884,10.090441517834684,True,False,True,False,True,13.85039505761019
2025-01-31 17:00:00+00:00,62.44,62.775,61.01,61.22,37844.0,54.320885863927366,58.825016059781426,,61.66833333333334,55.66748408250008,"rgba(38, 166, 154, 1.0)",2.3025616013318078,57.51627595144213,1.608523327417439,0,,,0.0,1.0,62.775,382.0,65.26599497487192,10.090441517834684,True,False,True,False,True,11.702450728836716
2025-02-03 17:00:00+00:00,59.81,60.12,59.345,59.385,44693.0,54.35250403480087,58.870037119652395,,60.55737535892993,55.63996390953571,"rgba(38, 166, 154, 1.0)",2.295005116875833,57.472866998772346,0.8331715633953002,0,,,0.0,0.0,0.0,0.0,60.048564096981565,15.774412065594774,True,False,True,False,False,7.218458136947554
2025-02-04 17:00:00+00:00,59.26,59.34,58.455,58.525,92060.0,54.40621136031381,58.85989687056016,,59.61670106970146,55.630989225898325,"rgba(239, 83, 80, 1.0)",2.261823692159534,57.4395989028166,0.4798787372092144,0,,,0.0,0.0,0.0,0.0,54.85901342956543,10.909035259450881,True,False,True,False,False,5.23406098875812
2025-02-05 17:00:00+00:00,59.28,59.675,59.085,59.61,39157.0,54.432174689394444,58.88537690587385,,59.58738481307172,55.651323801082995,"rgba(239, 83, 80, 1.0)",2.22713418650167,57.456561485152065,0.966910089162838,0,,,0.0,0.0,0.0,0.0,53.769249051664566,9.893717717358925,True,False,True,False,False,7.336479010849441
2025-02-06 17:00:00+00:00,60.105,60.325,59.33,60.065,33633.0,54.45624138319704,58.921505950152095,,59.63079213270436,55.67520900602369,"rgba(239, 83, 80, 1.0)",2.199626708707054,57.47957641397002,1.1753919771003754,0,,,0.0,0.0,0.0,0.0,53.962093018974116,9.893717717358925,True,False,True,False,False,8.19791150531158
2025-02-07 17:00:00+00:00,59.495,59.855,59.225,59.505,47129.0,54.487295215812686,58.950166422644706,,59.614396484401524,55.70037512866155,"rgba(239, 83, 80, 1.0)",2.142867864494787,57.50074057600379,0.9353163847406634,0,,,0.0,0.0,0.0,0.0,52.766067982644145,8.480283005377139,True,False,True,False,False,6.888606903755964
2025-02-10 17:00:00+00:00,59.675,59.84,59.39,59.405,31277.0,54.507762366839565,58.96824427984067,,59.607734236156084,55.717099689279564,"rgba(239, 83, 80, 1.0)",2.1118949541340974,57.5147773780911,0.8950362887172666,0,,,0.0,0.0,0.0,0.0,51.725644723621,7.166722099838353,True,False,False,False,False,6.654456957765568
2025-02-11 17:00:00+00:00,58.52,58.795,58.29,58.67,38815.0,54.528136017979534,58.95431517741574,,59.49885722474547,55.72475713095778,"rgba(239, 83, 80, 1.0)",2.048045732966939,57.51475651183797,0.5640711384352067,0,,,0.0,0.0,0.0,0.0,49.262968466819096,4.557862279897925,False,False,False,False,False,4.940118259084034
2025-02-12 17:00:00+00:00,58.285,58.64,58.24,58.575,50904.0,54.55389742251066,58.93296301195476,,59.374650491441884,55.73453377473419,"rgba(239, 83, 80, 1.0)",1.9910881107737615,57.76006118616537,0.4092931947235295,0,,,0.0,0.0,0.0,0.0,47.39496422692413,2.5713052310606557,False,False,False,True,False,4.719373297208847
2025-02-13 17:00:00+00:00,59.745,60.71,59.63,60.36,43271.0,54.58515618258668,58.9813813653344,,59.455638813266106,55.767239965241075,"rgba(239, 83, 80, 1.0)",1.9096198433053908,57.84039061805695,1.3194298282855175,0,,,0.0,0.0,0.0,0.0,50.74064671583284,2.5713052310606557,False,False,False,False,True,8.253198104681761
2025-02-14 17:00:00+00:00,60.945,61.025,60.645,60.9,61534.0,54.63386089742146,59.07568339132865,,59.621327898825776,55.82282066980633,"rgba(239, 83, 80, 1.0)",1.8336638801113423,57.933671336411024,1.6177057833570108,0,,,0.0,0.0,0.0,0.0,54.06095353904125,-1.3229898048543873,True,False,True,False,True,9.27338587657427
2025-02-17 17:00:00+00:00,60.9,60.9,60.9,60.9,0.0,54.63386089742146,59.07568339132865,,59.621327898825776,55.82282066980633,"rgba(239, 83, 80, 1.0)",1.7752605138096345,57.933671336411024,1.6709258390608588,0,,,0.0,0.0,0.0,0.0,56.274491421180194,0.7847366444221464,True,False,True,False,True,9.27338587657427
2025-02-18 17:00:00+00:00,60.91,61.33,60.905,61.325,51947.0,54.67654179027016,59.161649583323204,,59.76342080170456,56.39814055882073,"rgba(239, 83, 80, 1.0)",1.7733066405563354,58.34988192469597,1.6777234163915693,0,,,0.0,0.0,0.0,0.0,58.681168143564086,3.102616568606031,True,False,True,False,True,10.08645597807881
2025-02-19 17:00:00+00:00,60.63,60.875,60.22,60.495,73401.0,54.72992215394176,59.23610291497715,,59.85056766537858,56.42885235113541,"rgba(239, 83, 80, 1.0)",1.7760043548562099,58.375384571010784,1.1934742294935552,0,,,0.0,0.0,0.0,0.0,57.42715550438494,3.102616568606031,True,False,True,False,True,8.039380213746693
2025-02-20 17:00:00+00:00,59.395,60.1,59.38,60.03,27545.0,54.747339028212146,59.248120254306336,,59.84999889336165,56.433371855039766,"rgba(239, 83, 80, 1.0)",1.7779662488308756,58.37154952235338,0.9327795050874335,0,,,0.0,0.0,0.0,0.0,55.15510009555527,3.102616568606031,True,False,True,False,False,6.912769501130661
2025-02-21 17:00:00+00:00,59.455,59.51,58.375,58.8,185223.0,54.84032852445966,59.20624106733906,,59.64393999298722,56.43120034464043,"rgba(239, 83, 80, 1.0)",1.768524732575002,58.29026632545754,0.2882253582059206,0,,,0.0,0.0,0.0,0.0,50.44755543700059,6.201672150825011,False,False,False,False,False,4.019106348401966
2025-02-24 17:00:00+00:00,57.92,58.86,57.87,57.97,42394.0,54.857650672238556,59.18052970317397,,59.57755515024897,56.427444953385034,"rgba(239, 83, 80, 1.0)",1.7706156917659124,58.267615460766066,-0.1680858597097615,0,,,0.0,0.0,0.0,0.0,45.59095474196463,1.7522206283579536,False,True,False,True,False,2.142652711402725
2025-02-25 17:00:00+00:00,57.27,58.09,57.195,57.63,46728.0,54.873210489493644,59.13687851172088,,59.481923807413104,56.416093686479826,"rgba(239, 83, 80, 1.0)",1.7726436535644368,58.232022965317086,-0.33961871812562755,0,,,0.0,0.0,0.0,0.0,41.69874722436346,-1.7366413024947391,False,True,False,True,False,1.3844498335236004
2025-02-26 17:00:00+00:00,57.94,58.045,57.275,57.675,71026.0,54.89675543463845,59.07616646998768,,59.35522909158263,56.40415217689362,"rgba(239, 83, 80, 1.0)",1.7722006932898569,58.187840678965735,-0.2893807010162695,0,,,0.0,0.0,0.0,0.0,39.281989718295364,-3.9161663413626684,False,True,False,True,False,1.4820368065393943
2025-02-27 17:00:00+00:00,57.545,57.69,56.655,56.88,47303.0,54.90892178932714,59.022662272662274,,59.25403451814018,56.39005080224676,"rgba(239, 83, 80, 1.0)",1.7818361569150634,58.149857957819485,-0.7126681950477527,0,,,0.0,0.0,0.0,0.0,36.08151120321647,-6.916841983539243,False,True,False,True,False,0.0
2025-02-28 17:00:00+00:00,56.925,57.935,56.52,57.91,197381.0,54.96690959184209,58.86532210504371,,58.97294129365836,56.368664168034094,"rgba(239, 83, 80, 1.0)",1.7701926703299395,58.0558927532516,-0.08241631303580589,0,,,0.0,0.0,0.0,0.0,37.88269853010766,-6.916841983539243,False,True,False,True,False,1.9509672618699874
2025-03-03 17:00:00+00:00,57.98,58.21,56.03,56.58,105817.0,54.990710382280035,58.76701620129443,,58.815814292594105,56.34964441820167,"rgba(239, 83, 80, 1.0)",1.7610846166572405,57.997770874212804,-0.8050555099981017,0,,,0.0,0.0,0.0,0.0,36.37243057154646,-6.916841983539243,False,True,False,True,False,0.0
2025-03-04 17:00:00+00:00,53.22,54.95,53.145,53.585,110861.0,54.97701514608091,58.51954479283845,,58.447076333345265,56.25504593280264,"rgba(239, 83, 80, 1.0)",1.8450533525818773,57.82964733970891,-2.3005553382882726,0,,,0.0,0.0,0.0,0.0,31.676319478928573,-11.285331732044654,False,True,False,True,False,0.0
2025-03-05 17:00:00+00:00,54.11,55.245,54.08,55.195,61671.0,54.97607047687273,58.41846445822248,,58.30277821166647,56.22053638292997,"rgba(239, 83, 80, 1.0)",1.8698434486668325,57.764559103166334,-1.3742108223008656,1,1.1927643242733295,1.1927643242733295,0.0,0.0,0.0,0.0,32.87550589009894,-11.285331732044654,False,True,False,True,False,0.0
2025-03-06 17:00:00+00:00,53.315,53.47,52.035,52.57,104951.0,54.9495779341875,58.16269587345898,,57.94512955050868,56.117740263043444,"rgba(239, 83, 80, 1.0)",1.994095224848983,57.59236077431578,-2.518616318684647,1,1.1673725621751432,1.1673725621751432,0.0,0.0,0.0,0.0,30.916019403782904,-12.26583787245665,False,True,False,True,False,0.0
2025-03-07 17:00:00+00:00,50.325,52.53,50.105,52.085,69038.0,54.924016468811054,57.97463213209488,,57.68872054024153,56.038842368659346,"rgba(239, 83, 80, 1.0)",2.1306754628351254,57.46494535743231,-2.5249952192501595,1,1.1333987946016464,1.1333987946016464,0.0,0.0,0.0,0.0,29.19120076921414,-14.17798392935466,False,True,False,True,False,0.0
2025-03-10 17:00:00+00:00,50.79,50.79,49.435,50.325,134921.0,54.85489620414247,57.563017509251,,57.141505617688104,55.858783918610676,"rgba(239, 83, 80, 1.0)",2.325656195300261,57.18394520271884,-2.949251577502964,1,1.0846952322265395,1.0846952322265395,0.0,0.0,0.0,0.0,26.67221187470661,-16.83019609675941,False,True,False,True,False,0.0
2025-03-11 17:00:00+00:00,49.315,50.61,49.19,49.865,106243.0,54.798521615781674,57.25649602786148,,56.74769338403601,55.72265111630536,"rgba(239, 83, 80, 1.0)",2.5157535507135176,56.975132786668595,-2.826243764875943,1,1.0414268241606002,1.0414268241606002,0.0,0.0,0.0,0.0,24.66971621655711,-18.97760876488953,False,True,False,True,False,0.0
2025-03-12 17:00:00+00:00,50.215,50.745,50.15,50.28,34025.0,54.7825599527895,57.1697982025413,,56.63906133756481,55.68434405899556,"rgba(239, 83, 80, 1.0)",2.6484120892705376,56.91642860832134,-2.5058141953087203,1,1.0094766360298884,1.0094766360298884,0.0,0.0,0.0,0.0,24.48520451997677,-19.490523178941572,False,True,False,True,False,0.0
2025-03-13 17:00:00+00:00,49.465,49.505,48.6,48.6,91658.0,54.725733833500975,56.89776081274227,,56.29850376319559,55.40607784556359,"rgba(239, 83, 80, 1.0)",2.835284028544981,56.303699808462625,-2.7170822150104055,1,0.961611977780128,0.961611977780128,0.0,0.0,0.0,0.0,23.032865618098416,-21.24877682185724,False,True,False,True,False,0.0
2025-03-14 17:00:00+00:00,50.17,50.47,49.955,50.41,44454.0,54.70498847910186,56.79379115170904,,56.17267737127142,55.38210296350354,"rgba(239, 83, 80, 1.0)",2.935591207702201,56.26295843629568,-1.9937920582876458,1,0.9402814598495853,0.9402814598495853,0.0,0.0,0.0,0.0,26.509952345486226,-21.24877682185724,False,True,False,True,True,0.0
2025-03-17 17:00:00+00:00,51.13,52.035,51.12,51.81,51469.0,54.68860490983598,56.70200963742231,,56.065937002830395,55.374013746532356,"rgba(239, 83, 80, 1.0)",2.981650726368496,56.24271044289395,-1.4866632109833913,1,0.9258345854240962,0.9258345854240962,0.0,0.0,0.0,0.0,31.641540661642942,-24.238343725332292,False,True,False,True,True,0.0
2025-03-18 17:00:00+00:00,51.9,52.25,51.695,52.18,69368.0,54.66957946953531,56.592463974844065,,55.94174316346945,55.35476379641851,"rgba(239, 83, 80, 1.0)",3.0212724513398235,56.206422084731955,-1.3326908279809007,1,0.9180525547654977,0.9180525547654977,0.0,0.0,0.0,0.0,35.766455329042735,-20.443261399342447,False,True,False,True,True,0.0
2025-03-19 17:00:00+00:00,53.495,54.47,53.23,54.12,271942.0,54.64958488530645,56.368663139652114,,55.72570089173915,55.35738241509159,"rgba(239, 83, 80, 1.0)",3.0234260293505897,56.17743320409325,-0.6804972849079997,1,0.9182238900826614,0.9182238900826614,0.0,0.0,0.0,0.0,41.81095333955652,-14.965917219246997,False,True,False,True,True,0.0
2025-03-20 17:00:00+00:00,53.67,53.825,53.36,53.75,60958.0,54.643451206336344,56.31810596380943,,55.67655210856527,55.34398271003367,"rgba(239, 83, 80, 1.0)",3.038050394282148,56.15390759921952,-0.7912665318994929,1,0.9215709766779135,0.9215709766779135,0.0,0.0,0.0,0.0,45.18488301509448,-12.021284140378427,False,False,False,True,True,0.0
2025-03-21 17:00:00+00:00,53.555,53.775,53.33,53.655,54756.0,54.6376869075058,56.273309842948834,,55.63313027600775,55.33054429279407,"rgba(239, 83, 80, 1.0)",3.0544577260128705,56.13120303793689,-0.8106849922487541,1,0.9238203363298596,0.9238203363298596,0.0,0.0,0.0,0.0,47.253576178192105,-10.145963429240055,False,False,False,False,True,0.0
2025-03-24 17:00:00+00:00,55.175,55.4,54.88,55.38,40572.0,54.64003091815321,56.260663818652745,,55.62686655562901,55.335591782117184,"rgba(38, 166, 154, 1.0)",3.0543681347706624,56.13417903040635,-0.2469181831164487,1,0.928861692018946,0.928861692018946,0.0,0.0,0.0,0.0,51.47910502766537,-6.1707642496707535,True,False,True,False,True,0.0
2025-03-25 17:00:00+00:00,55.235,55.47,55.085,55.345,33902.0,54.64224333616133,56.2511219599541,,55.62277727242367,55.495997729570696,"rgba(38, 166, 154, 1.0)",3.0532910880668056,56.083300950358336,-0.241804966858169,1,0.9279424911430711,0.9279424911430711,0.0,0.0,0.0,0.0,54.21633988385599,-3.5614690967442897,True,False,True,False,True,0.0
2025-03-26 17:00:00+00:00,54.35,54.44,53.86,54.275,44705.0,54.64026031433811,56.22449672794723,,55.59955126608717,55.45795570041254,"rgba(38, 166, 154, 1.0)",3.052912725268742,56.03263618007256,-0.5757243453193828,1,0.9220187276411227,0.9220187276411227,0.0,0.0,0.0,0.0,53.638184106352725,-3.5614690967442897,True,False,True,False,True,0.0
2025-03-27 17:00:00+00:00,53.79,54.425,53.79,54.135,26021.0,54.6389224565843,56.20875368571961,,55.58567433959925,55.44674600202065,"rgba(38, 166, 154, 1.0)",3.0613808593125866,56.016831274862014,-0.6147001504688865,1,0.9156144862241645,0.9156144862241645,0.0,0.0,0.0,0.0,52.947187314204434,-3.5614690967442897,True,False,True,False,True,0.0
2025-03-28 17:00:00+00:00,52.48,52.485,51.7,51.835,133044.0,54.60497728949158,56.054187849588956,,55.42224806407744,55.29730153848983,"rgba(38, 166, 154, 1.0)",3.1130456061461182,55.81889633179557,-1.279742360320749,1,0.8986873420149072,0.8986873420149072,0.0,0.0,0.0,0.0,48.291880775738875,-3.5614690967442897,False,False,False,True,False,0.0
2025-03-31 17:00:00+00:00,51.625,52.545,51.545,52.42,38964.0,54.59581559331052,56.01279136020278,,55.37932982964761,55.26989908123858,"rgba(38, 166, 154, 1.0)",3.1455299572109334,55.78172198153345,-1.0687299206376684,1,0.8868376281822853,0.8868376281822853,0.0,0.0,0.0,0.0,46.515943374891435,-3.5614690967442897,False,False,False,True,False,0.0
2025-04-01 17:00:00+00:00,53.375,53.995,53.015,53.81,98459.0,54.58649969092261,55.9496909811016,,55.322125312677805,55.25403136989995,"rgba(38, 166, 154, 1.0)",3.1550945689057306,55.75600516641307,-0.6167818820999688,1,0.880685850598315,0.880685850598315,0.0,0.0,0.0,0.0,48.15634367789082,-3.5614690967442897,True,False,False,False,False,0.0
2025-04-02 17:00:00+00:00,53.805,54.4,53.455,54.39,39295.0,54.58460924819561,55.930342076855055,,55.30635244535235,55.252421569680465,"rgba(38, 166, 154, 1.0)",3.1635496755305184,55.75188024611208,-0.4304911842055067,1,0.8764859445673032,0.8764859445673032,0.0,0.0,0.0,0.0,50.305216172668736,-3.5614690967442897,True,False,False,False,True,0.0
2025-04-03 17:00:00+00:00,51.83,51.865,50.295,50.31,124218.0,54.540605730726625,55.76842399576442,,55.133119180740316,55.13368738028173,"rgba(239, 83, 80, 1.0)",3.2472314167415863,55.5948425933349,-1.6274918276806838,1,0.8541587358880555,0.8541587358880555,0.0,0.0,0.0,0.0,45.543523983662496,2.3024884444747613,False,False,False,True,False,0.0
2025-04-04 17:00:00+00:00,47.085,47.38,46.085,46.24,109626.0,54.45913486033669,55.518006337437406,,54.850668556242404,54.926777087706625,"rgba(239, 83, 80, 1.0)",3.4640023328747707,55.32751383935426,-2.6234144686076304,1,0.8055589758061195,0.8055589758061195,0.0,0.0,0.0,0.0,39.05072354770684,-3.7566950385560105,False,True,False,True,False,0.0
2025-04-07 17:00:00+00:00,45.01,46.74,45.005,45.855,138156.0,54.34988098553515,55.19791866832913,,54.492186444752456,54.67713389231352,"rgba(239, 83, 80, 1.0)",3.6779914735190684,55.00653577954547,-2.488188416268777,1,0.7627146889001952,0.7627146889001952,0.0,0.0,0.0,0.0,34.47395378569995,-7.88597623103977,False,True,False,True,False,0.0
2025-04-08 17:00:00+00:00,45.96,46.34,44.1,44.675,82687.0,54.279555006303134,55.00018130550287,45.038333333333334,54.27167851559612,54.173138754383366,"rgba(239, 83, 80, 1.0)",3.9179338471483045,54.148165455290865,-2.4178982659919024,1,0.7190494322096687,0.7190494322096687,0.0,0.0,0.0,0.0,30.665864308109175,-11.332466875707077,False,True,False,True,False,0.0
2025-04-09 17:00:00+00:00,44.28,51.025,44.105,50.465,151628.0,54.20103670535397,54.77727137314634,47.29891053354103,54.036238085460965,54.143665288995145,"rgba(38, 166, 154, 1.0)",3.971768931023194,54.1112407465683,-0.9180394957238772,1,0.7084274236563441,0.7084274236563441,0.0,0.0,0.0,0.0,36.62048388862755,-11.332466875707077,False,True,False,True,True,0.0
2025-04-10 17:00:00+00:00,46.65,47.61,45.85,46.85,55156.0,54.1642938727889,54.67813967577031,47.19813156297753,53.929416446996086,54.07066959472796,"rgba(38, 166, 154, 1.0)",4.1093334250457065,54.02036649553392,-1.7448977130528576,1,0.6847471819050401,0.6847471819050401,0.0,0.0,0.0,0.0,37.537816174840394,-11.332466875707077,False,True,False,True,True,0.0
2025-04-11 17:00:00+00:00,48.21,48.99,47.83,48.56,68147.0,54.12965737117439,54.584459065704365,47.438590791477694,53.83184404731582,54.02349559164893,"rgba(38, 166, 154, 1.0)",4.196031455193425,53.9621130163848,-1.2874338703296908,1,0.6705958957011684,0.6705958957011684,0.0,0.0,0.0,0.0,39.99349193635544,-18.541435505163737,False,False,False,True,True,0.0
2025-04-14 17:00:00+00:00,48.56,49.535,48.535,49.115,46935.0,54.10855138766672,54.52774184799673,47.6268950833801,53.77394558069419,53.99847998713234,"rgba(38, 166, 154, 1.0)",4.264289931702733,53.931461767125626,-1.1294874045307721,1,0.6608132538990432,0.6608132538990432,0.0,0.0,0.0,0.0,42.22278135740821,-16.162114802667908,False,False,False,True,True,0.0
2025-04-15 17:00:00+00:00,48.94,49.295,48.695,49.21,58391.0,54.08256370894501,54.45884967021327,47.80849307907653,53.703922267062346,53.965680725566315,"rgba(38, 166, 154, 1.0)",4.326672538135043,53.89137523641401,-1.0819804815716083,1,0.652709110143416,0.652709110143416,0.0,0.0,0.0,0.0,43.81864952868892,-14.294417581988668,True,False,False,True,True,0.0
2025-04-16 17:00:00+00:00,48.975,49.16,48.1,48.825,53966.0,54.05702038833857,54.39242268919311,47.90104542376817,53.63599232840671,53.92885789485409,"rgba(38, 166, 154, 1.0)",4.393145380400358,53.84635339428449,-1.1429973195712637,1,0.6467632503725835,0.6467632503725835,0.0,0.0,0.0,0.0,44.45375355691734,-13.22433068054093,True,False,False,True,True,0.0
2025-04-17 17:00:00+00:00,49.96,50.15,49.585,49.71,21040.0,54.049193643816366,54.37194733675847,47.97590294637049,53.615895461242275,53.920872809511636,"rgba(38, 166, 154, 1.0)",4.438574717465302,53.83676355530105,-0.9297497097576586,1,0.6438946731446865,0.6438946731446865,0.0,0.0,0.0,0.0,46.07284384952411,-11.181637008836141,True,False,False,True,True,0.0
2025-04-18 17:00:00+00:00,49.71,49.71,49.71,49.71,0.0,54.049193643816366,54.37194733675847,47.97590294637049,53.615895461242275,53.920872809511636,"rgba(38, 166, 154, 1.0)",4.479153767004225,53.83676355530105,-0.9213266098835303,1,0.6412173159610969,0.6412173159610969,0.0,0.0,0.0,0.0,47.15223737792862,-9.64889743631494,True,False,False,True,True,0.0
2025-04-21 17:00:00+00:00,47.68,48.08,47.425,48.02,31247.0,54.032230700199,54.328852099899585,47.96853382630854,53.57114169194226,53.892384258129745,"rgba(38, 166, 154, 1.0)",4.551639722359606,53.801867606236634,-1.2702823507391454,1,0.6349889567526765,0.6349889567526765,0.0,0.0,0.0,0.0,45.607990677922714,-9.64889743631494,True,False,False,True,True,0.0
2025-04-22 17:00:00+00:00,49.78,50.035,49.24,49.995,20593.0,54.024544602777475,54.30905289194631,48.030967946218155,53.55175654983729,53.88407103562732,"rgba(38, 166, 154, 1.0)",4.586447257021616,53.79190274050885,-0.827852698991794,1,0.6333518554152087,0.6333518554152087,0.0,0.0,0.0,0.0,47.515997047118304,-8.551473506188941,True,False,False,True,True,0.0
2025-04-23 17:00:00+00:00,51.485,51.625,50.83,51.09,45611.0,54.01327016524778,54.27934239548326,48.2571346021384,53.52537575407051,53.88149470543176,"rgba(38, 166, 154, 1.0)",4.593811713932421,53.78954397077975,-0.5876479357202178,1,0.6336675777845815,0.6336675777845815,0.0,0.0,0.0,0.0,50.20391999672986,-5.681066704521463,True,False,False,False,True,0.0
2025-04-24 17:00:00+00:00,52.795,53.085,52.45,52.925,73649.0,54.00567739129089,54.25729428637151,48.731079279787515,53.51292187603757,53.9031495680682,"rgba(38, 166, 154, 1.0)",4.583161025098469,53.817799583303554,-0.1947999597688966,1,0.6355611042059296,0.6355611042059296,0.0,0.0,0.0,0.0,54.08802001657406,-1.8331875532958364,True,False,True,False,True,0.0
2025-04-25 17:00:00+00:00,53.3,53.62,52.94,53.245,22540.0,54.00424429946011,54.252742552315624,48.870870291647876,53.51160735701204,53.91104997866432,"rgba(38, 166, 154, 1.0)",4.587464616060081,53.82801713436106,-0.1270891839296159,1,0.6375927371667016,0.6375927371667016,0.0,0.0,0.0,0.0,57.02036736639846,1.019592008425029,True,False,True,False,True,0.0
2025-04-28 17:00:00+00:00,53.095,53.48,52.955,53.345,15187.0,54.00327094936503,54.249673475581886,48.96013082441836,53.51069953152697,53.91605595746698,"rgba(38, 166, 154, 1.0)",4.591175289676948,53.83450516147582,-0.10661870449086298,1,0.6389708537977947,0.6389708537977947,0.0,0.0,0.0,0.0,59.091478984440684,3.07270009459571,True,False,True,False,True,0.0
2025-04-29 17:00:00+00:00,53.32,53.985,53.285,53.66,81467.0,54.00076337201828,54.239782160660596,49.420775826125315,53.513217890352465,53.94645216083925,"rgba(38, 166, 154, 1.0)",4.593159012238894,53.87364592044132,-0.046513939507002396,1,0.6407855092802589,0.6407855092802589,0.0,0.0,0.0,0.0,60.867039816263215,4.899933738431997,True,False,True,False,True,0.0
2025-04-30 17:00:00+00:00,53.01,53.955,52.8,53.8,54772.0,53.998514271357045,54.23195538572152,49.67494043898035,53.513282368802074,53.962351548242495,"rgba(38, 166, 154, 1.0)",4.588428068973492,53.89429729929167,-0.020551112031003453,1,0.6441460926562846,0.6441460926562846,0.0,0.0,0.0,0.0,62.23876853718122,6.406244430060255,True,False,True,False,True,0.15798765154817218
2025-05-01 17:00:00+00:00,53.845,54.545,53.825,54.105,23832.0,53.99883780909361,54.2316094926183,49.79276417510616,53.51680082297161,53.97191813163768,"rgba(38, 166, 154, 1.0)",4.578132878002593,53.90654343317556,0.04334880007043946,1,0.6465977654815743,0.6465977654815743,0.0,0.0,0.0,0.0,63.58980826478049,7.941613610438992,True,False,True,False,True,0.6035730742382199
2025-05-02 17:00:00+00:00,55.535,55.615,55.14,55.485,39129.0,54.00352373145219,54.240655376382044,50.02525106494838,53.533634707820205,53.99707412968304,"rgba(38, 166, 154, 1.0)",4.562427175279557,53.93829125157322,0.33901006832662667,1,0.6487012151345206,0.6487012151345206,0.0,0.0,0.0,0.0,66.2874388684476,10.713379789691913,True,False,True,False,True,2.593852841924498
2025-05-05 17:00:00+00:00,55.465,55.475,54.64,54.645,99457.0,54.01117634425047,54.253620985473795,50.490911302546756,53.56422256597259,54.04530886811868,"rgba(38, 166, 154, 1.0)",4.5455660010905055,53.9994231815232,0.14202341761662407,1,0.6513896758552162,0.6513896758552162,0.0,0.0,0.0,0.0,65.72737742889171,10.713379789691913,True,False,True,False,True,1.3255983999680296
2025-05-06 17:00:00+00:00,54.395,54.695,54.32,54.52,25485.0,54.01224491983807,54.254876812785625,50.58659449656479,53.569548869125896,54.05455043732702,"rgba(38, 166, 154, 1.0)",4.506301630759646,54.01120995893676,0.11290634377208213,1,0.6539035042110066,0.6539035042110066,0.0,0.0,0.0,0.0,65.0039250235777,10.713379789691913,True,False,True,False,True,1.1366351256726759
2025-05-07 17:00:00+00:00,55.42,55.915,54.71,55.82,92248.0,54.02351390764609,54.276113752175014,50.97481099303311,53.607682703545485,54.10253894008996,"rgba(38, 166, 154, 1.0)",4.480306875951955,54.07164103187967,0.3902319677039634,1,0.653851305564534,0.653851305564534,0.0,0.0,0.0,0.0,66.46280704920018,11.618463263356148,True,False,True,False,True,3.027587164600366
2025-05-08 17:00:00+00:00,58.125,58.185,57.525,57.64,68139.0,54.04469220403727,54.320393535803454,51.35158646862221,53.66830157137332,54.16431878157264,"rgba(38, 166, 154, 1.0)",4.457628603390533,54.1484560908562,0.7832738480025196,1,0.6527657136806354,0.6527657136806354,0.0,0.0,0.0,0.0,69.4876716764651,14.685689349044523,True,False,True,False,True,5.566921059124269
2025-05-09 17:00:00+00:00,56.375,56.945,56.335,56.77,56965.0,54.05705954629217,54.3450736756219,51.58734661547661,53.70445494141478,54.20165996653884,"rgba(38, 166, 154, 1.0)",4.400058379014806,54.19496995483823,0.585226336414731,1,0.6524586681660096,0.6524586681660096,0.0,0.0,0.0,0.0,69.04722560758353,14.685689349044523,True,False,True,False,True,4.203839719681639
2025-05-12 17:00:00+00:00,58.6,58.835,58.375,58.71,41108.0,54.07250825091707,54.37720345989313,51.80543376393539,53.746796652557656,54.24203384274298,"rgba(38, 166, 154, 1.0)",4.379431757947849,54.24491845580356,1.0195572829952555,1,0.6503277530518295,0.6503277530518295,0.0,0.0,0.0,0.0,70.84034652956224,16.331365034400093,True,False,True,False,True,6.828215781271858
2025-05-13 17:00:00+00:00,59.73,59.93,59.365,59.37,35486.0,54.08841548318736,54.410425952555684,52.00691970390235,53.7894940504798,54.281671429230904,"rgba(38, 166, 154, 1.0)",4.362310335070068,54.2938278622838,1.1636430578785646,1,0.648058930526525,0.648058930526525,0.0,0.0,0.0,0.0,72.63245423737524,18.200048311339884,True,False,True,False,True,7.694347676078181
2025-05-14 17:00:00+00:00,59.63,59.805,59.345,59.545,31389.0,54.10243502059214,54.43951587462544,52.17683189925806,53.82680662430477,54.315926606575616,"rgba(38, 166, 154, 1.0)",4.346579995543315,54.33604627294972,1.1984028206983843,1,0.6455545686138724,0.6455545686138724,0.0,0.0,0.0,0.0,73.98933915395641,19.647549337545485,True,False,True,False,True,7.924920757043811
2025-05-15 17:00:00+00:00,59.38,59.825,59.345,59.72,43454.0,54.121954744441005,54.47975329110509,52.40178721425919,53.878248590509536,54.362580768526925,"rgba(38, 166, 154, 1.0)",4.299886665173048,54.393466284192826,1.2387614210740616,1,0.6431498543219294,0.6431498543219294,0.0,0.0,0.0,0.0,75.06859396454527,20.850544569891554,True,False,True,False,True,8.15857661780619
2025-05-16 17:00:00+00:00,60.03,60.225,59.71,59.77,30859.0,54.13641281486021,54.509438667279596,52.55916785725052,53.915929402752035,54.74271379842768,"rgba(38, 166, 154, 1.0)",4.272244353945533,54.70064736963917,1.1865783439280921,1,0.640166842950208,0.640166842950208,0.0,0.0,0.0,0.0,75.84258278732202,21.79505035610137,True,False,True,False,True,8.226391687070524
2025-05-19 17:00:00+00:00,59.45,59.595,59.26,59.34,65512.0,54.164209126822534,54.565610792273226,52.85085038703521,53.98778449954432,54.787813747118186,"rgba(38, 166, 154, 1.0)",4.2715434369011165,54.75598431397714,1.0731520710809954,1,0.6380934077170689,0.6380934077170689,0.0,0.0,0.0,0.0,74.68346106515156,21.79505035610137,True,False,True,False,True,7.491938021906741
2025-05-20 17:00:00+00:00,58.885,59.045,58.405,58.995,48267.0,54.18223980914717,54.601280963643795,53.03254782520148,54.03395228834127,54.81489478518397,"rgba(38, 166, 154, 1.0)",4.27795983833159,54.78918398876021,0.983135926979638,1,0.6365173489485859,0.6365173489485859,0.0,0.0,0.0,0.0,72.57518529565405,21.79505035610137,True,False,True,False,False,6.900222472983941
2025-05-21 17:00:00+00:00,58.325,58.43,56.945,56.96,57180.0,54.19715656154249,54.629281207219286,53.186248720194904,54.07216704203432,54.8210316074106,"rgba(38, 166, 154, 1.0)",4.245541118324854,54.79654721534574,0.5095823416516304,1,0.6368324634063942,0.6368324634063942,0.0,0.0,0.0,0.0,65.0473212762518,19.46619049495773,True,False,True,False,False,3.5106173302287544
2025-05-22 17:00:00+00:00,56.99,57.54,56.86,57.18,64355.0,54.21249445693263,54.657384278975215,53.33741748887134,54.11103185030107,54.83448331483688,"rgba(38, 166, 154, 1.0)",4.206495141846481,54.90214359286823,0.5415093397996616,1,0.6370661618412203,0.6370661618412203,0.0,0.0,0.0,0.0,60.5562342573129,15.61264299533454,True,False,True,False,False,3.835524632383496
2025-05-23 17:00:00+00:00,57.15,57.63,57.025,57.105,39752.0,54.222079571817346,54.6748412716672,53.42659172346077,54.13501667373273,54.84693384440735,"rgba(38, 166, 154, 1.0)",4.175927704018456,54.918545806515176,0.523585260199983,1,0.6375755908992874,0.6375755908992874,0.0,0.0,0.0,0.0,57.356040240218306,12.938237322790577,True,False,True,False,False,3.7110828224393764
2025-05-26 17:00:00+00:00,57.105,57.105,57.105,57.105,0.0,54.222079571817346,54.6748412716672,53.42659172346077,54.13501667373273,54.84693384440735,"rgba(38, 166, 154, 1.0)",4.146562380644506,54.918545806515176,0.5272932112852904,1,0.6377728816884768,0.6377728816884768,0.0,0.0,0.0,0.0,55.22257756215524,11.131337569743337,False,False,True,False,False,3.7110828224393657
2025-05-27 17:00:00+00:00,58.02,58.255,57.985,58.165,31461.0,54.23181682328236,54.693159251472686,53.50994760265917,54.15903511142607,54.86611812047113,"rgba(38, 166, 154, 1.0)",4.139788198002886,54.955002617461815,0.7754013560613435,1,0.6368674008695167,0.6368674008695167,0.0,0.0,0.0,0.0,56.687420804103986,11.131337569743337,False,False,True,False,False,5.329482720843107
2025-05-28 17:00:00+00:00,57.91,58.05,57.53,57.68,35837.0,54.24177076067891,54.71150247840853,53.59382846433022,54.183452511299535,54.883698159495715,"rgba(38, 166, 154, 1.0)",4.128577447346531,54.98040511095029,0.6538801617454855,1,0.6375540464713623,0.6375540464713623,0.0,0.0,0.0,0.0,56.00801171578485,11.131337569743337,False,False,True,False,False,4.486983250336333
2025-05-29 17:00:00+00:00,57.805,57.93,57.45,57.72,19723.0,54.247142132367166,54.721328856997204,53.638019032325055,54.19655103742585,54.89308298361567,"rgba(38, 166, 154, 1.0)",4.087167598959168,54.99300787109046,0.6672082959367726,1,0.6382113507697798,0.6382113507697798,0.0,0.0,0.0,0.0,55.671054904934174,11.131337569743337,False,False,True,False,False,4.549166437709946
2025-05-30 17:00:00+00:00,57.035,57.92,56.995,57.71,22483.0,54.25296500366396,54.731860550987264,53.68532858938899,54.21069458068234,54.90280580198082,"rgba(38, 166, 154, 1.0)",4.033317534404277,55.00485996044964,0.6706985047607734,1,0.6373161921031323,0.6373161921031323,0.0,0.0,0.0,0.0,55.406943655210945,10.702157446299054,False,False,True,False,False,4.531274574904664
2025-06-02 17:00:00+00:00,57.4,57.92,57.2,57.825,29145.0,54.26072653187247,54.74591026932405,53.74662608799177,54.22943344522291,54.91626881133683,"rgba(38, 166, 154, 1.0)",3.979682920050768,55.02200489209001,0.7043262401101633,1,0.6363552948228463,0.6363552948228463,0.0,0.0,0.0,0.0,55.638496711578,10.508145917742297,False,False,True,False,False,4.716774345153052
2025-06-03 17:00:00+00:00,58.51,58.6,58.11,58.19,23762.0,54.268240578542404,54.759814744811074,53.80333194534995,54.247444161080665,54.931198234578495,"rgba(38, 166, 154, 1.0)",3.9195331435086405,55.04418622855066,0.802599099502271,1,0.6350402387199252,0.6350402387199252,0.0,0.0,0.0,0.0,57.083970404433174,10.508145917742297,False,False,True,False,True,5.310903334052892
2025-06-04 17:00:00+00:00,58.255,58.35,57.875,57.895,33720.0,54.278171149945905,54.77792500700237,53.87690445302998,54.27110849716043,54.94980241586542,"rgba(38, 166, 154, 1.0)",3.873696964292746,55.069558316515014,0.7293915113984282,1,0.6343985389340443,0.6343985389340443,0.0,0.0,0.0,0.0,56.56288245584813,10.508145917742297,False,False,True,False,True,4.754884599943516
2025-06-05 17:00:00+00:00,57.93,58.35,57.755,58.115,15544.0,54.28277169236714,54.786290796098406,53.910230475564724,54.28201355513787,54.95840174668886,"rgba(38, 166, 154, 1.0)",3.8402096555003165,55.08115399703816,0.7900209298772215,1,0.6339458277950897,0.6339458277950897,0.0,0.0,0.0,0.0,57.0851312571572,10.508145917742297,False,False,True,False,True,5.123033532728556
2025-06-06 17:00:00+00:00,58.63,58.925,58.5,58.875,30342.0,54.29335664974579,54.80591790753466,53.98436525125985,54.30698110009238,54.980023175132295,"rgba(38, 166, 154, 1.0)",3.841467896989804,55.113006069780056,0.9793115629491174,1,0.6331436748162278,0.6331436748162278,0.0,0.0,0.0,0.0,60.02419475064305,10.508145917742297,False,False,True,False,True,6.390557390142742
2025-06-09 17:00:00+00:00,58.375,58.795,58.375,58.55,39914.0,54.30660645742177,54.83019791920303,54.07470226258373,54.33799923696562,55.005925387805405,"rgba(38, 166, 154, 1.0)",3.850000032759989,55.149133423150516,0.8833419604964177,1,0.632716150861175,0.632716150861175,0.0,0.0,0.0,0.0,60.182560794062674,10.508145917742297,False,False,True,False,True,5.751388262782292
2025-06-10 17:00:00+00:00,58.635,59.105,58.545,59.1,19228.0,54.31347139243758,54.842845753676684,54.12018870749934,54.353979669765216,55.01966598781071,"rgba(38, 166, 154, 1.0)",3.8720089671178584,55.16867210079456,1.0153199366508023,1,0.6337403042464325,0.6337403042464325,0.0,0.0,0.0,0.0,62.0658497005839,8.51709065899184,True,False,True,False,True,6.677911158356121
2025-06-11 17:00:00+00:00,59.585,59.815,59.16,59.175,40894.0,54.32947722189511,54.87253824032513,54.22328420956663,54.39103709699653,55.05249272518397,"rgba(38, 166, 154, 1.0)",3.894548085823624,55.216225781790826,1.0164912926917848,1,0.6334664583302578,0.6334664583302578,0.0,0.0,0.0,0.0,63.552485397971495,10.044327456609274,True,False,True,False,True,6.804872332291065
2025-06-12 17:00:00+00:00,59.075,59.355,59.075,59.255,15521.0,54.33534017967054,54.88332261669266,54.26021988325447,54.40452713105311,55.064152605825655,"rgba(38, 166, 154, 1.0)",3.9268388783570227,55.232583073620006,1.0243396917937624,1,0.6338418562854687,0.6338418562854687,0.0,0.0,0.0,0.0,64.80882111578762,11.34134062444538,True,False,True,False,True,6.942526151854278
2025-06-13 17:00:00+00:00,58.275,58.32,57.54,57.8,12931.0,54.33887764572484,54.889504918302634,54.282379866845474,54.412598757933075,55.069993279486525,"rgba(38, 166, 154, 1.0)",3.9254353600289265,55.3614338431923,0.6212218348157249,1,0.6385587692069133,0.6385587692069133,0.0,0.0,0.0,0.0,58.30320677750168,12.256515915006048,False,False,True,False,False,3.983700812619581
2025-06-16 17:00:00+00:00,58.97,59.055,58.405,58.54,25232.0,54.34727309655228,54.90461578353661,54.334040404040394,54.43175361739775,55.08553143676933,"rgba(38, 166, 154, 1.0)",3.948307639510361,55.41355936039942,0.79184322121067,1,0.6407481073148367,0.6407481073148367,0.0,0.0,0.0,0.0,56.84199098778982,11.09421967230896,False,True,True,False,False,5.290014933104125
2025-06-17 17:00:00+00:00,57.86,58.17,57.575,57.975,17500.0,54.352055612218415,54.91292241263998,54.36300044313305,54.442571710445065,55.09335808588061,"rgba(38, 166, 154, 1.0)",3.9719367674579553,55.412473132776896,0.6451580217031316,1,0.6441337451148771,0.6441337451148771,0.0,0.0,0.0,0.0,53.72366836683083,8.30894867615455,False,True,True,False,False,4.155625886445801
2025-06-18 17:00:00+00:00,59.2,59.84,59.085,59.45,47334.0,54.37054593543275,54.94668819841719,54.472320563586436,54.484454646324544,55.12942520700185,"rgba(38, 166, 154, 1.0)",4.01602224653753,55.49611342364054,0.9845280562796593,1,0.645871642571338,0.645871642571338,0.0,0.0,0.0,0.0,56.18653726214787,8.30894867615455,False,True,True,False,True,6.725298480527901
2025-06-19 17:00:00+00:00,59.45,59.45,59.45,59.45,0.0,54.37054593543275,54.94668819841719,54.472320563586436,54.484454646324544,55.12942520700185,"rgba(38, 166, 154, 1.0)",4.054624633541136,55.49611342364054,0.9751547760183932,1,0.6512114427372995,0.6512114427372995,0.0,0.0,0.0,0.0,57.8284498590259,8.30894867615455,False,True,True,False,True,6.725298480527901
2025-06-20 17:00:00+00:00,58.91,59.02,58.61,58.935,32067.0,54.381520080296276,54.96625851756137,54.535109824353995,54.509039697074435,55.149301625237456,"rgba(38, 166, 154, 1.0)",4.079295902856611,55.521965449903234,0.8366724629382046,1,0.6554237494998456,0.6554237494998456,0.0,0.0,0.0,0.0,56.82767073094203,8.30894867615455,False,True,True,False,True,5.661639219274505
2025-06-23 17:00:00+00:00,58.29,59.67,58.255,59.595,40908.0,54.39643281258884,54.992962340821414,54.6183592958985,54.542272416961005,55.17673351024557,"rgba(38, 166, 154, 1.0)",4.092371226104973,55.56245339821296,0.9853814277804722,1,0.655081475399373,0.655081475399373,0.0,0.0,0.0,0.0,58.105202299656064,8.30894867615455,False,True,True,False,True,6.82202064073984
2025-06-24 17:00:00+00:00,61.13,61.495,61.12,61.31,26058.0,54.410107819603965,55.01839387192684,54.69398160434985,54.57284148167338,55.204758348199576,"rgba(38, 166, 154, 1.0)",4.126839237248014,55.62144505336593,1.3784290154291274,1,0.650144595743795,0.650144595743795,0.0,0.0,0.0,0.0,62.55081480998123,7.4274929365785525,False,False,True,False,True,9.718761816567763
2025-06-25 17:00:00+00:00,60.16,60.33,59.84,60.2,44344.0,54.42927885119976,55.05313885015521,54.79645058629602,54.61519068188363,55.24120254445991,"rgba(38, 166, 154, 1.0)",4.140651913680978,55.68013707785701,1.091582440728494,1,0.6491196918968345,0.6491196918968345,0.0,0.0,0.0,0.0,61.552858566576575,7.4274929365785525,False,False,True,False,True,7.406381881241309
2025-06-26 17:00:00+00:00,60.865,61.24,60.83,61.075,21696.0,54.44012791984165,55.07303668059207,54.85365219035987,54.63911631985039,55.2624812197448,"rgba(38, 166, 154, 1.0)",4.13552424642783,55.71762697419975,1.2954519684965755,1,0.647121455925768,0.647121455925768,0.0,0.0,0.0,0.0,62.620736635650935,7.56038395418237,False,False,True,False,True,8.85853496468571
2025-06-27 17:00:00+00:00,62.07,62.08,60.765,61.61,28943.0,54.455498310762394,55.10130101236832,54.93361615185274,54.67291380238403,55.29277381858138,"rgba(38, 166, 154, 1.0)",4.1679254977692,55.77112610886819,1.4009064927520785,1,0.6430377020716442,0.6430377020716442,0.0,0.0,0.0,0.0,64.28715443082383,9.316944710372375,True,False,True,False,True,9.733352870511062
2025-06-30 17:00:00+00:00,61.74,61.89,61.535,61.865,25023.0,54.469257027677294,55.126593892855375,55.00408332278455,54.70304891816172,55.319801657377106,"rgba(38, 166, 154, 1.0)",4.218946686572826,55.81804047555986,1.4332865460673225,1,0.6383122524705007,0.6383122524705007,0.0,0.0,0.0,0.0,65.84870047290994,10.978836032118878,True,False,True,False,True,10.150520565962005
2025-07-01 17:00:00+00:00,61.805,62.185,61.755,61.975,23941.0,54.4827470069699,55.151367991415746,55.07219209404709,54.732485898915634,55.3461760662441,"rgba(38, 166, 154, 1.0)",4.271399904497802,55.8630470281813,1.4309016033321513,1,0.6325286915170544,0.6325286915170544,0.0,0.0,0.0,0.0,67.09511480459238,12.359624487247373,True,False,True,False,True,10.332462213078294
2025-07-02 17:00:00+00:00,62.11,62.695,62.06,62.65,50849.0,54.51312800475287,55.20718483067466,55.22262466268777,54.79845943876219,55.405452606072366,"rgba(38, 166, 154, 1.0)",4.348097882775626,55.96328383509017,1.5378485823417893,1,0.625252004202491,0.625252004202491,0.0,0.0,0.0,0.0,69.14820943226161,14.482828703848952,True,False,True,False,True,11.448897940418178
2025-07-03 17:00:00+00:00,64.29,64.36,64.2,64.2,500.0,54.51349236809554,55.207863335542,55.22443041943456,54.79925224818206,55.40618673220814,"rgba(38, 166, 154, 1.0)",4.454969860667874,56.47165105224836,1.7347701981070267,1,0.6165336262283231,0.6165336262283231,0.0,0.0,0.0,0.0,72.63414047262809,17.851652006231987,True,False,True,False,True,13.919768115768356
2025-07-04 17:00:00+00:00,64.2,64.2,64.2,64.2,0.0,54.51349236809554,55.207863335542,55.22443041943456,54.79925224818206,55.40618673220814,"rgba(38, 166, 154, 1.0)",4.554413514324225,56.47165105224836,1.6968922394606845,1,0.609077969568303,0.609077969568303,0.0,0.0,0.0,0.0,74.95809449953907,20.059561216798315,True,False,True,False,True,13.919768115768356
2025-07-07 17:00:00+00:00,62.97,63.34,62.73,62.97,17392.0,54.524538040245126,55.22817456679101,55.27823051255828,54.8231406284384,55.42772626554332,"rgba(38, 166, 154, 1.0)",4.627473973819632,56.431887723019386,1.4128901240656557,1,0.6049533620972135,0.6049533620972135,0.0,0.0,0.0,0.0,71.39724327131945,20.059561216798315,True,False,True,False,False,11.152100244366853
2025-07-08 17:00:00+00:00,63.03,63.195,62.755,62.815,20108.0,54.53713539869488,55.25125135801123,55.3387869411732,54.85027971561416,55.45202117027908,"rgba(38, 166, 154, 1.0)",4.694069936373685,56.46679526399761,1.3523881880862159,1,0.6019817924623058,0.6019817924623058,0.0,0.0,0.0,0.0,68.45394563243471,23.82592730611097,True,False,True,False,False,10.80866307390465
2025-07-09 17:00:00+00:00,62.255,62.59,62.105,62.55,58515.0,54.57137775827934,55.3132405816879,55.4982542828658,54.92333738219344,55.515973261625845,"rgba(38, 166, 154, 1.0)",4.748600457640755,56.54114586194217,1.2653947603423354,1,0.5983065147754258,0.5983065147754258,0.0,0.0,0.0,0.0,65.47752505002377,21.085252501850135,True,False,True,False,False,10.216023304476082
2025-07-10 17:00:00+00:00,63.78,64.04,63.66,63.91,36642.0,54.596618682356805,55.35935643209031,55.61475081618365,54.97711820023652,55.56410986368125,"rgba(38, 166, 154, 1.0)",4.825642187576925,56.638452161373934,1.5068559905551737,1,0.5910721287342573,0.5910721287342573,0.0,0.0,0.0,0.0,66.4509143768802,21.085252501850135,True,False,True,False,False,12.477353428631648
2025-07-11 17:00:00+00:00,63.105,63.275,62.875,63.13,30424.0,54.615725884169116,55.39381060646664,55.70017174973549,55.01742652827018,55.59932902827654,"rgba(38, 166, 154, 1.0)",4.860672855027715,56.691718462194785,1.324565904727712,1,0.5845783694226887,0.5845783694226887,0.0,0.0,0.0,0.0,64.2746097119373,19.91390994439074,False,False,True,False,False,10.726139312627513
2025-07-14 17:00:00+00:00,63.72,63.95,63.66,63.875,39075.0,54.64225719893774,55.44179548088374,55.81768727367446,55.07327137869273,55.64854369604454,"rgba(38, 166, 154, 1.0)",4.912147243369261,56.775720094879816,1.4452498171147574,1,0.5762078152653921,0.5762078152653921,0.0,0.0,0.0,0.0,64.39354064871834,19.82406798027074,True,False,True,False,False,11.956186254782125
2025-07-15 17:00:00+00:00,63.345,63.55,63.175,63.315,25123.0,54.65834455341116,55.470604303377286,55.887028763956835,55.10684920874294,55.67764583563983,"rgba(38, 166, 154, 1.0)",4.96158436261917,56.818737942039604,1.3093120227690904,1,0.5692328420125857,0.5692328420125857,0.0,0.0,0.0,0.0,62.52557001628203,17.79205866123931,False,False,True,False,False,10.698232025546485
2025-07-16 17:00:00+00:00,64.49,65.8,64.485,65.795,56753.0,54.702838832795216,55.55135698704614,56.08010004674577,55.19999858383638,55.76067613282182,"rgba(38, 166, 154, 1.0)",5.062772531202877,56.9733793953929,1.742448539853943,1,0.5573036630967516,0.5573036630967516,0.0,0.0,0.0,0.0,65.5454619442149,17.79205866123931,True,False,True,False,True,14.643921883645913
2025-07-17 17:00:00+00:00,67.6,68.275,67.555,68.23,88354.0,54.78848348082328,55.7078726130097,56.44730076506391,55.37879080181382,55.92258194050656,"rgba(38, 166, 154, 1.0)",5.170339035183131,58.01590977914433,1.9755165282877616,1,0.5399807317050138,0.5399807317050138,0.0,0.0,0.0,0.0,69.97758619519104,14.500392850815857,True,False,True,False,True,18.13959784138056
2025-07-18 17:00:00+00:00,67.835,67.855,67.24,67.325,38212.0,54.82366715507726,55.77140126459547,56.59203034147208,55.4513031395149,55.987112214413926,"rgba(38, 166, 154, 1.0)",5.144106715543583,58.11619353077556,1.7901662967836267,1,0.5268554795548998,0.5268554795548998,0.0,0.0,0.0,0.0,70.39682856373834,14.95320843670342,True,False,True,False,True,16.137745795989343
2025-07-21 17:00:00+00:00,66.97,67.035,66.255,66.33,42805.0,54.85995782651191,55.83614468826141,56.73618473115191,55.52527911304994,56.05180298638429,"rgba(38, 166, 154, 1.0)",5.065958553231832,58.195058237161206,1.6058050371630261,1,0.5166040725472679,0.5166040725472679,0.0,0.0,0.0,0.0,68.14486030448617,14.95320843670342,True,False,True,False,True,13.991909586099862
2025-07-22 17:00:00+00:00,66.07,66.55,65.985,66.445,44866.0,54.897064946641215,55.90183906538709,56.8796708841286,55.60028344338323,56.1167872482897,"rgba(38, 166, 154, 1.0)",4.933209344984372,58.27457555686635,1.6562087419704916,0,,,0.0,0.0,0.0,0.0,66.80925387691558,14.95320843670342,True,False,True,False,False,14.160848663544193
2025-07-23 17:00:00+00:00,67.655,68.055,67.445,67.795,55538.0,54.94840590598031,55.993092835029834,57.07760215845865,55.703956181393906,56.20752745507637,"rgba(38, 166, 154, 1.0)",4.982962271581003,58.42300525372792,1.880807888055415,0,,,0.0,0.0,0.0,0.0,67.7471903923403,14.95320843670342,True,False,True,False,False,16.11412492659861
2025-07-24 17:00:00+00:00,67.44,67.58,67.3,67.425,33607.0,54.97847991748767,56.046104507923,57.19032464665572,55.764143474874835,56.259699863718104,"rgba(38, 166, 154, 1.0)",4.91600839050293,58.50100173176938,1.8152935388537148,0,,,0.0,0.0,0.0,0.0,67.32731821382919,14.95320843670342,True,False,True,False,False,15.303301971066805
2025-07-25 17:00:00+00:00,67.32,67.825,67.32,67.585,49022.0,55.02258550171442,56.123507839298505,57.352633951754036,55.851890820045135,56.33549620670161,"rgba(38, 166, 154, 1.0)",4.8886925129819945,58.61365024144895,1.8351225270821374,0,,,0.0,0.0,0.0,0.0,67.28689784525213,14.95320843670342,True,False,True,False,False,15.536798697667134
2025-07-28 17:00:00+00:00,67.65,67.79,67.39,67.55,38358.0,55.05688180669906,56.18335233066493,57.47614042742682,55.91964620225585,56.39372658952827,"rgba(38, 166, 154, 1.0)",4.862603365121013,58.69789783884414,1.8204450366343126,0,,,0.0,0.0,0.0,0.0,67.14237642325295,14.95320843670342,True,False,True,False,False,15.457822067357796
2025-07-29 17:00:00+00:00,67.565,67.975,67.53,67.775,73764.0,55.123269203369894,56.29851934993934,57.70961453372648,56.049780801714505,56.50512982916437,"rgba(38, 166, 154, 1.0)",4.8316900667262,58.85787031408897,1.845550845100667,0,,,0.0,0.0,0.0,0.0,67.4500761093556,14.95320843670342,True,False,True,False,False,15.796594879999535
2025-07-30 17:00:00+00:00,68.355,68.6,66.785,67.6,67564.0,55.183002199778855,56.401125985802096,57.91234905097653,56.16551230139567,57.25914368058142,"rgba(38, 166, 154, 1.0)",4.772185924237993,59.66491662975426,1.6627774978219825,0,,,0.0,0.0,0.0,0.0,66.95173455663243,14.95320843670342,True,False,True,False,False,15.388438890249184
2025-07-31 17:00:00+00:00,67.745,67.75,66.76,67.04,60630.0,55.234086215038154,56.487792588587915,58.078784450132744,56.263179736888866,57.327285269646424,"rgba(38, 166, 154, 1.0)",4.712710852214075,59.750077135642826,1.546864022207581,0,,,0.0,0.0,0.0,0.0,64.41193186818502,17.67469777123445,False,False,True,False,False,14.080868855081167
2025-08-01 17:00:00+00:00,65.375,65.515,64.855,65.315,37207.0,55.26012651137741,56.53069508075168,58.15669157813224,56.31168543664344,57.34047188170456,"rgba(38, 166, 154, 1.0)",4.6092635866058425,59.74993745480082,1.2073647862905497,0,,,0.0,0.0,0.0,0.0,57.61330353781544,11.358782233913601,False,True,True,False,False,10.20650996692465
2025-08-04 17:00:00+00:00,66.38,66.94,66.33,66.625,33515.0,55.286752859676724,56.57515882027396,58.23906925024608,56.36173693477309,57.378026741666375,"rgba(38, 166, 154, 1.0)",4.45930141581805,59.79251647074905,1.5321869710387237,0,,,0.0,0.0,0.0,0.0,56.45286662521579,10.47350605228118,False,True,True,False,False,12.319060099885927
2025-08-05 17:00:00+00:00,66.97,67.45,66.94,67.185,44462.0,55.32361846688408,56.63679638994839,58.35304317136861,56.430972340125955,57.43664081099267,"rgba(38, 166, 154, 1.0)",4.371139833206117,59.864672005529506,1.6746954510263805,0,,,0.0,0.0,0.0,0.0,56.901637752887325,10.47350605228118,False,True,True,False,False,13.198019268175464
2025-08-06 17:00:00+00:00,67.375,67.65,67.27,67.485,90478.0,55.39967005791266,56.763272056430665,58.58322609712059,56.572717545791036,57.55796529428858,"rgba(38, 166, 154, 1.0)",4.309781659777525,60.01621941869293,1.7329835177062352,0,,,0.0,0.0,0.0,0.0,57.8474707460369,10.47350605228118,False,True,True,False,False,13.668158353647925
2025-08-07 17:00:00+00:00,65.725,65.87,64.525,64.85,48741.0,55.43222183866196,56.81526981051274,58.67044187441209,56.6311799000862,57.59018905159231,"rgba(38, 166, 154, 1.0)",4.2422902385937995,60.03534277413099,1.1349193372174673,0,,,0.0,0.0,0.0,0.0,52.25809788414377,6.6863578306144476,False,True,False,False,False,8.008626838044012
2025-08-08 17:00:00+00:00,64.925,65.095,64.58,64.7,36534.0,55.455749005246375,56.852468232190795,58.7314067850855,56.67299068991248,57.613206009911906,"rgba(239, 83, 80, 1.0)",4.173804486543622,60.04721949734352,1.1147576551937408,0,,,0.0,0.0,0.0,0.0,48.26330780424676,3.155590441851345,False,True,False,True,False,7.701997744790063
2025-08-11 17:00:00+00:00,64.54,64.69,64.29,64.385,33876.0,55.47667613686675,56.88520207147225,58.78378045097669,56.70978668818402,57.63279031046428,"rgba(239, 83, 80, 1.0)",4.097355297314623,60.05481195038085,1.056825131190631,0,,,0.0,0.0,0.0,0.0,45.00566900797845,0.3249987420313829,False,True,False,True,False,7.052503681988412
2025-08-12 17:00:00+00:00,65.58,65.85,65.355,65.555,38232.0,55.50313984464313,56.927280614823246,58.85331654693567,56.75690532336837,57.665797924424325,"rgba(239, 83, 80, 1.0)",4.036901621627964,60.08428945344962,1.355175592400047,0,,,0.0,0.0,0.0,0.0,46.03525166678341,0.3249987420313829,False,True,False,True,False,9.01651359763111
2025-08-13 17:00:00+00:00,65.895,66.35,65.715,66.225,51055.0,55.540040692174834,56.98611406570923,58.95085590006464,56.82264261922305,57.71563860557355,"rgba(239, 83, 80, 1.0)",3.9830234419017065,60.13496557891057,1.5289978856317556,0,,,0.0,0.0,0.0,0.0,48.30295855623534,0.3249987420313829,False,True,False,False,True,10.112472598652058
2025-08-14 17:00:00+00:00,65.23,65.83,65.145,65.615,59335.0,55.580319589046496,57.04935316981739,59.05223265951993,56.893290160455464,57.765896668021526,"rgba(239, 83, 80, 1.0)",3.9200917471796606,60.17968524814388,1.3865274341516598,0,,,0.0,0.0,0.0,0.0,48.30711928354345,0.3249987420313829,False,True,False,False,True,8.819078463460905
2025-08-15 17:00:00+00:00,65.695,65.76,65.44,65.47,25304.0,55.59744407407033,57.07612217527545,59.09469581199701,56.92316296473853,57.78741374254829,"rgba(239, 83, 80, 1.0)",3.8811891578843536,60.19909359516676,1.358064807051668,0,,,0.0,0.0,0.0,0.0,47.9494832200567,0.3249987420313829,False,True,False,True,True,8.511259899866289
2025-08-18 17:00:00+00:00,65.24,65.32,64.79,65.03,27899.0,55.61529334017446,57.10367861880937,59.13723098363704,56.95392986040992,57.80823564063354,"rgba(239, 83, 80, 1.0)",3.811854302727874,60.215090439343264,1.2631410275075434,0,,,0.0,0.0,0.0,0.0,46.59359751354741,0.3249987420313829,False,True,False,True,True,7.572304573476234
2025-08-19 17:00:00+00:00,64.73,64.87,64.425,64.485,116012.0,55.68526498806249,57.20982669383948,59.294689585776865,57.072377822452154,57.88509588356624,"rgba(239, 83, 80, 1.0)",3.7271500234491617,60.26489911517495,1.132259463202317,0,,,0.0,0.0,0.0,0.0,44.37323974460536,-0.8463175401603422,False,True,False,True,False,6.41532995509392
2025-08-20 17:00:00+00:00,64.02,64.24,63.61,64.035,30902.0,55.70241107993355,57.23522002648887,59.33029183927501,57.100713673648364,57.90212732643066,"rgba(239, 83, 80, 1.0)",3.665059102555512,60.27219421487324,1.0266698789394941,0,,,0.0,0.0,0.0,0.0,41.86607121098745,-3.37991748228432,False,True,False,True,False,5.465406586626326
2025-08-21 17:00:00+00:00,63.57,64.075,63.435,64.075,126015.0,55.77076386671078,57.33531305233874,59.46700273994225,57.212241093353775,58.374885718499606,"rgba(239, 83, 80, 1.0)",3.6356402400340366,60.69974231787043,0.9283805490330839,0,,,0.0,0.0,0.0,0.0,40.355778299957315,-4.946257655924455,False,True,False,True,False,5.538916403393969
2025-08-22 17:00:00+00:00,65.73,66.025,65.675,65.92,40371.0,55.797804744859405,57.37643095981473,59.52832981996288,57.257771820784015,58.43363194791093,"rgba(239, 83, 80, 1.0)",3.6065700495792834,60.76440714389625,1.429500269017419,0,,,0.0,0.0,0.0,0.0,45.28784942374861,-9.679532922913616,False,True,False,True,True,8.831277592046838
2025-08-25 17:00:00+00:00,65.04,65.2,64.83,64.895,29635.0,55.81580098856216,57.403198500250795,59.56633722939013,57.28743761655693,58.45896633843661,"rgba(239, 83, 80, 1.0)",3.5950554857951413,60.78700243636787,1.142679877922255,0,,,0.0,0.0,0.0,0.0,45.80199250113563,-9.190536573026975,False,True,False,True,True,6.637674922686603
2025-08-26 17:00:00+00:00,65.02,65.51,64.715,65.47,33989.0,55.836930523420044,57.43470032916396,59.61131872072668,57.32230901235658,58.489673243628204,"rgba(239, 83, 80, 1.0)",3.5959618467947347,60.815928348893884,1.2942494524113284,0,,,0.0,0.0,0.0,0.0,47.68570286963349,-7.311589984012635,False,True,False,False,True,7.646532233284493
2025-08-27 17:00:00+00:00,65.53,65.815,65.405,65.51,28371.0,55.855140123377765,57.46195671299396,59.65059333773939,57.35244245644526,58.517427990989326,"rgba(239, 83, 80, 1.0)",3.59745446164415,60.8437035552735,1.2971106360006184,0,,,0.0,0.0,0.0,0.0,49.05087634044307,-5.886090965007618,False,True,False,False,True,7.717015210504822
2025-08-28 17:00:00+00:00,66.07,66.085,65.73,65.805,54082.0,55.890717642880965,57.515292843494215,59.72772262622327,57.411329103615024,58.57211682823718,"rgba(239, 83, 80, 1.0)",3.602508570426974,60.90036606000107,1.3614496243703966,0,,,0.0,0.0,0.0,0.0,50.81440600305136,-4.062827225597054,False,True,False,False,True,8.24274033151427
2025-08-29 17:00:00+00:00,66.015,66.015,65.7,65.825,13385.0,55.89946049260254,57.528347205526096,59.746435891167245,57.4257322621228,58.58490026639938,"rgba(239, 83, 80, 1.0)",3.60648874434163,60.913409096208625,1.3618761216147914,0,,,0.0,0.0,0.0,0.0,52.05147865657251,-2.716142699128625,False,True,True,False,True,8.278806432227846
2025-09-01 17:00:00+00:00,65.825,65.825,65.825,65.825,0.0,55.89946049260254,57.528347205526096,59.746435891167245,57.4257322621228,58.58490026639938,"rgba(239, 83, 80, 1.0)",3.603492206329977,60.913409096208625,1.3630086101375674,0,,,0.0,0.0,0.0,0.0,52.87619375891995,-1.7130426541016206,False,True,True,False,True,8.278806432227835
2025-09-02 17:00:00+00:00,65.68,66.54,65.53,66.33,51728.0,55.93407405455531,57.58014062681873,59.82104081868606,57.48281498966981,58.63680091332674,"rgba(239, 83, 80, 1.0)",3.599765818208978,60.96819652247946,1.4894867467207193,0,,,0.0,0.0,0.0,0.0,55.15673029841434,0.6371760512791056,False,False,True,False,True,9.21323997430327
2025-09-03 17:00:00+00:00,64.99,65.435,64.605,65.345,39650.0,55.95784881027975,57.614805199167435,59.86813821820924,57.52104054719074,58.66398896949761,"rgba(239, 83, 80, 1.0)",3.544246151692006,61.465713541578,1.094530766879735,0,,,0.0,0.0,0.0,0.0,52.689000758605694,0.6371760512791056,False,True,True,False,False,6.929515143445389
2025-09-04 17:00:00+00:00,66.345,66.745,66.3,66.58,31166.0,55.97931711383393,57.64691330254181,59.91436551351353,57.556352200298086,58.696600332230744,"rgba(239, 83, 80, 1.0)",3.5031039608267656,61.538432547574395,1.4391715201154767,0,,,0.0,0.0,0.0,0.0,54.881019134076155,0.6371760512791056,False,False,True,False,False,9.212034681435071
2025-09-05 17:00:00+00:00,66.035,66.615,65.79,66.535,17155.0,55.990842342183015,57.66403734408899,59.93867130614521,57.5751804808101,58.713147472093894,"rgba(239, 83, 80, 1.0)",3.4545017958683237,61.56184450451647,1.4396158373492673,0,,,0.0,0.0,0.0,0.0,56.16553865682616,1.5957662990205748,False,False,True,False,True,9.107175083854063
2025-09-08 17:00:00+00:00,66.25,66.69,66.1,66.61,45721.0,56.02188826892626,57.710150293542576,60.00409427994313,57.62584151435745,58.757904725622915,"rgba(38, 166, 154, 1.0)",3.4014619829745922,61.62018467819942,1.4669619554109976,0,,,0.0,0.0,0.0,0.0,57.2489273458998,2.76796366865198,False,False,True,False,True,9.2464189618658
2025-09-09 17:00:00+00:00,66.655,66.86,66.19,66.19,30524.0,56.04240743360715,57.740482088315225,60.046692019247935,57.659141303293495,58.786575868248335,"rgba(38, 166, 154, 1.0)",3.362585893608031,61.65280157722644,1.3493182230373229,0,,,0.0,0.0,0.0,0.0,56.10567428014143,2.76796366865198,False,False,True,False,True,8.241251239206463
2025-09-10 17:00:00+00:00,67.205,67.34,66.4,67.125,77056.0,56.096534836481894,57.820844581942026,60.160688269479984,57.74722514638798,58.86583130235276,"rgba(38, 166, 154, 1.0)",3.3204215921399776,61.75266727002607,1.617967050536951,0,,,0.0,0.0,0.0,0.0,58.281758295466474,3.9572260374897255,True,False,True,False,True,10.002892049878614
2025-09-11 17:00:00+00:00,68.825,69.0,68.41,68.8,52746.0,56.13930608020373,57.885623745588944,60.25647549358935,57.81804542185365,58.9378316648493,"rgba(38, 166, 154, 1.0)",3.3030965297254826,61.86407779202446,2.0998242544706907,0,,,0.0,0.0,0.0,0.0,63.192749807343006,8.572295287345696,True,False,True,False,True,12.993920684714887
2025-09-12 17:00:00+00:00,67.985,68.315,67.66,67.775,129748.0,56.23652693954233,58.02994894441044,60.46131016360554,57.97563396246433,59.08253401330052,"rgba(38, 166, 154, 1.0)",3.2599210417122144,62.045127304574784,1.757672232581348,0,,,0.0,0.0,0.0,0.0,62.55924106724395,8.572295287345696,True,False,True,False,True,10.536051775723656
2025-09-15 17:00:00+00:00,68.66,69.42,68.445,69.39,55341.0,56.281606834540355,58.09737785176106,60.558557575584686,58.04908824129957,59.153411268435924,"rgba(38, 166, 154, 1.0)",3.2445019162707465,62.141847567544595,2.233980012804703,0,,,0.0,0.0,0.0,0.0,64.99531869133332,10.207397884281889,True,False,True,False,True,13.306609917164526
2025-09-16 17:00:00+00:00,69.745,69.97,69.665,69.67,48373.0,56.32284165288734,58.15927042709738,60.648451462060756,58.11642942363017,59.219636276757115,"rgba(38, 166, 154, 1.0)",3.2372259117342232,62.23461878148938,2.2968372987374837,0,,,0.0,0.0,0.0,0.0,67.03540466535952,12.171284351650918,True,False,True,False,True,13.77215183648828
2025-09-17 17:00:00+00:00,69.85,70.59,68.65,69.355,227590.0,56.51015515680892,58.43611200275135,61.03848475597071,58.416919976677825,59.50002284849793,"rgba(38, 166, 154, 1.0)",3.207914761510505,62.594723292988405,2.107374169701566,0,,,0.0,0.0,0.0,0.0,67.21467088382599,12.47842107655849,True,False,True,False,True,13.009761386640069
2025-09-18 17:00:00+00:00,70.725,70.85,70.545,70.725,68166.0,56.57019789280301,58.52493044560046,61.16397701337871,58.513057468503604,59.591568225799236,"rgba(38, 166, 154, 1.0)",3.2092212549250876,62.71629839752361,2.495528031975262,0,,,0.0,0.0,0.0,0.0,69.4523092671544,14.763582737967084,True,False,True,False,True,15.285712314358587
2025-09-19 17:00:00+00:00,70.995,72.02,70.975,71.825,72287.0,56.63733669481994,58.62458011262811,61.30576510154642,58.620781796915935,59.69600898523554,"rgba(38, 166, 154, 1.0)",3.251702794392957,62.85871841126507,2.7574111644507773,0,,,0.0,0.0,0.0,0.0,72.25106453557783,17.500426438686958,True,False,True,False,True,17.029496366947658
2025-09-22 17:00:00+00:00,72.125,73.025,72.065,72.72,105699.0,56.740900548627,58.77856531697319,61.525695477074734,58.786992178394804,59.85906545083729,"rgba(38, 166, 154, 1.0)",3.3036047360802963,63.0846273560244,2.9166239346804854,0,,,0.0,0.0,0.0,0.0,75.01034356546869,20.134179686134104,True,False,True,False,True,18.4017109263195
2025-09-23 17:00:00+00:00,72.685,73.01,71.63,71.67,134218.0,56.866402233900345,58.96237879518395,61.7808620671682,58.98500355649378,60.04592342588576,"rgba(38, 166, 154, 1.0)",3.327179770500108,63.32891742299363,2.506952780538404,0,,,0.0,0.0,0.0,0.0,73.15337149634408,20.134179686134104,True,False,True,False,True,15.827912848855895
2025-09-24 17:00:00+00:00,70.45,70.64,69.67,69.68,107070.0,56.95141790097524,59.08248512862525,61.935980766270326,59.11409392830166,60.15597982423778,"rgba(38, 166, 154, 1.0)",3.29927828853905,63.44923251904105,1.888524378984108,0,,,0.0,0.0,0.0,0.0,66.66180297058365,22.105656591325783,True,False,True,False,False,11.232461975995932
2025-09-25 17:00:00+00:00,68.78,68.845,68.19,68.43,46049.0,56.983455495954566,59.12631231712952,61.98875858000821,59.161120705129115,60.19239709267195,"rgba(239, 83, 80, 1.0)",3.2474850241351274,63.48094530218611,1.5239653642843003,0,,,0.0,0.0,0.0,0.0,59.86090588121492,16.084984722963128,True,False,True,False,False,8.5238296756735
2025-09-26 17:00:00+00:00,68.75,68.92,68.225,68.385,63975.0,57.02775380443406,59.18666644230307,62.060926067418826,59.2258264016504,60.24255038332198,"rgba(239, 83, 80, 1.0)",3.1468594640508565,63.524736520392246,1.5444806274733636,0,,,0.0,0.0,0.0,0.0,55.24113586073463,12.177572692304814,False,False,True,False,False,8.427565374471573
2025-09-29 17:00:00+00:00,69.085,69.485,69.03,69.135,43620.0,57.05960984713787,59.23045990994642,62.114515184848365,59.27275263454598,60.28057600639537,"rgba(239, 83, 80, 1.0)",3.0710879282532817,63.56192667974341,1.814690249987844,0,,,0.0,0.0,0.0,0.0,53.86246820239572,11.115223440023051,False,False,True,False,False,9.70736428996807
2025-09-30 17:00:00+00:00,68.0,68.625,67.3,68.565,56171.0,57.0968544037419,59.28040479919826,62.17229163471207,59.32620309197263,60.32088621958816,"rgba(239, 83, 80, 1.0)",2.959359560615944,63.59436831169636,1.6796308750225275,0,,,0.0,0.0,0.0,0.0,51.66970372612886,9.054068981754362,False,True,False,False,False,8.463052887982233
