date,Open,High,Low,Close,Volume,aVWAP_BoS_CHoCH_bull_88,aVWAP_BoS_CHoCH_bull_188,Peaks_Valleys_avg,color,StDev,StDev_Mean,StdDev_ZScore,MA_Cross_Count,MA_Avg_Deviation_Z,MA_Oscillation_Score,BoS,CHoCH,BoS_CHoCH_Price,BoS_CHoCH_Break_Index,QQEMOD,QQE1_Value,QQE1_Above_Upper,QQE1_Below_Lower,QQE2_Above_Threshold,QQE2_Below_Threshold,QQE2_Above_TL,banker_RSI
2024-01-12 17:00:00+00:00,41.04,41.22,40.975,41.075,10155.0,,,,"rgba(38, 166, 154, 1.0)",,,,0,,,0.0,0.0,0.0,0.0,,,False,False,False,False,False,
2024-01-15 17:00:00+00:00,41.075,41.075,41.075,41.075,0.0,,,,"rgba(239, 83, 80, 1.0)",,,,0,,,0.0,0.0,0.0,0.0,,,False,False,False,False,False,
2024-01-16 17:00:00+00:00,40.94,41.015,40.785,41.0,22626.0,,,,"rgba(38, 166, 154, 1.0)",,,,0,,,0.0,0.0,0.0,0.0,0.0,,False,False,False,True,False,
2024-01-17 17:00:00+00:00,40.435,40.445,40.09,40.365,28689.0,,,,"rgba(239, 83, 80, 1.0)",,,,0,,,0.0,0.0,0.0,0.0,0.0,-50.0,False,False,False,True,True,
2024-01-18 17:00:00+00:00,39.89,39.96,39.775,39.905,17254.0,,,,"rgba(239, 83, 80, 1.0)",,,,0,,,0.0,0.0,0.0,0.0,0.0,-50.0,False,False,False,True,True,
2024-01-19 17:00:00+00:00,40.14,40.645,40.105,40.48,26242.0,,,,"rgba(239, 83, 80, 1.0)",,,,0,,,0.0,0.0,0.0,0.0,12.459704926365285,-38.78626556627124,False,False,False,True,True,
2024-01-22 17:00:00+00:00,40.24,40.275,40.075,40.18,23840.0,,,,"rgba(239, 83, 80, 1.0)",,,,0,,,0.0,0.0,0.0,0.0,18.524375143229445,-34.075644666675416,False,False,False,True,True,
2024-01-23 17:00:00+00:00,39.83,39.895,39.725,39.785,14464.0,,,,"rgba(239, 83, 80, 1.0)",,,,0,,,0.0,0.0,0.0,0.0,20.4173332565801,-33.134573135315364,False,False,False,True,True,
2024-01-24 17:00:00+00:00,39.68,39.745,39.365,39.435,16054.0,,,,"rgba(239, 83, 80, 1.0)",,,,0,,,0.0,0.0,0.0,0.0,20.280416748731266,-33.134573135315364,False,False,False,True,True,
2024-01-25 17:00:00+00:00,39.675,39.845,39.565,39.805,23101.0,,,,"rgba(38, 166, 154, 1.0)",,,,0,,,0.0,0.0,0.0,0.0,24.747678787778984,-29.87819404447832,False,False,False,True,True,
2024-01-26 17:00:00+00:00,39.765,39.785,39.625,39.72,8289.0,,,,"rgba(38, 166, 154, 1.0)",,,,0,,,0.0,0.0,0.0,0.0,27.25077562972758,-27.819983898412712,False,False,False,True,True,
2024-01-29 17:00:00+00:00,39.75,40.225,39.73,40.155,12965.0,,,,"rgba(38, 166, 154, 1.0)",,,,0,,,0.0,0.0,0.0,0.0,33.34299596545109,-22.418882700501058,False,False,False,True,True,
2024-01-30 17:00:00+00:00,40.07,40.38,40.06,40.32,6706.0,,,,"rgba(38, 166, 154, 1.0)",,,,0,,,0.0,0.0,0.0,0.0,38.80522175728508,-17.71472058941196,False,False,False,True,True,
2024-01-31 17:00:00+00:00,40.52,40.58,40.045,40.115,11695.0,,,,"rgba(239, 83, 80, 1.0)",,,,0,,,0.0,0.0,0.0,0.0,40.833284354021465,-16.113827314158073,False,False,False,True,True,
2024-02-01 17:00:00+00:00,40.4,40.565,40.345,40.43,15223.0,,,,"rgba(38, 166, 154, 1.0)",,,,0,,,0.0,0.0,0.0,0.0,44.8310198254799,-12.511369288867094,False,False,False,True,True,
2024-02-02 17:00:00+00:00,39.485,40.1,39.305,40.03,33399.0,,,,"rgba(239, 83, 80, 1.0)",,,,0,,,0.0,0.0,0.0,0.0,44.49146360173574,-12.511369288867094,False,False,False,True,True,
2024-02-05 17:00:00+00:00,39.42,39.53,39.315,39.45,30232.0,,,,"rgba(239, 83, 80, 1.0)",,,,0,,,0.0,0.0,0.0,0.0,41.08515826886624,-12.511369288867094,False,False,False,True,False,
2024-02-06 17:00:00+00:00,39.365,39.705,39.365,39.675,14118.0,,,,"rgba(239, 83, 80, 1.0)",,,,0,,,0.0,0.0,0.0,0.0,40.71558689011347,-12.511369288867094,False,False,False,True,False,
2024-02-07 17:00:00+00:00,39.625,39.685,39.175,39.34,16482.0,,,,"rgba(239, 83, 80, 1.0)",,,,0,,,0.0,0.0,0.0,0.0,38.77805953963128,-12.511369288867094,False,False,False,True,False,
2024-02-08 17:00:00+00:00,38.99,39.115,38.87,38.95,18153.0,,,,"rgba(239, 83, 80, 1.0)",,,,0,,,0.0,0.0,0.0,0.0,35.82818762512386,-7.398704471614181,False,False,False,True,False,
2024-02-09 17:00:00+00:00,38.58,39.075,38.575,39.06,12191.0,,,,"rgba(239, 83, 80, 1.0)",,,,0,,,0.0,0.0,0.0,0.0,34.87221620070548,-8.616289592208759,False,False,False,True,False,
2024-02-12 17:00:00+00:00,39.445,39.58,39.345,39.45,9940.0,,,,"rgba(239, 83, 80, 1.0)",,,,0,,,0.0,0.0,0.0,0.0,37.52384534462719,-8.616289592208759,False,False,False,True,False,
2024-02-13 17:00:00+00:00,38.605,38.64,38.24,38.485,9721.0,,,38.455,"rgba(239, 83, 80, 1.0)",,38.455,,0,,,0.0,0.0,0.0,0.0,35.14269831373847,-8.628519935480774,False,False,False,True,False,
2024-02-14 17:00:00+00:00,38.51,38.855,38.445,38.85,13129.0,,,38.60534668125456,"rgba(239, 83, 80, 1.0)",,38.60534668125456,,0,,,0.0,0.0,0.0,0.0,36.109298249634136,-8.628519935480774,False,False,False,True,False,
2024-02-15 17:00:00+00:00,38.82,39.125,38.75,39.125,32875.0,,,38.8381726633767,"rgba(239, 83, 80, 1.0)",,38.8381726633767,,0,,,0.0,0.0,0.0,0.0,38.51586849922636,-8.628519935480774,False,False,False,True,True,
2024-02-16 17:00:00+00:00,39.285,39.365,39.19,39.26,49064.0,,,39.04114196146543,"rgba(239, 83, 80, 1.0)",,39.04114196146543,,0,,,0.0,0.0,0.0,0.0,40.97035033034118,-8.628519935480774,False,False,False,True,True,
2024-02-19 17:00:00+00:00,39.26,39.26,39.26,39.26,0.0,,,39.04114196146543,"rgba(239, 83, 80, 1.0)",,39.04114196146543,,0,,,0.0,0.0,0.0,0.0,42.60667155108439,-13.044791124046661,False,False,False,True,True,
2024-02-20 17:00:00+00:00,39.64,39.78,39.555,39.65,31686.0,,,39.18521190694267,"rgba(239, 83, 80, 1.0)",,39.18521190694267,,0,,,0.0,0.0,0.0,0.0,46.24646782953275,-9.46623946345423,False,False,False,True,True,
2024-02-21 17:00:00+00:00,39.855,39.925,39.665,39.81,12669.0,,,39.23743492865956,"rgba(239, 83, 80, 1.0)",,39.23743492865956,,0,,,0.0,0.0,0.0,0.0,49.621360057068486,-6.239524722380374,False,False,False,False,True,
2024-02-22 17:00:00+00:00,39.65,39.935,39.64,39.91,23412.0,,,39.57296999717966,"rgba(239, 83, 80, 1.0)",,39.57296999717966,,0,,,0.0,0.0,0.0,0.0,52.47144934733335,-3.534842561299655,False,False,True,False,True,
2024-02-23 17:00:00+00:00,39.56,39.57,39.225,39.385,33854.0,,,39.45060039234612,"rgba(239, 83, 80, 1.0)",,39.45060039234612,,0,,,0.0,0.0,0.0,0.0,50.57147534616283,-3.534842561299655,False,False,False,False,True,
2024-02-26 17:00:00+00:00,38.625,38.76,38.485,38.59,28273.0,,,39.24875702033062,"rgba(239, 83, 80, 1.0)",,39.24875702033062,,0,,,0.0,0.0,0.0,0.0,45.402626165232874,1.7540413739328784,False,False,False,True,False,
2024-02-27 17:00:00+00:00,38.58,38.705,38.5,38.695,29380.0,,,39.135470771692994,"rgba(239, 83, 80, 1.0)",,39.135470771692994,,0,,,0.0,0.0,0.0,0.0,42.73283752860034,-0.7093421186692481,False,False,False,True,False,
2024-02-28 17:00:00+00:00,38.67,38.735,38.62,38.625,11169.0,,,39.105727617167034,"rgba(239, 83, 80, 1.0)",,39.105727617167034,,0,,,0.0,0.0,0.0,0.0,40.62656041169838,-2.7352050458107726,False,False,False,True,False,
2024-02-29 17:00:00+00:00,38.63,38.76,38.525,38.58,45458.0,,,39.010300055130934,"rgba(239, 83, 80, 1.0)",,39.010300055130934,,0,,,0.0,0.0,0.0,0.0,38.996760729105176,-4.41608906039761,False,False,False,True,False,
2024-03-01 17:00:00+00:00,38.55,38.655,38.48,38.55,14704.0,,,38.84319858322623,"rgba(239, 83, 80, 1.0)",,38.84319858322623,,0,,,0.0,0.0,0.0,0.0,37.74644484695443,-5.837553335229089,False,False,False,True,False,
2024-03-04 17:00:00+00:00,38.7,39.065,38.695,39.0,7865.0,,,38.88389624678301,"rgba(239, 83, 80, 1.0)",,38.88389624678301,,0,,,0.0,0.0,0.0,0.0,40.977749005996145,-5.837553335229089,False,False,False,True,True,
2024-03-05 17:00:00+00:00,39.14,39.145,38.82,39.015,8656.0,,,38.912913145277166,"rgba(239, 83, 80, 1.0)",,38.912913145277166,,0,,,0.0,0.0,0.0,0.0,43.25480991368842,-5.837553335229089,False,False,False,True,True,
2024-03-06 17:00:00+00:00,39.465,39.495,39.275,39.445,14046.0,,,38.993514251117716,"rgba(239, 83, 80, 1.0)",,38.993514251117716,,0,,,0.0,0.0,0.0,0.0,47.98157723066869,-8.521521189025272,False,False,False,False,True,
2024-03-07 17:00:00+00:00,39.975,40.295,39.915,40.265,20691.0,,,39.419059051843625,"rgba(38, 166, 154, 1.0)",,39.419059051843625,,0,,,0.0,0.0,0.0,0.0,55.15526245564496,-1.9234178226034047,False,False,True,False,True,
2024-03-08 17:00:00+00:00,40.1,40.22,40.025,40.065,9865.0,,,39.455967410868375,"rgba(38, 166, 154, 1.0)",,39.455967410868375,,0,,,0.0,0.0,0.0,0.0,58.26554992087446,0.7906157177582713,False,False,True,False,True,
2024-03-11 17:00:00+00:00,39.93,40.07,39.89,40.06,8641.0,,,39.47533893870361,"rgba(38, 166, 154, 1.0)",,39.47533893870361,,0,,,0.0,0.0,0.0,0.0,60.295528012583205,2.662990856505374,False,False,True,False,True,
2024-03-12 17:00:00+00:00,39.675,39.755,39.565,39.73,15516.0,,,39.46492348274105,"rgba(38, 166, 154, 1.0)",,39.46492348274105,,0,,,0.0,0.0,0.0,0.0,58.84395548989123,2.662990856505374,True,False,True,False,True,
2024-03-13 17:00:00+00:00,39.75,39.825,39.555,39.745,12724.0,,,39.46676630080143,"rgba(38, 166, 154, 1.0)",,39.46676630080143,,0,,,0.0,0.0,0.0,0.0,57.97378495111404,2.662990856505374,True,False,True,False,True,
2024-03-14 17:00:00+00:00,39.135,39.395,39.09,39.39,8880.0,,,39.444617768711325,"rgba(38, 166, 154, 1.0)",,39.444617768711325,,0,,,0.0,0.0,0.0,0.0,54.57701678883889,2.662990856505374,True,False,True,False,False,
2024-03-15 17:00:00+00:00,39.485,39.87,39.475,39.71,10791.0,,,39.4496368006881,"rgba(38, 166, 154, 1.0)",,39.4496368006881,,0,,,0.0,0.0,0.0,0.0,54.61407586638105,2.662990856505374,True,False,True,False,False,
2024-03-18 17:00:00+00:00,39.625,39.71,39.47,39.565,6655.0,,,39.44889511853086,"rgba(38, 166, 154, 1.0)",,39.44889511853086,,0,,,0.0,0.0,0.0,0.0,53.48758302140729,2.662990856505374,True,False,True,False,False,
2024-03-19 17:00:00+00:00,39.48,39.56,39.36,39.36,2853.0,,,39.446203347799354,"rgba(38, 166, 154, 1.0)",,39.446203347799354,,0,,,0.0,0.0,0.0,0.0,51.17778477860227,7.355501430823566,True,False,False,False,False,
2024-03-20 17:00:00+00:00,39.525,39.735,39.385,39.68,9201.0,,,39.447146430556664,"rgba(38, 166, 154, 1.0)",,39.447146430556664,,0,,,0.0,0.0,0.0,0.0,52.09881020271909,7.355501430823566,True,False,False,False,False,
2024-03-21 17:00:00+00:00,39.64,39.8,39.59,39.645,7194.0,,,39.451029790622286,"rgba(38, 166, 154, 1.0)",,39.451029790622286,,0,,,0.0,0.0,0.0,0.0,52.412302939139494,7.355501430823566,True,False,True,False,False,0.0
2024-03-22 17:00:00+00:00,39.645,39.645,39.485,39.525,6458.0,,,39.45047226429451,"rgba(38, 166, 154, 1.0)",,39.45047226429451,,0,,,0.0,0.0,0.0,0.0,51.5505381153075,6.5839124433326575,True,False,False,False,False,0.0
2024-03-25 17:00:00+00:00,39.42,39.45,39.305,39.34,5658.0,,,39.445210352900645,"rgba(38, 166, 154, 1.0)",,39.445210352900645,,0,,,0.0,0.0,0.0,0.0,49.39723999158824,4.19068680925173,True,False,False,False,False,0.0
2024-03-26 17:00:00+00:00,39.06,39.135,38.935,38.945,9187.0,,,39.422878254096204,"rgba(38, 166, 154, 1.0)",,39.422878254096204,,0,,,0.0,0.0,0.0,0.0,45.167818436907744,0.03891593070127186,False,False,False,True,False,0.0
2024-03-27 17:00:00+00:00,39.195,39.37,39.11,39.365,7239.0,,,39.4156142589363,"rgba(38, 166, 154, 1.0)",,39.4156142589363,,0,,,0.0,0.0,0.0,0.0,46.18591216378582,0.03891593070127186,False,False,False,True,False,0.0
2024-03-28 17:00:00+00:00,39.34,39.545,39.33,39.515,9979.0,,,39.41409555367344,"rgba(38, 166, 154, 1.0)",,39.41409555367344,,0,,,0.0,0.0,0.0,0.0,48.040170552774995,0.03891593070127186,False,False,False,False,True,0.0
2024-03-29 17:00:00+00:00,39.515,39.515,39.515,39.515,0.0,,,39.41409555367344,"rgba(38, 166, 154, 1.0)",,39.41409555367344,,0,,,0.0,0.0,0.0,0.0,49.27634281210111,0.03891593070127186,True,False,False,False,True,0.0
2024-04-01 17:00:00+00:00,39.165,39.345,39.115,39.32,6080.0,,,39.408459126460066,"rgba(38, 166, 154, 1.0)",,39.408459126460066,,0,,,0.0,0.0,0.0,0.0,48.3622257929815,0.03891593070127186,False,False,False,False,True,0.0
2024-04-02 17:00:00+00:00,39.365,39.45,39.305,39.41,7762.0,,,39.40563997174354,"rgba(38, 166, 154, 1.0)",,39.40563997174354,,0,,,0.0,0.0,0.0,0.0,48.63894480533722,0.03891593070127186,False,False,False,False,True,0.0
2024-04-03 17:00:00+00:00,39.325,39.415,39.23,39.32,8185.0,,,39.4009831998549,"rgba(38, 166, 154, 1.0)",,39.4009831998549,,0,,,0.0,0.0,0.0,0.0,47.95479875138558,0.03891593070127186,False,False,False,True,True,0.0
2024-04-04 17:00:00+00:00,39.205,39.275,38.895,39.085,9419.0,,,39.388253632779545,"rgba(38, 166, 154, 1.0)",,39.388253632779545,,0,,,0.0,0.0,0.0,0.0,45.40766354406602,-0.640370229340725,False,True,False,True,False,0.0
2024-04-05 17:00:00+00:00,38.785,38.85,38.605,38.805,3251.0,,,39.38034815721827,"rgba(239, 83, 80, 1.0)",,39.38034815721827,,0,,,0.0,0.0,0.0,0.0,41.654962635263416,-4.224692738397778,False,True,False,True,False,0.0
2024-04-08 17:00:00+00:00,38.945,39.205,38.915,39.185,4039.0,,,39.37567039901572,"rgba(239, 83, 80, 1.0)",,39.37567039901572,,0,,,0.0,0.0,0.0,0.0,43.30746468145241,-4.224692738397778,False,True,False,True,False,0.0
2024-04-09 17:00:00+00:00,39.12,39.315,39.1,39.225,4429.0,,,39.37240508700259,"rgba(239, 83, 80, 1.0)",,39.37240508700259,,0,,,0.0,0.0,0.0,0.0,44.79923821544898,-4.224692738397778,False,True,False,True,True,0.0
2024-04-10 17:00:00+00:00,38.0,38.36,37.92,38.205,8719.0,,,39.33638974580898,"rgba(239, 83, 80, 1.0)",,39.33638974580898,,0,,,0.0,0.0,0.0,0.0,39.64450906415923,-5.701764166899977,False,True,False,True,False,0.0
2024-04-11 17:00:00+00:00,37.845,38.0,37.825,37.945,8783.0,,,39.2958624253278,"rgba(239, 83, 80, 1.0)",,39.2958624253278,,0,,,0.0,0.0,0.0,0.0,35.23334500363516,-9.617384366297664,False,True,False,True,False,0.0
2024-04-12 17:00:00+00:00,37.685,37.745,37.485,37.635,7462.0,,,39.25650481614159,"rgba(239, 83, 80, 1.0)",,39.25650481614159,,0,,,0.0,0.0,0.0,0.0,31.25431988496679,-13.087329727181,False,True,False,True,False,0.0
2024-04-15 17:00:00+00:00,37.58,37.595,37.3,37.535,13385.0,,,39.18517803372766,"rgba(239, 83, 80, 1.0)",,39.18517803372766,,0,,,0.0,0.0,0.0,0.0,28.282928264751934,-15.662105155906033,False,True,False,True,False,0.0
2024-04-16 17:00:00+00:00,37.425,37.465,37.11,37.13,16061.0,,,38.7243958803459,"rgba(239, 83, 80, 1.0)",,38.7243958803459,,0,,,0.0,0.0,0.0,0.0,25.128858433648027,-18.48913230451975,False,True,False,True,False,0.0
2024-04-17 17:00:00+00:00,37.21,37.71,37.175,37.64,18218.0,,,38.691895819348446,"rgba(239, 83, 80, 1.0)",,38.691895819348446,,0,,,0.0,0.0,0.0,0.0,27.96342166603973,-18.48913230451975,False,True,False,True,True,0.0
2024-04-18 17:00:00+00:00,37.755,38.11,37.66,38.065,8756.0,,,38.695467570987844,"rgba(239, 83, 80, 1.0)",,38.695467570987844,,0,,,0.0,0.0,0.0,0.0,33.08453641108867,-23.93427718607053,False,True,False,True,True,0.0
2024-04-19 17:00:00+00:00,38.485,38.51,38.315,38.495,7906.0,,,38.71598157111596,"rgba(38, 166, 154, 1.0)",,38.71598157111596,,0,,,0.0,0.0,0.0,0.0,39.19170228248308,-18.41264084002031,False,True,False,True,True,0.0
2024-04-22 17:00:00+00:00,38.86,39.015,38.82,38.995,5717.0,,,38.74182857429612,"rgba(38, 166, 154, 1.0)",,38.74182857429612,,0,,,0.0,0.0,0.0,0.0,45.80907512312007,-12.527570454767165,False,False,False,False,True,0.0
2024-04-23 17:00:00+00:00,39.07,39.21,39.035,39.1,16186.0,,,38.80562772524729,"rgba(38, 166, 154, 1.0)",,38.80562772524729,,0,,,0.0,0.0,0.0,0.0,50.70944535709744,-8.252444992517702,True,False,True,False,True,0.0
2024-04-24 17:00:00+00:00,39.13,39.275,39.075,39.16,7783.0,,,38.82951735770691,"rgba(38, 166, 154, 1.0)",,38.82951735770691,,0,,,0.0,0.0,0.0,0.0,54.27251337426762,-5.087364816985797,True,False,True,False,True,0.0
2024-04-25 17:00:00+00:00,39.195,39.325,39.115,39.315,8007.0,,,38.852769242594334,"rgba(38, 166, 154, 1.0)",0.7759310013905405,38.852769242594334,0.595711160628075,0,,,0.0,0.0,0.0,0.0,57.43759108015863,-2.1191119726822407,True,False,True,False,True,0.0
2024-04-26 17:00:00+00:00,39.245,39.27,38.975,39.06,3863.0,,,38.860428392954574,"rgba(38, 166, 154, 1.0)",0.7497328232819442,38.860428392954574,0.26619030252911446,0,,,0.0,0.0,0.0,0.0,57.37946092545016,-1.9267549321639024,True,False,True,False,True,0.0
2024-04-29 17:00:00+00:00,39.415,39.595,39.365,39.56,8523.0,,,38.88836761277709,"rgba(38, 166, 154, 1.0)",0.7216977418771932,38.88836761277709,0.9306283617791914,0,,,0.0,0.0,0.0,0.0,59.957323638840755,0.9258819491373558,True,False,True,False,True,0.018279052809852203
2024-04-30 17:00:00+00:00,39.395,39.485,39.23,39.265,13833.0,,,38.918064786798666,"rgba(38, 166, 154, 1.0)",0.6937323847288889,38.918064786798666,0.5000994920208557,0,,,0.0,0.0,0.0,0.0,59.31732258656608,0.9258819491373558,True,False,True,False,True,0.0
2024-05-01 17:00:00+00:00,39.59,39.845,39.39,39.525,6022.0,,,38.93450739206778,"rgba(38, 166, 154, 1.0)",0.6826181513412533,38.93450739206778,0.8650408823322095,0,,,0.0,0.0,0.0,0.0,60.25118542084558,2.244595963019954,True,False,True,False,True,0.0
2024-05-02 17:00:00+00:00,39.875,40.045,39.715,39.77,9687.0,,,38.96650466393899,"rgba(38, 166, 154, 1.0)",0.6810856000493655,38.96650466393899,1.1797273881620371,0,,,0.0,0.0,0.0,0.0,62.05406189186597,4.540561454566074,True,False,True,False,True,1.4511017781571809
2024-05-03 17:00:00+00:00,39.79,39.95,39.79,39.9,5907.0,,,38.98510138214998,"rgba(38, 166, 154, 1.0)",0.6702970768033983,38.98510138214998,1.3649151242209066,0,,,0.0,0.0,0.0,0.0,63.86093283987279,6.782862298400666,True,False,True,False,True,2.3028808197617465
2024-05-06 17:00:00+00:00,39.85,40.105,39.84,40.085,12375.0,,,39.025426652658915,"rgba(38, 166, 154, 1.0)",0.6686151682718939,39.025426652658915,1.5847282526952904,0,,,0.0,0.0,0.0,0.0,65.91127550584571,9.18996865276496,True,False,True,False,True,3.5052211259349804
2024-05-07 17:00:00+00:00,39.975,40.235,39.945,40.215,5231.0,,,39.042971257674424,"rgba(38, 166, 154, 1.0)",0.6750358215386575,39.042971257674424,1.7362467367347865,0,,,0.0,0.0,0.0,0.0,67.85881378994245,11.439934143145727,True,False,True,False,True,4.343155471255283
2024-05-08 17:00:00+00:00,40.515,40.65,40.365,40.395,6161.0,,,39.068497744553724,"rgba(38, 166, 154, 1.0)",0.687377671344562,39.068497744553724,1.9298012006289667,0,,,0.0,0.0,0.0,0.0,69.9384098269467,13.761879174343207,True,False,True,False,True,5.494115694000353
2024-05-09 17:00:00+00:00,40.925,41.155,40.925,41.015,3942.0,,,39.09028554799636,"rgba(38, 166, 154, 1.0)",0.7137200665060093,39.09028554799636,2.69673579646711,0,,,0.0,0.0,0.0,0.0,73.42548746251663,17.30241362874395,True,False,True,False,True,9.258047802310308
2024-05-10 17:00:00+00:00,41.315,41.345,41.065,41.115,11456.0,,,39.15433638314205,"rgba(38, 166, 154, 1.0)",0.7426813607487481,39.15433638314205,2.639979566581919,0,,,0.0,0.0,0.0,0.0,76.02644369646781,19.922409556702632,True,False,True,False,True,9.838800867657035
2024-05-13 17:00:00+00:00,40.935,40.94,40.705,40.825,11276.0,,,39.202322712501505,"rgba(38, 166, 154, 1.0)",0.7568997934319349,39.202322712501505,2.1438469155090587,0,,,0.0,0.0,0.0,0.0,74.47826869426095,19.922409556702632,True,False,True,False,True,7.677534215562552
2024-05-14 17:00:00+00:00,40.705,40.97,40.63,40.77,6161.0,,,39.22651670764085,"rgba(38, 166, 154, 1.0)",0.7666785153804392,39.22651670764085,2.01320796317509,0,,,0.0,0.0,0.0,0.0,72.84626975527695,19.922409556702632,True,False,True,False,False,7.271928445898208
2024-05-15 17:00:00+00:00,41.365,41.37,41.08,41.085,8275.0,,,39.58416776495746,"rgba(38, 166, 154, 1.0)",0.7881018478106306,39.58416776495746,1.9043632992510955,0,,,1.0,0.0,41.37,143.0,73.17515193108352,19.922409556702632,True,False,True,False,False,9.159618703122145
2024-05-16 17:00:00+00:00,40.785,40.85,40.7,40.805,9104.0,,,39.576505667460296,"rgba(38, 166, 154, 1.0)",0.7962838916090439,39.576505667460296,1.5427843580476004,0,,,0.0,0.0,0.0,0.0,70.37688719456827,19.922409556702632,True,False,True,False,False,7.08449236342663
2024-05-17 17:00:00+00:00,40.77,40.87,40.66,40.78,6255.0,,,39.58491549147805,"rgba(38, 166, 154, 1.0)",0.8096515322060539,39.58491549147805,1.4760479798830366,0,,,0.0,0.0,0.0,0.0,68.24867621974866,23.59904878209079,True,False,True,False,False,6.900506999718573
2024-05-20 17:00:00+00:00,40.8,40.915,40.79,40.85,2808.0,,,39.59174807356763,"rgba(38, 166, 154, 1.0)",0.8278993932872593,39.59174807356763,1.519812596354678,0,,,0.0,0.0,0.0,0.0,67.27285794158982,22.45053395468655,True,False,True,False,False,7.333843848885774
2024-05-21 17:00:00+00:00,40.805,40.94,40.805,40.905,3634.0,,,39.60158873487641,"rgba(38, 166, 154, 1.0)",0.8460153023981881,39.60158873487641,1.5406473871439803,0,,,0.0,0.0,0.0,0.0,66.98751669737302,21.876094002850508,True,False,True,False,False,7.677308295419767
2024-05-22 17:00:00+00:00,40.69,40.77,40.395,40.45,6801.0,,,39.60478835025156,"rgba(38, 166, 154, 1.0)",0.8548624988218264,39.60478835025156,0.9887106416684733,0,,,0.0,0.0,0.0,0.0,61.76684361393424,16.79692196266018,True,False,True,False,False,4.280288071419495
2024-05-23 17:00:00+00:00,39.8,39.8,39.435,39.675,6923.0,,,39.57600092899103,"rgba(239, 83, 80, 1.0)",0.8537944612036242,39.57600092899103,0.11595187777325945,0,,,0.0,0.0,0.0,0.0,53.09683961258263,8.883275895173703,False,False,False,False,False,0.0
2024-05-24 17:00:00+00:00,39.96,40.04,39.87,39.91,3493.0,,,39.57061462822572,"rgba(239, 83, 80, 1.0)",0.85472045374734,39.57061462822572,0.3970717797688288,0,,,0.0,0.0,0.0,0.0,49.32491214301242,5.741152798930564,False,False,False,True,False,0.5318089117132274
2024-05-27 17:00:00+00:00,39.91,39.91,39.91,39.91,0.0,,,39.57061462822572,"rgba(239, 83, 80, 1.0)",0.8565739792814082,39.57061462822572,0.39621256305146263,0,,,0.0,0.0,0.0,0.0,46.810293829965616,3.624421489881037,False,True,False,True,False,0.5318089117132274
2024-05-28 17:00:00+00:00,39.53,39.55,39.215,39.28,2967.0,,,39.55798079405808,"rgba(239, 83, 80, 1.0)",0.849638545298918,39.55798079405808,-0.32717535662212965,0,,,0.0,0.0,0.0,0.0,41.772324487819986,-0.927668341888392,False,True,False,True,False,0.0
2024-05-29 17:00:00+00:00,38.59,38.6,38.38,38.42,5349.0,,,39.366155039385944,"rgba(239, 83, 80, 1.0)",0.8550968966747025,39.366155039385944,-1.10648868340576,0,,,0.0,0.0,0.0,0.0,35.556437108059754,-6.503004383843489,False,True,False,True,False,0.0
2024-05-30 17:00:00+00:00,38.765,39.055,38.7,39.035,6848.0,,,39.37669318244242,"rgba(239, 83, 80, 1.0)",0.8555976889902226,39.37669318244242,-0.3993619744879085,0,,,0.0,0.0,0.0,0.0,35.991415538956964,-6.503004383843489,False,True,False,True,False,0.0
2024-05-31 17:00:00+00:00,39.46,40.0,39.46,39.945,9369.0,,,39.44213285528455,"rgba(38, 166, 154, 1.0)",0.8573953696048421,39.44213285528455,0.5865055522135775,9,0.2058857009461573,1.8529713085154156,0.0,0.0,0.0,0.0,41.10640459993311,-6.503004383843489,False,True,False,True,True,0.9391509476902371
2024-06-03 17:00:00+00:00,39.72,40.015,39.72,39.87,3723.0,,,39.45705460287165,"rgba(38, 166, 154, 1.0)",0.8585502288716131,39.45705460287165,0.48097989289581594,11,0.23722385241114655,2.609462376522612,0.0,0.0,0.0,0.0,44.160220839769366,-14.339089906430516,False,True,False,True,True,0.5093124117767509
2024-06-04 17:00:00+00:00,40.025,40.41,40.025,40.23,5333.0,,,39.487436518748744,"rgba(38, 166, 154, 1.0)",0.8629870970818355,39.487436518748744,0.8604572232449459,11,0.24042276460799109,2.644650410687902,0.0,0.0,0.0,0.0,47.871083978227546,-10.753772842684754,False,False,False,False,True,2.518776677411161
2024-06-05 17:00:00+00:00,40.645,40.82,40.565,40.7,5661.0,,,39.53068945747885,"rgba(38, 166, 154, 1.0)",0.8739615356328727,39.53068945747885,1.3379427982198384,11,0.23911661418449875,2.6302827560294864,0.0,0.0,0.0,0.0,52.27076431430456,-6.529415755194904,False,False,True,False,True,5.033206712683633
2024-06-06 17:00:00+00:00,40.765,40.885,40.66,40.67,9236.0,,,39.73090381373471,"rgba(38, 166, 154, 1.0)",0.8835040647515072,39.73090381373471,1.0629223155067398,11,0.23691166108895365,2.60602827197849,0.0,0.0,0.0,0.0,55.01672124559664,-3.8182541933478333,False,False,True,False,True,4.8527797653884015
2024-06-07 17:00:00+00:00,40.085,40.09,39.89,40.0,18114.0,,,39.680669801847166,"rgba(38, 166, 154, 1.0)",0.8854753800352958,39.680669801847166,0.36063136858768996,11,0.23820039698149928,2.620204366796492,0.0,0.0,0.0,0.0,53.062446308242585,-3.8182541933478333,False,False,True,False,True,0.9507487684860827
2024-06-10 17:00:00+00:00,39.865,40.03,39.84,39.88,7317.0,,,39.67393049916689,"rgba(38, 166, 154, 1.0)",0.8803339354119208,39.67393049916689,0.23408106008850676,11,0.2387841006537007,2.6266251071907076,0.0,0.0,0.0,0.0,51.1626474489999,-3.8182541933478333,False,False,False,False,False,0.278466269413574
2024-06-11 17:00:00+00:00,39.815,39.86,39.56,39.65,4416.0,,,39.664493471075886,"rgba(38, 166, 154, 1.0)",0.8753669089160425,39.664493471075886,-0.01655702417839236,11,0.2388904892121805,2.6277953813339856,0.0,0.0,0.0,0.0,48.74617851402311,-3.8182541933478333,False,True,False,False,False,0.0
2024-06-12 17:00:00+00:00,39.7,39.71,39.33,39.41,6297.0,,,39.64559743036986,"rgba(38, 166, 154, 1.0)",0.8692320468961972,39.64559743036986,-0.2710408931782048,11,0.23888254871493178,2.6277080358642495,0.0,0.0,0.0,0.0,45.982187429630244,3.9696761340744757,False,True,False,True,False,0.0
2024-06-13 17:00:00+00:00,39.22,39.43,39.18,39.32,5095.0,,,39.62778019045548,"rgba(38, 166, 154, 1.0)",0.8625089475968848,39.62778019045548,-0.35684289573228933,11,0.23898851743770955,2.628873691814805,0.0,0.0,0.0,0.0,43.705827825828166,1.4646751990754154,False,True,False,True,False,0.0
2024-06-14 17:00:00+00:00,39.035,39.13,38.98,39.085,5786.0,,,39.602593186046235,"rgba(239, 83, 80, 1.0)",0.8564260432562569,39.602593186046235,-0.6043641364270863,11,0.23875857386528426,2.626344312518127,0.0,0.0,0.0,0.0,41.06167403681054,-1.3717475579364162,False,True,False,True,False,0.0
2024-06-17 17:00:00+00:00,38.835,38.9,38.685,38.79,3938.0,,,39.58168543794722,"rgba(239, 83, 80, 1.0)",0.8585698983019793,39.58168543794722,-0.9220978274604827,11,0.23867496753299397,2.6254246428629338,0.0,0.0,0.0,0.0,38.003199648829636,-4.550089782845639,False,True,False,True,False,0.0
2024-06-18 17:00:00+00:00,38.56,38.56,38.38,38.46,5359.0,,,39.54723150451895,"rgba(239, 83, 80, 1.0)",0.8655317846678257,39.54723150451895,-1.256142782712717,11,0.23810022581454868,2.6191024839600354,0.0,0.0,0.0,0.0,34.685627131608435,-7.910488886711832,False,True,False,True,False,0.0
2024-06-19 17:00:00+00:00,38.46,38.46,38.46,38.46,0.0,,,39.54723150451895,"rgba(239, 83, 80, 1.0)",0.8743288442730972,39.54723150451895,-1.2435041021926405,11,0.23707408684359643,2.6078149552795606,0.0,0.0,0.0,0.0,32.473912120127636,-10.224596771764531,False,True,False,True,False,0.0
2024-06-20 17:00:00+00:00,38.315,38.6,38.22,38.55,3175.0,38.456666666666656,,39.4092711108499,"rgba(239, 83, 80, 1.0)",0.8770266105858358,39.4092711108499,-0.9797548905339688,11,0.2374379905244792,2.611817895769271,0.0,0.0,0.0,0.0,31.955573468397127,-11.048692641732323,False,True,False,True,False,0.0
2024-06-21 17:00:00+00:00,38.39,38.555,38.37,38.475,7074.0,38.4635688034605,,39.37627528379107,"rgba(239, 83, 80, 1.0)",0.8823366704382205,39.37627528379107,-1.0214641576026062,11,0.2364806201920488,2.6012868221125367,0.0,0.0,0.0,0.0,31.238691209429724,-12.169400650069669,False,True,False,True,False,0.0
2024-06-24 17:00:00+00:00,39.075,39.43,39.065,39.4,5440.0,38.75301485116961,,39.40272968087444,"rgba(239, 83, 80, 1.0)",0.8797289201640346,39.40272968087444,-0.003102865907749364,11,0.2364829454858105,2.6013124003439154,0.0,0.0,0.0,0.0,38.55917228986178,-18.242659153465247,False,True,False,True,True,0.0
2024-06-25 17:00:00+00:00,38.94,39.14,38.92,39.13,4486.0,38.82201553077241,,39.402080601233386,"rgba(239, 83, 80, 1.0)",0.8800422287165146,39.402080601233386,-0.30916766531782913,11,0.2364694784273409,2.60116426270075,0.0,0.0,0.0,0.0,41.69012719997036,-15.28707739044335,False,True,False,True,True,0.0
2024-06-26 17:00:00+00:00,38.7,38.795,38.62,38.685,3453.0,38.804184160036115,,39.389462468514765,"rgba(239, 83, 80, 1.0)",0.8839065520702963,39.389462468514765,-0.7969874947354584,10,0.2491282468377387,2.491282468377387,0.0,0.0,0.0,0.0,41.30586592354969,-15.28707739044335,False,True,False,True,True,0.0
2024-06-27 17:00:00+00:00,39.01,39.15,38.995,39.005,7296.0,38.86218029146725,,39.383979404289896,"rgba(239, 83, 80, 1.0)",0.8853521567384633,39.383979404289896,-0.42805498513270734,10,0.24921693512677878,2.492169351267788,0.0,0.0,0.0,0.0,43.25344900717495,-13.433948521042339,False,True,False,True,True,0.0
2024-06-28 17:00:00+00:00,38.895,38.985,38.72,38.86,5858.0,38.861036738984645,,39.37123471060371,"rgba(239, 83, 80, 1.0)",0.8872969733516094,39.37123471060371,-0.5761709167930658,10,0.24888213269829204,2.4888213269829205,0.0,0.0,0.0,0.0,43.7088593296257,-12.653297684679217,False,True,False,True,True,0.0
2024-07-01 17:00:00+00:00,38.735,38.735,38.58,38.615,1818.0,38.85078324697755,,39.36508553718693,"rgba(239, 83, 80, 1.0)",0.8921029260296366,39.36508553718693,-0.8408060497292974,10,0.24774155130721684,2.4774155130721685,0.0,0.0,0.0,0.0,42.63633546387598,-12.653297684679217,False,True,False,True,True,0.0
2024-07-02 17:00:00+00:00,38.535,38.78,38.5,38.765,3156.0,38.838001085672325,,39.35562116850714,"rgba(239, 83, 80, 1.0)",0.8952543198987126,39.35562116850714,-0.659724455251959,10,0.24855016135763464,2.4855016135763464,0.0,0.0,0.0,0.0,43.10971448676462,-12.476673632615146,False,True,False,True,True,0.0
2024-07-03 17:00:00+00:00,39.19,39.19,39.19,39.19,0.0,38.838001085672325,,39.35562116850714,"rgba(239, 83, 80, 1.0)",0.8950363473418678,39.35562116850714,-0.18504406999672768,10,0.2490338485204223,2.490338485204223,0.0,0.0,0.0,0.0,46.41537229395096,-9.009082195276875,False,False,False,True,True,0.0
2024-07-04 17:00:00+00:00,39.19,39.19,39.19,39.19,0.0,38.838001085672325,,39.35562116850714,"rgba(239, 83, 80, 1.0)",0.8949108516676073,39.35562116850714,-0.18507001920752209,10,0.24909307876005876,2.4909307876005875,0.0,0.0,0.0,0.0,48.619144165408514,-6.7050718080987295,False,False,False,False,True,0.0
2024-07-05 17:00:00+00:00,39.34,39.34,39.08,39.125,10241.0,38.9056872832407,,39.35471620431035,"rgba(239, 83, 80, 1.0)",0.8953247083228206,39.35471620431035,-0.2565730646936672,10,0.24898826891853254,2.4898826891853254,0.0,0.0,0.0,0.0,49.556239932389225,-5.584564328814622,False,False,False,False,True,0.0
2024-07-08 17:00:00+00:00,39.185,39.26,39.09,39.21,6440.0,38.93665237777436,,39.353404963019486,"rgba(239, 83, 80, 1.0)",0.8955503265520023,39.353404963019486,-0.16013054628835285,10,0.24895774361266323,2.4895774361266323,0.0,0.0,0.0,0.0,50.867548306544705,-4.081371125752362,False,False,False,False,True,0.0
2024-07-09 17:00:00+00:00,39.29,39.37,39.15,39.245,4918.0,38.96136445426565,,39.353696439773934,"rgba(239, 83, 80, 1.0)",0.894208759913655,39.353696439773934,-0.1215559997247536,10,0.2490414857942934,2.490414857942934,0.0,0.0,0.0,0.0,52.040445528017074,-2.7050005586350068,True,False,True,False,True,0.0
2024-07-10 17:00:00+00:00,39.765,39.92,39.705,39.84,6603.0,39.042564252837415,,39.370090335680494,"rgba(38, 166, 154, 1.0)",0.8956877069986382,39.370090335680494,0.524635607531257,10,0.24899195335645902,2.4899195335645903,0.0,0.0,0.0,0.0,56.916308945458354,2.0033173017410135,True,False,True,False,True,1.7457033183597872
2024-07-11 17:00:00+00:00,40.13,40.13,39.915,39.945,15183.0,39.21270715636415,,39.41123837659172,"rgba(38, 166, 154, 1.0)",0.8978109413938417,39.41123837659172,0.5945145005468774,11,0.27882623417403396,3.0670885759143736,0.0,0.0,0.0,0.0,60.7306706913578,5.525533382277452,True,False,True,False,True,2.3445601667264313
2024-07-12 17:00:00+00:00,40.205,40.24,39.915,39.945,6642.0,39.27209287122888,,39.427291380477925,"rgba(38, 166, 154, 1.0)",0.8998921456896283,39.427291380477925,0.5753007424298959,11,0.2781834875096702,3.0600183626063724,0.0,0.0,0.0,0.0,63.27357852195743,7.835382696347999,True,False,True,False,True,2.3445601667264313
2024-07-15 17:00:00+00:00,39.515,39.57,39.385,39.525,5790.0,39.28522132147213,,39.42881569735695,"rgba(38, 166, 154, 1.0)",0.899923545301153,39.42881569735695,0.10688052684615379,11,0.2795564010163748,3.075120411180123,0.0,0.0,0.0,0.0,60.31169241525582,7.835382696347999,True,False,True,False,False,0.0
2024-07-16 17:00:00+00:00,39.67,39.875,39.595,39.825,4849.0,39.30793564859112,,39.43460747329248,"rgba(38, 166, 154, 1.0)",0.9011756735479511,39.43460747329248,0.43320357857701286,12,0.2652835014485911,3.1834020173830933,0.0,0.0,0.0,0.0,60.48189813349936,7.835382696347999,True,False,True,False,False,1.5603260095523126
2024-07-17 17:00:00+00:00,40.28,40.49,40.175,40.255,11112.0,39.40568521324008,,39.466588854563206,"rgba(38, 166, 154, 1.0)",0.9062378921216687,39.466588854563206,0.86998254243263,12,0.26519142666326556,3.1822971199591867,0.0,0.0,0.0,0.0,63.015468592909485,7.835382696347999,True,False,True,False,False,3.9943075445066825
2024-07-18 17:00:00+00:00,40.6,40.715,40.42,40.66,6786.0,39.47295009142287,,39.49065676619929,"rgba(38, 166, 154, 1.0)",0.9162889066011696,39.49065676619929,1.2761730774829587,11,0.2786388035086937,3.0650268385956307,0.0,0.0,0.0,0.0,66.4507347920004,10.747615648940126,True,False,True,False,True,6.186216287415917
2024-07-19 17:00:00+00:00,40.51,40.585,40.44,40.505,6213.0,39.523871124528775,,39.50961068708422,"rgba(38, 166, 154, 1.0)",0.9210651638380648,39.50961068708422,1.080693692472323,11,0.27812023440024675,3.059322578402714,0.0,0.0,0.0,0.0,67.12775840883366,11.513065046283884,True,False,True,False,True,5.219146230399016
2024-07-22 17:00:00+00:00,40.695,40.77,40.525,40.58,8969.0,39.59675584124219,,39.53818743464088,"rgba(38, 166, 154, 1.0)",0.9291725806784703,39.53818743464088,1.1212261177556462,10,0.2895605722549047,2.895605722549047,0.0,0.0,0.0,0.0,67.94349133028561,12.528404909619354,True,False,True,False,True,5.627154189639651
2024-07-23 17:00:00+00:00,40.45,40.46,40.225,40.295,6488.0,39.630107918398004,,39.551889348957815,"rgba(38, 166, 154, 1.0)",0.9331933115688087,39.551889348957815,0.7963094482459693,10,0.2886868764510421,2.886868764510421,0.0,0.0,0.0,0.0,65.49268728345757,12.528404909619354,True,False,True,False,False,3.8397003209065588
2024-07-24 17:00:00+00:00,41.055,41.06,40.79,40.875,8111.0,39.699179319258356,,39.58125446003789,"rgba(38, 166, 154, 1.0)",0.9337344520938636,39.58125446003789,1.3855604632140706,10,0.284775741710423,2.8477574171042304,0.0,0.0,0.0,0.0,66.85618056085364,12.528404909619354,True,False,True,False,False,6.97155162570791
2024-07-25 17:00:00+00:00,41.03,41.03,40.65,40.72,16241.0,39.80665926224284,,39.630158291071716,"rgba(38, 166, 154, 1.0)",0.9244593160475078,39.630158291071716,1.178896345150008,10,0.2829673900160067,2.829673900160067,0.0,0.0,0.0,0.0,66.2761917800084,12.528404909619354,True,False,True,False,False,5.999424795415354
2024-07-26 17:00:00+00:00,41.085,41.095,40.965,41.015,10542.0,39.879270397548666,,39.66500562295646,"rgba(38, 166, 154, 1.0)",0.9106035915264651,39.66500562295646,1.4825269630010112,10,0.2791506062182981,2.7915060621829815,0.0,0.0,0.0,0.0,67.29467203521216,12.605504321342863,True,False,True,False,False,7.552840460813968
2024-07-29 17:00:00+00:00,41.02,41.17,40.95,41.065,6098.0,39.918674559974924,,39.684615735781826,"rgba(38, 166, 154, 1.0)",0.8921122419585137,39.684615735781826,1.5473212890652885,9,0.2947236088689218,2.652512479820296,0.0,0.0,0.0,0.0,68.20390565848564,13.770297291620025,True,False,True,False,True,7.8144375092093625
2024-07-30 17:00:00+00:00,41.5,41.5,41.235,41.245,6460.0,39.96668729743139,,39.70872268088332,"rgba(38, 166, 154, 1.0)",0.8595493948355457,39.70872268088332,1.7873054513761923,9,0.2892132882320979,2.602919594088881,0.0,0.0,0.0,0.0,69.64536391852536,15.408512042412767,True,False,True,False,True,8.758232165882372
2024-07-31 17:00:00+00:00,41.72,41.99,41.61,41.835,4773.0,40.01202924593877,,39.73144909149268,"rgba(38, 166, 154, 1.0)",0.8583438222047766,39.73144909149268,2.4507089747603206,8,0.30288293217968587,2.423063457437487,0.0,0.0,0.0,0.0,72.76395348298618,18.510640879553932,True,False,True,False,True,11.730901702421264
2024-08-01 17:00:00+00:00,42.005,42.035,41.71,41.74,17383.0,40.161240552053094,,39.809509465295875,"rgba(38, 166, 154, 1.0)",0.8637806955993377,39.809509465295875,2.2349313252070866,8,0.2947407584226403,2.3579260673811224,0.0,0.0,0.0,0.0,73.76507318961282,19.57124625417063,True,False,True,False,True,11.096091827028001
2024-08-02 17:00:00+00:00,42.35,42.655,42.28,42.56,10660.0,40.273332845911796,,39.869329179980845,"rgba(38, 166, 154, 1.0)",0.9052459324394565,39.869329179980845,2.9723092074750763,7,0.28319153284118814,1.982340729888317,0.0,0.0,0.0,0.0,76.72999506282079,22.445499844989115,True,False,True,False,True,14.966256207083433
2024-08-05 17:00:00+00:00,41.85,41.98,41.725,41.795,4731.0,40.30584703076653,,39.88794615550188,"rgba(38, 166, 154, 1.0)",0.925476025553258,39.88794615550188,2.060619391364642,7,0.27653366685297504,1.9357356679708253,0.0,0.0,0.0,0.0,72.37227798769764,26.979192805057636,True,False,True,False,False,10.062150128165747
2024-08-06 17:00:00+00:00,42.41,42.625,42.37,42.445,12861.0,40.4224273156834,,39.953671683426364,"rgba(38, 166, 154, 1.0)",0.9649739435402855,39.953671683426364,2.581757086034343,6,0.29481201370140403,1.768872082208424,0.0,0.0,0.0,0.0,71.64967195896114,26.350919330198494,True,False,True,False,False,12.992698438404187
2024-08-07 17:00:00+00:00,42.68,42.99,42.64,42.695,18849.0,40.593837497116965,,40.05363443110028,"rgba(38, 166, 154, 1.0)",1.0102036856428818,40.05363443110028,2.614686133538296,4,0.34683919874150104,1.3873567949660042,0.0,0.0,0.0,0.0,71.88617433240178,26.350919330198494,True,False,True,False,False,14.071818515453032
2024-08-08 17:00:00+00:00,43.14,43.245,43.06,43.085,19928.0,40.775229273066365,,40.16338520374235,"rgba(38, 166, 154, 1.0)",1.0670476107482632,40.16338520374235,2.738036022787098,4,0.3311987364219181,1.3247949456876724,0.0,0.0,0.0,0.0,73.08150157639416,26.350919330198494,True,False,True,False,False,15.714207755060226
2024-08-09 17:00:00+00:00,43.04,43.11,42.815,42.95,8056.0,40.836576078804804,,40.202431727787804,"rgba(38, 166, 154, 1.0)",1.1111066352762575,40.202431727787804,2.4728214061371916,4,0.31883163788863156,1.2753265515545262,0.0,0.0,0.0,0.0,72.82139653397027,26.350919330198494,True,False,True,False,False,14.858627522901607
2024-08-12 17:00:00+00:00,42.9,43.04,42.71,42.735,5073.0,40.87120838988743,,40.2251118347875,"rgba(38, 166, 154, 1.0)",1.1493791430221727,40.2251118347875,2.1836903692310026,4,0.3095162814676913,1.2380651258707651,0.0,0.0,0.0,0.0,70.96079407661318,25.056188872947928,True,False,True,False,False,13.502133803704844
2024-08-13 17:00:00+00:00,42.895,43.48,42.85,43.465,10162.0,40.9517789764108,,40.27708499952032,"rgba(38, 166, 154, 1.0)",1.2060782921712894,40.27708499952032,2.643207344973033,4,0.2972030163075819,1.1888120652303276,0.0,0.0,0.0,0.0,72.02443097188896,25.056188872947928,True,False,True,False,False,16.55871600505117
2024-08-14 17:00:00+00:00,43.72,43.725,43.425,43.43,5469.0,40.997591131049774,,40.30669763282564,"rgba(38, 166, 154, 1.0)",1.2589548897456093,40.30669763282564,2.4808691658566664,4,0.28627451500026635,1.1450980600010654,0.0,0.0,0.0,0.0,72.45539424894541,25.056188872947928,True,False,True,False,False,16.336620341552294
2024-08-15 17:00:00+00:00,43.52,43.67,43.5,43.62,12610.0,41.10001191156999,,40.374032925306565,"rgba(38, 166, 154, 1.0)",1.3155707253254365,40.374032925306565,2.4673451698238935,4,0.2755813875853789,1.1023255503415157,0.0,0.0,0.0,0.0,73.31461238308923,25.056188872947928,True,False,True,False,True,17.114424430817568
2024-08-16 17:00:00+00:00,43.595,43.83,43.595,43.785,5941.0,41.148071253837635,,40.40602183990587,"rgba(38, 166, 154, 1.0)",1.3740026686048656,40.40602183990587,2.4592224144113737,4,0.265407009008716,1.061628036034864,0.0,0.0,0.0,0.0,74.37933502919886,25.056188872947928,True,False,True,False,True,17.78663433459403
2024-08-19 17:00:00+00:00,44.085,44.19,43.95,44.035,18695.0,41.30594165387527,,40.866562259314556,"rgba(38, 166, 154, 1.0)",1.4371197107628229,40.866562259314556,2.2047138571383416,4,0.25548237037299093,1.0219294814919637,0.0,0.0,0.0,0.0,75.80586363707447,22.514065046059997,True,False,True,False,True,18.79573344735706
2024-08-20 17:00:00+00:00,43.44,43.645,43.325,43.61,16138.0,41.40527907361363,,40.90669119177144,"rgba(38, 166, 154, 1.0)",1.4831674378331674,40.90669119177144,1.8226592219270625,4,0.2484906448254362,0.9939625793017448,0.0,0.0,0.0,0.0,72.85087572671632,22.514065046059997,True,False,True,False,False,16.011190200376877
2024-08-21 17:00:00+00:00,43.69,43.77,43.5,43.6,5189.0,41.436729187160694,,40.92500066267224,"rgba(38, 166, 154, 1.0)",1.526526779656669,40.92500066267224,1.7523435376151053,4,0.24232634606956532,0.9693053842782613,0.0,0.0,0.0,0.0,70.7932380196769,24.32300144857828,True,False,True,False,False,15.94636539444032
2024-08-22 17:00:00+00:00,43.695,43.91,43.54,43.655,11733.0,41.507089271798336,,40.96990474719539,"rgba(38, 166, 154, 1.0)",1.5681447493630505,40.96990474719539,1.7122751288713882,4,0.23680564838039372,0.9472225935215749,0.0,0.0,0.0,0.0,69.68502609754637,23.27116847342296,True,False,True,False,False,16.181489452087696
2024-08-23 17:00:00+00:00,44.05,44.17,44.02,44.035,3224.0,41.528823518859305,,40.98591659057907,"rgba(38, 166, 154, 1.0)",1.617883538498396,40.98591659057907,1.884612419167615,4,0.23092360217514263,0.9236944087005705,0.0,0.0,0.0,0.0,70.63469172588641,23.27116847342296,True,False,True,False,False,17.787456113511297
2024-08-26 17:00:00+00:00,44.005,44.035,43.825,43.865,8746.0,41.58223170192362,,41.02339030028739,"rgba(38, 166, 154, 1.0)",1.6614351903976983,41.02339030028739,1.7103343640099595,4,0.2258018517407131,0.9032074069628524,0.0,0.0,0.0,0.0,69.51074957420272,23.046005900393524,True,False,True,False,False,16.645179259388065
2024-08-27 17:00:00+00:00,43.665,43.885,43.665,43.82,6469.0,41.61828547470707,,41.048054890978634,"rgba(38, 166, 154, 1.0)",1.7018190453344342,41.048054890978634,1.6288130730589139,4,0.22126446306630754,0.8850578522652301,0.0,0.0,0.0,0.0,68.28651771234641,21.778153727803954,True,False,True,False,False,16.341449375634483
2024-08-28 17:00:00+00:00,43.765,43.805,43.58,43.775,11010.0,41.67512037978558,,41.086928184735825,"rgba(38, 166, 154, 1.0)",1.7386807233237498,41.086928184735825,1.5460410753996972,4,0.21849674282215636,0.8739869712886255,0.0,0.0,0.0,0.0,66.95954990316446,20.41630026005261,False,False,True,False,False,16.033589216620843
2024-08-29 17:00:00+00:00,43.675,43.87,43.655,43.745,6544.0,41.708047863194125,,41.110095141815,"rgba(38, 166, 154, 1.0)",1.773787231926107,41.110095141815,1.4854683869405378,4,0.21656706639577922,0.8662682655831169,0.0,0.0,0.0,0.0,65.70713217418681,19.12852746821278,False,False,True,False,False,15.82534386939999
2024-08-30 17:00:00+00:00,43.84,44.055,43.78,44.005,7016.0,41.745381057533976,,41.137571967443016,"rgba(38, 166, 154, 1.0)",1.8133516998605985,41.137571967443016,1.5812862076217318,4,0.2148922774849875,0.85956910993995,0.0,0.0,0.0,0.0,66.63002530369526,19.12852746821278,False,False,True,False,False,16.998719965008593
2024-09-02 17:00:00+00:00,44.005,44.005,44.005,44.005,0.0,41.745381057533976,,41.137571967443016,"rgba(38, 166, 154, 1.0)",1.8510658434417426,41.137571967443016,1.5490686313056758,4,0.21374406468058155,0.8549762587223262,0.0,0.0,0.0,0.0,67.24528739003422,19.12852746821278,False,False,True,False,True,16.998719965008593
2024-09-03 17:00:00+00:00,44.38,44.58,44.365,44.565,5339.0,41.77994277154857,,41.16476327140201,"rgba(38, 166, 154, 1.0)",1.9007075780606622,41.16476327140201,1.7889320629043486,4,0.21240644080860668,0.8496257632344267,0.0,0.0,0.0,0.0,70.60735649264225,17.236149444080553,True,False,True,False,True,19.46820137541221
2024-09-04 17:00:00+00:00,44.73,44.91,44.605,44.795,5640.0,41.819008476938585,,41.1959877965745,"rgba(38, 166, 154, 1.0)",1.9530266139904195,41.1959877965745,1.8427870760409193,4,0.20972743345069414,0.8389097338027766,0.0,0.0,0.0,0.0,73.71683843734039,20.084634618568117,True,False,True,False,True,20.0
2024-09-05 17:00:00+00:00,45.105,45.33,45.08,45.255,7269.0,41.87535640353874,,41.24185451760304,"rgba(38, 166, 154, 1.0)",2.0098541518507345,41.24185451760304,1.996734677837961,4,0.20546249705702221,0.8218499882280889,0.0,0.0,0.0,0.0,77.16355522950288,23.16492995133048,True,False,True,False,True,20.0
2024-09-06 17:00:00+00:00,44.55,44.68,44.46,44.6,7341.0,41.91984483965244,,41.276544054725925,"rgba(38, 166, 154, 1.0)",2.0478031692083447,41.276544054725925,1.6229372018009347,4,0.20268539064179328,0.8107415625671731,0.0,0.0,0.0,0.0,72.52464887994957,27.061729515966476,True,False,True,False,False,17.67509470689068
2024-09-09 17:00:00+00:00,45.035,45.115,44.925,44.985,9293.0,41.98284381145957,,41.326829640552035,"rgba(38, 166, 154, 1.0)",2.0922707458342455,41.326829640552035,1.748421119365865,3,0.22041264523599224,0.6612379357079767,0.0,0.0,0.0,0.0,71.15550919613854,25.99263200411636,False,False,True,False,False,19.272417153734104
2024-09-10 17:00:00+00:00,44.645,44.65,44.4,44.525,6535.0,42.01879340602744,,41.35476962599951,"rgba(38, 166, 154, 1.0)",2.116802422403992,41.35476962599951,1.497650579216623,3,0.21744697918651032,0.6523409375595309,0.0,0.0,0.0,0.0,66.616092874941,21.90569939277445,False,True,True,False,False,16.17502518945696
2024-09-11 17:00:00+00:00,44.52,44.795,44.505,44.765,11306.0,42.08254546478674,,41.40498110616255,"rgba(38, 166, 154, 1.0)",2.1305755683035894,41.40498110616255,1.5770475095200536,3,0.21420099420498775,0.6426029826149633,0.0,0.0,0.0,0.0,64.7981844530326,20.347587126651163,False,True,True,False,False,17.18630099298716
2024-09-12 17:00:00+00:00,44.925,45.34,44.925,45.195,8560.0,42.1370823158397,,41.448824821021056,"rgba(38, 166, 154, 1.0)",2.160846155585357,41.448824821021056,1.7336612184517755,3,0.2101973126559675,0.6305919379679025,0.0,0.0,0.0,0.0,65.48687725880532,20.347587126651163,False,True,True,False,False,18.94799373979677
2024-09-13 17:00:00+00:00,45.14,45.57,45.115,45.515,6648.0,42.181475299457865,,41.484759723307555,"rgba(38, 166, 154, 1.0)",2.2062475010832174,41.484759723307555,1.8267398715301386,3,0.2061463977947129,0.6184391933841387,0.0,0.0,0.0,0.0,67.15501472567361,20.347587126651163,False,True,True,False,True,20.0
2024-09-16 17:00:00+00:00,45.575,45.79,45.56,45.655,3468.0,42.20604835186272,,41.883266269692626,"rgba(38, 166, 154, 1.0)",2.2509328756785965,41.883266269692626,1.6756313664708005,3,0.20177606983931984,0.6053282095179595,0.0,0.0,0.0,0.0,68.7699404574023,20.347587126651163,False,True,True,False,True,20.0
2024-09-17 17:00:00+00:00,45.295,45.365,45.245,45.34,7717.0,42.25407511667579,,41.89651552836234,"rgba(38, 166, 154, 1.0)",2.288166581852425,41.89651552836234,1.5049098693024037,3,0.19869086544491407,0.5960725963347422,0.0,0.0,0.0,0.0,67.0968065340966,20.347587126651163,False,True,True,False,True,18.61490343520146
2024-09-18 17:00:00+00:00,45.115,45.365,44.815,44.89,3678.0,42.27430433740618,,41.90226699598664,"rgba(38, 166, 154, 1.0)",2.316980187483072,41.90226699598664,1.2894944118011304,3,0.1964394635639165,0.5893183906917495,0.0,0.0,0.0,0.0,62.67693513534373,18.15674483677003,False,True,True,False,False,15.650365888739046
2024-09-19 17:00:00+00:00,44.73,44.765,44.445,44.61,4855.0,42.296579535268606,,41.902334410621215,"rgba(38, 166, 154, 1.0)",2.338994224443892,41.902334410621215,1.1576196132004328,3,0.1946146115768085,0.5838438347304256,0.0,0.0,0.0,0.0,57.96869370343025,13.803045810385733,False,True,True,False,False,13.863649792559318
2024-09-20 17:00:00+00:00,44.305,44.715,44.28,44.69,21214.0,42.38731732648494,,42.15968311241727,"rgba(38, 166, 154, 1.0)",2.355465050388883,42.15968311241727,1.0742324056835306,3,0.19274436671392,0.57823310014176,0.0,0.0,0.0,0.0,55.3544310849026,11.443742508971319,False,True,True,False,False,14.212953272774165
2024-09-23 17:00:00+00:00,45.03,45.075,44.92,45.005,8315.0,42.42770636573213,,42.19986614188241,"rgba(38, 166, 154, 1.0)",2.374268416483994,42.19986614188241,1.181472928099536,3,0.1904791163767022,0.5714373491301066,0.0,0.0,0.0,0.0,55.59537634679331,11.443742508971319,False,True,True,False,False,15.577071299549402
2024-09-24 17:00:00+00:00,45.115,45.245,45.025,45.145,14528.0,42.49899423373061,,42.26670135263942,"rgba(38, 166, 154, 1.0)",2.3906710826094675,42.26670135263942,1.2039709972226114,3,0.18812376020056756,0.5643712806017027,0.0,0.0,0.0,0.0,56.58035580077508,11.443742508971319,False,True,True,False,False,16.17574304266768
2024-09-25 17:00:00+00:00,45.185,45.305,44.96,45.005,12021.0,42.55417651585348,,42.31185805902703,"rgba(38, 166, 154, 1.0)",2.39895337163505,42.31185805902703,1.1226320497998725,3,0.18604630175319078,0.5581389052595723,0.0,0.0,0.0,0.0,56.074408388437305,11.443742508971319,False,True,True,False,False,15.247960855911842
2024-09-26 17:00:00+00:00,45.415,45.515,45.185,45.38,7476.0,42.5908545242071,,42.34520480160141,"rgba(38, 166, 154, 1.0)",2.4100946899269973,42.34520480160141,1.259201645098233,3,0.18342866855615894,0.5502860056684769,0.0,0.0,0.0,0.0,58.01674721028752,11.443742508971319,False,True,True,False,True,16.86485879180606
2024-09-27 17:00:00+00:00,45.52,45.705,45.45,45.565,6226.0,42.622973391843715,,42.3758152879601,"rgba(38, 166, 154, 1.0)",2.4180217698108453,42.3758152879601,1.318923076647642,3,0.18072022639026422,0.5421606791707927,0.0,0.0,0.0,0.0,60.30074738954563,11.443742508971319,False,True,True,False,True,17.646139172959145
2024-09-30 17:00:00+00:00,45.285,45.51,45.175,45.44,4530.0,42.64436950473774,,42.3941964402844,"rgba(38, 166, 154, 1.0)",2.415083980036827,42.3941964402844,1.2611584462040764,3,0.17841820497622018,0.5352546149286606,0.0,0.0,0.0,0.0,60.61481648242777,11.443742508971319,False,True,True,False,True,16.79558459195999
2024-10-01 17:00:00+00:00,45.53,45.695,45.38,45.615,3943.0,42.66399002279788,,42.412047170272466,"rgba(38, 166, 154, 1.0)",2.4051132317746586,42.412047170272466,1.3317264182876647,3,0.17607414615436467,0.528222438463094,0.0,0.0,0.0,0.0,61.86948201606204,7.1516825448610675,False,True,True,False,True,17.549068354858544
2024-10-02 17:00:00+00:00,45.69,45.84,45.63,45.805,7544.0,42.70327943542686,,42.70367097483376,"rgba(38, 166, 154, 1.0)",2.3947654533537226,42.70367097483376,1.2950449994269857,3,0.1735828141450287,0.5207484424350861,1.0,0.0,45.84,317.0,63.77382875467156,9.206185866927939,False,True,True,False,True,18.361375255295993
2024-10-03 17:00:00+00:00,45.085,45.105,44.755,44.9,30903.0,42.81287579733493,,42.718004657062956,"rgba(38, 166, 154, 1.0)",2.3677746898684986,42.718004657062956,0.9215384184456447,3,0.17227426823794867,0.516822804713846,0.0,0.0,0.0,0.0,57.71725736721197,12.611751464779104,False,True,True,False,False,12.358010850473342
2024-10-04 17:00:00+00:00,44.51,44.555,44.315,44.46,10148.0,42.83892414293263,,42.71876288741654,"rgba(239, 83, 80, 1.0)",2.3302890397993314,42.71876288741654,0.7472193718653055,3,0.1714147883766062,0.5142443651298186,0.0,0.0,0.0,0.0,51.383915266019244,6.925148584090017,False,True,False,False,False,9.657349349286026
2024-10-07 17:00:00+00:00,43.845,43.94,43.555,43.675,15664.0,42.8602087843371,,42.69169471185437,"rgba(239, 83, 80, 1.0)",2.303180200513176,42.69169471185437,0.4269337188321337,3,0.17108338077147342,0.5132501423144202,0.0,0.0,0.0,0.0,44.159809640674865,0.6157172896795657,False,True,False,True,False,5.146651822766888
2024-10-08 17:00:00+00:00,43.5,43.61,43.32,43.6,7613.0,42.86772137481092,,42.67866661884519,"rgba(239, 83, 80, 1.0)",2.26835148101905,42.67866661884519,0.4061687039527505,3,0.17079834103348013,0.5123950231004404,0.0,0.0,0.0,0.0,39.1021738842722,-3.6089996252453034,False,True,False,True,False,4.732480670367483
2024-10-09 17:00:00+00:00,43.41,43.42,43.295,43.34,9248.0,42.87442403348289,,42.6622723151662,"rgba(239, 83, 80, 1.0)",2.2198212491951357,42.6622723151662,0.30530732376741404,3,0.17081595791718254,0.5124478737515477,0.0,0.0,0.0,0.0,34.891128075654755,-7.157425854074511,False,True,False,True,False,3.3011220540173625
2024-10-10 17:00:00+00:00,43.04,43.19,42.94,43.13,5005.0,42.87600308593802,,42.68237522134978,"rgba(239, 83, 80, 1.0)",2.1758215969195396,42.68237522134978,0.20572678352120227,3,0.17136423111822752,0.5140926933546826,0.0,0.0,0.0,0.0,31.43832727778749,-10.158927883901406,False,True,False,True,False,2.1594997247615133
2024-10-11 17:00:00+00:00,43.46,43.475,43.365,43.395,5789.0,42.880573276366036,,42.68880912606419,"rgba(239, 83, 80, 1.0)",2.126463548999864,42.68880912606419,0.3320963927493381,3,0.17170150759264655,0.5151045227779396,0.0,0.0,0.0,0.0,31.503156114717925,-10.158927883901406,False,True,False,True,False,3.501801218880196
2024-10-14 17:00:00+00:00,43.64,43.69,43.53,43.635,2588.0,42.8833765449137,,42.692613958718184,"rgba(239, 83, 80, 1.0)",2.0682850057148157,42.692613958718184,0.455636451783935,3,0.17197172487919246,0.5159151746375774,0.0,0.0,0.0,0.0,33.539780621652824,-10.158927883901406,False,True,False,True,False,4.699031665682821
2024-10-15 17:00:00+00:00,44.15,44.515,44.115,44.46,21916.0,42.92951270135689,,42.76787509380752,"rgba(38, 166, 154, 1.0)",2.0161806234328745,42.76787509380752,0.839272477141143,2,0.20097221875525395,0.4019444375105079,0.0,0.0,0.0,0.0,40.153986543820025,-18.283825603909385,False,True,False,True,True,8.599108756746467
2024-10-16 17:00:00+00:00,44.715,45.005,44.705,44.86,8238.0,42.95183350439126,,42.799011899505295,"rgba(38, 166, 154, 1.0)",1.9760319051295596,42.799011899505295,1.0429933318103861,2,0.20205482631142702,0.40410965262285403,0.0,0.0,0.0,0.0,46.44629920079499,-12.432215899219997,False,True,False,False,True,10.372915954087834
2024-10-17 17:00:00+00:00,44.67,44.76,44.49,44.755,7137.0,42.96888627504475,,42.81768499640601,"rgba(38, 166, 154, 1.0)",1.9308615730844818,42.81768499640601,1.003342254359127,2,0.20263542639682508,0.40527085279365016,0.0,0.0,0.0,0.0,49.96141222784985,-9.195523460332794,False,True,False,False,True,9.766376085403255
2024-10-18 17:00:00+00:00,45.025,45.04,44.865,44.955,8752.0,42.992771174362694,,42.98668606369522,"rgba(38, 166, 154, 1.0)",1.8820236616639356,42.98668606369522,1.0458497288841495,1,0.1954025472047078,0.1954025472047078,0.0,0.0,0.0,0.0,53.29293741355753,-6.009062542095869,False,True,True,False,True,10.654900438772692
2024-10-21 17:00:00+00:00,44.815,44.975,44.765,44.84,3517.0,43.001758924962516,,42.99389814896576,"rgba(38, 166, 154, 1.0)",1.8298306474092245,42.99389814896576,1.008892191005793,1,0.1952847662404588,0.1952847662404588,0.0,0.0,0.0,0.0,54.66092470350533,-4.498635114098008,False,True,True,False,True,9.975798681190664
2024-10-22 17:00:00+00:00,44.605,44.84,44.585,44.755,7898.0,43.02020461327657,,43.00501029454322,"rgba(38, 166, 154, 1.0)",1.773102914651546,43.00501029454322,0.9869645416496852,1,0.19503931281974426,0.19503931281974426,0.0,0.0,0.0,0.0,54.91715321214048,-3.810485375270197,False,True,True,False,True,9.47069131967261
2024-10-23 17:00:00+00:00,44.735,44.89,44.715,44.89,6407.0,43.035783793373604,,43.019046866883855,"rgba(38, 166, 154, 1.0)",1.7311209408101942,43.019046866883855,1.080775518919266,1,0.19444696317975202,0.19444696317975202,0.0,0.0,0.0,0.0,55.945321892662605,-2.2595984319805495,False,False,True,False,True,10.095934710646809
2024-10-24 17:00:00+00:00,44.07,44.235,43.825,44.225,8315.0,43.04747574405117,,43.00995262483813,"rgba(38, 166, 154, 1.0)",1.6830069936100678,43.00995262483813,0.7219502829014298,1,0.19440844701601795,0.19440844701601795,0.0,0.0,0.0,0.0,51.94602738267351,-2.2595984319805495,False,True,False,False,False,6.201543219679234
2024-10-25 17:00:00+00:00,43.895,43.99,43.785,43.81,10019.0,43.05816266324295,,42.99671136319491,"rgba(38, 166, 154, 1.0)",1.6299771954409408,42.99671136319491,0.49895706460180256,1,0.1951128619867979,0.1951128619867979,0.0,0.0,0.0,0.0,47.15008068477942,5.085907585973416,False,True,False,True,False,3.9021152150713654
2024-10-28 17:00:00+00:00,43.995,44.025,43.825,43.89,8910.0,43.068029825458794,,42.99117596792927,"rgba(38, 166, 154, 1.0)",1.5594494726208712,42.99117596792927,0.5763726544856431,1,0.19594409444297187,0.19594409444297187,0.0,0.0,0.0,0.0,44.58896812584014,2.459449927973978,False,True,False,True,False,4.295951413378177
2024-10-29 17:00:00+00:00,43.26,43.31,43.025,43.265,10823.0,43.06985389172258,,42.96357951090781,"rgba(239, 83, 80, 1.0)",1.4948786536669267,42.96357951090781,0.20163542261628067,1,0.19729127490037793,0.19729127490037793,0.0,0.0,0.0,0.0,40.09580250557298,-1.9410392657503195,False,True,False,True,False,0.9423833313992951
2024-10-30 17:00:00+00:00,43.065,43.275,43.05,43.24,6847.0,43.0708809130443,,42.94909353713788,"rgba(239, 83, 80, 1.0)",1.4409749421081677,42.94909353713788,0.20188169437320314,1,0.1989832015116799,0.1989832015116799,0.0,0.0,0.0,0.0,37.0024777715398,-4.984244942539817,False,True,False,True,False,0.8115178157945842
2024-10-31 17:00:00+00:00,43.425,43.675,43.235,43.245,7344.0,43.073774549094416,,42.93967637925111,"rgba(239, 83, 80, 1.0)",1.3968141776366314,42.93967637925111,0.21858571142618635,1,0.2008812483835587,0.2008812483835587,0.0,0.0,0.0,0.0,34.98913480080692,-7.084708511000265,False,True,False,True,False,0.8375990836292964
2024-11-01 17:00:00+00:00,42.83,42.885,42.665,42.795,8898.0,43.070550273095925,,42.915807368795676,"rgba(239, 83, 80, 1.0)",1.348828570839662,42.915807368795676,-0.08956465736818585,1,0.2032666014577024,0.2032666014577024,0.0,0.0,0.0,0.0,31.8235473161147,-10.306540697296626,False,True,False,True,False,0.0
2024-11-04 17:00:00+00:00,42.45,42.605,42.385,42.57,14985.0,43.06050292773702,,42.850362355462124,"rgba(239, 83, 80, 1.0)",1.3035638709958237,42.850362355462124,-0.21507373877119532,1,0.2062362091756786,0.2062362091756786,0.0,0.0,0.0,0.0,28.945045600990877,-13.247985329398261,False,True,False,True,False,0.0
2024-11-05 17:00:00+00:00,43.76,44.155,43.72,44.075,20093.0,43.082545629979215,,42.91981220119222,"rgba(38, 166, 154, 1.0)",1.2367759124665663,42.91981220119222,0.9340316116797017,1,0.209607596905408,0.209607596905408,0.0,0.0,0.0,0.0,37.391438217519166,-20.907607884094297,False,True,False,True,True,4.833827067496486
2024-11-06 17:00:00+00:00,43.39,43.635,43.3,43.585,10163.0,43.08760847248193,,42.9203727161753,"rgba(38, 166, 154, 1.0)",1.1866356294654927,42.9203727161753,0.5600938209853636,2,0.3691962493038958,0.7383924986077915,0.0,0.0,0.0,0.0,40.685715364134765,-17.925725908557382,False,True,False,True,True,2.345837096240281
2024-11-07 17:00:00+00:00,43.735,43.995,43.58,43.85,8222.0,43.09450222392846,,42.92831970926274,"rgba(38, 166, 154, 1.0)",1.1265526342953023,42.92831970926274,0.8181422355945285,2,0.3760489468953059,0.7520978937906118,0.0,0.0,0.0,0.0,44.16215900523835,-14.65240189014682,False,True,False,True,True,3.5742384163734577
2024-11-08 17:00:00+00:00,44.02,44.27,43.97,44.16,12050.0,43.10886355987945,,42.949149167769065,"rgba(38, 166, 154, 1.0)",1.0731393996918654,42.949149167769065,1.1283257632499637,2,0.38353359876398085,0.7670671975279617,0.0,0.0,0.0,0.0,47.90526857535873,-11.06101739974661,False,False,False,False,True,4.987252964919261
2024-11-11 17:00:00+00:00,44.57,44.595,44.23,44.285,6516.0,43.11822131071624,,42.96321369374064,"rgba(38, 166, 154, 1.0)",1.0174751253128869,42.96321369374064,1.2990846393939002,2,0.38825322627968806,0.7765064525593761,0.0,0.0,0.0,0.0,50.968224217845865,-8.042809933524886,False,False,True,False,True,5.552541728060977
2024-11-12 17:00:00+00:00,44.255,44.325,44.055,44.26,9583.0,43.130042869206676,,42.97831869344857,"rgba(38, 166, 154, 1.0)",0.9639605707609747,42.97831869344857,1.3295993066808067,2,0.39434959010885107,0.7886991802177021,0.0,0.0,0.0,0.0,52.8481457535223,-6.019078018171129,True,False,True,False,True,5.420027847029125
2024-11-13 17:00:00+00:00,43.92,44.1,43.79,44.005,9631.0,43.1390040247241,,42.98652879909429,"rgba(38, 166, 154, 1.0)",0.9277385465801514,42.98652879909429,1.0977998107980145,2,0.40311290793197996,0.8062258158639599,0.0,0.0,0.0,0.0,52.42185603862538,-6.019078018171129,True,False,True,False,True,4.06625012445021
2024-11-14 17:00:00+00:00,44.505,44.56,44.25,44.295,10093.0,43.15267689150962,,43.003934647532404,"rgba(38, 166, 154, 1.0)",0.88576420407751,43.003934647532404,1.4575722822443404,2,0.41100983462539714,0.8220196692507943,0.0,0.0,0.0,0.0,53.78815321876199,-4.214453524282909,True,False,True,False,True,5.425394641315638
2024-11-15 17:00:00+00:00,44.05,44.165,43.975,44.165,10871.0,43.16391078663463,,43.01507814337718,"rgba(38, 166, 154, 1.0)",0.8663274821371795,43.01507814337718,1.3273523930996944,2,0.4205595504020277,0.8411191008040554,0.0,0.0,0.0,0.0,53.77524805925201,-3.613813150004823,True,False,True,False,True,4.726622849336639
2024-11-18 17:00:00+00:00,44.05,44.225,43.955,44.19,7067.0,43.1712375986194,,43.02233573782303,"rgba(38, 166, 154, 1.0)",0.8209933172851435,43.02233573782303,1.4222579375410709,2,0.43247904534422255,0.8649580906884451,0.0,0.0,0.0,0.0,53.92846732968682,-2.7876842166188496,True,False,True,False,True,4.846231818762252
2024-11-19 17:00:00+00:00,44.485,44.825,44.41,44.755,8189.0,43.184325540833406,,43.0394560619892,"rgba(38, 166, 154, 1.0)",0.7976345942508898,43.0394560619892,2.150789284185927,2,0.44406331504580265,0.8881266300916053,0.0,0.0,0.0,0.0,57.24416074467193,0.8957481030087209,True,False,True,False,True,7.495864469306458
2024-11-20 17:00:00+00:00,44.605,44.78,44.535,44.695,5835.0,43.19355343073334,,43.05123357543822,"rgba(38, 166, 154, 1.0)",0.7791455530211459,43.05123357543822,2.1097039162811866,2,0.45458138252198754,0.9091627650439751,0.0,0.0,0.0,0.0,58.93193110609471,2.904030832926921,True,False,True,False,True,7.159608693784197
2024-11-21 17:00:00+00:00,44.655,44.86,44.565,44.8,6575.0,43.20431330866808,,43.06497002239159,"rgba(38, 166, 154, 1.0)",0.7696706795472907,43.06497002239159,2.2542498028233653,2,0.46613466795138514,0.9322693359027703,0.0,0.0,0.0,0.0,60.63635153635293,4.884253146923108,True,False,True,False,True,7.649825586014817
2024-11-22 17:00:00+00:00,45.065,45.32,45.065,45.195,10362.0,43.22586396155431,,43.2179097955318,"rgba(38, 166, 154, 1.0)",0.7612286358485657,43.33924962326736,2.437835742561077,2,0.4785956750092156,0.9571913500184313,0.0,0.0,0.0,0.0,63.729276359670116,8.074482629078055,True,False,True,False,True,9.467590780430086
2024-11-25 17:00:00+00:00,44.63,45.04,44.63,45.005,15583.0,43.25257144351447,,43.23829709945521,"rgba(38, 166, 154, 1.0)",0.7430550947767635,43.359073583966705,2.2150799148046816,2,0.49265649731749805,0.9853129946349961,0.0,0.0,0.0,0.0,63.89945645203444,8.516111443085805,True,False,True,False,True,8.363247449511451
2024-11-26 17:00:00+00:00,44.615,44.655,44.325,44.575,13503.0,43.26991541579735,,43.24539237295017,"rgba(38, 166, 154, 1.0)",0.7366049646002288,43.365207317489066,1.6423900742611979,2,0.5094543121826268,1.0189086243652536,0.0,0.0,0.0,0.0,60.34533599284216,8.516111443085805,True,False,True,False,False,5.920048030637631
2024-11-27 17:00:00+00:00,45.055,45.11,44.755,44.83,9365.0,43.28524506448281,,43.262972525650724,"rgba(38, 166, 154, 1.0)",0.7308066812811955,43.38280858012914,1.9802657213447394,1,0.7431512875275145,0.7431512875275145,0.0,0.0,0.0,0.0,59.574416728974924,8.516111443085805,True,False,True,False,False,7.123828463534689
2024-11-28 17:00:00+00:00,44.83,44.83,44.83,44.83,0.0,43.28524506448281,,43.262972525650724,"rgba(38, 166, 154, 1.0)",0.7275042181233151,43.38280858012914,1.9892550226087575,1,0.7630765928522749,0.7630765928522749,0.0,0.0,0.0,0.0,59.06047055306343,8.516111443085805,True,False,True,False,False,7.123828463534689
2024-11-29 17:00:00+00:00,44.615,44.75,44.615,44.7,1964.0,43.288009640069944,,43.265426707955434,"rgba(38, 166, 154, 1.0)",0.7250537600445798,43.38520474730712,1.813376228284151,1,0.7860678391570711,0.7860678391570711,0.0,0.0,0.0,0.0,57.517332975670335,12.243017830025757,True,False,True,False,False,6.371137571688649
2024-12-02 17:00:00+00:00,44.53,45.005,44.5,44.89,13418.0,43.30807064147681,,43.28588197889021,"rgba(38, 166, 154, 1.0)",0.7260771557044498,43.405458348834784,2.044605920323845,1,0.8183434233232332,0.8183434233232332,0.0,0.0,0.0,0.0,57.895031822577536,12.243017830025757,True,False,True,False,False,7.296564964090397
2024-12-03 17:00:00+00:00,44.4,44.595,44.27,44.285,14190.0,43.32296541014039,,43.29367074540192,"rgba(38, 166, 154, 1.0)",0.7202632276584336,43.412377548482254,1.2115326980590504,1,0.8526191752542855,0.8526191752542855,0.0,0.0,0.0,0.0,53.27738286104235,7.820874914029716,True,False,True,False,False,3.8421865716149846
2024-12-04 17:00:00+00:00,44.7,44.86,44.58,44.705,15673.0,43.343942469234086,,43.31407215922818,"rgba(38, 166, 154, 1.0)",0.7146896573381577,43.43241474419736,1.7806123857204654,1,0.882560099861622,0.882560099861622,0.0,0.0,0.0,0.0,53.23648415386667,7.6676951239155,True,False,True,False,False,5.8969106202287165
2024-12-05 17:00:00+00:00,44.6,45.005,44.52,44.895,6888.0,43.35356593049371,,43.324016073934665,"rgba(38, 166, 154, 1.0)",0.7109063685638858,43.442248052042096,2.0435207957028663,1,0.9080360815518196,0.9080360815518196,0.0,0.0,0.0,0.0,54.40431542279131,7.6676951239155,True,False,True,False,False,6.805894087290458
2024-12-06 17:00:00+00:00,44.53,44.535,44.34,44.48,10327.0,43.3642917187267,,43.33159015643802,"rgba(38, 166, 154, 1.0)",0.7093001753408532,43.449321816797905,1.4530916797064102,1,0.942170971142034,0.942170971142034,0.0,0.0,0.0,0.0,52.18899616376757,6.452770292932577,True,False,False,False,False,4.475860510886729
2024-12-09 17:00:00+00:00,44.29,44.295,43.76,43.89,14865.0,43.37285151103061,,43.330160382354215,"rgba(38, 166, 154, 1.0)",0.7090272996941219,43.44663518543373,0.6253141659813986,2,0.5415787995283627,1.0831575990567255,0.0,0.0,0.0,0.0,47.495952993680106,2.036009027715309,False,False,False,True,False,1.3222602255970024
2024-12-10 17:00:00+00:00,43.575,43.795,43.535,43.63,8689.0,43.375106364539995,,43.32498383206337,"rgba(239, 83, 80, 1.0)",0.711644979309489,43.44054865672206,0.2662160891822351,2,0.570470882302737,1.140941764605474,0.0,0.0,0.0,0.0,43.21075885554927,-1.8254475188469286,False,True,False,True,False,0.0
2024-12-11 17:00:00+00:00,43.355,43.42,42.99,43.05,12966.0,43.37247743098252,,43.30762247049615,"rgba(239, 83, 80, 1.0)",0.725694678060679,43.42143521745659,-0.511834010481107,2,0.5923181134985313,1.1846362269970625,0.0,0.0,0.0,0.0,38.20647071327751,-6.256666533311758,False,True,False,True,False,0.0
2024-12-12 17:00:00+00:00,42.675,42.69,42.2,42.32,8569.0,43.36494397484674,,43.28682031408522,"rgba(239, 83, 80, 1.0)",0.7618450635796807,43.399093029743256,-1.416420583829633,3,0.4922154145371618,1.4766462436114853,0.0,0.0,0.0,0.0,32.91101587203863,-10.877286158766744,False,True,False,True,False,0.0
2024-12-13 17:00:00+00:00,42.55,42.555,42.28,42.32,18493.0,43.348775867529696,,43.245399861922145,"rgba(239, 83, 80, 1.0)",0.7982043360957077,43.35458311790802,-1.2961381830729246,3,0.5072507430756673,1.521752229227002,0.0,0.0,0.0,0.0,29.380712644546044,-13.871132444176169,False,True,False,True,False,0.0
2024-12-16 17:00:00+00:00,42.3,42.325,42.01,42.025,5904.0,43.34233731880553,,43.23081352431515,"rgba(239, 83, 80, 1.0)",0.8428337657904935,43.33897438950699,-1.5589959050520623,3,0.5199314033427821,1.5597942100283464,0.0,0.0,0.0,0.0,26.310404338843817,-16.561003672826054,False,True,False,True,False,0.0
2024-12-17 17:00:00+00:00,41.955,41.98,41.76,41.9,10944.0,43.32827053721401,,43.20120242451142,"rgba(239, 83, 80, 1.0)",0.88940914692309,43.30738782613801,-1.58238514974449,3,0.5290770992058857,1.5872312976176572,0.0,0.0,0.0,0.0,23.968325123148368,-18.710538917171668,False,True,False,True,False,0.0
2024-12-18 17:00:00+00:00,41.69,41.77,41.055,41.075,7481.0,43.31502070846256,,43.071478557927435,"rgba(239, 83, 80, 1.0)",0.964001336397624,43.256846963070885,-2.2633235875213873,3,0.5180306024254641,1.554091807276392,0.0,0.0,0.0,0.0,20.826517607417383,-21.707782978052858,False,True,False,True,False,0.0
2024-12-19 17:00:00+00:00,41.34,41.48,41.16,41.17,5876.0,43.3045811643181,,43.052212839679385,"rgba(239, 83, 80, 1.0)",1.0221208872280896,43.23529014104366,-2.0205928348109228,3,0.5102047370447037,1.530614211134111,0.0,0.0,0.0,0.0,19.611255994037666,-23.007625795571926,False,True,False,True,False,0.0
2024-12-20 17:00:00+00:00,41.675,41.905,41.52,41.755,11851.0,43.28850094432563,,43.03501325937111,"rgba(239, 83, 80, 1.0)",1.0603126684873592,43.2158414379213,-1.3777459058424066,3,0.5025106414520409,1.507531924356123,0.0,0.0,0.0,0.0,23.664404727154384,-23.007625795571926,False,True,False,True,True,0.0
2024-12-23 17:00:00+00:00,41.53,41.53,41.53,41.53,0.0,43.28850094432563,,43.03501325937111,"rgba(239, 83, 80, 1.0)",1.0997523185526785,43.2158414379213,-1.5329282871073528,3,0.49942701151040875,1.4982810345312263,0.0,0.0,0.0,0.0,25.616429523251604,-23.007625795571926,False,True,False,True,True,0.0
2024-12-24 17:00:00+00:00,41.66,41.855,41.65,41.815,4654.0,43.282461374741445,,43.02689230309311,"rgba(239, 83, 80, 1.0)",1.1312276079113042,43.206653379697755,-1.2302151838985815,3,0.49369534809564386,1.4810860442869316,0.0,0.0,0.0,0.0,29.071533980708253,-28.307183643476765,False,True,False,True,True,0.0
2024-12-25 17:00:00+00:00,41.815,41.815,41.815,41.815,0.0,43.282461374741445,,43.02689230309311,"rgba(239, 83, 80, 1.0)",1.1591114762671646,43.206653379697755,-1.200620827411249,3,0.48652817707380325,1.4595845312214097,0.0,0.0,0.0,0.0,31.37493695234602,-25.944182237670905,False,True,False,True,True,0.0
2024-12-26 17:00:00+00:00,41.835,41.88,41.66,41.83,4568.0,43.27664500103656,,43.01872662987321,"rgba(239, 83, 80, 1.0)",1.1799672960805534,43.19741153527508,-1.1588554528732735,3,0.47795146429198665,1.43385439287596,0.0,0.0,0.0,0.0,33.04006122705992,-24.114662624960133,False,True,False,True,True,0.0
2024-12-27 17:00:00+00:00,41.73,41.91,41.665,41.865,8810.0,43.26572849127067,,43.00297166908681,"rgba(239, 83, 80, 1.0)",1.192943565870232,43.179568379290075,-1.1019535348523526,3,0.47072342005942674,1.4121702601782802,0.0,0.0,0.0,0.0,34.48277669053549,-22.424816737433325,False,True,False,True,True,0.0
2024-12-30 17:00:00+00:00,41.47,41.755,41.465,41.69,5367.0,43.25835843216922,,42.990968005026865,"rgba(239, 83, 80, 1.0)",1.2054037938824238,43.166050087909994,-1.2245274947707454,3,0.46332067449641906,1.3899620234892571,0.0,0.0,0.0,0.0,34.43483530727976,-22.043085050503077,False,True,False,True,True,0.0
2024-12-31 17:00:00+00:00,41.47,41.615,41.435,41.54,5597.0,43.25024234413143,,42.97737325777629,"rgba(239, 83, 80, 1.0)",1.2248267095668284,43.15077754126925,-1.3151064788903217,3,0.45264095446060854,1.3579228633818257,0.0,0.0,0.0,0.0,33.57298938778133,-22.043085050503077,False,True,False,True,True,0.0
2025-01-01 17:00:00+00:00,41.54,41.54,41.54,41.54,0.0,43.25024234413143,,42.97737325777629,"rgba(239, 83, 80, 1.0)",1.24814612796603,43.15077754126925,-1.2905360239302766,3,0.44285274801269053,1.3285582440380717,0.0,0.0,0.0,0.0,32.99842544144904,-22.043085050503077,False,True,False,True,True,0.0
2025-01-02 17:00:00+00:00,41.405,41.5,41.28,41.38,12578.0,43.230781699232445,,42.94455773599004,"rgba(239, 83, 80, 1.0)",1.276263013363279,43.11401684210608,-1.3586673153964575,3,0.43228429453005934,1.296852883590178,0.0,0.0,0.0,0.0,31.66890520585092,-22.043085050503077,False,True,False,True,False,0.0
2025-01-03 17:00:00+00:00,41.66,41.74,41.545,41.57,6194.0,43.222532191990325,,42.93205919685194,"rgba(239, 83, 80, 1.0)",1.2970948550753345,43.09994614063444,-1.1795175461902345,3,0.42384055468229925,1.2715216640468978,0.0,0.0,0.0,0.0,33.300960533208496,-21.57465059406401,False,True,False,True,False,0.0
2025-01-06 17:00:00+00:00,41.705,41.73,41.36,41.4,6203.0,43.21373467189093,,42.918394390659486,"rgba(239, 83, 80, 1.0)",1.3164209190209182,43.08460869769377,-1.2796884897170187,2,0.5732964898886715,1.146592979777343,0.0,0.0,0.0,0.0,33.20964345807879,-21.29225052669077,False,True,False,True,False,0.0
2025-01-07 17:00:00+00:00,41.865,42.05,41.745,41.8,9541.0,43.20324214402371,,42.904353336683556,"rgba(239, 83, 80, 1.0)",1.3233412088175898,43.064783108428266,-0.9557498096491357,2,0.5652957388336655,1.130591477667331,0.0,0.0,0.0,0.0,37.700804746356354,-16.83095063664829,False,True,False,True,True,0.0
2025-01-08 17:00:00+00:00,41.745,42.01,41.545,41.965,5719.0,43.196914641331915,,42.895788101039095,"rgba(239, 83, 80, 1.0)",1.3278967553212258,43.05449423886308,-0.8204660750146351,2,0.5588958027239039,1.1177916054478079,0.0,0.0,0.0,0.0,42.231234286777806,-12.59140512981925,False,False,False,True,True,0.0
2025-01-09 17:00:00+00:00,41.965,41.965,41.965,41.965,0.0,43.196914641331915,,42.895788101039095,"rgba(239, 83, 80, 1.0)",1.3249905252082903,43.05449423886308,-0.8222656827616223,2,0.5527586079775917,1.1055172159551834,0.0,0.0,0.0,0.0,45.25152064705877,-9.866407610401644,False,False,False,True,True,0.0
2025-01-10 17:00:00+00:00,40.87,40.89,40.7,40.815,6866.0,43.1836413028272,,42.873642981873026,"rgba(239, 83, 80, 1.0)",1.3415776244863271,43.00972169532773,-1.6359259839087283,2,0.5379097281285485,1.075819456257097,0.0,0.0,0.0,0.0,39.868139445829215,-4.4913264487332825,False,False,False,True,False,0.0
2025-01-13 17:00:00+00:00,40.385,40.73,40.385,40.72,18957.0,43.144882733886334,40.61166666666666,42.6952485425707,"rgba(239, 83, 80, 1.0)",1.3600589944808743,42.829088497752636,-1.5507330978371734,2,0.5235818299930874,1.0471636599861749,0.0,0.0,0.0,0.0,35.90426999524812,-7.949962575768424,False,True,False,True,False,0.0
2025-01-14 17:00:00+00:00,40.435,40.545,40.385,40.485,7707.0,43.12860483864171,40.57120087008701,42.55915820387439,"rgba(239, 83, 80, 1.0)",1.3780719917385582,42.67446618440527,-1.5887894083407545,2,0.5086145459756856,1.0172290919513711,0.0,0.0,0.0,0.0,32.35600122432361,-11.065885839690417,False,True,False,True,False,0.0
2025-01-15 17:00:00+00:00,40.755,41.04,40.7,41.01,6926.0,43.11656656435627,40.64243326386821,42.557505994027125,"rgba(239, 83, 80, 1.0)",1.3748740384564284,42.67284060183999,-1.2094494152401483,2,0.4990038336982435,0.998007667396487,0.0,0.0,0.0,0.0,34.8785153719832,-11.065885839690417,False,True,False,True,False,0.0
2025-01-16 17:00:00+00:00,41.33,41.84,41.33,41.78,14951.0,43.099536815039,40.952771540209994,42.57894401668623,"rgba(38, 166, 154, 1.0)",1.3732416275249733,42.708934114220085,-0.6764535065065894,2,0.49437687323533225,0.9887537464706645,0.0,0.0,0.0,0.0,41.457599537652456,-15.940622132354008,False,False,False,True,True,0.0
2025-01-17 17:00:00+00:00,42.18,42.205,41.96,41.98,9215.0,43.09206680501103,41.127568997160466,42.59156909721387,"rgba(38, 166, 154, 1.0)",1.3739605637100734,42.73110127611294,-0.5466687297667115,2,0.4909487055270493,0.9818974110540986,0.0,0.0,0.0,0.0,46.85263436495062,-11.14390157680132,True,False,False,False,True,0.0
2025-01-20 17:00:00+00:00,41.98,41.98,41.98,41.98,0.0,43.09206680501103,41.127568997160466,42.59156909721387,"rgba(38, 166, 154, 1.0)",1.3805155552177135,42.73110127611294,-0.5440730263951924,2,0.48768712926362845,0.9753742585272569,0.0,0.0,0.0,0.0,50.44932424981606,-7.969940376669449,True,False,True,False,True,0.0
2025-01-21 17:00:00+00:00,42.695,42.73,42.36,42.58,13489.0,43.08655488291192,41.398143752777976,42.6190304794833,"rgba(38, 166, 154, 1.0)",1.3816486659190572,42.77591836777797,-0.14180042481903157,2,0.48731877731314444,0.9746375546262889,0.0,0.0,0.0,0.0,55.70009835466513,-3.1780194554753507,True,False,True,False,True,0.0
2025-01-22 17:00:00+00:00,42.29,42.335,42.0,42.11,16186.0,43.075106143843264,41.537025482952274,42.62178712930411,"rgba(38, 166, 154, 1.0)",1.3872138938848844,42.78539067498947,-0.48686844758888975,2,0.48621692583725473,0.9724338516745095,0.0,0.0,0.0,0.0,55.86506473429618,-2.968091038940962,True,False,True,False,True,0.0
2025-01-23 17:00:00+00:00,42.21,42.405,42.2,42.25,6759.0,43.071100491699895,41.59069954347596,42.62372886402021,"rgba(38, 166, 154, 1.0)",1.3913607863662518,42.79013969382918,-0.3882096571370526,2,0.4872879341690253,0.9745758683380507,0.0,0.0,0.0,0.0,56.67899886926217,-1.8534483829239505,True,False,True,False,True,0.0
2025-01-24 17:00:00+00:00,42.325,42.445,42.25,42.39,9142.0,43.06626889610679,41.65890863107911,42.62677162959916,"rgba(38, 166, 154, 1.0)",1.3939879211543413,42.796859361363516,-0.2918672071610215,2,0.48688082357850576,0.9737616471570115,0.0,0.0,0.0,0.0,57.93661320697949,-0.18784413541827405,True,False,True,False,True,0.0
2025-01-27 17:00:00+00:00,42.77,43.58,42.725,43.375,13234.0,43.06783480405102,41.83689972490549,42.65249843593738,"rgba(38, 166, 154, 1.0)",1.3931016079561347,42.83577940465297,0.38706480006016264,2,0.4892502072622456,0.9785004145244912,0.0,0.0,0.0,0.0,62.58975872673183,4.586078668319303,True,False,True,False,True,3.2532830414257212
2025-01-28 17:00:00+00:00,42.74,42.85,42.565,42.68,12759.0,43.06438939327389,41.92188740253883,42.660102837033726,"rgba(38, 166, 154, 1.0)",1.3856547871634801,42.84853657982566,-0.12162955837699466,3,0.49325354071276806,1.4797606221383042,0.0,0.0,0.0,0.0,61.215287045300954,4.586078668319303,True,False,True,False,True,0.0
2025-01-29 17:00:00+00:00,42.42,42.545,42.16,42.275,7557.0,43.06033749185374,41.94423451099001,42.65862496448245,"rgba(38, 166, 154, 1.0)",1.3740922736761385,42.84759345535227,-0.4167066989034132,3,0.4932791617657732,1.4798374852973195,0.0,0.0,0.0,0.0,58.17279703140629,4.586078668319303,True,False,True,False,False,0.0
2025-01-30 17:00:00+00:00,42.835,43.16,42.47,42.775,12360.0,43.05803446905575,42.0152457641504,42.66611815078436,"rgba(38, 166, 154, 1.0)",1.3606949171866347,42.859420063003185,-0.06204187429297733,4,0.4389780086192129,1.7559120344768515,0.0,0.0,0.0,0.0,58.24599064210048,4.586078668319303,True,False,True,False,False,0.29174367283460256
2025-01-31 17:00:00+00:00,42.98,43.19,42.535,42.66,8505.0,43.05643282226779,42.05728656223784,42.67044095796133,"rgba(38, 166, 154, 1.0)",1.3433610463686927,42.86618756960873,-0.15348633948117368,4,0.44285961702108045,1.7714384680843218,0.0,0.0,0.0,0.0,57.653896336666406,4.586078668319303,True,False,True,False,False,0.0
2025-02-03 17:00:00+00:00,42.805,42.87,42.615,42.76,11899.0,43.053830284086786,42.10575670317406,42.67479192540644,"rgba(38, 166, 154, 1.0)",1.3269966699890592,42.873083138106765,-0.08521734881798826,4,0.447884923410368,1.791539693641472,0.0,0.0,0.0,0.0,57.71196550446409,4.586078668319303,True,False,True,False,False,0.2266657378021648
2025-02-04 17:00:00+00:00,43.06,43.08,42.755,42.78,11848.0,43.05231090957045,42.15575560808254,42.680705427546926,"rgba(38, 166, 154, 1.0)",1.3113806355025466,42.8818282448599,-0.07764964809083048,4,0.45174975427927894,1.8069990171171157,0.0,0.0,0.0,0.0,57.848690583713434,4.586078668319303,True,False,True,False,False,0.32442122972576826
2025-02-05 17:00:00+00:00,43.58,43.74,43.47,43.55,7105.0,43.05497032329858,42.20966163659404,42.69161674837562,"rgba(38, 166, 154, 1.0)",1.2940544288648597,42.89686244760727,0.5047218554521375,4,0.4543867469761891,1.8175469879047563,0.0,0.0,0.0,0.0,61.1776231326064,5.938516476470831,True,False,True,False,True,3.972431241714972
2025-02-06 17:00:00+00:00,43.45,43.645,43.425,43.555,8164.0,43.05773774856853,42.26492857735787,42.70292876400502,"rgba(38, 166, 154, 1.0)",1.287532034063088,42.91231754904638,0.49915841621858303,4,0.4561751503789885,1.824700601515954,0.0,0.0,0.0,0.0,63.41504729848863,8.334400519435455,True,False,True,False,True,3.995414787090361
2025-02-07 17:00:00+00:00,43.35,43.54,43.27,43.515,10285.0,43.060468423537294,42.32338242017954,42.71481422282621,"rgba(38, 166, 154, 1.0)",1.2853355575472851,42.92839474629173,0.45638296572736864,4,0.4582817513418006,1.8331270053672024,0.0,0.0,0.0,0.0,64.567315164905,9.676081791705045,True,False,True,False,True,3.787296528576075
2025-02-10 17:00:00+00:00,43.725,43.86,43.665,43.755,13237.0,43.06681375615907,42.409709255434244,42.73482533428647,"rgba(38, 166, 154, 1.0)",1.2840977727922376,42.95503212710125,0.6229805002770507,4,0.4614586477907835,1.845834591163134,0.0,0.0,0.0,0.0,66.35049690948009,11.59781927649668,True,False,True,False,True,4.917721357769526
2025-02-11 17:00:00+00:00,43.77,43.955,43.735,43.935,16682.0,43.07594816759541,42.51286277554821,42.76051613683812,"rgba(38, 166, 154, 1.0)",1.2886417984391856,42.98868193023448,0.7343530769463738,4,0.4651311330632387,1.8605245322529549,0.0,0.0,0.0,0.0,68.26100359200493,13.596058069826967,True,False,True,False,True,5.758890668662719
2025-02-12 17:00:00+00:00,43.855,44.07,43.83,43.885,8905.0,43.08106002168523,42.56412833371294,42.77394872138263,"rgba(38, 166, 154, 1.0)",1.2926892598464703,43.006046561141275,0.6799417819585768,4,0.46836529099638546,1.8734611639855419,0.0,0.0,0.0,0.0,69.00615378890706,14.509439618841483,True,False,True,False,True,5.485072683959352
2025-02-13 17:00:00+00:00,44.35,44.55,44.11,44.34,19815.0,43.09755093557164,42.69607606569635,42.811869727911336,"rgba(38, 166, 154, 1.0)",1.302016132391953,43.05468093511667,0.9871759903020966,4,0.4726158972317486,1.8904635889269945,0.0,0.0,0.0,0.0,71.3105096194424,16.870896498477848,True,False,True,False,True,7.606863715245055
2025-02-14 17:00:00+00:00,45.37,45.37,44.8,44.89,28084.0,43.13277457807027,42.918239178362285,43.050493302721506,"rgba(38, 166, 154, 1.0)",1.3202932720892777,43.28090719741094,1.2187389246048164,4,0.47613384647771273,1.904535385910851,0.0,0.0,0.0,0.0,74.45186756559141,19.912247846275193,True,False,True,False,True,10.052067634522096
2025-02-17 17:00:00+00:00,44.89,44.89,44.89,44.89,0.0,43.13277457807027,42.918239178362285,43.050493302721506,"rgba(38, 166, 154, 1.0)",1.3369182729203577,43.28090719741094,1.2035835212829922,4,0.47897234228746705,1.9158893691498682,0.0,0.0,0.0,0.0,76.54610619635743,21.914643179792193,True,False,True,False,True,10.052067634522107
2025-02-18 17:00:00+00:00,43.155,43.72,42.94,43.635,11103.0,43.1349240939398,42.93693734679463,43.03325339831618,"rgba(38, 166, 154, 1.0)",1.3332797128857385,43.290652855420205,0.2582707448795502,4,0.48653548464794444,1.9461419385917778,0.0,0.0,0.0,0.0,68.09045057673858,23.441000344842465,True,False,True,False,False,3.302099718064788
2025-02-19 17:00:00+00:00,43.45,43.97,43.44,43.94,21467.0,43.14381629698338,42.99261402438962,43.03715809658826,"rgba(38, 166, 154, 1.0)",1.3358860406162636,43.3081165917145,0.4730069699612995,4,0.4955317519504973,1.9821270078019892,0.0,0.0,0.0,0.0,63.93396425519123,19.946356185710428,True,False,True,False,False,4.685949617022736
2025-02-20 17:00:00+00:00,43.82,43.99,43.76,43.765,17531.0,43.15150833817682,43.03572979189931,43.04669151148822,"rgba(38, 166, 154, 1.0)",1.3352252905695206,43.322057005887444,0.33173652209929716,4,0.4993565099680543,1.9974260398722172,0.0,0.0,0.0,0.0,60.13452557800329,16.709944682966324,True,False,True,False,False,3.795526869074461
2025-02-21 17:00:00+00:00,43.905,44.16,43.8,44.08,11870.0,43.157923050634885,43.06834937023648,43.05711695761981,"rgba(38, 166, 154, 1.0)",1.3343490568083336,43.33717561941139,0.5566941999160179,4,0.5005902702484903,2.0023610809939614,0.0,0.0,0.0,0.0,59.19929523479385,15.965558001523348,True,False,True,False,False,5.2275334040767305
2025-02-24 17:00:00+00:00,44.005,44.14,43.86,43.95,11151.0,43.16365450609968,43.096158530325376,43.06626230418805,"rgba(38, 166, 154, 1.0)",1.3306726538527784,43.349188496161766,0.4515096196639125,4,0.5000963718865366,2.000385487546146,0.0,0.0,0.0,0.0,57.719964371127695,14.485649657085176,True,False,True,False,False,4.553773395856339
2025-02-25 17:00:00+00:00,44.01,44.345,43.975,44.205,17787.0,43.17473348328003,43.14604246819868,43.085377447864325,"rgba(38, 166, 154, 1.0)",1.3300023775633671,43.375127815514205,0.6239629330634449,4,0.49885108634658387,1.9954043453863355,0.0,0.0,0.0,0.0,58.09002617262192,14.485649657085176,True,False,True,False,False,5.718357128230121
2025-02-26 17:00:00+00:00,43.935,44.04,43.685,43.935,21118.0,43.18387413875354,43.18458504806168,43.09872021808198,"rgba(38, 166, 154, 1.0)",1.3293350230861627,43.389008761150066,0.4107250838711612,4,0.4981423260705298,1.992569304282119,0.0,0.0,0.0,0.0,56.43908923620087,12.724855493989402,True,False,True,False,False,4.301929958580523
2025-02-27 17:00:00+00:00,43.515,43.8,43.27,43.41,24144.0,43.18835095519138,43.201923243910414,43.10180413042312,"rgba(239, 83, 80, 1.0)",1.321874522128382,43.38553310490505,0.01850924175129066,4,0.4981373451393091,1.9925493805572363,0.0,0.0,0.0,0.0,52.24408845486292,8.540530086594678,False,False,False,False,False,1.6337716204609158
2025-02-28 17:00:00+00:00,43.615,43.885,43.535,43.87,14376.0,43.193261439950824,43.22008778247411,43.108663837925995,"rgba(239, 83, 80, 1.0)",1.3188558957952004,43.391815666678596,0.3625751189693711,4,0.49759330892018977,1.990373235680759,0.0,0.0,0.0,0.0,52.19683323101553,8.252974959186432,False,False,False,False,False,3.7762915816865075
2025-03-03 17:00:00+00:00,44.25,44.38,43.955,44.13,19881.0,43.204487511891784,43.26012877738498,43.12687453194839,"rgba(239, 83, 80, 1.0)",1.3181519857958506,43.41391294966026,0.5432507465422497,4,0.4966491759819752,1.9865967039279009,0.0,0.0,0.0,0.0,53.52934622479152,8.252974959186432,False,False,True,False,False,4.956038428130697
2025-03-04 17:00:00+00:00,43.99,44.59,43.95,44.2,26191.0,43.2202708736412,43.31281829768143,43.15204550540467,"rgba(239, 83, 80, 1.0)",1.3097826757357671,43.44420947309716,0.5770350615442971,4,0.49750799238057064,1.9900319695222826,0.0,0.0,0.0,0.0,54.78600139454431,8.252974959186432,False,False,True,False,True,5.273332361885348
2025-03-05 17:00:00+00:00,43.98,44.43,43.955,44.36,27598.0,43.23641915614302,43.36266181520292,43.176833618428574,"rgba(239, 83, 80, 1.0)",1.3045108572091169,43.472985916338274,0.6799591423557882,4,0.4996223257831438,1.9984893031325752,0.0,0.0,0.0,0.0,56.49074096578372,8.252974959186432,False,False,True,False,True,6.002322091601904
2025-03-06 17:00:00+00:00,44.07,44.125,43.67,43.675,18504.0,43.24253588942082,43.37855071153592,43.184653536293965,"rgba(239, 83, 80, 1.0)",1.2899562357266157,43.47932413491064,0.15169186339033783,4,0.5029227833272588,2.0116911333090353,0.0,0.0,0.0,0.0,53.098276813578515,8.252974959186432,False,True,True,False,False,2.4642371012327544
2025-03-07 17:00:00+00:00,44.49,44.745,44.315,44.66,26442.0,43.262064234956874,43.434671752520416,43.21462435867791,"rgba(239, 83, 80, 1.0)",1.279020078169319,43.51535788605352,0.8949367828414534,4,0.5044127397009716,2.0176509588038862,0.0,0.0,0.0,0.0,55.6404505246107,8.252974959186432,False,False,True,False,True,6.833057491756588
2025-03-10 17:00:00+00:00,45.15,45.195,44.745,44.945,10869.0,43.27225447477242,43.46359615291891,43.23041702013293,"rgba(239, 83, 80, 1.0)",1.2777550978532548,43.534936274765435,1.1035477202193134,4,0.503851493869747,2.015405975478988,0.0,0.0,0.0,0.0,58.38724112922732,2.995673376335894,False,False,True,False,True,8.02406189339311
2025-03-11 17:00:00+00:00,44.35,44.67,44.255,44.405,10029.0,43.27869757996679,43.48042596728739,43.23975383993478,"rgba(239, 83, 80, 1.0)",1.2750355515269165,43.54550041266236,0.6740985271417299,4,0.5053710865894514,2.0214843463578056,0.0,0.0,0.0,0.0,57.10450074429273,2.995673376335894,False,False,True,False,True,5.311134707026728
2025-03-12 17:00:00+00:00,44.42,44.765,44.29,44.575,18279.0,43.29125313826356,43.51269391081267,43.25793712880039,"rgba(239, 83, 80, 1.0)",1.2703613481820226,43.56629295571895,0.7940315924477586,4,0.506913316650343,2.027653266601372,0.0,0.0,0.0,0.0,56.995540551313155,2.995673376335894,False,False,True,False,True,6.035056467533828
2025-03-13 17:00:00+00:00,44.87,44.92,44.645,44.85,11795.0,43.30088911933671,43.53752303827187,43.27207993547461,"rgba(239, 83, 80, 1.0)",1.2707581513723099,43.582990501153276,0.9970500661187685,4,0.5042677429613386,2.0170709718453543,0.0,0.0,0.0,0.0,58.10782016062374,3.214112996951471,False,False,True,False,True,7.197657313616499
2025-03-14 17:00:00+00:00,44.8,44.93,44.625,44.915,10934.0,43.30982032243688,43.56002327795916,43.28505097711494,"rgba(239, 83, 80, 1.0)",1.274938355690463,43.59820022944295,1.0328340697256013,4,0.5003361901498546,2.0013447605994186,0.0,0.0,0.0,0.0,59.1323189256552,4.484397395149621,False,False,True,False,True,7.472218610877697
2025-03-17 17:00:00+00:00,45.18,45.37,45.175,45.29,7296.0,43.317495985521866,43.57985570351949,43.29646133737098,"rgba(38, 166, 154, 1.0)",1.2838519146453882,43.742347826840216,1.2054756124948092,4,0.49455473588395316,1.9782189435358126,0.0,0.0,0.0,0.0,61.39344826289782,6.862633465114882,True,False,True,False,True,9.044525449104547
2025-03-18 17:00:00+00:00,44.965,45.225,44.83,45.22,8127.0,43.32516847401642,43.59904545475844,43.30763897371243,"rgba(38, 166, 154, 1.0)",1.301090176985645,43.74903836051185,1.1305608677302168,4,0.4889129392542902,1.9556517570171608,0.0,0.0,0.0,0.0,62.35217768184751,7.981670843023402,True,False,True,False,True,8.673432158793673
2025-03-19 17:00:00+00:00,45.03,45.2,44.95,45.17,8122.0,43.33283477791853,43.61793068418712,43.31872590545605,"rgba(38, 166, 154, 1.0)",1.3104213681721044,43.76012698004639,1.0758928801048435,4,0.4838451728619425,1.93538069144777,0.0,0.0,0.0,0.0,62.569886658629514,8.45502628941383,True,False,True,False,True,8.405014106028311
2025-03-20 17:00:00+00:00,44.92,45.245,44.91,45.23,7757.0,43.340183896613276,43.63578686981375,43.32928593019653,"rgba(38, 166, 154, 1.0)",1.317514114323383,43.771736968437864,1.1068291532580905,4,0.478722251422807,1.914889005691228,0.0,0.0,0.0,0.0,63.034050373347426,9.200981787977966,True,False,True,False,True,8.665580403514792
2025-03-21 17:00:00+00:00,45.05,45.16,44.87,44.995,10275.0,43.34917938867531,43.65694916746322,43.341978815133395,"rgba(38, 166, 154, 1.0)",1.3266104678213646,43.783716843958146,0.9130661828947344,4,0.47540342956333315,1.9016137182533326,0.0,0.0,0.0,0.0,61.16178770140896,9.200981787977966,False,False,True,False,False,7.377403973875044
2025-03-24 17:00:00+00:00,44.985,44.99,44.74,44.92,5516.0,43.35360777927384,43.667016741252475,43.348108795978604,"rgba(38, 166, 154, 1.0)",1.3410653624287638,43.78869366845452,0.8435877648026087,4,0.47302410999916134,1.8920964399966453,0.0,0.0,0.0,0.0,59.235362239689586,9.200981787977966,False,False,True,False,False,6.966413478751523
2025-03-25 17:00:00+00:00,44.685,44.785,44.365,44.425,10615.0,43.3600787478134,43.68036011386745,43.35657177166844,"rgba(38, 166, 154, 1.0)",1.3490169827766083,43.86343775337869,0.4162751498246329,3,0.3408723497759838,1.0226170493279514,0.0,0.0,0.0,0.0,54.10542944189504,8.0799092697062,False,True,True,False,False,4.301857216108669
2025-03-26 17:00:00+00:00,44.875,44.93,44.605,44.62,5643.0,43.36405583094083,43.68887124359371,43.361905863323265,"rgba(38, 166, 154, 1.0)",1.3613421537069001,43.8714653035218,0.5498505239406232,3,0.3394588443405127,1.0183765330215382,0.0,0.0,0.0,0.0,52.26749713407381,6.482087376064449,False,True,False,False,False,5.213788099863425
2025-03-27 17:00:00+00:00,44.63,44.76,44.52,44.715,10149.0,43.3708709629521,43.70305735744766,43.370922455477995,"rgba(38, 166, 154, 1.0)",1.3718415747841237,43.879468614268106,0.609058218594504,3,0.33801215345857455,1.0140364603757237,0.0,0.0,0.0,0.0,51.8008537198275,6.047195358638014,False,True,False,False,False,5.658430124260484
2025-03-28 17:00:00+00:00,45.285,45.585,45.21,45.275,10649.0,43.38172659489037,43.72789453480002,43.3861437570698,"rgba(38, 166, 154, 1.0)",1.3917146660546427,43.91266671222463,0.978888360526828,3,0.3352975541111049,1.0058926623333146,0.0,0.0,0.0,0.0,55.206760743755176,6.047195358638014,False,True,True,False,True,8.217839139012849
2025-03-31 17:00:00+00:00,45.36,45.705,45.36,45.575,14142.0,43.397330271538685,43.76346357483407,43.40802382003896,"rgba(38, 166, 154, 1.0)",1.413834343036488,43.954063431568095,1.1464826670928274,3,0.33177442828598147,0.9953232848579444,0.0,0.0,0.0,0.0,59.0007308605852,4.239153186355999,False,False,True,False,True,9.538642557798614
2025-04-01 17:00:00+00:00,46.22,46.375,45.27,46.155,13628.0,43.41482254149063,43.80360015283152,43.4326927311741,"rgba(38, 166, 154, 1.0)",1.4468891513229607,44.00001606617707,1.4893911754418279,3,0.3259523316960691,0.9778569950882072,0.0,0.0,0.0,0.0,63.840128152444386,8.57759986904572,True,False,True,False,True,11.996861520029913
2025-04-02 17:00:00+00:00,45.98,46.18,45.915,46.17,9854.0,43.4280903178401,43.83375467834965,43.45132780803787,"rgba(38, 166, 154, 1.0)",1.4636814870371726,44.03256892032783,1.4603116173852961,3,0.3201477636250635,0.9604432908751904,0.0,0.0,0.0,0.0,67.11934379633767,11.418786690017164,True,False,True,False,True,12.059235687184145
2025-04-03 17:00:00+00:00,47.38,47.59,47.255,47.325,11039.0,43.44999465857982,43.88556922131357,43.482816354871616,"rgba(38, 166, 154, 1.0)",1.5142326037892004,44.31479843931076,1.9879386780845567,3,0.30941912820005685,0.9282573846001705,0.0,0.0,0.0,0.0,72.30577123484967,16.03425522226081,True,False,True,False,True,16.601854361198797
2025-04-04 17:00:00+00:00,47.1,47.11,46.19,46.23,15094.0,43.47295358925593,43.9368320659915,43.514812990739834,"rgba(38, 166, 154, 1.0)",1.53718448604713,44.33269335586194,1.234273869766263,3,0.30449839844837207,0.9134951953451163,0.0,0.0,0.0,0.0,68.39830386861836,16.03425522226081,True,False,True,False,False,10.623607424751288
2025-04-07 17:00:00+00:00,45.23,46.15,45.005,45.195,34005.0,43.50581643536701,44.00061292972264,43.55750000389996,"rgba(239, 83, 80, 1.0)",1.5337912692597666,44.3181390190174,0.5716951182058734,3,0.3028948429015624,0.9086845287046872,0.0,0.0,0.0,0.0,61.324506217092875,18.861021028140854,False,False,True,False,False,5.553093685915513
2025-04-08 17:00:00+00:00,45.29,45.385,44.205,44.495,17945.0,43.516157016703936,44.015722468238806,43.56935314423014,"rgba(239, 83, 80, 1.0)",1.5253859000738035,44.295859856856,0.1305506646772889,3,0.3032820081231317,0.9098460243693951,0.0,0.0,0.0,0.0,54.34244331245314,12.761911183012963,False,True,True,False,False,2.3902599496925028
2025-04-09 17:00:00+00:00,43.43,44.54,43.35,44.41,36241.0,43.52623302038862,44.019270116938486,43.663922849294856,"rgba(239, 83, 80, 1.0)",1.5154065490847093,44.24342638933085,0.10992008103023952,3,0.3036808845000301,0.9110426535000904,0.0,0.0,0.0,0.0,49.42788431636394,8.567119329797862,False,True,False,True,False,2.0155739168152564
2025-04-10 17:00:00+00:00,45.02,45.485,44.68,45.26,11893.0,43.53533047594875,44.03456365882627,43.68736840194115,"rgba(239, 83, 80, 1.0)",1.5141723812036108,44.267685042143356,0.6553513788620648,3,0.3027400625215681,0.9082201875647042,0.0,0.0,0.0,0.0,49.74414990168733,8.567119329797862,False,True,False,False,False,5.451493052898563
2025-04-11 17:00:00+00:00,46.36,46.74,46.28,46.53,21484.0,43.565354554227305,44.094190927347675,43.75883361292183,"rgba(38, 166, 154, 1.0)",1.5372366309255268,44.3734802679121,1.4028547646496825,3,0.2986169960904328,0.8958509882712984,0.0,0.0,0.0,0.0,53.77152972785867,8.567119329797862,False,True,True,False,True,10.109024134994218
2025-04-14 17:00:00+00:00,47.26,47.555,47.115,47.43,11613.0,43.585935428501706,44.136140511321564,43.80212835083609,"rgba(38, 166, 154, 1.0)",1.5796101326501313,44.44199190701397,1.8916111205066852,3,0.29055711609884954,0.8716713482965486,0.0,0.0,0.0,0.0,58.43344866792598,8.567119329797862,False,False,True,False,True,13.106302583570177
2025-04-15 17:00:00+00:00,47.34,47.485,47.285,47.38,9744.0,43.60310821627412,44.170695113201155,43.83498111796844,"rgba(38, 166, 154, 1.0)",1.6129389073733396,44.49349065953287,1.7895962006197725,3,0.2828235319580599,0.8484705958741798,0.0,0.0,0.0,0.0,61.3241839263368,1.7695868713733063,True,False,True,False,True,12.876203182010538
2025-04-16 17:00:00+00:00,47.935,47.945,47.47,47.64,14195.0,43.62982367040838,44.22434322794899,43.88344039331646,"rgba(38, 166, 154, 1.0)",1.6495520631398033,44.56982524781505,1.8612172484820504,3,0.2750062964498443,0.8250188893495329,0.0,0.0,0.0,0.0,63.83536565610805,4.40416057710614,True,False,True,False,True,13.725318823459833
2025-04-17 17:00:00+00:00,48.2,48.375,48.08,48.21,14690.0,43.66071544807784,44.2865107239098,43.93755210263029,"rgba(38, 166, 154, 1.0)",1.6960827762180546,44.65593512146397,2.0954548494743443,3,0.2656200237515092,0.7968600712545277,0.0,0.0,0.0,0.0,66.71483081131692,7.451898284569609,True,False,True,False,True,15.543282539321766
2025-04-18 17:00:00+00:00,48.21,48.21,48.21,48.21,0.0,43.66071544807784,44.2865107239098,43.93755210263029,"rgba(38, 166, 154, 1.0)",1.740394816447367,44.65593512146397,2.0421026567930562,3,0.25711274477343554,0.7713382343203066,0.0,0.0,0.0,0.0,68.63447424812281,9.657789112207759,True,False,True,False,True,15.543282539321766
2025-04-21 17:00:00+00:00,48.01,48.165,47.735,48.12,12003.0,43.68447443720307,44.333191620520374,43.976125415461475,"rgba(38, 166, 154, 1.0)",1.772935101427463,44.71527071722477,1.9203913781355793,3,0.24992546175364116,0.7497763852609235,0.0,0.0,0.0,0.0,69.36639849541605,10.858786670340912,True,False,True,False,True,15.103778715698887
2025-04-22 17:00:00+00:00,48.755,48.935,48.58,48.915,6007.0,43.698459446135644,44.36112964028789,43.999442138736455,"rgba(38, 166, 154, 1.0)",1.833440761799178,44.7522282074902,2.270469752415029,3,0.2404246976445493,0.7212740929336479,0.0,0.0,0.0,0.0,71.64255947291677,13.54784294203212,True,False,True,False,True,17.614547809904284
2025-04-23 17:00:00+00:00,48.055,48.33,47.89,48.31,13547.0,43.72584678669922,44.41408363239368,44.04172419779462,"rgba(38, 166, 154, 1.0)",1.8716253306626542,44.81593918996,1.866859115869586,3,0.2340351203521797,0.7021053610565391,0.0,0.0,0.0,0.0,69.70498695382918,13.54784294203212,True,False,True,False,True,14.694855705662722
2025-04-24 17:00:00+00:00,48.53,48.67,48.325,48.56,22798.0,43.774668530600664,44.507754324459356,44.115593481506856,"rgba(38, 166, 154, 1.0)",1.9123116924311028,44.926555454263166,1.9000273648474504,3,0.2276456410390196,0.6829369231170588,0.0,0.0,0.0,0.0,69.09072204680265,13.54784294203212,True,False,True,False,True,15.485963763723095
2025-04-25 17:00:00+00:00,48.435,48.615,48.33,48.58,9852.0,43.795416224932744,44.54682564685661,44.145845770344025,"rgba(38, 166, 154, 1.0)",1.9234184611197482,44.9706909302859,1.8765074489369749,3,0.2215965331221129,0.6647895993663386,0.0,0.0,0.0,0.0,68.73825092762345,13.54784294203212,True,False,True,False,True,15.549628644524041
2025-04-28 17:00:00+00:00,48.6,48.675,48.46,48.62,11657.0,43.820126982728944,44.59295665020287,44.18136238629501,"rgba(38, 166, 154, 1.0)",1.9273588846579504,45.02196312279416,1.8668224718534356,3,0.2159222004602871,0.6477666013808613,0.0,0.0,0.0,0.0,68.6294130016422,13.54784294203212,True,False,True,False,True,15.679135249516289
2025-04-29 17:00:00+00:00,48.645,48.84,48.615,48.81,9461.0,43.840704822198575,44.6311912541352,44.21075946029015,"rgba(38, 166, 154, 1.0)",1.9238768854243047,45.06425542849365,1.9469772727584065,3,0.21038103106813358,0.6311430932044008,0.0,0.0,0.0,0.0,69.18331975136049,13.756460942801858,True,False,True,False,True,16.298934243380202
2025-04-30 17:00:00+00:00,49.15,49.65,49.085,49.51,18362.0,43.88545513952483,44.714988900474424,44.27572924439148,"rgba(38, 166, 154, 1.0)",1.9500132870879252,45.15948846082329,2.2310163566493406,2,0.2482293229499386,0.4964586458998772,0.0,0.0,0.0,0.0,71.51156164883349,16.44146920194555,True,False,True,False,True,18.517516528100124
2025-05-01 17:00:00+00:00,49.045,49.165,48.965,48.965,6846.0,43.900812364661704,44.742997889277596,44.29710858611559,"rgba(38, 166, 154, 1.0)",1.972226669537672,45.18961791126901,1.9142739255300787,2,0.24315556664654597,0.48631113329309195,0.0,0.0,0.0,0.0,69.31426001208155,16.44146920194555,True,False,True,False,True,15.791386359506209
2025-05-02 17:00:00+00:00,48.44,48.625,48.4,48.54,9864.0,43.920595732016864,44.77799735762988,44.32338749118084,"rgba(38, 166, 154, 1.0)",1.9831876197512788,45.224822676979855,1.6716407918257965,2,0.23945463249335802,0.47890926498671604,0.0,0.0,0.0,0.0,65.36735049993823,20.291083791093683,True,False,True,False,False,13.733100767271345
2025-05-05 17:00:00+00:00,48.58,48.785,48.535,48.725,5797.0,43.93254500471477,44.79913167561679,44.33931890203908,"rgba(38, 166, 154, 1.0)",1.9945685324476132,45.24626510449582,1.7441039698121028,2,0.23599827243155425,0.4719965448631085,0.0,0.0,0.0,0.0,63.48994404956831,18.44609735807427,True,False,True,False,False,14.343891240836019
2025-05-06 17:00:00+00:00,49.22,49.355,48.97,49.03,20105.0,43.97729453477164,44.87873670958409,44.39985768542178,"rgba(38, 166, 154, 1.0)",2.0211732232042308,45.329196009698215,1.8310177216947208,2,0.2324179692483988,0.4648359384967976,0.0,0.0,0.0,0.0,63.443342703583454,18.226658825451977,True,False,True,False,False,15.344397081979238
2025-05-07 17:00:00+00:00,49.93,49.99,49.62,49.76,12334.0,44.00790421841828,44.93364617788371,44.7793698749323,"rgba(38, 166, 154, 1.0)",2.05409317358423,45.71989158410067,1.9668574278204023,2,0.2287023744028684,0.4574047488057368,0.0,0.0,0.0,0.0,65.79063215857359,18.226658825451977,True,False,True,False,True,17.654551351705265
2025-05-08 17:00:00+00:00,49.165,49.215,48.49,48.55,14202.0,44.03649484092747,44.98217308295248,44.786737472261585,"rgba(38, 166, 154, 1.0)",2.0549578435428537,45.72988911880522,1.372344882916314,2,0.22748955854521324,0.4549791170904265,0.0,0.0,0.0,0.0,61.09782045040484,16.05153390009761,False,False,True,False,False,11.958939162283826
2025-05-09 17:00:00+00:00,47.88,48.18,47.865,48.05,19666.0,44.069561717938406,45.03491568144783,44.798600699708416,"rgba(239, 83, 80, 1.0)",2.046047798707093,45.740430935195576,1.1287952638564203,2,0.226532660791196,0.453065321582392,0.0,0.0,0.0,0.0,56.070169495309294,11.480574271578575,False,True,True,False,False,9.76192417914935
2025-05-12 17:00:00+00:00,46.455,46.85,46.37,46.745,11084.0,44.08156641388255,45.05055575926652,44.78879761854165,"rgba(239, 83, 80, 1.0)",2.0358043389053493,45.72104387150803,0.502973743067346,2,0.2273965818393669,0.4547931636787338,0.0,0.0,0.0,0.0,48.96931913820886,5.165675208146382,False,True,False,True,False,4.41809366553332
2025-05-13 17:00:00+00:00,46.42,46.715,46.38,46.555,18102.0,44.10014392815274,45.073829587830346,44.78281264430994,"rgba(239, 83, 80, 1.0)",2.0112235149347675,45.70165470428337,0.4242916261568802,2,0.2281946809592869,0.4563893619185738,0.0,0.0,0.0,0.0,43.789301324293504,0.758813760772739,False,True,False,True,False,3.6811411055272636
2025-05-14 17:00:00+00:00,46.12,46.535,46.11,46.48,17039.0,44.116145840643895,45.09256615498252,44.939030460035035,"rgba(239, 83, 80, 1.0)",1.975771093627483,45.800085547927694,0.34412612587827246,2,0.22914492248662427,0.45828984497324854,0.0,0.0,0.0,0.0,40.14867235638434,-2.3017127332179896,False,True,False,True,False,3.3881515869035788
2025-05-15 17:00:00+00:00,47.025,47.345,46.96,47.3,15324.0,44.13554289084872,45.119530692320936,44.97393857157476,"rgba(239, 83, 80, 1.0)",1.9558028281762505,45.83662267559839,0.7482233399601828,2,0.2294695515030259,0.4589391030060518,0.0,0.0,0.0,0.0,41.555146834674076,-2.3017127332179896,False,True,False,True,False,6.244526593932598
2025-05-16 17:00:00+00:00,46.92,47.175,46.89,47.13,11883.0,44.14975427336033,45.13862876903469,44.988470166198304,"rgba(239, 83, 80, 1.0)",1.9295471111257076,45.84891849926434,0.6639285940980576,2,0.2300393608591873,0.4600787217183746,0.0,0.0,0.0,0.0,41.92458171367596,-2.3017127332179896,False,True,False,True,False,5.564721764460337
2025-05-19 17:00:00+00:00,47.455,47.625,47.43,47.55,5769.0,44.157708394256794,45.14999532582728,45.000423096630286,"rgba(239, 83, 80, 1.0)",1.9077484063632404,45.861630411329486,0.8850064206784305,2,0.2305198931530087,0.4610397863060174,0.0,0.0,0.0,0.0,44.01487776718528,-2.3017127332179896,False,True,False,True,True,6.999149813905586
2025-05-20 17:00:00+00:00,47.77,47.89,47.735,47.765,11444.0,44.17459089705179,45.17466622057581,45.02711579645502,"rgba(239, 83, 80, 1.0)",1.8866641111941367,45.89118515238556,0.9931894270403205,2,0.231104492159164,0.462208984318328,0.0,0.0,0.0,0.0,46.31739126268167,-2.3017127332179896,False,True,False,True,True,7.725113102039273
2025-05-21 17:00:00+00:00,48.11,48.28,47.92,48.155,27061.0,44.21738617138461,45.23815117808439,45.09300267189518,"rgba(239, 83, 80, 1.0)",1.884098410332991,45.96593494536498,1.161863436978397,2,0.23137588143307264,0.4627517628661453,0.0,0.0,0.0,0.0,49.43925481708136,-7.714444318577748,False,True,False,False,True,9.028745457365833
2025-05-22 17:00:00+00:00,47.595,47.905,47.54,47.73,7680.0,44.228155310657684,45.25327978108057,45.10527938587567,"rgba(239, 83, 80, 1.0)",1.873700840005499,45.97840537894082,0.9348315289510335,2,0.23257422889128648,0.46514845778257297,0.0,0.0,0.0,0.0,49.54782662940809,-7.268815931256363,False,True,False,False,True,7.256313213393302
2025-05-23 17:00:00+00:00,48.115,48.345,47.995,48.335,5374.0,44.23672353674468,45.26587625553743,45.11734871882696,"rgba(38, 166, 154, 1.0)",1.8693945712616502,45.99198303814787,1.2533560318787234,2,0.2329287968592776,0.4658575937185552,0.0,0.0,0.0,0.0,52.05575061358636,-4.523302435072765,False,True,True,False,True,9.27024224775504
2025-05-26 17:00:00+00:00,48.335,48.335,48.335,48.335,0.0,44.23672353674468,45.26587625553743,45.11734871882696,"rgba(38, 166, 154, 1.0)",1.8671949067569988,45.99198303814787,1.254832558386501,2,0.23374160366536062,0.46748320733072124,0.0,0.0,0.0,0.0,53.72769993637187,-2.603328634936034,False,True,True,False,True,9.27024224775504
2025-05-27 17:00:00+00:00,48.79,48.92,48.49,48.525,15833.0,44.26439127499644,45.3075555810904,45.15954590915307,"rgba(38, 166, 154, 1.0)",1.8691029379871622,46.041354176727395,1.3287902837214747,2,0.23389113653449212,0.46778227306898423,0.0,0.0,0.0,0.0,55.62437258013791,-0.4843464471894947,False,True,True,False,True,9.903064805595093
2025-05-28 17:00:00+00:00,47.93,47.98,47.695,47.87,8362.0,44.27623192560047,45.32399968808342,45.172366735203546,"rgba(38, 166, 154, 1.0)",1.858927890183033,46.054270363169024,0.9767617379995268,2,0.2347966384022951,0.4695932768045902,0.0,0.0,0.0,0.0,53.42501568714285,-0.4843464471894947,False,True,True,False,True,7.121814474902845
2025-05-29 17:00:00+00:00,48.08,48.31,48.07,48.205,4745.0,44.28356484269375,45.334505046049514,45.18151270386756,"rgba(38, 166, 154, 1.0)",1.8586600157246318,46.06421732952988,1.151788198142033,2,0.23547721917291964,0.4709544383458393,0.0,0.0,0.0,0.0,53.51223567608518,-0.4843464471894947,False,True,True,False,True,8.262753481436555
2025-05-30 17:00:00+00:00,48.49,49.03,48.48,48.84,22880.0,44.323802821415235,45.39430118029935,45.48990247067316,"rgba(38, 166, 154, 1.0)",1.8738438189072977,46.37730526429304,1.3142475967623826,2,0.2375203976881977,0.4750407953763954,0.0,0.0,0.0,0.0,56.08913579954742,0.6641254059719941,False,False,True,False,True,10.364152353081312
2025-06-02 17:00:00+00:00,48.435,48.725,48.31,48.725,9229.0,44.339123655080684,45.41647222017371,45.50611675802212,"rgba(38, 166, 154, 1.0)",1.8854641625094677,46.39484807820037,1.235850549765054,2,0.24028858622414315,0.4805771724482863,0.0,0.0,0.0,0.0,57.150303306245576,1.952257207277654,False,False,True,False,True,9.870303550307192
2025-06-03 17:00:00+00:00,48.43,48.635,48.39,48.41,13372.0,44.36056659845671,45.446975906409065,45.52766841565115,"rgba(38, 166, 154, 1.0)",1.8710029275643494,46.41750358063716,1.0649349554768717,2,0.24447165312256205,0.4889433062451241,0.0,0.0,0.0,0.0,56.075690510676125,1.952257207277654,False,False,True,False,True,8.519803591990623
2025-06-04 17:00:00+00:00,48.535,48.56,48.11,48.14,11552.0,44.37798476009314,45.47106500023393,45.54250066348682,"rgba(38, 166, 154, 1.0)",1.8568965851461225,46.43190742728257,0.91986413588187,2,0.2482396264883428,0.4964792529766856,0.0,0.0,0.0,0.0,53.92096154829713,1.952257207277654,False,True,True,False,False,7.373359884669227
2025-06-05 17:00:00+00:00,48.005,48.185,47.96,48.05,7788.0,44.38902630022617,45.485901877576374,45.550263672400604,"rgba(38, 166, 154, 1.0)",1.836441579706545,46.43856862057993,0.8774748934172835,2,0.25080464481976783,0.5016092896395357,0.0,0.0,0.0,0.0,52.00271899226952,1.952257207277654,False,True,False,False,False,6.990552986087167
2025-06-06 17:00:00+00:00,47.58,47.63,47.43,47.49,13271.0,44.40490586643926,45.50550423355584,45.55314418643538,"rgba(38, 166, 154, 1.0)",1.8155934130308002,46.43598615361191,0.5805340770809541,2,0.2538335970679788,0.5076671941359576,0.0,0.0,0.0,0.0,48.00440000506281,2.87986816167642,False,True,False,True,False,4.640664297058237
2025-06-09 17:00:00+00:00,47.445,47.52,47.245,47.32,19070.0,44.42632135895399,45.530898117705085,45.5572648294261,"rgba(38, 166, 154, 1.0)",1.7897919703967493,46.43193348779043,0.4961842084992193,2,0.257293573401995,0.51458714680399,0.0,0.0,0.0,0.0,44.60959843219321,-0.2724137585899413,False,True,False,True,False,3.939831385476598
2025-06-10 17:00:00+00:00,47.41,47.51,47.28,47.475,9979.0,44.43763108802709,45.54433782582497,45.5616965131702,"rgba(38, 166, 154, 1.0)",1.768416485125673,46.43277072009851,0.5893573650029761,2,0.25966425546083716,0.5193285109216743,0.0,0.0,0.0,0.0,43.44722742142009,-1.3680546029883445,False,True,False,True,False,4.516891905148167
2025-06-11 17:00:00+00:00,47.315,47.455,47.3,47.385,9317.0,44.44796734223831,45.55643992244635,45.565882935077596,"rgba(38, 166, 154, 1.0)",1.7395662242777699,46.43358892830165,0.5469243184997745,2,0.26334002688420444,0.5266800537684089,0.0,0.0,0.0,0.0,42.21269196500364,-2.643817926306994,False,True,False,True,False,4.1361289691921606
2025-06-12 17:00:00+00:00,47.75,47.97,47.67,47.96,9063.0,44.459609710618594,45.571161084541856,45.57587952084624,"rgba(38, 166, 154, 1.0)",1.69974455420481,46.442322258469304,0.8928857796757061,2,0.2664149124106392,0.5328298248212784,0.0,0.0,0.0,0.0,45.29025071458524,-2.643817926306994,False,True,False,True,True,6.281336124284184
2025-06-13 17:00:00+00:00,48.27,48.32,48.12,48.16,10691.0,44.47457560013926,45.59077415142967,45.59190468679171,"rgba(38, 166, 154, 1.0)",1.6707566446868063,46.45831080723165,1.018514095502724,2,0.26921456232356844,0.5384291246471369,0.0,0.0,0.0,0.0,48.485000977826914,-6.893233250108125,False,True,False,False,True,7.011825360334072
2025-06-16 17:00:00+00:00,47.9,47.91,47.62,47.705,8884.0,44.485413331139995,45.60404744797148,45.60024083252948,"rgba(38, 166, 154, 1.0)",1.6418042344151407,46.464908847215526,0.7553221795814347,1,0.18781153971001094,0.18781153971001094,0.0,0.0,0.0,0.0,47.81470846568631,-6.893233250108125,False,True,False,False,True,5.036749052155752
2025-06-17 17:00:00+00:00,47.42,47.49,47.195,47.405,8279.0,44.49427352424938,45.61409144937612,45.6044558108528,"rgba(38, 166, 154, 1.0)",1.6111063710190197,46.466282204421965,0.5826541390835044,1,0.19020524615844714,0.19020524615844714,0.0,0.0,0.0,0.0,45.78816177248386,-6.893233250108125,False,True,False,True,False,3.7606034775721184
2025-06-18 17:00:00+00:00,47.32,47.46,47.3,47.325,5792.0,44.500436181073695,45.62104370489121,45.60750747921531,"rgba(38, 166, 154, 1.0)",1.5821482658507278,46.46738248820276,0.5420588767236043,0,,,0.0,0.0,0.0,0.0,44.02418290752633,-6.893233250108125,False,True,False,True,False,3.420365882843811
2025-06-19 17:00:00+00:00,47.325,47.325,47.325,47.325,0.0,44.500436181073695,45.62104370489121,45.60750747921531,"rgba(38, 166, 154, 1.0)",1.5333693630704006,46.46738248820276,0.5593026262634861,0,,,0.0,0.0,0.0,0.0,42.848196997554645,-2.051776902726907,False,True,False,True,False,3.420365882843811
2025-06-20 17:00:00+00:00,46.805,47.07,46.78,47.04,10137.0,44.509665664104425,45.63032489439391,45.60867047580601,"rgba(239, 83, 80, 1.0)",1.5073339090967308,46.46369633453055,0.3823331127837466,0,,,0.0,0.0,0.0,0.0,40.470831676843154,-4.479044363369752,False,True,False,True,False,2.183562102888793
2025-06-23 17:00:00+00:00,47.405,47.655,47.405,47.545,8609.0,44.519263377354754,45.64144422820023,45.61520539112675,"rgba(239, 83, 80, 1.0)",1.4869416038744245,46.468032830883544,0.724283432725452,0,,,0.0,0.0,0.0,0.0,42.96753474520791,-4.479044363369752,False,True,False,True,True,4.202442797361261
2025-06-24 17:00:00+00:00,47.435,47.58,47.35,47.36,13576.0,44.533752735657664,45.65775969832947,45.62414209346703,"rgba(239, 83, 80, 1.0)",1.4524769927312862,46.473052383571485,0.6106448645087788,0,,,0.0,0.0,0.0,0.0,43.46833560962865,-4.479044363369752,False,True,False,True,True,3.389993757670677
2025-06-25 17:00:00+00:00,46.75,46.83,46.57,46.625,12325.0,44.54338592109711,45.6661148422834,45.74181405534971,"rgba(239, 83, 80, 1.0)",1.4219383895876385,46.56367090281316,0.04313062903142219,0,,,0.0,0.0,0.0,0.0,40.16346860277234,-4.870807770798741,False,True,False,True,False,0.2602225814493231
2025-06-26 17:00:00+00:00,47.085,47.155,46.925,47.13,10280.0,44.55283134820123,45.675667034671214,45.753885081874266,"rgba(239, 83, 80, 1.0)",1.395182144458391,46.57384465112151,0.3986256210972297,0,,,0.0,0.0,0.0,0.0,41.49253106922475,-4.870807770798741,False,True,False,True,False,2.295352291634533
2025-06-27 17:00:00+00:00,47.395,47.435,47.01,47.17,10526.0,44.56294469370515,45.68624807986451,45.7641370203645,"rgba(239, 83, 80, 1.0)",1.3687005509597387,46.58178664395541,0.42976044367932276,0,,,0.0,0.0,0.0,0.0,42.639427433144036,-4.870807770798741,False,True,False,True,True,2.455010134120375
2025-06-30 17:00:00+00:00,47.73,47.77,47.46,47.745,11343.0,44.575612240210184,45.700842632705275,45.782821679948434,"rgba(239, 83, 80, 1.0)",1.350218911179738,46.60032763956139,0.8477679811479317,0,,,0.0,0.0,0.0,0.0,46.79502106845535,-8.17919418991928,False,True,False,True,True,4.718865226498277
2025-07-01 17:00:00+00:00,47.715,47.865,47.6,47.815,5509.0,44.58192887511339,45.708217281042046,45.959064235767386,"rgba(239, 83, 80, 1.0)",1.3295165347657394,46.76885937556004,0.786857926986434,0,,,0.0,0.0,0.0,0.0,49.934696268173624,-5.253212844582926,False,False,False,False,True,4.990261434733032
2025-07-02 17:00:00+00:00,47.13,47.35,47.035,47.07,10253.0,44.5913809346999,45.71777482614157,45.942485596960836,"rgba(239, 83, 80, 1.0)",1.3057734513710966,46.74341016391131,0.2501121735518253,0,,,0.0,0.0,0.0,0.0,47.75415325117137,-5.253212844582926,False,False,False,False,True,1.7707288038891527
2025-07-03 17:00:00+00:00,47.44,47.44,47.355,47.355,0.0,44.5913809346999,45.71777482614157,45.942485596960836,"rgba(239, 83, 80, 1.0)",1.2819636472194005,46.74341016391131,0.47707268253295504,0,,,0.0,0.0,0.0,0.0,47.98701768611929,-5.253212844582926,False,False,False,False,True,2.903474862885364
2025-07-04 17:00:00+00:00,47.355,47.355,47.355,47.355,0.0,44.5913809346999,45.71777482614157,45.942485596960836,"rgba(239, 83, 80, 1.0)",1.2512401127757569,46.74341016391131,0.488786948119763,0,,,0.0,0.0,0.0,0.0,48.14226064275124,-5.253212844582926,False,False,False,False,True,2.903474862885364
2025-07-07 17:00:00+00:00,46.865,47.02,46.825,46.85,10375.0,44.59993554013505,45.72563205391302,45.932642456875,"rgba(239, 83, 80, 1.0)",1.2187430757481041,46.72620848991926,0.10157309817309566,0,,,0.0,0.0,0.0,0.0,45.54889725539392,-5.253212844582926,False,True,False,True,False,0.741860663936162
2025-07-08 17:00:00+00:00,46.615,46.96,46.585,46.815,10326.0,44.60797636984092,45.73261418627827,45.92555173253479,"rgba(239, 83, 80, 1.0)",1.1691700606113251,46.80405803093103,0.009358748943028045,0,,,0.0,0.0,0.0,0.0,43.64707608962266,-1.5436902330387028,False,True,False,True,False,0.5935212628625379
2025-07-09 17:00:00+00:00,46.885,47.01,46.775,46.835,16439.0,44.621160469394795,45.74444063801673,45.92337223667586,"rgba(239, 83, 80, 1.0)",1.1233200349411356,46.796224101097266,0.03451901301196558,0,,,0.0,0.0,0.0,0.0,42.54350959883234,-2.7748765612476305,False,True,False,True,False,0.678394645032661
2025-07-10 17:00:00+00:00,46.95,47.315,46.945,47.15,20128.0,44.63895885812899,45.76189212517517,45.93379037019329,"rgba(239, 83, 80, 1.0)",1.075987156224278,46.807173473220445,0.3186158169234646,0,,,0.0,0.0,0.0,0.0,44.329282434452765,-2.7748765612476305,False,True,False,True,False,2.0163475685988637
2025-07-11 17:00:00+00:00,47.12,47.335,47.01,47.215,12285.0,44.649913747652135,45.77270978687113,45.94078998025625,"rgba(239, 83, 80, 1.0)",1.0438709664483625,46.812741353908564,0.3853528443846592,0,,,0.0,0.0,0.0,0.0,46.01631560159581,-2.7748765612476305,False,False,False,True,True,2.291951220579783
2025-07-14 17:00:00+00:00,47.235,47.27,47.04,47.21,14048.0,44.66226062148499,45.78476552152476,45.94810561824629,"rgba(239, 83, 80, 1.0)",1.0187016909450848,46.81699017758956,0.3857948071587399,0,,,0.0,0.0,0.0,0.0,47.10037104376998,-2.7748765612476305,False,False,False,True,True,2.269048055243445
2025-07-15 17:00:00+00:00,46.955,47.215,46.87,47.025,19769.0,44.67849787721761,45.79974799800468,45.95408017178154,"rgba(239, 83, 80, 1.0)",1.0071646849954283,46.81487216650154,0.2086330434624156,0,,,0.0,0.0,0.0,0.0,46.29307046105028,-2.7748765612476305,False,False,False,True,True,1.4141571191886158
2025-07-16 17:00:00+00:00,47.23,47.34,47.05,47.19,7652.0,44.68513698063005,45.806173842706436,45.9581719382921,"rgba(239, 83, 80, 1.0)",0.9945412360830019,46.81708871091281,0.37495809681647263,0,,,0.0,0.0,0.0,0.0,47.33129146465653,-6.721936616031321,False,False,False,True,True,2.147715136298288
2025-07-17 17:00:00+00:00,46.775,47.055,46.75,47.005,21297.0,44.70155957119111,45.8204980284202,45.96214656906186,"rgba(239, 83, 80, 1.0)",0.9964363438708081,46.81079080623452,0.1949037637577989,0,,,0.0,0.0,0.0,0.0,46.420414007190736,-6.721936616031321,False,False,False,True,True,1.277754094134277
2025-07-18 17:00:00+00:00,47.135,47.36,47.045,47.25,25205.0,44.72309946291143,45.841150030148405,45.97613710401795,"rgba(239, 83, 80, 1.0)",0.9843849408188571,46.818726243178816,0.43811494765699166,0,,,0.0,0.0,0.0,0.0,48.15200618531392,-5.6194125413137215,True,False,False,False,True,2.384315332914845
2025-07-21 17:00:00+00:00,48.085,48.17,47.975,48.115,12005.0,44.73675498026897,45.85684109802947,45.99467683721893,"rgba(38, 166, 154, 1.0)",0.9444014740264699,46.84133396909852,1.348648923080548,0,,,0.0,0.0,0.0,0.0,54.704256323064236,0.49169153886719386,True,False,True,False,True,6.109600692394594
2025-07-22 17:00:00+00:00,48.965,49.09,48.8,49.05,21384.0,44.76722014952307,45.895236994280594,46.046554153579635,"rgba(38, 166, 154, 1.0)",0.8831326153049882,46.91025830033348,2.422899644497401,0,,,0.0,0.0,0.0,0.0,62.17632239812578,7.102720120946046,True,False,True,False,True,9.798976936995071
2025-07-23 17:00:00+00:00,48.695,48.85,48.67,48.775,21818.0,44.796292528117085,45.93078777051196,46.0902295288502,"rgba(38, 166, 154, 1.0)",0.8027280176183401,46.96458981483207,2.255322033656358,0,,,0.0,0.0,0.0,0.0,64.9121805114768,9.216872518540242,True,False,True,False,True,8.457586902223287
2025-07-24 17:00:00+00:00,48.98,49.155,48.95,49.07,13090.0,44.81480708374718,45.95386137824262,46.118793920544,"rgba(38, 166, 154, 1.0)",0.7611808749065585,47.00032373652999,2.7190334540710555,0,,,0.0,0.0,0.0,0.0,67.67752204698387,11.535600562129687,True,False,True,False,True,9.59017167568625
2025-07-25 17:00:00+00:00,48.89,49.19,48.89,49.085,7680.0,44.8255865536618,45.96722668229721,46.13496229525486,"rgba(38, 166, 154, 1.0)",0.7597764488660037,47.020221012195464,2.7176138334983944,0,,,0.0,0.0,0.0,0.0,69.56953642192738,13.19825772414574,True,False,True,False,True,9.647884853502472
2025-07-28 17:00:00+00:00,48.465,48.495,48.28,48.355,14919.0,44.84303719093561,45.98723135429758,46.15550205280222,"rgba(38, 166, 154, 1.0)",0.7602841040809016,47.042109170474646,1.7268424033572147,0,,,0.0,0.0,0.0,0.0,65.23109709337494,13.19825772414574,True,False,True,False,False,6.094604580499549
2025-07-29 17:00:00+00:00,48.805,48.915,48.645,48.8,22474.0,44.87201626250987,46.021811622043316,46.19361322722839,"rgba(38, 166, 154, 1.0)",0.7656345598772668,47.0856272126785,2.239152824548976,0,,,0.0,0.0,0.0,0.0,64.30457086895373,13.19825772414574,True,False,True,False,False,7.848013824442699
2025-07-30 17:00:00+00:00,49.005,49.39,48.93,49.005,9439.0,44.885050455431525,46.03774198046277,46.21174793205521,"rgba(38, 166, 154, 1.0)",0.7758458737526371,47.10696026433649,2.4464133919833944,0,,,0.0,0.0,0.0,0.0,64.50950448824119,13.19825772414574,True,False,True,False,False,8.641779957198153
2025-07-31 17:00:00+00:00,49.055,49.065,48.76,48.955,11040.0,44.89954263743899,46.055076894646604,46.2306123676353,"rgba(38, 166, 154, 1.0)",0.7845251504642046,47.12830858459126,2.3284038941618164,0,,,0.0,0.0,0.0,0.0,64.26278496226644,13.19825772414574,True,False,True,False,False,8.39643831185159
2025-08-01 17:00:00+00:00,49.83,49.995,49.605,49.87,12517.0,44.91947906975741,46.080540066106245,46.261263703082086,"rgba(38, 166, 154, 1.0)",0.8157586421003021,47.16612825421402,3.314548698895081,0,,,0.0,0.0,0.0,0.0,67.32571661388934,13.19825772414574,True,False,True,False,True,11.85512429520286
2025-08-04 17:00:00+00:00,50.28,50.49,50.185,50.46,10273.0,44.93755936753724,46.10424357924709,46.29061928716182,"rgba(38, 166, 154, 1.0)",0.8660506195799622,47.20319591480532,3.760523936550317,0,,,0.0,0.0,0.0,0.0,70.8046411649383,14.871593015911074,True,False,True,False,True,13.941370565443904
2025-08-05 17:00:00+00:00,50.82,50.885,50.12,50.425,10561.0,44.95635579740553,46.12889498449896,46.320884411295296,"rgba(38, 166, 154, 1.0)",0.9050329743627253,47.24123893067645,3.5178398572332403,0,,,0.0,0.0,0.0,0.0,72.84603814610253,16.950291670647758,True,False,True,False,True,13.763848010930747
2025-08-06 17:00:00+00:00,50.55,50.65,50.315,50.435,11053.0,44.97585636077009,46.1543402074768,46.351627470965575,"rgba(38, 166, 154, 1.0)",0.9475057346086451,47.27949486207484,3.3303282741908693,0,,,0.0,0.0,0.0,0.0,74.23337875447993,18.458601148291976,True,False,True,False,True,13.799461198471704
2025-08-07 17:00:00+00:00,50.665,50.875,50.53,50.795,13252.0,45.00018208136684,46.1863193722373,46.390331140675485,"rgba(38, 166, 154, 1.0)",0.9985942055642685,47.32781824038763,3.4720627661295085,0,,,0.0,0.0,0.0,0.0,76.09403077546973,20.44159914776108,True,False,True,False,True,15.079591405371023
2025-08-08 17:00:00+00:00,51.01,51.095,50.765,50.825,16415.0,45.03087204700975,46.22670389729455,46.438776458452246,"rgba(38, 166, 154, 1.0)",1.047264635235696,47.694483458319326,2.9892316004503745,0,,,0.0,0.0,0.0,0.0,77.41060984102997,21.930918998100395,True,False,True,False,True,15.18597987721165
2025-08-11 17:00:00+00:00,50.875,50.89,50.59,50.66,9103.0,45.04723094638044,46.24794215618521,46.46356981762798,"rgba(38, 166, 154, 1.0)",1.0873006372088676,47.71934992864142,2.7045418449374865,0,,,0.0,0.0,0.0,0.0,76.5422450868236,21.930918998100395,True,False,True,False,True,14.296186171989785
2025-08-12 17:00:00+00:00,50.565,50.625,50.45,50.555,10220.0,45.06493763483433,46.270649473158066,46.489475625401774,"rgba(38, 166, 154, 1.0)",1.1207757850522508,47.74386196099758,2.508207329685809,0,,,0.0,0.0,0.0,0.0,74.84738621752275,21.930918998100395,True,False,True,False,False,13.72774045081422
2025-08-13 17:00:00+00:00,50.56,50.65,50.475,50.48,19858.0,45.09896664019518,46.31400678679322,46.53816171456789,"rgba(38, 166, 154, 1.0)",1.1423415497194096,47.79410408310311,2.3512196659191984,0,,,0.0,0.0,0.0,0.0,72.89060541404488,21.930918998100395,True,False,True,False,False,13.31796021327833
2025-08-14 17:00:00+00:00,50.64,50.94,50.63,50.74,12004.0,45.120212756351016,46.34122649221003,46.56879926778469,"rgba(38, 166, 154, 1.0)",1.1775142660902111,47.82995612300256,2.471344900694816,0,,,0.0,0.0,0.0,0.0,72.8191750842241,21.930918998100395,True,False,True,False,False,14.309473418300666
2025-08-15 17:00:00+00:00,50.76,50.855,50.65,50.77,11386.0,45.14017716035272,46.3666721055821,46.59711118407773,"rgba(38, 166, 154, 1.0)",1.214717640418983,47.862400054230626,2.3936426450236463,0,,,0.0,0.0,0.0,0.0,72.91038398595204,21.930918998100395,True,False,True,False,False,14.424120060094122
2025-08-18 17:00:00+00:00,50.665,50.79,50.42,50.58,24947.0,45.18218458515457,46.41939687545594,46.6541860431218,"rgba(38, 166, 154, 1.0)",1.2442190900895447,47.923420121188386,2.1351383369470907,0,,,0.0,0.0,0.0,0.0,70.58434514075093,24.706711894008222,True,False,True,False,False,13.345591657744112
2025-08-19 17:00:00+00:00,50.225,50.35,50.125,50.25,15216.0,45.20583106242199,46.44823647020322,46.68396304767553,"rgba(38, 166, 154, 1.0)",1.2628153981199457,47.95104843862772,1.8204969347023408,0,,,0.0,0.0,0.0,0.0,65.5026654256617,19.86360884577249,True,False,True,False,False,11.496703125605283
2025-08-20 17:00:00+00:00,51.06,51.13,50.765,50.83,18178.0,45.237494154174215,46.488080251761254,47.01598280801926,"rgba(38, 166, 154, 1.0)",1.2861152940341911,48.28025392114694,1.9825175010983713,0,,,0.0,0.0,0.0,0.0,65.70394259233835,19.86360884577249,True,False,True,False,False,13.793952582480454
2025-08-21 17:00:00+00:00,50.835,50.985,50.72,50.775,12331.0,45.25846687909181,46.514213467476324,47.04104462379904,"rgba(38, 166, 154, 1.0)",1.3184208852372328,48.307404555865986,1.8716295166167674,0,,,0.0,0.0,0.0,0.0,65.28559414136461,19.51134114440748,True,False,True,False,False,13.484220399355227
2025-08-22 17:00:00+00:00,50.915,50.94,50.63,50.64,8777.0,45.27305954397743,46.532239462190816,47.057652685993745,"rgba(38, 166, 154, 1.0)",1.3459961480738798,48.32467651289755,1.720156101795448,0,,,0.0,0.0,0.0,0.0,63.61553217187298,17.75376719496417,True,False,True,False,False,12.71785488994658
2025-08-25 17:00:00+00:00,50.33,50.39,50.125,50.205,14047.0,45.29414464264792,46.55740037446183,47.07365454190855,"rgba(38, 166, 154, 1.0)",1.3508252832787173,48.33601366256323,1.383588507390364,0,,,0.0,0.0,0.0,0.0,58.6824132398047,13.092423088010001,False,False,True,False,False,10.289049003496192
2025-08-26 17:00:00+00:00,49.82,50.0,49.73,49.815,19176.0,45.32038456989115,46.58760708843246,47.08967255818883,"rgba(38, 166, 154, 1.0)",1.3444332909716814,48.341780877520094,1.095791909031904,0,,,0.0,0.0,0.0,0.0,52.77548835613369,7.773726186850908,False,True,False,False,False,8.181958356725062
2025-08-27 17:00:00+00:00,49.625,50.03,49.59,50.01,11929.0,45.33665707415671,46.60628074939866,47.102232798629444,"rgba(38, 166, 154, 1.0)",1.3380028313032968,48.34918602429581,1.2412634239992244,0,,,0.0,0.0,0.0,0.0,50.47083169738812,5.876071589558833,False,True,False,False,False,9.013698500373867
2025-08-28 17:00:00+00:00,49.44,49.695,49.415,49.59,17069.0,45.3581638570127,46.63013667162852,47.11552847005993,"rgba(239, 83, 80, 1.0)",1.337549436654418,48.35264720055323,0.9250893952314296,0,,,0.0,0.0,0.0,0.0,46.37483406354612,2.2339454427444423,False,True,False,True,False,6.7764672922797295
2025-08-29 17:00:00+00:00,49.89,49.985,49.74,49.785,8055.0,45.36888358200379,46.64228432089093,47.124739538789655,"rgba(239, 83, 80, 1.0)",1.3364742576796942,48.35888810568045,1.0670702305897581,0,,,0.0,0.0,0.0,0.0,45.30128595060944,1.32386543763117,False,True,False,True,False,7.626448746271581
2025-09-01 17:00:00+00:00,49.785,49.785,49.785,49.785,0.0,45.36888358200379,46.64228432089093,47.124739538789655,"rgba(239, 83, 80, 1.0)",1.33957422978951,48.35888810568045,1.0646008728785674,0,,,0.0,0.0,0.0,0.0,44.58558720865166,0.5434529793952763,False,True,False,True,False,7.626448746271581
2025-09-02 17:00:00+00:00,49.475,49.56,49.325,49.535,9989.0,45.3810307489183,46.65552240860103,47.13254157991114,"rgba(239, 83, 80, 1.0)",1.3412361516203815,48.36112353036677,0.8752198247974737,0,,,0.0,0.0,0.0,0.0,42.448061470896285,-1.6600515938322928,False,True,False,True,False,6.27473707119216
2025-09-03 17:00:00+00:00,49.41,49.52,49.32,49.435,13652.0,45.39732179930522,46.67310906788015,47.14310542392113,"rgba(239, 83, 80, 1.0)",1.34404208160167,48.36420647169912,0.7966964300885858,0,,,0.0,0.0,0.0,0.0,40.39474734605386,-3.7859362383035418,False,True,False,True,False,5.735643436420791
2025-09-04 17:00:00+00:00,49.47,49.75,49.375,49.7,7660.0,45.40681865016589,46.683530193343636,47.15059871414865,"rgba(239, 83, 80, 1.0)",1.3463403850555256,48.36844649401644,0.989016983196748,0,,,0.0,0.0,0.0,0.0,41.750991218253546,-3.7859362383035418,False,True,False,True,False,6.956087023067436
2025-09-05 17:00:00+00:00,49.27,49.31,49.12,49.22,13543.0,45.42194933990678,46.69933177066013,47.15908866895589,"rgba(239, 83, 80, 1.0)",1.347757356459581,48.368795352023696,0.6315711384520499,0,,,0.0,0.0,0.0,0.0,39.58304203159744,-4.8433687338691485,False,True,False,True,False,4.3712082240688375
2025-09-08 17:00:00+00:00,48.83,48.995,48.715,48.96,22414.0,45.44459556255791,46.721717038678264,47.33993588835045,"rgba(239, 83, 80, 1.0)",1.347879759787894,48.49705764140061,0.34345968565641327,0,,,0.0,0.0,0.0,0.0,36.82014131854376,-7.618288563649031,False,True,False,True,False,3.011260237825116
2025-09-09 17:00:00+00:00,49.09,49.265,48.9,48.985,11102.0,45.45621924600004,46.73344198129169,47.34826235183833,"rgba(239, 83, 80, 1.0)",1.3484321459573985,48.49938499587512,0.3601330668219054,0,,,0.0,0.0,0.0,0.0,35.252702863357236,-9.259138212733973,False,True,False,True,False,3.132079164335547
2025-09-10 17:00:00+00:00,48.865,49.04,48.845,48.97,8978.0,45.46530874892735,46.74243890083545,47.35235899213599,"rgba(239, 83, 80, 1.0)",1.3459428759142216,48.49793824795409,0.35072941095309534,0,,,0.0,0.0,0.0,0.0,34.121824157035206,-10.543438569475128,False,True,False,True,False,3.0518783209472886
2025-09-11 17:00:00+00:00,49.045,49.22,48.98,49.22,8063.0,45.473870492597044,46.75114043801911,47.35883278962893,"rgba(239, 83, 80, 1.0)",1.3464808419196594,48.50057083520336,0.5343033056236851,0,,,0.0,0.0,0.0,0.0,36.338694891885226,-10.543438569475128,False,True,False,True,True,4.28633422001845
2025-09-12 17:00:00+00:00,49.22,49.41,49.14,49.38,6578.0,45.481148409763186,46.758694594129224,47.36568430702202,"rgba(239, 83, 80, 1.0)",1.3488629679494217,48.50497602332368,0.6487122839516898,0,,,0.0,0.0,0.0,0.0,39.515794280583286,-15.779435802880073,False,True,False,True,True,5.069897690006226
2025-09-15 17:00:00+00:00,49.35,49.455,49.24,49.405,15827.0,45.49880429889324,46.77708847067267,47.38205301258971,"rgba(239, 83, 80, 1.0)",1.351495491321402,48.51578943847153,0.6579456366954368,0,,,0.0,0.0,0.0,0.0,41.90277015459812,-13.451594766493962,False,True,False,True,True,5.193225877434585
2025-09-16 17:00:00+00:00,49.24,49.285,48.97,49.0,15055.0,45.51423848178905,46.792468874170034,47.39071661337818,"rgba(239, 83, 80, 1.0)",1.3516036421245758,48.51687177682671,0.3574481513040782,0,,,0.0,0.0,0.0,0.0,40.17070904029397,-13.451594766493962,False,True,False,True,True,2.9215584350517574
2025-09-17 17:00:00+00:00,49.12,49.34,49.0,49.025,4264.0,45.518630404875175,46.796856932822635,47.39338981501928,"rgba(239, 83, 80, 1.0)",1.3505945537605502,48.51752924395839,0.37573878454390425,0,,,0.0,0.0,0.0,0.0,39.32437775705186,-13.451594766493962,False,True,False,True,False,3.0499383695910396
2025-09-18 17:00:00+00:00,49.06,49.115,48.82,48.86,8386.0,45.5267830205456,46.8047374867557,47.39668399991862,"rgba(239, 83, 80, 1.0)",1.3485441699764185,48.516144105169126,0.25498304207335437,0,,,0.0,0.0,0.0,0.0,37.53207814809341,-13.451594766493962,False,True,False,True,False,2.124806358840079
2025-09-19 17:00:00+00:00,49.075,49.45,49.05,49.315,7348.0,45.53460471153514,46.812691129304596,47.4026492009019,"rgba(239, 83, 80, 1.0)",1.3426266041596235,48.51927986511211,0.592659293673049,0,,,0.0,0.0,0.0,0.0,41.46650157576184,-13.451594766493962,False,True,False,True,True,4.4769487807400665
2025-09-22 17:00:00+00:00,49.35,49.355,49.12,49.165,18302.0,45.553643356084386,46.8318157391838,47.41593606413028,"rgba(239, 83, 80, 1.0)",1.333172190712471,48.52513931873962,0.47995351667096153,0,,,0.0,0.0,0.0,0.0,42.781570060307814,-12.438166633574859,False,True,False,True,True,3.6232810926649037
2025-09-23 17:00:00+00:00,49.055,49.33,49.045,49.32,19474.0,45.57378636656152,46.85198733240764,47.43011668702522,"rgba(239, 83, 80, 1.0)",1.3261042041858377,48.531772486051324,0.5943933451539045,0,,,0.0,0.0,0.0,0.0,45.19820645749121,-10.052567165276741,False,True,False,True,True,4.422613813937097
2025-09-24 17:00:00+00:00,49.46,49.67,49.42,49.45,16959.0,45.59248607777302,46.871326374915576,47.44686787595006,"rgba(239, 83, 80, 1.0)",1.3180200377152116,48.5439615849466,0.6874238548178828,0,,,0.0,0.0,0.0,0.0,48.04097279514815,-7.303910150961357,False,True,False,False,True,5.092621227348175
2025-09-25 17:00:00+00:00,49.545,49.625,49.415,49.475,14456.0,45.60825270353396,46.8875393118855,47.46054152089738,"rgba(239, 83, 80, 1.0)",1.316359017541205,48.55367212369697,0.6999062292473657,0,,,0.0,0.0,0.0,0.0,50.179028438358905,-5.226094721165886,False,True,False,False,True,5.222608056911923
2025-09-26 17:00:00+00:00,49.83,49.85,49.555,49.64,15817.0,45.62613431722764,46.906233494875465,47.477596863852725,"rgba(239, 83, 80, 1.0)",1.3172045132509638,48.56738086013971,0.81431480766262,0,,,0.0,0.0,0.0,0.0,53.19357257956954,-2.3353538042811124,False,False,True,False,True,6.085594958330152
