date,Open,High,Low,Close,Volume,aVWAP_BoS_CHoCH_bear_147,Peaks_Valleys_avg,color,StDev,StDev_Mean,StdDev_ZScore,MA_Cross_Count,MA_Avg_Deviation_Z,MA_Oscillation_Score,BoS,CHoCH,BoS_CHoCH_Price,BoS_CHoCH_Break_Index,QQEMOD,QQE1_Value,QQE1_Above_Upper,QQE1_Below_Lower,QQE2_Above_Threshold,QQE2_Below_Threshold,QQE2_Above_TL,banker_RSI
2024-02-20 17:00:00+00:00,5.075,5.165,5.045,5.145,9041.0,,,"rgba(38, 166, 154, 1.0)",,,,0,,,0.0,0.0,0.0,0.0,,,False,False,False,False,False,
2024-02-21 17:00:00+00:00,5.51,5.62,5.48,5.545,5834.0,,,"rgba(239, 83, 80, 1.0)",,,,0,,,0.0,0.0,0.0,0.0,100.0,,False,False,True,False,False,
2024-02-22 17:00:00+00:00,5.69,5.71,5.615,5.625,9307.0,,,"rgba(239, 83, 80, 1.0)",,,,0,,,0.0,0.0,0.0,0.0,100.0,50.0,False,False,True,False,True,
2024-02-23 17:00:00+00:00,5.525,5.565,5.475,5.475,6094.0,,,"rgba(239, 83, 80, 1.0)",,,,0,,,0.0,0.0,0.0,0.0,90.69179498965754,41.622615490691786,False,False,True,False,False,
2024-02-26 17:00:00+00:00,5.375,5.39,5.33,5.33,3349.0,,,"rgba(239, 83, 80, 1.0)",,,,0,,,0.0,0.0,0.0,0.0,78.88989453798864,31.559397384810325,False,False,True,False,False,
2024-02-27 17:00:00+00:00,5.385,5.475,5.375,5.415,3958.0,,,"rgba(239, 83, 80, 1.0)",,,,0,,,0.0,0.0,0.0,0.0,73.00671761086632,27.27051473783132,False,False,True,False,False,
2024-02-28 17:00:00+00:00,5.405,5.425,5.235,5.275,4094.0,,,"rgba(239, 83, 80, 1.0)",,,,0,,,0.0,0.0,0.0,0.0,65.04455110913153,20.954361340483146,False,False,True,False,False,
2024-02-29 17:00:00+00:00,5.295,5.345,5.23,5.345,6780.0,,,"rgba(239, 83, 80, 1.0)",,,,0,,,0.0,0.0,0.0,0.0,61.43537022840148,18.523154525379468,False,False,True,False,False,
2024-03-01 17:00:00+00:00,5.655,5.695,5.555,5.585,4657.0,,,"rgba(239, 83, 80, 1.0)",,,,0,,,0.0,0.0,0.0,0.0,63.28246283457121,18.523154525379468,False,False,True,False,False,
2024-03-04 17:00:00+00:00,5.41,5.435,5.375,5.395,1907.0,,,"rgba(239, 83, 80, 1.0)",,,,0,,,0.0,0.0,0.0,0.0,60.07428021535697,18.247533467559236,False,False,True,False,False,
2024-03-05 17:00:00+00:00,5.435,5.475,5.415,5.455,1911.0,,,"rgba(239, 83, 80, 1.0)",,,,0,,,0.0,0.0,0.0,0.0,58.954782253507545,17.18849047707741,False,False,True,False,False,
2024-03-06 17:00:00+00:00,5.565,5.625,5.525,5.6,2021.0,,,"rgba(239, 83, 80, 1.0)",,,,0,,,0.0,0.0,0.0,0.0,60.40308132048962,17.18849047707741,False,False,True,False,False,
2024-03-07 17:00:00+00:00,5.735,5.755,5.705,5.745,5550.0,,,"rgba(38, 166, 154, 1.0)",,,,0,,,0.0,0.0,0.0,0.0,63.15613950031326,17.18849047707741,False,False,True,False,True,
2024-03-08 17:00:00+00:00,5.725,5.775,5.7,5.72,4981.0,,,"rgba(239, 83, 80, 1.0)",,,,0,,,0.0,0.0,0.0,0.0,64.36071774481981,17.18849047707741,False,False,True,False,True,
2024-03-11 17:00:00+00:00,5.81,5.85,5.795,5.845,2889.0,,,"rgba(38, 166, 154, 1.0)",,,,0,,,0.0,0.0,0.0,0.0,66.65049609698636,17.18849047707741,False,False,True,False,True,
2024-03-12 17:00:00+00:00,5.825,5.83,5.74,5.795,9622.0,,,"rgba(38, 166, 154, 1.0)",,,,0,,,0.0,0.0,0.0,0.0,66.82461455370075,17.18849047707741,False,False,True,False,True,
2024-03-13 17:00:00+00:00,5.975,6.11,5.975,6.085,9019.0,,,"rgba(38, 166, 154, 1.0)",,,,0,,,0.0,0.0,0.0,0.0,69.90559172404461,13.210138670356912,False,False,True,False,True,
2024-03-14 17:00:00+00:00,6.105,6.185,6.105,6.155,2896.0,,,"rgba(38, 166, 154, 1.0)",,,,0,,,0.0,0.0,0.0,0.0,72.50631877230074,15.982017777145273,False,False,True,False,True,
2024-03-15 17:00:00+00:00,6.11,6.26,6.095,6.215,5876.0,,,"rgba(38, 166, 154, 1.0)",,,,0,,,0.0,0.0,0.0,0.0,74.70077672031974,18.327539287629207,False,False,True,False,True,
2024-03-18 17:00:00+00:00,6.405,6.515,6.405,6.42,3350.0,,,"rgba(38, 166, 154, 1.0)",,,,0,,,0.0,0.0,0.0,0.0,77.5049852855448,21.20293717361696,False,False,True,False,True,
2024-03-19 17:00:00+00:00,6.525,6.535,6.415,6.515,8261.0,,,"rgba(38, 166, 154, 1.0)",,,,0,,,0.0,0.0,0.0,0.0,79.887661982557,23.64498929069316,False,False,True,False,True,
2024-03-20 17:00:00+00:00,6.5,6.595,6.495,6.53,4872.0,,,"rgba(38, 166, 154, 1.0)",,,,0,,,0.0,0.0,0.0,0.0,81.55764250382566,25.43567893635047,False,False,True,False,True,
2024-03-21 17:00:00+00:00,6.665,6.735,6.565,6.655,5690.0,,,"rgba(38, 166, 154, 1.0)",,,,0,,,0.0,0.0,0.0,0.0,83.32534702384518,27.348745386675787,False,False,True,False,True,
2024-03-22 17:00:00+00:00,6.63,6.665,6.605,6.64,3056.0,,,"rgba(38, 166, 154, 1.0)",,,,0,,,0.0,0.0,0.0,0.0,84.00448499971122,28.292065265837707,False,False,True,False,True,
2024-03-25 17:00:00+00:00,6.89,6.905,6.845,6.865,1260.0,,,"rgba(38, 166, 154, 1.0)",,,,0,,,0.0,0.0,0.0,0.0,85.55709443580088,30.0869869657827,False,False,True,False,True,
2024-03-26 17:00:00+00:00,7.065,7.085,6.91,6.93,7153.0,,,"rgba(38, 166, 154, 1.0)",,,,0,,,0.0,0.0,0.0,0.0,86.85014180596056,31.624613746594548,False,False,True,False,True,
2024-03-27 17:00:00+00:00,6.955,7.035,6.945,6.985,2302.0,,,"rgba(38, 166, 154, 1.0)",,,,0,,,0.0,0.0,0.0,0.0,87.92702148821543,32.959357405815965,False,False,True,False,True,
2024-03-28 17:00:00+00:00,7.17,7.195,7.125,7.155,3066.0,,,"rgba(38, 166, 154, 1.0)",,,,0,,,0.0,0.0,0.0,0.0,89.2236599649953,34.490071543472425,False,False,True,False,True,
2024-03-29 17:00:00+00:00,7.155,7.155,7.155,7.155,0.0,,,"rgba(38, 166, 154, 1.0)",,,,0,,,0.0,0.0,0.0,0.0,90.08808561618189,35.60720658936228,False,False,True,False,True,
2024-04-01 17:00:00+00:00,7.21,7.23,7.185,7.23,1307.0,,,"rgba(38, 166, 154, 1.0)",,,,0,,,0.0,0.0,0.0,0.0,90.9072135675349,36.68539091926286,False,False,True,False,True,
2024-04-02 17:00:00+00:00,7.68,7.89,7.66,7.88,9043.0,,,"rgba(38, 166, 154, 1.0)",,,,0,,,0.0,0.0,0.0,0.0,92.60795191792035,38.550724422811086,False,False,True,False,True,
2024-04-03 17:00:00+00:00,8.095,8.24,8.07,8.225,13880.0,,,"rgba(38, 166, 154, 1.0)",,,,0,,,0.0,0.0,0.0,0.0,94.03069574899695,40.09882386860859,False,False,True,False,True,
2024-04-04 17:00:00+00:00,8.135,8.23,8.015,8.04,8212.0,,,"rgba(38, 166, 154, 1.0)",,,,0,,,0.0,0.0,0.0,0.0,91.23818501377248,40.09882386860859,False,False,True,False,False,
2024-04-05 17:00:00+00:00,8.235,8.255,8.155,8.165,3547.0,,,"rgba(38, 166, 154, 1.0)",,,,0,,,0.0,0.0,0.0,0.0,89.76355949964312,43.75241682404575,False,False,True,False,False,
2024-04-08 17:00:00+00:00,8.245,8.45,8.235,8.405,5094.0,,8.363333333333332,"rgba(38, 166, 154, 1.0)",,8.363333333333332,,0,,,0.0,0.0,0.0,0.0,89.4345024242328,43.30646274024275,False,False,True,False,False,
2024-04-09 17:00:00+00:00,8.07,8.165,7.99,8.145,2692.0,,8.272286154636525,"rgba(38, 166, 154, 1.0)",,8.272286154636525,,0,,,0.0,0.0,0.0,0.0,84.67232332457571,38.79080905253964,False,False,True,False,False,
2024-04-10 17:00:00+00:00,8.125,8.23,8.065,8.225,2736.0,,8.246555787873028,"rgba(38, 166, 154, 1.0)",,8.246555787873028,,0,,,0.0,0.0,0.0,0.0,81.91553323749685,36.30273480870066,False,False,True,False,False,
2024-04-11 17:00:00+00:00,8.065,8.2,8.06,8.2,3974.0,,8.220999356144223,"rgba(38, 166, 154, 1.0)",,8.220999356144223,,0,,,0.0,0.0,0.0,0.0,79.6337777701016,34.24564496487031,False,False,True,False,False,
2024-04-12 17:00:00+00:00,8.205,8.215,8.045,8.105,5700.0,,8.19296428335644,"rgba(38, 166, 154, 1.0)",,8.19296428335644,,0,,,0.0,0.0,0.0,0.0,76.37733173004482,31.274154840109986,False,False,True,False,False,
2024-04-15 17:00:00+00:00,8.06,8.145,8.035,8.105,2075.0,,8.18383690299792,"rgba(38, 166, 154, 1.0)",,8.18383690299792,,0,,,0.0,0.0,0.0,0.0,74.20636770334029,29.306786077463045,False,False,True,False,False,
2024-04-16 17:00:00+00:00,7.955,8.045,7.89,8.04,2213.0,,8.166467488972389,"rgba(38, 166, 154, 1.0)",,8.166467488972389,,0,,,0.0,0.0,0.0,0.0,71.43981487244513,26.743172763689344,False,False,True,False,False,
2024-04-17 17:00:00+00:00,7.875,8.09,7.875,8.065,3928.0,,8.077417816415599,"rgba(38, 166, 154, 1.0)",,8.077417816415599,,0,,,0.0,0.0,0.0,0.0,69.86734058658922,25.245692881726995,False,True,True,False,False,
2024-04-18 17:00:00+00:00,8.16,8.17,7.975,7.985,2060.0,,8.079720573735493,"rgba(38, 166, 154, 1.0)",,8.079720573735493,,0,,,0.0,0.0,0.0,0.0,67.05532976251229,22.547745466744118,False,True,True,False,False,
2024-04-19 17:00:00+00:00,8.295,8.38,8.095,8.165,6492.0,,8.136241883590595,"rgba(38, 166, 154, 1.0)",,8.136241883590595,,0,,,0.0,0.0,0.0,0.0,67.3298570930742,22.547745466744118,False,True,True,False,False,
2024-04-22 17:00:00+00:00,8.085,8.16,8.015,8.03,1482.0,,8.13183482134852,"rgba(38, 166, 154, 1.0)",,8.13183482134852,,0,,,0.0,0.0,0.0,0.0,64.7159192757332,20.059242832261248,False,True,True,False,False,
2024-04-23 17:00:00+00:00,8.175,8.24,8.155,8.16,5549.0,,8.144028242765025,"rgba(38, 166, 154, 1.0)",,8.144028242765025,,0,,,0.0,0.0,0.0,0.0,64.56812632448555,19.693392979854252,False,True,True,False,False,
2024-04-24 17:00:00+00:00,8.235,8.28,8.165,8.26,3206.0,,8.153853726671219,"rgba(38, 166, 154, 1.0)",,8.153853726671219,,0,,,0.0,0.0,0.0,0.0,65.57388389235616,19.693392979854252,False,True,True,False,False,
2024-04-25 17:00:00+00:00,8.185,8.345,8.16,8.34,2412.0,,8.163199282442925,"rgba(38, 166, 154, 1.0)",,8.163199282442925,,0,,,0.0,0.0,0.0,0.0,67.07663647788665,19.693392979854252,False,True,True,False,True,
2024-04-26 17:00:00+00:00,8.375,8.425,8.345,8.39,1868.0,,8.175002355978052,"rgba(38, 166, 154, 1.0)",,8.175002355978052,,0,,,0.0,0.0,0.0,0.0,68.59082422167242,19.693392979854252,False,True,True,False,True,
2024-04-29 17:00:00+00:00,8.72,9.03,8.72,8.995,6375.0,,8.286344205648163,"rgba(38, 166, 154, 1.0)",,8.286344205648163,,0,,,0.0,0.0,0.0,0.0,73.49357439575358,18.773576634835308,False,True,True,False,True,20.0
2024-04-30 17:00:00+00:00,8.51,8.715,8.51,8.67,5227.0,,8.32318671514909,"rgba(38, 166, 154, 1.0)",,8.32318671514909,,0,,,0.0,0.0,0.0,0.0,71.23174208935932,18.773576634835308,False,True,True,False,False,20.0
2024-05-01 17:00:00+00:00,8.26,8.34,8.14,8.19,7994.0,,8.307890382602576,"rgba(239, 83, 80, 1.0)",,8.307890382602576,,0,,,0.0,0.0,0.0,0.0,64.19489915633193,19.698862320232095,False,True,True,False,False,20.0
2024-05-02 17:00:00+00:00,8.805,8.895,8.685,8.72,4110.0,,8.338635480654958,"rgba(239, 83, 80, 1.0)",,8.338635480654958,,0,,,0.0,0.0,0.0,0.0,63.427153493791096,19.181838147251398,False,True,True,False,False,20.0
2024-05-03 17:00:00+00:00,8.53,8.665,8.53,8.645,11948.0,,8.382765117336845,"rgba(239, 83, 80, 1.0)",,8.382765117336845,,0,,,0.0,0.0,0.0,0.0,62.16834216016795,17.979182314170643,False,True,True,False,False,20.0
2024-05-06 17:00:00+00:00,8.86,8.9,8.815,8.88,13318.0,,8.456246865664106,"rgba(239, 83, 80, 1.0)",,8.456246865664106,,0,,,0.0,0.0,0.0,0.0,62.85145154523307,17.979182314170643,False,True,True,False,False,20.0
2024-05-07 17:00:00+00:00,9.375,9.41,9.16,9.255,9866.0,,8.784599625331715,"rgba(38, 166, 154, 1.0)",,8.784599625331715,,0,,,0.0,0.0,0.0,0.0,65.32113350264615,17.979182314170643,False,True,True,False,True,20.0
2024-05-08 17:00:00+00:00,9.11,9.33,9.095,9.27,4085.0,,8.798941893564328,"rgba(38, 166, 154, 1.0)",,8.798941893564328,,0,,,0.0,0.0,0.0,0.0,67.04235490397795,17.979182314170643,False,True,True,False,True,20.0
2024-05-09 17:00:00+00:00,9.18,9.195,9.105,9.195,2548.0,,8.803671468039576,"rgba(38, 166, 154, 1.0)",,8.803671468039576,,0,,,0.0,0.0,0.0,0.0,67.23363708203607,17.979182314170643,False,True,True,False,True,20.0
2024-05-10 17:00:00+00:00,9.09,9.22,9.075,9.215,6057.0,,8.818261211519788,"rgba(38, 166, 154, 1.0)",,8.818261211519788,,0,,,0.0,0.0,0.0,0.0,67.49136464995466,17.979182314170643,False,True,True,False,True,20.0
2024-05-13 17:00:00+00:00,9.285,9.35,9.24,9.305,8058.0,,8.85559250348686,"rgba(38, 166, 154, 1.0)",,8.85559250348686,,0,,,0.0,0.0,0.0,0.0,68.27692269972427,13.705933416751321,False,True,True,False,True,20.0
2024-05-14 17:00:00+00:00,9.165,9.335,9.145,9.215,991.0,,8.858601339240302,"rgba(38, 166, 154, 1.0)",,8.858601339240302,,0,,,0.0,0.0,0.0,0.0,67.38487256270936,13.705933416751321,False,True,True,False,True,20.0
2024-05-15 17:00:00+00:00,9.245,9.29,9.165,9.185,4074.0,,8.869415145520138,"rgba(38, 166, 154, 1.0)",,8.869415145520138,,0,,,0.0,0.0,0.0,0.0,66.30266374976755,13.705933416751321,False,True,True,False,True,20.0
2024-05-16 17:00:00+00:00,9.165,9.325,9.11,9.325,3237.0,,8.879426932047485,"rgba(38, 166, 154, 1.0)",,8.879426932047485,,0,,,0.0,0.0,0.0,0.0,66.83373661608448,13.705933416751321,False,True,True,False,True,20.0
2024-05-17 17:00:00+00:00,9.315,9.325,9.24,9.255,712.0,,8.881750131428083,"rgba(38, 166, 154, 1.0)",,8.881750131428083,,0,,,0.0,0.0,0.0,0.0,65.92811513043058,13.705933416751321,False,True,True,False,False,20.0
2024-05-20 17:00:00+00:00,9.265,9.275,9.16,9.27,2637.0,,8.88877656661296,"rgba(38, 166, 154, 1.0)",,8.88877656661296,,0,,,0.0,0.0,0.0,0.0,65.48273308767406,13.705933416751321,False,True,True,False,False,20.0
2024-05-21 17:00:00+00:00,9.205,9.205,9.12,9.135,1590.0,,8.891234712871606,"rgba(38, 166, 154, 1.0)",,8.891234712871606,,0,,,0.0,0.0,0.0,0.0,62.640684022549884,15.879944257416625,False,True,True,False,False,20.0
2024-05-22 17:00:00+00:00,8.95,8.955,8.67,8.69,2246.0,,8.88420142387325,"rgba(38, 166, 154, 1.0)",,8.88420142387325,,0,,,0.0,0.0,0.0,0.0,54.95988213441609,8.836322253289495,False,True,True,False,False,19.375716080609898
2024-05-23 17:00:00+00:00,8.435,8.45,8.265,8.3,1848.0,,8.73664474825205,"rgba(239, 83, 80, 1.0)",,8.73664474825205,,0,,,0.0,0.0,0.0,0.0,46.789551686670634,1.7357623713279153,False,True,False,True,False,13.31934005073358
2024-05-24 17:00:00+00:00,8.525,8.55,8.47,8.51,1687.0,,8.750132991084655,"rgba(239, 83, 80, 1.0)",,8.750132991084655,,0,,,0.0,0.0,0.0,0.0,44.18918178384875,-0.11776580649638646,False,True,False,True,False,15.420121142628815
2024-05-27 17:00:00+00:00,8.51,8.51,8.51,8.51,0.0,,8.750132991084655,"rgba(239, 83, 80, 1.0)",,8.750132991084655,,0,,,0.0,0.0,0.0,0.0,42.45560184863417,-1.427731140577258,False,True,False,True,False,15.420121142628815
2024-05-28 17:00:00+00:00,9.245,9.3,9.175,9.215,4390.0,,8.871714030949413,"rgba(38, 166, 154, 1.0)",,8.871714030949413,,0,,,0.0,0.0,0.0,0.0,48.27212962730042,-1.427731140577258,False,True,False,False,True,20.0
2024-05-29 17:00:00+00:00,9.21,9.215,9.06,9.16,11109.0,,8.926264682364737,"rgba(38, 166, 154, 1.0)",,8.926264682364737,,0,,,0.0,0.0,0.0,0.0,51.56653567100291,-5.607864371181421,False,True,True,False,True,20.0
2024-05-30 17:00:00+00:00,9.375,9.38,9.165,9.205,2415.0,,8.937064340487996,"rgba(38, 166, 154, 1.0)",,8.937064340487996,,0,,,0.0,0.0,0.0,0.0,54.12800728515462,-3.303329413867978,False,True,True,False,True,20.0
2024-05-31 17:00:00+00:00,9.2,9.325,9.2,9.27,2593.0,,8.94775098985903,"rgba(38, 166, 154, 1.0)",,8.94775098985903,,0,,,0.0,0.0,0.0,0.0,56.38998352085261,-1.1347367941553728,False,True,True,False,True,20.0
2024-06-03 17:00:00+00:00,8.975,8.99,8.875,8.915,3939.0,,8.94106585897254,"rgba(38, 166, 154, 1.0)",1.3866304125111713,8.94106585897254,-0.018797985921378466,0,,,0.0,0.0,0.0,0.0,53.827316576649736,-1.1347367941553728,False,True,True,False,True,16.677823040623018
2024-06-04 17:00:00+00:00,8.665,8.715,8.55,8.68,1231.0,,8.93419808893248,"rgba(38, 166, 154, 1.0)",1.3617918343124256,8.93419808893248,-0.18666442442051023,0,,,0.0,0.0,0.0,0.0,50.009989392943325,-1.1347367941553728,False,True,False,False,False,13.475801066905824
2024-06-05 17:00:00+00:00,8.835,8.88,8.82,8.88,3850.0,,8.92643256408823,"rgba(38, 166, 154, 1.0)",1.3464712372690304,8.92643256408823,-0.034484631236836656,0,,,0.0,0.0,0.0,0.0,49.58989792638036,-1.1347367941553728,False,True,False,False,False,15.286995185965825
2024-06-06 17:00:00+00:00,9.155,9.28,9.095,9.245,3125.0,,8.935123977285306,"rgba(38, 166, 154, 1.0)",1.3361060134881813,8.935123977285306,0.23192472721958476,0,,,0.0,0.0,0.0,0.0,52.47164030380702,-1.1347367941553728,False,True,True,False,False,18.390450683129735
2024-06-07 17:00:00+00:00,9.36,9.36,9.245,9.335,2462.0,,8.944608089187916,"rgba(38, 166, 154, 1.0)",1.3218162770484676,8.944608089187916,0.2953450623893096,0,,,0.0,0.0,0.0,0.0,55.072644585308616,-1.1347367941553728,False,True,True,False,True,19.121164820727365
2024-06-10 17:00:00+00:00,9.71,9.91,9.705,9.88,6144.0,,9.000856280050222,"rgba(38, 166, 154, 1.0)",1.3115364348045468,9.000856280050222,0.6703158956318238,0,,,0.0,0.0,0.0,0.0,60.11221472191511,2.810001921422291,False,False,True,False,True,20.0
2024-06-11 17:00:00+00:00,9.83,9.985,9.83,9.905,4644.0,,9.040795445096677,"rgba(38, 166, 154, 1.0)",1.3010669564727355,9.040795445096677,0.664227579221771,0,,,0.0,0.0,0.0,0.0,63.59830209558214,6.149999307060426,False,False,True,False,True,20.0
2024-06-12 17:00:00+00:00,9.825,9.84,9.75,9.83,7663.0,,9.090058836311266,"rgba(38, 166, 154, 1.0)",1.2823295664988463,9.090058836311266,0.577028856715049,0,,,0.0,0.0,0.0,0.0,64.95417373564138,7.574718302316107,True,False,True,False,True,20.0
2024-06-13 17:00:00+00:00,9.715,9.8,9.695,9.725,3259.0,,9.10661941932706,"rgba(38, 166, 154, 1.0)",1.2604363179913987,9.10661941932706,0.49060834874892834,0,,,0.0,0.0,0.0,0.0,64.48496783518013,7.574718302316107,True,False,True,False,True,20.0
2024-06-14 17:00:00+00:00,9.645,9.725,9.6,9.69,4219.0,,9.124023355797483,"rgba(38, 166, 154, 1.0)",1.2416205735443702,9.124023355797483,0.45583703770859807,0,,,0.0,0.0,0.0,0.0,63.699384242873606,7.574718302316107,True,False,True,False,True,20.0
2024-06-17 17:00:00+00:00,9.49,9.56,9.43,9.485,7303.0,,9.140629455004948,"rgba(38, 166, 154, 1.0)",1.2111336250214753,9.140629455004948,0.2843373661506138,0,,,0.0,0.0,0.0,0.0,60.52042184830498,7.574718302316107,False,False,True,False,False,17.735531999142783
2024-06-18 17:00:00+00:00,9.68,9.955,9.68,9.94,13957.0,,9.20416376496833,"rgba(38, 166, 154, 1.0)",1.1870676377429294,9.20416376496833,0.619877260263599,0,,,0.0,0.0,0.0,0.0,62.10642224119887,7.574718302316107,True,False,True,False,False,20.0
2024-06-19 17:00:00+00:00,9.94,9.94,9.94,9.94,0.0,,9.20416376496833,"rgba(38, 166, 154, 1.0)",1.1639946247670083,9.20416376496833,0.6321646332163765,0,,,0.0,0.0,0.0,0.0,63.16375583646146,7.574718302316107,True,False,True,False,False,20.0
2024-06-20 17:00:00+00:00,9.945,10.065,9.93,10.005,2984.0,,9.218992719428991,"rgba(38, 166, 154, 1.0)",1.143295863909441,9.218992719428991,0.6874924552628909,0,,,0.0,0.0,0.0,0.0,64.35479836222731,8.688594105120174,True,False,True,False,True,20.0
2024-06-21 17:00:00+00:00,9.77,9.875,9.61,9.61,4396.0,,9.230844108420712,"rgba(38, 166, 154, 1.0)",1.1116315296255592,9.230844108420712,0.3410805482523531,0,,,0.0,0.0,0.0,0.0,60.18585370640044,8.688594105120174,False,False,True,False,False,16.59823463697202
2024-06-24 17:00:00+00:00,10.02,10.355,10.02,10.25,6821.0,,9.457708392479631,"rgba(38, 166, 154, 1.0)",1.092623250515735,9.457708392479631,0.7251279040111904,0,,,0.0,0.0,0.0,0.0,62.046755793954844,8.688594105120174,True,False,True,False,False,20.0
2024-06-25 17:00:00+00:00,10.18,10.34,10.18,10.34,414.0,,9.460580555450976,"rgba(38, 166, 154, 1.0)",1.0703841694785443,9.460580555450976,0.8215923493874613,0,,,0.0,0.0,0.0,0.0,63.78640260811017,8.688594105120174,True,False,True,False,True,20.0
2024-06-26 17:00:00+00:00,10.19,10.29,10.14,10.195,2638.0,,9.471650580432623,"rgba(38, 166, 154, 1.0)",1.0506507121393494,9.471650580432623,0.6884775417840655,0,,,0.0,0.0,0.0,0.0,63.29930947592982,8.688594105120174,True,False,True,False,True,20.0
2024-06-27 17:00:00+00:00,10.28,10.32,10.2,10.27,2603.0,,9.485293202521294,"rgba(38, 166, 154, 1.0)",1.0314676284151971,9.485293202521294,0.7607672561516752,0,,,0.0,0.0,0.0,0.0,63.48931634286356,8.688594105120174,True,False,True,False,True,20.0
2024-06-28 17:00:00+00:00,9.805,9.83,9.585,9.66,3234.0,,9.46836279826272,"rgba(38, 166, 154, 1.0)",1.0000949279267783,9.46836279826272,0.19161901174176343,0,,,0.0,0.0,0.0,0.0,57.80926222574814,12.940245156677548,False,False,True,False,False,13.567701672398314
2024-07-01 17:00:00+00:00,9.635,9.675,9.52,9.58,2875.0,,9.455115662960289,"rgba(38, 166, 154, 1.0)",0.9712384728639893,9.477874163578017,0.10515011428741537,0,,,0.0,0.0,0.0,0.0,53.423602980772216,8.886199917051357,False,True,False,False,False,12.696948304918429
2024-07-02 17:00:00+00:00,9.705,9.865,9.705,9.83,1458.0,,9.45457782472553,"rgba(38, 166, 154, 1.0)",0.9461584252997851,9.489109556094517,0.3602889693631103,0,,,0.0,0.0,0.0,0.0,52.70855238890311,8.236383470341828,False,True,False,False,False,14.59080359894325
2024-07-03 17:00:00+00:00,10.095,10.095,10.095,10.095,0.0,,9.45457782472553,"rgba(38, 166, 154, 1.0)",0.9233475281050256,9.489109556094517,0.6561889488662462,0,,,0.0,0.0,0.0,0.0,54.260767841832305,8.236383470341828,False,True,True,False,False,16.513766544817972
2024-07-04 17:00:00+00:00,10.095,10.095,10.095,10.095,0.0,,9.45457782472553,"rgba(38, 166, 154, 1.0)",0.9016040110784758,9.489109556094517,0.6720139179291503,0,,,0.0,0.0,0.0,0.0,55.2955781437851,8.236383470341828,False,False,True,False,True,16.513766544817972
2024-07-05 17:00:00+00:00,9.805,9.91,9.76,9.88,3045.0,,9.45669891432019,"rgba(38, 166, 154, 1.0)",0.8726660352099264,9.503824763168396,0.43106437245619755,0,,,0.0,0.0,0.0,0.0,53.811389981368876,8.236383470341828,False,True,True,False,True,14.117305688125594
2024-07-08 17:00:00+00:00,10.08,10.085,9.88,10.01,3324.0,,9.465585343375693,"rgba(38, 166, 154, 1.0)",0.8503981473457081,9.52428616754968,0.5711605016618929,0,,,0.0,0.0,0.0,0.0,53.99821847157108,8.236383470341828,False,True,True,False,True,15.085351129964568
2024-07-09 17:00:00+00:00,9.625,9.695,9.57,9.645,2960.0,,9.461480252288478,"rgba(38, 166, 154, 1.0)",0.8223020148361594,9.514324904038281,0.1589137489682002,4,0.20255102822359172,0.8102041128943669,0.0,0.0,0.0,0.0,50.77274877836293,5.648198384175089,False,True,False,False,False,11.160410630504039
2024-07-10 17:00:00+00:00,9.73,9.885,9.73,9.885,5107.0,,9.46720152213942,"rgba(38, 166, 154, 1.0)",0.7966233185839562,9.521577114555095,0.4562041770141878,4,0.204500877421424,0.818003509685696,0.0,0.0,0.0,0.0,50.854834737721504,5.506135018983464,False,True,False,False,False,12.973618719187101
2024-07-11 17:00:00+00:00,9.88,10.02,9.86,10.0,1400.0,,9.470604126302735,"rgba(38, 166, 154, 1.0)",0.7757817910903757,9.526339361151045,0.6105591086163752,4,0.2063024684416906,0.8252098737667624,0.0,0.0,0.0,0.0,51.903747419753856,5.506135018983464,False,True,False,False,False,13.823199821377237
2024-07-12 17:00:00+00:00,9.86,9.925,9.835,9.885,1556.0,,9.473156808888294,"rgba(38, 166, 154, 1.0)",0.75060367296855,9.529381588278921,0.47377654084031984,4,0.20892291805030772,0.8356916722012309,0.0,0.0,0.0,0.0,51.44897400153658,5.506135018983464,False,True,False,False,False,12.598863328881627
2024-07-15 17:00:00+00:00,9.955,10.09,9.92,10.03,1580.0,,9.477667387638842,"rgba(38, 166, 154, 1.0)",0.727683551656457,9.53543224399592,0.6796467432557369,4,0.21204680245818824,0.848187209832753,0.0,0.0,0.0,0.0,52.52014401977628,5.506135018983464,False,True,True,False,False,13.686231154108881
2024-07-16 17:00:00+00:00,9.89,9.935,9.81,9.915,3016.0,,9.48260471148928,"rgba(38, 166, 154, 1.0)",0.7196093973015425,9.540738561449961,0.5200897041554456,4,0.21546630758731206,0.8618652303492482,0.0,0.0,0.0,0.0,51.97285487723221,5.506135018983464,False,True,False,False,False,12.452949695249085
2024-07-17 17:00:00+00:00,9.905,9.98,9.89,9.92,552.0,,9.483711394809784,"rgba(38, 166, 154, 1.0)",0.7176225638482591,9.541998328952335,0.526741618909844,4,0.219770634604469,0.879082538417876,0.0,0.0,0.0,0.0,51.663253362800276,5.049878483537071,False,True,False,False,False,12.491514493879961
2024-07-18 17:00:00+00:00,9.99,10.085,9.9,10.03,1744.0,,9.488286554977675,"rgba(38, 166, 154, 1.0)",0.7129456090344103,9.547553591216065,0.6766945509873376,4,0.2241390960336708,0.8965563841346832,0.0,0.0,0.0,0.0,52.71480000951597,5.049878483537071,False,True,True,False,False,13.344908884070769
2024-07-19 17:00:00+00:00,9.725,9.835,9.67,9.69,3180.0,,9.489258985892004,"rgba(38, 166, 154, 1.0)",0.7055264471071034,9.546493405415816,0.2034035650578495,4,0.2286809124897115,0.914723649958846,0.0,0.0,0.0,0.0,49.55321510314198,2.7882473632367706,False,True,False,False,False,9.69784537825607
2024-07-22 17:00:00+00:00,9.655,9.715,9.61,9.68,4956.0,,9.488837490325645,"rgba(38, 166, 154, 1.0)",0.7016327483188898,9.542448899453523,0.19604429935183088,4,0.23456518783622624,0.9382607513449049,0.0,0.0,0.0,0.0,47.345401666125,0.707709087286787,False,True,False,True,False,9.593038103496156
2024-07-23 17:00:00+00:00,9.505,9.6,9.48,9.59,2869.0,,9.48653839925179,"rgba(38, 166, 154, 1.0)",0.6917631670443898,9.537469604186391,0.07593696559192158,4,0.24105006140258028,0.9642002456103211,0.0,0.0,0.0,0.0,44.93327702867241,-1.5162392801841378,False,True,False,True,False,8.64251520501547
2024-07-24 17:00:00+00:00,9.51,9.54,9.365,9.42,2310.0,,9.483013276470858,"rgba(239, 83, 80, 1.0)",0.6820128396984317,9.531314251691418,-0.1632143050864531,5,0.21883778297186368,1.0941889148593185,0.0,0.0,0.0,0.0,41.68715877315021,-4.459332245011588,False,True,False,True,False,6.869428169797512
2024-07-25 17:00:00+00:00,9.29,9.34,9.195,9.27,3593.0,,9.473753451470241,"rgba(239, 83, 80, 1.0)",0.6709551347093172,9.5169617526057,-0.36807491265819753,5,0.22508890646747978,1.125444532337399,0.0,0.0,0.0,0.0,38.25100979981211,-7.512070494244767,False,True,False,True,False,5.336117798915506
2024-07-26 17:00:00+00:00,9.215,9.285,9.21,9.26,3239.0,,9.465798470122602,"rgba(239, 83, 80, 1.0)",0.657213596718538,9.5050040489294,-0.3727921183504175,6,0.21037677478098085,1.2622606486858852,0.0,0.0,0.0,0.0,35.875869574397534,-9.573790621928467,False,True,False,True,False,5.233894743960832
2024-07-29 17:00:00+00:00,9.24,9.25,9.125,9.195,3032.0,,9.457711296636525,"rgba(239, 83, 80, 1.0)",0.6428898859100295,9.493278996027987,-0.4639659179048436,6,0.21715774808245167,1.30294648849471,0.0,0.0,0.0,0.0,33.714523325267365,-11.500426975744809,False,True,False,True,False,4.562414483694823
2024-07-30 17:00:00+00:00,8.74,8.8,8.66,8.78,4553.0,,9.433944262213348,"rgba(239, 83, 80, 1.0)",0.6289838938627474,9.461023860693473,-1.0827365650193927,6,0.22528098395712967,1.351685903742778,0.0,0.0,0.0,0.0,29.47395151899569,-15.358129256347986,False,True,False,True,False,0.4486851299277923
2024-07-31 17:00:00+00:00,9.13,9.38,9.035,9.26,10878.0,,9.41464829522914,"rgba(239, 83, 80, 1.0)",0.6122071500681773,9.434927260666218,-0.2857321425382525,6,0.23260187452603953,1.3956112471562372,0.0,0.0,0.0,0.0,33.78515695349414,-15.358129256347986,False,True,False,True,True,4.736393732274902
2024-08-01 17:00:00+00:00,8.33,8.585,8.285,8.555,4270.0,,9.390347545845536,"rgba(239, 83, 80, 1.0)",0.5988633603121246,9.404112450934052,-1.4178734369247425,6,0.24054352056502692,1.4432611233901615,0.0,0.0,0.0,0.0,32.28668063826828,-15.358129256347986,False,True,False,True,True,0.0
2024-08-02 17:00:00+00:00,7.87,7.87,7.71,7.715,7813.0,,9.320587192179403,"rgba(239, 83, 80, 1.0)",0.6127141875913115,9.317936727312114,-2.6161247116107167,7,0.22678596687410915,1.587501768118764,0.0,0.0,0.0,0.0,28.42607224266836,-15.416329761931891,False,True,False,True,False,0.0
2024-08-05 17:00:00+00:00,7.56,7.655,7.54,7.64,5702.0,,9.269805620793319,"rgba(239, 83, 80, 1.0)",0.6253081186449193,9.256692820832631,-2.5854339206983323,7,0.2322292649539646,1.6256048546777522,0.0,0.0,0.0,0.0,25.65495361095249,-17.967556626432454,False,True,False,True,False,0.0
2024-08-06 17:00:00+00:00,7.695,7.715,7.53,7.53,2392.0,,9.249362404298605,"rgba(239, 83, 80, 1.0)",0.6449112865872118,9.232361348692235,-2.6396829829121367,7,0.2371198434365019,1.6598389040555133,0.0,0.0,0.0,0.0,23.50543465165707,-20.01649254928514,False,True,False,True,False,0.0
2024-08-07 17:00:00+00:00,7.665,7.68,7.5,7.545,5337.0,,8.933712982982678,"rgba(239, 83, 80, 1.0)",0.6654968339789763,8.951307003265283,-2.1131685854266733,7,0.24231904605694352,1.6962333223986046,0.0,0.0,0.0,0.0,22.257317177077212,-21.33454804504597,False,True,False,True,False,0.0
2024-08-08 17:00:00+00:00,7.765,7.87,7.735,7.79,8229.0,,8.9112782014312,"rgba(239, 83, 80, 1.0)",0.6790401280450962,8.917424312725208,-1.6603205998605342,7,0.24795531937393425,1.7356872356175397,0.0,0.0,0.0,0.0,24.42138942716111,-21.33454804504597,False,True,False,True,False,0.0
2024-08-09 17:00:00+00:00,7.795,7.92,7.725,7.865,10234.0,,8.871183967066301,"rgba(239, 83, 80, 1.0)",0.6910055996435513,8.868364277631986,-1.452034944651045,7,0.2544296857228354,1.781007800059848,0.0,0.0,0.0,0.0,26.746319536749507,-21.33454804504597,False,True,False,True,True,0.0
2024-08-12 17:00:00+00:00,8.155,8.245,8.145,8.2,5351.0,,8.86752386321323,"rgba(239, 83, 80, 1.0)",0.7014449822067789,8.86093265994706,-0.9422444763490019,7,0.26082642085683616,1.825784945997853,0.0,0.0,0.0,0.0,31.89331934491472,-24.57247549506156,False,True,False,True,True,0.0
2024-08-13 17:00:00+00:00,8.23,8.29,8.19,8.215,4205.0,,8.86352504102694,"rgba(239, 83, 80, 1.0)",0.7086241586329127,8.854571572966229,-0.902554005779452,7,0.2673309279545008,1.8713164956815056,0.0,0.0,0.0,0.0,35.47614543885448,-21.228166163614777,False,True,False,True,True,0.0
2024-08-14 17:00:00+00:00,8.185,8.22,8.03,8.21,3222.0,,8.857504511265494,"rgba(239, 83, 80, 1.0)",0.7082186891855629,8.847007197159547,-0.8994498548069827,7,0.273945137252998,1.9176159607709862,0.0,0.0,0.0,0.0,37.822917219287554,-19.000549825121745,False,True,False,True,True,0.0
2024-08-15 17:00:00+00:00,8.54,8.62,8.48,8.57,1804.0,,8.859603979230373,"rgba(239, 83, 80, 1.0)",0.709982248223713,8.848340925731948,-0.39203927482457807,7,0.2806492720878559,1.9645449046149912,0.0,0.0,0.0,0.0,43.0721202760399,-14.079587875109894,False,True,False,True,True,0.0
2024-08-16 17:00:00+00:00,8.555,8.66,8.545,8.63,1519.0,,8.825969006071135,"rgba(38, 166, 154, 1.0)",0.7101601900244062,8.820065999854549,-0.2676382068783892,7,0.2880802962348977,2.016562073644284,0.0,0.0,0.0,0.0,47.11019227649144,-10.369329056971424,False,False,False,False,True,0.2966375344533887
2024-08-19 17:00:00+00:00,8.6,8.6,8.47,8.52,5214.0,,8.81884241320556,"rgba(38, 166, 154, 1.0)",0.7139747389984699,8.812606862936429,-0.40982803305742194,7,0.2952944900068234,2.067061430047764,0.0,0.0,0.0,0.0,48.5702820310575,-8.965867861203826,False,False,False,False,True,0.0
2024-08-20 17:00:00+00:00,7.675,7.925,7.65,7.815,17707.0,,8.674978140197922,"rgba(38, 166, 154, 1.0)",0.7331058942964909,8.672400238606286,-1.1695448710435912,7,0.29490676210862643,2.064347334760385,0.0,0.0,0.0,0.0,43.95465538465649,-8.965867861203826,False,False,False,True,False,0.0
2024-08-21 17:00:00+00:00,7.9,7.905,7.81,7.83,5476.0,,8.654405212751566,"rgba(38, 166, 154, 1.0)",0.7508645347528108,8.650855480113918,-1.0932138117085912,7,0.29294314995540915,2.050602049687864,0.0,0.0,0.0,0.0,41.04585737850124,-8.965867861203826,False,True,False,True,False,0.0
2024-08-22 17:00:00+00:00,7.675,7.81,7.58,7.64,17095.0,,8.580441812838558,"rgba(38, 166, 154, 1.0)",0.7726479741071594,8.574397588546663,-1.209344513750153,7,0.29063421317048677,2.0344394921934073,0.0,0.0,0.0,0.0,37.94094514987724,-4.153756465374499,False,True,False,True,False,0.0
2024-08-23 17:00:00+00:00,7.775,7.775,7.645,7.73,4503.0,,8.565408433635772,"rgba(38, 166, 154, 1.0)",0.7909851025350846,8.55865466040517,-1.0476235996725534,7,0.2884162303043313,2.018913612130319,0.0,0.0,0.0,0.0,37.0143487570544,-5.261959315563985,False,True,False,True,False,0.0
2024-08-26 17:00:00+00:00,7.84,8.02,7.83,7.895,3065.0,,8.559575694723149,"rgba(38, 166, 154, 1.0)",0.8045418538488849,8.552284208122778,-0.8169670788143166,7,0.2863728830686689,2.0046101814806825,0.0,0.0,0.0,0.0,38.425990271070226,-5.261959315563985,False,True,False,True,False,0.0
2024-08-27 17:00:00+00:00,7.75,7.885,7.75,7.87,5211.0,,8.547280164932028,"rgba(38, 166, 154, 1.0)",0.8181339567400788,8.539187092178754,-0.8179431823673274,6,0.3057619718152252,1.8345718308913512,0.0,0.0,0.0,0.0,39.150486072022176,-5.261959315563985,False,True,False,True,False,0.0
2024-08-28 17:00:00+00:00,7.79,7.845,7.74,7.835,3548.0,,8.53859629031096,"rgba(38, 166, 154, 1.0)",0.8318719907588037,8.530003774195801,-0.8354696178216604,6,0.3039246295252433,1.8235477771514597,0.0,0.0,0.0,0.0,39.30584356425563,-5.261959315563985,False,True,False,True,False,0.0
2024-08-29 17:00:00+00:00,7.705,7.725,7.62,7.62,4849.0,,8.522977737448398,"rgba(38, 166, 154, 1.0)",0.8493698671198416,8.513791285597232,-1.0522992634857895,6,0.3009364330991523,1.8056185985949138,0.0,0.0,0.0,0.0,37.516680304217985,-6.394850426747382,False,True,False,True,False,0.0
2024-08-30 17:00:00+00:00,7.36,7.465,7.32,7.415,10397.0,,8.478262078235309,"rgba(239, 83, 80, 1.0)",0.8711137636320503,8.467991215790796,-1.2087872557545414,6,0.2970424640410287,1.782254784246172,0.0,0.0,0.0,0.0,34.81638942392983,-9.336242280091916,False,True,False,True,False,0.0
2024-09-02 17:00:00+00:00,7.415,7.415,7.415,7.415,0.0,,8.478262078235309,"rgba(239, 83, 80, 1.0)",0.8915958564120728,8.467991215790796,-1.18101851664969,6,0.29331666577497245,1.7598999946498348,0.0,0.0,0.0,0.0,33.01619550373772,-11.34461616286002,False,True,False,True,False,0.0
2024-09-03 17:00:00+00:00,6.65,6.67,6.585,6.63,11011.0,,8.39557522212282,"rgba(239, 83, 80, 1.0)",0.9342769907770939,8.384343476451178,-1.8777551986932552,6,0.28377595996691635,1.7026557598014982,0.0,0.0,0.0,0.0,27.968468682141257,-16.246373011681563,False,True,False,True,False,0.0
2024-09-04 17:00:00+00:00,6.74,6.75,6.645,6.645,5607.0,,8.358752931400213,"rgba(239, 83, 80, 1.0)",0.9729850141897586,8.346967912075481,-1.7492231506697713,6,0.27522591886833553,1.6513555132100133,0.0,0.0,0.0,0.0,24.832309723248414,-19.206901624356263,False,True,False,True,False,0.0
2024-09-05 17:00:00+00:00,6.605,6.69,6.59,6.61,7310.0,,8.312325585741823,"rgba(239, 83, 80, 1.0)",1.0081066992720187,8.299802098581573,-1.6762135395011506,6,0.2674439342469574,1.6046636054817442,0.0,0.0,0.0,0.0,22.608611336087204,-21.33425829731755,False,True,False,True,False,0.0
2024-09-06 17:00:00+00:00,6.425,6.625,6.425,6.61,12479.0,,8.236475116674699,"rgba(239, 83, 80, 1.0)",1.0430165106274438,8.222686365828002,-1.5461752996200067,6,0.25988544415060494,1.5593126649036297,0.0,0.0,0.0,0.0,21.126145744646397,-22.849103847190136,False,True,False,True,False,0.0
2024-09-09 17:00:00+00:00,6.505,6.505,6.26,6.275,6989.0,,8.191934998680827,"rgba(239, 83, 80, 1.0)",1.086538295905154,8.17743923610487,-1.7509177939467102,5,0.2800480417956925,1.4002402089784625,0.0,0.0,0.0,0.0,18.88759846539597,-25.125509588238398,False,True,False,True,False,0.0
2024-09-10 17:00:00+00:00,6.0,6.02,5.96,6.005,4801.0,,8.156387775331535,"rgba(239, 83, 80, 1.0)",1.1365123788975615,8.141390820933216,-1.87977787184822,5,0.2688911120166231,1.3444555600831154,0.0,0.0,0.0,0.0,16.637610881185573,-27.414203507432997,False,True,False,True,False,0.0
2024-09-11 17:00:00+00:00,5.93,5.935,5.835,5.86,4713.0,,8.12080698570376,"rgba(239, 83, 80, 1.0)",1.1878207883452927,8.105312200702077,-1.8902785864102734,5,0.25791131179800975,1.2895565589900486,0.0,0.0,0.0,0.0,14.78562522954744,-29.34369007275246,False,True,False,True,False,0.0
2024-09-12 17:00:00+00:00,5.9,5.99,5.78,5.825,19976.0,,7.718683657830221,"rgba(239, 83, 80, 1.0)",1.2363422767281045,7.732524503981482,-1.5428773567701781,5,0.24798708138978914,1.2399354069489457,-1.0,0.0,5.78,245.0,13.465713637285196,-30.816038478452537,False,True,False,True,False,0.0
2024-09-13 17:00:00+00:00,6.065,6.13,5.99,6.09,12324.0,,7.670065463491286,"rgba(239, 83, 80, 1.0)",1.2732896141261223,7.680923180062487,-1.2494590094920088,5,0.24065388690423856,1.2032694345211927,0.0,0.0,0.0,0.0,17.469326377223716,-30.816038478452537,False,True,False,True,True,0.0
2024-09-16 17:00:00+00:00,6.015,6.175,6.0,6.145,3158.0,,7.658025596288357,"rgba(239, 83, 80, 1.0)",1.3077827567064595,7.6682299850922515,-1.1647423681654727,5,0.2342029744420815,1.1710148722104075,0.0,0.0,0.0,0.0,21.056123626538916,-34.910588944121415,False,True,False,True,True,0.0
2024-09-17 17:00:00+00:00,6.26,6.315,6.225,6.26,4214.0,,7.645946686630063,"rgba(239, 83, 80, 1.0)",1.3378105785738699,7.655154527619889,-1.0428640272131415,5,0.2288176777485395,1.1440883887426976,0.0,0.0,0.0,0.0,25.3600813877416,-30.909969904772538,False,True,False,True,True,0.0
2024-09-18 17:00:00+00:00,6.015,6.125,5.89,5.91,1788.0,,7.637690108264478,"rgba(239, 83, 80, 1.0)",1.3749070173311047,7.646649031565951,-1.2631028932684045,4,0.2539648464063097,1.0158593856252387,0.0,0.0,0.0,0.0,25.79593333848127,-30.461037879392705,False,True,False,True,True,0.0
2024-09-19 17:00:00+00:00,6.06,6.145,6.06,6.09,7169.0,,7.610220283753966,"rgba(239, 83, 80, 1.0)",1.4037634358337563,7.618013130119839,-1.088511846878449,3,0.22817459438976076,0.6845237831692823,0.0,0.0,0.0,0.0,28.78987326296607,-27.50784185087172,False,True,False,True,True,0.0
2024-09-20 17:00:00+00:00,6.375,6.42,6.3,6.32,2989.0,,7.60275368339812,"rgba(239, 83, 80, 1.0)",1.4250566987297746,7.609942238521921,-0.9051866074323298,3,0.224079700548545,0.672239101645635,0.0,0.0,0.0,0.0,33.76804334242394,-22.80165626822297,False,False,False,True,True,0.0
2024-09-23 17:00:00+00:00,6.2,6.22,6.15,6.17,5239.0,,7.5852609409325105,"rgba(239, 83, 80, 1.0)",1.4424311247160326,7.591636815789053,-0.985583846208897,3,0.21982030418205298,0.6594609125461589,0.0,0.0,0.0,0.0,35.75411232581078,-20.925476276706767,True,False,False,True,True,0.0
2024-09-24 17:00:00+00:00,6.355,6.405,6.295,6.365,10325.0,,7.559564091278652,"rgba(239, 83, 80, 1.0)",1.4536151330235125,7.564242362391225,-0.8250067952283946,3,0.21669129251721855,0.6500738775516557,0.0,0.0,0.0,0.0,39.448040117957774,-17.40408667447099,True,False,False,True,True,0.0
2024-09-25 17:00:00+00:00,6.075,6.105,6.055,6.1,3936.0,,7.545298414160758,"rgba(239, 83, 80, 1.0)",1.4694817619312799,7.549544206152466,-0.9864322536724711,3,0.21303975273931197,0.6391192582179359,0.0,0.0,0.0,0.0,39.525401132825245,-17.170801130936283,True,False,False,True,True,0.0
2024-09-26 17:00:00+00:00,6.3,6.335,6.22,6.3,7623.0,,7.524608041837821,"rgba(239, 83, 80, 1.0)",1.4809292584281262,7.527879639999712,-0.8291278148579473,3,0.21017655466821805,0.6305296640046542,0.0,0.0,0.0,0.0,41.88575149430751,-14.678846016704753,True,False,False,True,True,0.0
2024-09-27 17:00:00+00:00,6.19,6.2,6.13,6.15,9964.0,,7.493638502701006,"rgba(239, 83, 80, 1.0)",1.4941445019785753,7.495890357756697,-0.9007765687819637,3,0.20714606604289543,0.6214381981286863,0.0,0.0,0.0,0.0,42.0871097295666,-14.150812662771557,True,False,False,True,True,0.0
2024-09-30 17:00:00+00:00,6.35,6.365,6.18,6.265,4374.0,,7.482267395085004,"rgba(239, 83, 80, 1.0)",1.5060625144054642,7.484057225175287,-0.809433349223571,3,0.2047039654976848,0.6141118964930544,0.0,0.0,0.0,0.0,43.57838660628663,-12.350074502078577,True,False,False,True,True,0.0
2024-10-01 17:00:00+00:00,6.275,6.565,6.255,6.525,16282.0,,7.451293562759821,"rgba(239, 83, 80, 1.0)",1.5063423512864835,7.45134372087377,-0.6149622760607049,3,0.20293627801465322,0.6088088340439597,0.0,0.0,0.0,0.0,47.29046972440442,-8.57400602969527,True,False,False,False,True,0.0
2024-10-02 17:00:00+00:00,6.41,6.495,6.36,6.455,7188.0,,7.437679178065125,"rgba(239, 83, 80, 1.0)",1.5062839903084253,7.437073382330364,-0.6519842132354305,3,0.20112389476071632,0.6033716842821489,0.0,0.0,0.0,0.0,48.95956359830084,-6.7962918862945685,True,False,False,False,True,0.0
2024-10-03 17:00:00+00:00,6.575,6.805,6.575,6.76,7247.0,,7.35080751622216,"rgba(38, 166, 154, 1.0)",1.4995225306142728,7.357582331468494,-0.3985150734772205,3,0.20010933601261635,0.600328008037849,0.0,0.0,0.0,0.0,52.90240417186958,-2.947984178216153,True,False,True,False,True,0.0
2024-10-04 17:00:00+00:00,6.78,6.79,6.69,6.725,2430.0,,7.349390666188782,"rgba(38, 166, 154, 1.0)",1.498024224295652,7.355874046676338,-0.42113741316363956,3,0.19905520130984908,0.5971656039295472,0.0,0.0,0.0,0.0,55.07583222013423,-0.8183844346883404,True,False,True,False,True,0.0
2024-10-07 17:00:00+00:00,6.68,6.71,6.54,6.665,4573.0,,7.3414953005059935,"rgba(38, 166, 154, 1.0)",1.485334199661712,7.347853932023872,-0.45973083510727314,3,0.19799516618440496,0.5939854985532149,0.0,0.0,0.0,0.0,55.702370762033624,-0.046781195817558796,True,False,True,False,True,0.0
2024-10-08 17:00:00+00:00,6.35,6.42,6.31,6.4,8659.0,,7.312840724785541,"rgba(38, 166, 154, 1.0)",1.4726117480043321,7.319820248181344,-0.6246183010748585,3,0.19644374515589672,0.5893312354676902,0.0,0.0,0.0,0.0,52.87320131678257,-0.046781195817558796,True,False,True,False,False,0.0
2024-10-09 17:00:00+00:00,6.32,6.39,6.315,6.325,4858.0,,7.29954510149857,"rgba(38, 166, 154, 1.0)",1.462081100399071,7.306596970479316,-0.671369714177546,2,0.22501483258530935,0.4500296651706187,0.0,0.0,0.0,0.0,50.17435485668892,-0.046781195817558796,True,False,False,False,False,0.0
2024-10-10 17:00:00+00:00,6.485,6.6,6.445,6.565,6869.0,,7.290734216862585,"rgba(38, 166, 154, 1.0)",1.4447374991469752,7.297265682171949,-0.5068503327450863,2,0.2233979934289808,0.4467959868579616,0.0,0.0,0.0,0.0,51.260778534996966,-0.046781195817558796,True,False,False,False,False,0.0
2024-10-11 17:00:00+00:00,6.575,6.615,6.55,6.6,7490.0,,7.283234423914603,"rgba(38, 166, 154, 1.0)",1.4372458114472062,7.289133461919661,-0.4794819761734093,2,0.22193550719948707,0.44387101439897414,0.0,0.0,0.0,0.0,52.374263013457295,-0.046781195817558796,True,False,True,False,False,0.0
2024-10-14 17:00:00+00:00,6.57,6.585,6.455,6.56,9983.0,,7.270523563058325,"rgba(38, 166, 154, 1.0)",1.430369091786716,7.2757978329281325,-0.5004287613863418,2,0.2204702495733516,0.4409404991467032,0.0,0.0,0.0,0.0,52.54816550381403,-0.046781195817558796,True,False,True,False,False,0.0
2024-10-15 17:00:00+00:00,6.36,6.37,6.245,6.31,8764.0,,7.251629422525194,"rgba(38, 166, 154, 1.0)",1.420852982612281,7.256746906480359,-0.6663229187440185,1,0.20785943117580802,0.20785943117580802,0.0,0.0,0.0,0.0,49.48936880847844,4.501421455185955,True,False,False,False,False,0.0
2024-10-16 17:00:00+00:00,6.24,6.315,6.24,6.24,5549.0,,7.239503235515244,"rgba(38, 166, 154, 1.0)",1.404929663848115,7.2445252716706445,-0.7150004000337217,1,0.20645412441315203,0.20645412441315203,0.0,0.0,0.0,0.0,46.67420386082267,1.7021061604181398,True,False,False,True,False,0.0
2024-10-17 17:00:00+00:00,6.255,6.33,6.245,6.295,8128.0,,7.223482207135628,"rgba(38, 166, 154, 1.0)",1.3861485854340863,7.22829409502067,-0.6733001821218179,1,0.20529091418449003,0.20529091418449003,0.0,0.0,0.0,0.0,45.68755374504609,0.6231487420836856,True,False,False,True,False,0.0
2024-10-18 17:00:00+00:00,6.265,6.31,6.2,6.27,5580.0,,7.2124186477978345,"rgba(38, 166, 154, 1.0)",1.3705829725648508,7.217093445829745,-0.6910150387009367,1,0.20424517819404084,0.20424517819404084,0.0,0.0,0.0,0.0,44.69992570989787,-0.5222169630682529,True,False,False,True,False,0.0
2024-10-21 17:00:00+00:00,6.21,6.33,6.21,6.32,5948.0,,7.201614996328036,"rgba(38, 166, 154, 1.0)",1.3493729508035868,7.206112420492144,-0.6566845881744117,1,0.20306814339786944,0.20306814339786944,0.0,0.0,0.0,0.0,44.96680743967963,-0.5222169630682529,True,False,False,True,False,0.0
2024-10-22 17:00:00+00:00,6.38,6.4,6.32,6.36,4589.0,,7.1946493903420725,"rgba(38, 166, 154, 1.0)",1.3340718945468564,7.198967467020954,-0.6288772520059164,1,0.20188628797889852,0.20188628797889852,0.0,0.0,0.0,0.0,45.90401829034491,-0.5222169630682529,True,False,False,True,False,0.0
2024-10-23 17:00:00+00:00,6.23,6.295,6.195,6.27,4102.0,,7.187136672645453,"rgba(38, 166, 154, 1.0)",1.3125324946642536,7.191344215031823,-0.7019591657938374,1,0.20075776222810943,0.20075776222810943,0.0,0.0,0.0,0.0,45.00509805539987,-0.9836222194754995,True,False,False,True,False,0.0
2024-10-24 17:00:00+00:00,6.375,6.435,6.36,6.41,4845.0,,7.180745208971085,"rgba(38, 166, 154, 1.0)",1.2841721208763472,7.184745025428209,-0.6033031030914345,0,,,0.0,0.0,0.0,0.0,47.12085129700497,-0.9836222194754995,True,False,False,True,True,0.0
2024-10-25 17:00:00+00:00,6.345,6.405,6.34,6.38,7319.0,,7.170712603111602,"rgba(38, 166, 154, 1.0)",1.256815563382464,7.174428141673897,-0.6320960408350254,0,,,0.0,0.0,0.0,0.0,47.95931277599844,-0.9836222194754995,True,False,False,False,True,0.0
2024-10-28 17:00:00+00:00,6.24,6.255,6.205,6.205,3134.0,,7.165073055507005,"rgba(38, 166, 154, 1.0)",1.2248368157535297,7.1687138258514,-0.7868099761995767,0,,,0.0,0.0,0.0,0.0,45.542370282894666,-0.9836222194754995,True,False,False,True,False,0.0
2024-10-29 17:00:00+00:00,6.255,6.315,6.24,6.295,3012.0,,7.160286477569973,"rgba(38, 166, 154, 1.0)",1.1922605979119474,7.163837942140835,-0.7287315740052674,0,,,0.0,0.0,0.0,0.0,45.7939225966671,-0.9836222194754995,True,False,False,True,False,0.0
2024-10-30 17:00:00+00:00,6.325,6.33,6.29,6.32,9040.0,,7.147080654170679,"rgba(38, 166, 154, 1.0)",1.1563034920667616,7.1503441637305585,-0.7181022710970214,0,,,0.0,0.0,0.0,0.0,46.473807873147194,-0.9836222194754995,True,False,False,True,False,0.0
2024-10-31 17:00:00+00:00,6.26,6.4,6.26,6.345,2987.0,,7.143007542436411,"rgba(38, 166, 154, 1.0)",1.113120247181187,7.146172652817755,-0.7197539123437987,0,,,0.0,0.0,0.0,0.0,47.469330246417925,-0.9836222194754995,True,False,False,True,True,0.0
2024-11-01 17:00:00+00:00,6.31,6.31,6.15,6.15,7176.0,,7.130861261839521,"rgba(38, 166, 154, 1.0)",1.0797576972102154,7.133863786498303,-0.9111894168852184,0,,,0.0,0.0,0.0,0.0,44.59078235724748,-2.000234823328114,True,False,False,True,False,0.0
2024-11-04 17:00:00+00:00,6.9,6.96,6.42,6.48,10175.0,,7.074797274584471,"rgba(38, 166, 154, 1.0)",1.0402016090102006,7.081654493250895,-0.5784018098408789,0,,,0.0,0.0,0.0,0.0,48.59061226417233,-5.122985996159983,True,False,False,False,True,0.0
2024-11-05 17:00:00+00:00,6.405,6.445,6.33,6.395,16759.0,,7.043668759316891,"rgba(38, 166, 154, 1.0)",1.001083120632067,7.051182968479956,-0.6554730121367477,0,,,0.0,0.0,0.0,0.0,49.79348124520284,-4.0868138650002805,True,False,False,False,True,0.0
2024-11-06 17:00:00+00:00,6.52,6.82,6.51,6.73,11565.0,,7.0461484946756965,"rgba(38, 166, 154, 1.0)",0.9623338607050482,7.052588517641476,-0.3352147636217782,0,,,0.0,0.0,0.0,0.0,54.67396243483958,0.3541450261635859,True,False,True,False,True,0.0
2024-11-07 17:00:00+00:00,6.76,6.79,6.64,6.695,6639.0,,7.046671895076943,"rgba(38, 166, 154, 1.0)",0.9258794553103497,7.052616912033873,-0.38624564999555083,0,,,0.0,0.0,0.0,0.0,57.300286326528955,2.6093349540084247,True,False,True,False,True,0.0
2024-11-08 17:00:00+00:00,6.355,6.41,6.335,6.375,5619.0,,7.039025061132525,"rgba(38, 166, 154, 1.0)",0.8889092313738485,7.044987600145186,-0.7537188010857874,0,,,0.0,0.0,0.0,0.0,54.234209499825305,2.6093349540084247,True,False,True,False,False,0.0
2024-11-11 17:00:00+00:00,6.22,6.28,6.09,6.225,8833.0,,7.022348260866275,"rgba(38, 166, 154, 1.0)",0.8523998871231697,7.028540428794319,-0.9426801210711674,0,,,0.0,0.0,0.0,0.0,50.44892402992513,5.9011584779429285,True,False,False,False,False,0.0
2024-11-12 17:00:00+00:00,6.085,6.18,6.085,6.14,14567.0,,6.995341602189913,"rgba(239, 83, 80, 1.0)",0.8277950196725152,7.001808389821656,-1.0410891215105371,0,,,0.0,0.0,0.0,0.0,46.999976572522854,2.838080523315192,False,False,False,True,False,0.0
2024-11-13 17:00:00+00:00,6.135,6.26,6.115,6.125,11239.0,,6.977964060198514,"rgba(239, 83, 80, 1.0)",0.7830647689894229,6.9844563570407425,-1.097554622652614,0,,,0.0,0.0,0.0,0.0,44.53103080563659,0.6294616568615652,False,False,False,True,False,0.0
2024-11-14 17:00:00+00:00,6.205,6.28,6.19,6.275,8387.0,,6.967858880399772,"rgba(239, 83, 80, 1.0)",0.7587244986586968,6.9742517148209435,-0.9216147838340636,0,,,0.0,0.0,0.0,0.0,45.40076349046146,0.6294616568615652,False,False,False,True,False,0.0
2024-11-15 17:00:00+00:00,6.14,6.145,6.02,6.085,3518.0,,6.882227719838029,"rgba(239, 83, 80, 1.0)",0.7552307206685039,6.8947598374896915,-1.0722019315804847,0,,,0.0,0.0,0.0,0.0,43.605824154101846,-0.3447558939496105,False,True,False,True,False,0.0
2024-11-18 17:00:00+00:00,6.245,6.265,6.17,6.235,6086.0,,6.883665904048734,"rgba(239, 83, 80, 1.0)",0.7507475253684647,6.8954047668069345,-0.8796629286028075,0,,,0.0,0.0,0.0,0.0,44.7754133792706,-0.3447558939496105,False,True,False,True,False,0.0
2024-11-19 17:00:00+00:00,6.2,6.205,6.115,6.15,6161.0,,6.875622385424594,"rgba(239, 83, 80, 1.0)",0.7482876367997898,6.887307802028576,-0.98532671898981,0,,,0.0,0.0,0.0,0.0,44.453431219118414,-0.3447558939496105,False,True,False,True,False,0.0
2024-11-20 17:00:00+00:00,6.17,6.19,6.1,6.165,5190.0,,6.8691112118473034,"rgba(239, 83, 80, 1.0)",0.7449840254651272,6.880737214873779,-0.9607416943295018,0,,,0.0,0.0,0.0,0.0,44.49604844185164,-0.3447558939496105,False,True,False,True,False,0.0
2024-11-21 17:00:00+00:00,6.27,6.285,6.22,6.245,5208.0,,6.865829605780056,"rgba(239, 83, 80, 1.0)",0.7361239307626596,6.877203177394963,-0.8588270955136189,0,,,0.0,0.0,0.0,0.0,45.930972483820995,-0.3447558939496105,False,True,False,True,False,0.0
2024-11-22 17:00:00+00:00,6.255,6.43,6.245,6.38,10923.0,,6.862992616347486,"rgba(239, 83, 80, 1.0)",0.7240444650623433,6.873672825202681,-0.6818266681455456,0,,,0.0,0.0,0.0,0.0,49.04291652058781,-0.3447558939496105,False,False,False,False,True,0.0
2024-11-25 17:00:00+00:00,6.07,6.125,6.025,6.025,7267.0,,6.851018486503194,"rgba(239, 83, 80, 1.0)",0.7053796051683203,6.861819699839475,-1.1863395166348616,0,,,0.0,0.0,0.0,0.0,46.10684676346791,-0.3447558939496105,False,True,False,True,False,0.0
2024-11-26 17:00:00+00:00,6.225,6.23,6.105,6.145,9227.0,,6.840818419821975,"rgba(239, 83, 80, 1.0)",0.6832340490386835,6.851504032697494,-1.0340585831334839,0,,,0.0,0.0,0.0,0.0,46.016888300631365,-0.3447558939496105,False,True,False,True,False,0.0
2024-11-27 17:00:00+00:00,6.505,6.8,6.48,6.76,24233.0,,6.855244672255979,"rgba(38, 166, 154, 1.0)",0.6575678158429448,6.86386680507945,-0.1579560352209483,0,,,0.0,0.0,0.0,0.0,52.291135452614384,-2.685115467996681,True,False,True,False,True,0.0
2024-11-28 17:00:00+00:00,6.76,6.76,6.76,6.76,0.0,,6.855244672255979,"rgba(38, 166, 154, 1.0)",0.6160921380139105,6.86386680507945,-0.16858972655337645,0,,,0.0,0.0,0.0,0.0,56.47396688726974,1.0585924877344723,True,False,True,False,True,0.0
2024-11-29 17:00:00+00:00,6.815,6.92,6.795,6.905,1750.0,,6.856937569002493,"rgba(38, 166, 154, 1.0)",0.568636047885626,6.865400302460356,0.06963979453446403,0,,,0.0,0.0,0.0,0.0,60.37323127521497,4.503506386355106,True,False,True,False,True,0.0
2024-12-02 17:00:00+00:00,6.83,6.94,6.79,6.83,13699.0,,6.867625188536309,"rgba(38, 166, 154, 1.0)",0.5210088792451446,6.875024100158767,-0.08641714556573332,0,,,0.0,0.0,0.0,0.0,61.785100369401164,5.718193253509327,True,False,True,False,True,0.0
2024-12-03 17:00:00+00:00,6.79,6.855,6.755,6.77,12013.0,,6.873162285443775,"rgba(38, 166, 154, 1.0)",0.49964822760756483,6.879868259788132,-0.21989122289937535,0,,,0.0,0.0,0.0,0.0,61.75884259171237,5.805789357386871,True,False,True,False,True,0.0
2024-12-04 17:00:00+00:00,6.62,6.67,6.58,6.61,13164.0,,6.872318711625658,"rgba(38, 166, 154, 1.0)",0.4754871849620059,6.878585475700159,-0.5648637527878287,0,,,0.0,0.0,0.0,0.0,59.298454356842946,5.805789357386871,True,False,True,False,False,0.0
2024-12-05 17:00:00+00:00,6.55,6.615,6.515,6.595,14143.0,,6.869506442577995,"rgba(38, 166, 154, 1.0)",0.45648196435764443,6.875408162941482,-0.6142809241895654,0,,,0.0,0.0,0.0,0.0,57.433956515731495,5.805789357386871,True,False,True,False,False,0.0
2024-12-06 17:00:00+00:00,6.45,6.505,6.36,6.44,11472.0,,6.863507464381107,"rgba(38, 166, 154, 1.0)",0.4325520121826662,6.869259736070116,-0.99238871622412,0,,,0.0,0.0,0.0,0.0,53.94013138509714,9.797065653724076,True,False,True,False,False,0.0
2024-12-09 17:00:00+00:00,6.985,7.005,6.785,6.87,11733.0,,6.870475238787279,"rgba(38, 166, 154, 1.0)",0.401905405481172,6.875194263431817,-0.01292409447839712,0,,,0.0,0.0,0.0,0.0,56.5941957495214,9.797065653724076,True,False,True,False,False,0.0
2024-12-10 17:00:00+00:00,6.86,6.93,6.81,6.89,5136.0,,6.872133907508759,"rgba(38, 166, 154, 1.0)",0.3698507490550845,6.876696700909117,0.035969371766504096,0,,,0.0,0.0,0.0,0.0,58.54811829095167,9.797065653724076,True,False,True,False,True,0.0
2024-12-11 17:00:00+00:00,6.85,6.93,6.805,6.925,10216.0,,6.875931045829025,"rgba(38, 166, 154, 1.0)",0.3369099780851912,6.880156107725639,0.1331034851779368,0,,,0.0,0.0,0.0,0.0,60.19882017994044,4.340460997479418,True,False,True,False,True,0.31411680961436517
2024-12-12 17:00:00+00:00,6.67,6.75,6.655,6.685,5894.0,,6.873031411483776,"rgba(38, 166, 154, 1.0)",0.308262319555421,6.877342857822361,-0.6239583809651481,0,,,0.0,0.0,0.0,0.0,57.55993876453874,4.340460997479418,True,False,True,False,True,0.0
2024-12-13 17:00:00+00:00,6.64,6.775,6.62,6.75,8943.0,,6.870684321251082,"rgba(38, 166, 154, 1.0)",0.28800455139051634,6.874988914670012,-0.43398242863368713,1,0.23245255083719754,0.23245255083719754,0.0,0.0,0.0,0.0,56.61311627905052,4.340460997479418,True,False,True,False,False,0.0
2024-12-16 17:00:00+00:00,6.7,6.73,6.665,6.695,2131.0,,6.870112294536235,"rgba(38, 166, 154, 1.0)",0.2649981641956376,6.874413049210517,-0.6770350645827995,1,0.24334950656531323,0.24334950656531323,0.0,0.0,0.0,0.0,55.136172294105265,4.340460997479418,True,False,True,False,False,0.0
2024-12-17 17:00:00+00:00,6.5,6.655,6.49,6.575,4566.0,,6.867062437914541,"rgba(38, 166, 154, 1.0)",0.26441845078804205,6.8714415008221446,-1.1211074716558718,1,0.2518584890551969,0.2518584890551969,0.0,0.0,0.0,0.0,52.37419585432191,7.835917837699036,False,False,False,False,False,0.0
2024-12-18 17:00:00+00:00,6.415,6.48,6.245,6.315,2808.0,,6.823476907031194,"rgba(38, 166, 154, 1.0)",0.2629550024878106,6.830510847002912,-1.9604527091162982,1,0.26689818760263007,0.26689818760263007,0.0,0.0,0.0,0.0,47.41886729815086,3.1213054746373814,False,True,False,True,False,0.0
2024-12-19 17:00:00+00:00,6.435,6.45,6.25,6.285,5440.0,,6.8159431936581365,"rgba(38, 166, 154, 1.0)",0.2619777860055917,6.823227220350944,-2.0544765590906082,1,0.2757628582343876,0.2757628582343876,0.0,0.0,0.0,0.0,43.79986034926804,-0.2098399428266049,False,True,False,True,False,0.0
2024-12-20 17:00:00+00:00,6.58,6.64,6.485,6.54,11240.0,,6.8207546342732535,"rgba(38, 166, 154, 1.0)",0.2612961455431498,6.827336177729456,-1.099657161540509,1,0.278690678715859,0.278690678715859,0.0,0.0,0.0,0.0,45.49742015181029,-0.2098399428266049,False,True,False,True,False,0.0
2024-12-23 17:00:00+00:00,6.435,6.435,6.435,6.435,0.0,,6.8207546342732535,"rgba(38, 166, 154, 1.0)",0.26103066679806075,6.827336177729456,-1.5030271444426737,1,0.2811925487406966,0.2811925487406966,0.0,0.0,0.0,0.0,45.28290291987717,-0.2098399428266049,False,True,False,True,False,0.0
2024-12-24 17:00:00+00:00,6.985,7.09,6.985,7.045,15136.0,,6.852254885326185,"rgba(38, 166, 154, 1.0)",0.2679350465863325,6.856752536109333,0.7025861912768131,1,0.2830271463623112,0.2830271463623112,0.0,0.0,0.0,0.0,51.584533292530075,-4.666861754456164,False,False,True,False,True,1.9289586555709697
2024-12-25 17:00:00+00:00,7.045,7.045,7.045,7.045,0.0,,6.852254885326185,"rgba(38, 166, 154, 1.0)",0.2704691119898375,6.856752536109333,0.6960035565826088,2,0.28856992382623814,0.5771398476524763,0.0,0.0,0.0,0.0,55.78562020763201,-0.825430934700222,True,False,True,False,True,1.9289586555709697
2024-12-26 17:00:00+00:00,7.32,7.33,7.12,7.245,4511.0,,6.862014748986963,"rgba(38, 166, 154, 1.0)",0.27800750200525454,6.865937862236722,1.3634960748509362,2,0.29164708752846386,0.5832941750569277,0.0,0.0,0.0,0.0,60.1024580107346,3.09398523276397,True,False,True,False,True,3.7841661865247858
2024-12-27 17:00:00+00:00,6.94,7.235,6.915,7.195,14668.0,,6.8805708502584135,"rgba(38, 166, 154, 1.0)",0.28846726046536125,6.883413706568594,1.0801443911823791,2,0.2956580294468569,0.5913160588937137,0.0,0.0,0.0,0.0,62.19015225124994,4.998899113538016,True,False,True,False,True,3.2771797913963177
2024-12-30 17:00:00+00:00,7.145,7.275,6.73,6.75,12033.0,,6.884611932071605,"rgba(38, 166, 154, 1.0)",0.28824043704792646,6.887164099571736,-0.4758669566856416,2,0.3044301612242081,0.6088603224484161,0.0,0.0,0.0,0.0,57.903730301772825,4.998899113538016,True,False,True,False,False,0.0
2024-12-31 17:00:00+00:00,7.18,7.315,7.105,7.315,6545.0,,6.893126760212618,"rgba(38, 166, 154, 1.0)",0.3036996649430427,6.895246201552632,1.3821345457397571,3,0.2820464385682248,0.8461393157046744,0.0,0.0,0.0,0.0,59.577196090639866,4.998899113538016,True,False,True,False,False,4.031819521426755
2025-01-01 17:00:00+00:00,7.315,7.315,7.315,7.315,0.0,,6.893126760212618,"rgba(38, 166, 154, 1.0)",0.3116925604698994,6.895246201552632,1.3466917459132135,4,0.39555757160865734,1.5822302864346294,0.0,0.0,0.0,0.0,60.69283994988456,4.998899113538016,True,False,True,False,False,4.031819521426765
2025-01-02 17:00:00+00:00,7.5,7.535,7.36,7.51,5107.0,,6.902629620987842,"rgba(38, 166, 154, 1.0)",0.32954011088896906,6.904299011355727,1.8380190108279406,4,0.4136150995523885,1.654460398209554,0.0,0.0,0.0,0.0,62.73293400799167,5.609715951494074,True,False,True,False,True,5.694512979135872
2025-01-03 17:00:00+00:00,7.53,7.725,7.51,7.705,17346.0,,6.9390422478899305,"rgba(38, 166, 154, 1.0)",0.3563894519222903,6.939116938328658,2.1490059751777975,4,0.4334659619224983,1.7338638476899932,0.0,0.0,0.0,0.0,65.26061280040952,8.294207712631746,True,False,True,False,True,7.31270334364654
2025-01-06 17:00:00+00:00,7.575,7.575,7.46,7.49,8155.0,,6.951095105013735,"rgba(38, 166, 154, 1.0)",0.3706908573349772,6.950678483182289,1.4549091409890103,4,0.4565512597677365,1.826205039070946,0.0,0.0,0.0,0.0,64.23234636936238,8.294207712631746,True,False,True,False,True,5.205795619838746
2025-01-07 17:00:00+00:00,7.51,7.61,7.51,7.555,17631.0,,6.976458939497913,"rgba(38, 166, 154, 1.0)",0.3878515319176131,6.975076088539837,1.4952214023569954,4,0.4615045778359007,1.8460183113436028,0.0,0.0,0.0,0.0,64.0244557820833,8.294207712631746,True,False,True,False,True,5.752598698422375
2025-01-08 17:00:00+00:00,7.54,7.61,7.45,7.6,31349.0,,7.013842461751368,"rgba(38, 166, 154, 1.0)",0.40205774763391955,7.011202853637454,1.4644591475417992,4,0.4661624757605012,1.8646499030420047,0.0,0.0,0.0,0.0,64.23350595032335,8.467724012829002,True,False,True,False,True,6.133744500752975
2025-01-09 17:00:00+00:00,7.6,7.6,7.6,7.6,0.0,,7.013842461751368,"rgba(38, 166, 154, 1.0)",0.41741285976299686,7.011202853637454,1.410586982626408,4,0.4669168633375248,1.8676674533500992,0.0,0.0,0.0,0.0,64.37287272915006,9.144330817756583,True,False,True,False,True,6.133744500752975
2025-01-10 17:00:00+00:00,7.79,7.9,7.78,7.86,5062.0,,7.022235915008547,"rgba(38, 166, 154, 1.0)",0.4386337305196409,7.019327953748428,1.9165695379961867,4,0.464060616038394,1.856242464153576,0.0,0.0,0.0,0.0,66.50725012846016,11.618245770295971,True,False,True,False,True,8.34101244967756
2025-01-13 17:00:00+00:00,7.825,7.84,7.65,7.685,3245.0,,7.026686611698228,"rgba(38, 166, 154, 1.0)",0.4533570674762418,7.023641599149788,1.4588024502008454,4,0.4686826910215959,1.8747307640863835,0.0,0.0,0.0,0.0,65.19402386709362,11.618245770295971,True,False,True,False,True,6.545909366856797
2025-01-14 17:00:00+00:00,7.745,7.745,7.52,7.565,12033.0,,7.039805838752819,"rgba(38, 166, 154, 1.0)",0.4654651649907291,7.036381321597558,1.135678280914902,4,0.4752269350632492,1.9009077402529968,0.0,0.0,0.0,0.0,62.60583162121207,11.618245770295971,True,False,True,False,False,5.335162321533545
2025-01-15 17:00:00+00:00,7.82,8.04,7.82,8.0,12397.0,7.953333333333333,7.1242025355614915,"rgba(38, 166, 154, 1.0)",0.4899858611676164,7.116192975998927,1.8037398505642528,4,0.47101489871132973,1.884059594845319,0.0,0.0,0.0,0.0,64.44041084194417,11.618245770295971,True,False,True,False,False,8.961991814320449
2025-01-16 17:00:00+00:00,7.675,7.7,7.595,7.65,5927.0,7.8546793822309535,7.122792772547035,"rgba(38, 166, 154, 1.0)",0.5026433908631492,7.115136121319642,1.0641020819191105,4,0.4704238342161511,1.8816953368646043,0.0,0.0,0.0,0.0,61.46192213994412,15.978711806416982,True,False,True,False,False,5.520302840474255
2025-01-17 17:00:00+00:00,7.49,7.49,7.285,7.375,8938.0,7.700145929621205,7.116022475219434,"rgba(38, 166, 154, 1.0)",0.50884493823875,7.109042632259466,0.5226687891621457,4,0.47102777039522986,1.8841110815809194,0.0,0.0,0.0,0.0,56.87519387930749,11.720693852753918,False,False,True,False,False,2.9582416576121844
2025-01-20 17:00:00+00:00,7.375,7.375,7.375,7.375,0.0,7.700145929621205,7.116022475219434,"rgba(38, 166, 154, 1.0)",0.5148061123698506,7.109042632259466,0.5166165695201833,4,0.47163434740117827,1.886537389604713,0.0,0.0,0.0,0.0,53.81737503888306,8.985211493897154,False,True,True,False,False,2.9582416576121844
2025-01-21 17:00:00+00:00,6.835,6.925,6.665,6.735,5877.0,7.536076928493113,7.101178713676233,"rgba(239, 83, 80, 1.0)",0.5135605967035559,7.095095678589614,-0.7011746635177956,4,0.4714836910406437,1.8859347641625748,0.0,0.0,0.0,0.0,47.12264694082863,2.9595380956509203,False,True,False,True,False,0.0
2025-01-22 17:00:00+00:00,6.775,6.865,6.69,6.73,3457.0,7.46292313367581,7.09409620693434,"rgba(239, 83, 80, 1.0)",0.5115702905390304,7.088428205906236,-0.7006431228220217,5,0.5244071512518058,2.622035756259029,0.0,0.0,0.0,0.0,42.6306293523325,-0.8885583723112518,False,True,False,True,False,0.0
2025-01-23 17:00:00+00:00,6.735,6.765,6.59,6.615,3928.0,7.38477252163327,7.085790334635495,"rgba(239, 83, 80, 1.0)",0.5114026110909646,7.080584269778443,-0.910406516668387,5,0.5244068324029628,2.622034162014814,0.0,0.0,0.0,0.0,38.93737496838131,-4.05961029173983,False,True,False,True,False,0.0
2025-01-24 17:00:00+00:00,6.235,6.315,6.125,6.275,14306.0,7.085648702048756,7.045740351083962,"rgba(239, 83, 80, 1.0)",0.5137810905522262,7.042484695339895,-1.4937970848926743,5,0.5232233276734822,2.6161166383674113,0.0,0.0,0.0,0.0,34.670322994401744,-7.845868080622132,False,True,False,True,False,0.0
2025-01-27 17:00:00+00:00,6.045,6.07,5.875,5.935,6305.0,6.969557836482101,7.026965604588978,"rgba(239, 83, 80, 1.0)",0.521308618455231,7.02453680204333,-2.090003432653584,5,0.5196446332167888,2.598223166083944,0.0,0.0,0.0,0.0,30.41578914571799,-11.666592622974306,False,True,False,True,False,0.0
2025-01-28 17:00:00+00:00,5.79,5.87,5.76,5.76,16413.0,6.721315937655817,6.9794521769263165,"rgba(239, 83, 80, 1.0)",0.5307180840000751,6.978937771330625,-2.2967707490639286,5,0.516008788174968,2.58004394087484,0.0,0.0,0.0,0.0,26.953808317892964,-14.82144214121692,False,True,False,True,False,0.0
2025-01-29 17:00:00+00:00,5.685,5.78,5.65,5.77,5902.0,6.651440882764129,6.963746087039196,"rgba(239, 83, 80, 1.0)",0.538902162308305,6.963813946203355,-2.21527028410841,5,0.5145721943783084,2.572860971891542,0.0,0.0,0.0,0.0,24.79183481391531,-16.899644238299672,False,True,False,True,False,0.0
2025-01-30 17:00:00+00:00,5.735,5.835,5.67,5.74,6490.0,6.586273348899265,6.947764831428751,"rgba(239, 83, 80, 1.0)",0.5481446346910338,6.948399149530254,-2.2045260922993033,5,0.5131723658995078,2.565861829497539,0.0,0.0,0.0,0.0,23.226680229438635,-18.587010501827343,False,True,False,True,False,0.0
2025-01-31 17:00:00+00:00,5.845,5.895,5.685,5.69,3792.0,6.55271097384031,6.938939435879734,"rgba(239, 83, 80, 1.0)",0.5580603312665753,6.939875402314203,-2.239677920624607,5,0.5075875240915169,2.5379376204575843,0.0,0.0,0.0,0.0,21.96276423872878,-20.13020273880821,False,True,False,True,False,0.0
2025-02-03 17:00:00+00:00,5.645,5.675,5.565,5.59,17375.0,6.405289090696355,6.810939699976381,"rgba(239, 83, 80, 1.0)",0.5705767431466572,6.818461748446651,-2.1530175619704432,5,0.49994931051357205,2.4997465525678604,0.0,0.0,0.0,0.0,20.67348048672417,-21.785576234124328,False,True,False,True,False,0.0
2025-02-04 17:00:00+00:00,5.86,5.89,5.8,5.89,7240.0,6.3719304671854795,6.804170934310642,"rgba(239, 83, 80, 1.0)",0.5765343648681321,6.811668514430911,-1.5986358673376222,5,0.4964660624425926,2.482330312212963,0.0,0.0,0.0,0.0,24.967822477529996,-21.785576234124328,False,True,False,True,True,0.0
2025-02-05 17:00:00+00:00,5.79,5.825,5.715,5.78,4487.0,6.350064328009075,6.7974259043661815,"rgba(239, 83, 80, 1.0)",0.5837433565414968,6.8050483455439315,-1.755991454218911,5,0.4947262495962292,2.473631247981146,0.0,0.0,0.0,0.0,27.022632903029162,-21.785576234124328,False,True,False,True,True,0.0
2025-02-06 17:00:00+00:00,5.705,5.75,5.625,5.69,9386.0,6.303089535118237,6.780509870304152,"rgba(239, 83, 80, 1.0)",0.5936357818068824,6.78853131158691,-1.8505139771784789,5,0.4898181400546546,2.449090700273273,0.0,0.0,0.0,0.0,27.74546362307273,-21.785576234124328,False,True,False,True,True,0.0
2025-02-07 17:00:00+00:00,5.595,5.69,5.59,5.68,4082.0,6.283630504321286,6.772985630515018,"rgba(239, 83, 80, 1.0)",0.6032630639483503,6.781186453351301,-1.8253835170083978,5,0.48349409132016863,2.417470456600843,0.0,0.0,0.0,0.0,28.1520998795967,-21.785576234124328,False,True,False,True,True,0.0
2025-02-10 17:00:00+00:00,5.805,5.885,5.805,5.855,5589.0,6.266484414092507,6.766355603629663,"rgba(239, 83, 80, 1.0)",0.6079650890878331,6.774637555945749,-1.5126486248174822,5,0.48055984029679105,2.402799201483955,0.0,0.0,0.0,0.0,31.551954275271985,-24.754374317518476,False,True,False,True,True,0.0
2025-02-11 17:00:00+00:00,5.965,6.0,5.76,5.77,4965.0,6.252178256251021,6.7030479557337,"rgba(239, 83, 80, 1.0)",0.6148545715404347,6.677850737306991,-1.4765292141074833,5,0.4757261114680912,2.378630557340456,0.0,0.0,0.0,0.0,32.95764295477203,-23.106480848988763,False,True,False,True,True,0.0
2025-02-12 17:00:00+00:00,5.63,5.715,5.6,5.64,6493.0,6.226751799272682,6.68575268535203,"rgba(239, 83, 80, 1.0)",0.6243198100535116,6.660590704937368,-1.634724204650645,5,0.470710732164173,2.353553660820865,0.0,0.0,0.0,0.0,32.656740024829105,-23.039898054796556,False,True,False,True,True,0.0
2025-02-13 17:00:00+00:00,5.65,5.7,5.645,5.665,4935.0,6.2093933162332675,6.677048164070287,"rgba(239, 83, 80, 1.0)",0.6331494422458602,6.651914323459172,-1.5587383603442238,5,0.4651575778513152,2.325787889256576,0.0,0.0,0.0,0.0,32.95374061965042,-22.309541132825863,False,True,False,True,True,0.0
2025-02-14 17:00:00+00:00,5.685,5.775,5.63,5.765,4777.0,6.195153807470822,6.670708981206399,"rgba(239, 83, 80, 1.0)",0.6384237204606942,6.64560530972244,-1.3793430311251365,5,0.46177274479184716,2.308863723959236,0.0,0.0,0.0,0.0,35.144712848846325,-19.849786807074896,False,True,False,True,True,0.0
2025-02-17 17:00:00+00:00,5.765,5.765,5.765,5.765,0.0,6.195153807470822,6.670708981206399,"rgba(239, 83, 80, 1.0)",0.6455306288572377,6.64560530972244,-1.3641572844984107,5,0.45792646925692726,2.289632346284636,0.0,0.0,0.0,0.0,36.605361001643594,-18.163402941525263,False,True,False,True,True,0.0
2025-02-18 17:00:00+00:00,5.84,5.945,5.77,5.81,4804.0,6.185037629444294,6.6670983925398595,"rgba(239, 83, 80, 1.0)",0.6514252427154439,6.642031103701187,-1.2772472559290067,5,0.45416007410400494,2.270800370520025,0.0,0.0,0.0,0.0,38.561711242756175,-16.067466310635673,False,True,False,True,True,0.0
2025-02-19 17:00:00+00:00,5.87,5.88,5.745,5.795,4704.0,6.1747237433528985,6.66247014565749,"rgba(239, 83, 80, 1.0)",0.657475892751649,6.637436991544601,-1.281319970560226,5,0.45044488955033746,2.2522244477516873,0.0,0.0,0.0,0.0,39.61179023226472,-14.84789282848503,False,True,False,True,True,0.0
2025-02-20 17:00:00+00:00,5.795,5.92,5.77,5.87,2359.0,6.170389617442604,6.66055782823917,"rgba(239, 83, 80, 1.0)",0.6622348185915502,6.635542967661333,-1.155999271209418,5,0.44790876490719755,2.2395438245359878,0.0,0.0,0.0,0.0,42.09379084491276,-12.32722847938085,False,False,False,True,True,0.0
2025-02-21 17:00:00+00:00,5.785,5.815,5.62,5.665,5331.0,6.156478261834359,6.653000467290136,"rgba(239, 83, 80, 1.0)",0.669925893441007,6.628018945922429,-1.437500707691681,5,0.443421127437092,2.21710563718546,0.0,0.0,0.0,0.0,40.29783967549092,-12.32722847938085,False,False,False,True,False,0.0
2025-02-24 17:00:00+00:00,4.97,5.015,4.87,4.96,27135.0,5.99840708988688,6.560653435964973,"rgba(239, 83, 80, 1.0)",0.6937010675868966,6.535651722374908,-2.271369896915336,5,0.42890976569609746,2.1445488284804872,0.0,0.0,0.0,0.0,33.47502204287394,-11.633702358320875,False,True,False,True,False,0.0
2025-02-25 17:00:00+00:00,4.81,4.84,4.725,4.735,15629.0,5.912089216508311,6.511714524359672,"rgba(239, 83, 80, 1.0)",0.7227998115436921,6.486685235785169,-2.4234721811065136,5,0.4120240259143718,2.060120129571859,0.0,0.0,0.0,0.0,27.989938234480327,-16.450890907828565,False,True,False,True,False,0.0
2025-02-26 17:00:00+00:00,4.785,4.8,4.59,4.645,10977.0,5.85421341168091,6.478644737743826,"rgba(239, 83, 80, 1.0)",0.7531194466357448,6.453592170813097,-2.4014678931638915,5,0.3958367377668324,1.979183688834162,0.0,0.0,0.0,0.0,23.993168733312302,-19.84289732750045,False,True,False,True,False,0.0
2025-02-27 17:00:00+00:00,4.62,4.71,4.61,4.68,8554.0,5.8123329444165,6.454400858597153,"rgba(239, 83, 80, 1.0)",0.7813732540612023,6.429332150738878,-2.2387919494898134,5,0.38217135001142777,1.910856750057139,0.0,0.0,0.0,0.0,22.044144229868316,-21.456528366009998,False,True,False,True,False,0.0
2025-02-28 17:00:00+00:00,4.605,4.65,4.55,4.61,13078.0,5.750481153898311,6.418019488945507,"rgba(239, 83, 80, 1.0)",0.8093232463714035,6.3929234914951785,-2.202980699601681,5,0.3692052215196485,1.8460261075982425,0.0,0.0,0.0,0.0,20.41593603903871,-22.967237016363466,False,True,False,True,False,0.0
2025-03-03 17:00:00+00:00,4.36,4.375,4.14,4.245,9798.0,5.695215907521128,6.260106603663562,"rgba(239, 83, 80, 1.0)",0.8482492143997309,6.182672202158803,-2.2843194774191558,5,0.3528946943495467,1.7644734717477335,0.0,0.0,0.0,0.0,17.947353506085808,-25.378434667900265,False,True,False,True,False,0.0
2025-03-04 17:00:00+00:00,4.225,4.42,4.225,4.305,7454.0,5.657559958321728,6.240484382307094,"rgba(239, 83, 80, 1.0)",0.8824377475937947,6.162676662311937,-2.105164548295215,5,0.339528883103287,1.697644415516435,0.0,0.0,0.0,0.0,17.54280355652071,-25.972771771443103,False,True,False,True,False,0.0
2025-03-05 17:00:00+00:00,4.44,4.62,4.43,4.57,7663.0,5.627034370949133,6.227310879274153,"rgba(239, 83, 80, 1.0)",0.9070968590573685,6.149491907174591,-1.7412604744502782,5,0.33051835307002647,1.6525917653501323,0.0,0.0,0.0,0.0,22.140903838059792,-25.972771771443103,False,True,False,True,True,0.0
2025-03-06 17:00:00+00:00,4.485,4.625,4.455,4.545,9319.0,5.592140517802478,6.209354924174245,"rgba(239, 83, 80, 1.0)",0.9314425651924463,6.131391789348198,-1.7031557807543745,5,0.32208436641673355,1.6104218320836678,0.0,0.0,0.0,0.0,25.015424418363573,-31.623426145184276,False,True,False,True,True,0.0
2025-03-07 17:00:00+00:00,4.565,4.71,4.54,4.655,7882.0,5.566803045976239,6.196099389397585,"rgba(239, 83, 80, 1.0)",0.9519602724695988,6.118102791274765,-1.5369368172047218,5,0.3152931941632862,1.576465970816431,0.0,0.0,0.0,0.0,28.84614914561358,-27.958512110539726,False,True,False,True,True,0.0
2025-03-10 17:00:00+00:00,4.57,4.58,4.49,4.56,4695.0,5.550915125604934,6.18677678084784,"rgba(239, 83, 80, 1.0)",0.9731976873887297,6.108682277852397,-1.591333701180281,5,0.30831714288019774,1.5415857144009886,0.0,0.0,0.0,0.0,30.49234849232841,-26.31086509151774,False,True,False,True,True,0.0
2025-03-11 17:00:00+00:00,4.515,4.565,4.485,4.505,8673.0,5.522129779032043,6.169213175218889,"rgba(239, 83, 80, 1.0)",0.9952512155139603,6.090917288251088,-1.5934844022592831,5,0.30152354344979,1.50761771724895,0.0,0.0,0.0,0.0,31.068102154345503,-25.51963174207193,False,False,False,True,True,0.0
2025-03-12 17:00:00+00:00,4.565,4.685,4.54,4.685,3427.0,5.5124825063663785,6.163459245709978,"rgba(239, 83, 80, 1.0)",1.0108262074271996,6.08514215530575,-1.3851462744218466,5,0.2964423121271659,1.4822115606358293,0.0,0.0,0.0,0.0,34.744097445234615,-21.809819624460655,False,False,False,True,True,0.0
2025-03-13 17:00:00+00:00,4.57,4.625,4.535,4.595,3635.0,5.5018865540672195,6.156895669557177,"rgba(239, 83, 80, 1.0)",1.0273015996174693,6.078532196263492,-1.4441057979622605,5,0.2912071800316011,1.4560359001580057,0.0,0.0,0.0,0.0,36.13177275144895,-20.277112396977756,True,False,False,True,True,0.0
2025-03-14 17:00:00+00:00,4.755,4.795,4.755,4.775,3169.0,5.4947182796167375,6.15270842179496,"rgba(239, 83, 80, 1.0)",1.037969943497228,6.07437934168725,-1.2518467898109416,5,0.2873214372286448,1.436607186143224,0.0,0.0,0.0,0.0,40.02245764230129,-16.4263201596617,True,False,False,True,True,0.0
2025-03-17 17:00:00+00:00,5.14,5.165,5.09,5.13,3401.0,5.490881226879508,6.151095234677067,"rgba(38, 166, 154, 1.0)",1.042766063440453,6.0729422264579656,-0.9042701517796492,5,0.28518661026615233,1.4259330513307615,0.0,0.0,0.0,0.0,46.86507641174423,-10.035543453347763,True,False,False,False,True,0.0
2025-03-18 17:00:00+00:00,5.105,5.2,5.085,5.17,5303.0,5.4854309939978965,6.148578613370934,"rgba(38, 166, 154, 1.0)",1.0470122141487237,6.070693945156882,-0.8602516121449394,5,0.2832911576535141,1.4164557882675703,0.0,0.0,0.0,0.0,51.82165978701505,-5.587772541402899,True,False,True,False,True,0.0
2025-03-19 17:00:00+00:00,5.33,5.34,5.24,5.24,4510.0,5.48257184290259,6.098883926153466,"rgba(38, 166, 154, 1.0)",1.0510783051721886,5.967656966294156,-0.6922956764624212,5,0.28171644459281864,1.4085822229640932,0.0,0.0,0.0,0.0,55.8379612165395,-2.0023639382227927,True,False,True,False,True,0.0
2025-03-20 17:00:00+00:00,5.13,5.215,5.13,5.15,4668.0,5.478201858724735,6.093419867256337,"rgba(38, 166, 154, 1.0)",1.05597399640385,5.962227252174715,-0.7691735354665724,5,0.2799219549298169,1.3996097746490845,0.0,0.0,0.0,0.0,56.925107794764145,-0.9860904204904983,True,False,True,False,True,0.0
2025-03-21 17:00:00+00:00,5.125,5.125,4.945,5.0,5299.0,5.471205770406662,6.085025924258281,"rgba(38, 166, 154, 1.0)",1.0632720533614606,5.9536500887863815,-0.8969013017613725,5,0.27763702271989893,1.3881851135994947,0.0,0.0,0.0,0.0,55.22963687893036,-0.9860904204904983,True,False,True,False,True,0.0
2025-03-24 17:00:00+00:00,4.97,4.975,4.89,4.93,5293.0,5.463042222546197,6.076368805093153,"rgba(38, 166, 154, 1.0)",1.0680659121949498,5.944806815584519,-0.9501350094574411,5,0.27533149543850477,1.376657477192524,0.0,0.0,0.0,0.0,53.05233303588122,-0.9860904204904983,True,False,True,False,False,0.0
2025-03-25 17:00:00+00:00,4.945,4.98,4.915,4.93,3196.0,5.458322007155463,6.071993672839322,"rgba(38, 166, 154, 1.0)",1.0719983360213161,5.940420627148435,-0.9425580182321698,5,0.27308267799640557,1.3654133899820278,0.0,0.0,0.0,0.0,51.60079714051513,-0.9860904204904983,True,False,False,False,False,0.0
2025-03-26 17:00:00+00:00,5.155,5.185,5.035,5.05,8171.0,5.449989617595269,6.06631331688513,"rgba(38, 166, 154, 1.0)",1.0733164189255533,5.935300223775645,-0.8248268713357405,5,0.2717815616679605,1.3589078083398025,0.0,0.0,0.0,0.0,52.61999550963844,-0.9860904204904983,True,False,True,False,False,0.0
2025-03-27 17:00:00+00:00,5.07,5.095,5.03,5.075,3243.0,5.446578501828878,6.063719508375982,"rgba(38, 166, 154, 1.0)",1.07615190745915,5.9328884218112465,-0.797181527872552,5,0.2705992165324186,1.3529960826620928,0.0,0.0,0.0,0.0,53.70012193437352,-0.9860904204904983,True,False,True,False,False,0.0
2025-03-28 17:00:00+00:00,4.945,5.02,4.925,4.995,2073.0,5.443939465872132,6.061455786682215,"rgba(38, 166, 154, 1.0)",1.0789060692693992,5.93067768010865,-0.8672466554407842,5,0.26886355218757924,1.3443177609378962,0.0,0.0,0.0,0.0,52.79802240509733,-0.9860904204904983,True,False,True,False,False,0.0
2025-03-31 17:00:00+00:00,4.925,4.975,4.88,4.89,3616.0,5.438771830757592,6.056833811785592,"rgba(38, 166, 154, 1.0)",1.0829993927443933,5.926079433459622,-0.9566759135793483,5,0.2667855883060654,1.3339279415303271,0.0,0.0,0.0,0.0,50.25925992000101,-0.9860904204904983,True,False,False,False,False,0.0
2025-04-01 17:00:00+00:00,4.97,5.005,4.77,4.985,7650.0,5.428266484898217,6.047613992367772,"rgba(38, 166, 154, 1.0)",1.086391974621758,5.916968243357154,-0.8578563401866354,5,0.26508193013683296,1.3254096506841648,0.0,0.0,0.0,0.0,50.466240594353714,-0.9860904204904983,True,False,False,False,False,0.0
2025-04-02 17:00:00+00:00,5.125,5.16,5.07,5.16,2959.0,5.425948377980137,6.04592657088401,"rgba(38, 166, 154, 1.0)",1.0891966086305505,5.915508700199959,-0.6936384985166839,5,0.2639218502608568,1.3196092513042839,0.0,0.0,0.0,0.0,53.50628665119794,-0.9860904204904983,True,False,True,False,True,0.0
2025-04-03 17:00:00+00:00,4.765,4.825,4.745,4.76,12610.0,5.4051331463868735,6.02701746725278,"rgba(38, 166, 154, 1.0)",1.0965996255419659,5.896415507202413,-1.036308494671215,5,0.2616754119474285,1.3083770597371425,0.0,0.0,0.0,0.0,49.31458679246852,-0.9860904204904983,True,False,False,False,False,0.0
2025-04-04 17:00:00+00:00,4.035,4.165,3.965,4.115,7594.0,5.38006560530895,6.003704438257182,"rgba(239, 83, 80, 1.0)",1.113245911494626,5.871870763025932,-1.5781515520386553,5,0.2568304197102155,1.2841520985510773,0.0,0.0,0.0,0.0,41.578063735529966,-2.3451880775625966,True,False,False,True,False,0.0
2025-04-07 17:00:00+00:00,3.815,4.065,3.815,3.955,6703.0,5.35646797224321,5.982378573170952,"rgba(239, 83, 80, 1.0)",1.1329721059200155,5.8494184729556356,-1.672078653178577,5,0.25163320628996466,1.2581660314498233,0.0,0.0,0.0,0.0,35.62152434674382,-7.553463112376093,False,False,False,True,False,0.0
2025-04-08 17:00:00+00:00,3.695,3.82,3.66,3.72,12322.0,5.308843531178514,5.940562793390477,"rgba(239, 83, 80, 1.0)",1.1500891387310246,5.805362736133102,-1.813218354912934,5,0.2456929894381962,1.228464947190981,0.0,0.0,0.0,0.0,30.60959134612065,-11.858314128029647,False,True,False,True,False,0.0
2025-04-09 17:00:00+00:00,3.39,4.08,3.36,3.985,7205.0,5.283534279264199,5.807897884136584,"rgba(239, 83, 80, 1.0)",1.1593925949346204,5.602506093973431,-1.3951323313951682,5,0.2414473351984634,1.207236675992317,0.0,0.0,0.0,0.0,31.058240270943713,-11.858314128029647,False,True,False,True,False,0.0
2025-04-10 17:00:00+00:00,3.675,3.78,3.665,3.725,8578.0,5.252820153868162,5.780965317011256,"rgba(239, 83, 80, 1.0)",1.1694392203488537,5.573622116671337,-1.5807765675242849,5,0.23647342489724837,1.182367124486242,0.0,0.0,0.0,0.0,29.903754456086315,-12.436204486686037,False,True,False,True,False,0.0
2025-04-11 17:00:00+00:00,3.925,3.99,3.87,3.96,2752.0,5.244580840895217,5.775873607924004,"rgba(239, 83, 80, 1.0)",1.1734844548462546,5.568495713668865,-1.370700486935384,5,0.23292252102556565,1.1646126051278283,0.0,0.0,0.0,0.0,32.07499024898738,-12.436204486686037,False,True,False,True,False,0.0
2025-04-14 17:00:00+00:00,4.155,4.18,4.095,4.115,3332.0,5.236175288104264,5.772051672908159,"rgba(239, 83, 80, 1.0)",1.179968231363486,5.564995712553102,-1.228843009508478,5,0.22995920332938075,1.1497960166469037,0.0,0.0,0.0,0.0,35.27988322650773,-12.436204486686037,False,False,False,True,True,0.0
2025-04-15 17:00:00+00:00,4.26,4.285,4.235,4.25,5333.0,5.224493243998765,5.767262492526351,"rgba(239, 83, 80, 1.0)",1.173854051121084,5.560886351244748,-1.1167370849832583,5,0.2276132934212995,1.1380664671064975,0.0,0.0,0.0,0.0,38.87700156988389,-18.60371237558078,False,False,False,True,True,0.0
2025-04-16 17:00:00+00:00,4.65,4.705,4.465,4.51,12907.0,5.205851064523491,5.763523198292239,"rgba(38, 166, 154, 1.0)",1.1627296905701605,5.55978703752068,-0.9028642220410684,5,0.22668319859372832,1.1334159929686416,0.0,0.0,0.0,0.0,43.791988630209474,-13.89330470713908,True,False,False,True,True,0.0
2025-04-17 17:00:00+00:00,4.865,4.865,4.725,4.75,10740.0,5.1961365533501125,5.713701327134219,"rgba(38, 166, 154, 1.0)",1.143403931053938,5.4575129737682495,-0.6187778041974161,5,0.2263498574204858,1.131749287102429,0.0,0.0,0.0,0.0,49.03107254580301,-9.001648260416637,True,False,False,False,True,0.0
2025-04-18 17:00:00+00:00,4.75,4.75,4.75,4.75,0.0,5.1961365533501125,5.713701327134219,"rgba(38, 166, 154, 1.0)",1.1175089616102991,5.4575129737682495,-0.6331161521503533,5,0.2263399215575706,1.131699607787853,0.0,0.0,0.0,0.0,52.5237951561987,-5.759242658889235,True,False,True,False,True,0.0
2025-04-21 17:00:00+00:00,4.625,4.67,4.535,4.565,5395.0,5.189269466610667,5.706711567081074,"rgba(38, 166, 154, 1.0)",1.0970807988837148,5.450551571737214,-0.8071890171063669,5,0.2259095030865445,1.1295475154327226,0.0,0.0,0.0,0.0,52.66640046961273,-5.459779249888797,True,False,True,False,True,0.0
2025-04-22 17:00:00+00:00,4.64,4.655,4.53,4.54,4772.0,5.183174945734886,5.701372183352708,"rgba(38, 166, 154, 1.0)",1.0733581344009726,5.445449246936086,-0.84356676296249,5,0.2254120665073675,1.1270603325368376,0.0,0.0,0.0,0.0,52.470649605666445,-5.249668830274345,True,False,True,False,True,0.0
2025-04-23 17:00:00+00:00,4.45,4.47,4.37,4.44,4010.0,5.176919871940263,5.694734243178319,"rgba(38, 166, 154, 1.0)",1.0473612789523494,5.438556302539352,-0.9534019660705652,5,0.22453578050045095,1.1226789025022548,0.0,0.0,0.0,0.0,51.14186364245557,-5.249668830274345,True,False,False,False,True,0.0
2025-04-24 17:00:00+00:00,4.585,4.59,4.485,4.555,3669.0,5.172162634136291,5.6908754972293085,"rgba(38, 166, 154, 1.0)",1.0176952100410976,5.434946818470053,-0.8646467132674409,5,0.2239628669962903,1.1198143349814516,0.0,0.0,0.0,0.0,51.66379534537098,-5.102806943271055,True,False,False,False,True,0.0
2025-04-25 17:00:00+00:00,4.555,4.57,4.485,4.545,2716.0,5.168631545599656,5.687993529007089,"rgba(38, 166, 154, 1.0)",0.9767349636361152,5.432243628085153,-0.9083770532613984,5,0.22323746109999218,1.116187305499961,0.0,0.0,0.0,0.0,51.87196591222793,-4.3132496393439865,True,False,True,False,True,0.0
2025-04-28 17:00:00+00:00,4.54,4.655,4.53,4.64,6282.0,5.16155870235179,5.683131781670502,"rgba(38, 166, 154, 1.0)",0.937429997386501,5.428163833692277,-0.8407708691738378,5,0.22343222976063917,1.1171611488031958,0.0,0.0,0.0,0.0,53.257101877128875,-2.4471311371453766,True,False,True,False,True,0.0
2025-04-29 17:00:00+00:00,4.545,4.59,4.485,4.49,5954.0,5.1539933836772205,5.6768315325427405,"rgba(38, 166, 154, 1.0)",0.9003479057294506,5.422245414680267,-1.0354279815034095,5,0.2234756132144952,1.117378066072476,0.0,0.0,0.0,0.0,51.89842285578888,-2.4471311371453766,True,False,False,False,True,0.0
2025-04-30 17:00:00+00:00,4.335,4.445,4.305,4.39,4714.0,5.14681556981175,5.669960009303646,"rgba(38, 166, 154, 1.0)",0.842573508435421,5.415295767235399,-1.2168620980491973,5,0.22348854545117436,1.1174427272558718,0.0,0.0,0.0,0.0,49.61634034508279,-2.4471311371453766,True,False,False,False,False,0.0
2025-05-01 17:00:00+00:00,4.37,4.46,4.33,4.335,4931.0,5.139400397078993,5.662987593898776,"rgba(38, 166, 154, 1.0)",0.7946503282225476,5.408289261798174,-1.3506434511879946,4,0.2385618139431509,0.9542472557726036,0.0,0.0,0.0,0.0,47.35338280193509,2.2875544735222135,True,False,False,True,False,0.0
2025-05-02 17:00:00+00:00,4.31,4.35,4.24,4.32,4264.0,5.132511687329632,5.656315562867779,"rgba(38, 166, 154, 1.0)",0.7534108446929605,5.401464605150012,-1.435424792154065,4,0.2382576805956511,0.9530307223826044,0.0,0.0,0.0,0.0,45.63168106262976,0.4575252345672567,True,False,False,True,False,0.0
2025-05-05 17:00:00+00:00,4.205,4.205,4.11,4.11,4043.0,5.124830835993646,5.648450008348867,"rgba(38, 166, 154, 1.0)",0.7105953727571298,5.393159825550011,-1.8057531398935447,4,0.23745099034876388,0.9498039613950555,0.0,0.0,0.0,0.0,41.80736971788361,-3.246718342357539,False,False,False,True,False,0.0
2025-05-06 17:00:00+00:00,4.03,4.125,4.03,4.1,3594.0,5.117714470877154,5.641163122579495,"rgba(38, 166, 154, 1.0)",0.6889866694143595,5.385432905879104,-1.8656861778932903,4,0.2365171977512246,0.9460687910048984,0.0,0.0,0.0,0.0,39.14290591440505,-5.765728871672934,False,True,False,True,False,0.0
2025-05-07 17:00:00+00:00,4.07,4.15,3.985,4.13,6891.0,5.104381891712402,5.496302622340648,"rgba(38, 166, 154, 1.0)",0.6644775228541899,5.23186780913994,-1.6582469252037129,4,0.23536182698223224,0.941447307928929,0.0,0.0,0.0,0.0,38.093367014859,-6.820878394356832,False,True,False,True,False,0.0
2025-05-08 17:00:00+00:00,4.38,4.435,4.35,4.395,1994.0,5.101726946848577,5.49760423191078,"rgba(38, 166, 154, 1.0)",0.6377917986133415,5.234156708298009,-1.3157220116697437,4,0.2348130195499148,0.9392520781996592,0.0,0.0,0.0,0.0,42.65550824019532,-6.820878394356832,False,True,False,True,True,0.0
2025-05-09 17:00:00+00:00,4.455,4.57,4.455,4.555,4149.0,5.097293649805611,5.50040952421807,"rgba(38, 166, 154, 1.0)",0.6187213784444556,5.238950337886698,-1.1054254171825075,4,0.2349962637821268,0.9399850551285072,0.0,0.0,0.0,0.0,48.003204136679486,-7.812598884272205,True,False,False,False,True,0.0
2025-05-12 17:00:00+00:00,4.735,4.76,4.67,4.69,4183.0,5.094280937595646,5.504250716536825,"rgba(38, 166, 154, 1.0)",0.6068403844935799,5.2449273660813205,-0.9144535865793074,4,0.23525696172068006,0.9410278468827202,0.0,0.0,0.0,0.0,53.218616694042254,-3.1938428474546683,True,False,True,False,True,0.0
2025-05-13 17:00:00+00:00,5.16,5.44,5.125,5.34,16969.0,5.10057256682787,5.472988466555417,"rgba(38, 166, 154, 1.0)",0.6004341747421293,5.243282760372266,0.16107883877407728,3,0.261844285824328,0.7855328574729841,0.0,0.0,0.0,0.0,61.46575590129596,4.1032206475845925,True,False,True,False,True,1.373702100194425
2025-05-14 17:00:00+00:00,5.08,5.115,5.04,5.075,4233.0,5.100393007883106,5.473227921302529,"rgba(38, 166, 154, 1.0)",0.5915897957931243,5.24446073097772,-0.2864497193541512,3,0.264223951717372,0.792671855152116,0.0,0.0,0.0,0.0,62.98925500160367,5.160822792192739,True,False,True,False,True,0.0
2025-05-15 17:00:00+00:00,4.78,4.91,4.78,4.885,7906.0,5.09704425748153,5.466243752403591,"rgba(38, 166, 154, 1.0)",0.582504750009687,5.237632350951423,-0.6053724900021142,3,0.2672901503163206,0.8018704509489618,0.0,0.0,0.0,0.0,61.5875608166032,5.160822792192739,True,False,True,False,True,0.0
2025-05-16 17:00:00+00:00,4.92,4.93,4.835,4.885,3879.0,5.09560342954673,5.464124096266079,"rgba(38, 166, 154, 1.0)",0.5740836254493534,5.2358936549368424,-0.6112239391294031,3,0.2703891320602498,0.8111673961807493,0.0,0.0,0.0,0.0,60.65309802660289,5.160822792192739,True,False,True,False,True,0.0
2025-05-19 17:00:00+00:00,4.815,4.85,4.78,4.845,4323.0,5.093585373553502,5.461034889395969,"rgba(38, 166, 154, 1.0)",0.5672385534998845,5.2330817781538475,-0.6841597344880168,2,0.34862266519309165,0.6972453303861833,0.0,0.0,0.0,0.0,59.473058684737246,5.160822792192739,True,False,True,False,False,0.0
2025-05-20 17:00:00+00:00,4.83,4.83,4.705,4.735,4433.0,5.091028383971713,5.45704266441076,"rgba(38, 166, 154, 1.0)",0.553431783274871,5.229209519504839,-0.8929908517006541,1,0.3285406573374533,0.3285406573374533,0.0,0.0,0.0,0.0,57.147308968929295,5.160822792192739,True,False,True,False,False,0.0
2025-05-21 17:00:00+00:00,4.665,4.675,4.565,4.595,3113.0,5.0884871763433015,5.452786479618679,"rgba(239, 83, 80, 1.0)",0.5421399872411471,5.224741463370341,-1.1615846058044572,1,0.33322852874893555,0.33322852874893555,0.0,0.0,0.0,0.0,53.781441383393144,10.936262389128466,True,False,True,False,False,0.0
2025-05-22 17:00:00+00:00,4.59,4.675,4.59,4.655,3107.0,5.086126713521894,5.449121719584637,"rgba(239, 83, 80, 1.0)",0.5320867723721376,5.220993969285233,-1.0637249386259522,1,0.33967366070993993,0.33967366070993993,0.0,0.0,0.0,0.0,52.37831831704247,9.313370122021112,True,False,False,False,False,0.0
2025-05-23 17:00:00+00:00,4.67,4.74,4.655,4.725,1483.0,5.0851758384982615,5.447795215186733,"rgba(239, 83, 80, 1.0)",0.5215696424179209,5.2197170613712105,-0.9485158282559825,1,0.3483405922628503,0.3483405922628503,0.0,0.0,0.0,0.0,52.43202664479799,8.954394921868769,True,False,False,False,False,0.0
2025-05-26 17:00:00+00:00,4.725,4.725,4.725,4.725,0.0,5.0851758384982615,5.447795215186733,"rgba(239, 83, 80, 1.0)",0.5057924564572659,5.2197170613712105,-0.9781028859868123,1,0.3562612673876669,0.3562612673876669,0.0,0.0,0.0,0.0,52.46783219663501,8.468768839945618,True,False,True,False,False,0.0
2025-05-27 17:00:00+00:00,4.735,4.76,4.705,4.76,1970.0,5.084036172646976,5.446319613845063,"rgba(239, 83, 80, 1.0)",0.4915601839189998,5.218367117469352,-0.9324740539703334,1,0.3656416283291718,0.3656416283291718,0.0,0.0,0.0,0.0,53.059651545881046,8.468768839945618,True,False,True,False,False,0.0
2025-05-28 17:00:00+00:00,4.815,4.84,4.72,4.77,3870.0,5.082045850539556,5.4439841393697215,"rgba(239, 83, 80, 1.0)",0.48012549973476965,5.21639469661352,-0.9297458619884118,1,0.3765685627435357,0.3765685627435357,0.0,0.0,0.0,0.0,53.62819125728959,8.468768839945618,True,False,True,False,False,0.0
2025-05-29 17:00:00+00:00,4.735,4.775,4.72,4.75,3463.0,5.080123345782422,5.441657782830733,"rgba(239, 83, 80, 1.0)",0.4674171218150152,5.214345486554672,-0.9934284922032468,1,0.38885834261770263,0.38885834261770263,0.0,0.0,0.0,0.0,53.55038271471848,8.037991344491758,True,False,True,False,False,0.0
2025-05-30 17:00:00+00:00,4.765,4.865,4.745,4.76,2327.0,5.079004568790373,5.440447085841841,"rgba(239, 83, 80, 1.0)",0.45101109632588454,5.213392037638262,-1.0052791191431294,1,0.4062509433385211,0.4062509433385211,0.0,0.0,0.0,0.0,53.714155955618196,7.7142665712135,True,False,True,False,False,0.0
2025-06-02 17:00:00+00:00,4.87,4.88,4.755,4.835,1847.0,5.078224404650782,5.439692282815862,"rgba(239, 83, 80, 1.0)",0.43382127760284933,5.212882268814834,-0.8710551748473115,1,0.42415599259378656,0.42415599259378656,0.0,0.0,0.0,0.0,55.429475775136886,7.7142665712135,True,False,True,False,True,0.0
2025-06-03 17:00:00+00:00,4.95,4.97,4.89,4.95,5949.0,5.076846664747066,5.439295855919861,"rgba(239, 83, 80, 1.0)",0.41472739336928127,5.21367292071908,-0.6357740649272733,1,0.4432796390472888,0.4432796390472888,0.0,0.0,0.0,0.0,58.67328991869729,4.989556188163121,True,False,True,False,True,0.0
2025-06-04 17:00:00+00:00,4.85,4.94,4.84,4.9,4122.0,5.07561739740423,5.438432536118686,"rgba(239, 83, 80, 1.0)",0.3945129509515961,5.21350696374935,-0.7946683701844176,1,0.4751353293533976,0.4751353293533976,0.0,0.0,0.0,0.0,59.32209679150036,5.73101137942902,True,False,True,False,True,0.0
2025-06-05 17:00:00+00:00,4.77,4.79,4.71,4.72,3769.0,5.073574298194184,5.436004880797521,"rgba(239, 83, 80, 1.0)",0.36855038649749877,5.211392167210203,-1.3333106821027256,1,0.5057270472185265,0.5057270472185265,0.0,0.0,0.0,0.0,55.30670482059103,9.09639108945423,True,False,True,False,False,0.0
2025-06-06 17:00:00+00:00,4.81,4.82,4.735,4.74,6328.0,5.070452327924489,5.432486677960444,"rgba(239, 83, 80, 1.0)",0.3490860267242483,5.208504938434739,-1.3420902086259177,1,0.5358929160260361,0.5358929160260361,0.0,0.0,0.0,0.0,53.100401591261594,7.086235280650001,True,False,True,False,False,0.0
2025-06-09 17:00:00+00:00,4.725,4.75,4.69,4.705,4056.0,5.068162121618881,5.339576436543817,"rgba(239, 83, 80, 1.0)",0.34713989702737535,5.124898401762161,-1.209594187697325,1,0.5730670267473352,0.5730670267473352,0.0,0.0,0.0,0.0,50.81677064823851,4.997068433489815,False,False,False,False,False,0.0
2025-06-10 17:00:00+00:00,4.805,4.875,4.73,4.83,7295.0,5.0652238194243795,5.34005704729573,"rgba(239, 83, 80, 1.0)",0.3476855652055761,5.127094119662381,-0.8544908083449423,0,,,0.0,0.0,0.0,0.0,52.29558321659337,4.997068433489815,False,False,True,False,False,0.0
2025-06-11 17:00:00+00:00,4.97,5.12,4.965,5.03,9823.0,5.064815324865856,5.347862307365132,"rgba(38, 166, 154, 1.0)",0.35065764469615135,5.138623865872855,-0.3097718458896815,0,,,0.0,0.0,0.0,0.0,56.73688776519151,2.1114692496461345,True,False,True,False,True,0.0
2025-06-12 17:00:00+00:00,5.2,5.25,5.16,5.25,5092.0,5.066027803734614,5.353822537836737,"rgba(38, 166, 154, 1.0)",0.35763075476925243,5.146839225594913,0.2884561045977357,0,,,0.0,0.0,0.0,0.0,62.25119342428705,7.041764690803454,True,False,True,False,True,2.1085690443936507
2025-06-13 17:00:00+00:00,5.795,6.13,5.795,6.115,12329.0,5.083615778583606,5.397836683944318,"rgba(38, 166, 154, 1.0)",0.39565929697069846,5.202162605506995,2.3071299006038712,0,,,0.0,0.0,0.0,0.0,70.34835992617028,14.163825152357234,True,False,True,False,True,10.595509307494535
2025-06-16 17:00:00+00:00,5.86,6.01,5.86,5.95,7246.0,5.092859601845977,5.41629413199187,"rgba(38, 166, 154, 1.0)",0.4192875230997159,5.225494583305022,1.7279441356586094,1,1.2884154246738657,1.2884154246738657,0.0,0.0,0.0,0.0,72.96950911225468,16.14617294497488,True,False,True,False,True,8.698651009728401
2025-06-17 17:00:00+00:00,6.135,6.285,6.135,6.205,9372.0,5.108218321653666,5.433618899605541,"rgba(38, 166, 154, 1.0)",0.45178948498034577,5.280780598893578,2.0456859485045964,1,1.2684874739154592,1.2684874739154592,0.0,0.0,0.0,0.0,75.75820888812018,18.520103298126287,True,False,True,False,True,10.93746588024312
2025-06-18 17:00:00+00:00,6.035,6.05,5.92,5.96,4490.0,5.113909449374357,5.439034068855103,"rgba(38, 166, 154, 1.0)",0.47368521687377135,5.28759362681544,1.419521549822283,1,1.2611583981932935,1.2611583981932935,0.0,0.0,0.0,0.0,73.9796135592434,18.520103298126287,True,False,True,False,True,8.18365786191248
2025-06-19 17:00:00+00:00,5.96,5.96,5.96,5.96,0.0,5.113909449374357,5.439034068855103,"rgba(38, 166, 154, 1.0)",0.49377413956278404,5.28759362681544,1.36176911528811,1,1.252973648076012,1.252973648076012,0.0,0.0,0.0,0.0,72.79388333999222,18.520103298126287,True,False,True,False,False,8.18365786191248
2025-06-20 17:00:00+00:00,5.75,5.81,5.715,5.755,12392.0,5.125387237558396,5.446200607479108,"rgba(38, 166, 154, 1.0)",0.5069624433022485,5.297107432915724,0.9032080642930042,1,1.250907783310993,1.250907783310993,0.0,0.0,0.0,0.0,69.08292481322377,18.520103298126287,True,False,True,False,False,5.924397832881372
2025-06-23 17:00:00+00:00,5.755,5.775,5.37,5.46,26385.0,5.140316206152378,5.450877827197733,"rgba(239, 83, 80, 1.0)",0.512583388074366,5.305054449410317,0.30228359754648004,1,1.2540557725196182,1.2540557725196182,0.0,0.0,0.0,0.0,63.16321963038534,20.821017105532817,True,False,True,False,False,2.8207963210368057
2025-06-24 17:00:00+00:00,5.21,5.26,5.165,5.17,10598.0,5.141153287453968,5.444132977954345,"rgba(239, 83, 80, 1.0)",0.5135058970512145,5.29801226800871,-0.24929074572232818,1,1.2722009777735153,1.2722009777735153,0.0,0.0,0.0,0.0,56.54096137080748,14.757149392613755,False,False,True,False,False,0.0
2025-06-25 17:00:00+00:00,5.0,5.02,4.93,4.94,11128.0,5.138499567946021,5.431707093783329,"rgba(239, 83, 80, 1.0)",0.5136503788685236,5.284329418619463,-0.6703575676863249,2,0.8906057416111267,1.7812114832222534,0.0,0.0,0.0,0.0,50.35872907051714,9.221862751341838,False,True,False,True,False,0.0
2025-06-26 17:00:00+00:00,5.075,5.09,4.97,4.97,8001.0,5.1371353989753175,5.425005384030884,"rgba(239, 83, 80, 1.0)",0.513525396970198,5.27720783050734,-0.5982329838404639,2,0.9002200471924205,1.800440094384841,0.0,0.0,0.0,0.0,46.60209883388623,5.900415412912814,False,True,False,True,False,0.0
2025-06-27 17:00:00+00:00,4.925,4.96,4.84,4.86,5452.0,5.135336523008341,5.41917910135488,"rgba(239, 83, 80, 1.0)",0.5135684906559792,5.27087816429286,-0.800045508570914,2,0.910225578998343,1.820451157996686,0.0,0.0,0.0,0.0,43.21329088505073,2.7570726506490075,False,True,False,True,False,0.0
2025-06-30 17:00:00+00:00,4.83,4.845,4.765,4.77,13849.0,5.129208946502537,5.402935274694191,"rgba(239, 83, 80, 1.0)",0.5121114215755925,5.253165538671956,-0.9434773729229091,2,0.925828642698639,1.851657285397278,0.0,0.0,0.0,0.0,40.23991823715545,-0.1436162836747883,False,True,False,True,False,0.0
2025-07-01 17:00:00+00:00,4.845,4.91,4.8,4.81,11841.0,5.124845418273221,5.391928623206594,"rgba(239, 83, 80, 1.0)",0.5102232155927402,5.241503947233655,-0.8457160200606815,2,0.9399220149113643,1.8798440298227286,0.0,0.0,0.0,0.0,38.88322987454545,-1.702776852504833,False,True,False,True,False,0.0
2025-07-02 17:00:00+00:00,4.87,4.97,4.87,4.93,9953.0,5.122321823345191,5.3852612269790505,"rgba(239, 83, 80, 1.0)",0.5077716909105473,5.2347823240129,-0.6002349667551534,2,0.9508534399102572,1.9017068798205143,0.0,0.0,0.0,0.0,39.84941512161933,-1.702776852504833,False,True,False,True,False,0.0
2025-07-03 17:00:00+00:00,4.92,4.92,4.92,4.92,0.0,5.122321823345191,5.3852612269790505,"rgba(239, 83, 80, 1.0)",0.5062301047142348,5.2347823240129,-0.6218166819426785,2,0.9631481106968764,1.926296221393753,0.0,0.0,0.0,0.0,40.37968191254058,-1.702776852504833,False,True,False,True,False,0.0
2025-07-04 17:00:00+00:00,4.92,4.92,4.92,4.92,0.0,5.122321823345191,5.3852612269790505,"rgba(239, 83, 80, 1.0)",0.5058486936831676,5.2347823240129,-0.622285533092748,2,0.9795744728191842,1.9591489456383684,0.0,0.0,0.0,0.0,40.73319310648809,-1.702776852504833,False,True,False,True,False,0.0
2025-07-07 17:00:00+00:00,4.825,4.89,4.735,4.885,6940.0,5.119849016484575,5.37966273142009,"rgba(239, 83, 80, 1.0)",0.5056961573946057,5.228988450508394,-0.6802275348119224,2,0.9972886656426454,1.9945773312852908,0.0,0.0,0.0,0.0,40.48612240757482,-2.457558178901003,False,True,False,True,False,0.0
2025-07-08 17:00:00+00:00,4.95,4.955,4.845,4.915,8714.0,5.117538843363405,5.374202355225249,"rgba(239, 83, 80, 1.0)",0.5056391281615716,5.223570892794449,-0.610259126734053,2,1.0181244105272966,2.0362488210545933,0.0,0.0,0.0,0.0,40.97351186429806,-2.659700090360573,False,True,False,True,False,0.0
2025-07-09 17:00:00+00:00,4.825,4.905,4.79,4.885,87195.0,5.09252113023354,5.325343440007437,"rgba(239, 83, 80, 1.0)",0.5048073577797126,5.176375273152731,-0.5772009236043685,2,1.0401398208981363,2.0802796417962726,0.0,0.0,0.0,0.0,40.803750749257844,-3.508456691347419,False,True,False,True,False,0.0
2025-07-10 17:00:00+00:00,4.73,4.75,4.69,4.72,6064.0,5.090021364683942,5.3212619874558325,"rgba(239, 83, 80, 1.0)",0.503647265025468,5.172308635303279,-0.8980662990007637,2,1.0681133567578778,2.1362267135157555,0.0,0.0,0.0,0.0,38.26824457209966,-6.452481064171415,False,True,False,True,False,0.0
2025-07-11 17:00:00+00:00,4.62,4.63,4.59,4.615,11958.0,5.083774119094685,5.3115340256924615,"rgba(239, 83, 80, 1.0)",0.5032970841908598,5.162353055217383,-1.087534723348042,2,1.0876410790263678,2.1752821580527355,0.0,0.0,0.0,0.0,35.317260236957,-9.58098958557509,False,True,False,True,False,0.0
2025-07-14 17:00:00+00:00,4.675,4.77,4.65,4.695,11817.0,5.078947995590764,5.303954688702889,"rgba(239, 83, 80, 1.0)",0.5031626821265178,5.1548726135886564,-0.9139640715108189,2,1.0884175170360724,2.1768350340721447,0.0,0.0,0.0,0.0,35.443047497692454,-9.760309085071853,False,True,False,True,False,0.0
2025-07-15 17:00:00+00:00,4.705,4.74,4.615,4.635,6113.0,5.0762265289144075,5.299784894249154,"rgba(239, 83, 80, 1.0)",0.5027225695968389,5.150717157250635,-1.0258484270245065,2,1.0879653101161737,2.1759306202323474,0.0,0.0,0.0,0.0,34.69616633661644,-10.819636193278313,False,True,False,True,False,0.0
2025-07-16 17:00:00+00:00,4.595,4.61,4.54,4.55,11833.0,5.069848629088644,5.290337648539809,"rgba(239, 83, 80, 1.0)",0.5011097774031911,5.141092934485938,-1.1795677536947098,2,1.0871017710476454,2.1742035420952908,0.0,0.0,0.0,0.0,33.09001637009816,-12.644504468112459,False,True,False,True,False,0.0
2025-07-17 17:00:00+00:00,4.53,4.56,4.495,4.54,5675.0,5.066637310195836,5.285662054288011,"rgba(239, 83, 80, 1.0)",0.5017102103158774,5.136313712701229,-1.1885620432675452,2,1.0859337180030955,2.171867436006191,0.0,0.0,0.0,0.0,31.8889861047075,-14.036030590757782,False,True,False,True,False,0.0
2025-07-18 17:00:00+00:00,4.495,4.5,4.435,4.46,3651.0,5.064336551732325,5.282362754765321,"rgba(239, 83, 80, 1.0)",0.49737415901323295,5.132905180181762,-1.352915442002002,2,1.0841079631714234,2.168215926342847,0.0,0.0,0.0,0.0,30.053119296564944,-15.97322739891046,False,True,False,True,False,0.0
2025-07-21 17:00:00+00:00,4.425,4.46,4.39,4.43,7307.0,5.05949317551362,5.275495518994454,"rgba(239, 83, 80, 1.0)",0.4900273663989455,5.12578336554999,-1.419886751760579,2,1.0882940115085105,2.176588023017021,0.0,0.0,0.0,0.0,28.455108031546356,-17.63523486961465,False,True,False,True,False,0.0
2025-07-22 17:00:00+00:00,4.48,4.55,4.475,4.52,11563.0,5.053026407104709,5.266326265662224,"rgba(239, 83, 80, 1.0)",0.4755605227632727,5.116471406006013,-1.2542492016372184,2,1.0923781698019037,2.1847563396038074,0.0,0.0,0.0,0.0,30.51769632179397,-17.63523486961465,False,True,False,True,True,0.0
2025-07-23 17:00:00+00:00,4.575,4.62,4.565,4.595,14368.0,5.046341024963637,5.256847808699233,"rgba(239, 83, 80, 1.0)",0.4670697712025875,5.1071032686984985,-1.0964170671545737,2,1.092629657959084,2.185259315918168,0.0,0.0,0.0,0.0,34.18697983875182,-19.947483285321272,False,True,False,True,True,0.0
2025-07-24 17:00:00+00:00,4.57,4.625,4.565,4.595,23817.0,5.035716528592355,5.242013422931549,"rgba(239, 83, 80, 1.0)",0.4510547498779428,5.092581464882048,-1.1031509257284091,2,1.0931677318042712,2.1863354636085424,0.0,0.0,0.0,0.0,36.63316885005705,-17.718704923336716,False,True,False,True,True,0.0
2025-07-25 17:00:00+00:00,4.685,4.685,4.625,4.63,16289.0,5.029552282626001,5.233428721726265,"rgba(239, 83, 80, 1.0)",0.44089167430167525,5.084429767841895,-1.0307061673633615,2,1.0929957234198127,2.1859914468396253,0.0,0.0,0.0,0.0,39.40530280432189,-15.188852229127832,False,True,False,True,True,0.0
2025-07-28 17:00:00+00:00,4.635,4.675,4.635,4.67,10505.0,5.025814302321402,5.228242376229368,"rgba(239, 83, 80, 1.0)",0.4338392196062204,5.079568011968519,-0.944054832894703,2,1.0939184634764043,2.1878369269528086,0.0,0.0,0.0,0.0,42.538177186278354,-12.34055909046485,False,True,False,True,True,0.0
2025-07-29 17:00:00+00:00,4.475,4.57,4.47,4.52,25239.0,5.01381377292435,5.212211636776712,"rgba(239, 83, 80, 1.0)",0.4302562823115245,5.063814369083657,-1.2639312694332994,2,1.094127769480159,2.188255538960318,0.0,0.0,0.0,0.0,40.91728410819855,-12.34055909046485,False,True,False,True,True,0.0
2025-07-30 17:00:00+00:00,4.445,4.46,4.36,4.4,10737.0,5.007747070695415,5.204302268570485,"rgba(239, 83, 80, 1.0)",0.4314821721287343,5.055874770808966,-1.5200506838398022,2,1.0906476649279901,2.1812953298559803,0.0,0.0,0.0,0.0,37.69827040854681,-12.34055909046485,False,True,False,True,False,0.0
2025-07-31 17:00:00+00:00,4.505,4.525,4.42,4.48,8800.0,5.003419567868871,5.1986488611190245,"rgba(239, 83, 80, 1.0)",0.4331094362673823,5.050309811511029,-1.3167799261684647,2,1.0892344533373841,2.1784689066747682,0.0,0.0,0.0,0.0,38.147076732437114,-12.34055909046485,False,True,False,True,False,0.0
2025-08-01 17:00:00+00:00,4.085,4.125,3.86,3.965,15427.0,4.989097320248412,5.180676167911594,"rgba(239, 83, 80, 1.0)",0.4438335557675775,5.031418898289376,-2.4027450931353824,2,1.0726752301975588,2.1453504603951177,0.0,0.0,0.0,0.0,32.58186526540837,-11.869794034015584,False,True,False,True,False,0.0
2025-08-04 17:00:00+00:00,3.865,3.91,3.85,3.85,4979.0,4.984049088712723,5.174406487959798,"rgba(239, 83, 80, 1.0)",0.45635453263830494,5.024795878007621,-2.574305269229647,2,1.0559733776734388,2.1119467553468776,0.0,0.0,0.0,0.0,28.144629271715647,-15.873494638388074,False,True,False,True,False,0.0
2025-08-05 17:00:00+00:00,3.955,4.075,3.92,4.035,13423.0,4.9723457438254135,5.159899088767638,"rgba(239, 83, 80, 1.0)",0.4636996445549929,5.009664756524039,-2.101931213381483,2,1.0484346065857868,2.0968692131715736,0.0,0.0,0.0,0.0,29.368947944233348,-15.873494638388074,False,True,False,True,False,0.0
2025-08-06 17:00:00+00:00,4.09,4.115,3.975,4.005,10603.0,4.963501771037277,5.149007618321151,"rgba(239, 83, 80, 1.0)",0.4706687115542126,4.998364683271145,-2.1105390243403237,2,1.0422385057594523,2.0844770115189046,0.0,0.0,0.0,0.0,29.892727819218536,-15.873494638388074,False,True,False,True,False,0.0
2025-08-07 17:00:00+00:00,3.89,3.89,3.795,3.81,3665.0,4.959835494441751,5.1445341043624655,"rgba(239, 83, 80, 1.0)",0.4830406041165607,4.993659621830503,-2.4504350395042116,2,1.0277953524047603,2.0555907048095206,0.0,0.0,0.0,0.0,28.511382605499314,-15.873494638388074,False,True,False,True,False,0.0
2025-08-08 17:00:00+00:00,3.755,3.785,3.71,3.74,4932.0,4.954562957467899,5.1381279840302145,"rgba(239, 83, 80, 1.0)",0.4967123263370882,4.986894106344331,-2.5102942693999912,2,1.009537679077009,2.019075358154018,0.0,0.0,0.0,0.0,27.04579315523031,-17.256765356370394,False,True,False,True,False,0.0
2025-08-11 17:00:00+00:00,3.64,3.64,3.56,3.595,5434.0,4.948108493817259,5.130328008809281,"rgba(239, 83, 80, 1.0)",0.5142657934437924,4.978605786516633,-2.690448799348068,2,0.986202000959211,1.972404001918422,0.0,0.0,0.0,0.0,25.03311764169675,-19.419365811579937,False,True,False,True,False,0.0
2025-08-12 17:00:00+00:00,3.575,3.6,3.535,3.595,10194.0,4.93597267276678,4.99935414824461,"rgba(239, 83, 80, 1.0)",0.5302542055680367,4.840488507106867,-2.3488517281492056,2,0.9650711525221687,1.9301423050443374,0.0,0.0,0.0,0.0,23.691333966007715,-20.94482374424163,False,True,False,True,False,0.0
2025-08-13 17:00:00+00:00,3.685,3.77,3.665,3.76,4511.0,4.93127525121515,4.996325461068642,"rgba(239, 83, 80, 1.0)",0.5405538784391088,4.837827466448349,-1.9939316124428883,2,0.9529555064411858,1.9059110128823715,0.0,0.0,0.0,0.0,26.917824088284043,-20.94482374424163,False,True,False,True,True,0.0
2025-08-14 17:00:00+00:00,3.695,3.92,3.695,3.905,13233.0,4.918929957668839,4.987303132538608,"rgba(239, 83, 80, 1.0)",0.5469196541615373,4.829631643678089,-1.6906169610883852,2,0.9462942025475272,1.8925884050950543,0.0,0.0,0.0,0.0,32.04486505290856,-23.60199771559469,False,True,False,True,True,0.0
2025-08-15 17:00:00+00:00,3.86,3.955,3.855,3.86,4718.0,4.914796586468314,4.983777283608792,"rgba(239, 83, 80, 1.0)",0.5539186771548406,4.826282229721407,-1.7444478216272459,2,0.9379944415231976,1.875988883046395,0.0,0.0,0.0,0.0,34.83274085791907,-21.054220057194698,False,True,False,True,True,0.0
2025-08-18 17:00:00+00:00,3.875,3.9,3.85,3.88,6303.0,4.909254986452298,4.97850779725148,"rgba(239, 83, 80, 1.0)",0.5578890958275765,4.821111478409564,-1.6869149898216107,2,0.9297272362675226,1.8594544725350453,0.0,0.0,0.0,0.0,37.12550665880575,-18.908915213622866,False,False,False,True,True,0.0
2025-08-19 17:00:00+00:00,3.81,3.845,3.785,3.83,7235.0,4.902621355818164,4.97138491232502,"rgba(239, 83, 80, 1.0)",0.5626872060851923,4.813874958168107,-1.7485291073405809,2,0.9217728862930092,1.8435457725860185,0.0,0.0,0.0,0.0,37.84878527149036,-18.110962599991076,False,False,False,True,True,0.0
2025-08-20 17:00:00+00:00,3.88,3.88,3.83,3.855,5453.0,4.897834678448717,4.966389199780507,"rgba(239, 83, 80, 1.0)",0.5673285747358223,4.808853984770343,-1.6813078474224687,2,0.9176476964831555,1.835295392966311,0.0,0.0,0.0,0.0,38.96936970888243,-16.81625533087275,False,False,False,True,True,0.0
2025-08-21 17:00:00+00:00,3.865,3.91,3.855,3.885,8270.0,4.8908531035412475,4.959208640021648,"rgba(239, 83, 80, 1.0)",0.5740062937157512,4.801690956832059,-1.5970050622580905,2,0.9101530498008004,1.8203060996016007,0.0,0.0,0.0,0.0,40.516976925289605,-15.080545222211292,True,False,False,True,True,0.0
2025-08-22 17:00:00+00:00,4.075,4.12,4.075,4.1,5464.0,4.887265983702071,4.956445287983706,"rgba(38, 166, 154, 1.0)",0.5778390389676203,4.799275701648959,-1.2101565565703218,2,0.9099283174868249,1.8198566349736498,0.0,0.0,0.0,0.0,46.2056421640695,-9.616459770366603,True,False,False,True,True,0.0
2025-08-25 17:00:00+00:00,4.16,4.17,4.11,4.125,13317.0,4.879057966442854,4.949929902882677,"rgba(38, 166, 154, 1.0)",0.5814245630540481,4.793577372966026,-1.1498953010416184,2,0.9128478742383448,1.8256957484766896,0.0,0.0,0.0,0.0,50.44195585732338,-5.71462443269921,True,False,True,False,True,0.0
2025-08-26 17:00:00+00:00,3.985,4.06,3.96,4.045,6262.0,4.8746814350239305,4.94559741806861,"rgba(38, 166, 154, 1.0)",0.5806655857915045,4.789390364728673,-1.281960534502825,2,0.9201695304812836,1.8403390609625672,0.0,0.0,0.0,0.0,51.27209817295127,-4.935299284608547,True,False,True,False,True,0.0
2025-08-27 17:00:00+00:00,4.145,4.185,4.125,4.15,9373.0,4.869211831453828,4.8654673486368765,"rgba(38, 166, 154, 1.0)",0.5815260291015281,4.707647696680507,-0.9589384976319731,2,0.9229794274367014,1.8459588548734027,0.0,0.0,0.0,0.0,53.871119956182255,-2.3804067686220947,True,False,True,False,True,0.0
2025-08-28 17:00:00+00:00,4.095,4.16,4.09,4.15,9258.0,4.863741481304238,4.86024675164902,"rgba(38, 166, 154, 1.0)",0.5836389649787875,4.702789527028301,-0.9471429431521797,2,0.9322136985216604,1.8644273970433207,0.0,0.0,0.0,0.0,55.60380114500292,-0.599175360727827,True,False,True,False,True,0.0
2025-08-29 17:00:00+00:00,4.165,4.175,4.06,4.08,9098.0,4.85823884917396,4.85458128547404,"rgba(38, 166, 154, 1.0)",0.5864033986480767,4.697364583342624,-1.0527984400600798,2,0.9345501672204761,1.8691003344409522,0.0,0.0,0.0,0.0,54.80752844741662,-0.599175360727827,True,False,True,False,True,0.0
2025-09-01 17:00:00+00:00,4.08,4.08,4.08,4.08,0.0,4.85823884917396,4.85458128547404,"rgba(38, 166, 154, 1.0)",0.5891857413735563,4.697364583342624,-1.0478267547740976,2,0.9339572308680376,1.8679144617360752,0.0,0.0,0.0,0.0,54.27667998235909,-0.599175360727827,True,False,True,False,True,0.0
2025-09-02 17:00:00+00:00,4.135,4.14,4.095,4.135,6699.0,4.85433530368685,4.850955002488772,"rgba(38, 166, 154, 1.0)",0.5916110391310249,4.6940254064321145,-0.9449205127294906,2,0.9323836885732006,1.8647673771464013,0.0,0.0,0.0,0.0,55.32184970917166,-0.04230722015235244,True,False,True,False,True,0.0
2025-09-03 17:00:00+00:00,3.995,4.07,3.99,4.06,7807.0,4.849325448922332,4.845178544875649,"rgba(38, 166, 154, 1.0)",0.5949807930884944,4.688270607839581,-1.0559510746192025,2,0.9277069470535035,1.855413894107007,0.0,0.0,0.0,0.0,53.703435212785,-0.04230722015235244,True,False,True,False,True,0.0
2025-09-04 17:00:00+00:00,4.01,4.04,4.0,4.025,4839.0,4.846181382396497,4.841556977226695,"rgba(38, 166, 154, 1.0)",0.5986364536207877,4.684657757181725,-1.1019338250984487,2,0.9228466480661155,1.845693296132231,0.0,0.0,0.0,0.0,51.6198674844659,-0.04230722015235244,True,False,False,False,False,0.0
2025-09-05 17:00:00+00:00,3.935,3.95,3.905,3.93,6075.0,4.841824903613468,4.835947837546879,"rgba(38, 166, 154, 1.0)",0.6032713596163863,4.6788612674972,-1.24133402913971,2,0.9164066748862212,1.8328133497724424,0.0,0.0,0.0,0.0,47.79121789402787,2.8137818285728358,True,False,False,True,False,0.0
2025-09-08 17:00:00+00:00,3.825,3.84,3.805,3.825,10982.0,4.833160334898654,4.736466063992556,"rgba(38, 166, 154, 1.0)",0.6092987624983759,4.574693187023501,-1.2304196777775316,2,0.9075724047348768,1.8151448094697535,0.0,0.0,0.0,0.0,43.086038825966796,-1.569783873435334,True,False,False,True,False,0.0
2025-09-09 17:00:00+00:00,3.815,3.855,3.805,3.845,9521.0,4.825852317599176,4.646617731145717,"rgba(38, 166, 154, 1.0)",0.6145698854843237,4.482584071572126,-1.0374476306623217,2,0.8996010767863158,1.7992021535726317,0.0,0.0,0.0,0.0,40.6861793238286,-3.7375919631097645,True,False,False,True,False,0.0
2025-09-10 17:00:00+00:00,3.925,4.12,3.915,4.08,19193.0,4.8143983054615065,4.648900912692254,"rgba(38, 166, 154, 1.0)",0.6165038158479036,4.488949822910571,-0.6633370506362961,2,0.896328474155105,1.79265694831021,0.0,0.0,0.0,0.0,45.62273073743822,-3.7375919631097645,True,False,False,True,True,0.0
2025-09-11 17:00:00+00:00,3.955,3.96,3.91,3.94,5988.0,4.810433416314627,4.644762321863596,"rgba(38, 166, 154, 1.0)",0.6200034292262611,4.484944490790144,-0.8789378656666668,2,0.8906831862026189,1.7813663724052378,0.0,0.0,0.0,0.0,45.76686198807959,-3.7375919631097645,True,False,False,True,True,0.0
2025-09-12 17:00:00+00:00,3.89,3.91,3.84,3.865,4421.0,4.80731294844217,4.6407191282853235,"rgba(38, 166, 154, 1.0)",0.6242570358809888,4.480789144207087,-0.9864352483237105,2,0.8838674222812732,1.7677348445625465,0.0,0.0,0.0,0.0,44.435376814396065,-3.7375919631097645,True,False,False,True,True,0.0
2025-09-15 17:00:00+00:00,3.995,4.05,3.905,3.925,10054.0,4.800955927839862,4.635130703610844,"rgba(38, 166, 154, 1.0)",0.6269944609437356,4.475702518353307,-0.8783211856838484,2,0.8785461415557717,1.7570922831115434,0.0,0.0,0.0,0.0,45.04666518820562,-3.7375919631097645,True,False,False,True,True,0.0
2025-09-16 17:00:00+00:00,4.02,4.065,3.995,4.05,7427.0,4.79674340990465,4.632743496150423,"rgba(38, 166, 154, 1.0)",0.6271341078184641,4.474025665476786,-0.6761323617874859,2,0.8752373068126122,1.7504746136252245,0.0,0.0,0.0,0.0,48.19917334217357,-7.468644252755169,True,False,False,False,True,0.0
2025-09-17 17:00:00+00:00,4.04,4.115,3.97,3.98,10896.0,4.790526354082777,4.628439492907722,"rgba(38, 166, 154, 1.0)",0.6282248120016324,4.470566615639777,-0.7808774920505727,2,0.8712857079014784,1.7425714158029568,0.0,0.0,0.0,0.0,48.70107997588724,-6.75154413363488,True,False,False,False,True,0.0
2025-09-18 17:00:00+00:00,4.005,4.095,3.97,4.075,6010.0,4.78724977059648,4.626372089019445,"rgba(38, 166, 154, 1.0)",0.6294325701458676,4.46901044820607,-0.6259772164550691,2,0.8689711218410882,1.7379422436821763,0.0,0.0,0.0,0.0,51.02246104086869,-4.306472380110456,True,False,False,False,True,0.0
2025-09-19 17:00:00+00:00,4.03,4.06,3.9,3.92,20525.0,4.774989754016983,4.614899094356224,"rgba(38, 166, 154, 1.0)",0.6319777835644156,4.458377360166311,-0.8518928578941659,2,0.8645762739248928,1.7291525478497856,0.0,0.0,0.0,0.0,49.25499365134142,-4.306472380110456,True,False,False,False,True,0.0
2025-09-22 17:00:00+00:00,4.025,4.115,4.025,4.11,9570.0,4.7702431511441725,4.612244161110385,"rgba(38, 166, 154, 1.0)",0.6327144296992302,4.456594084045943,-0.5477891253573918,2,0.8645762739248928,1.7291525478497856,0.0,0.0,0.0,0.0,51.653284520952056,-3.517404428462676,True,False,True,False,True,0.0
2025-09-23 17:00:00+00:00,4.37,4.395,4.28,4.335,9448.0,4.767325363681973,4.614313237431201,"rgba(38, 166, 154, 1.0)",0.6313985834409545,4.460348335278503,-0.198524891512091,2,0.8665313162892031,1.7330626325784062,0.0,0.0,0.0,0.0,56.27821120233292,0.8791671158833907,True,False,True,False,True,0.0
2025-09-24 17:00:00+00:00,4.56,4.67,4.535,4.63,11472.0,4.766063750318223,4.622151163970562,"rgba(38, 166, 154, 1.0)",0.6281559096648853,4.444248238899516,0.295709645077733,2,0.868587885558278,1.737175771116556,0.0,0.0,0.0,0.0,62.06368018674276,6.155903677607952,True,False,True,False,True,2.5511975968739833
2025-09-25 17:00:00+00:00,4.43,4.455,4.36,4.43,7662.0,4.764173595861576,4.623934218801876,"rgba(38, 166, 154, 1.0)",0.6211321180780954,4.442588950499136,-0.020267750020863538,2,0.8687042557141582,1.7374085114283164,0.0,0.0,0.0,0.0,62.187774197945075,6.178310597536857,True,False,True,False,True,0.0
2025-09-26 17:00:00+00:00,4.55,4.555,4.46,4.475,7238.0,4.762819905014464,4.626424389355909,"rgba(38, 166, 154, 1.0)",0.5893735183601462,4.445944657191419,0.049298690734227234,3,0.6924011341086368,2.0772034023259103,0.0,0.0,0.0,0.0,62.73466060536339,6.845807169814684,True,False,True,False,True,0.48480464813648894
2025-09-29 17:00:00+00:00,4.36,4.45,4.335,4.38,12405.0,4.75959995924388,4.627788292142573,"rgba(38, 166, 154, 1.0)",0.5613966897331307,4.446658049128608,-0.11873609222793101,3,0.6924097915223323,2.077229374566997,0.0,0.0,0.0,0.0,61.37767698771327,6.845807169814684,True,False,True,False,True,0.0
2025-09-30 17:00:00+00:00,4.375,4.4,4.29,4.32,8693.0,4.757066883649428,4.627734141521126,"rgba(38, 166, 154, 1.0)",0.5199722792334659,4.4462066701219065,-0.2427180739480149,3,0.6991451943580497,2.097435583074149,0.0,0.0,0.0,0.0,59.409897193041274,6.845807169814684,True,False,True,False,False,0.0
2025-10-01 17:00:00+00:00,4.555,4.605,4.545,4.6,10882.0,4.755774013092136,4.631752220300161,"rgba(38, 166, 154, 1.0)",0.4864296102889301,4.453832340599722,0.3004908753672639,3,0.7025091304115504,2.107527391234651,0.0,0.0,0.0,0.0,61.39366081674291,6.845807169814684,True,False,True,False,False,2.110248365940677
2025-10-02 17:00:00+00:00,4.29,4.29,4.205,4.23,10124.0,4.752239153452092,4.629724485034003,"rgba(38, 166, 154, 1.0)",0.44873062205653663,4.450712807787678,-0.4918603655265348,3,0.7031503851783903,2.109451155535171,0.0,0.0,0.0,0.0,57.30914199143274,6.845807169814684,True,False,True,False,False,0.0
2025-10-03 17:00:00+00:00,4.475,4.485,4.4,4.48,9523.0,4.75032909679814,4.630838934591885,"rgba(38, 166, 154, 1.0)",0.4170264536730716,4.453337877344461,0.0639338881759305,3,0.704740063778131,2.114220191334393,0.0,0.0,0.0,0.0,57.276746644707195,6.845807169814684,True,False,True,False,False,0.5518509996492043
2025-10-06 17:00:00+00:00,4.65,4.765,4.605,4.705,14272.0,4.749769533977358,4.60634091222299,"rgba(38, 166, 154, 1.0)",0.397612265295714,4.460971322084963,0.6137352874000178,3,0.7055949729581398,2.116784918874419,0.0,0.0,0.0,0.0,59.229740665095484,6.845807169814684,True,False,True,False,False,3.1903642514435333
2025-10-07 17:00:00+00:00,4.72,4.75,4.68,4.72,7065.0,4.749613960385921,4.609913820369541,"rgba(38, 166, 154, 1.0)",0.3876127211814615,4.466878817785597,0.6530259931688458,4,0.5733083642068899,2.2932334568275596,0.0,0.0,0.0,0.0,60.658016930664374,6.845807169814684,True,False,True,False,True,3.3630772255215042
2025-10-08 17:00:00+00:00,4.595,4.62,4.52,4.595,10170.0,4.748463003353693,4.610305579559885,"rgba(38, 166, 154, 1.0)",0.38187627117505274,4.468651586435606,0.33086217474474916,4,0.5733083642068899,2.2932334568275596,0.0,0.0,0.0,0.0,59.749709205498256,6.845807169814684,True,False,True,False,True,1.7925197466563318
2025-10-09 17:00:00+00:00,4.655,4.66,4.56,4.585,2569.0,4.748214247864706,4.6107246842735155,"rgba(38, 166, 154, 1.0)",0.3751651288085686,4.469507617311155,0.3078441300118162,4,0.5734575375025065,2.293830150010026,0.0,0.0,0.0,0.0,58.99263941833051,6.845807169814684,True,False,True,False,True,1.667085761632059
2025-10-10 17:00:00+00:00,4.365,4.38,4.225,4.24,6723.0,4.7461544209409015,4.606402313514952,"rgba(38, 166, 154, 1.0)",0.3691436034933779,4.464195355662935,-0.6073391318209757,4,0.573283421711759,2.293133686847036,0.0,0.0,0.0,0.0,54.01502159292516,8.862080927688915,True,False,True,False,False,0.0
2025-10-13 17:00:00+00:00,4.24,4.47,4.24,4.435,5401.0,4.74486619769002,4.604873511270245,"rgba(38, 166, 154, 1.0)",0.36511965211480557,4.462591061272271,-0.07556717671169183,4,0.5737229468861326,2.2948917875445303,0.0,0.0,0.0,0.0,53.106876682430325,7.944656674968968,True,False,True,False,False,0.0
2025-10-14 17:00:00+00:00,4.285,4.38,4.265,4.34,6316.0,4.743151710975243,4.602635747834854,"rgba(38, 166, 154, 1.0)",0.3597891023895452,4.4600788018731965,-0.33374774576464744,4,0.5741550314602293,2.296620125840917,0.0,0.0,0.0,0.0,51.37036509621964,6.182346268653731,False,False,False,False,False,0.0
2025-10-15 17:00:00+00:00,4.37,4.375,4.295,4.33,7665.0,4.741114751816374,4.6004000967688725,"rgba(38, 166, 154, 1.0)",0.3514365627787386,4.457693683764944,-0.3633477483256029,4,0.5746439373319765,2.298575749327906,0.0,0.0,0.0,0.0,50.08858051743904,4.819749655986918,False,False,False,False,False,0.0
2025-10-16 17:00:00+00:00,4.07,4.07,3.895,3.93,12184.0,4.735030925734704,4.5887659782166486,"rgba(239, 83, 80, 1.0)",0.3448293480540137,4.442815633995506,-1.4871577401676936,4,0.5724611043581785,2.289844417432714,0.0,0.0,0.0,0.0,45.12862651014249,0.11482458219092706,False,True,False,True,False,0.0
2025-10-17 17:00:00+00:00,3.815,3.835,3.775,3.785,5860.0,4.731512699964216,4.581962951220794,"rgba(239, 83, 80, 1.0)",0.3397389034576401,4.43406297462672,-1.9104758625549847,4,0.5688650283421899,2.2754601133687595,0.0,0.0,0.0,0.0,40.700190641827795,-3.9069971047338754,False,True,False,True,False,0.0
2025-10-20 17:00:00+00:00,3.765,3.805,3.74,3.775,7802.0,4.726744954379647,4.57318455518701,"rgba(239, 83, 80, 1.0)",0.3350231671431096,4.422870853909632,-1.9338091136631332,4,0.5658330857873344,2.2633323431493375,0.0,0.0,0.0,0.0,37.66976262662985,-6.5898617324600295,False,True,False,True,False,0.0
2025-10-21 17:00:00+00:00,3.715,3.775,3.695,3.71,8676.0,4.7212417274652925,4.56343660436376,"rgba(239, 83, 80, 1.0)",0.3299295311056184,4.410549594995036,-2.1233309811566192,4,0.563137883139332,2.252551532557328,0.0,0.0,0.0,0.0,35.11127511490781,-8.89967495066432,False,True,False,True,False,0.0
2025-10-22 17:00:00+00:00,3.74,3.835,3.665,3.815,10856.0,4.714748166257117,4.552931369203606,"rgba(239, 83, 80, 1.0)",0.3229905027472833,4.3975770273403825,-1.8036970820662392,4,0.5615464643980488,2.246185857592195,0.0,0.0,0.0,0.0,35.38780756515376,-8.89967495066432,False,True,False,True,False,0.0
2025-10-23 17:00:00+00:00,3.96,4.07,3.93,4.01,17993.0,4.70677527859407,4.54339218988673,"rgba(239, 83, 80, 1.0)",0.31749174636372385,4.386944176303209,-1.1872566157086042,4,0.5607144198306955,2.242857679322782,0.0,0.0,0.0,0.0,38.79056329271692,-8.89967495066432,False,True,False,True,True,0.0
2025-10-24 17:00:00+00:00,4.005,4.04,3.99,4.015,8852.0,4.702982061761755,4.539129467925099,"rgba(239, 83, 80, 1.0)",0.31383750888327594,4.382351005126291,-1.1705133858391625,4,0.5601142007237455,2.240456802894982,0.0,0.0,0.0,0.0,41.13757135342383,-14.906465277662107,False,True,False,True,True,0.0
2025-10-27 17:00:00+00:00,3.855,3.89,3.825,3.885,7485.0,4.699122356370353,4.534037478885505,"rgba(239, 83, 80, 1.0)",0.309388120342536,4.376510939175361,-1.588654854075166,4,0.5583880318182973,2.2335521272731893,0.0,0.0,0.0,0.0,40.98522345287519,-14.857044678049832,False,True,False,True,True,0.0
2025-10-28 17:00:00+00:00,3.82,3.83,3.78,3.79,8827.0,4.694255294053678,4.527415468414846,"rgba(239, 83, 80, 1.0)",0.30715821846606983,4.36884883893275,-1.8845298746147408,4,0.5566484150937843,2.226593660375137,0.0,0.0,0.0,0.0,39.73669696462517,-14.857044678049832,False,True,False,True,True,0.0
2025-10-29 17:00:00+00:00,3.805,3.81,3.725,3.745,6885.0,4.690327265125383,4.522041355641205,"rgba(239, 83, 80, 1.0)",0.3069385594534486,4.362630976310141,-2.0122299961592587,4,0.5564458860762402,2.225783544304961,0.0,0.0,0.0,0.0,38.368966001648566,-14.857044678049832,False,True,False,True,False,0.0
2025-10-30 17:00:00+00:00,3.77,3.795,3.695,3.705,18120.0,4.67983548865284,4.507910244081839,"rgba(239, 83, 80, 1.0)",0.3072276205208281,4.346423826600587,-2.0877804720591593,4,0.5589373741164537,2.235749496465815,0.0,0.0,0.0,0.0,36.96603763943539,-14.857044678049832,False,True,False,True,False,0.0
2025-10-31 17:00:00+00:00,3.335,3.555,3.315,3.415,79018.0,4.622827461675648,4.428565224961195,"rgba(239, 83, 80, 1.0)",0.3154076869847791,4.254943017654783,-2.6630391468401884,3,0.3405245310192096,1.0215735930576288,0.0,0.0,0.0,0.0,33.1591659235483,-11.674450358186277,False,True,False,True,False,0.0
2025-11-03 17:00:00+00:00,3.62,3.64,3.51,3.52,9711.0,4.616892190246886,4.421440558360399,"rgba(239, 83, 80, 1.0)",0.3204284434744628,4.24727505381685,-2.2696956797307895,3,0.3519132449779574,1.0557397349338722,0.0,0.0,0.0,0.0,32.93315955071338,-12.065641732152933,False,True,False,True,False,0.0
2025-11-04 17:00:00+00:00,3.8,3.895,3.735,3.865,36726.0,4.600701200626271,4.406394885116514,"rgba(239, 83, 80, 1.0)",0.3177060939960736,4.233452161649565,-1.159726453513095,3,0.37484628909360646,1.1245388672808194,0.0,0.0,0.0,0.0,38.547214133934716,-16.70962369211145,False,True,False,True,True,0.0
2025-11-05 17:00:00+00:00,4.01,4.08,4.01,4.07,13094.0,4.596706576302424,4.404195939102339,"rgba(38, 166, 154, 1.0)",0.31216441440641746,4.232490876393761,-0.5205297878130617,3,0.39708478022990296,1.191254340689709,0.0,0.0,0.0,0.0,44.73739305843111,-11.091798176726826,False,True,False,True,True,0.0
