date,Open,High,Low,Close,Volume,aVWAP_BoS_CHoCH_bull_119,aVWAP_BoS_CHoCH_bull_269,aVWAP_BoS_CHoCH_bull_358,aVWAP_BoS_CHoCH_bull_474,aVWAP_BoS_CHoCH_bull_570,aVWAP_BoS_CHoCH_bull_635,aVWAP_BoS_CHoCH_bull_706,aVWAP_BoS_CHoCH_bull_810,Peaks_Valleys_avg,color,StDev,StDev_Mean,StdDev_ZScore,MA_Cross_Count,MA_Avg_Deviation_Z,MA_Oscillation_Score,BoS,CHoCH,BoS_CHoCH_Price,BoS_CHoCH_Break_Index,QQEMOD,QQE1_Value,QQE1_Above_Upper,QQE1_Below_Lower,QQE2_Above_Threshold,QQE2_Below_Threshold,QQE2_Above_TL,banker_RSI
2025-03-18 14:00:00+00:00,138.62,138.62,138.62,138.62,0.0,,,,,,,,,,"rgba(38, 166, 154, 1.0)",,,,0,,,0.0,0.0,0.0,0.0,,,False,False,False,False,False,
2025-03-18 15:00:00+00:00,138.62,138.62,138.62,138.62,0.0,,,,,,,,,,"rgba(38, 166, 154, 1.0)",,,,0,,,0.0,0.0,0.0,0.0,,,False,False,False,False,False,
2025-03-18 16:00:00+00:00,138.62,138.62,138.62,138.62,0.0,,,,,,,,,,"rgba(38, 166, 154, 1.0)",,,,0,,,0.0,0.0,0.0,0.0,,,False,False,False,False,False,
2025-03-18 17:00:00+00:00,138.62,138.62,138.62,138.62,0.0,,,,,,,,,,"rgba(38, 166, 154, 1.0)",,,,0,,,0.0,0.0,0.0,0.0,,,False,False,False,False,False,
2025-03-18 18:00:00+00:00,138.62,138.62,138.62,138.62,33.0,,,,,,,,,,"rgba(38, 166, 154, 1.0)",,,,0,,,0.0,0.0,0.0,0.0,,,False,False,False,False,False,
2025-03-18 19:00:00+00:00,138.62,138.62,138.54,138.54,100.0,,,,,,,,,,"rgba(239, 83, 80, 1.0)",,,,0,,,0.0,0.0,0.0,0.0,0.0,,False,False,False,True,False,
2025-03-19 14:00:00+00:00,138.54,140.7,138.54,140.7,250.0,,,,,,,,,,"rgba(38, 166, 154, 1.0)",,,,0,,,0.0,0.0,0.0,0.0,32.270916334661194,-98.40637450199179,False,False,False,True,True,
2025-03-19 15:00:00+00:00,140.7,140.795,140.7,140.795,100.0,,,,,,,,,,"rgba(38, 166, 154, 1.0)",,,,0,,,0.0,0.0,0.0,0.0,53.83342620843418,-75.77302398212998,False,False,True,False,True,
2025-03-19 16:00:00+00:00,140.795,141.49,140.795,141.49,24.0,,,,,,,,,,"rgba(38, 166, 154, 1.0)",,,,0,,,0.0,0.0,0.0,0.0,68.485594153965,-58.71647681003286,False,False,True,False,True,
2025-03-19 17:00:00+00:00,141.49,141.49,141.49,141.49,0.0,,,,,,,,,,"rgba(38, 166, 154, 1.0)",,,,0,,,0.0,0.0,0.0,0.0,78.2537061176522,-45.29829049915202,False,False,True,False,True,
2025-03-19 18:00:00+00:00,141.49,142.56,141.49,142.56,300.0,,,,,,,,,,"rgba(38, 166, 154, 1.0)",,,,0,,,0.0,0.0,0.0,0.0,85.02181442802811,-33.928865572937596,False,False,True,False,True,
2025-03-19 19:00:00+00:00,142.56,142.85,141.71,142.56,234.0,,,,,,,,,142.37333333333333,"rgba(38, 166, 154, 1.0)",,142.37333333333333,,0,,,0.0,0.0,0.0,0.0,89.53388663494539,-24.16513075253676,False,False,True,False,True,
2025-03-20 14:00:00+00:00,142.56,142.56,142.56,142.56,0.0,,,,,,,,,142.37333333333333,"rgba(38, 166, 154, 1.0)",,142.37333333333333,,0,,,0.0,0.0,0.0,0.0,92.54193477289024,-15.548862660257647,False,False,True,False,True,
2025-03-20 15:00:00+00:00,142.56,142.56,142.56,142.56,0.0,,,,,,,,,142.37333333333333,"rgba(38, 166, 154, 1.0)",,142.37333333333333,,0,,,0.0,0.0,0.0,0.0,94.5473001981868,-7.831141109390899,False,False,True,False,True,
2025-03-20 16:00:00+00:00,142.56,142.56,142.56,142.56,0.0,,,,,,,,,142.37333333333333,"rgba(38, 166, 154, 1.0)",,142.37333333333333,,0,,,0.0,0.0,0.0,0.0,95.88421048171784,-0.8768762815449378,False,False,True,False,True,
2025-03-20 17:00:00+00:00,142.56,142.56,142.56,142.56,0.0,,,,,,,,,142.37333333333333,"rgba(38, 166, 154, 1.0)",,142.37333333333333,,0,,,0.0,0.0,0.0,0.0,96.77548400407187,5.390820267465749,False,False,True,False,True,
2025-03-20 18:00:00+00:00,142.56,142.56,142.56,142.56,0.0,,,,,,,,,142.37333333333333,"rgba(38, 166, 154, 1.0)",,142.37333333333333,,0,,,0.0,0.0,0.0,0.0,97.3696663523079,11.021881667402688,False,False,True,False,True,
2025-03-20 19:00:00+00:00,142.56,142.56,141.78,141.78,35.0,,,,,,,,,142.3299628252788,"rgba(239, 83, 80, 1.0)",,142.3299628252788,,0,,,0.0,0.0,0.0,0.0,85.73470411757481,11.021881667402688,False,False,True,False,True,
2025-03-21 14:00:00+00:00,141.78,141.78,141.78,141.78,0.0,,,,,,,,,142.3299628252788,"rgba(239, 83, 80, 1.0)",,142.3299628252788,,0,,,0.0,0.0,0.0,0.0,77.97806262775273,11.021881667402688,False,False,True,False,False,
2025-03-21 15:00:00+00:00,141.78,141.78,141.78,141.78,0.0,,,,,,,,,142.3299628252788,"rgba(239, 83, 80, 1.0)",,142.3299628252788,,0,,,0.0,0.0,0.0,0.0,72.80696830120468,11.021881667402688,False,False,True,False,False,
2025-03-21 16:00:00+00:00,141.78,141.78,139.82,139.82,100.0,,,,,,,,,141.15007226738936,"rgba(239, 83, 80, 1.0)",,141.15007226738936,,0,,,0.0,0.0,0.0,0.0,57.55069365540757,33.97236822579566,False,False,True,False,False,
2025-03-21 17:00:00+00:00,139.82,139.82,139.82,139.82,0.0,,,,,,,,,141.15007226738936,"rgba(239, 83, 80, 1.0)",,141.15007226738936,,0,,,0.0,0.0,0.0,0.0,47.37984389154283,23.021129425197046,False,False,False,True,False,
2025-03-21 18:00:00+00:00,139.82,141.01,139.82,141.01,100.0,,,,,,,,,140.83451847903342,"rgba(239, 83, 80, 1.0)",,140.83451847903342,,0,,,0.0,0.0,0.0,0.0,47.98121317074803,22.15753522746691,False,False,False,True,False,
2025-03-21 19:00:00+00:00,141.01,141.125,140.67,141.125,212.0,,,,,,,,,140.96585499329757,"rgba(38, 166, 154, 1.0)",,140.96585499329757,,0,,,0.0,0.0,0.0,0.0,48.923227646926875,21.289121643756275,False,False,False,True,False,
2025-03-24 14:00:00+00:00,141.125,141.125,141.125,141.125,0.0,,,,,,,,,140.96585499329757,"rgba(38, 166, 154, 1.0)",,140.96585499329757,,0,,,0.0,0.0,0.0,0.0,49.55123729771278,19.926622541418325,False,False,False,False,False,
2025-03-24 15:00:00+00:00,141.125,141.125,141.125,141.125,0.0,,,,,,,,,140.96585499329757,"rgba(38, 166, 154, 1.0)",,140.96585499329757,,0,,,0.0,0.0,0.0,0.0,49.96991039823672,18.298221940247174,False,False,False,False,False,
2025-03-24 16:00:00+00:00,141.125,141.125,141.125,141.125,0.0,,,,,,,,,140.96585499329757,"rgba(38, 166, 154, 1.0)",,140.96585499329757,,0,,,0.0,0.0,0.0,0.0,50.24902579858602,16.56198924986613,False,False,False,False,False,
2025-03-24 17:00:00+00:00,141.125,141.125,141.125,141.125,0.0,,,,,,,,,140.96585499329757,"rgba(38, 166, 154, 1.0)",,140.96585499329757,,0,,,0.0,0.0,0.0,0.0,50.43510273215222,14.824332560670314,False,False,False,False,False,
2025-03-24 18:00:00+00:00,141.125,145.07,141.125,145.07,100.0,,,,,,,,,141.53938536460308,"rgba(38, 166, 154, 1.0)",,141.53938536460308,,0,,,0.0,0.0,0.0,0.0,61.44447035345091,14.824332560670314,False,False,True,False,True,
2025-03-24 19:00:00+00:00,145.07,146.25,145.07,146.25,440.0,,,,,,,,,144.00743369589475,"rgba(38, 166, 154, 1.0)",,144.00743369589475,,0,,,0.0,0.0,0.0,0.0,69.79055544904132,6.2716014234305675,False,False,True,False,True,
2025-03-25 14:00:00+00:00,146.25,146.25,146.25,146.25,0.0,,,,,,,,,144.00743369589475,"rgba(38, 166, 154, 1.0)",,144.00743369589475,,0,,,0.0,0.0,0.0,0.0,75.35461217943492,11.925261107939676,False,False,True,False,True,
2025-03-25 15:00:00+00:00,146.25,146.25,146.25,146.25,0.0,,,,,,,,,144.00743369589475,"rgba(38, 166, 154, 1.0)",,144.00743369589475,,0,,,0.0,0.0,0.0,0.0,79.06398333303066,15.858215079669577,False,False,True,False,True,
2025-03-25 16:00:00+00:00,146.25,146.25,146.25,146.25,0.0,,,,,,,,,144.00743369589475,"rgba(38, 166, 154, 1.0)",,144.00743369589475,,0,,,0.0,0.0,0.0,0.0,81.53689743542782,18.755161505567315,False,False,True,False,True,
2025-03-25 17:00:00+00:00,146.25,146.25,146.25,146.25,0.0,,,,,,,,,144.00743369589475,"rgba(38, 166, 154, 1.0)",,144.00743369589475,,0,,,0.0,0.0,0.0,0.0,83.18550683702594,21.021560091240417,False,False,True,False,True,
2025-03-25 18:00:00+00:00,146.25,146.25,146.25,146.25,0.0,,,,,,,,,144.00743369589475,"rgba(38, 166, 154, 1.0)",,144.00743369589475,,0,,,0.0,0.0,0.0,0.0,84.28457977142469,22.892668679838707,False,False,True,False,True,
2025-03-25 19:00:00+00:00,146.25,146.25,144.86,145.94,220.0,,,,,,,,,145.06037759334617,"rgba(38, 166, 154, 1.0)",,145.06037759334617,,0,,,0.0,0.0,0.0,0.0,82.4623317849003,22.892668679838707,False,False,True,False,True,
2025-03-26 14:00:00+00:00,145.02,145.02,144.79,144.79,200.0,,,,,,,,,144.87623351942574,"rgba(239, 83, 80, 1.0)",,144.87623351942574,,0,,,0.0,0.0,0.0,0.0,74.1536046677648,22.892668679838707,False,False,True,False,False,
2025-03-26 15:00:00+00:00,144.79,145.18,144.79,145.18,100.0,,,,,,,,,144.8691347609554,"rgba(239, 83, 80, 1.0)",,144.8691347609554,,0,,,0.0,0.0,0.0,0.0,69.93641065530116,30.420974163048726,False,False,True,False,False,
2025-03-26 16:00:00+00:00,145.18,145.18,143.18,143.18,100.0,,,,,,,,,144.72434837574923,"rgba(239, 83, 80, 1.0)",,144.72434837574923,,0,,,0.0,0.0,0.0,0.0,59.9466771240522,20.975979150233584,False,False,True,False,False,
2025-03-26 17:00:00+00:00,143.18,143.18,143.18,143.18,0.0,,,,,,,,,144.72434837574923,"rgba(239, 83, 80, 1.0)",,144.72434837574923,,0,,,0.0,0.0,0.0,0.0,53.28685476988622,14.889599602234583,False,False,False,False,False,
2025-03-26 18:00:00+00:00,143.18,143.18,143.07,143.07,100.0,,,,,,,,,144.53927377599155,"rgba(239, 83, 80, 1.0)",,144.53927377599155,,0,,,0.0,0.0,0.0,0.0,48.529984604135386,10.511310055711775,False,False,False,True,False,
2025-03-26 19:00:00+00:00,143.07,143.07,142.3,142.3,200.0,,,,,,,,,144.18494247752315,"rgba(239, 83, 80, 1.0)",,144.18494247752315,,0,,,0.0,0.0,0.0,0.0,43.30640433396924,5.573126390805122,False,False,False,True,False,
2025-03-27 14:00:00+00:00,142.3,142.3,142.3,142.3,0.0,,,,,,,,,144.18494247752315,"rgba(239, 83, 80, 1.0)",,144.18494247752315,,0,,,0.0,0.0,0.0,0.0,39.82401748719181,2.1309631737980723,False,False,False,True,False,
2025-03-27 15:00:00+00:00,142.3,142.3,142.3,142.3,0.0,,,,,,,,,144.18494247752315,"rgba(239, 83, 80, 1.0)",,144.18494247752315,,0,,,0.0,0.0,0.0,0.0,37.502426256006856,-0.42500363867959123,False,False,False,True,False,
2025-03-27 16:00:00+00:00,142.3,142.3,141.05,141.05,200.0,,,,,,,,,143.78712045579462,"rgba(239, 83, 80, 1.0)",,143.78712045579462,,0,,,0.0,0.0,0.0,0.0,33.027296692087276,-5.085523422447089,False,False,False,True,False,
2025-03-27 17:00:00+00:00,141.05,141.05,141.05,141.05,0.0,,,,,,,,,143.78712045579462,"rgba(239, 83, 80, 1.0)",,143.78712045579462,,0,,,0.0,0.0,0.0,0.0,30.043876982807554,-8.364738096920135,False,True,False,True,False,
2025-03-27 18:00:00+00:00,141.05,141.05,141.05,141.05,0.0,,,,,,,,,143.78712045579462,"rgba(239, 83, 80, 1.0)",,143.78712045579462,,0,,,0.0,0.0,0.0,0.0,28.054930509954403,-10.807754097022588,False,True,False,True,False,
2025-03-27 19:00:00+00:00,140.59,141.11,140.59,141.11,9.0,,,,,,,,,143.76870728559624,"rgba(239, 83, 80, 1.0)",,143.76870728559624,,0,,,0.0,0.0,0.0,0.0,27.18294491244954,-12.328638247937434,False,True,False,True,False,
2025-03-28 14:00:00+00:00,139.84,139.84,139.84,139.84,0.0,,,,,,,,,143.76870728559624,"rgba(239, 83, 80, 1.0)",,143.76870728559624,,0,,,0.0,0.0,0.0,0.0,24.063602255201378,-15.9708783872277,False,True,False,True,False,
2025-03-28 15:00:00+00:00,139.84,139.84,139.84,139.84,0.0,,,,,,,,,143.76870728559624,"rgba(239, 83, 80, 1.0)",,143.76870728559624,,0,,,0.0,0.0,0.0,0.0,21.984040483702604,-18.57575914438637,False,True,False,True,False,0.0
2025-03-28 16:00:00+00:00,139.84,139.84,137.73,137.73,100.0,,,,,,,,,143.41363089256944,"rgba(239, 83, 80, 1.0)",,143.41363089256944,,0,,,0.0,0.0,0.0,0.0,18.30263229205238,-22.60283868257035,False,True,False,True,False,0.0
2025-03-28 17:00:00+00:00,137.73,137.73,137.455,137.455,100.0,,,,,,,,,143.05031418449815,"rgba(239, 83, 80, 1.0)",,143.05031418449815,,0,,,0.0,0.0,0.0,0.0,15.65290403438716,-25.572604937265744,False,True,False,True,False,0.0
2025-03-28 18:00:00+00:00,137.455,137.455,137.455,137.455,0.0,,,,,,,,,143.05031418449815,"rgba(239, 83, 80, 1.0)",,143.05031418449815,,0,,,0.0,0.0,0.0,0.0,13.886418529277012,-27.718245851098068,False,True,False,True,False,0.0
2025-03-28 19:00:00+00:00,137.455,137.5,137.455,137.5,100.0,,,,,,,,,142.72795447041776,"rgba(239, 83, 80, 1.0)",,142.72795447041776,,0,,,0.0,0.0,0.0,0.0,13.03682915671868,-29.06134917276776,False,True,False,True,False,0.0
2025-03-31 14:00:00+00:00,137.5,137.5,137.5,137.5,0.0,,,,,,,,,142.72795447041776,"rgba(239, 83, 80, 1.0)",,142.72795447041776,,0,,,0.0,0.0,0.0,0.0,12.470436241679792,-30.20302459055457,False,True,False,True,False,0.0
2025-03-31 15:00:00+00:00,137.5,137.5,137.5,137.5,0.0,,,,,,,,,142.72795447041776,"rgba(239, 83, 80, 1.0)",,142.72795447041776,,0,,,0.0,0.0,0.0,0.0,12.0928409649872,-31.2041027080472,False,True,False,True,False,0.0
2025-03-31 16:00:00+00:00,137.5,137.5,137.5,137.5,0.0,,,,,,,,,142.72795447041776,"rgba(239, 83, 80, 1.0)",,142.72795447041776,,0,,,0.0,0.0,0.0,0.0,11.841110780525472,-32.0978111452534,False,True,False,True,False,0.0
2025-03-31 17:00:00+00:00,137.5,137.5,137.5,137.5,0.0,,,,,,,,,142.72795447041776,"rgba(239, 83, 80, 1.0)",,142.72795447041776,,0,,,0.0,0.0,0.0,0.0,11.673290657550986,-32.90215846065575,False,True,False,True,False,0.0
2025-03-31 18:00:00+00:00,137.5,137.5,137.37,137.37,320.0,,,,,,,,,141.90495492647563,"rgba(239, 83, 80, 1.0)",,141.90495492647563,,0,,,0.0,0.0,0.0,0.0,11.357091855079224,-33.811096821305895,False,True,False,True,False,0.0
2025-03-31 19:00:00+00:00,137.37,137.53,137.33,137.33,200.0,,,,,,,,,141.1681369694925,"rgba(239, 83, 80, 1.0)",,141.1681369694925,,0,,,0.0,0.0,0.0,0.0,11.08061967065126,-34.63254755746982,False,True,False,True,False,0.0
2025-04-01 14:00:00+00:00,137.33,137.33,137.33,137.33,0.0,,,,,,,,,141.1681369694925,"rgba(239, 83, 80, 1.0)",,141.1681369694925,,0,,,0.0,0.0,0.0,0.0,10.896304881032616,-35.318690452112776,False,True,False,True,False,0.0
2025-04-01 15:00:00+00:00,137.33,137.33,137.33,137.33,0.0,,,,,,,,,141.1681369694925,"rgba(239, 83, 80, 1.0)",,141.1681369694925,,0,,,0.0,0.0,0.0,0.0,10.773428354620187,-35.901849499773704,False,True,False,True,False,0.0
2025-04-01 16:00:00+00:00,137.33,138.7,137.33,138.7,100.0,,,,,,,,,140.50254433295223,"rgba(38, 166, 154, 1.0)",,140.50254433295223,,0,,,0.0,0.0,0.0,0.0,24.784460812470396,-29.513794879497446,False,True,False,True,True,0.0
2025-04-01 17:00:00+00:00,138.7,138.7,138.64,138.64,100.0,,,,,,,,,140.48167584888478,"rgba(38, 166, 154, 1.0)",,140.48167584888478,,0,,,0.0,0.0,0.0,0.0,33.724661844126956,-21.918745192999342,False,True,False,True,True,0.0
2025-04-01 18:00:00+00:00,138.64,138.64,138.64,138.64,0.0,,,,,,,,,140.48167584888478,"rgba(38, 166, 154, 1.0)",,140.48167584888478,,0,,,0.0,0.0,0.0,0.0,39.68479586523133,-17.189785153421766,False,False,False,True,True,0.0
2025-04-01 19:00:00+00:00,138.64,139.34,138.64,139.34,300.0,,,,,,,,,140.42717798693744,"rgba(38, 166, 154, 1.0)",,140.42717798693744,,0,,,0.0,0.0,0.0,0.0,47.71482413048169,-10.475727822127467,False,False,False,False,True,0.0
2025-04-02 14:00:00+00:00,138.07,139.755,138.07,139.755,300.0,,,,,,,,,140.34032349124934,"rgba(38, 166, 154, 1.0)",,140.34032349124934,,0,,,0.0,0.0,0.0,0.0,54.802524468130095,-4.611396837871418,True,False,True,False,True,0.0
2025-04-02 15:00:00+00:00,139.755,140.285,139.755,140.19,100.0,,,,,,,,,140.35633663484415,"rgba(38, 166, 154, 1.0)",,140.35633663484415,,0,,,0.0,0.0,0.0,0.0,61.025404564796816,0.5827957151975838,True,False,True,False,True,0.5098720016834832
2025-04-02 16:00:00+00:00,140.19,141.07,140.19,141.07,1.0,,,,,,,,,140.35682577113872,"rgba(38, 166, 154, 1.0)",,140.35682577113872,,0,,,0.0,0.0,0.0,0.0,67.36628546197035,6.048932848735191,True,False,True,False,True,4.95970841192435
2025-04-02 17:00:00+00:00,141.07,141.715,140.62,140.62,100.0,,,,,,,,,140.44680063620538,"rgba(38, 166, 154, 1.0)",,140.44680063620538,,0,,,0.0,0.0,0.0,0.0,68.26302395041273,6.748855584135754,True,False,True,False,True,2.5426360558345245
2025-04-02 18:00:00+00:00,140.62,140.725,140.48,140.52,0.0,,,,,,,,,140.44680063620538,"rgba(38, 166, 154, 1.0)",,140.44680063620538,,0,,,0.0,0.0,0.0,0.0,68.15419984671715,6.963753722774925,True,False,True,False,True,2.014733605626038
2025-04-02 19:00:00+00:00,140.52,141.37,140.35,141.37,100.0,,,,,,,,,140.49235439132735,"rgba(38, 166, 154, 1.0)",,140.49235439132735,,0,,,0.0,0.0,0.0,0.0,70.48026805720971,9.712015192270165,True,False,True,False,True,6.084087656771938
2025-04-03 14:00:00+00:00,141.37,141.37,132.82,132.82,649.0,,,,,,,,,139.33447630696935,"rgba(239, 83, 80, 1.0)",,139.33447630696935,,0,,,0.0,0.0,0.0,0.0,54.06218395600719,15.771311430707698,True,False,False,False,False,0.0
2025-04-03 15:00:00+00:00,132.82,133.685,131.945,133.335,400.0,,,,,,,,,138.59299192279076,"rgba(239, 83, 80, 1.0)",,138.59299192279076,,0,,,0.0,0.0,0.0,0.0,44.33424248648414,7.14995875939595,False,False,False,True,False,0.0
2025-04-03 16:00:00+00:00,133.335,134.435,133.335,133.77,200.0,,,,,,,,,138.34611958760337,"rgba(239, 83, 80, 1.0)",2.98717294866321,138.34611958760337,-1.5319232151091948,0,,,0.0,0.0,0.0,0.0,38.905626089206415,2.4597921817847492,False,False,False,True,False,0.0
2025-04-03 17:00:00+00:00,133.805,134.0,133.435,133.5,0.0,,,,,,,,,138.34611958760337,"rgba(239, 83, 80, 1.0)",3.092065368526881,138.34611958760337,-1.5672759175567341,0,,,0.0,0.0,0.0,0.0,35.01893965785363,-1.107784365549307,False,True,False,True,False,0.0
2025-04-03 18:00:00+00:00,133.5,133.645,132.925,133.51,0.0,,,,,,,,,138.34611958760337,"rgba(239, 83, 80, 1.0)",3.191736095968202,138.34611958760337,-1.5152003305387183,0,,,0.0,0.0,0.0,0.0,32.456703740147276,-3.7644974047769253,False,True,False,True,False,0.0
2025-04-03 19:00:00+00:00,133.51,133.51,132.435,132.655,200.0,,,,,,,,,138.072951188614,"rgba(239, 83, 80, 1.0)",3.3128991685381752,138.072951188614,-1.6354108329245336,0,,,0.0,0.0,0.0,0.0,29.811962724232238,-6.756381631077097,False,True,False,True,False,0.0
2025-04-04 14:00:00+00:00,125.94,125.94,125.94,125.94,0.0,,,,,,,,,138.072951188614,"rgba(239, 83, 80, 1.0)",3.7092672742351342,138.072951188614,-3.2709832674745387,0,,,0.0,0.0,0.0,0.0,24.158138715104577,-12.604261119726104,False,True,False,True,False,0.0
2025-04-04 15:00:00+00:00,125.94,125.94,125.94,125.94,0.0,,,,,,,,,138.072951188614,"rgba(239, 83, 80, 1.0)",4.060059964941275,138.072951188614,-2.988367485550058,0,,,0.0,0.0,0.0,0.0,20.38892270901947,-16.650255038703136,False,True,False,True,False,0.0
2025-04-04 16:00:00+00:00,125.94,125.94,125.94,125.94,0.0,,,,,,,,,138.072951188614,"rgba(239, 83, 80, 1.0)",4.375904959687339,138.072951188614,-2.7726724644131493,0,,,0.0,0.0,0.0,0.0,17.876112038296064,-19.60735539669613,False,True,False,True,False,0.0
2025-04-04 17:00:00+00:00,125.94,125.94,125.94,125.94,0.0,,,,,,,,,138.072951188614,"rgba(239, 83, 80, 1.0)",4.6654228509727185,138.072951188614,-2.600611257795068,0,,,0.0,0.0,0.0,0.0,16.20090492448046,-21.90004850158302,False,True,False,True,False,0.0
2025-04-04 18:00:00+00:00,125.94,125.94,125.94,125.94,0.0,,,,,,,,,138.072951188614,"rgba(239, 83, 80, 1.0)",4.929737009413587,138.072951188614,-2.4611761571551423,0,,,0.0,0.0,0.0,0.0,15.084100181936725,-23.776325667115465,False,True,False,True,False,0.0
2025-04-04 19:00:00+00:00,125.94,125.94,125.94,125.94,0.0,,,,,,,,,138.072951188614,"rgba(239, 83, 80, 1.0)",5.169706523637543,138.072951188614,-2.34693229357185,0,,,0.0,0.0,0.0,0.0,14.339563686907567,-25.378053829392393,False,True,False,True,False,0.0
2025-04-07 14:00:00+00:00,125.94,125.94,125.94,125.94,0.0,,,,,,,,,138.072951188614,"rgba(239, 83, 80, 1.0)",5.3909450064959,138.072951188614,-2.2506167608822265,0,,,0.0,0.0,0.0,0.0,13.843206023554796,-26.784673692796463,False,True,False,True,False,0.0
2025-04-07 15:00:00+00:00,125.94,125.94,123.44,123.44,21.0,,,,,,,,,137.99660694557923,"rgba(239, 83, 80, 1.0)",5.673195968366993,137.99660694557923,-2.565856534261286,0,,,0.0,0.0,0.0,0.0,12.279402681601406,-29.149549319933293,False,True,False,True,False,0.0
2025-04-07 16:00:00+00:00,123.44,123.44,123.44,123.44,0.0,,,,,,,,,137.99660694557923,"rgba(239, 83, 80, 1.0)",5.930959315777287,137.99660694557923,-2.45434274129252,0,,,0.0,0.0,0.0,0.0,11.236867120299145,-30.943359507561343,False,True,False,True,False,0.0
2025-04-07 17:00:00+00:00,123.44,125.59,123.44,125.59,127.0,,,,,,,,,137.57502261847594,"rgba(239, 83, 80, 1.0)",6.10144744531393,137.57502261847594,-1.9642917071556105,0,,,0.0,0.0,0.0,0.0,17.765716807937423,-30.943359507561343,False,True,False,True,True,0.0
2025-04-07 18:00:00+00:00,125.59,125.695,124.305,124.305,20.0,,,,,,,,,137.51089785599243,"rgba(239, 83, 80, 1.0)",6.295674060326965,137.51089785599243,-2.097614604798421,0,,,0.0,0.0,0.0,0.0,20.698095725979165,-36.87696983992653,False,True,False,True,True,0.0
2025-04-07 19:00:00+00:00,124.305,124.305,123.15,123.15,100.0,,,,,,,,,137.16960408495964,"rgba(239, 83, 80, 1.0)",6.508988864334916,137.16960408495964,-2.1538835565963366,0,,,0.0,0.0,0.0,0.0,21.567206166724546,-35.72521672989078,False,True,False,True,True,0.0
2025-04-08 14:00:00+00:00,123.15,123.15,123.15,123.15,0.0,,,,,,,,,137.16960408495964,"rgba(239, 83, 80, 1.0)",6.705415357538785,137.16960408495964,-2.0907883162222958,0,,,0.0,0.0,0.0,0.0,22.146613127221467,-34.7311622412331,False,True,False,True,True,0.0
2025-04-08 15:00:00+00:00,123.15,128.25,123.15,127.03,300.0,,,,,,,,,135.82729656695446,"rgba(38, 166, 154, 1.0)",6.791711501316657,135.82729656695446,-1.2952989191677229,0,,,0.0,0.0,0.0,0.0,31.294017015267848,-25.958013309230292,False,False,False,True,True,0.0
2025-04-08 16:00:00+00:00,127.03,127.85,125.6,125.62,59.0,,,,,,,,,135.70755206516492,"rgba(38, 166, 154, 1.0)",6.908351584974627,135.70755206516492,-1.4601966823901833,0,,,0.0,0.0,0.0,0.0,35.36098609281248,-22.24718309832808,False,False,False,True,True,0.0
2025-04-08 17:00:00+00:00,125.62,125.62,125.62,125.62,0.0,,,,,,,,,135.70755206516492,"rgba(38, 166, 154, 1.0)",7.016351730322773,135.70755206516492,-1.4377204069700844,0,,,0.0,0.0,0.0,0.0,38.07229881117557,-19.73060375880683,True,False,False,True,True,0.0
2025-04-08 18:00:00+00:00,125.62,125.62,124.305,124.305,120.0,,,,,,,,,135.4082268754789,"rgba(38, 166, 154, 1.0)",7.145632779524817,135.4082268754789,-1.5538479541369963,0,,,0.0,0.0,0.0,0.0,38.043237123740234,-19.57508487464518,True,False,False,True,True,0.0
2025-04-08 19:00:00+00:00,124.305,124.305,124.305,124.305,0.0,,,,,,,,,135.4082268754789,"rgba(38, 166, 154, 1.0)",7.28040568800817,135.4082268754789,-1.5250835394746531,0,,,0.0,0.0,0.0,0.0,38.02386266545001,-19.17353233300694,True,False,False,True,True,0.0
2025-04-09 14:00:00+00:00,124.305,124.305,121.72,121.72,100.0,,,,,,,,,135.1107460571777,"rgba(239, 83, 80, 1.0)",7.46961386594421,135.1107460571777,-1.7926958872973833,0,,,0.0,0.0,0.0,0.0,34.97670676743462,-19.17353233300694,False,False,False,True,False,0.0
2025-04-09 15:00:00+00:00,121.72,122.98,121.64,122.98,0.0,,,,,,,,,135.1107460571777,"rgba(239, 83, 80, 1.0)",7.606631943411106,135.1107460571777,-1.5947591716574887,0,,,0.0,0.0,0.0,0.0,35.69859161148248,-19.17353233300694,False,False,False,True,False,0.0
2025-04-09 16:00:00+00:00,122.98,122.98,122.98,122.98,0.0,,,,,,,,,135.1107460571777,"rgba(239, 83, 80, 1.0)",7.732611180944982,135.1107460571777,-1.5687774508914623,0,,,0.0,0.0,0.0,0.0,36.179848174181046,-19.17353233300694,False,False,False,True,False,0.0
2025-04-09 17:00:00+00:00,122.98,122.98,122.98,122.98,0.0,,,,,,,,,135.1107460571777,"rgba(239, 83, 80, 1.0)",7.849016270489829,135.1107460571777,-1.5455116461901093,0,,,0.0,0.0,0.0,0.0,36.500685882646756,-19.12583630331843,False,False,False,True,False,0.0
2025-04-09 18:00:00+00:00,122.98,122.98,122.98,122.98,0.0,,,,,,,,,135.1107460571777,"rgba(239, 83, 80, 1.0)",7.95626745017652,135.1107460571777,-1.5246780143003555,2,0.5494643889339406,1.0989287778678811,0.0,0.0,0.0,0.0,36.71457768829057,-18.387613678483515,False,False,False,True,False,0.0
2025-04-09 19:00:00+00:00,122.98,134.225,122.98,134.225,0.0,,,,,,,,,135.1107460571777,"rgba(38, 166, 154, 1.0)",7.928880351640467,135.1107460571777,-0.11171136628319021,2,0.5493082294348102,1.0986164588696203,0.0,0.0,0.0,0.0,49.93386347146017,-5.950597094677605,True,False,True,False,True,0.6814543382352696
2025-04-10 14:00:00+00:00,131.02,131.02,131.02,131.02,0.0,,,,,,,,,135.1107460571777,"rgba(38, 166, 154, 1.0)",7.91433593021018,135.1107460571777,-0.516877991185932,2,0.5478353938679068,1.0956707877358136,0.0,0.0,0.0,0.0,54.501754248170414,-2.104769260585634,True,False,True,False,True,0.0
2025-04-10 15:00:00+00:00,131.02,131.02,131.02,131.02,0.0,,,,,,,,,135.1107460571777,"rgba(38, 166, 154, 1.0)",7.842586088118457,135.1107460571777,-0.5216067775622094,2,0.5464329627441299,1.0928659254882598,0.0,0.0,0.0,0.0,57.547014765977245,0.4381058625150587,True,False,True,False,True,0.0
2025-04-10 16:00:00+00:00,131.02,131.02,131.02,131.02,0.0,,,,,,,,,135.1107460571777,"rgba(38, 166, 154, 1.0)",7.743219221933375,135.1107460571777,-0.5283004316331729,2,0.5450994396229196,1.0901988792458392,0.0,0.0,0.0,0.0,59.57718844451513,2.2280918767257134,True,False,True,False,True,0.0
2025-04-10 17:00:00+00:00,131.02,131.02,131.02,131.02,0.0,,,,,,,,,135.1107460571777,"rgba(38, 166, 154, 1.0)",7.637090064786274,135.1107460571777,-0.5356419817594704,2,0.5438163006649253,1.0876326013298505,0.0,0.0,0.0,0.0,60.93063756354038,3.586439841390586,True,False,True,False,True,0.0
2025-04-10 18:00:00+00:00,131.02,131.02,131.02,131.02,0.0,,,,,,,,,135.1107460571777,"rgba(38, 166, 154, 1.0)",7.523912463988752,135.1107460571777,-0.543699315583079,2,0.5433004696615957,1.0866009393231915,0.0,0.0,0.0,0.0,61.83293697622389,4.695412482901098,True,False,True,False,True,0.0
2025-04-10 19:00:00+00:00,131.02,131.02,129.685,129.685,100.0,,,,,,,,,134.53346337763278,"rgba(38, 166, 154, 1.0)",7.412618213815095,134.53346337763278,-0.6540824358924316,2,0.5421409857306678,1.0842819714613356,0.0,0.0,0.0,0.0,60.0747985922244,4.695412482901098,True,False,True,False,True,0.0
2025-04-11 14:00:00+00:00,129.685,129.685,129.685,129.685,0.0,,,,,,,,,134.53346337763278,"rgba(38, 166, 154, 1.0)",7.292851033594315,134.53346337763278,-0.6648241346626267,2,0.5414549643612224,1.0829099287224448,0.0,0.0,0.0,0.0,58.90270633622474,4.695412482901098,True,False,True,False,True,0.0
2025-04-11 15:00:00+00:00,129.685,129.685,129.685,129.685,0.0,,,,,,,,,134.53346337763278,"rgba(38, 166, 154, 1.0)",7.164185997655871,134.53346337763278,-0.6767640286306364,2,0.540908698332624,1.081817396665248,0.0,0.0,0.0,0.0,58.12131149889163,4.695412482901098,True,False,True,False,False,0.0
2025-04-11 16:00:00+00:00,129.685,129.685,129.685,129.685,0.0,,,,,,,,,134.53346337763278,"rgba(38, 166, 154, 1.0)",7.03364965109962,134.53346337763278,-0.6893239808830666,2,0.5411486027856045,1.082297205571209,0.0,0.0,0.0,0.0,57.600381607336224,4.695412482901098,True,False,True,False,False,0.0
2025-04-11 17:00:00+00:00,129.685,129.685,129.685,129.685,0.0,,,,,,,,,134.53346337763278,"rgba(38, 166, 154, 1.0)",6.920939407282702,134.53346337763278,-0.700549895369823,2,0.5415525463347931,1.0831050926695862,0.0,0.0,0.0,0.0,57.25309501296596,4.695412482901098,True,False,True,False,False,0.0
2025-04-11 18:00:00+00:00,129.685,132.26,129.685,132.19,0.0,,,,,,,,,134.53346337763278,"rgba(38, 166, 154, 1.0)",6.780328646131312,134.53346337763278,-0.3456268124952777,2,0.5432890632733763,1.0865781265467527,0.0,0.0,0.0,0.0,60.97951324232016,5.849273616388793,True,False,True,False,True,0.0
2025-04-11 19:00:00+00:00,132.19,132.5,132.07,132.5,0.0,,,,,,,,,134.53346337763278,"rgba(38, 166, 154, 1.0)",6.67736969644952,134.53346337763278,-0.30453059663807663,2,0.5452504333073622,1.0905008666147245,0.0,0.0,0.0,0.0,63.84953144167533,8.730129454413834,True,False,True,False,True,0.0
2025-04-14 14:00:00+00:00,132.5,132.5,132.5,132.5,0.0,,,,,,,,,134.53346337763278,"rgba(38, 166, 154, 1.0)",6.569670616477532,134.53346337763278,-0.3095228811825987,2,0.5473364095512603,1.0946728191025206,0.0,0.0,0.0,0.0,65.76287690791212,10.66385254226612,True,False,True,False,True,0.0
2025-04-14 15:00:00+00:00,132.5,132.5,132.5,132.5,0.0,,,,,,,,,134.53346337763278,"rgba(38, 166, 154, 1.0)",6.4593973256651465,134.53346337763278,-0.31480698200019647,2,0.5495509781402493,1.0991019562804987,0.0,0.0,0.0,0.0,67.03844055206997,12.02886247446795,True,False,True,False,True,0.0
2025-04-14 16:00:00+00:00,132.5,132.5,132.445,132.45,0.0,,,,,,,,,134.53346337763278,"rgba(38, 166, 154, 1.0)",6.360647095104999,134.53346337763278,-0.32755525443884154,2,0.5518840318201498,1.1037680636402996,0.0,0.0,0.0,0.0,67.69516479969175,12.877543044779777,True,False,True,False,True,0.0
2025-04-14 17:00:00+00:00,132.45,132.745,132.45,132.605,0.0,,,,,,,,,134.53346337763278,"rgba(38, 166, 154, 1.0)",6.257581118887602,134.53346337763278,-0.30818032415305135,2,0.5538176178046523,1.1076352356093047,0.0,0.0,0.0,0.0,68.4252401747334,13.850167799035368,True,False,True,False,True,0.0
2025-04-14 18:00:00+00:00,132.605,133.895,132.605,133.895,0.0,,,,,,,,,134.53346337763278,"rgba(38, 166, 154, 1.0)",6.152716845148629,134.53346337763278,-0.10376934185362327,2,0.5561107842510788,1.1122215685021577,0.0,0.0,0.0,0.0,71.01410649809839,16.5183819877887,True,False,True,False,True,1.530129437748844
2025-04-14 19:00:00+00:00,133.895,134.39,133.77,133.77,60.0,,,,,,,,,134.49508320042554,"rgba(38, 166, 154, 1.0)",6.069877618725554,134.49508320042554,-0.1194559834598066,2,0.5584844521035837,1.1169689042071673,1.0,0.0,134.39,157.0,72.17317182867255,17.792152399566376,True,False,True,False,True,1.278396430196878
2025-04-15 14:00:00+00:00,133.77,133.77,133.77,133.77,0.0,,,,,,,,,134.49508320042554,"rgba(38, 166, 154, 1.0)",5.984296576333144,134.49508320042554,-0.12116431583506547,2,0.5596962832698563,1.1193925665397126,0.0,0.0,0.0,0.0,72.94588204905533,18.73624362704537,True,False,True,False,True,1.278396430196878
2025-04-15 15:00:00+00:00,133.77,134.28,133.77,134.16,0.0,,,,,,,,,134.49508320042554,"rgba(38, 166, 154, 1.0)",5.89758917610316,134.49508320042554,-0.05681697900954004,2,0.5609947311614899,1.1219894623229798,0.0,0.0,0.0,0.0,74.14970991511682,20.097758087922685,True,False,True,False,True,2.057847281397361
2025-04-15 16:00:00+00:00,134.16,134.265,133.94,133.94,0.0,,,,,,,,,134.49508320042554,"rgba(38, 166, 154, 1.0)",5.8057541757767,134.49508320042554,-0.0956091463089346,2,0.5630596998631343,1.1261193997262686,0.0,0.0,0.0,0.0,73.70469584714394,20.097758087922685,True,False,True,False,True,1.5917165211689408
2025-04-15 17:00:00+00:00,133.94,133.94,133.405,133.55,0.0,,,,,,,,,134.49508320042554,"rgba(38, 166, 154, 1.0)",5.7349595944129,134.49508320042554,-0.16479334943287932,3,0.4101764886875688,1.2305294660627064,0.0,0.0,0.0,0.0,71.25183275494727,20.097758087922685,True,False,True,False,False,0.7627018892610522
2025-04-15 18:00:00+00:00,133.605,133.605,133.13,133.48,0.0,,,,,,,,,134.49508320042554,"rgba(38, 166, 154, 1.0)",5.661728456674352,134.49508320042554,-0.17928857030027917,3,0.4118201989936178,1.2354605969808534,0.0,0.0,0.0,0.0,69.22687524845193,23.032865444031472,True,False,True,False,False,0.6128082794792107
2025-04-15 19:00:00+00:00,133.48,133.48,133.19,133.3,0.0,,,,,,,,,134.49508320042554,"rgba(38, 166, 154, 1.0)",5.6215940222814345,134.49508320042554,-0.21258795916047374,3,0.41351497344977967,1.240544920349339,0.0,0.0,0.0,0.0,66.82309978967955,20.730299201015328,True,False,True,False,False,0.22230678428943307
2025-04-16 14:00:00+00:00,133.3,133.3,132.36,132.36,0.0,,,,,,,,,134.49508320042554,"rgba(239, 83, 80, 1.0)",5.581791941597096,134.49508320042554,-0.38250856047038967,3,0.41515133218086014,1.2454539965425804,0.0,0.0,0.0,0.0,60.63618712723012,15.07056372644142,True,False,True,False,False,0.0
2025-04-16 15:00:00+00:00,132.36,132.77,132.36,132.485,0.0,,,,,,,,,134.49508320042554,"rgba(239, 83, 80, 1.0)",5.541120361882049,134.49508320042554,-0.3627575416432209,3,0.41689406260762035,1.2506821878228611,0.0,0.0,0.0,0.0,57.06537242906974,12.01684883436895,True,False,True,False,False,0.0
2025-04-16 16:00:00+00:00,132.485,132.485,132.16,132.25,0.0,,,,,,,,,134.49508320042554,"rgba(239, 83, 80, 1.0)",5.498177339269171,134.49508320042554,-0.4083322639287516,3,0.4217326565267207,1.265197969580162,0.0,0.0,0.0,0.0,53.62649760552761,9.054746312865326,False,False,False,False,False,0.0
2025-04-16 17:00:00+00:00,132.25,132.38,132.145,132.25,0.0,,,,,,,,,134.49508320042554,"rgba(239, 83, 80, 1.0)",5.453985772882962,134.49508320042554,-0.411640824511868,3,0.4281509145753135,1.2844527437259405,0.0,0.0,0.0,0.0,51.33391438983286,7.0794257437511945,False,False,False,False,False,0.0
2025-04-16 18:00:00+00:00,132.25,132.25,130.78,130.81,0.0,,,,,,,,,134.49508320042554,"rgba(239, 83, 80, 1.0)",5.407865233008059,134.49508320042554,-0.6814302948847257,3,0.43471981369652757,1.3041594410895827,0.0,0.0,0.0,0.0,44.658430356734286,1.0447177536173342,False,True,False,True,False,0.0
2025-04-16 19:00:00+00:00,130.81,131.135,130.27,131.135,9.0,,,,,,,,,134.12497384262318,"rgba(239, 83, 80, 1.0)",5.359613961827731,134.12497384262318,-0.557871119807955,3,0.4419375773262751,1.3258127319788253,0.0,0.0,0.0,0.0,41.979845691429155,-1.2113632735351914,False,True,False,True,False,0.0
2025-04-17 14:00:00+00:00,131.135,131.53,131.135,131.245,0.0,,,,,,,,,134.12497384262318,"rgba(239, 83, 80, 1.0)",5.309555064408024,134.12497384262318,-0.5424134052076675,3,0.44980189252075736,1.349405677562272,0.0,0.0,0.0,0.0,40.79873220663349,-2.276314722835046,False,True,False,True,False,0.0
2025-04-17 15:00:00+00:00,131.245,132.0,131.245,131.785,0.0,,,,,,,,,134.12497384262318,"rgba(239, 83, 80, 1.0)",5.260383816880648,134.12497384262318,-0.4448294885088367,3,0.45848069672818476,1.3754420901845543,0.0,0.0,0.0,0.0,42.81215984209194,-2.276314722835046,False,True,False,True,False,0.0
2025-04-17 16:00:00+00:00,131.785,132.685,131.785,132.685,0.0,,,,,,,,,134.12497384262318,"rgba(38, 166, 154, 1.0)",5.213140360129709,134.12497384262318,-0.27622004073324946,3,0.4680601580731764,1.4041804742195292,0.0,0.0,0.0,0.0,47.765219109924146,-9.375943114076328,False,True,False,False,True,0.0
2025-04-17 17:00:00+00:00,132.685,132.7,132.315,132.68,100.0,,,,,,,,,134.18322742523353,"rgba(38, 166, 154, 1.0)",5.164689806057251,134.18322742523353,-0.29105860790913396,3,0.47798945413394867,1.433968362401846,0.0,0.0,0.0,0.0,51.042807734885685,-6.279680181068272,False,False,True,False,True,0.0
2025-04-17 18:00:00+00:00,132.68,132.91,132.575,132.575,320.0,,,,,,,,,134.19238482685714,"rgba(38, 166, 154, 1.0)",5.1145424548557035,134.19238482685714,-0.3162325547462444,3,0.4868833645792134,1.46065009373764,0.0,0.0,0.0,0.0,52.66777931327141,-4.64035468673319,False,False,True,False,True,0.0
2025-04-17 19:00:00+00:00,132.575,132.63,132.04,132.04,0.0,,,,,,,,,134.19238482685714,"rgba(38, 166, 154, 1.0)",5.0346503873180115,134.19238482685714,-0.42751425844362007,3,0.4971314232597133,1.49139426977914,0.0,0.0,0.0,0.0,51.08077837164252,-4.64035468673319,False,True,False,False,True,0.0
2025-04-18 14:00:00+00:00,132.04,132.04,132.04,132.04,0.0,,,,,,,,,134.19238482685714,"rgba(38, 166, 154, 1.0)",4.953155770828227,134.19238482685714,-0.4345481802800722,2,0.6239551490992757,1.2479102981985515,0.0,0.0,0.0,0.0,50.02277774388993,-4.64035468673319,False,True,False,False,True,0.0
2025-04-18 15:00:00+00:00,132.04,132.04,132.04,132.04,0.0,,,,,,,,,134.19238482685714,"rgba(38, 166, 154, 1.0)",4.868685896662386,134.19238482685714,-0.4420874282180868,2,0.6341998316977178,1.2683996633954355,0.0,0.0,0.0,0.0,49.317443992054876,-4.64035468673319,False,True,False,False,False,0.0
2025-04-18 16:00:00+00:00,132.04,132.04,132.04,132.04,0.0,,,,,,,,,134.19238482685714,"rgba(38, 166, 154, 1.0)",4.764359614947154,134.19238482685714,-0.4517679186316036,2,0.6449850920997168,1.2899701841994335,0.0,0.0,0.0,0.0,48.8472214908315,-4.64035468673319,False,True,False,False,False,0.0
2025-04-18 17:00:00+00:00,132.04,132.04,132.04,132.04,0.0,,,,,,,,,134.19238482685714,"rgba(38, 166, 154, 1.0)",4.6446605419070615,134.19238482685714,-0.4634105781115689,2,0.6549059951885677,1.3098119903771355,0.0,0.0,0.0,0.0,48.53373982334925,-4.64035468673319,False,True,False,False,False,0.0
2025-04-18 18:00:00+00:00,132.04,132.04,132.04,132.04,0.0,,,,,,,,,134.19238482685714,"rgba(38, 166, 154, 1.0)",4.506873901093661,134.19238482685714,-0.47757822253132837,2,0.6655391359997279,1.3310782719994558,0.0,0.0,0.0,0.0,48.32475204502775,-4.64035468673319,False,True,False,False,False,0.0
2025-04-18 19:00:00+00:00,132.04,132.04,132.04,132.04,0.0,,,,,,,,,134.19238482685714,"rgba(38, 166, 154, 1.0)",4.333527940882952,134.19238482685714,-0.4966818851105868,2,0.6769600554599243,1.3539201109198487,0.0,0.0,0.0,0.0,48.18542685948008,-4.64035468673319,False,True,False,False,False,0.0
2025-04-21 14:00:00+00:00,132.04,132.04,128.735,128.735,0.0,,,,,,,,,134.19238482685714,"rgba(239, 83, 80, 1.0)",4.161826541575342,134.19238482685714,-1.3112955987808619,2,0.6847597195567561,1.3695194391135121,0.0,0.0,0.0,0.0,37.41404325069705,-7.514373986117832,False,True,False,True,False,0.0
2025-04-21 15:00:00+00:00,128.735,128.735,127.44,127.505,4.0,,,,,,,,,134.1792742296801,"rgba(239, 83, 80, 1.0)",3.987351991096309,134.1792742296801,-1.6738613106100586,2,0.6919656238815687,1.3839312477631374,0.0,0.0,0.0,0.0,29.075917946373746,-14.861488949488233,False,True,False,True,False,0.0
2025-04-21 16:00:00+00:00,127.505,128.195,127.505,127.735,0.0,,,,,,,,,134.1792742296801,"rgba(239, 83, 80, 1.0)",3.760977246254705,134.1792742296801,-1.713457382944152,2,0.7001551429081259,1.4003102858162517,0.0,0.0,0.0,0.0,24.801688093799875,-18.316552922760387,False,True,False,True,False,0.0
2025-04-21 17:00:00+00:00,127.735,127.735,126.87,126.87,0.0,,,,,,,,,134.1792742296801,"rgba(239, 83, 80, 1.0)",3.7570671581207327,134.1792742296801,-1.9454734030722383,2,0.7082057114825523,1.4164114229651046,0.0,0.0,0.0,0.0,21.102069510195417,-21.397213844588887,False,True,False,True,False,0.0
2025-04-21 18:00:00+00:00,126.87,126.965,126.74,126.915,0.0,,,,,,,,,134.1792742296801,"rgba(239, 83, 80, 1.0)",3.7444548996475113,134.1792742296801,-1.940008472358397,2,0.7140174950526634,1.4280349901053269,0.0,0.0,0.0,0.0,18.897428393578355,-23.285286611816257,False,True,False,True,False,0.0
2025-04-21 19:00:00+00:00,126.915,128.21,126.915,128.16,21.0,127.76166666666666,,,,,,,,133.6531570421154,"rgba(239, 83, 80, 1.0)",3.7146663461287894,133.6531570421154,-1.4787753543033684,2,0.7219150795115592,1.4438301590231184,0.0,0.0,0.0,0.0,23.719148956122844,-23.285286611816257,False,True,False,True,True,0.0
2025-04-22 14:00:00+00:00,128.16,130.22,128.16,130.22,0.0,127.76166666666666,,,,,,,,133.6531570421154,"rgba(38, 166, 154, 1.0)",3.6856803948486525,133.6531570421154,-0.9314852820428492,2,0.7272921622117741,1.4545843244235481,0.0,0.0,0.0,0.0,33.4022233434134,-25.66601273026425,False,True,False,True,True,0.0
2025-04-22 15:00:00+00:00,130.22,131.0,130.22,130.63,0.0,127.76166666666666,,,,,,,,133.6531570421154,"rgba(38, 166, 154, 1.0)",3.6573693654967934,133.6531570421154,-0.8265933079211304,2,0.7325731221465102,1.4651462442930203,0.0,0.0,0.0,0.0,40.821347817890214,-19.188545934843287,False,True,False,True,True,0.0
2025-04-22 16:00:00+00:00,130.63,131.835,130.63,131.635,0.0,127.76166666666666,,,,,,,,133.6531570421154,"rgba(38, 166, 154, 1.0)",3.6469081277008653,133.6531570421154,-0.5533885064956983,2,0.7381907555475244,1.476381511095049,0.0,0.0,0.0,0.0,47.902049025137536,-13.018180012807107,False,False,False,False,True,0.0
2025-04-22 17:00:00+00:00,131.35,131.59,130.285,130.355,100.0,130.22585399449036,,,,,,,,133.67099252851463,"rgba(38, 166, 154, 1.0)",3.6264283200359966,133.67099252851463,-0.9143962697935599,2,0.7440062618060802,1.4880125236121604,0.0,0.0,0.0,0.0,49.07545834642636,-12.107917044664504,False,False,False,False,True,0.0
2025-04-22 18:00:00+00:00,130.41,131.28,130.305,131.28,0.0,130.22585399449036,,,,,,,,133.67099252851463,"rgba(38, 166, 154, 1.0)",3.6094572450165345,133.67099252851463,-0.6624243940874488,2,0.7502554832027318,1.5005109664054637,0.0,0.0,0.0,0.0,51.83871377445264,-9.342065809810805,False,False,True,False,True,0.0
2025-04-22 19:00:00+00:00,131.28,131.395,131.185,131.305,0.0,130.22585399449036,,,,,,,,133.67099252851463,"rgba(38, 166, 154, 1.0)",3.5911377403643296,133.67099252851463,-0.6588420438238576,2,0.7567936088933751,1.5135872177867502,0.0,0.0,0.0,0.0,53.73355193481374,-7.187818965745727,True,False,True,False,True,0.0
2025-04-23 14:00:00+00:00,131.305,131.305,131.305,131.305,0.0,130.22585399449036,,,,,,,,133.67099252851463,"rgba(38, 166, 154, 1.0)",3.5712724068043817,133.67099252851463,-0.6625068768225786,2,0.7636378476311426,1.5272756952622852,0.0,0.0,0.0,0.0,54.99677737505447,-5.448039675936144,True,False,True,False,True,0.0
2025-04-23 15:00:00+00:00,131.305,135.13,131.305,134.73,300.0,132.71693190815517,,,,,,,,133.79141173009518,"rgba(38, 166, 154, 1.0)",3.5923927219149134,133.79141173009518,0.26127106431851943,2,0.768461692221469,1.536923384442938,0.0,0.0,0.0,0.0,61.37793350119489,1.0177879833539194,True,False,True,False,True,5.605014353323412
2025-04-23 16:00:00+00:00,134.73,134.73,133.355,133.355,0.0,132.71693190815517,,,,,,,,133.79141173009518,"rgba(38, 166, 154, 1.0)",3.5879642989876017,133.79141173009518,-0.12163212722554895,3,0.5834448112923402,1.7503344338770206,0.0,0.0,0.0,0.0,61.921222714707575,1.9753438774447503,True,False,True,False,True,2.5350362003017075
2025-04-23 17:00:00+00:00,133.355,133.69,133.08,133.08,0.0,132.71693190815517,,,,,,,,133.79141173009518,"rgba(38, 166, 154, 1.0)",3.5773748528546223,133.79141173009518,-0.19886418375404039,3,0.5883077287342567,1.7649231862027701,0.0,0.0,0.0,0.0,61.59703959842504,2.2817082785944933,True,False,True,False,True,1.9370206055874881
2025-04-23 18:00:00+00:00,133.08,133.5,132.515,132.535,0.0,132.71693190815517,,,,,,,,133.79141173009518,"rgba(38, 166, 154, 1.0)",3.5071507159149786,133.79141173009518,-0.3582428677483842,3,0.5936319483428983,1.7808958450286951,0.0,0.0,0.0,0.0,60.001155594143526,2.2817082785944933,True,False,True,False,True,0.7554327152122653
2025-04-23 19:00:00+00:00,132.535,132.55,132.175,132.305,1.0,132.7160466034755,,,,,,,,133.79091105552754,"rgba(38, 166, 154, 1.0)",3.429131350621996,133.79091105552754,-0.4333199587872348,3,0.5992724747571874,1.797817424271562,0.0,0.0,0.0,0.0,58.345723568760484,2.2817082785944933,True,False,True,False,True,0.2577106116685641
2025-04-24 14:00:00+00:00,132.25,132.25,132.25,132.25,0.0,132.7160466034755,,,,,,,,133.79091105552754,"rgba(38, 166, 154, 1.0)",3.394451622842583,133.79091105552754,-0.45394992379863536,3,0.6081628408080707,1.824488522424212,0.0,0.0,0.0,0.0,57.089228620092136,2.2817082785944933,True,False,True,False,False,0.1372521726416558
2025-04-24 15:00:00+00:00,132.25,133.885,132.25,133.885,0.0,132.7160466034755,,,,,,,,133.79091105552754,"rgba(38, 166, 154, 1.0)",3.346518828614163,133.79091105552754,0.02811546842884779,3,0.6162519467626321,1.8487558402878963,0.0,0.0,0.0,0.0,59.55160822015611,2.4181148419765393,True,False,True,False,False,3.6037476357674194
2025-04-24 16:00:00+00:00,133.885,134.62,133.885,134.62,0.0,132.7160466034755,,,,,,,,133.79091105552754,"rgba(38, 166, 154, 1.0)",3.271654872324167,133.79091105552754,0.25341577178141633,4,0.49292758276281434,1.9717103310512574,0.0,0.0,0.0,0.0,62.36880927086314,5.507567585047255,True,False,True,False,True,5.088710829507441
2025-04-24 17:00:00+00:00,134.435,134.75,134.41,134.75,0.0,132.7160466034755,,,,,,,,133.79091105552754,"rgba(38, 166, 154, 1.0)",3.189797392532053,133.79091105552754,0.30067393832532197,4,0.500680496145204,2.002721984580816,0.0,0.0,0.0,0.0,64.45356061200985,7.8325345426246855,True,False,True,False,True,5.350161838718623
2025-04-24 18:00:00+00:00,134.76,134.98,134.545,134.945,0.0,132.7160466034755,,,,,,,,133.79091105552754,"rgba(38, 166, 154, 1.0)",3.197177016349387,133.79091105552754,0.3609712376170572,4,0.5096997526131956,2.0387990104527822,0.0,0.0,0.0,0.0,66.17448351521766,9.799944192802784,True,False,True,False,True,5.746576258830615
2025-04-24 19:00:00+00:00,134.825,134.935,134.405,134.935,0.0,132.7160466034755,,,,,,,,133.79091105552754,"rgba(38, 166, 154, 1.0)",3.173286233941312,133.79091105552754,0.3605375815882409,4,0.5205580585869152,2.0822322343476607,0.0,0.0,0.0,0.0,67.27946252674312,11.20715839413328,True,False,True,False,True,5.72253465504312
2025-04-25 14:00:00+00:00,134.935,135.02,134.92,134.92,5.0,132.74224434035906,,,,,,,,133.79744139215478,"rgba(38, 166, 154, 1.0)",3.143997044275542,133.79744139215478,0.3570482389253878,3,0.6544379606278903,1.9633138818836708,0.0,0.0,0.0,0.0,67.9450776826178,12.242534721200101,True,False,True,False,True,5.685763995672762
2025-04-25 15:00:00+00:00,134.92,134.92,134.315,134.315,0.0,132.74224434035906,,,,,,,,133.79744139215478,"rgba(38, 166, 154, 1.0)",3.064476627419264,133.79744139215478,0.16888972270644362,3,0.6731428892207053,2.019428667662116,0.0,0.0,0.0,0.0,65.56792790917387,12.242534721200101,True,False,True,False,True,4.200939912242443
2025-04-25 16:00:00+00:00,134.315,134.935,134.315,134.87,0.0,132.74224434035906,,,,,,,,133.79744139215478,"rgba(38, 166, 154, 1.0)",2.984964730351166,133.79744139215478,0.3593203621267052,3,0.6921271037487609,2.0763813112462826,0.0,0.0,0.0,0.0,65.44554575376411,12.242534721200101,True,False,True,False,True,5.399885772865563
2025-04-25 17:00:00+00:00,134.87,135.25,134.64,134.64,0.0,132.74224434035906,,,,,,,,133.79744139215478,"rgba(38, 166, 154, 1.0)",2.788483179336111,133.79744139215478,0.30215660402362693,3,0.7183345570999626,2.155003671299888,0.0,0.0,0.0,0.0,64.28583017128786,12.242534721200101,True,False,True,False,False,4.8282263875716716
2025-04-25 18:00:00+00:00,134.64,134.97,134.5,134.97,0.0,132.74224434035906,,,,,,,,133.79744139215478,"rgba(38, 166, 154, 1.0)",2.6318671770887,133.79744139215478,0.4455234740007931,2,0.18672811520218244,0.3734562304043649,0.0,0.0,0.0,0.0,64.45256326647916,12.242534721200101,True,False,True,False,False,5.551174025073706
2025-04-25 19:00:00+00:00,134.97,135.04,134.69,135.04,100.0,133.1561132194813,,,,,,,,133.90838708083982,"rgba(38, 166, 154, 1.0)",2.456013684044785,133.90838708083982,0.46075187875033896,2,0.18583475317532042,0.37166950635064083,0.0,0.0,0.0,0.0,64.76776980092882,12.242534721200101,True,False,True,False,False,5.705699443813547
2025-04-28 14:00:00+00:00,135.04,136.38,135.04,135.95,0.0,133.1561132194813,,,,,,,,133.90838708083982,"rgba(38, 166, 154, 1.0)",2.273933122773376,133.90838708083982,0.8978333173977181,2,0.18451952413513228,0.36903904827026457,0.0,0.0,0.0,0.0,67.31587628790601,13.425194459284732,True,False,True,False,True,7.692328858368761
2025-04-28 15:00:00+00:00,135.95,135.95,134.91,135.055,0.0,133.1561132194813,,,,,,,,133.90838708083982,"rgba(38, 166, 154, 1.0)",2.041675307942501,133.90838708083982,0.5616039507847554,2,0.1837220138637938,0.3674440277275876,0.0,0.0,0.0,0.0,64.59276975027024,13.425194459284732,True,False,True,False,False,5.379620527158124
2025-04-28 16:00:00+00:00,135.055,135.055,134.48,134.485,0.0,133.1561132194813,,,,,,,,133.90838708083982,"rgba(38, 166, 154, 1.0)",2.0454301800894275,133.90838708083982,0.2819030073835069,2,0.18326473167664403,0.36652946335328807,0.0,0.0,0.0,0.0,60.48984269449465,14.663520900478488,True,False,True,False,False,3.944776202250882
2025-04-28 17:00:00+00:00,134.55,134.55,134.2,134.51,0.0,133.1561132194813,,,,,,,,133.90838708083982,"rgba(38, 166, 154, 1.0)",2.058506466803766,133.90838708083982,0.2922569974211918,2,0.18250740392479448,0.36501480784958895,0.0,0.0,0.0,0.0,57.84509757833756,12.286088471237846,True,False,True,False,False,4.001497622683431
2025-04-28 18:00:00+00:00,134.51,134.51,134.51,134.51,0.0,133.1561132194813,,,,,,,,133.90838708083982,"rgba(38, 166, 154, 1.0)",2.070440508901416,133.90838708083982,0.290572424840834,2,0.18282728069300197,0.36565456138600394,0.0,0.0,0.0,0.0,56.08193416756617,10.692681885454114,True,False,True,False,False,4.001497622683431
2025-04-28 19:00:00+00:00,134.51,135.17,134.51,135.12,0.0,133.1561132194813,,,,,,,,133.90838708083982,"rgba(38, 166, 154, 1.0)",2.0911245153595712,133.90838708083982,0.5794073524846273,2,0.18291162210092826,0.3658232442018565,0.0,0.0,0.0,0.0,57.2709135394377,10.692681885454114,True,False,True,False,False,5.41279378995776
2025-04-29 14:00:00+00:00,135.12,135.47,134.83,134.83,0.0,133.1561132194813,,,,,,,,133.90838708083982,"rgba(38, 166, 154, 1.0)",2.105333692067371,133.90838708083982,0.43775147029314954,2,0.1832680218140156,0.3665360436280312,0.0,0.0,0.0,0.0,56.591407831083664,10.692681885454114,True,False,True,False,False,4.644781120411313
2025-04-29 15:00:00+00:00,134.83,135.49,134.83,135.29,0.0,133.1561132194813,,,,,,,,133.90838708083982,"rgba(38, 166, 154, 1.0)",2.125931352870124,133.90838708083982,0.649885951065599,2,0.18347358603007716,0.3669471720601543,0.0,0.0,0.0,0.0,57.87994652837192,10.692681885454114,True,False,True,False,True,5.715834174402644
2025-04-29 16:00:00+00:00,135.285,135.93,135.16,135.16,100.0,133.51664805954277,,,,,,,,133.97403588105044,"rgba(38, 166, 154, 1.0)",2.1244598826035475,133.97403588105044,0.5582426520081636,2,0.18387000919822838,0.36774001839645676,0.0,0.0,0.0,0.0,58.01797705835315,10.692681885454114,True,False,True,False,True,5.363032670506556
2025-04-29 17:00:00+00:00,135.16,136.445,135.16,136.445,0.0,133.51664805954277,,,,,,,,133.97403588105044,"rgba(38, 166, 154, 1.0)",2.1466465928498093,133.97403588105044,1.1510810056857992,2,0.18356489871633067,0.36712979743266133,0.0,0.0,0.0,0.0,62.06671965451852,7.7654920457525805,True,False,True,False,True,8.303448600516372
2025-04-29 18:00:00+00:00,136.445,136.59,136.445,136.5,0.0,133.51664805954277,,,,,,,,133.97403588105044,"rgba(38, 166, 154, 1.0)",2.1661072153676018,133.97403588105044,1.1661306979769641,2,0.18336790674862752,0.36673581349725504,0.0,0.0,0.0,0.0,64.90033597962736,10.433156130863608,True,False,True,False,True,8.426222374118204
2025-04-29 19:00:00+00:00,136.5,136.6,136.32,136.32,45.0,133.71062251984125,,,,,,,,134.0562266310023,"rgba(38, 166, 154, 1.0)",2.1775017754254793,134.0562266310023,1.039619528464158,2,0.18564266409116517,0.37128532818233034,0.0,0.0,0.0,0.0,65.6740696065174,11.201994155416607,True,False,True,False,True,7.916507897083864
2025-04-30 14:00:00+00:00,136.32,136.32,134.68,134.68,0.0,133.71062251984125,,,,,,,,134.0562266310023,"rgba(38, 166, 154, 1.0)",2.158148971220737,134.0562266310023,0.2890316550506178,2,0.18921068107874112,0.37842136215748223,0.0,0.0,0.0,0.0,58.861426390624274,13.839016330766071,True,False,True,False,False,3.4597739409968113
2025-04-30 15:00:00+00:00,134.68,135.98,134.68,135.745,0.0,133.71062251984125,,,,,,,,134.0562266310023,"rgba(38, 166, 154, 1.0)",2.182640028839993,134.0562266310023,0.7737296790507627,2,0.1903318259550161,0.3806636519100322,0.0,0.0,0.0,0.0,57.84019048046834,13.04432968700629,True,False,True,False,False,5.9201789063199115
2025-04-30 16:00:00+00:00,135.745,135.935,135.535,135.825,0.0,133.71062251984125,,,,,,,,134.0562266310023,"rgba(38, 166, 154, 1.0)",2.2083368900190425,134.0562266310023,0.8009526884199482,2,0.19287164597896259,0.38574329195792517,0.0,0.0,0.0,0.0,57.39564827713181,12.581067666235441,False,False,True,False,False,6.10180508012769
2025-04-30 17:00:00+00:00,135.92,136.28,135.445,136.175,4.0,133.72397189349113,,,,,,,,134.06131298653972,"rgba(38, 166, 154, 1.0)",2.23924318979923,134.06131298653972,0.9439291913844362,2,0.19697742034395,0.3939548406879,0.0,0.0,0.0,0.0,58.159875156519085,12.581067666235441,False,False,True,False,False,6.901122294569536
2025-04-30 18:00:00+00:00,136.175,136.49,135.94,135.945,0.0,133.72397189349113,,,,,,,,134.06131298653972,"rgba(38, 166, 154, 1.0)",2.264495200593873,134.06131298653972,0.8318352862776084,2,0.2018236784795377,0.4036473569590754,0.0,0.0,0.0,0.0,57.648537167172925,12.44891394639361,False,False,True,False,False,6.268900558801693
2025-04-30 19:00:00+00:00,135.945,137.16,135.895,137.16,0.0,133.72397189349113,,,,,,,,134.06131298653972,"rgba(38, 166, 154, 1.0)",2.31314890676412,134.06131298653972,1.3395968605389321,2,0.20147443242254764,0.4029488648450953,0.0,0.0,0.0,0.0,60.68603260622133,12.44891394639361,True,False,True,False,True,9.014580543476349
2025-05-01 14:00:00+00:00,138.515,139.415,138.515,139.415,0.0,133.72397189349113,,,,,,,,134.06131298653972,"rgba(38, 166, 154, 1.0)",2.4249388902858593,134.06131298653972,2.2077616202646513,2,0.2002805231205279,0.4005610462410558,0.0,0.0,0.0,0.0,66.34413466381457,11.239065060863723,True,False,True,False,True,13.655623379424462
2025-05-01 15:00:00+00:00,139.415,139.615,139.135,139.135,0.0,133.72397189349113,,,,,,,,134.06131298653972,"rgba(38, 166, 154, 1.0)",2.5195295803592996,134.06131298653972,2.013743777017587,2,0.199764911285758,0.399529822571516,0.0,0.0,0.0,0.0,68.98238619622074,13.595049892615869,True,False,True,False,True,12.872543255759652
2025-05-01 16:00:00+00:00,139.135,139.135,138.355,138.515,0.0,133.72397189349113,,,,,,,,134.06131298653972,"rgba(38, 166, 154, 1.0)",2.5913782064778235,134.06131298653972,1.718655733974732,2,0.20193759749804213,0.40387519499608426,0.0,0.0,0.0,0.0,68.30618759539345,13.595049892615869,True,False,True,False,True,11.153136656974993
2025-05-01 17:00:00+00:00,138.515,138.95,138.515,138.63,0.0,133.72397189349113,,,,,,,,134.06131298653972,"rgba(38, 166, 154, 1.0)",2.6627982098359473,134.06131298653972,1.7157466144390077,2,0.2044236172601557,0.4088472345203114,0.0,0.0,0.0,0.0,68.07695906176599,13.595049892615869,True,False,True,False,True,11.388717309910753
2025-05-01 18:00:00+00:00,138.63,139.115,138.63,139.115,0.0,133.72397189349113,,,,,,,,134.06131298653972,"rgba(38, 166, 154, 1.0)",2.7427922939163287,134.06131298653972,1.8425336197238338,2,0.21170818654791645,0.4234163730958329,0.0,0.0,0.0,0.0,68.86450635423972,13.859089706576341,True,False,True,False,True,12.383000575697377
2025-05-01 19:00:00+00:00,139.115,139.655,139.115,139.655,0.0,133.72397189349113,,,,,,,,134.06131298653972,"rgba(38, 166, 154, 1.0)",2.8346737311657932,134.06131298653972,1.97330893921249,2,0.2167781596672502,0.4335563193345004,0.0,0.0,0.0,0.0,70.35900772844128,15.55910475251639,True,False,True,False,True,13.475571183778975
2025-05-02 14:00:00+00:00,141.49,141.97,141.49,141.545,0.0,133.72397189349113,,,,,,,,134.06131298653972,"rgba(38, 166, 154, 1.0)",2.9823815941244383,134.06131298653972,2.5092989536294787,2,0.219573065401173,0.439146130802346,0.0,0.0,0.0,0.0,73.83602221679703,19.011942660986193,True,False,True,False,True,17.08462299605697
2025-05-02 15:00:00+00:00,141.545,141.6,141.285,141.3,0.0,133.72397189349113,,,,,,,,134.06131298653972,"rgba(38, 166, 154, 1.0)",3.111180832283852,134.06131298653972,2.3266686842328372,2,0.2237743082339142,0.4475486164678284,0.0,0.0,0.0,0.0,75.10032093147319,20.327301675300163,True,False,True,False,True,16.375610284490897
2025-05-02 16:00:00+00:00,141.3,142.14,141.3,142.14,2.0,133.74797197640117,,,,,,,,134.07364038662064,"rgba(38, 166, 154, 1.0)",3.258676253929994,134.07364038662064,2.4753485724920488,2,0.227309935239975,0.45461987047995,0.0,0.0,0.0,0.0,76.92103322931122,22.189542105369497,True,False,True,False,True,17.913369860672073
2025-05-02 17:00:00+00:00,142.14,142.14,141.995,141.995,0.0,133.74797197640117,,,,,,,,134.07364038662064,"rgba(38, 166, 154, 1.0)",3.3866865733258016,134.07364038662064,2.3389703894566227,2,0.21872815293951764,0.4374563058790353,0.0,0.0,0.0,0.0,77.46797824775442,22.897630271554092,True,False,True,False,True,17.486054016207603
2025-05-02 18:00:00+00:00,141.995,142.195,141.995,142.06,0.0,133.74797197640117,,,,,,,,134.07364038662064,"rgba(38, 166, 154, 1.0)",3.508057360055674,134.07364038662064,2.27657611996761,2,0.21168076917429768,0.42336153834859536,0.0,0.0,0.0,0.0,77.92099431776262,23.591290268163974,True,False,True,False,True,17.60679384334824
2025-05-02 19:00:00+00:00,142.06,142.06,141.875,141.955,0.0,133.74797197640117,,,,,,,,134.07364038662064,"rgba(38, 166, 154, 1.0)",3.6161227830345255,134.07364038662064,2.179505532930386,2,0.20566094863799544,0.4113218972759909,0.0,0.0,0.0,0.0,77.64537906247675,23.61531376235854,True,False,True,False,True,17.28744168309491
2025-05-05 14:00:00+00:00,141.955,142.195,141.72,142.195,0.0,133.74797197640117,,,,,,,,134.07364038662064,"rgba(38, 166, 154, 1.0)",3.723211463723624,134.07364038662064,2.1812780962102796,2,0.19999257602870996,0.3999851520574199,0.0,0.0,0.0,0.0,77.87015362118838,24.170582276871215,True,False,True,False,True,17.7479252183175
2025-05-05 15:00:00+00:00,142.195,142.375,142.055,142.36,0.0,133.74797197640117,,,,,,,,134.07364038662064,"rgba(38, 166, 154, 1.0)",3.812003563897943,134.07364038662064,2.173754424538419,2,0.19474817393090477,0.38949634786180953,0.0,0.0,0.0,0.0,78.30717739549351,24.923402659231186,True,False,True,False,True,18.06660717299205
2025-05-05 16:00:00+00:00,142.36,142.36,142.32,142.32,0.0,133.74797197640117,,,,,,,,134.07364038662064,"rgba(38, 166, 154, 1.0)",3.895709719193115,134.07364038662064,2.1167797931020775,2,0.1901330161118484,0.3802660322236968,0.0,0.0,0.0,0.0,78.31555069680184,25.268399449014268,True,False,True,False,True,17.938635894819903
2025-05-05 17:00:00+00:00,142.2,142.2,142.135,142.135,0.0,133.74797197640117,,,,,,,,134.07364038662064,"rgba(38, 166, 154, 1.0)",3.968673445739575,134.07364038662064,2.031247902755348,2,0.18691796341073777,0.37383592682147554,0.0,0.0,0.0,0.0,76.94152049392429,25.268399449014268,True,False,True,False,True,17.339408889359163
2025-05-05 18:00:00+00:00,142.135,142.2,142.135,142.2,0.0,133.74797197640117,,,,,,,,134.07364038662064,"rgba(38, 166, 154, 1.0)",4.042811419194655,134.07364038662064,2.010076348057351,2,0.18399873475218734,0.3679974695043747,0.0,0.0,0.0,0.0,76.2014803905966,25.268399449014268,True,False,True,False,False,17.472389087179888
2025-05-05 19:00:00+00:00,142.2,142.2,141.74,141.74,0.0,133.74797197640117,,,,,,,,134.07364038662064,"rgba(38, 166, 154, 1.0)",4.108867829200325,134.07364038662064,1.865808279082905,2,0.18185660053300673,0.36371320106601346,0.0,0.0,0.0,0.0,72.21958650687137,25.08257947027859,True,False,True,False,False,15.957555026434068
2025-05-06 14:00:00+00:00,139.555,140.81,139.555,140.625,0.0,133.74797197640117,,,,,,,,134.07364038662064,"rgba(239, 83, 80, 1.0)",4.148574793808037,134.07364038662064,1.5791831988078424,2,0.180899606209371,0.361799212418742,0.0,0.0,0.0,0.0,63.64539005728367,17.36878634218189,False,True,True,False,False,12.415679603694041
2025-05-06 15:00:00+00:00,140.625,141.08,140.54,140.54,0.0,133.74797197640117,,,,,,,,134.07364038662064,"rgba(239, 83, 80, 1.0)",4.182833070479276,134.07364038662064,1.5459282033070534,2,0.18016998665406136,0.36033997330812273,0.0,0.0,0.0,0.0,57.5703968951468,12.303014770617018,False,True,True,False,False,12.151689105677356
2025-05-06 16:00:00+00:00,140.675,140.73,140.15,140.15,4.0,133.78665444770283,,,,,,,,134.55291802787474,"rgba(239, 83, 80, 1.0)",4.202599595531314,134.55291802787474,1.3318142366160046,2,0.17869791473529384,0.3573958294705877,0.0,0.0,0.0,0.0,51.904100748073084,7.65994534119794,False,True,False,False,False,10.936631442592997
2025-05-06 17:00:00+00:00,140.15,140.265,139.715,139.72,0.0,133.78665444770283,,,,,,,,134.55291802787474,"rgba(239, 83, 80, 1.0)",4.213351276831971,134.55291802787474,1.2263591693713232,2,0.17751060800326252,0.35502121600652503,0.0,0.0,0.0,0.0,46.545170220605115,3.26153918205074,False,True,False,True,False,9.60948783637508
2025-05-06 18:00:00+00:00,139.72,140.545,139.72,140.545,45.0,134.18796194406235,,,,,,,,134.73478242855165,"rgba(239, 83, 80, 1.0)",4.233503463631063,134.73478242855165,1.3724371838507787,2,0.17589970167089533,0.35179940334179066,0.0,0.0,0.0,0.0,47.28344689160744,3.26153918205074,False,True,False,True,False,11.528500191718368
2025-05-06 19:00:00+00:00,140.545,140.55,140.495,140.55,0.0,134.18796194406235,,,,,,,,134.73478242855165,"rgba(239, 83, 80, 1.0)",4.250571676442621,134.73478242855165,1.368102461058889,2,0.17440202426475057,0.34880404852950114,0.0,0.0,0.0,0.0,47.79906816283574,3.26153918205074,False,True,False,True,False,11.54001755219149
2025-05-07 14:00:00+00:00,140.55,140.86,140.425,140.425,0.0,134.18796194406235,,,,,,,,134.73478242855165,"rgba(239, 83, 80, 1.0)",4.262669533232576,134.73478242855165,1.3348953108108306,2,0.17310339189880927,0.34620678379761854,0.0,0.0,0.0,0.0,47.53799524316807,3.26153918205074,False,True,False,True,False,11.14126874578174
2025-05-07 15:00:00+00:00,140.425,140.435,139.755,140.385,0.0,134.18796194406235,,,,,,,,134.73478242855165,"rgba(239, 83, 80, 1.0)",4.271204292480964,134.73478242855165,1.3228628706416574,2,0.17188202491254279,0.34376404982508557,0.0,0.0,0.0,0.0,47.15706940339073,3.26153918205074,False,True,False,True,False,11.0118596932409
2025-05-07 16:00:00+00:00,140.385,140.62,140.385,140.56,0.0,134.18796194406235,,,,,,,,134.73478242855165,"rgba(239, 83, 80, 1.0)",4.2792296793521585,134.73478242855165,1.3612771475099323,2,0.17038886353785065,0.3407777270757013,0.0,0.0,0.0,0.0,47.99321470728456,3.26153918205074,False,True,False,True,True,11.438146535479724
2025-05-07 17:00:00+00:00,140.56,140.88,140.475,140.475,0.0,134.18796194406235,,,,,,,,134.73478242855165,"rgba(239, 83, 80, 1.0)",4.222047611767993,134.73478242855165,1.3595814399271093,2,0.16904415808499818,0.33808831616999635,0.0,0.0,0.0,0.0,48.016563110050626,3.26153918205074,False,True,False,True,True,11.15368007173111
2025-05-07 18:00:00+00:00,140.475,140.475,139.715,139.715,0.0,134.18796194406235,,,,,,,,134.73478242855165,"rgba(239, 83, 80, 1.0)",4.115709420748244,134.73478242855165,1.2100508229132796,2,0.16814520402622127,0.33629040805244254,0.0,0.0,0.0,0.0,44.106947261395796,-0.4609806182735312,False,True,False,True,False,8.64225653614389
2025-05-07 19:00:00+00:00,139.715,140.135,139.715,140.07,100.0,134.88752317613864,,,,,,,,135.23435111774322,"rgba(239, 83, 80, 1.0)",4.010776308221944,135.23435111774322,1.205664068660193,2,0.16708078276267352,0.33416156552534704,0.0,0.0,0.0,0.0,43.92290737511853,-0.9485163446991436,False,True,False,True,False,9.551612176614192
2025-05-08 14:00:00+00:00,140.07,141.8,140.07,141.8,0.0,134.88752317613864,,,,,,,,135.23435111774322,"rgba(38, 166, 154, 1.0)",3.89298948330419,135.23435111774322,1.6865313688657013,2,0.16517413396094976,0.33034826792189953,0.0,0.0,0.0,0.0,51.03912231801541,-4.401695067554371,False,True,True,False,True,13.727055393775093
2025-05-08 15:00:00+00:00,141.8,143.515,141.8,143.515,0.0,134.88752317613864,,,,,,,,135.23435111774322,"rgba(38, 166, 154, 1.0)",3.7974701749624966,135.23435111774322,2.1805698269476332,2,0.1623233686194384,0.3246467372388768,0.0,0.0,0.0,0.0,59.25899297695425,3.013986913465402,False,True,True,False,True,17.441589630916837
2025-05-08 16:00:00+00:00,143.515,143.64,143.34,143.64,0.0,134.88752317613864,,,,,,,,135.23435111774322,"rgba(38, 166, 154, 1.0)",3.732675563836867,135.23435111774322,2.251909853535862,2,0.15962818329617207,0.31925636659234413,0.0,0.0,0.0,0.0,64.9335435693769,7.856201935317138,False,False,True,False,True,17.699940839247613
2025-05-08 17:00:00+00:00,143.64,143.72,142.975,143.195,0.0,134.88752317613864,,,,,,,,135.23435111774322,"rgba(38, 166, 154, 1.0)",3.7068256398601185,135.23435111774322,2.147564966815429,1,0.21497835641696936,0.21497835641696936,0.0,0.0,0.0,0.0,66.4844350856472,9.002403200157424,True,False,True,False,True,16.21270122256962
2025-05-08 18:00:00+00:00,143.195,143.495,142.92,143.495,0.0,134.88752317613864,,,,,,,,135.23435111774322,"rgba(38, 166, 154, 1.0)",3.6896358947782537,135.23435111774322,2.238879151719997,1,0.21231630231752197,0.21231630231752197,0.0,0.0,0.0,0.0,68.15119364712899,10.542765419995405,True,False,True,False,True,16.85443259242465
2025-05-08 19:00:00+00:00,143.135,143.515,143.11,143.11,0.0,134.88752317613864,,,,,,,,135.23435111774322,"rgba(38, 166, 154, 1.0)",3.680465222258237,135.23435111774322,2.139851460795629,1,0.21013565961321967,0.21013565961321967,0.0,0.0,0.0,0.0,67.29245176429865,10.542765419995405,True,False,True,False,True,15.559882048378103
2025-05-09 14:00:00+00:00,142.44,142.44,141.86,141.86,0.0,134.88752317613864,,,,,,,,135.23435111774322,"rgba(38, 166, 154, 1.0)",3.610689023611059,135.23435111774322,1.8350095615906765,1,0.20906446693574063,0.20906446693574063,0.0,0.0,0.0,0.0,61.65034659039012,10.542765419995405,False,False,True,False,False,11.520089527973994
2025-05-09 15:00:00+00:00,141.86,142.005,141.76,142.005,0.0,134.88752317613864,,,,,,,,135.23435111774322,"rgba(38, 166, 154, 1.0)",3.5601878303521537,135.23435111774322,1.9017673237726518,1,0.20801818096641808,0.20801818096641808,0.0,0.0,0.0,0.0,58.37498687929921,16.15827834801682,False,True,True,False,False,11.853519225119264
2025-05-09 16:00:00+00:00,142.005,142.005,141.67,141.72,0.0,134.88752317613864,,,,,,,,135.23435111774322,"rgba(38, 166, 154, 1.0)",3.4995718116456884,135.23435111774322,1.8532692658782386,1,0.2079443538705844,0.2079443538705844,0.0,0.0,0.0,0.0,55.13769086070663,13.01984472355494,False,True,True,False,False,10.948089017985861
2025-05-09 17:00:00+00:00,141.72,141.845,141.72,141.845,0.0,134.88752317613864,,,,,,,,135.23435111774322,"rgba(38, 166, 154, 1.0)",3.4339395362672,135.23435111774322,1.9250918114425408,1,0.20774313089921115,0.20774313089921115,0.0,0.0,0.0,0.0,53.47948450542894,11.27544478153473,False,True,True,False,False,11.24554122774705
2025-05-09 18:00:00+00:00,141.845,141.845,141.845,141.845,0.0,134.88752317613864,,,,,,,,135.23435111774322,"rgba(38, 166, 154, 1.0)",3.4338648700766057,135.23435111774322,1.9251336707694344,1,0.20760058367411766,0.20760058367411766,0.0,0.0,0.0,0.0,52.37401360191049,9.91351866180868,False,True,False,False,False,11.24554122774704
2025-05-09 19:00:00+00:00,141.845,142.265,141.845,142.125,0.0,134.88752317613864,,,,,,,,135.23435111774322,"rgba(38, 166, 154, 1.0)",3.41114678875224,135.23435111774322,2.020038804831764,1,0.20713936478385947,0.20713936478385947,0.0,0.0,0.0,0.0,52.90782686806155,9.91351866180868,False,True,True,False,False,11.928686163248894
2025-05-12 14:00:00+00:00,145.54,145.95,145.54,145.95,0.0,134.88752317613864,,,,,,,,135.23435111774322,"rgba(38, 166, 154, 1.0)",3.460483833275443,135.23435111774322,3.0965753341243376,1,0.20360798681460646,0.20360798681460646,0.0,0.0,0.0,0.0,61.55369331114099,4.110910151976682,False,False,True,False,True,20.0
2025-05-12 15:00:00+00:00,145.95,145.95,145.27,145.38,0.0,134.88752317613864,,,,,,,,135.23435111774322,"rgba(38, 166, 154, 1.0)",3.4727881702856647,135.23435111774322,2.9214706986928656,1,0.20088169407821535,0.20088169407821535,0.0,0.0,0.0,0.0,65.13449564000726,7.429354253734218,True,False,True,False,True,18.281750987772664
2025-05-12 16:00:00+00:00,145.38,146.115,145.38,146.115,0.0,134.88752317613864,,,,,,,,135.23435111774322,"rgba(38, 166, 154, 1.0)",3.489970569586081,135.23435111774322,3.117690726987209,1,0.1978709495230187,0.1978709495230187,0.0,0.0,0.0,0.0,68.51479746798121,10.611922289012107,True,False,True,False,True,19.691965336744257
2025-05-12 17:00:00+00:00,146.115,146.4,146.115,146.4,0.0,134.88752317613864,,,,,,,,135.23435111774322,"rgba(38, 166, 154, 1.0)",3.503594046581838,135.23435111774322,3.186912848293647,1,0.19514411465121206,0.19514411465121206,0.0,0.0,0.0,0.0,71.13763374514386,13.162040318291773,True,False,True,False,True,20.0
2025-05-12 18:00:00+00:00,146.4,146.585,146.4,146.585,0.0,134.88752317613864,,,,,,,,135.23435111774322,"rgba(38, 166, 154, 1.0)",3.551280809424661,135.23435111774322,3.196212716306064,1,0.19255587686915557,0.19255587686915557,0.0,0.0,0.0,0.0,73.1356316278352,15.23272247114295,True,False,True,False,True,20.0
2025-05-12 19:00:00+00:00,146.585,146.585,146.585,146.585,0.0,134.88752317613864,,,,,,,,135.23435111774322,"rgba(38, 166, 154, 1.0)",3.604749184712468,135.23435111774322,3.148804063926066,1,0.19023474420699416,0.19023474420699416,0.0,0.0,0.0,0.0,74.46763021629609,16.79415549992774,True,False,True,False,True,20.0
2025-05-13 14:00:00+00:00,146.585,148.32,146.585,147.855,0.0,134.88752317613864,,,,,,,,135.23435111774322,"rgba(38, 166, 154, 1.0)",3.6880928602661958,135.23435111774322,3.4219986753115137,1,0.18722607694104332,0.18722607694104332,0.0,0.0,0.0,0.0,77.00116620901991,19.528114923841216,True,False,True,False,True,20.0
2025-05-13 15:00:00+00:00,147.855,148.755,147.855,148.755,0.0,134.88752317613864,,,,,,,,135.23435111774322,"rgba(38, 166, 154, 1.0)",3.792086184494124,135.23435111774322,3.565490926219673,1,0.1838531806775156,0.1838531806775156,0.0,0.0,0.0,0.0,79.5678402570332,22.265314614421698,True,False,True,False,True,20.0
2025-05-13 16:00:00+00:00,148.755,148.755,148.62,148.625,0.0,134.88752317613864,,,,,,,,135.23435111774322,"rgba(38, 166, 154, 1.0)",3.880375449699582,135.23435111774322,3.4508642413180626,1,0.18094069391939557,0.18094069391939557,0.0,0.0,0.0,0.0,80.62099452883623,23.61439089599189,True,False,True,False,True,20.0
2025-05-13 17:00:00+00:00,148.625,148.625,148.565,148.565,0.0,134.88752317613864,,,,,,,,135.23435111774322,"rgba(38, 166, 154, 1.0)",3.9561912102289134,135.23435111774322,3.3695663768196487,1,0.17838213952290338,0.17838213952290338,0.0,0.0,0.0,0.0,80.9934140959711,24.419222737978032,True,False,True,False,True,20.0
2025-05-13 18:00:00+00:00,148.565,148.565,148.565,148.565,0.0,134.88752317613864,,,,,,,,135.23435111774322,"rgba(38, 166, 154, 1.0)",4.010461518902187,135.23435111774322,3.3239687800086104,1,0.1777474067403457,0.1777474067403457,0.0,0.0,0.0,0.0,81.24169380739434,25.182385988483475,True,False,True,False,True,20.0
2025-05-13 19:00:00+00:00,148.565,148.565,148.195,148.195,0.0,134.88752317613864,,,,,,,,135.23435111774322,"rgba(38, 166, 154, 1.0)",4.0565005799279295,135.23435111774322,3.1950319313123443,1,0.17842828055685062,0.17842828055685062,0.0,0.0,0.0,0.0,79.08187665708539,25.182385988483475,True,False,True,False,True,20.0
2025-05-14 14:00:00+00:00,147.775,147.775,147.25,147.645,0.0,134.88752317613864,,,,,,,,135.23435111774322,"rgba(38, 166, 154, 1.0)",4.076628009510876,135.23435111774322,3.044341758262573,1,0.17956884168226692,0.17956884168226692,0.0,0.0,0.0,0.0,74.52945659583341,30.23216840773199,True,False,True,False,False,20.0
2025-05-14 15:00:00+00:00,147.645,147.645,147.11,147.11,0.0,134.88752317613864,,,,,,,,135.23435111774322,"rgba(38, 166, 154, 1.0)",4.084491874624623,135.23435111774322,2.907497247340761,1,0.18199825713130371,0.18199825713130371,0.0,0.0,0.0,0.0,68.8722221496295,24.912113769337083,True,False,True,False,False,18.77642111956695
2025-05-14 16:00:00+00:00,147.11,147.775,147.11,147.65,0.0,134.88752317613864,,,,,,,,135.23435111774322,"rgba(38, 166, 154, 1.0)",4.098469224232712,135.23435111774322,3.029338077945715,1,0.1844613495586376,0.1844613495586376,0.0,0.0,0.0,0.0,66.8003302354162,23.021610458754566,True,False,True,False,False,19.87849884089813
2025-05-14 17:00:00+00:00,147.65,147.65,147.36,147.64,0.0,134.88752317613864,,,,,,,,135.23435111774322,"rgba(38, 166, 154, 1.0)",4.122435429921806,135.23435111774322,3.009300956471762,1,0.18626486866487765,0.18626486866487765,0.0,0.0,0.0,0.0,65.3669269946715,21.59878503947452,True,False,True,False,False,19.84336862074348
2025-05-14 18:00:00+00:00,147.64,147.805,147.64,147.805,0.0,134.88752317613864,,,,,,,,135.23435111774322,"rgba(38, 166, 154, 1.0)",4.126431883612137,135.23435111774322,3.0463725651646705,1,0.18671036687401524,0.18671036687401524,0.0,0.0,0.0,0.0,64.96494696907733,20.99449850038502,True,False,True,False,False,20.0
2025-05-14 19:00:00+00:00,147.805,147.805,147.415,147.415,0.0,134.88752317613864,,,,,,,,135.23435111774322,"rgba(38, 166, 154, 1.0)",4.102840931807185,135.23435111774322,2.96883283673675,1,0.1873430730381096,0.1873430730381096,0.0,0.0,0.0,0.0,62.44357738975661,18.354607649107052,False,False,True,False,False,18.783714415485083
2025-05-15 14:00:00+00:00,147.355,147.355,146.74,146.855,0.0,134.88752317613864,,,,,,,,135.23435111774322,"rgba(38, 166, 154, 1.0)",4.062324452201682,135.23435111774322,2.860591028360293,1,0.1878500688123412,0.1878500688123412,0.0,0.0,0.0,0.0,57.979763006515654,14.024879879763532,False,True,True,False,False,16.803368827001535
2025-05-15 15:00:00+00:00,146.855,147.32,146.855,147.32,0.0,134.88752317613864,,,,,,,,135.23435111774322,"rgba(38, 166, 154, 1.0)",4.022639661571439,135.23435111774322,3.0044075281491986,1,0.18916410111885443,0.18916410111885443,0.0,0.0,0.0,0.0,57.035284760315946,13.01886021614824,False,True,True,False,False,17.826305301090468
2025-05-15 16:00:00+00:00,147.32,147.45,147.25,147.27,0.0,134.88752317613864,,,,,,,,135.23435111774322,"rgba(38, 166, 154, 1.0)",3.989312527421508,135.23435111774322,3.016973175083887,1,0.1900838471437823,0.1900838471437823,0.0,0.0,0.0,0.0,56.14344259985896,11.937472746357685,False,True,True,False,False,17.647625242392575
2025-05-15 17:00:00+00:00,147.27,147.41,147.27,147.41,0.0,134.88752317613864,,,,,,,,135.23435111774322,"rgba(38, 166, 154, 1.0)",3.9441848893582794,135.23435111774322,3.086987355767129,1,0.19112434977388346,0.19112434977388346,0.0,0.0,0.0,0.0,56.20302164136268,11.649939488178347,False,True,True,False,False,17.961319412912616
2025-05-15 18:00:00+00:00,147.41,147.41,147.4,147.4,0.0,134.88752317613864,,,,,,,,135.23435111774322,"rgba(38, 166, 154, 1.0)",3.9027835123338424,135.23435111774322,3.1171723575776307,1,0.19239928032626982,0.19239928032626982,0.0,0.0,0.0,0.0,56.178096877774074,11.187478615278813,False,True,True,False,False,17.924274369333485
2025-05-15 19:00:00+00:00,147.4,147.555,147.4,147.485,0.0,134.88752317613864,,,,,,,,135.23435111774322,"rgba(38, 166, 154, 1.0)",3.85218350975048,135.23435111774322,3.18018309648242,0,,,0.0,0.0,0.0,0.0,56.62764221129587,11.187478615278813,False,True,True,False,False,18.120869893765242
2025-05-16 14:00:00+00:00,147.485,147.9,147.485,147.725,100.0,136.27002696871628,,,,,,,,138.13165817893542,"rgba(38, 166, 154, 1.0)",3.8294478549622006,138.13165817893542,2.5051501376715475,0,,,0.0,0.0,0.0,0.0,58.229079031151954,11.187478615278813,False,True,True,False,True,18.67979376944468
2025-05-16 15:00:00+00:00,147.725,148.25,147.725,148.115,0.0,136.27002696871628,,,,,,,,138.13165817893542,"rgba(38, 166, 154, 1.0)",3.808775348804176,138.13165817893542,2.6211422062997256,0,,,0.0,0.0,0.0,0.0,61.14668207308107,11.187478615278813,False,True,True,False,True,19.58276079656624
2025-05-16 16:00:00+00:00,148.115,148.745,148.115,148.745,0.0,136.27002696871628,,,,,,,,138.13165817893542,"rgba(38, 166, 154, 1.0)",3.789405622650296,138.13165817893542,2.800793284737264,0,,,0.0,0.0,0.0,0.0,65.37329523465104,10.964445039836264,False,False,True,False,True,20.0
2025-05-16 17:00:00+00:00,148.745,148.745,148.675,148.675,0.0,136.27002696871628,,,,,,,,138.13165817893542,"rgba(38, 166, 154, 1.0)",3.7153471373953817,138.13165817893542,2.8377810824040317,0,,,0.0,0.0,0.0,0.0,67.56946907392546,12.983911568789551,True,False,True,False,True,20.0
2025-05-16 18:00:00+00:00,148.675,149.11,148.675,149.11,0.0,136.27002696871628,,,,,,,,138.13165817893542,"rgba(38, 166, 154, 1.0)",3.6712476854018266,138.13165817893542,2.990357165145338,0,,,0.0,0.0,0.0,0.0,70.4362326206281,15.634328382421828,True,False,True,False,True,20.0
2025-05-16 19:00:00+00:00,149.11,149.34,149.11,149.34,0.0,136.27002696871628,,,,,,,,138.13165817893542,"rgba(38, 166, 154, 1.0)",3.6248888668892993,138.13165817893542,3.092051158711253,0,,,0.0,0.0,0.0,0.0,72.99841020319752,17.993902467097527,True,False,True,False,True,20.0
2025-05-19 14:00:00+00:00,149.34,149.34,148.345,148.435,0.0,136.27002696871628,,,,,,,,138.13165817893542,"rgba(38, 166, 154, 1.0)",3.5614745174912343,138.13165817893542,2.8929988886520053,0,,,0.0,0.0,0.0,0.0,67.77422436727552,23.2306366161757,True,False,True,False,False,18.591024076385896
2025-05-19 15:00:00+00:00,148.435,148.735,148.435,148.645,0.0,136.27002696871628,,,,,,,,138.13165817893542,"rgba(38, 166, 154, 1.0)",3.4858971236623475,138.13165817893542,3.015964455663303,0,,,0.0,0.0,0.0,0.0,65.21572736713017,20.99895171428099,False,False,True,False,False,19.08646949808334
2025-05-19 16:00:00+00:00,148.645,149.005,148.645,149.005,0.0,136.27002696871628,,,,,,,,138.13165817893542,"rgba(38, 166, 154, 1.0)",3.4430271616757104,138.13165817893542,3.1580761087497637,0,,,0.0,0.0,0.0,0.0,64.9911937560264,20.774702233281985,False,False,True,False,False,19.93252700258091
2025-05-19 17:00:00+00:00,149.005,149.005,149.005,149.005,0.0,136.27002696871628,,,,,,,,138.13165817893542,"rgba(38, 166, 154, 1.0)",3.4451619269206146,138.13165817893542,3.1561192337869235,0,,,0.0,0.0,0.0,0.0,64.84150468195723,20.408823570796542,False,False,True,False,False,19.93252700258091
2025-05-19 18:00:00+00:00,149.005,149.185,149.005,149.185,0.0,136.27002696871628,,,,,,,,138.13165817893542,"rgba(38, 166, 154, 1.0)",3.440262387856188,138.13165817893542,3.2129356935336864,0,,,0.0,0.0,0.0,0.0,65.51978455693593,20.408823570796542,False,False,True,False,False,20.0
2025-05-19 19:00:00+00:00,149.185,149.38,148.99,149.38,0.0,136.27002696871628,,,,,,,,138.13165817893542,"rgba(38, 166, 154, 1.0)",3.41988148733082,138.13165817893542,3.2891028132801696,0,,,1.0,0.0,149.38,331.0,66.79202731418877,20.408823570796542,False,False,True,False,False,20.0
2025-05-20 14:00:00+00:00,149.38,149.38,148.895,149.265,0.0,136.27002696871628,,,,,,,,138.13165817893542,"rgba(38, 166, 154, 1.0)",3.3937493390905082,138.13165817893542,3.2805433485692226,0,,,0.0,0.0,0.0,0.0,66.55478113635198,20.408823570796542,False,False,True,False,False,20.0
2025-05-20 15:00:00+00:00,149.265,149.265,149.04,149.04,0.0,136.27002696871628,,,,,,,,138.13165817893542,"rgba(38, 166, 154, 1.0)",3.36889763027076,138.13165817893542,3.237955859225042,0,,,0.0,0.0,0.0,0.0,64.33304580253863,18.79766990519653,False,True,True,False,False,19.373220410580128
2025-05-20 16:00:00+00:00,149.04,149.04,149.04,149.04,0.0,136.27002696871628,,,,,,,,138.13165817893542,"rgba(38, 166, 154, 1.0)",3.3505796526884297,138.13165817893542,3.2556581104740965,0,,,0.0,0.0,0.0,0.0,62.85188891332974,17.16573464654722,False,True,True,False,False,19.373220410580128
2025-05-20 17:00:00+00:00,149.04,149.11,148.915,149.07,0.0,136.27002696871628,,,,,,,,138.13165817893542,"rgba(38, 166, 154, 1.0)",3.3615483013014544,138.13165817893542,3.253959437926175,0,,,0.0,0.0,0.0,0.0,62.072533885967744,16.195263136150857,False,True,True,False,False,19.451381595670703
2025-05-20 18:00:00+00:00,149.07,149.07,148.295,148.3,70.0,137.13256268806418,,,,,,,,140.18319188314314,"rgba(38, 166, 154, 1.0)",3.3547220652590366,140.18319188314314,2.4195173128985066,0,,,0.0,0.0,0.0,0.0,55.29877812516311,9.811659232277371,False,True,True,False,False,16.098919782299987
2025-05-20 19:00:00+00:00,148.295,148.32,147.995,148.32,0.0,137.13256268806418,,,,,,,,140.18319188314314,"rgba(38, 166, 154, 1.0)",3.3572055987730565,140.18319188314314,2.42368478112588,0,,,0.0,0.0,0.0,0.0,50.95727308985245,5.973486644649142,False,True,False,False,False,16.154278193057117
2025-05-21 14:00:00+00:00,147.755,147.755,147.29,147.29,0.0,137.13256268806418,,,,,,,,140.18319188314314,"rgba(239, 83, 80, 1.0)",3.345158865859522,140.18319188314314,2.124505412699075,0,,,0.0,0.0,0.0,0.0,43.240955538902725,-0.849714926880722,False,True,False,True,False,11.86403880404378
2025-05-21 15:00:00+00:00,147.29,147.55,147.29,147.55,0.0,137.13256268806418,,,,,,,,140.18319188314314,"rgba(239, 83, 80, 1.0)",3.334638786711173,140.18319188314314,2.209177241689339,0,,,0.0,0.0,0.0,0.0,40.22806502124066,-3.2260953473165372,False,True,False,True,False,12.620275881783158
2025-05-21 16:00:00+00:00,147.55,147.595,147.47,147.595,0.0,137.13256268806418,,,,,,,,140.18319188314314,"rgba(239, 83, 80, 1.0)",3.3214063856112372,140.18319188314314,2.2315270269141934,0,,,0.0,0.0,0.0,0.0,38.5912962715644,-4.553654345058078,False,True,False,True,False,12.751955927890744
2025-05-21 17:00:00+00:00,147.595,147.595,145.655,146.185,0.0,137.13256268806418,,,,,,,,140.18319188314314,"rgba(239, 83, 80, 1.0)",3.3014274717691547,140.18319188314314,1.8179433497112814,0,,,0.0,0.0,0.0,0.0,33.09646668256818,-9.575308709251559,False,True,False,True,False,7.203796658879099
2025-05-21 18:00:00+00:00,146.195,146.285,145.94,145.94,0.0,137.13256268806418,,,,,,,,140.18319188314314,"rgba(239, 83, 80, 1.0)",3.282064830186977,140.18319188314314,1.7540202326012244,0,,,0.0,0.0,0.0,0.0,28.93113953110828,-13.314399986018927,False,True,False,True,False,6.292492297184218
2025-05-21 19:00:00+00:00,145.94,145.945,145.455,145.585,0.0,137.13256268806418,,,,,,,,140.18319188314314,"rgba(239, 83, 80, 1.0)",3.2610178080079324,140.18319188314314,1.6564791837664599,0,,,0.0,0.0,0.0,0.0,25.467786528934564,-16.46880514748696,False,True,False,True,False,4.98150840383094
2025-05-22 14:00:00+00:00,145.17,145.17,144.705,144.795,0.0,137.13256268806418,,,,,,,,140.18319188314314,"rgba(239, 83, 80, 1.0)",3.237924586927766,140.18319188314314,1.4243099223112736,0,,,0.0,0.0,0.0,0.0,21.92172945181,-19.785066231790573,False,True,False,True,False,2.1560459340481515
2025-05-22 15:00:00+00:00,144.795,145.57,144.795,145.385,0.0,137.13256268806418,,,,,,,,140.18319188314314,"rgba(239, 83, 80, 1.0)",3.2139212851324994,140.18319188314314,1.6185238079477107,0,,,0.0,0.0,0.0,0.0,23.645056664735236,-19.785066231790573,False,True,False,True,False,4.06570163875482
2025-05-22 16:00:00+00:00,145.385,145.59,145.195,145.195,0.0,137.13256268806418,,,,,,,,140.18319188314314,"rgba(239, 83, 80, 1.0)",3.182265635766016,140.18319188314314,1.5749182156663182,0,,,0.0,0.0,0.0,0.0,24.346265314258716,-19.785066231790573,False,True,False,True,False,3.390396680444894
2025-05-22 17:00:00+00:00,145.195,145.735,145.125,145.735,0.0,137.13256268806418,,,,,,,,140.18319188314314,"rgba(239, 83, 80, 1.0)",3.127260479734429,140.18319188314314,1.7752944319266752,0,,,0.0,0.0,0.0,0.0,28.200047399520166,-19.785066231790573,False,True,False,True,True,5.121291826692104
2025-05-22 18:00:00+00:00,145.735,145.99,145.735,145.81,0.0,137.13256268806418,,,,,,,,140.18319188314314,"rgba(239, 83, 80, 1.0)",3.0677787427412557,140.18319188314314,1.8341636045854313,0,,,0.0,0.0,0.0,0.0,31.216395054139312,-26.605026200985286,False,True,False,True,True,5.359853458246384
2025-05-22 19:00:00+00:00,145.81,146.21,145.81,146.05,192.0,138.5682464255677,,,,,,,,140.54864165410922,"rgba(239, 83, 80, 1.0)",2.9958120197466265,140.54864165410922,1.8363496473173493,0,,,0.0,0.0,0.0,0.0,34.69293928475413,-23.110034452551922,False,True,False,True,True,6.1276122024131645
2025-05-23 14:00:00+00:00,144.635,145.365,144.635,145.105,0.0,138.5682464255677,,,,,,,,140.54864165410922,"rgba(239, 83, 80, 1.0)",2.909569520185675,140.54864165410922,1.5659905406212828,0,,,0.0,0.0,0.0,0.0,33.72245122310446,-23.110034452551922,False,True,False,True,True,2.686452136813962
2025-05-23 15:00:00+00:00,145.105,145.79,144.985,145.79,0.0,138.5682464255677,,,,,,,,140.54864165410922,"rgba(239, 83, 80, 1.0)",2.840162173392899,140.54864165410922,1.8454433324239972,0,,,0.0,0.0,0.0,0.0,36.75673044366334,-20.674549778636532,False,True,False,True,True,4.886197391345842
2025-05-23 16:00:00+00:00,145.79,145.79,145.425,145.765,0.0,138.5682464255677,,,,,,,,140.54864165410922,"rgba(239, 83, 80, 1.0)",2.767398065702649,140.54864165410922,1.8849324246262065,0,,,0.0,0.0,0.0,0.0,38.68532474105906,-18.548880847512365,False,True,False,True,True,4.79579995495498
2025-05-23 17:00:00+00:00,145.765,146.105,145.765,146.04,0.0,138.5682464255677,,,,,,,,140.54864165410922,"rgba(239, 83, 80, 1.0)",2.686929712381773,140.54864165410922,2.043729808258763,0,,,0.0,0.0,0.0,0.0,41.417827333752115,-15.674132524959553,False,True,False,True,True,5.6763066594340685
2025-05-23 18:00:00+00:00,146.04,146.135,146.03,146.135,0.0,138.5682464255677,,,,,,,,140.54864165410922,"rgba(239, 83, 80, 1.0)",2.600507109243492,140.54864165410922,2.148180378370851,0,,,0.0,0.0,0.0,0.0,43.74446612008979,-13.205441955796935,False,True,False,True,True,5.9814474415227
2025-05-23 19:00:00+00:00,146.135,146.135,146.08,146.08,0.0,138.5682464255677,,,,,,,,140.54864165410922,"rgba(239, 83, 80, 1.0)",2.514299823729128,140.54864165410922,2.1999597238514155,0,,,0.0,0.0,0.0,0.0,45.00135066904471,-11.705336397694069,False,True,False,True,True,5.771413610123247
2025-05-26 14:00:00+00:00,146.08,146.08,146.08,146.08,0.0,138.5682464255677,,,,,,,,140.54864165410922,"rgba(239, 83, 80, 1.0)",2.419980747820226,140.54864165410922,2.285703450687825,0,,,0.0,0.0,0.0,0.0,45.83927370168132,-10.52727673979689,False,True,False,True,True,5.771413610123247
2025-05-26 15:00:00+00:00,146.08,146.08,146.08,146.08,0.0,138.5682464255677,,,,,,,,140.54864165410922,"rgba(239, 83, 80, 1.0)",2.291005753017892,140.54864165410922,2.414379945840143,0,,,0.0,0.0,0.0,0.0,46.3978890567724,-9.552173462389021,False,False,False,True,True,5.771413610123247
2025-05-26 16:00:00+00:00,146.08,146.08,146.08,146.08,0.0,138.5682464255677,,,,,,,,140.54864165410922,"rgba(239, 83, 80, 1.0)",2.165739386466157,140.54864165410922,2.5540276823964154,0,,,0.0,0.0,0.0,0.0,46.77029929349979,-8.712449478285173,False,False,False,True,True,5.771413610123247
2025-05-26 17:00:00+00:00,146.08,146.08,146.08,146.08,0.0,138.5682464255677,,,,,,,,140.54864165410922,"rgba(239, 83, 80, 1.0)",2.0940329273680534,140.54864165410922,2.6414858494336304,0,,,0.0,0.0,0.0,0.0,47.01857278465138,-7.970612587056401,False,False,False,True,True,5.771413610123247
2025-05-26 18:00:00+00:00,146.08,146.08,146.08,146.08,0.0,138.5682464255677,,,,,,,,140.54864165410922,"rgba(239, 83, 80, 1.0)",2.0635402099786946,140.54864165410922,2.6805188089588543,0,,,0.0,0.0,0.0,0.0,47.18408844541911,-7.306200501447748,False,False,False,True,True,5.771413610123247
2025-05-26 19:00:00+00:00,146.08,146.08,146.08,146.08,0.0,138.5682464255677,,,,,,,,140.54864165410922,"rgba(239, 83, 80, 1.0)",2.0345814984597173,140.54864165410922,2.718671309101315,0,,,0.0,0.0,0.0,0.0,47.29443221926425,-6.707985835214252,False,False,False,True,True,5.771413610123247
2025-05-27 14:00:00+00:00,147.3,148.29,147.3,148.29,0.0,138.5682464255677,,,,,,,,140.54864165410922,"rgba(38, 166, 154, 1.0)",2.0015787417586575,140.54864165410922,3.8676261814656083,0,,,0.0,0.0,0.0,0.0,58.3136618848644,3.681654957133574,True,False,True,False,True,13.191347711941678
2025-05-27 15:00:00+00:00,148.29,148.62,148.29,148.62,0.0,138.5682464255677,,,,,,,,140.54864165410922,"rgba(38, 166, 154, 1.0)",1.9764926233332618,140.54864165410922,4.083677444886599,0,,,0.0,0.0,0.0,0.0,66.28268330442353,10.636117632964528,True,False,True,False,True,14.184519371698048
2025-05-27 16:00:00+00:00,148.62,149.01,148.62,148.92,0.0,138.5682464255677,,,,,,,,140.54864165410922,"rgba(38, 166, 154, 1.0)",1.9430052579530348,140.54864165410922,4.308458925484347,0,,,0.0,0.0,0.0,0.0,72.12070664147639,15.466883667184433,True,False,True,False,True,15.077711069818672
2025-05-27 17:00:00+00:00,148.92,148.92,148.92,148.92,0.0,138.5682464255677,,,,,,,,140.54864165410922,"rgba(38, 166, 154, 1.0)",1.865515669114686,140.54864165410922,4.48742322805766,0,,,0.0,0.0,0.0,0.0,76.01272219951163,18.591205914574743,True,False,True,False,True,15.077711069818672
2025-05-27 18:00:00+00:00,148.92,148.92,148.92,148.92,0.0,138.5682464255677,,,,,,,,140.54864165410922,"rgba(38, 166, 154, 1.0)",1.7852805997435015,140.54864165410922,4.689099487830381,0,,,0.0,0.0,0.0,0.0,78.6073992382018,20.731952181980603,True,False,True,False,True,15.077711069818672
2025-05-27 19:00:00+00:00,148.92,149.255,148.92,149.255,0.0,138.5682464255677,,,,,,,,140.54864165410922,"rgba(38, 166, 154, 1.0)",1.689234905976152,140.54864165410922,5.1540246505027465,0,,,0.0,0.0,0.0,0.0,81.00437344482148,22.91373115656522,True,False,True,False,True,16.103981454530953
2025-05-28 14:00:00+00:00,149.32,149.32,148.86,148.86,0.0,138.5682464255677,,,,,,,,140.54864165410922,"rgba(38, 166, 154, 1.0)",1.580773949456394,140.54864165410922,5.257777906037075,0,,,0.0,0.0,0.0,0.0,78.5758350458521,22.91373115656522,True,False,True,False,True,14.264570640019414
2025-05-28 15:00:00+00:00,148.86,148.995,148.48,148.59,0.0,138.5682464255677,,,,,,,,140.54864165410922,"rgba(38, 166, 154, 1.0)",1.4548181769309205,140.54864165410922,5.527397494341738,0,,,0.0,0.0,0.0,0.0,74.55629439727122,22.91373115656522,True,False,True,False,False,13.024952928391325
2025-05-28 16:00:00+00:00,148.545,148.67,148.545,148.67,0.0,138.5682464255677,,,,,,,,140.54864165410922,"rgba(38, 166, 154, 1.0)",1.3272719362638032,140.54864165410922,6.118835277081154,0,,,0.0,0.0,0.0,0.0,72.22857427485644,30.46303822713722,True,False,True,False,False,13.284075971491255
2025-05-28 17:00:00+00:00,148.67,148.805,148.67,148.72,0.0,138.5682464255677,,,,,,,,140.54864165410922,"rgba(38, 166, 154, 1.0)",1.3235835604305877,140.54864165410922,6.173662615779602,0,,,0.0,0.0,0.0,0.0,70.91123841011682,28.93165312563221,True,False,True,False,False,13.44820441024876
2025-05-28 18:00:00+00:00,148.72,148.795,148.415,148.415,0.0,138.5682464255677,,,,,,,,140.54864165410922,"rgba(38, 166, 154, 1.0)",1.3046453316676172,140.54864165410922,6.029499477713132,0,,,0.0,0.0,0.0,0.0,67.0839764361408,25.029309248903317,True,False,True,False,False,12.007917100908866
2025-05-28 19:00:00+00:00,148.415,148.535,148.265,148.36,0.0,138.5682464255677,,,,,,,,140.54864165410922,"rgba(38, 166, 154, 1.0)",1.297603709684914,140.54864165410922,6.019833549788141,0,,,0.0,0.0,0.0,0.0,64.02506097053582,21.91041959958649,True,False,True,False,False,11.747987168206432
2025-05-29 14:00:00+00:00,148.31,148.31,147.585,147.955,70.0,139.08986894360604,147.95,,,,,,,142.20302193792767,"rgba(239, 83, 80, 1.0)",1.291315964014842,142.20302193792767,4.454353715405805,0,,,0.0,0.0,0.0,0.0,58.60698209038512,16.680350784713255,True,False,True,False,False,9.843481534647704
2025-05-29 15:00:00+00:00,148.03,148.195,147.67,147.785,0.0,139.08986894360604,147.95,,,,,,,142.20302193792767,"rgba(239, 83, 80, 1.0)",1.286305688522361,142.20302193792767,4.339542390179896,0,,,0.0,0.0,0.0,0.0,53.77917234783126,12.132713710419246,False,False,False,False,False,9.053086247592983
2025-05-29 16:00:00+00:00,147.785,148.01,147.26,147.975,0.0,139.08986894360604,147.95,,,,,,,142.20302193792767,"rgba(239, 83, 80, 1.0)",1.2816174043652147,142.20302193792767,4.503667040111072,0,,,0.0,0.0,0.0,0.0,52.19203189185549,10.54945615322383,False,False,False,False,False,9.74636702765589
2025-05-29 17:00:00+00:00,147.975,148.275,147.975,148.055,0.0,139.08986894360604,147.95,,,,,,,142.20302193792767,"rgba(239, 83, 80, 1.0)",1.2823424933577336,142.20302193792767,4.563506311601119,0,,,0.0,0.0,0.0,0.0,51.81093155546854,9.874653935240275,False,False,False,False,False,10.039775407060215
2025-05-29 18:00:00+00:00,148.055,148.315,147.91,148.315,0.0,139.08986894360604,147.95,,,,,,,142.20302193792767,"rgba(239, 83, 80, 1.0)",1.2780437895191963,142.20302193792767,4.782291586716029,0,,,0.0,0.0,0.0,0.0,53.6313565082442,9.874653935240275,False,False,True,False,False,10.994206086368404
2025-05-29 19:00:00+00:00,148.315,148.375,148.25,148.25,0.0,139.08986894360604,147.95,,,,,,,142.20302193792767,"rgba(239, 83, 80, 1.0)",1.2747347295148475,142.20302193792767,4.743714846753844,0,,,0.0,0.0,0.0,0.0,54.185911058897105,9.874653935240275,False,False,True,False,False,10.673095027530014
2025-05-30 14:00:00+00:00,148.25,148.325,148.0,148.115,0.0,139.08986894360604,147.95,,,,,,,142.20302193792767,"rgba(239, 83, 80, 1.0)",1.2711926654891674,142.20302193792767,4.650733301546661,0,,,0.0,0.0,0.0,0.0,53.17982798671693,9.874653935240275,False,False,True,False,False,10.000425879707539
2025-05-30 15:00:00+00:00,148.115,148.115,147.73,147.82,0.0,139.08986894360604,147.95,,,,,,,142.20302193792767,"rgba(239, 83, 80, 1.0)",1.2664165127573341,142.20302193792767,4.43533229825204,0,,,0.0,0.0,0.0,0.0,49.864661808385044,6.396709527732668,False,False,False,False,False,8.537902587292479
2025-05-30 16:00:00+00:00,147.82,147.955,146.985,146.985,0.0,139.08986894360604,147.95,,,,,,,142.20302193792767,"rgba(239, 83, 80, 1.0)",1.2662555390168118,142.20302193792767,3.7764715847050296,0,,,0.0,0.0,0.0,0.0,42.891156562118454,-0.30182240400013427,False,True,False,True,False,4.582960186910999
2025-05-30 17:00:00+00:00,146.985,147.625,146.985,147.625,0.0,139.08986894360604,147.95,,,,,,,142.20302193792767,"rgba(239, 83, 80, 1.0)",1.2662415230102277,142.20302193792767,4.281946187629903,0,,,0.0,0.0,0.0,0.0,43.49540592775911,-0.30182240400013427,False,True,False,True,False,7.09722792587236
2025-05-30 18:00:00+00:00,147.625,148.02,147.625,148.0,0.0,139.08986894360604,147.95,,,,,,,142.20302193792767,"rgba(239, 83, 80, 1.0)",1.2660502779538303,142.20302193792767,4.578789770846469,0,,,0.0,0.0,0.0,0.0,46.24930871367738,-0.30182240400013427,False,True,False,True,True,8.516523017907325
2025-05-30 19:00:00+00:00,148.0,148.63,148.0,148.145,26.0,139.27537872892347,148.03350694444444,,,,,,,142.32718482940044,"rgba(239, 83, 80, 1.0)",1.2677036414411635,142.32718482940044,4.5892549176444,0,,,0.0,0.0,0.0,0.0,48.93060299176817,-0.30182240400013427,False,False,False,False,True,9.06032732424697
2025-06-02 14:00:00+00:00,146.43,147.485,146.43,147.485,0.0,139.27537872892347,148.03350694444444,,,,,,,142.32718482940044,"rgba(239, 83, 80, 1.0)",1.2677435157090278,142.32718482940044,4.068500533970309,0,,,0.0,0.0,0.0,0.0,46.8796868057105,-0.30182240400013427,False,True,False,True,True,5.983689776579045
2025-06-02 15:00:00+00:00,147.485,147.52,147.22,147.44,0.0,139.27537872892347,148.03350694444444,,,,,,,142.32718482940044,"rgba(239, 83, 80, 1.0)",1.2675904715657456,142.32718482940044,4.033491324910433,0,,,0.0,0.0,0.0,0.0,45.284143160198795,-0.30182240400013427,False,True,False,True,False,5.7779961491122265
2025-06-02 16:00:00+00:00,147.44,147.44,147.44,147.44,0.0,139.27537872892347,148.03350694444444,,,,,,,142.32718482940044,"rgba(239, 83, 80, 1.0)",1.267549586783736,142.32718482940044,4.033621425077935,0,,,0.0,0.0,0.0,0.0,44.22044739652432,-0.30182240400013427,False,True,False,True,False,5.7779961491122265
2025-06-02 17:00:00+00:00,147.44,147.44,147.09,147.09,0.0,139.27537872892347,148.03350694444444,,,,,,,142.32718482940044,"rgba(239, 83, 80, 1.0)",1.266020056628033,142.32718482940044,3.762037691002331,0,,,0.0,0.0,0.0,0.0,41.60127824995722,-2.2897769347629193,False,True,False,True,False,4.149911102161266
2025-06-02 18:00:00+00:00,147.09,147.48,147.09,147.48,0.0,139.27537872892347,148.03350694444444,,,,,,,142.32718482940044,"rgba(239, 83, 80, 1.0)",1.265703610894468,142.32718482940044,4.071107268911145,0,,,0.0,0.0,0.0,0.0,42.94734316095164,-2.2897769347629193,False,True,False,True,False,5.737194871689525
2025-06-02 19:00:00+00:00,147.48,147.84,147.48,147.84,0.0,139.27537872892347,148.03350694444444,,,,,,,142.32718482940044,"rgba(239, 83, 80, 1.0)",1.2654897816213488,142.32718482940044,4.356269999696507,0,,,0.0,0.0,0.0,0.0,46.227094392355596,-2.2897769347629193,False,True,False,True,True,7.168581297906929
2025-06-03 14:00:00+00:00,148.76,149.255,148.43,149.255,0.0,139.27537872892347,148.03350694444444,,,,,,,142.32718482940044,"rgba(38, 166, 154, 1.0)",1.2797185536582774,142.32718482940044,5.413545932264017,0,,,0.0,0.0,0.0,0.0,54.19940454970137,-2.2009914050083097,False,False,True,False,True,12.360556088175606
2025-06-03 15:00:00+00:00,149.045,149.47,149.045,149.47,0.0,139.27537872892347,148.03350694444444,,,,,,,142.32718482940044,"rgba(38, 166, 154, 1.0)",1.2971451431983907,142.32718482940044,5.506565867399706,0,,,0.0,0.0,0.0,0.0,60.10270911032843,3.024206333359885,True,False,True,False,True,13.095208458964379
2025-06-03 16:00:00+00:00,149.47,149.735,149.47,149.735,0.0,139.27537872892347,148.03350694444444,,,,,,,142.32718482940044,"rgba(38, 166, 154, 1.0)",1.3191993306072132,142.32718482940044,5.615387302531331,0,,,0.0,0.0,0.0,0.0,64.74776525974606,7.05390861266882,True,False,True,False,True,13.99507933417884
2025-06-03 17:00:00+00:00,149.735,149.735,149.735,149.735,0.0,139.27537872892347,148.03350694444444,,,,,,,142.32718482940044,"rgba(38, 166, 154, 1.0)",1.3404512383981608,142.32718482940044,5.526359302298766,0,,,0.0,0.0,0.0,0.0,67.84446935935782,9.754870091332918,True,False,True,False,True,13.995079334178861
2025-06-03 18:00:00+00:00,149.735,149.97,149.735,149.97,0.0,139.27537872892347,148.03350694444444,,,,,,,142.32718482940044,"rgba(38, 166, 154, 1.0)",1.3650453742914588,142.32718482940044,5.598945877214262,0,,,0.0,0.0,0.0,0.0,70.58723836761938,12.29367089208283,True,False,True,False,True,14.803058556954905
2025-06-03 19:00:00+00:00,149.97,149.97,149.9,149.9,0.0,139.27537872892347,148.03350694444444,,,,,,,142.32718482940044,"rgba(38, 166, 154, 1.0)",1.3830738126259938,142.32718482940044,5.475351424824774,0,,,0.0,0.0,0.0,0.0,71.76676759411022,13.556450242138588,True,False,True,False,True,14.44298955486396
2025-06-04 14:00:00+00:00,151.05,151.05,150.5,150.5,0.0,139.27537872892347,148.03350694444444,,,,,,,142.32718482940044,"rgba(38, 166, 154, 1.0)",1.4153686751115813,142.32718482940044,5.7743366193654495,0,,,0.0,0.0,0.0,0.0,74.26031301229324,16.182333891663717,True,False,True,False,True,16.49470402854014
2025-06-04 15:00:00+00:00,150.5,150.785,150.5,150.785,0.0,139.27537872892347,148.03350694444444,,,,,,,142.32718482940044,"rgba(38, 166, 154, 1.0)",1.4496401914562473,142.32718482940044,5.8344237559412555,0,,,0.0,0.0,0.0,0.0,76.58438676433121,18.681815901382024,True,False,True,False,True,17.439942198156665
2025-06-04 16:00:00+00:00,150.785,150.785,150.565,150.745,0.0,139.27537872892347,148.03350694444444,,,,,,,142.32718482940044,"rgba(38, 166, 154, 1.0)",1.478730960064362,142.32718482940044,5.692594121538633,0,,,0.0,0.0,0.0,0.0,77.73088288473502,20.142026529178835,True,False,True,False,True,17.22654384705878
2025-06-04 17:00:00+00:00,150.745,151.09,150.745,151.09,0.0,139.27537872892347,148.03350694444444,,,,,,,142.32718482940044,"rgba(38, 166, 154, 1.0)",1.524988607253465,142.32718482940044,5.746151236094525,0,,,0.0,0.0,0.0,0.0,79.33526901114345,22.090305581900182,True,False,True,False,True,18.37696683682609
2025-06-04 18:00:00+00:00,151.09,151.155,150.7,150.7,0.0,139.27537872892347,148.03350694444444,,,,,,,142.32718482940044,"rgba(38, 166, 154, 1.0)",1.5576882328088744,142.32718482940044,5.375154664615664,0,,,0.0,0.0,0.0,0.0,76.60071279174743,22.090305581900182,True,False,True,False,True,16.280317593198234
2025-06-04 19:00:00+00:00,150.7,150.745,150.325,150.345,0.0,139.27537872892347,148.03350694444444,,,,,,,142.32718482940044,"rgba(38, 166, 154, 1.0)",1.5784148679913326,142.32718482940044,5.079662725683087,0,,,0.0,0.0,0.0,0.0,71.83702646860797,28.890264972082818,True,False,True,False,False,14.415499406508552
2025-06-05 14:00:00+00:00,150.815,150.815,150.09,150.09,0.0,139.27537872892347,148.03350694444444,,,,,,,142.32718482940044,"rgba(38, 166, 154, 1.0)",1.5936787207167769,142.32718482940044,4.871003841419269,0,,,0.0,0.0,0.0,0.0,66.76924197617149,24.07574344462425,True,False,True,False,False,13.096322964337787
2025-06-05 15:00:00+00:00,150.09,150.96,150.09,150.96,0.0,139.27537872892347,148.03350694444444,,,,,,,142.32718482940044,"rgba(38, 166, 154, 1.0)",1.6258206437877334,142.32718482940044,5.309820122893377,0,,,0.0,0.0,0.0,0.0,67.13554495355257,24.07574344462425,True,False,True,False,False,16.12049986208212
2025-06-05 16:00:00+00:00,150.96,151.31,150.96,151.085,64.0,139.83723869532986,149.2674375,,,,,,,143.7471573871887,"rgba(38, 166, 154, 1.0)",1.658009837613219,143.7471573871887,4.425693048585562,0,,,0.0,0.0,0.0,0.0,67.81021688623252,24.07574344462425,True,False,True,False,False,16.539216349637645
2025-06-05 17:00:00+00:00,151.085,151.18,150.665,151.18,0.0,139.83723869532986,149.2674375,,,,,,,143.7471573871887,"rgba(38, 166, 154, 1.0)",1.692912605567895,143.7471573871887,4.390564869305773,0,,,0.0,0.0,0.0,0.0,68.60152175764385,24.07574344462425,True,False,True,False,False,16.859857719042502
2025-06-05 18:00:00+00:00,151.18,151.24,150.755,151.23,0.0,139.83723869532986,149.2674375,,,,,,,143.7471573871887,"rgba(38, 166, 154, 1.0)",1.730001736707103,143.7471573871887,4.325338208650689,0,,,0.0,0.0,0.0,0.0,69.32078679644498,24.07574344462425,True,False,True,False,True,17.030612925229374
2025-06-05 19:00:00+00:00,151.23,151.23,150.705,150.705,185.0,141.16899282920468,150.13214492753622,,,,,,,144.74911955394867,"rgba(38, 166, 154, 1.0)",1.753982898722103,144.74911955394867,3.3956319929861385,0,,,0.0,0.0,0.0,0.0,65.42296581805874,21.41329815481808,False,False,True,False,False,14.222995765663171
2025-06-06 14:00:00+00:00,152.92,152.92,152.92,152.92,0.0,141.16899282920468,150.13214492753622,,,,,,,144.74911955394867,"rgba(38, 166, 154, 1.0)",1.8391913053454312,144.74911955394867,4.442648473980625,0,,,0.0,0.0,0.0,0.0,69.43925048175291,21.41329815481808,True,False,True,False,True,20.0
2025-06-06 15:00:00+00:00,152.92,152.92,152.115,152.25,115.0,141.9542106327067,150.7061920289855,,,,,,,146.18981125139354,"rgba(38, 166, 154, 1.0)",1.9011390066281546,146.18981125139354,3.1876620949221213,0,,,0.0,0.0,0.0,0.0,68.56693952537813,21.41329815481808,True,False,True,False,True,17.948144104042576
2025-06-06 16:00:00+00:00,152.25,152.45,151.795,151.795,0.0,141.9542106327067,150.7061920289855,,,,,,,146.18981125139354,"rgba(38, 166, 154, 1.0)",1.9475869153373742,146.18981125139354,2.8780172553354224,0,,,0.0,0.0,0.0,0.0,65.86847835539132,21.41329815481808,True,False,True,False,False,15.772188831519493
2025-06-06 17:00:00+00:00,151.8,152.105,151.77,152.105,0.0,141.9542106327067,150.7061920289855,,,,,,,146.18981125139354,"rgba(38, 166, 154, 1.0)",1.9966855599281947,146.18981125139354,2.9625038951146503,0,,,0.0,0.0,0.0,0.0,64.96416436254471,20.72036029983819,True,False,True,False,False,16.720711477511255
2025-06-06 18:00:00+00:00,152.24,152.41,152.24,152.41,0.0,141.9542106327067,150.7061920289855,,,,,,,146.18981125139354,"rgba(38, 166, 154, 1.0)",2.0520370718251355,146.18981125139354,3.031226303857202,0,,,0.0,0.0,0.0,0.0,65.21978781413435,20.662593248811433,True,False,True,False,False,17.642903266920374
2025-06-06 19:00:00+00:00,152.41,152.55,152.41,152.55,0.0,141.9542106327067,150.7061920289855,,,,,,,146.18981125139354,"rgba(38, 166, 154, 1.0)",2.107834057608649,146.18981125139354,3.0174048690636255,0,,,0.0,0.0,0.0,0.0,65.78817233733567,20.662593248811433,True,False,True,False,False,18.064880834707374
2025-06-09 14:00:00+00:00,152.54,152.77,152.54,152.77,0.0,141.9542106327067,150.7061920289855,,,,,,,146.18981125139354,"rgba(38, 166, 154, 1.0)",2.1521712752935613,146.18981125139354,3.057465186040512,0,,,0.0,0.0,0.0,0.0,66.80673994682465,20.662593248811433,True,False,True,False,False,18.728711987810208
2025-06-09 15:00:00+00:00,152.77,152.77,152.72,152.75,0.0,141.9542106327067,150.7061920289855,,,,,,,146.18981125139354,"rgba(38, 166, 154, 1.0)",2.1877724839301607,146.18981125139354,2.9985699138246784,0,,,0.0,0.0,0.0,0.0,67.35042390053374,20.662593248811433,True,False,True,False,False,18.62744641736362
2025-06-09 16:00:00+00:00,152.75,152.75,152.75,152.75,0.0,141.9542106327067,150.7061920289855,,,,,,,146.18981125139354,"rgba(38, 166, 154, 1.0)",2.2128027008283597,146.18981125139354,2.964651455889251,0,,,0.0,0.0,0.0,0.0,67.71287986967312,20.662593248811433,True,False,True,False,False,18.62744641736362
2025-06-09 17:00:00+00:00,152.75,152.9,152.75,152.9,0.0,141.9542106327067,150.7061920289855,,,,,,,146.18981125139354,"rgba(38, 166, 154, 1.0)",2.220066832043399,146.18981125139354,3.0225165529950564,0,,,0.0,0.0,0.0,0.0,68.512347620481,20.662593248811433,True,False,True,False,True,19.099093472614108
2025-06-09 18:00:00+00:00,152.9,153.25,152.9,153.25,0.0,141.9542106327067,150.7061920289855,,,,,,,146.18981125139354,"rgba(38, 166, 154, 1.0)",2.2443750951140125,146.18981125139354,3.1457258476875998,0,,,1.0,0.0,153.25,420.0,70.26257114913963,20.662593248811433,True,False,True,False,True,20.0
2025-06-09 19:00:00+00:00,153.25,153.25,152.905,152.905,0.0,141.9542106327067,150.7061920289855,,,,,,,146.18981125139354,"rgba(38, 166, 154, 1.0)",2.2508278116813583,146.18981125139354,2.983430679928488,0,,,0.0,0.0,0.0,0.0,68.49558301663717,20.662593248811433,True,False,True,False,False,18.356892860582715
2025-06-10 14:00:00+00:00,152.67,152.67,152.03,152.105,0.0,141.9542106327067,150.7061920289855,,,,,,,146.18981125139354,"rgba(38, 166, 154, 1.0)",2.247587471366106,146.18981125139354,2.631794679390673,0,,,0.0,0.0,0.0,0.0,62.177385370580936,16.09278050997756,False,False,True,False,False,14.286464608400202
2025-06-10 15:00:00+00:00,152.105,152.105,151.235,151.47,0.0,141.9542106327067,150.7061920289855,,,,,,,146.18981125139354,"rgba(239, 83, 80, 1.0)",2.232397111820677,146.18981125139354,2.3652551423971775,0,,,0.0,0.0,0.0,0.0,55.07702473978739,9.82975788391986,False,True,True,False,False,11.24092139882368
2025-06-10 16:00:00+00:00,151.47,151.71,151.47,151.71,0.0,141.9542106327067,150.7061920289855,,,,,,,146.18981125139354,"rgba(239, 83, 80, 1.0)",2.22277156753497,146.18981125139354,2.4834710094516383,0,,,0.0,0.0,0.0,0.0,51.707613219318105,7.14307451276315,False,True,False,False,False,12.068781063375052
2025-06-10 17:00:00+00:00,151.71,151.81,151.585,151.585,0.0,141.9542106327067,150.7061920289855,,,,,,,146.18981125139354,"rgba(239, 83, 80, 1.0)",2.187177555128543,146.18981125139354,2.4667356045034903,0,,,0.0,0.0,0.0,0.0,48.877086304527054,4.815127853273445,False,True,False,True,False,11.472071157361267
2025-06-10 18:00:00+00:00,151.585,151.765,151.49,151.765,0.0,141.9542106327067,150.7061920289855,,,,,,,146.18981125139354,"rgba(239, 83, 80, 1.0)",2.166897516461553,146.18981125139354,2.57288990653812,0,,,0.0,0.0,0.0,0.0,48.114255109583375,4.212709479267147,False,True,False,True,False,12.105430741377095
2025-06-10 19:00:00+00:00,151.765,151.93,151.715,151.715,0.0,141.9542106327067,150.7061920289855,,,,,,,146.18981125139354,"rgba(239, 83, 80, 1.0)",2.142124793430817,146.18981125139354,2.5793029264916685,0,,,0.0,0.0,0.0,0.0,47.32272106261,3.3590548676036747,False,True,False,True,False,11.859972983072456
2025-06-11 14:00:00+00:00,151.715,152.585,151.715,152.555,0.0,141.9542106327067,150.7061920289855,,,,,,,146.18981125139354,"rgba(239, 83, 80, 1.0)",2.1343263278782496,146.18981125139354,2.9822940688428625,0,,,0.0,0.0,0.0,0.0,51.42835847010198,3.3590548676036747,False,True,False,False,True,14.769556309987287
2025-06-11 15:00:00+00:00,152.75,152.83,152.505,152.54,0.0,141.9542106327067,150.7061920289855,,,,,,,146.18981125139354,"rgba(239, 83, 80, 1.0)",2.124753196054665,146.18981125139354,2.9886712303328995,0,,,0.0,0.0,0.0,0.0,54.06366583472506,-2.2017105179676477,False,True,True,False,True,14.694242174004305
2025-06-11 16:00:00+00:00,152.54,152.545,152.24,152.335,0.0,141.9542106327067,150.7061920289855,,,,,,,146.18981125139354,"rgba(239, 83, 80, 1.0)",2.1067778929185796,146.18981125139354,2.9168659730396955,0,,,0.0,0.0,0.0,0.0,54.37723320139565,-1.732685999009199,False,True,True,False,True,13.656960314452512
2025-06-11 17:00:00+00:00,152.335,152.94,152.335,152.795,0.0,141.9542106327067,150.7061920289855,,,,,,,146.18981125139354,"rgba(38, 166, 154, 1.0)",2.0935390205656494,146.18981125139354,3.1550349354471585,0,,,0.0,0.0,0.0,0.0,56.91945528560187,0.8992032222568227,False,True,True,False,True,15.23939253188442
2025-06-11 18:00:00+00:00,152.795,152.795,152.03,152.19,0.0,141.9542106327067,150.7061920289855,,,,,,,146.18981125139354,"rgba(38, 166, 154, 1.0)",2.0659709080219724,146.18981125139354,2.9042948888139173,0,,,0.0,0.0,0.0,0.0,54.74720648978595,0.8992032222568227,False,True,True,False,True,12.219813204872487
2025-06-11 19:00:00+00:00,152.19,152.335,152.105,152.335,0.0,141.9542106327067,150.7061920289855,,,,,,,146.18981125139354,"rgba(38, 166, 154, 1.0)",2.036950020836967,146.18981125139354,3.0168578932935537,0,,,0.0,0.0,0.0,0.0,54.09302256296546,0.8992032222568227,False,True,True,False,False,12.72940199817807
2025-06-12 14:00:00+00:00,152.335,152.335,151.715,152.315,0.0,141.9542106327067,150.7061920289855,,,,,,,146.18981125139354,"rgba(38, 166, 154, 1.0)",2.00368635494913,146.18981125139354,3.056959854758291,0,,,0.0,0.0,0.0,0.0,53.526748082483046,0.8992032222568227,False,True,True,False,False,12.629290841353882
2025-06-12 15:00:00+00:00,152.315,152.325,151.96,152.13,0.0,141.9542106327067,150.7061920289855,,,,,,,146.18981125139354,"rgba(38, 166, 154, 1.0)",1.963625186708041,146.18981125139354,3.0251133407822133,0,,,0.0,0.0,0.0,0.0,51.90094624003237,0.8992032222568227,False,True,False,False,False,11.695500184050594
2025-06-12 16:00:00+00:00,152.13,152.435,152.05,152.435,0.0,141.9542106327067,150.7061920289855,,,,,,,146.18981125139354,"rgba(38, 166, 154, 1.0)",1.92376322033878,146.18981125139354,3.2463396132018114,0,,,0.0,0.0,0.0,0.0,52.82059886518462,0.8992032222568227,False,True,True,False,False,12.81036010943328
2025-06-12 17:00:00+00:00,152.435,152.435,152.38,152.38,0.0,141.9542106327067,150.7061920289855,,,,,,,146.18981125139354,"rgba(38, 166, 154, 1.0)",1.9267966624370816,146.18981125139354,3.2126839688298436,0,,,0.0,0.0,0.0,0.0,53.0110904422602,0.8992032222568227,False,True,True,False,False,12.526722924864242
2025-06-12 18:00:00+00:00,152.38,152.38,152.38,152.38,0.0,141.9542106327067,150.7061920289855,,,,,,,146.18981125139354,"rgba(38, 166, 154, 1.0)",1.9325456697749888,146.18981125139354,3.2031267593935824,0,,,0.0,0.0,0.0,0.0,53.13808482697725,0.8992032222568227,False,True,True,False,False,12.526722924864242
2025-06-12 19:00:00+00:00,152.38,152.465,152.23,152.23,100.0,142.5462130741376,150.99228869047616,,,,,,,148.43344148060646,"rgba(38, 166, 154, 1.0)",1.9382357144281948,148.43344148060646,1.9587702832694749,0,,,0.0,0.0,0.0,0.0,51.90348034236456,0.8992032222568227,False,True,False,False,False,11.731170083316105
2025-06-13 14:00:00+00:00,152.23,152.23,150.965,150.965,0.0,142.5462130741376,150.99228869047616,,,,,,,148.43344148060646,"rgba(239, 83, 80, 1.0)",1.9322095203758098,148.43344148060646,1.310188410054599,0,,,0.0,0.0,0.0,0.0,44.27664129081627,-1.474270396228981,False,True,False,True,False,5.4394331595843255
2025-06-13 15:00:00+00:00,150.965,151.87,150.965,151.87,0.0,142.5462130741376,150.99228869047616,,,,,,,148.43344148060646,"rgba(239, 83, 80, 1.0)",1.9321517506106163,148.43344148060646,1.7786172945823175,0,,,0.0,0.0,0.0,0.0,45.093306457336,-1.474270396228981,False,True,False,True,False,8.93791484851305
2025-06-13 16:00:00+00:00,151.87,152.08,151.695,151.695,0.0,142.5462130741376,150.99228869047616,,,,,,,148.43344148060646,"rgba(239, 83, 80, 1.0)",1.9328558551420836,148.43344148060646,1.6874297742982887,0,,,0.0,0.0,0.0,0.0,44.83610384027296,-1.474270396228981,False,True,False,True,False,8.113113357123787
2025-06-13 17:00:00+00:00,151.695,151.695,151.375,151.375,0.0,142.5462130741376,150.99228869047616,,,,,,,148.43344148060646,"rgba(239, 83, 80, 1.0)",1.9267047161055426,148.43344148060646,1.5267303260352862,0,,,0.0,0.0,0.0,0.0,43.250171261554414,-2.394116685989374,False,True,False,True,False,6.616684537062476
2025-06-13 18:00:00+00:00,151.375,151.375,150.445,150.57,0.0,142.5462130741376,150.99228869047616,,,,,,,148.43344148060646,"rgba(239, 83, 80, 1.0)",1.9139314098059301,148.43344148060646,1.116319272700674,0,,,0.0,0.0,0.0,0.0,39.344793753622405,-6.108647770597514,False,True,False,True,False,3.011202695725679
2025-06-13 19:00:00+00:00,150.57,150.645,150.125,150.18,0.0,142.5462130741376,150.99228869047616,,,,,,,148.43344148060646,"rgba(239, 83, 80, 1.0)",1.902221228880562,148.43344148060646,0.918167925410746,0,,,0.0,0.0,0.0,0.0,35.64698769852499,-9.496393848289124,False,True,False,True,False,1.3439491999242499
2025-06-16 14:00:00+00:00,151.72,152.5,151.72,152.225,0.0,142.5462130741376,150.99228869047616,,,,,,,148.43344148060646,"rgba(38, 166, 154, 1.0)",1.9002049391607945,148.43344148060646,1.9953418924739954,0,,,0.0,0.0,0.0,0.0,42.280792323160156,-13.243380239901533,False,True,False,True,True,8.90240301342114
2025-06-16 15:00:00+00:00,152.225,152.235,151.79,151.79,0.0,142.5462130741376,150.99228869047616,,,,,,,148.43344148060646,"rgba(38, 166, 154, 1.0)",1.8882432562026688,148.43344148060646,1.7776091657510809,0,,,0.0,0.0,0.0,0.0,45.15822245094933,-10.85996085268932,False,True,False,True,True,7.07429618821045
2025-06-16 16:00:00+00:00,151.79,151.99,151.77,151.99,0.0,142.5462130741376,150.99228869047616,,,,,,,148.43344148060646,"rgba(38, 166, 154, 1.0)",1.8759673972849138,148.43344148060646,1.8958530540247938,0,,,0.0,0.0,0.0,0.0,47.75351761602069,-8.599634745948805,False,True,False,False,True,7.761616373256572
2025-06-16 17:00:00+00:00,151.99,151.99,151.665,151.665,0.0,142.5462130741376,150.99228869047616,,,,,,,148.43344148060646,"rgba(38, 166, 154, 1.0)",1.8521666153916672,148.43344148060646,1.744745042124718,0,,,0.0,0.0,0.0,0.0,48.24267773581897,-8.119644740983318,False,True,False,False,True,6.395917769868394
2025-06-16 18:00:00+00:00,151.665,151.665,151.275,151.275,0.0,142.5462130741376,150.99228869047616,,,,,,,148.43344148060646,"rgba(38, 166, 154, 1.0)",1.8210195095205048,148.43344148060646,1.5604217882002587,0,,,0.0,0.0,0.0,0.0,47.14624870737906,-8.119644740983318,False,True,False,True,True,4.78380355175069
2025-06-16 19:00:00+00:00,151.275,151.275,150.905,150.985,0.0,142.5462130741376,150.99228869047616,,,,,,,148.43344148060646,"rgba(38, 166, 154, 1.0)",1.7916041681955681,148.43344148060646,1.4241753645635797,0,,,0.0,0.0,0.0,0.0,45.401964511832425,-8.119644740983318,False,True,False,True,True,3.6025660584205106
2025-06-17 14:00:00+00:00,150.985,151.8,150.985,151.555,0.0,142.5462130741376,150.99228869047616,,,,,,,148.43344148060646,"rgba(38, 166, 154, 1.0)",1.764346215335244,148.43344148060646,1.769243752876709,0,,,0.0,0.0,0.0,0.0,46.75778648606657,-8.119644740983318,False,True,False,True,True,5.661524393078402
2025-06-17 15:00:00+00:00,151.555,151.72,151.44,151.72,0.0,142.5462130741376,150.99228869047616,,,,,,,148.43344148060646,"rgba(38, 166, 154, 1.0)",1.7418208785558862,148.43344148060646,1.8868521785766896,0,,,0.0,0.0,0.0,0.0,48.34619985672808,-7.291856795395411,False,True,False,False,True,6.247174890109779
2025-06-17 16:00:00+00:00,151.72,151.91,151.695,151.835,0.0,142.5462130741376,150.99228869047616,,,,,,,148.43344148060646,"rgba(38, 166, 154, 1.0)",1.7171763119978993,148.43344148060646,1.9809023078334356,0,,,0.0,0.0,0.0,0.0,49.90416240976107,-5.529506983484254,False,False,False,False,True,6.657701796182856
2025-06-17 17:00:00+00:00,151.835,151.835,151.12,151.12,0.0,142.5462130741376,150.99228869047616,,,,,,,148.43344148060646,"rgba(38, 166, 154, 1.0)",1.6849793673718039,148.43344148060646,1.5944162708555782,0,,,0.0,0.0,0.0,0.0,47.80339174167555,-5.529506983484254,False,True,False,True,True,3.6772481949827593
2025-06-17 18:00:00+00:00,150.715,150.885,150.65,150.65,0.0,142.5462130741376,150.99228869047616,,,,,,,148.43344148060646,"rgba(38, 166, 154, 1.0)",1.644312679872475,148.43344148060646,1.3480152202958442,0,,,0.0,0.0,0.0,0.0,44.71533375336233,-5.529506983484254,False,True,False,True,False,1.797084401181415
2025-06-17 19:00:00+00:00,150.65,150.75,150.48,150.48,0.0,142.5462130741376,150.99228869047616,,,,,,,148.43344148060646,"rgba(38, 166, 154, 1.0)",1.57642298652127,148.43344148060646,1.2982293057713639,0,,,0.0,0.0,0.0,0.0,42.077056212564514,-2.561567883716087,False,True,False,True,False,1.125651629860684
2025-06-18 14:00:00+00:00,150.48,151.915,150.48,151.685,0.0,142.5462130741376,150.99228869047616,,,,,,,148.43344148060646,"rgba(38, 166, 154, 1.0)",1.5253871669216352,148.43344148060646,2.131628343219558,0,,,0.0,0.0,0.0,0.0,45.89193168951513,-2.561567883716087,False,True,False,True,True,5.519383166064689
2025-06-18 15:00:00+00:00,151.74,151.74,151.315,151.465,0.0,142.5462130741376,150.99228869047616,,,,,,,148.43344148060646,"rgba(38, 166, 154, 1.0)",1.4813041399237206,148.43344148060646,2.046546983625963,0,,,0.0,0.0,0.0,0.0,47.51564719138173,-8.119440937381142,False,False,False,True,True,4.636985753110558
2025-06-18 16:00:00+00:00,151.465,151.52,151.435,151.435,0.0,142.5462130741376,150.99228869047616,,,,,,,148.43344148060646,"rgba(38, 166, 154, 1.0)",1.438582833057507,148.43344148060646,2.086469023833787,0,,,0.0,0.0,0.0,0.0,48.4653795475671,-7.084135831289373,False,False,False,False,True,4.515733629014324
2025-06-18 17:00:00+00:00,151.435,151.435,151.21,151.21,0.0,142.5462130741376,150.99228869047616,,,,,,,148.43344148060646,"rgba(38, 166, 154, 1.0)",1.3707767016425239,148.43344148060646,2.0255367019781954,0,,,0.0,0.0,0.0,0.0,48.05627699699245,-7.084135831289373,False,False,False,False,True,3.5998684480282286
2025-06-18 18:00:00+00:00,151.21,151.465,150.995,151.465,0.0,142.5462130741376,150.99228869047616,,,,,,,148.43344148060646,"rgba(38, 166, 154, 1.0)",1.2957612218863204,148.43344148060646,2.3395965770455094,0,,,0.0,0.0,0.0,0.0,49.07355614862354,-5.978367458182774,True,False,False,False,True,4.538429192219368
2025-06-18 19:00:00+00:00,151.465,151.465,150.23,150.23,0.0,142.5462130741376,150.99228869047616,,,,,,,148.43344148060646,"rgba(239, 83, 80, 1.0)",1.2208001179259897,148.43344148060646,1.4716238088555325,0,,,0.0,0.0,0.0,0.0,44.887389180520486,-5.978367458182774,False,True,False,True,False,0.0
2025-06-19 14:00:00+00:00,150.23,150.23,150.23,150.23,0.0,142.5462130741376,150.99228869047616,,,,,,,148.43344148060646,"rgba(239, 83, 80, 1.0)",1.1224247521880935,148.43344148060646,1.6006048653963263,0,,,0.0,0.0,0.0,0.0,42.096611201785116,-2.6960377022080024,False,True,False,True,False,0.0
2025-06-19 15:00:00+00:00,150.23,150.23,150.23,150.23,0.0,142.5462130741376,150.99228869047616,,,,,,,148.43344148060646,"rgba(239, 83, 80, 1.0)",1.0341795851855655,148.43344148060646,1.7371823473687764,0,,,0.0,0.0,0.0,0.0,40.23609254929487,-4.510695594440847,False,True,False,True,False,0.0
2025-06-19 16:00:00+00:00,150.23,150.23,150.23,150.23,0.0,142.5462130741376,150.99228869047616,,,,,,,148.43344148060646,"rgba(239, 83, 80, 1.0)",0.9557951597426925,148.43344148060646,1.8796480617009776,0,,,0.0,0.0,0.0,0.0,38.995746780968034,-5.807784373620834,False,True,False,True,False,0.0
2025-06-19 17:00:00+00:00,150.23,150.23,150.23,150.23,0.0,142.5462130741376,150.99228869047616,,,,,,,148.43344148060646,"rgba(239, 83, 80, 1.0)",0.9316456282174821,148.43344148060646,1.9283711155612724,0,,,0.0,0.0,0.0,0.0,38.16884960208348,-6.796166115379393,False,True,False,True,False,0.0
2025-06-19 18:00:00+00:00,150.23,150.23,150.23,150.23,0.0,142.5462130741376,150.99228869047616,,,,,,,148.43344148060646,"rgba(239, 83, 80, 1.0)",0.9134574108526411,148.43344148060646,1.9667676873041966,0,,,0.0,0.0,0.0,0.0,37.617584816160445,-7.597053914250978,False,True,False,True,False,0.0
2025-06-19 19:00:00+00:00,150.23,150.23,150.23,150.23,0.0,142.5462130741376,150.99228869047616,,,,,,,148.43344148060646,"rgba(239, 83, 80, 1.0)",0.9023344998113055,148.43344148060646,1.9910116700283778,0,,,0.0,0.0,0.0,0.0,37.25007495887842,-8.27898596487541,False,True,False,True,False,0.0
2025-06-20 14:00:00+00:00,150.23,151.08,150.23,151.08,0.0,142.5462130741376,150.99228869047616,,,,,,,148.43344148060646,"rgba(239, 83, 80, 1.0)",0.8799616699269965,148.43344148060646,3.0075838639802517,0,,,0.0,0.0,0.0,0.0,43.55438130791884,-11.166920636442384,False,True,False,True,True,3.1608315411800767
2025-06-20 15:00:00+00:00,151.08,151.08,150.69,150.795,49.0,142.7726483129403,150.98124247400108,,,,,,,149.85018965866485,"rgba(239, 83, 80, 1.0)",0.8654443320584282,149.85018965866485,1.0917055047179574,0,,,0.0,0.0,0.0,0.0,45.80020587834278,-9.117058680880021,False,False,False,True,True,1.946391167442279
2025-06-20 16:00:00+00:00,150.795,150.795,150.325,150.555,28.0,142.8920345016429,150.96265306122447,,,,,,,149.8171898130259,"rgba(239, 83, 80, 1.0)",0.8520316631177044,149.8171898130259,0.8659422166006883,0,,,0.0,0.0,0.0,0.0,45.78680068402279,-9.060529885774507,False,False,False,True,True,0.9325836460691264
2025-06-20 17:00:00+00:00,150.635,150.635,149.845,149.845,0.0,142.8920345016429,150.96265306122447,,,,,,,149.8171898130259,"rgba(239, 83, 80, 1.0)",0.8660066631041059,149.8171898130259,0.03211313279556684,0,,,0.0,0.0,0.0,0.0,42.25875201731261,-9.060529885774507,False,True,False,True,False,0.0
2025-06-20 18:00:00+00:00,149.845,150.055,149.845,150.055,0.0,142.8920345016429,150.96265306122447,,,,,,,149.8171898130259,"rgba(239, 83, 80, 1.0)",0.87844239198493,149.8171898130259,0.27071802219922414,0,,,0.0,0.0,0.0,0.0,41.44663040374537,-9.060529885774507,False,True,False,True,False,0.0
2025-06-20 19:00:00+00:00,150.055,150.055,149.97,149.97,0.0,142.8920345016429,150.96265306122447,,,,,,,149.8171898130259,"rgba(239, 83, 80, 1.0)",0.8920710542136971,149.8171898130259,0.17129822366986241,0,,,0.0,0.0,0.0,0.0,40.48782547547265,-4.723970912949078,False,True,False,True,False,0.0
2025-06-23 14:00:00+00:00,149.97,151.715,149.97,151.595,0.0,142.8920345016429,150.96265306122447,,,,,,,149.8171898130259,"rgba(38, 166, 154, 1.0)",0.890806381324909,149.8171898130259,1.9957313106917192,0,,,0.0,0.0,0.0,0.0,48.10968462928631,-7.166557795246206,True,False,False,False,True,4.969320614828337
2025-06-23 15:00:00+00:00,151.595,151.665,151.29,151.29,0.0,142.8920345016429,150.96265306122447,,,,,,,149.8171898130259,"rgba(38, 166, 154, 1.0)",0.8861400098840395,149.8171898130259,1.6620513356200148,0,,,0.0,0.0,0.0,0.0,51.53316667142644,-4.186719100629496,True,False,True,False,True,3.705369742754769
2025-06-23 16:00:00+00:00,151.29,151.29,150.115,150.205,100.0,143.28895205953617,150.9048530076888,150.53666666666666,,,,,,150.27903563097902,"rgba(239, 83, 80, 1.0)",0.8887898291275214,150.27903563097902,-0.08329936791883462,0,,,0.0,0.0,0.0,0.0,49.16338467611233,-4.186719100629496,True,False,False,False,True,0.0
2025-06-23 17:00:00+00:00,150.205,151.76,150.205,151.76,0.0,143.28895205953617,150.9048530076888,150.53666666666666,,,,,,150.27903563097902,"rgba(239, 83, 80, 1.0)",0.873339479725388,150.27903563097902,1.6957487934550262,0,,,0.0,0.0,0.0,0.0,52.73745263388032,-3.5784277207728508,True,False,True,False,True,4.990196635048182
2025-06-23 18:00:00+00:00,151.76,151.76,151.76,151.76,0.0,143.28895205953617,150.9048530076888,150.53666666666666,,,,,,150.27903563097902,"rgba(239, 83, 80, 1.0)",0.8710505462108482,150.27903563097902,1.7002048566105619,1,0.9911152577756439,0.9911152577756439,0.0,0.0,0.0,0.0,55.12016460572564,-1.3758349777070933,True,False,True,False,True,4.990196635048182
2025-06-23 19:00:00+00:00,151.76,151.76,151.76,151.76,0.0,143.28895205953617,150.9048530076888,150.53666666666666,,,,,,150.27903563097902,"rgba(239, 83, 80, 1.0)",0.8696671466406604,150.27903563097902,1.702909411654353,1,1.0122381809070202,1.0122381809070202,0.0,0.0,0.0,0.0,56.70863925362253,0.198355882318495,True,False,True,False,True,4.990196635048182
2025-06-24 14:00:00+00:00,152.685,153.465,152.665,153.465,0.0,143.28895205953617,150.9048530076888,150.53666666666666,,,,,,150.27903563097902,"rgba(38, 166, 154, 1.0)",0.895841207172693,150.27903563097902,3.556394083585413,1,1.037134374841064,1.037134374841064,0.0,0.0,0.0,0.0,61.81665653663068,5.046841147640357,True,False,True,False,True,10.513259363587977
2025-06-24 15:00:00+00:00,153.465,153.465,153.08,153.46,46.0,143.52329192021634,151.0476202639421,151.41833333333335,,,,,,150.58962745525997,"rgba(38, 166, 154, 1.0)",0.9204192787250852,150.58962745525997,3.1185489168761436,1,1.0530739405572298,1.0530739405572298,0.0,0.0,0.0,0.0,65.19803817314266,8.194776744741532,True,False,True,False,True,10.493077019253153
2025-06-24 16:00:00+00:00,153.46,153.57,153.46,153.57,0.0,143.52329192021634,151.0476202639421,151.41833333333335,,,,,,150.58962745525997,"rgba(38, 166, 154, 1.0)",0.9411832546954256,150.58962745525997,3.166623003407018,1,1.0632308570473228,1.0632308570473228,0.0,0.0,0.0,0.0,67.67759157181712,10.557099795461667,True,False,True,False,True,10.833051363019568
2025-06-24 17:00:00+00:00,153.57,153.57,153.35,153.35,0.0,143.52329192021634,151.0476202639421,151.41833333333335,,,,,,150.58962745525997,"rgba(38, 166, 154, 1.0)",0.9502445536344138,150.58962745525997,2.9049075147890995,1,1.0757089602914927,1.0757089602914927,0.0,0.0,0.0,0.0,68.08498331911237,11.13354461639085,True,False,True,False,True,9.919670229266767
2025-06-24 18:00:00+00:00,153.35,153.575,153.35,153.575,0.0,143.52329192021634,151.0476202639421,151.41833333333335,,,,,,150.58962745525997,"rgba(38, 166, 154, 1.0)",0.9733392092258321,150.58962745525997,3.0671450573890904,1,1.1009963094432955,1.1009963094432955,0.0,0.0,0.0,0.0,68.93592465047604,12.285643329852725,True,False,True,False,True,10.634470311923117
2025-06-24 19:00:00+00:00,153.575,153.885,153.575,153.885,0.0,143.52329192021634,151.0476202639421,151.41833333333335,,,,,,150.58962745525997,"rgba(38, 166, 154, 1.0)",1.0060225177929443,150.58962745525997,3.275644914956327,1,1.1268238527091574,1.1268238527091574,0.0,0.0,0.0,0.0,70.28343819425625,13.957157496622699,True,False,True,False,True,11.613253298062265
2025-06-25 14:00:00+00:00,153.885,153.885,153.175,153.295,0.0,143.52329192021634,151.0476202639421,151.41833333333335,,,,,,150.58962745525997,"rgba(38, 166, 154, 1.0)",1.021621053315134,150.58962745525997,2.6481174560382748,1,1.1669156364021807,1.1669156364021807,0.0,0.0,0.0,0.0,67.63506651956564,13.957157496622699,True,False,True,False,True,9.128737971765538
2025-06-25 15:00:00+00:00,153.295,153.295,152.73,152.73,60.0,143.80070456036742,151.1807671016212,151.85522653721682,,,,,,150.814648432414,"rgba(38, 166, 154, 1.0)",1.0251845054771445,150.814648432414,1.8682993718233556,1,1.234292118941786,1.234292118941786,0.0,0.0,0.0,0.0,63.04866948140609,19.267619520310674,True,False,True,False,False,6.8348819795369415
2025-06-25 16:00:00+00:00,152.73,153.155,152.73,153.155,0.0,143.80070456036742,151.1807671016212,151.85522653721682,,,,,,150.814648432414,"rgba(38, 166, 154, 1.0)",1.034075110102491,150.814648432414,2.2632316982796703,1,1.295030739692843,1.295030739692843,0.0,0.0,0.0,0.0,61.57528503908725,17.74929155293684,True,False,True,False,False,8.232225175919083
2025-06-25 17:00:00+00:00,153.155,153.155,152.75,152.925,0.0,143.80070456036742,151.1807671016212,151.85522653721682,,,,,,150.814648432414,"rgba(38, 166, 154, 1.0)",1.0363202485997285,150.814648432414,2.0363893983906096,1,1.3571707745558235,1.3571707745558235,0.0,0.0,0.0,0.0,59.43941179183798,15.551281513823312,True,False,True,False,False,7.300567102454075
2025-06-25 18:00:00+00:00,152.925,152.925,152.775,152.775,0.0,143.80070456036742,151.1807671016212,151.85522653721682,,,,,,150.814648432414,"rgba(38, 166, 154, 1.0)",1.0366538207831435,150.814648432414,1.8910378067241853,1,1.3800069578778529,1.3800069578778529,0.0,0.0,0.0,0.0,57.25211795092735,13.298474721331203,True,False,True,False,False,6.692036926989353
2025-06-25 19:00:00+00:00,152.775,152.775,152.6,152.6,0.0,143.80070456036742,151.1807671016212,151.85522653721682,,,,,,150.814648432414,"rgba(38, 166, 154, 1.0)",1.0348205528383758,150.814648432414,1.7252764865261014,1,1.4018376607892047,1.4018376607892047,0.0,0.0,0.0,0.0,54.88320104227862,10.882666943719052,True,False,True,False,False,5.9792271751592025
2025-06-26 14:00:00+00:00,152.6,154.31,152.6,154.295,0.0,143.80070456036742,151.1807671016212,151.85522653721682,,,,,,150.814648432414,"rgba(38, 166, 154, 1.0)",1.0680069127893828,150.814648432414,3.258735056776107,1,1.3804289483751602,1.3804289483751602,0.0,0.0,0.0,0.0,59.28998040224855,10.882666943719052,True,False,True,False,True,11.45889518926844
2025-06-26 15:00:00+00:00,154.295,154.48,153.885,153.885,0.0,143.80070456036742,151.1807671016212,151.85522653721682,,,,,,150.814648432414,"rgba(38, 166, 154, 1.0)",1.0824313639477556,150.814648432414,2.836532338076431,1,1.3739316111596738,1.3739316111596738,0.0,0.0,0.0,0.0,60.2012676022657,10.882666943719052,True,False,True,False,True,9.797227552521907
2025-06-26 16:00:00+00:00,153.795,154.095,153.795,154.095,0.0,143.80070456036742,151.1807671016212,151.85522653721682,,,,,,150.814648432414,"rgba(38, 166, 154, 1.0)",1.1078020117771208,150.814648432414,2.961135232390218,1,1.3588467759561762,1.3588467759561762,0.0,0.0,0.0,0.0,61.42809875521098,5.456365084121742,True,False,True,False,True,10.445666724006582
2025-06-26 17:00:00+00:00,154.095,154.095,153.845,153.845,0.0,143.80070456036742,151.1807671016212,151.85522653721682,,,,,,150.814648432414,"rgba(38, 166, 154, 1.0)",1.1326374864341247,150.814648432414,2.6754823179360168,1,1.3538181709283128,1.3538181709283128,0.0,0.0,0.0,0.0,60.936556781240284,5.456365084121742,True,False,True,False,True,9.425731361792074
2025-06-26 18:00:00+00:00,153.845,153.845,153.845,153.845,0.0,143.80070456036742,151.1807671016212,151.85522653721682,,,,,,150.814648432414,"rgba(38, 166, 154, 1.0)",1.156146761156846,150.814648432414,2.6210786289396437,1,1.3397267928726668,1.3397267928726668,0.0,0.0,0.0,0.0,60.608862131926486,5.456365084121742,True,False,True,False,True,9.425731361792074
2025-06-26 19:00:00+00:00,153.845,154.13,153.845,154.13,0.0,143.80070456036742,151.1807671016212,151.85522653721682,,,,,,150.814648432414,"rgba(38, 166, 154, 1.0)",1.185993520484306,150.814648432414,2.795421315819797,1,1.3171214670578593,1.3171214670578593,0.0,0.0,0.0,0.0,61.47823285474166,6.539203455865078,True,False,True,False,True,10.341864273117007
2025-06-27 14:00:00+00:00,154.13,155.96,154.13,155.91,0.0,143.80070456036742,151.1807671016212,151.85522653721682,,,,,,150.814648432414,"rgba(38, 166, 154, 1.0)",1.2739648686233886,150.814648432414,3.9996013179640424,1,1.2445852316031554,1.2445852316031554,0.0,0.0,0.0,0.0,66.52214305591556,11.51143745648703,True,False,True,False,True,15.628195204626532
2025-06-27 15:00:00+00:00,155.91,156.56,155.91,156.56,0.0,143.80070456036742,151.1807671016212,151.85522653721682,,,,,,150.814648432414,"rgba(38, 166, 154, 1.0)",1.3815975118263648,150.814648432414,4.158484304152437,1,1.1615351612425788,1.1615351612425788,0.0,0.0,0.0,0.0,70.8992358970272,15.605376469111391,True,False,True,False,True,17.38347168457149
2025-06-27 16:00:00+00:00,156.56,157.045,156.56,156.735,0.0,143.80070456036742,151.1807671016212,151.85522653721682,,,,,,150.814648432414,"rgba(38, 166, 154, 1.0)",1.4858165862339947,150.814648432414,3.984577654091176,1,1.0927025921995253,1.0927025921995253,0.0,0.0,0.0,0.0,74.07445376165325,18.493608474159615,True,False,True,False,True,17.847663934787633
2025-06-27 17:00:00+00:00,156.735,156.735,156.145,156.145,0.0,143.80070456036742,151.1807671016212,151.85522653721682,,,,,,150.814648432414,"rgba(38, 166, 154, 1.0)",1.5581789642671977,150.814648432414,3.4208853346270396,1,1.0531049584228993,1.0531049584228993,0.0,0.0,0.0,0.0,72.82066108979988,18.493608474159615,True,False,True,False,True,15.343652368925113
2025-06-27 18:00:00+00:00,156.145,156.265,155.51,155.51,0.0,143.80070456036742,151.1807671016212,151.85522653721682,,,,,,150.814648432414,"rgba(38, 166, 154, 1.0)",1.6064099501459888,150.814648432414,2.9228850127324466,1,1.0332722101329972,1.0332722101329972,0.0,0.0,0.0,0.0,68.8881870710321,18.493608474159615,True,False,True,False,False,12.74479554778491
2025-06-27 19:00:00+00:00,155.51,155.69,155.405,155.69,0.0,143.80070456036742,151.1807671016212,151.85522653721682,,,,,,150.814648432414,"rgba(38, 166, 154, 1.0)",1.6577131132273382,150.814648432414,2.941010437019684,1,1.0061589987513242,1.0061589987513242,0.0,0.0,0.0,0.0,66.79181013855703,22.795848551567232,True,False,True,False,False,13.258524940837766
2025-06-30 14:00:00+00:00,156.86,156.86,156.09,156.35,0.0,143.80070456036742,151.1807671016212,151.85522653721682,,,,,,150.814648432414,"rgba(38, 166, 154, 1.0)",1.7247708765446736,150.814648432414,3.209325738775958,1,0.9706670016528272,0.9706670016528272,0.0,0.0,0.0,0.0,67.17619076903013,22.795848551567232,True,False,True,False,False,15.107687896826715
2025-06-30 15:00:00+00:00,156.35,156.51,156.35,156.51,0.0,143.80070456036742,151.1807671016212,151.85522653721682,,,,,,150.814648432414,"rgba(38, 166, 154, 1.0)",1.793978270781487,150.814648432414,3.174704878172798,1,0.9368010821064164,0.9368010821064164,0.0,0.0,0.0,0.0,67.83334221677994,22.795848551567232,True,False,True,False,False,15.548155013964085
2025-06-30 16:00:00+00:00,156.51,156.86,156.51,156.855,0.0,143.80070456036742,151.1807671016212,151.85522653721682,,,,,,150.814648432414,"rgba(38, 166, 154, 1.0)",1.8697288669847636,150.814648432414,3.2306029362038027,1,0.9019193579853528,0.9019193579853528,0.0,0.0,0.0,0.0,69.12936281265509,22.795848551567232,True,False,True,False,False,16.494848862565064
2025-06-30 17:00:00+00:00,156.855,156.855,156.855,156.855,0.0,143.80070456036742,151.1807671016212,151.85522653721682,,,,,,150.814648432414,"rgba(38, 166, 154, 1.0)",1.9406194283696763,150.814648432414,3.1125894543169212,1,0.8739235486748126,0.8739235486748126,0.0,0.0,0.0,0.0,69.99337654323853,22.795848551567232,True,False,True,False,True,16.494848862565064
2025-06-30 18:00:00+00:00,156.855,156.855,156.8,156.8,0.0,143.80070456036742,151.1807671016212,151.85522653721682,,,,,,150.814648432414,"rgba(38, 166, 154, 1.0)",2.005233283815776,150.814648432414,2.984865459741637,1,0.8461722272282836,0.8461722272282836,0.0,0.0,0.0,0.0,70.1736487228838,22.795848551567232,True,False,True,False,True,16.25364410039129
2025-06-30 19:00:00+00:00,156.8,157.05,156.72,156.91,0.0,143.80070456036742,151.1807671016212,151.85522653721682,,,,,,150.814648432414,"rgba(38, 166, 154, 1.0)",2.069539549258727,150.814648432414,2.945269429506308,1,0.8198864371747842,0.8198864371747842,0.0,0.0,0.0,0.0,70.64650753602163,22.795848551567232,True,False,True,False,True,16.56801604831668
2025-07-01 14:00:00+00:00,156.91,156.91,154.75,154.75,0.0,143.80070456036742,151.1807671016212,151.85522653721682,,,,,,150.814648432414,"rgba(239, 83, 80, 1.0)",2.0851633807268892,150.814648432414,1.8873108956163094,1,0.8141402866510715,0.8141402866510715,0.0,0.0,0.0,0.0,60.40561193554703,15.340095239259497,False,False,True,False,False,7.700426300650534
2025-07-01 15:00:00+00:00,154.75,154.75,154.065,154.225,0.0,143.80070456036742,151.1807671016212,151.85522653721682,,,,,,150.814648432414,"rgba(239, 83, 80, 1.0)",2.093788109778234,150.814648432414,1.6287949824813945,1,0.8107820547827548,0.8107820547827548,0.0,0.0,0.0,0.0,52.14239050511554,8.095224068902496,False,True,False,False,False,5.760696141516394
2025-07-01 16:00:00+00:00,154.225,155.14,154.225,155.14,0.0,143.80070456036742,151.1807671016212,151.85522653721682,,,,,,150.814648432414,"rgba(239, 83, 80, 1.0)",2.1138556804658855,150.814648432414,2.0461905737257773,1,0.8026820691219724,0.8026820691219724,0.0,0.0,0.0,0.0,50.381193431424606,6.92377752647684,False,True,False,False,False,8.533211620891908
2025-07-01 17:00:00+00:00,155.14,155.745,155.14,155.7,0.0,143.80070456036742,151.1807671016212,151.85522653721682,,,,,,150.814648432414,"rgba(239, 83, 80, 1.0)",2.1340442340290973,150.814648432414,2.289245691202188,1,0.7913162087587222,0.7913162087587222,0.0,0.0,0.0,0.0,51.10822798182484,6.92377752647684,False,True,False,False,False,10.15479764943263
2025-07-01 18:00:00+00:00,155.7,155.7,154.94,155.08,0.0,143.80070456036742,151.1807671016212,151.85522653721682,,,,,,150.814648432414,"rgba(239, 83, 80, 1.0)",2.1494303917570923,150.814648432414,1.9844101879006266,1,0.7844461765684989,0.7844461765684989,0.0,0.0,0.0,0.0,49.52692520064645,6.267440900010783,False,True,False,False,False,7.870703958685738
2025-07-01 19:00:00+00:00,155.08,155.08,154.19,154.3,0.0,143.80070456036742,151.1807671016212,151.85522653721682,,,,,,150.814648432414,"rgba(239, 83, 80, 1.0)",2.153413031604647,150.814648432414,1.6185244151647247,1,0.7813594337559278,0.7813594337559278,0.0,0.0,0.0,0.0,46.26235985876886,3.0657858151075814,False,True,False,True,False,5.112159000458082
2025-07-02 14:00:00+00:00,154.3,154.895,153.745,154.895,0.0,143.80070456036742,151.1807671016212,151.85522653721682,,,,,,150.814648432414,"rgba(239, 83, 80, 1.0)",2.1609118383157133,150.814648432414,1.888254529979515,1,0.7758567220243352,0.7758567220243352,0.0,0.0,0.0,0.0,46.28209519514673,2.855620211333303,False,True,False,True,False,6.877251571400016
2025-07-02 15:00:00+00:00,154.78,154.78,153.675,153.795,0.0,143.80070456036742,151.1807671016212,151.85522653721682,,,,,,150.814648432414,"rgba(239, 83, 80, 1.0)",2.147612527335315,150.814648432414,1.3877510629368062,1,0.7745319789245685,0.7745319789245685,0.0,0.0,0.0,0.0,43.434936939192895,-0.11689982136999078,False,True,False,True,False,3.153637173899387
2025-07-02 16:00:00+00:00,153.795,154.41,153.795,154.41,0.0,143.80070456036742,151.1807671016212,151.85522653721682,,,,,,150.814648432414,"rgba(239, 83, 80, 1.0)",2.1317275445807624,150.814648432414,1.686590566757008,1,0.7716632088866722,0.7716632088866722,0.0,0.0,0.0,0.0,43.7025664066093,-0.16066547390908426,False,True,False,True,False,4.970568042475744
2025-07-02 17:00:00+00:00,154.41,154.41,154.35,154.35,34.0,143.97464262665375,151.3044089699734,152.21148611111113,,,,,,152.01568574747353,"rgba(239, 83, 80, 1.0)",2.136511518449752,152.01568574747353,1.0925821051600233,1,0.7687846877460167,0.7687846877460167,0.0,0.0,0.0,0.0,43.714001271954714,-0.5928507235799074,False,True,False,True,False,4.769741154736494
2025-07-02 18:00:00+00:00,154.35,154.35,154.35,154.35,0.0,143.97464262665375,151.3044089699734,152.21148611111113,,,,,,152.01568574747353,"rgba(239, 83, 80, 1.0)",2.138240134754248,152.01568574747353,1.0916988296053827,1,0.7663153098829105,0.7663153098829105,0.0,0.0,0.0,0.0,43.72162451551832,-1.0961079494489496,False,True,False,True,False,4.769741154736494
2025-07-02 19:00:00+00:00,154.35,154.9,154.35,154.9,134.0,144.62892954545453,151.7566765578635,153.109064171123,,,,,,152.57530962537857,"rgba(239, 83, 80, 1.0)",2.146414624143882,152.57530962537857,1.0830574617188258,1,0.7630850267503034,0.7630850267503034,0.0,0.0,0.0,0.0,45.90449648879871,-1.0961079494489496,False,True,False,True,False,6.41369038223873
2025-07-03 14:00:00+00:00,156.155,157.485,156.155,157.485,0.0,144.62892954545453,151.7566765578635,153.109064171123,,,,,,152.57530962537857,"rgba(38, 166, 154, 1.0)",2.2013034120065504,152.57530962537857,2.230356046259941,1,0.7424037437242599,0.7424037437242599,0.0,0.0,0.0,0.0,53.66578940445208,-1.5797695135284116,False,True,True,False,True,13.336237693146874
2025-07-03 15:00:00+00:00,157.485,157.485,156.965,157.205,1.0,144.63464940178704,151.7620734519104,153.12002222222222,,,,,,152.5843548057147,"rgba(38, 166, 154, 1.0)",2.241125394982616,152.5843548057147,2.0617521913900574,1,0.726371135919939,0.726371135919939,0.0,0.0,0.0,0.0,57.81823595578342,2.124529371415939,False,True,True,False,True,12.361650421372019
2025-07-03 16:00:00+00:00,157.205,157.5,157.205,157.5,0.0,144.63464940178704,151.7620734519104,153.12002222222222,,,,,,152.5843548057147,"rgba(38, 166, 154, 1.0)",2.280971870864612,152.5843548057147,2.155066117681674,1,0.7093265201048702,0.7093265201048702,0.0,0.0,0.0,0.0,61.14991726044872,5.063976302501736,False,False,True,False,True,13.09589240379752
2025-07-03 17:00:00+00:00,157.5,157.5,157.5,157.5,0.0,144.63464940178704,151.7620734519104,153.12002222222222,,,,,,152.5843548057147,"rgba(38, 166, 154, 1.0)",2.3237261510825973,152.5843548057147,2.1154150165221326,1,0.694028662595487,0.694028662595487,0.0,0.0,0.0,0.0,63.37103813022557,7.0553927245278985,True,False,True,False,True,13.09589240379752
2025-07-03 18:00:00+00:00,157.5,157.5,157.5,157.5,0.0,144.63464940178704,151.7620734519104,153.12002222222222,,,,,,152.5843548057147,"rgba(38, 166, 154, 1.0)",2.364695896872278,152.5843548057147,2.078764208449425,1,0.6790801596297549,0.6790801596297549,0.0,0.0,0.0,0.0,64.85178537674348,8.493680216061485,True,False,True,False,True,13.09589240379752
2025-07-03 19:00:00+00:00,157.5,157.5,157.5,157.5,0.0,144.63464940178704,151.7620734519104,153.12002222222222,,,,,,152.5843548057147,"rgba(38, 166, 154, 1.0)",2.403574417816488,152.5843548057147,2.0451395878771628,1,0.6653999626690855,0.6653999626690855,0.0,0.0,0.0,0.0,65.83895020775542,9.60927852720954,True,False,True,False,True,13.09589240379752
2025-07-04 14:00:00+00:00,157.5,157.5,157.5,157.5,0.0,144.63464940178704,151.7620734519104,153.12002222222222,,,,,,152.5843548057147,"rgba(38, 166, 154, 1.0)",2.4311438156250906,152.5843548057147,2.021947514043468,1,0.6530098946412447,0.6530098946412447,0.0,0.0,0.0,0.0,66.49706009509671,10.532961720325659,True,False,True,False,True,13.09589240379752
2025-07-04 15:00:00+00:00,157.5,157.5,157.5,157.5,0.0,144.63464940178704,151.7620734519104,153.12002222222222,,,,,,152.5843548057147,"rgba(38, 166, 154, 1.0)",2.448210374137789,152.5843548057147,2.007852448552954,1,0.6412708757338224,0.6412708757338224,0.0,0.0,0.0,0.0,66.93580001999091,11.33635850341716,True,False,True,False,True,13.09589240379752
2025-07-04 16:00:00+00:00,157.5,157.5,157.5,157.5,0.0,144.63464940178704,151.7620734519104,153.12002222222222,,,,,,152.5843548057147,"rgba(38, 166, 154, 1.0)",2.458740280258492,152.5843548057147,1.9992535339147381,1,0.630907971616355,0.630907971616355,0.0,0.0,0.0,0.0,67.22829330325371,12.056960508262904,True,False,True,False,True,13.09589240379752
2025-07-04 17:00:00+00:00,157.5,157.5,157.5,157.5,0.0,144.63464940178704,151.7620734519104,153.12002222222222,,,,,,152.5843548057147,"rgba(38, 166, 154, 1.0)",2.483837076303808,152.5843548057147,1.9790529907059218,1,0.621180531044346,0.621180531044346,0.0,0.0,0.0,0.0,67.4232888254289,12.713299371833294,True,False,True,False,True,13.09589240379752
2025-07-04 18:00:00+00:00,157.5,157.5,157.5,157.5,0.0,144.63464940178704,151.7620734519104,153.12002222222222,,,,,,152.5843548057147,"rgba(38, 166, 154, 1.0)",2.5034685901728015,152.5843548057147,1.9635338000969296,1,0.612192452584264,0.612192452584264,0.0,0.0,0.0,0.0,67.55328584021237,13.313956001775168,True,False,True,False,True,13.09589240379752
2025-07-04 19:00:00+00:00,157.5,157.5,157.5,157.5,0.0,144.63464940178704,151.7620734519104,153.12002222222222,,,,,,152.5843548057147,"rgba(38, 166, 154, 1.0)",2.5199342190756218,152.5843548057147,1.9507037751519134,1,0.604073496659048,0.604073496659048,0.0,0.0,0.0,0.0,67.63995051673467,13.862749557884108,True,False,True,False,True,13.09589240379752
2025-07-07 14:00:00+00:00,158.035,158.17,157.87,157.87,0.0,144.63464940178704,151.7620734519104,153.12002222222222,,,,,,152.5843548057147,"rgba(38, 166, 154, 1.0)",2.5374547224469337,152.5843548057147,2.0830500530816263,1,0.5946787303965025,0.5946787303965025,1.0,0.0,158.17,504.0,69.50966847250085,15.992346239363144,True,False,True,False,True,14.190081244047278
2025-07-07 15:00:00+00:00,157.87,158.12,157.67,157.67,1.0,144.64063729942475,151.76805363606448,153.13252216312057,,,,,,153.32613227447607,"rgba(38, 166, 154, 1.0)",2.5517561485065925,153.32613227447607,1.702305186201337,1,0.5868328860279312,0.5868328860279312,0.0,0.0,0.0,0.0,68.48213236734716,15.992346239363144,True,False,True,False,True,13.328932855433969
2025-07-07 16:00:00+00:00,157.67,157.695,156.83,156.83,36.0,144.8413509085493,151.95166666666668,153.48079692556635,,,,,,153.5241481023064,"rgba(239, 83, 80, 1.0)",2.5275641480528757,153.5241481023064,1.3079200780088145,1,0.5823559001233791,0.5823559001233791,0.0,0.0,0.0,0.0,61.030725495382946,14.825676865165377,False,False,True,False,False,9.819163067135708
2025-07-07 17:00:00+00:00,156.83,157.57,156.83,157.425,1.0,144.84690412386482,151.9567365079365,153.48998385794997,,,,,,153.53148916720127,"rgba(239, 83, 80, 1.0)",2.5089025058346723,153.53148916720127,1.5518780916133803,1,0.5764564298675421,0.5764564298675421,0.0,0.0,0.0,0.0,59.579656772399204,13.676327071631817,False,False,True,False,False,11.63890550109668
2025-07-07 18:00:00+00:00,157.425,157.425,156.455,157.135,0.0,144.84690412386482,151.9567365079365,153.48998385794997,,,,,,153.53148916720127,"rgba(239, 83, 80, 1.0)",2.4818921744841083,153.53148916720127,1.4519207844102868,1,0.5741116985654777,0.5741116985654777,0.0,0.0,0.0,0.0,56.780382380541184,11.18621342183841,False,True,True,False,False,10.452401468854656
2025-07-07 19:00:00+00:00,157.135,157.83,156.755,157.83,0.0,144.84690412386482,151.9567365079365,153.48998385794997,,,,,,153.53148916720127,"rgba(38, 166, 154, 1.0)",2.4623024327384995,153.53148916720127,1.7457282158544858,1,0.5681155700074867,0.5681155700074867,0.0,0.0,0.0,0.0,58.28667246088245,11.18621342183841,False,True,True,False,False,12.544059790776664
2025-07-08 14:00:00+00:00,157.83,157.83,155.55,155.55,0.0,144.84690412386482,151.9567365079365,153.48998385794997,,,,,,153.53148916720127,"rgba(239, 83, 80, 1.0)",2.4122264266301734,153.53148916720127,0.8367833178987903,1,0.5684538682688254,0.5684538682688254,0.0,0.0,0.0,0.0,50.435415531519965,5.725752850187291,False,True,False,False,False,3.976938511588582
2025-07-08 15:00:00+00:00,155.55,155.735,154.82,155.655,0.0,144.84690412386482,151.9567365079365,153.48998385794997,,,,,,153.53148916720127,"rgba(239, 83, 80, 1.0)",2.359473740759357,153.53148916720127,0.8999934163773795,1,0.5693685136902231,0.5693685136902231,0.0,0.0,0.0,0.0,45.67900799274465,1.6892110596253858,False,True,False,True,False,4.302058281237066
2025-07-08 16:00:00+00:00,155.655,156.47,155.655,156.455,0.0,144.84690412386482,151.9567365079365,153.48998385794997,,,,,,153.53148916720127,"rgba(239, 83, 80, 1.0)",2.3092221068442793,153.53148916720127,1.2660154361651819,1,0.5709021299027881,0.5709021299027881,0.0,0.0,0.0,0.0,45.878781399804545,1.6892110596253858,False,True,False,True,False,6.7316754421778136
2025-07-08 17:00:00+00:00,156.455,156.785,156.44,156.74,0.0,144.84690412386482,151.9567365079365,153.48998385794997,,,,,,153.53148916720127,"rgba(239, 83, 80, 1.0)",2.2790091335117992,153.53148916720127,1.4078534331517305,1,0.5732782598141327,0.5732782598141327,0.0,0.0,0.0,0.0,47.081005555728424,1.6892110596253858,False,True,False,True,False,7.57401495572784
2025-07-08 18:00:00+00:00,156.74,156.74,155.94,156.195,0.0,144.84690412386482,151.9567365079365,153.48998385794997,,,,,,153.53148916720127,"rgba(239, 83, 80, 1.0)",2.2338974385063683,153.53148916720127,1.1923156304703055,1,0.5723254010068427,0.5723254010068427,0.0,0.0,0.0,0.0,46.005109870625326,1.6892110596253858,False,True,False,True,False,5.632662034084564
2025-07-08 19:00:00+00:00,156.195,156.275,155.97,155.97,0.0,144.84690412386482,151.9567365079365,153.48998385794997,,,,,,153.53148916720127,"rgba(239, 83, 80, 1.0)",2.177514354893049,153.53148916720127,1.1198598196697063,1,0.5726629558333459,0.5726629558333459,0.0,0.0,0.0,0.0,44.5539335542778,0.5176800778803994,False,True,False,True,False,4.841889027878974
2025-07-09 14:00:00+00:00,156.515,156.515,155.49,155.565,0.0,144.84690412386482,151.9567365079365,153.48998385794997,,,,,,153.53148916720127,"rgba(239, 83, 80, 1.0)",2.0931238712842677,153.53148916720127,0.971519584051676,1,0.573390123970259,0.573390123970259,0.0,0.0,0.0,0.0,42.305193181246764,-1.8616543829864227,False,True,False,True,False,3.429140949045035
2025-07-09 15:00:00+00:00,155.565,156.62,155.565,156.555,0.0,144.84690412386482,151.9567365079365,153.48998385794997,,,,,,153.53148916720127,"rgba(239, 83, 80, 1.0)",2.0156176193382658,153.53148916720127,1.5000418749025244,1,0.5731548525038969,0.5731548525038969,0.0,0.0,0.0,0.0,45.002281123217045,-1.8616543829864227,False,True,False,True,True,6.45443356295727
2025-07-09 16:00:00+00:00,156.565,156.725,156.47,156.575,0.0,144.84690412386482,151.9567365079365,153.48998385794997,,,,,,153.53148916720127,"rgba(239, 83, 80, 1.0)",1.9281387842089097,153.53148916720127,1.5784708329734831,1,0.5739862116860617,0.5739862116860617,0.0,0.0,0.0,0.0,46.87605638900257,-1.8616543829864227,False,True,False,True,True,6.514109739223159
2025-07-09 17:00:00+00:00,156.575,156.88,156.45,156.67,0.0,144.84690412386482,151.9567365079365,153.48998385794997,,,,,,153.53148916720127,"rgba(239, 83, 80, 1.0)",1.886774675385244,153.53148916720127,1.6634264142632138,1,0.5756417247085435,0.5756417247085435,0.0,0.0,0.0,0.0,48.51837750146522,-7.081543997412581,False,True,False,False,True,6.80189032307182
2025-07-09 18:00:00+00:00,156.67,156.955,156.67,156.805,0.0,144.84690412386482,151.9567365079365,153.48998385794997,,,,,,153.53148916720127,"rgba(239, 83, 80, 1.0)",1.8344601778571086,153.53148916720127,1.7844545617897398,1,0.5758036751173556,0.5758036751173556,0.0,0.0,0.0,0.0,50.204183272103535,-5.268791489534685,False,True,False,False,True,7.214917472885613
2025-07-09 19:00:00+00:00,156.805,157.295,156.645,157.12,38.0,145.05005636070854,152.13357843137257,153.78741315594974,,,,,,154.34268723509615,"rgba(38, 166, 154, 1.0)",1.7417549734066353,154.34268723509615,1.5945484912104537,1,0.5750850185391003,0.5750850185391003,0.0,0.0,0.0,0.0,52.69061790197863,-2.7308354203482423,False,True,True,False,True,8.17846561175637
2025-07-10 14:00:00+00:00,157.12,157.12,155.155,155.965,0.0,145.05005636070854,152.13357843137257,153.78741315594974,,,,,,154.34268723509615,"rgba(38, 166, 154, 1.0)",1.6871306522724256,154.34268723509615,0.9615809912046419,1,0.5765958776748897,0.5765958776748897,0.0,0.0,0.0,0.0,49.22700729398382,-2.7308354203482423,False,True,False,False,False,3.978061156276045
2025-07-10 15:00:00+00:00,155.755,156.465,154.79,156.46,0.0,145.05005636070854,152.13357843137257,153.78741315594974,,,,,,154.34268723509615,"rgba(38, 166, 154, 1.0)",1.631244569905496,154.34268723509615,1.2979738317391127,1,0.5793180672382713,0.5793180672382713,0.0,0.0,0.0,0.0,49.10741045678167,-2.7308354203482423,False,True,False,False,False,5.512619085353723
2025-07-10 16:00:00+00:00,156.46,156.64,156.275,156.32,0.0,145.05005636070854,152.13357843137257,153.78741315594974,,,,,,154.34268723509615,"rgba(38, 166, 154, 1.0)",1.569967096688329,154.34268723509615,1.259461277293495,1,0.5841159200719608,0.5841159200719608,0.0,0.0,0.0,0.0,48.45828582156719,-2.7308354203482423,False,True,False,False,False,5.0136751555999375
2025-07-10 17:00:00+00:00,156.32,156.82,156.295,156.655,0.0,145.05005636070854,152.13357843137257,153.78741315594974,,,,,,154.34268723509615,"rgba(38, 166, 154, 1.0)",1.5527573033937156,154.34268723509615,1.4891656022805664,1,0.5893436209192798,0.5893436209192798,0.0,0.0,0.0,0.0,49.54035895318574,-2.7308354203482423,False,True,False,False,False,6.056879580351662
2025-07-10 18:00:00+00:00,156.65,157.03,156.435,157.025,0.0,145.05005636070854,152.13357843137257,153.78741315594974,,,,,,154.34268723509615,"rgba(38, 166, 154, 1.0)",1.537608966328109,154.34268723509615,1.7444700334372785,1,0.5902528672122506,0.5902528672122506,0.0,0.0,0.0,0.0,51.81599248697232,-2.7308354203482423,False,True,True,False,True,7.195929712993824
2025-07-10 19:00:00+00:00,157.025,157.115,156.015,156.335,0.0,145.05005636070854,152.13357843137257,153.78741315594974,,,,,,154.34268723509615,"rgba(38, 166, 154, 1.0)",1.517599233141504,154.34268723509615,1.312805595440157,1,0.5934437572121095,0.5934437572121095,0.0,0.0,0.0,0.0,50.1683437506245,-2.7308354203482423,False,True,False,False,True,4.690513859588457
2025-07-11 14:00:00+00:00,156.355,157.255,156.355,157.015,0.0,145.05005636070854,152.13357843137257,153.78741315594974,,,,,,154.34268723509615,"rgba(38, 166, 154, 1.0)",1.4968670374910253,154.34268723509615,1.785270633912171,1,0.595677176805402,0.595677176805402,0.0,0.0,0.0,0.0,51.85655452677291,-2.6946500627770362,False,False,True,False,True,6.781566648927637
2025-07-11 15:00:00+00:00,157.01,157.135,156.28,156.325,0.0,145.05005636070854,152.13357843137257,153.78741315594974,,,,,,154.34268723509615,"rgba(38, 166, 154, 1.0)",1.4741974851506303,154.34268723509615,1.3446724640839351,1,0.6003343168506518,0.6003343168506518,0.0,0.0,0.0,0.0,50.17845735651307,-2.6946500627770362,False,True,False,False,True,4.338424439183548
2025-07-11 16:00:00+00:00,156.325,156.975,155.945,156.975,0.0,145.05005636070854,152.13357843137257,153.78741315594974,,,,,,154.34268723509615,"rgba(38, 166, 154, 1.0)",1.4609631433768302,154.34268723509615,1.801765346947486,1,0.6032382795398024,0.6032382795398024,0.0,0.0,0.0,0.0,51.52284388382755,-2.6946500627770362,False,True,False,False,True,6.310934024379808
2025-07-11 17:00:00+00:00,156.92,157.095,156.69,156.925,0.0,145.05005636070854,152.13357843137257,153.78741315594974,,,,,,154.34268723509615,"rgba(38, 166, 154, 1.0)",1.4328259200322642,154.34268723509615,1.8022515706902573,1,0.611730244133441,0.611730244133441,0.0,0.0,0.0,0.0,52.20438495787056,-2.0241760025880353,False,False,True,False,True,6.133161443875796
2025-07-11 18:00:00+00:00,156.925,157.14,156.83,157.14,0.0,145.05005636070854,152.13357843137257,153.78741315594974,,,,,,154.34268723509615,"rgba(38, 166, 154, 1.0)",1.388101000427042,154.34268723509615,2.015208377519545,1,0.6205817570148359,0.6205817570148359,0.0,0.0,0.0,0.0,53.50003337686886,-0.5836344594252552,False,False,True,False,True,6.787529343403907
2025-07-11 19:00:00+00:00,157.14,157.24,156.8,156.8,0.0,145.05005636070854,152.13357843137257,153.78741315594974,,,,,,154.34268723509615,"rgba(38, 166, 154, 1.0)",1.3496077942118403,154.34268723509615,1.8207606501997946,1,0.6311626639625499,0.6311626639625499,0.0,0.0,0.0,0.0,52.715172907818136,-0.5836344594252552,False,False,True,False,True,5.552421661778183
2025-07-14 14:00:00+00:00,157.32,159.045,157.32,158.44,0.0,145.05005636070854,152.13357843137257,153.78741315594974,,,,,,154.34268723509615,"rgba(38, 166, 154, 1.0)",1.325886111994958,154.34268723509615,3.090244876868752,1,0.6377328746731948,0.6377328746731948,0.0,0.0,0.0,0.0,57.462204118381806,3.3513275001022222,True,False,True,False,True,10.357234927719311
2025-07-14 15:00:00+00:00,158.39,158.85,158.235,158.335,0.0,145.05005636070854,152.13357843137257,153.78741315594974,,,,,,154.34268723509615,"rgba(38, 166, 154, 1.0)",1.289858320314903,154.34268723509615,3.095156035376958,1,0.6457680913669284,0.6457680913669284,0.0,0.0,0.0,0.0,60.11848653373268,5.775344067930838,True,False,True,False,True,9.973155954939902
2025-07-14 16:00:00+00:00,158.315,158.505,158.01,158.455,0.0,145.05005636070854,152.13357843137257,153.78741315594974,,,,,,154.34268723509615,"rgba(38, 166, 154, 1.0)",1.2442270186235862,154.34268723509615,3.305114503503603,1,0.6544706933675842,0.6544706933675842,0.0,0.0,0.0,0.0,62.21721965826726,7.689279436229789,True,False,True,False,True,10.312598107738712
2025-07-14 17:00:00+00:00,158.455,158.8,158.32,158.625,0.0,145.05005636070854,152.13357843137257,153.78741315594974,,,,,,154.34268723509615,"rgba(38, 166, 154, 1.0)",1.2505066540770315,154.34268723509615,3.424462197735781,1,0.663704750447429,0.663704750447429,0.0,0.0,0.0,0.0,64.10203765831814,9.448462681166276,True,False,True,False,True,10.797071061348614
2025-07-14 18:00:00+00:00,158.625,159.03,158.625,158.995,0.0,145.05005636070854,152.13357843137257,153.78741315594974,,,,,,154.34268723509615,"rgba(38, 166, 154, 1.0)",1.2533160807223418,154.34268723509615,3.7120027712582444,1,0.6669882566250199,0.6669882566250199,0.0,0.0,0.0,0.0,66.38692274211417,11.610596012395561,True,False,True,False,True,11.847501011668285
2025-07-14 19:00:00+00:00,158.995,159.395,158.985,159.24,0.0,145.05005636070854,152.13357843137257,153.78741315594974,,,,,,154.34268723509615,"rgba(38, 166, 154, 1.0)",1.2649157362523424,154.34268723509615,3.871651387161553,1,0.671742869825171,0.671742869825171,0.0,0.0,0.0,0.0,68.55643941192376,13.67565296277023,True,False,True,False,True,12.53800531364939
2025-07-15 14:00:00+00:00,159.125,159.125,158.73,158.835,0.0,145.05005636070854,152.13357843137257,153.78741315594974,,,,,,154.34268723509615,"rgba(38, 166, 154, 1.0)",1.2550146691647786,154.34268723509615,3.579490244439553,1,0.6813511817288599,0.6813511817288599,0.0,0.0,0.0,0.0,67.31940836613951,13.67565296277023,True,False,True,False,True,10.95275261681611
2025-07-15 15:00:00+00:00,158.72,159.28,158.54,158.555,0.0,145.05005636070854,152.13357843137257,153.78741315594974,,,,,,154.34268723509615,"rgba(38, 166, 154, 1.0)",1.235094452382181,154.34268723509615,3.4105187314050225,1,0.6997546506105096,0.6997546506105096,0.0,0.0,0.0,0.0,64.78498833239806,13.67565296277023,True,False,True,False,False,9.868512734203868
2025-07-15 16:00:00+00:00,158.605,158.99,158.17,158.225,0.0,145.05005636070854,152.13357843137257,153.78741315594974,,,,,,154.34268723509615,"rgba(38, 166, 154, 1.0)",1.2138141619781542,154.34268723509615,3.198440821102989,1,0.7204693168146906,0.7204693168146906,0.0,0.0,0.0,0.0,61.20592328065789,16.33354731440933,True,False,True,False,False,8.600267932103812
2025-07-15 17:00:00+00:00,158.225,159.045,158.225,159.035,0.0,145.05005636070854,152.13357843137257,153.78741315594974,,,,,,154.34268723509615,"rgba(38, 166, 154, 1.0)",1.2405181821961542,154.34268723509615,3.7825425150938132,1,0.7410162604780283,0.7410162604780283,0.0,0.0,0.0,0.0,62.000967871525965,16.33354731440933,True,False,True,False,False,10.995842469343959
2025-07-15 18:00:00+00:00,159.035,159.465,158.845,158.845,0.0,145.05005636070854,152.13357843137257,153.78741315594974,,,,,,154.34268723509615,"rgba(38, 166, 154, 1.0)",1.2644308194979166,154.34268723509615,3.5607426641907054,1,0.7496683682471843,0.7496683682471843,0.0,0.0,0.0,0.0,61.42967458049896,16.33354731440933,True,False,True,False,False,10.25958606160712
2025-07-15 19:00:00+00:00,158.845,159.005,158.115,158.18,0.0,145.05005636070854,152.13357843137257,153.78741315594974,,,,,,154.34268723509615,"rgba(38, 166, 154, 1.0)",1.2751963530129802,154.34268723509615,3.0091936475800103,1,0.7659821057259235,0.7659821057259235,0.0,0.0,0.0,0.0,57.635874747070154,12.700834451938839,True,False,True,False,False,7.729959502007674
2025-07-16 14:00:00+00:00,158.775,158.775,158.04,158.38,0.0,145.05005636070854,152.13357843137257,153.78741315594974,,,,,,154.34268723509615,"rgba(38, 166, 154, 1.0)",1.2865273217263598,154.34268723509615,3.1381477071829873,1,0.7964643809985352,0.7964643809985352,0.0,0.0,0.0,0.0,56.01147017341992,11.090966295894795,True,False,True,False,False,8.336948275067972
2025-07-16 15:00:00+00:00,158.19,158.55,156.535,157.24,100.0,145.57136937315946,152.5803872053872,154.45061705989113,157.4416666666667,,,,,155.3427148620279,"rgba(38, 166, 154, 1.0)",1.2786274559737916,155.3427148620279,1.4838451412160263,0,,,0.0,0.0,0.0,0.0,50.383710490488006,5.832106043625032,False,True,False,False,False,4.181376420942325
2025-07-16 16:00:00+00:00,157.24,158.535,157.24,158.225,0.0,145.57136937315946,152.5803872053872,154.45061705989113,157.4416666666667,,,,,155.3427148620279,"rgba(38, 166, 154, 1.0)",1.2818562588946119,155.3427148620279,2.2485244488002083,0,,,0.0,0.0,0.0,0.0,50.70537836237338,5.832106043625032,False,True,False,False,False,7.1637387873288
2025-07-16 17:00:00+00:00,158.225,158.98,158.225,158.875,0.0,145.57136937315946,152.5803872053872,154.45061705989113,157.4416666666667,,,,,155.3427148620279,"rgba(38, 166, 154, 1.0)",1.301455879161568,155.3427148620279,2.7141028708923276,0,,,0.0,0.0,0.0,0.0,53.0233167684186,5.832106043625032,False,False,True,False,True,9.034342847095385
2025-07-16 18:00:00+00:00,158.735,159.31,158.735,159.27,0.0,145.57136937315946,152.5803872053872,154.45061705989113,157.4416666666667,,,,,155.3427148620279,"rgba(38, 166, 154, 1.0)",1.3293620294728568,155.3427148620279,2.9542630607024636,0,,,0.0,0.0,0.0,0.0,55.7182008580904,5.832106043625032,True,False,True,False,True,10.143344469852536
2025-07-16 19:00:00+00:00,159.27,159.67,159.27,159.64,0.0,145.57136937315946,152.5803872053872,154.45061705989113,157.4416666666667,,,,,155.3427148620279,"rgba(38, 166, 154, 1.0)",1.365800511068437,155.3427148620279,3.146349048156689,0,,,0.0,0.0,0.0,0.0,58.539589014367635,2.81483005509525,True,False,True,False,True,11.169053375510696
2025-07-17 14:00:00+00:00,159.64,161.73,159.64,161.055,0.0,145.57136937315946,152.5803872053872,154.45061705989113,157.4416666666667,,,,,155.3427148620279,"rgba(38, 166, 154, 1.0)",1.4451784546430604,155.3427148620279,3.952650359282428,0,,,0.0,0.0,0.0,0.0,63.45053062244277,7.395820874232342,True,False,True,False,True,14.879456643110888
2025-07-17 15:00:00+00:00,161.055,162.22,161.04,161.74,0.0,145.57136937315946,152.5803872053872,154.45061705989113,157.4416666666667,,,,,155.3427148620279,"rgba(38, 166, 154, 1.0)",1.5443138159586822,155.3427148620279,4.14247743681604,0,,,0.0,0.0,0.0,0.0,67.80634913765482,11.347077422931264,True,False,True,False,True,16.55758823891092
2025-07-17 16:00:00+00:00,161.73,162.26,161.52,162.0,32.0,145.78862529403625,152.82553551912568,154.86096626643797,158.52893939393942,,,,,155.88830905557836,"rgba(38, 166, 154, 1.0)",1.645150386071577,155.88830905557836,3.714974020712859,0,,,0.0,0.0,0.0,0.0,71.09608501546467,14.307290922980656,True,False,True,False,True,17.182642979332893
2025-07-17 17:00:00+00:00,162.0,162.53,161.995,162.505,0.0,145.78862529403625,152.82553551912568,154.86096626643797,158.52893939393942,,,,,155.88830905557836,"rgba(38, 166, 154, 1.0)",1.7335328662003522,155.88830905557836,3.816882317855584,0,,,0.0,0.0,0.0,0.0,74.01286701900243,16.99305216809732,True,False,True,False,True,18.382778880226393
2025-07-17 18:00:00+00:00,162.505,162.61,162.505,162.555,0.0,145.78862529403625,152.82553551912568,154.86096626643797,158.52893939393942,,,,,155.88830905557836,"rgba(38, 166, 154, 1.0)",1.8022991272656983,155.88830905557836,3.698992494401197,0,,,0.0,0.0,0.0,0.0,76.02937255119792,18.940846455719964,True,False,True,False,True,18.501263908196655
2025-07-17 19:00:00+00:00,162.6,162.73,162.06,162.17,306.0,147.65182995702884,154.72940585408475,157.42841769778778,161.17748858447487,,,,,158.3909578806087,"rgba(38, 166, 154, 1.0)",1.8666483718533187,158.3909578806087,2.0245066914446355,0,,,0.0,0.0,0.0,0.0,75.10693864844114,18.940846455719964,True,False,True,False,True,16.98869889199069
2025-07-18 14:00:00+00:00,162.805,162.805,162.805,162.805,0.0,147.65182995702884,154.72940585408475,157.42841769778778,161.17748858447487,,,,,158.3909578806087,"rgba(38, 166, 154, 1.0)",1.9543873028978114,158.3909578806087,2.258529879336866,0,,,0.0,0.0,0.0,0.0,75.70540667957972,19.076290756033927,True,False,True,False,True,18.526251917698385
2025-07-18 15:00:00+00:00,162.805,163.03,162.805,163.005,0.0,147.65182995702884,154.72940585408475,157.42841769778778,161.17748858447487,,,,,158.3909578806087,"rgba(38, 166, 154, 1.0)",2.031534889931109,158.3909578806087,2.2712098828623866,0,,,0.0,0.0,0.0,0.0,76.45870926919808,20.219163861178103,True,False,True,False,True,19.003243334423555
2025-07-18 16:00:00+00:00,163.005,163.125,162.29,162.29,0.0,147.65182995702884,154.72940585408475,157.42841769778778,161.17748858447487,,,,,158.3909578806087,"rgba(38, 166, 154, 1.0)",2.0622388188433174,158.3909578806087,1.890684087490024,0,,,0.0,0.0,0.0,0.0,72.90198359472075,20.219163861178103,True,False,True,False,False,16.19342997448636
2025-07-18 17:00:00+00:00,162.205,162.27,162.16,162.25,0.0,147.65182995702884,154.72940585408475,157.42841769778778,161.17748858447487,,,,,158.3909578806087,"rgba(38, 166, 154, 1.0)",2.0984187568923316,158.3909578806087,1.8390238396011893,0,,,0.0,0.0,0.0,0.0,70.31737221145309,20.219163861178103,True,False,True,False,False,16.038089136957176
2025-07-18 18:00:00+00:00,162.25,162.655,162.25,162.555,0.0,147.65182995702884,154.72940585408475,157.42841769778778,161.17748858447487,,,,,158.3909578806087,"rgba(38, 166, 154, 1.0)",2.1126057135440846,158.3909578806087,1.9710455636351305,0,,,0.0,0.0,0.0,0.0,69.48957585378967,25.30151598915033,True,False,True,False,False,16.8093285797271
2025-07-18 19:00:00+00:00,162.555,162.555,162.23,162.39,2.0,147.662680039259,154.73943499127398,157.43955854844745,161.18300757575756,,,,,158.76043222518166,"rgba(38, 166, 154, 1.0)",2.1311927844948304,158.76043222518166,1.7030687234044222,0,,,0.0,0.0,0.0,0.0,67.92471031636413,23.527981263368147,True,False,True,False,False,16.15115884793585
2025-07-21 14:00:00+00:00,161.405,162.06,161.405,162.06,0.0,147.662680039259,154.73943499127398,157.43955854844745,161.18300757575756,,,,,158.76043222518166,"rgba(38, 166, 154, 1.0)",2.134423444736195,158.76043222518166,1.5458824643983209,0,,,0.0,0.0,0.0,0.0,64.90368839107465,20.451382412179214,True,False,True,False,False,14.836813913465267
2025-07-21 15:00:00+00:00,162.06,162.2,161.75,161.75,0.0,147.662680039259,154.73943499127398,157.43955854844745,161.18300757575756,,,,,158.76043222518166,"rgba(38, 166, 154, 1.0)",2.125521922126296,158.76043222518166,1.4065099699501962,0,,,0.0,0.0,0.0,0.0,61.15845544736208,16.82319576941805,False,False,True,False,False,13.612024292522253
2025-07-21 16:00:00+00:00,161.75,161.75,160.935,161.325,0.0,147.662680039259,154.73943499127398,157.43955854844745,161.18300757575756,,,,,158.76043222518166,"rgba(38, 166, 154, 1.0)",2.1165462624471623,158.76043222518166,1.2116757475705546,0,,,0.0,0.0,0.0,0.0,56.51873061583569,12.495763440770979,False,True,True,False,False,11.95359912599518
2025-07-21 17:00:00+00:00,161.325,161.43,161.06,161.105,0.0,147.662680039259,154.73943499127398,157.43955854844745,161.18300757575756,,,,,158.76043222518166,"rgba(38, 166, 154, 1.0)",2.1371609377564003,158.76043222518166,1.0970478326633024,0,,,0.0,0.0,0.0,0.0,52.398768280357956,8.74858322768636,False,True,False,False,False,11.102409733380654
2025-07-21 18:00:00+00:00,161.105,161.11,160.27,160.405,100.0,148.12176133002012,155.0991134316134,157.75796838210562,161.0741172839506,,,,,158.84900420511428,"rgba(239, 83, 80, 1.0)",2.1444489264601563,158.84900420511428,0.7255923774571779,0,,,0.0,0.0,0.0,0.0,46.86650180604873,3.7541313612465217,False,True,False,True,False,8.450155957945672
2025-07-21 19:00:00+00:00,160.405,160.445,159.655,159.655,0.0,148.12176133002012,155.0991134316134,157.75796838210562,161.0741172839506,,,,,158.84900420511428,"rgba(239, 83, 80, 1.0)",2.145773925355754,158.84900420511428,0.37562008996455165,0,,,0.0,0.0,0.0,0.0,40.96170655884662,-1.4914881944068838,False,True,False,True,False,5.731344429725883
2025-07-22 14:00:00+00:00,159.655,159.655,159.655,159.655,0.0,148.12176133002012,155.0991134316134,157.75796838210562,161.0741172839506,,,,,158.84900420511428,"rgba(239, 83, 80, 1.0)",2.1467083539117846,158.84900420511428,0.3754565884168719,0,,,0.0,0.0,0.0,0.0,37.02517639404522,-4.914365110006841,False,True,False,True,False,5.731344429725883
2025-07-22 15:00:00+00:00,159.655,159.655,157.76,157.76,0.0,148.12176133002012,155.0991134316134,157.75796838210562,161.0741172839506,,,,,158.84900420511428,"rgba(239, 83, 80, 1.0)",2.1452434457280893,158.84900420511428,-0.5076366541442516,0,,,0.0,0.0,0.0,0.0,30.77981744128308,-10.52886842784175,False,True,False,True,False,0.0
2025-07-22 16:00:00+00:00,157.77,157.77,157.395,157.64,0.0,148.12176133002012,155.0991134316134,157.75796838210562,161.0741172839506,,,,,158.84900420511428,"rgba(239, 83, 80, 1.0)",2.1443989476878436,158.84900420511428,-0.563796305914943,1,0.4780701651505482,0.4780701651505482,0.0,0.0,0.0,0.0,26.458593558000125,-14.361874881677991,False,True,False,True,False,0.0
2025-07-22 17:00:00+00:00,157.64,158.095,157.6,158.095,0.0,148.12176133002012,155.0991134316134,157.75796838210562,161.0741172839506,,,,,158.84900420511428,"rgba(239, 83, 80, 1.0)",2.1416420028721768,158.84900420511428,-0.35206827476444824,1,0.48028180364731593,0.48028180364731593,0.0,0.0,0.0,0.0,26.299417134625905,-14.559855770281764,False,True,False,True,False,0.4445342406797259
2025-07-22 18:00:00+00:00,158.095,158.535,157.805,158.535,0.0,148.12176133002012,155.0991134316134,157.75796838210562,161.0741172839506,,,,,158.84900420511428,"rgba(239, 83, 80, 1.0)",2.138206259696871,158.84900420511428,-0.1468540294886251,1,0.4812211744456193,0.4812211744456193,0.0,0.0,0.0,0.0,28.599923662213808,-14.559855770281764,False,True,False,True,False,1.8349546828220902
2025-07-22 19:00:00+00:00,158.535,158.74,158.12,158.12,0.0,148.12176133002012,155.0991134316134,157.75796838210562,161.0741172839506,,,,,158.84900420511428,"rgba(239, 83, 80, 1.0)",2.1352881844445495,158.84900420511428,-0.3414078766627533,1,0.48214184548231687,0.48214184548231687,0.0,0.0,0.0,0.0,29.095607687515514,-14.559855770281764,False,True,False,True,False,0.4801743122306448
2025-07-23 14:00:00+00:00,160.48,160.48,159.93,160.28,76.0,148.43984848484848,155.3279557902973,157.93404561074667,160.96997294372292,,,,,159.10397606940285,"rgba(38, 166, 154, 1.0)",2.1407902620162953,159.10397606940285,0.5493410314233773,1,0.48010617939752115,0.48010617939752115,0.0,0.0,0.0,0.0,37.68746517981898,-21.133127976182074,False,True,False,True,True,6.861114324028545
2025-07-23 15:00:00+00:00,160.27,160.615,160.16,160.59,0.0,148.43984848484848,155.3279557902973,157.93404561074667,160.96997294372292,,,,,159.10397606940285,"rgba(38, 166, 154, 1.0)",2.1491417457303923,159.10397606940285,0.6914499397489142,2,0.49658002010505514,0.9931600402101103,0.0,0.0,0.0,0.0,44.22977005259261,-15.053886187165219,False,True,False,True,True,7.704988256619476
2025-07-23 16:00:00+00:00,160.62,160.715,160.005,160.175,0.0,148.43984848484848,155.3279557902973,157.93404561074667,160.96997294372292,,,,,159.10397606940285,"rgba(38, 166, 154, 1.0)",2.1522187315573413,159.10397606940285,0.4976371197281483,2,0.4950404656985731,0.9900809313971461,0.0,0.0,0.0,0.0,47.151030777984374,-12.349765658326668,False,True,False,False,True,6.329082322096699
2025-07-23 17:00:00+00:00,160.165,160.275,159.53,159.845,0.0,148.43984848484848,155.3279557902973,157.93404561074667,160.96997294372292,,,,,159.10397606940285,"rgba(38, 166, 154, 1.0)",2.154351435607923,159.10397606940285,0.3439661321496725,2,0.49410742133807334,0.9882148426761467,0.0,0.0,0.0,0.0,47.98249796508418,-11.360383058278451,False,True,False,False,True,5.245855467378764
2025-07-23 18:00:00+00:00,159.855,160.59,159.855,160.46,0.0,148.43984848484848,155.3279557902973,157.93404561074667,160.96997294372292,,,,,159.10397606940285,"rgba(38, 166, 154, 1.0)",2.160429611930438,159.10397606940285,0.627664017892022,2,0.4967433546428811,0.9934867092857622,0.0,0.0,0.0,0.0,50.50010461960908,-8.619755963984545,False,True,False,False,True,6.968975988342049
2025-07-23 19:00:00+00:00,160.48,161.205,160.48,161.065,0.0,148.43984848484848,155.3279557902973,157.93404561074667,160.96997294372292,,,,,159.10397606940285,"rgba(38, 166, 154, 1.0)",2.165284185413401,159.10397606940285,0.9056658446072506,2,0.5001103884569735,1.000220776913947,0.0,0.0,0.0,0.0,53.87725269249439,-5.0727951935918725,False,False,True,False,True,8.61512432354656
2025-07-24 14:00:00+00:00,161.465,161.825,161.075,161.825,0.0,148.43984848484848,155.3279557902973,157.93404561074667,160.96997294372292,,,,,159.10397606940285,"rgba(38, 166, 154, 1.0)",2.187234569738877,159.10397606940285,1.2440476061614145,2,0.4983738722847225,0.996747744569445,0.0,0.0,0.0,0.0,57.957944591124274,-0.9334904429768045,False,False,True,False,True,10.612214117158306
2025-07-24 15:00:00+00:00,161.825,162.275,161.825,162.03,0.0,148.43984848484848,155.3279557902973,157.93404561074667,160.96997294372292,,,,,159.10397606940285,"rgba(38, 166, 154, 1.0)",2.208271281806603,159.10397606940285,1.3250292003088282,2,0.49481776160123536,0.9896355232024707,0.0,0.0,0.0,0.0,61.136736724285086,2.3205921035024843,True,False,True,False,True,11.140981766246256
2025-07-24 16:00:00+00:00,162.03,162.03,161.455,161.56,0.0,148.43984848484848,155.3279557902973,157.93404561074667,160.96997294372292,,,,,159.10397606940285,"rgba(38, 166, 154, 1.0)",2.225413823243306,159.10397606940285,1.1036257189315735,2,0.49498199789908387,0.9899639957981677,0.0,0.0,0.0,0.0,61.124083941197625,2.7075056914614066,True,False,True,False,True,9.517211933934938
2025-07-24 17:00:00+00:00,161.56,162.19,161.56,162.175,0.0,148.43984848484848,155.3279557902973,157.93404561074667,160.96997294372292,,,,,159.10397606940285,"rgba(38, 166, 154, 1.0)",2.2194680232668325,159.10397606940285,1.38367568192171,2,0.4963476790591087,0.9926953581182174,0.0,0.0,0.0,0.0,62.70299545726142,4.7209116633779615,True,False,True,False,True,11.12488425087139
2025-07-24 18:00:00+00:00,162.175,162.47,161.96,162.22,0.0,148.43984848484848,155.3279557902973,157.93404561074667,160.96997294372292,,,,,159.10397606940285,"rgba(38, 166, 154, 1.0)",2.213041907981891,159.10397606940285,1.4080275296000628,2,0.49590263393617845,0.9918052678723569,0.0,0.0,0.0,0.0,63.86912962526303,6.367792218080503,True,False,True,False,True,11.241758282528384
2025-07-24 19:00:00+00:00,162.255,162.36,161.71,161.72,68.0,148.74965270741865,155.58130737396536,158.17345080763585,161.06541423001948,,,,,159.334488457208,"rgba(38, 166, 154, 1.0)",2.2101658553388535,159.334488457208,1.0793359860435685,2,0.5022096066068128,1.0044192132136256,0.0,0.0,0.0,0.0,62.19983620481217,6.367792218080503,True,False,True,False,True,9.48901628100592
2025-07-25 14:00:00+00:00,161.72,164.15,161.72,164.075,13.0,148.8133210042591,155.6376311858076,158.23167392566782,161.10737207077952,,,,,159.39703644094678,"rgba(38, 166, 154, 1.0)",2.261003938698115,159.39703644094678,2.068976298089414,2,0.49667228875413727,0.9933445775082745,0.0,0.0,0.0,0.0,66.16185685139232,9.269653822608383,True,False,True,False,True,15.31855942200659
2025-07-25 15:00:00+00:00,164.075,164.555,164.075,164.48,0.0,148.8133210042591,155.6376311858076,158.23167392566782,161.10737207077952,,,,,159.39703644094678,"rgba(38, 166, 154, 1.0)",2.308655993320146,159.39703644094678,2.2016981194947336,2,0.49036763088353186,0.9807352617670637,0.0,0.0,0.0,0.0,69.38036236661928,12.54972973093139,True,False,True,False,True,16.23619104982349
2025-07-25 16:00:00+00:00,164.465,165.29,164.315,165.08,0.0,148.8133210042591,155.6376311858076,158.23167392566782,161.10737207077952,,,,,159.39703644094678,"rgba(38, 166, 154, 1.0)",2.363671344587211,159.39703644094678,2.4042951538365,2,0.4820810536535167,0.9641621073070334,0.0,0.0,0.0,0.0,72.33374439409704,15.520403912670346,True,False,True,False,True,17.571034158161684
2025-07-25 17:00:00+00:00,165.115,165.41,165.02,165.32,0.0,148.8133210042591,155.6376311858076,158.23167392566782,161.10737207077952,,,,,159.39703644094678,"rgba(38, 166, 154, 1.0)",2.409830323733732,159.39703644094678,2.457834271865382,2,0.4719086218333567,0.9438172436667134,0.0,0.0,0.0,0.0,74.61560510027863,17.857679146218018,True,False,True,False,True,18.098600583014747
2025-07-25 18:00:00+00:00,165.34,165.51,165.18,165.38,0.0,148.8133210042591,155.6376311858076,158.23167392566782,161.10737207077952,,,,,159.39703644094678,"rgba(38, 166, 154, 1.0)",2.4702816850717637,159.39703644094678,2.42197624473721,2,0.4571250135497946,0.9142500270995892,0.0,0.0,0.0,0.0,76.22005268820695,19.607464311030228,True,False,True,False,True,18.231635752192517
2025-07-25 19:00:00+00:00,165.38,165.765,165.3,165.315,0.0,148.8133210042591,155.6376311858076,158.23167392566782,161.10737207077952,,,,,159.39703644094678,"rgba(38, 166, 154, 1.0)",2.522198204697864,159.39703644094678,2.3463515072012897,2,0.4447103327390832,0.8894206654781665,0.0,0.0,0.0,0.0,76.9083910360863,20.584488408414387,True,False,True,False,True,17.991298075014804
2025-07-28 14:00:00+00:00,165.195,165.195,164.65,164.815,0.0,148.8133210042591,155.6376311858076,158.23167392566782,161.10737207077952,,,,,159.39703644094678,"rgba(38, 166, 154, 1.0)",2.5561051399509744,159.39703644094678,2.1196168633177335,2,0.4351894812582194,0.8703789625164388,0.0,0.0,0.0,0.0,74.47553696928782,20.584488408414387,True,False,True,False,True,16.146998362364133
2025-07-28 15:00:00+00:00,164.265,164.37,163.705,164.06,77.0,149.19773243745217,155.98530433225918,158.5970829931973,161.39961670973298,,,,,159.78201348436434,"rgba(38, 166, 154, 1.0)",2.5702396740341653,159.78201348436434,1.6644309707199683,2,0.4289626192173098,0.8579252384346197,0.0,0.0,0.0,0.0,69.17764744110761,25.467295591514485,True,False,True,False,False,13.444225538609427
2025-07-28 16:00:00+00:00,164.055,164.08,163.69,163.9,16.0,149.27437941528092,156.05264998225059,158.66532366371206,161.45005485232068,,,,,159.84805326757868,"rgba(38, 166, 154, 1.0)",2.582809005783742,159.84805326757868,1.5688139244317767,2,0.42369222422763253,0.8473844484552651,0.0,0.0,0.0,0.0,64.9350135486981,21.49985122687049,True,False,True,False,False,12.880707693855655
2025-07-28 17:00:00+00:00,163.91,163.945,163.65,163.78,0.0,149.27437941528092,156.05264998225059,158.66532366371206,161.45005485232068,,,,,159.84805326757868,"rgba(38, 166, 154, 1.0)",2.5671693704494416,159.84805326757868,1.5316273159386233,2,0.41915374541977624,0.8383074908395525,0.0,0.0,0.0,0.0,61.545972357615625,18.363241945539315,True,False,True,False,False,12.454271162293047
2025-07-28 18:00:00+00:00,163.735,164.49,163.67,164.31,0.0,149.27437941528092,156.05264998225059,158.66532366371206,161.45005485232068,,,,,159.84805326757868,"rgba(38, 166, 154, 1.0)",2.5682738129676808,159.84805326757868,1.737332954878933,2,0.4136338923450023,0.8272677846900046,0.0,0.0,0.0,0.0,61.23082145789405,17.968471774513773,True,False,True,False,False,13.792812622556365
2025-07-28 19:00:00+00:00,164.305,164.495,164.16,164.495,15.0,149.3479142331819,156.11866173622113,158.7336119957537,161.50471221532092,,,,,159.91613489383622,"rgba(38, 166, 154, 1.0)",2.565794982435079,159.91613489383622,1.7845794919351652,2,0.4080972562957643,0.8161945125915286,0.0,0.0,0.0,0.0,61.6536900656191,17.968471774513773,True,False,True,False,False,14.255841918939083
2025-07-29 14:00:00+00:00,165.855,165.855,165.07,165.25,0.0,149.3479142331819,156.11866173622113,158.7336119957537,161.50471221532092,,,,,159.91613489383622,"rgba(38, 166, 154, 1.0)",2.5827417131323553,159.91613489383622,2.0651949356929156,2,0.40101425353881737,0.8020285070776347,1.0,0.0,165.855,634.0,64.20046937110274,17.968471774513773,True,False,True,False,True,16.111035000860635
2025-07-29 15:00:00+00:00,165.25,165.25,164.13,164.13,0.0,149.3479142331819,156.11866173622113,158.7336119957537,161.50471221532092,,,,,159.91613489383622,"rgba(38, 166, 154, 1.0)",2.5788701293669694,159.91613489383622,1.6339966321600499,2,0.39729191651539253,0.7945838330307851,0.0,0.0,0.0,0.0,60.53557580397393,16.812387601043966,True,False,True,False,False,12.08504071971112
2025-07-29 16:00:00+00:00,164.13,164.13,163.665,163.775,0.0,149.3479142331819,156.11866173622113,158.7336119957537,161.50471221532092,,,,,159.91613489383622,"rgba(38, 166, 154, 1.0)",2.5505062790113473,159.91613489383622,1.5129800455380968,2,0.3945955255607145,0.789191051121429,0.0,0.0,0.0,0.0,56.736283933995686,13.141357463402926,False,False,True,False,False,10.85797710053565
2025-07-29 17:00:00+00:00,163.775,164.865,163.775,164.53,0.0,149.3479142331819,156.11866173622113,158.7336119957537,161.50471221532092,,,,,159.91613489383622,"rgba(38, 166, 154, 1.0)",2.5462927918797895,159.91613489383622,1.811993153685056,2,0.3906088071261407,0.7812176142522814,0.0,0.0,0.0,0.0,56.82531942117599,13.065181066820777,False,False,True,False,False,12.761147271429486
2025-07-29 18:00:00+00:00,164.53,164.56,164.18,164.305,0.0,149.3479142331819,156.11866173622113,158.7336119957537,161.50471221532092,,,,,159.91613489383622,"rgba(38, 166, 154, 1.0)",2.5179062641313528,159.91613489383622,1.7430613556529266,2,0.3870482836016344,0.7740965672032688,0.0,0.0,0.0,0.0,55.94807344156999,11.920329613741615,False,False,True,False,False,11.976371213979196
2025-07-29 19:00:00+00:00,164.305,164.305,163.915,163.915,0.0,149.3479142331819,156.11866173622113,158.7336119957537,161.50471221532092,,,,,159.91613489383622,"rgba(38, 166, 154, 1.0)",2.494104845827235,159.91613489383622,1.603326785902398,2,0.3846838865613487,0.7693677731226974,0.0,0.0,0.0,0.0,53.7791541680551,9.55814451766853,False,False,True,False,False,10.622162333342416
2025-07-30 14:00:00+00:00,163.915,165.225,163.915,165.2,0.0,149.3479142331819,156.11866173622113,158.7336119957537,161.50471221532092,,,,,159.91613489383622,"rgba(38, 166, 154, 1.0)",2.4887217711208542,159.91613489383622,2.1231240741644095,2,0.38103577803762007,0.7620715560752401,0.0,0.0,0.0,0.0,56.46737193586646,9.55814451766853,False,False,True,False,True,13.824550604765228
2025-07-30 15:00:00+00:00,165.2,165.2,164.645,164.965,0.0,149.3479142331819,156.11866173622113,158.7336119957537,161.50471221532092,,,,,159.91613489383622,"rgba(38, 166, 154, 1.0)",2.4786200516330013,159.91613489383622,2.036966134780286,2,0.37751543766529905,0.7550308753305981,0.0,0.0,0.0,0.0,57.26909143689803,9.55814451766853,False,False,True,False,True,13.007598808721728
2025-07-30 16:00:00+00:00,164.965,165.06,164.92,165.01,0.0,149.3479142331819,156.11866173622113,158.7336119957537,161.50471221532092,,,,,159.91613489383622,"rgba(38, 166, 154, 1.0)",2.456513894426467,159.91613489383622,2.0736154262026116,2,0.3745897955555829,0.7491795911111658,0.0,0.0,0.0,0.0,57.944008559408324,9.55814451766853,False,False,True,False,True,13.11880799413414
2025-07-30 17:00:00+00:00,165.01,165.075,164.65,164.83,0.0,149.3479142331819,156.11866173622113,158.7336119957537,161.50471221532092,,,,,159.91613489383622,"rgba(38, 166, 154, 1.0)",2.4614653348343802,159.91613489383622,1.9963170054127237,2,0.3715267325018641,0.7430534650037282,0.0,0.0,0.0,0.0,57.52298854556268,9.55814451766853,False,False,True,False,True,12.478282581459084
2025-07-30 18:00:00+00:00,164.83,165.4,164.17,164.17,0.0,149.3479142331819,156.11866173622113,158.7336119957537,161.50471221532092,,,,,159.91613489383622,"rgba(38, 166, 154, 1.0)",2.451096412142597,159.91613489383622,1.735494811664836,2,0.37320175797384936,0.7464035159476987,0.0,0.0,0.0,0.0,54.33616582939619,9.100536279988326,False,False,True,False,False,10.162169172780843
2025-07-30 19:00:00+00:00,163.755,164.475,163.425,164.475,0.0,149.3479142331819,156.11866173622113,158.7336119957537,161.50471221532092,,,,,159.91613489383622,"rgba(38, 166, 154, 1.0)",2.444797749514811,159.91613489383622,1.8647207553543115,2,0.3745087626284511,0.7490175252569022,0.0,0.0,0.0,0.0,53.49599907842419,8.091339668035822,False,False,True,False,False,10.961689057280001
2025-07-31 14:00:00+00:00,165.51,165.51,165.51,165.51,0.0,149.3479142331819,156.11866173622113,158.7336119957537,161.50471221532092,,,,,159.91613489383622,"rgba(38, 166, 154, 1.0)",2.4572082012195757,159.91613489383622,2.2765124678435456,2,0.3727678197638724,0.7455356395277448,0.0,0.0,0.0,0.0,56.47552783084279,8.091339668035822,False,False,True,False,True,13.58407277751147
2025-07-31 15:00:00+00:00,165.51,165.51,164.5,164.5,0.0,149.3479142331819,156.11866173622113,158.7336119957537,161.50471221532092,,,,,159.91613489383622,"rgba(38, 166, 154, 1.0)",2.4549163267141583,159.91613489383622,1.8672184694372738,2,0.3726999364228477,0.7453998728456954,0.0,0.0,0.0,0.0,54.40762295189099,8.091339668035822,False,False,True,False,True,10.113433861825278
2025-07-31 16:00:00+00:00,164.5,165.245,164.5,165.155,0.0,149.3479142331819,156.11866173622113,158.7336119957537,161.50471221532092,,,,,159.91613489383622,"rgba(38, 166, 154, 1.0)",2.464606636741531,159.91613489383622,2.125639454209259,2,0.3727260589542367,0.7454521179084734,0.0,0.0,0.0,0.0,55.0917685829624,8.091339668035822,False,False,True,False,True,11.753215759856324
2025-07-31 17:00:00+00:00,165.155,165.155,164.44,164.47,0.0,149.3479142331819,156.11866173622113,158.7336119957537,161.50471221532092,,,,,159.91613489383622,"rgba(38, 166, 154, 1.0)",2.454581839948609,159.91613489383622,1.8552508749348227,2,0.3746453392430352,0.7492906784860704,0.0,0.0,0.0,0.0,53.144347531158445,7.622300053088836,False,True,True,False,False,9.475062108805282
2025-07-31 18:00:00+00:00,164.47,164.665,164.025,164.665,0.0,149.3479142331819,156.11866173622113,158.7336119957537,161.50471221532092,,,,,159.91613489383622,"rgba(38, 166, 154, 1.0)",2.4395804819526616,159.91613489383622,1.9465908754782066,2,0.3774750760763872,0.7549501521527744,0.0,0.0,0.0,0.0,52.510779382034485,6.840845523529389,False,True,True,False,False,9.971107877096252
2025-07-31 19:00:00+00:00,164.665,164.765,164.055,164.07,0.0,149.3479142331819,156.11866173622113,158.7336119957537,161.50471221532092,,,,,159.91613489383622,"rgba(38, 166, 154, 1.0)",2.407418783301861,159.91613489383622,1.7254435061217739,2,0.3794902630656616,0.7589805261313232,0.0,0.0,0.0,0.0,50.05829667456037,4.365761157664181,False,True,False,False,False,8.014405063098529
2025-08-01 14:00:00+00:00,157.425,160.385,157.34,160.385,0.0,149.3479142331819,156.11866173622113,158.7336119957537,161.50471221532092,,,,,159.91613489383622,"rgba(239, 83, 80, 1.0)",2.388610657656513,159.91613489383622,0.19629197611626806,2,0.3836866064229064,0.7673732128458128,0.0,0.0,0.0,0.0,41.60548404454624,-3.4285338500429887,False,True,False,True,False,0.0
2025-08-01 15:00:00+00:00,159.915,159.915,159.725,159.725,0.0,149.3479142331819,156.11866173622113,158.7336119957537,161.50471221532092,,,,,159.91613489383622,"rgba(239, 83, 80, 1.0)",2.3740680959738127,159.91613489383622,-0.08050944038225653,2,0.38759694826128044,0.7751938965225609,0.0,0.0,0.0,0.0,35.28166053367106,-8.89716301577063,False,True,False,True,False,0.0
2025-08-01 16:00:00+00:00,159.725,161.745,159.725,161.085,0.0,149.3479142331819,156.11866173622113,158.7336119957537,161.50471221532092,,,,,159.91613489383622,"rgba(239, 83, 80, 1.0)",2.330849586049939,159.91613489383622,0.5014759910546839,2,0.3918325678467687,0.7836651356935374,0.0,0.0,0.0,0.0,35.25386871652372,-8.89716301577063,False,True,False,True,False,0.0
2025-08-01 17:00:00+00:00,161.085,161.085,159.97,160.035,0.0,149.3479142331819,156.11866173622113,158.7336119957537,161.50471221532092,,,,,159.91613489383622,"rgba(239, 83, 80, 1.0)",2.301444293880303,159.91613489383622,0.0516480483494003,3,0.39959948830473696,1.198798464914211,0.0,0.0,0.0,0.0,33.784954752502856,-9.97221405122015,False,True,False,True,False,0.0
2025-08-01 18:00:00+00:00,160.035,160.94,159.725,160.555,20.0,149.41921502256608,156.1634918975431,158.75983542319747,161.47809292929293,160.40666666666667,,,,160.3953214691283,"rgba(239, 83, 80, 1.0)",2.234516393654309,160.3953214691283,0.07145999524781503,3,0.4062695770925086,1.2188087312775258,0.0,0.0,0.0,0.0,34.29097387813806,-9.97221405122015,False,True,False,True,False,0.0
2025-08-01 19:00:00+00:00,160.555,160.61,160.305,160.55,0.0,149.41921502256608,156.1634918975431,158.75983542319747,161.47809292929293,160.40666666666667,,,,160.3953214691283,"rgba(239, 83, 80, 1.0)",2.1928455535258173,160.3953214691283,0.07053781358336103,3,0.4120578339203751,1.2361735017611253,0.0,0.0,0.0,0.0,34.62012341628257,-9.97221405122015,False,True,False,True,False,0.0
2025-08-04 14:00:00+00:00,160.55,162.34,160.55,162.125,0.0,149.41921502256608,156.1634918975431,158.75983542319747,161.47809292929293,160.40666666666667,,,,160.3953214691283,"rgba(239, 83, 80, 1.0)",2.1552574520648307,160.3953214691283,0.8025391719279696,3,0.4185061493377887,1.255518448013366,0.0,0.0,0.0,0.0,39.11049121788898,-9.97221405122015,False,True,False,True,True,2.1355434070122072
2025-08-04 15:00:00+00:00,161.95,161.95,160.99,161.375,0.0,149.41921502256608,156.1634918975431,158.75983542319747,161.47809292929293,160.40666666666667,,,,160.3953214691283,"rgba(239, 83, 80, 1.0)",2.127709680967489,160.3953214691283,0.4604380661680433,3,0.42470169799689966,1.274105093990699,0.0,0.0,0.0,0.0,40.56698973693403,-15.203499838488774,False,True,False,True,True,0.25427930492938344
2025-08-04 16:00:00+00:00,161.375,161.88,161.365,161.715,0.0,149.41921502256608,156.1634918975431,158.75983542319747,161.47809292929293,160.40666666666667,,,,160.3953214691283,"rgba(239, 83, 80, 1.0)",2.104564038652438,160.3953214691283,0.6270555357948122,3,0.4302490929228126,1.2907472787684378,0.0,0.0,0.0,0.0,42.41634025575647,-13.262966434831931,False,True,False,True,True,1.0881541089457727
2025-08-04 17:00:00+00:00,161.715,161.755,161.41,161.625,0.0,149.41921502256608,156.1634918975431,158.75983542319747,161.47809292929293,160.40666666666667,,,,160.3953214691283,"rgba(239, 83, 80, 1.0)",2.1005273361911656,160.3953214691283,0.5854142003700084,3,0.43827745639172183,1.3148323691751655,0.0,0.0,0.0,0.0,43.438748068191266,-12.057270089723055,False,True,False,True,True,0.8595614064500907
2025-08-04 18:00:00+00:00,161.655,161.81,161.36,161.405,0.0,149.41921502256608,156.1634918975431,158.75983542319747,161.47809292929293,160.40666666666667,,,,160.3953214691283,"rgba(239, 83, 80, 1.0)",2.102403521582818,160.3953214691283,0.48024963833372397,3,0.4447507771754508,1.3342523315263524,0.0,0.0,0.0,0.0,43.570144685023884,-11.601867747345715,False,True,False,True,True,0.2953168542457405
2025-08-04 19:00:00+00:00,161.405,162.0,161.405,161.795,0.0,149.41921502256608,156.1634918975431,158.75983542319747,161.47809292929293,160.40666666666667,,,,160.3953214691283,"rgba(239, 83, 80, 1.0)",2.1031180155625258,160.3953214691283,0.6655254343857195,3,0.45401736888458477,1.3620521066537543,0.0,0.0,0.0,0.0,44.92132130817539,-9.971564624865948,False,True,False,True,True,1.2870992598375928
2025-08-05 14:00:00+00:00,165.62,165.62,165.005,165.005,0.0,149.41921502256608,156.1634918975431,158.75983542319747,161.47809292929293,160.40666666666667,,,,160.3953214691283,"rgba(38, 166, 154, 1.0)",2.1238959993870843,160.3953214691283,2.170388066177419,3,0.4572929759041074,1.3718789277123222,0.0,0.0,0.0,0.0,52.53658950945844,-2.743466846819473,False,False,True,False,True,8.68172414626607
2025-08-05 15:00:00+00:00,165.005,165.005,162.335,162.54,0.0,149.41921502256608,156.1634918975431,158.75983542319747,161.47809292929293,160.40666666666667,,,,160.3953214691283,"rgba(38, 166, 154, 1.0)",2.1238887650916967,160.3953214691283,1.0097885379506175,3,0.46530197769407433,1.395905933082223,0.0,0.0,0.0,0.0,51.979967605114524,-2.743466846819473,False,False,True,False,True,2.5831817393231553
2025-08-05 16:00:00+00:00,162.54,163.69,162.54,163.69,0.0,149.41921502256608,156.1634918975431,158.75983542319747,161.47809292929293,160.40666666666667,,,,160.3953214691283,"rgba(38, 166, 154, 1.0)",2.128219623479211,160.3953214691283,1.5480914161883141,3,0.47186520352040967,1.415595610561229,0.0,0.0,0.0,0.0,53.50447866831381,-1.8644249513204016,False,False,True,False,True,5.011345180087442
2025-08-05 17:00:00+00:00,163.69,164.1,163.53,164.1,0.0,149.41921502256608,156.1634918975431,158.75983542319747,161.47809292929293,160.40666666666667,,,,160.3953214691283,"rgba(38, 166, 154, 1.0)",2.1360334186903494,160.3953214691283,1.7343729262171899,3,0.4797303222445768,1.4391909667337304,0.0,0.0,0.0,0.0,55.16329322685629,-0.15455858787983345,False,False,True,False,True,5.854797371132335
2025-08-05 18:00:00+00:00,164.1,164.1,163.185,163.415,0.0,149.41921502256608,156.1634918975431,158.75983542319747,161.47809292929293,160.40666666666667,,,,160.3953214691283,"rgba(38, 166, 154, 1.0)",2.137843501717104,160.3953214691283,1.4124881117099066,3,0.48350720640146444,1.4505216192043933,0.0,0.0,0.0,0.0,54.768822229007505,-0.15455858787983345,False,False,True,False,True,4.227050197908163
2025-08-05 19:00:00+00:00,163.415,163.64,163.415,163.57,117.0,149.93251941596768,156.58873645320196,159.1614680545585,161.73439667374382,163.08400243309,,,,161.44123491556607,"rgba(38, 166, 154, 1.0)",2.141132930301485,161.44123491556607,0.9942236907888662,3,0.4877013210287595,1.4631039630862785,0.0,0.0,0.0,0.0,54.80061769745186,0.021804613163688202,False,False,True,False,True,4.55450355090538
2025-08-06 14:00:00+00:00,163.57,163.57,162.095,162.095,0.0,149.93251941596768,156.58873645320196,159.1614680545585,161.73439667374382,163.08400243309,,,,161.44123491556607,"rgba(38, 166, 154, 1.0)",2.1414832508123225,161.44123491556607,0.30528610680748375,3,0.4930937118749134,1.4792811356247402,0.0,0.0,0.0,0.0,51.70149058206381,0.021804613163688202,False,False,False,False,False,1.1339623648663775
2025-08-06 15:00:00+00:00,162.095,163.13,162.095,163.13,269.0,150.92372276376145,157.31374510656804,159.7479482551143,161.96776768510873,162.88589490968803,,,,161.64463132396017,"rgba(38, 166, 154, 1.0)",2.142604391056074,161.64463132396017,0.6932538186891789,3,0.49760040574602593,1.4928012172380778,0.0,0.0,0.0,0.0,51.79168625014607,0.021804613163688202,False,False,False,False,False,3.3400798059159023
2025-08-06 16:00:00+00:00,163.13,163.205,162.825,162.825,0.0,150.92372276376145,157.31374510656804,159.7479482551143,161.96776768510873,162.88589490968803,,,,161.64463132396017,"rgba(38, 166, 154, 1.0)",2.1427891165941615,161.64463132396017,0.5508562027400749,3,0.5015647904368542,1.5046943713105625,0.0,0.0,0.0,0.0,51.195892090465165,0.021804613163688202,False,False,False,False,False,2.642781954836625
2025-08-06 17:00:00+00:00,162.91,162.96,162.6,162.64,0.0,150.92372276376145,157.31374510656804,159.7479482551143,161.96776768510873,162.88589490968803,,,,161.64463132396017,"rgba(38, 166, 154, 1.0)",2.142068657893887,161.64463132396017,0.4646763643040639,3,0.5051854278564992,1.5155562835694978,0.0,0.0,0.0,0.0,50.378900658640724,0.021804613163688202,False,False,False,False,False,2.2173841780326633
2025-08-06 18:00:00+00:00,162.64,162.945,162.64,162.945,0.0,150.92372276376145,157.31374510656804,159.7479482551143,161.96776768510873,162.88589490968803,,,,161.64463132396017,"rgba(38, 166, 154, 1.0)",2.1404753660785176,161.64463132396017,0.6075139647237235,3,0.5100363004887604,1.530108901466281,0.0,0.0,0.0,0.0,50.596705586949724,0.021804613163688202,False,False,False,False,False,2.882104882017263
2025-08-06 19:00:00+00:00,162.945,163.225,162.82,162.82,19.0,150.98890504704875,157.3599849007765,159.7841969066032,161.98301761517615,162.8889843137255,,,,161.66217067925703,"rgba(38, 166, 154, 1.0)",2.1357112134798433,161.66217067925703,0.5421282210043937,3,0.5163233514133304,1.5489700542399913,0.0,0.0,0.0,0.0,50.39894689935508,0.021804613163688202,False,False,False,False,False,2.5857734378164103
2025-08-07 14:00:00+00:00,163.68,164.32,163.68,164.32,0.0,150.98890504704875,157.3599849007765,159.7841969066032,161.98301761517615,162.8889843137255,,,,161.66217067925703,"rgba(38, 166, 154, 1.0)",2.1378339273425864,161.66217067925703,1.2432346997349562,3,0.5221223130019942,1.5663669390059827,0.0,0.0,0.0,0.0,53.83265522232648,0.5259977938419524,True,False,True,False,True,5.809382968313276
2025-08-07 15:00:00+00:00,164.32,164.32,163.53,163.53,0.0,150.98890504704875,157.3599849007765,159.7841969066032,161.98301761517615,162.8889843137255,,,,161.66217067925703,"rgba(38, 166, 154, 1.0)",2.1243020857089623,161.66217067925703,0.8792672818562917,3,0.5267438069209807,1.580231420762942,0.0,0.0,0.0,0.0,53.845488129140215,0.6643866567730186,True,False,True,False,True,3.9212938565887114
2025-08-07 16:00:00+00:00,163.53,163.915,163.53,163.6,0.0,150.98890504704875,157.3599849007765,159.7841969066032,161.98301761517615,162.8889843137255,,,,161.66217067925703,"rgba(38, 166, 154, 1.0)",2.097277810928318,161.66217067925703,0.923973595984989,3,0.5323553954233836,1.5970661862701507,0.0,0.0,0.0,0.0,54.024570787278975,1.0331609199076865,True,False,True,False,True,4.071134139974934
2025-08-07 17:00:00+00:00,163.6,163.745,163.57,163.7,0.0,150.98890504704875,157.3599849007765,159.7841969066032,161.98301761517615,162.8889843137255,,,,161.66217067925703,"rgba(38, 166, 154, 1.0)",2.0691157684042447,161.66217067925703,0.9848793150489517,3,0.5413404118193051,1.6240212354579153,0.0,0.0,0.0,0.0,54.41023564823303,1.6213183166585665,True,False,True,False,True,4.288431987350645
2025-08-07 18:00:00+00:00,163.7,163.74,163.085,163.645,0.0,150.98890504704875,157.3599849007765,159.7841969066032,161.98301761517615,162.8889843137255,,,,161.66217067925703,"rgba(38, 166, 154, 1.0)",1.9861836691412855,161.66217067925703,0.9983111590078896,3,0.5502228639807286,1.650668591942186,0.0,0.0,0.0,0.0,54.47017942239421,1.9164196295765734,True,False,True,False,True,4.152339929712571
2025-08-07 19:00:00+00:00,163.625,163.655,163.42,163.655,0.0,150.98890504704875,157.3599849007765,159.7841969066032,161.98301761517615,162.8889843137255,,,,161.66217067925703,"rgba(38, 166, 154, 1.0)",1.8919153315139503,161.66217067925703,1.0533395905979928,3,0.5672041188413326,1.7016123565239978,0.0,0.0,0.0,0.0,54.54325717244231,2.2348408211369417,True,False,True,False,True,4.174893817753119
2025-08-08 14:00:00+00:00,163.655,165.2,163.655,165.2,0.0,150.98890504704875,157.3599849007765,159.7841969066032,161.98301761517615,162.8889843137255,,,,161.66217067925703,"rgba(38, 166, 154, 1.0)",1.8228396271483014,161.66217067925703,1.9408341074292048,3,0.5749300274548804,1.7247900823646414,0.0,0.0,0.0,0.0,58.75297027036706,6.2729390658892825,True,False,True,False,True,7.559581299042819
2025-08-08 15:00:00+00:00,165.2,165.2,164.595,164.77,0.0,150.98890504704875,157.3599849007765,159.7841969066032,161.98301761517615,162.8889843137255,,,,161.66217067925703,"rgba(38, 166, 154, 1.0)",1.755967372820522,161.66217067925703,1.7698673499559558,3,0.5813038515624663,1.743911554687399,0.0,0.0,0.0,0.0,59.78138379284624,7.18787897826931,True,False,True,False,True,6.454082957157091
2025-08-08 16:00:00+00:00,164.77,165.04,164.16,164.16,0.0,150.98890504704875,157.3599849007765,159.7841969066032,161.98301761517615,162.8889843137255,,,,161.66217067925703,"rgba(38, 166, 154, 1.0)",1.6596874583653374,161.66217067925703,1.504999816774619,3,0.5879882722958879,1.7639648168876638,0.0,0.0,0.0,0.0,58.14850046580012,7.18787897826931,True,False,True,False,False,4.905261717027521
2025-08-08 17:00:00+00:00,164.16,164.37,163.54,164.34,0.0,150.98890504704875,157.3599849007765,159.7841969066032,161.98301761517615,162.8889843137255,,,,161.66217067925703,"rgba(38, 166, 154, 1.0)",1.6292647349563152,161.66217067925703,1.6435814654852714,3,0.5929129249083059,1.7787387747249177,0.0,0.0,0.0,0.0,57.60124635070363,7.18787897826931,True,False,True,False,False,5.304296759430855
2025-08-08 18:00:00+00:00,164.34,164.62,164.18,164.62,0.0,150.98890504704875,157.3599849007765,159.7841969066032,161.98301761517615,162.8889843137255,,,,161.66217067925703,"rgba(38, 166, 154, 1.0)",1.6066862686166898,161.66217067925703,1.8409501459731643,3,0.5920787091137111,1.7762361273411331,0.0,0.0,0.0,0.0,58.09552933206871,7.18787897826931,True,False,True,False,False,5.928440087552595
2025-08-08 19:00:00+00:00,164.62,164.62,164.465,164.465,0.0,150.98890504704875,157.3599849007765,159.7841969066032,161.98301761517615,162.8889843137255,,,,161.66217067925703,"rgba(38, 166, 154, 1.0)",1.5697733898531698,161.66217067925703,1.7854993203860703,3,0.5904309042527741,1.7712927127583225,0.0,0.0,0.0,0.0,57.72409749225426,7.18787897826931,True,False,True,False,False,5.521120095568275
2025-08-11 14:00:00+00:00,164.465,164.465,164.06,164.06,0.0,150.98890504704875,157.3599849007765,159.7841969066032,161.98301761517615,162.8889843137255,,,,161.66217067925703,"rgba(38, 166, 154, 1.0)",1.5167932241015123,161.66217067925703,1.5808544517749608,3,0.5895077974825709,1.7685233924477126,0.0,0.0,0.0,0.0,55.67754942715662,8.331439254119893,True,False,True,False,False,4.454886365011518
2025-08-11 15:00:00+00:00,164.06,164.145,164.06,164.145,0.0,150.98890504704875,157.3599849007765,159.7841969066032,161.98301761517615,162.8889843137255,,,,161.66217067925703,"rgba(38, 166, 154, 1.0)",1.478955630420432,161.66217067925703,1.678772012948874,3,0.5880637313518013,1.764191194055404,0.0,0.0,0.0,0.0,54.66618675159918,7.338930987801518,True,False,True,False,False,4.654374711702676
2025-08-11 16:00:00+00:00,164.145,164.355,164.145,164.35,0.0,150.98890504704875,157.3599849007765,159.7841969066032,161.98301761517615,162.8889843137255,,,,161.66217067925703,"rgba(38, 166, 154, 1.0)",1.455367279731968,161.66217067925703,1.8468391849774,3,0.5861875153091781,1.7585625459275342,0.0,0.0,0.0,0.0,54.87629089711106,7.338930987801518,True,False,True,False,False,5.140540811732031
2025-08-11 17:00:00+00:00,164.35,164.685,164.35,164.385,0.0,150.98890504704875,157.3599849007765,159.7841969066032,161.98301761517615,162.8889843137255,,,,161.66217067925703,"rgba(38, 166, 154, 1.0)",1.4453237207121254,161.66217067925703,1.8838889044188625,3,0.584561066861142,1.753683200583426,0.0,0.0,0.0,0.0,55.174996503600084,7.338930987801518,True,False,True,False,False,5.224552230293099
2025-08-11 18:00:00+00:00,164.385,164.43,164.265,164.3,0.0,150.98890504704875,157.3599849007765,159.7841969066032,161.98301761517615,162.8889843137255,,,,161.66217067925703,"rgba(38, 166, 154, 1.0)",1.436952753646298,161.66217067925703,1.8357105437526966,3,0.5828846809546363,1.748654042863909,0.0,0.0,0.0,0.0,54.84868310190146,7.1821277114177775,True,False,True,False,False,4.986181531928398
2025-08-11 19:00:00+00:00,164.3,164.46,163.72,163.72,0.0,150.98890504704875,157.3599849007765,159.7841969066032,161.98301761517615,162.8889843137255,,,,161.66217067925703,"rgba(38, 166, 154, 1.0)",1.417569112665986,161.66217067925703,1.4516606649765817,3,0.5823067158917447,1.746920147675234,0.0,0.0,0.0,0.0,51.410349492042776,3.9020475244922537,True,False,False,False,False,3.3649303300386357
2025-08-12 14:00:00+00:00,164.265,164.94,164.165,164.94,0.0,150.98890504704875,157.3599849007765,159.7841969066032,161.98301761517615,162.8889843137255,,,,161.66217067925703,"rgba(38, 166, 154, 1.0)",1.4159040406212802,161.66217067925703,2.315008098504118,3,0.5792414558692561,1.7377243676077683,0.0,0.0,0.0,0.0,54.603955473829004,1.7912825738216611,True,False,True,False,True,6.351496769829669
2025-08-12 15:00:00+00:00,164.94,165.64,164.76,165.475,0.0,150.98890504704875,157.3599849007765,159.7841969066032,161.98301761517615,162.8889843137255,,,,161.66217067925703,"rgba(38, 166, 154, 1.0)",1.421693264644003,161.66217067925703,2.6818930746624234,3,0.5745442385396232,1.7236327156188698,0.0,0.0,0.0,0.0,58.393353980468646,5.1088242305606,True,False,True,False,True,7.608736132855125
2025-08-12 16:00:00+00:00,165.475,165.67,165.265,165.57,0.0,150.98890504704875,157.3599849007765,159.7841969066032,161.98301761517615,162.8889843137255,,,,161.66217067925703,"rgba(38, 166, 154, 1.0)",1.4193810127850832,161.66217067925703,2.7531926139233693,3,0.5695284569204014,1.7085853707612042,0.0,0.0,0.0,0.0,61.20174930647967,7.465772830030396,True,False,True,False,True,7.831628636757614
2025-08-12 17:00:00+00:00,165.57,165.9,165.325,165.77,0.0,150.98890504704875,157.3599849007765,159.7841969066032,161.98301761517615,162.8889843137255,,,,161.66217067925703,"rgba(38, 166, 154, 1.0)",1.4382559258016088,161.66217067925703,2.8561184745013235,3,0.5641264007121732,1.6923792021365198,0.0,0.0,0.0,0.0,63.68934456683485,9.565121718421636,True,False,True,False,True,8.305501877586842
2025-08-12 18:00:00+00:00,165.89,166.005,165.765,165.925,0.0,150.98890504704875,157.3599849007765,159.7841969066032,161.98301761517615,162.8889843137255,,,,161.66217067925703,"rgba(38, 166, 154, 1.0)",1.4576281950313248,161.66217067925703,2.924497025561015,3,0.5587757715619782,1.6763273146859348,0.0,0.0,0.0,0.0,65.83094876357781,11.409056731369915,True,False,True,False,True,8.675540210155827
2025-08-12 19:00:00+00:00,165.925,166.34,165.925,166.27,0.0,150.98890504704875,157.3599849007765,159.7841969066032,161.98301761517615,162.8889843137255,,,,161.66217067925703,"rgba(38, 166, 154, 1.0)",1.4783475465748166,161.66217067925703,3.1168782546559224,3,0.5528511904535636,1.6585535713606907,1.0,0.0,166.34,703.0,68.29287623013074,13.611158854927275,True,False,True,False,True,9.500918868344915
2025-08-13 14:00:00+00:00,166.27,166.27,166.27,166.27,0.0,150.98890504704875,157.3599849007765,159.7841969066032,161.98301761517615,162.8889843137255,,,,161.66217067925703,"rgba(38, 166, 154, 1.0)",1.495589922475917,161.66217067925703,3.0809443494476194,3,0.5482052966281828,1.6446158898845487,0.0,0.0,0.0,0.0,69.9341612078327,15.109295810350005,True,False,True,False,True,9.500918868344915
2025-08-13 15:00:00+00:00,166.27,166.27,162.77,163.61,0.0,150.98890504704875,157.3599849007765,159.7841969066032,161.98301761517615,162.8889843137255,,,,161.66217067925703,"rgba(239, 83, 80, 1.0)",1.4843107327465739,161.66217067925703,1.312278674384246,3,0.5505972585877477,1.651791775763243,0.0,0.0,0.0,0.0,58.74654911064612,14.58879583620687,True,False,True,False,False,1.825609037202934
2025-08-13 16:00:00+00:00,163.61,163.67,163.15,163.595,0.0,150.98890504704875,157.3599849007765,159.7841969066032,161.98301761517615,162.8889843137255,,,,161.66217067925703,"rgba(239, 83, 80, 1.0)",1.473531411207496,161.66217067925703,1.3116987571775596,3,0.5553075120722265,1.6659225362166796,0.0,0.0,0.0,0.0,51.24955869061442,8.258938639125873,False,True,False,False,False,1.7854764540320218
2025-08-13 17:00:00+00:00,163.595,164.575,163.595,164.575,0.0,150.98890504704875,157.3599849007765,159.7841969066032,161.98301761517615,162.8889843137255,,,,161.66217067925703,"rgba(239, 83, 80, 1.0)",1.4714633673444875,161.66217067925703,1.979545930524704,3,0.5623124947131392,1.6869374841394174,0.0,0.0,0.0,0.0,50.27945564997884,7.852435967301837,False,True,False,False,False,4.249415038185635
2025-08-13 18:00:00+00:00,164.575,164.705,164.385,164.625,0.0,150.98890504704875,157.3599849007765,159.7841969066032,161.98301761517615,162.8889843137255,,,,161.66217067925703,"rgba(239, 83, 80, 1.0)",1.4744918959922035,161.66217067925703,2.00939003381178,3,0.569838121583797,1.7095143647513908,0.0,0.0,0.0,0.0,49.81807036657516,7.494974235584991,False,True,False,False,False,4.373157935113429
2025-08-13 19:00:00+00:00,164.625,165.09,164.42,165.09,0.0,150.98890504704875,157.3599849007765,159.7841969066032,161.98301761517615,162.8889843137255,,,,161.66217067925703,"rgba(239, 83, 80, 1.0)",1.4823785154468423,161.66217067925703,2.312384647391966,2,0.604680512320732,1.209361024641464,0.0,0.0,0.0,0.0,51.23466659728631,7.494974235584991,False,True,False,False,False,5.526260120410306
2025-08-14 14:00:00+00:00,164.72,164.72,164.72,164.72,0.0,150.98890504704875,157.3599849007765,159.7841969066032,161.98301761517615,162.8889843137255,,,,161.66217067925703,"rgba(239, 83, 80, 1.0)",1.4863652292050924,161.66217067925703,2.0572529958725516,3,0.45523318400528395,1.365699552015852,0.0,0.0,0.0,0.0,50.6818052787733,7.494974235584991,False,True,False,False,False,4.472749445018351
2025-08-14 15:00:00+00:00,164.72,164.995,164.025,164.325,0.0,150.98890504704875,157.3599849007765,159.7841969066032,161.98301761517615,162.8889843137255,,,,161.66217067925703,"rgba(239, 83, 80, 1.0)",1.4864370969666207,161.66217067925703,1.7914174277384534,3,0.47481252779129796,1.4244375833738938,0.0,0.0,0.0,0.0,48.81398300198049,5.77783042672403,False,True,False,False,False,3.356032402340393
2025-08-14 16:00:00+00:00,164.325,164.325,163.595,163.76,0.0,150.98890504704875,157.3599849007765,159.7841969066032,161.98301761517615,162.8889843137255,,,,161.66217067925703,"rgba(239, 83, 80, 1.0)",1.4841514182952327,161.66217067925703,1.4134873941316763,3,0.4944040412467306,1.4832121237401918,0.0,0.0,0.0,0.0,45.6545483045222,2.4618539819695613,False,True,False,True,False,1.781303980702873
2025-08-14 17:00:00+00:00,163.76,163.935,163.76,163.84,0.0,150.98890504704875,157.3599849007765,159.7841969066032,161.98301761517615,162.8889843137255,,,,161.66217067925703,"rgba(239, 83, 80, 1.0)",1.47418621618686,161.66217067925703,1.477309512753525,3,0.5214341288348597,1.564302386504579,0.0,0.0,0.0,0.0,43.95044413742775,0.5556812862171085,False,True,False,True,False,1.9932920686320372
2025-08-14 18:00:00+00:00,163.84,163.84,163.685,163.685,0.0,150.98890504704875,157.3599849007765,159.7841969066032,161.98301761517615,162.8889843137255,,,,161.66217067925703,"rgba(239, 83, 80, 1.0)",1.4735804651876745,161.66217067925703,1.3727308202917476,2,0.4285031578342682,0.8570063156685364,0.0,0.0,0.0,0.0,42.252855890137766,-1.3656814806365816,False,True,False,True,False,1.5550852334716012
2025-08-14 19:00:00+00:00,163.685,163.82,163.6,163.6,100.0,151.34056649108214,157.62108285084088,160.00256503836795,162.1101090225564,163.03838412698414,,,,162.52072353411262,"rgba(239, 83, 80, 1.0)",1.4736886276166037,162.52072353411262,0.7323639781579157,2,0.43657715772727224,0.8731543154545445,0.0,0.0,0.0,0.0,40.797402008560326,-3.0740641717460733,False,True,False,True,False,1.312043701393506
2025-08-15 14:00:00+00:00,161.705,161.705,161.69,161.69,0.0,151.34056649108214,157.62108285084088,160.00256503836795,162.1101090225564,163.03838412698414,,,,162.52072353411262,"rgba(239, 83, 80, 1.0)",1.4898710658268912,162.52072353411262,-0.557580822372413,2,0.4442161523570012,0.8884323047140024,0.0,0.0,0.0,0.0,34.937384632567145,-8.755095601028188,False,True,False,True,False,0.0
2025-08-15 15:00:00+00:00,162.36,162.365,162.225,162.36,0.0,151.34056649108214,157.62108285084088,160.00256503836795,162.1101090225564,163.03838412698414,,,,162.52072353411262,"rgba(239, 83, 80, 1.0)",1.4963912656171185,162.52072353411262,-0.10740742598916636,3,0.49081405831766234,1.472442174952987,0.0,0.0,0.0,0.0,34.42307777663574,-9.355721556127556,False,True,False,True,False,0.0
2025-08-15 16:00:00+00:00,162.36,162.975,162.36,162.85,0.0,151.34056649108214,157.62108285084088,160.00256503836795,162.1101090225564,163.03838412698414,,,,162.52072353411262,"rgba(239, 83, 80, 1.0)",1.499277008942958,162.52072353411262,0.2196235011430785,3,0.5020260174577018,1.5060780523731054,0.0,0.0,0.0,0.0,36.26330007651762,-9.355721556127556,False,True,False,True,False,0.0
2025-08-15 17:00:00+00:00,162.85,162.85,162.51,162.51,0.0,151.34056649108214,157.62108285084088,160.00256503836795,162.1101090225564,163.03838412698414,,,,162.52072353411262,"rgba(239, 83, 80, 1.0)",1.4944880650483612,162.52072353411262,-0.007175389595554499,4,0.43893933167351235,1.7557573266940494,0.0,0.0,0.0,0.0,36.54097903538246,-9.355721556127556,False,True,False,True,False,0.0
2025-08-15 18:00:00+00:00,162.51,162.52,162.4,162.42,0.0,151.34056649108214,157.62108285084088,160.00256503836795,162.1101090225564,163.03838412698414,,,,162.52072353411262,"rgba(239, 83, 80, 1.0)",1.4928855365434648,162.52072353411262,-0.0674690266916517,4,0.4409856441704334,1.7639425766817336,0.0,0.0,0.0,0.0,36.469056460028845,-9.355721556127556,False,True,False,True,False,0.0
2025-08-15 19:00:00+00:00,162.42,162.42,162.14,162.28,0.0,151.34056649108214,157.62108285084088,160.00256503836795,162.1101090225564,163.03838412698414,,,,162.52072353411262,"rgba(239, 83, 80, 1.0)",1.4914697026320527,162.52072353411262,-0.16140021730766926,4,0.4418385012622748,1.7673540050490992,0.0,0.0,0.0,0.0,35.9960961573763,-9.355721556127556,False,True,False,True,False,0.0
2025-08-18 14:00:00+00:00,162.28,162.86,162.28,162.86,0.0,151.34056649108214,157.62108285084088,160.00256503836795,162.1101090225564,163.03838412698414,,,,162.52072353411262,"rgba(239, 83, 80, 1.0)",1.4863094811880067,162.52072353411262,0.2282677128697388,4,0.4462155854963754,1.7848623419855016,0.0,0.0,0.0,0.0,38.724630859809544,-9.355721556127556,False,True,False,True,True,0.0
2025-08-18 15:00:00+00:00,162.86,163.145,162.725,162.795,0.0,151.34056649108214,157.62108285084088,160.00256503836795,162.1101090225564,163.03838412698414,,,,162.52072353411262,"rgba(239, 83, 80, 1.0)",1.486954418076406,162.52072353411262,0.18445519415597494,5,0.4066276956068224,2.033138478034112,0.0,0.0,0.0,0.0,40.287150294365084,-9.355721556127556,False,True,False,True,True,0.0
2025-08-18 16:00:00+00:00,162.795,163.345,162.795,162.925,0.0,151.34056649108214,157.62108285084088,160.00256503836795,162.1101090225564,163.03838412698414,,,,162.52072353411262,"rgba(239, 83, 80, 1.0)",1.4843404881226552,162.52072353411262,0.2723610041781637,5,0.4083442239206976,2.041721119603488,0.0,0.0,0.0,0.0,42.040145670445696,-12.442763051115342,False,True,False,True,True,0.0
2025-08-18 17:00:00+00:00,162.925,162.955,162.71,162.765,0.0,151.34056649108214,157.62108285084088,160.00256503836795,162.1101090225564,163.03838412698414,,,,162.52072353411262,"rgba(239, 83, 80, 1.0)",1.4679679679579183,162.52072353411262,0.16640449329911378,5,0.41168989301101233,2.0584494650550615,0.0,0.0,0.0,0.0,42.455425925934506,-11.81713488791113,False,True,False,True,True,0.0
2025-08-18 18:00:00+00:00,162.765,163.31,162.69,163.31,0.0,151.34056649108214,157.62108285084088,160.00256503836795,162.1101090225564,163.03838412698414,,,,162.52072353411262,"rgba(239, 83, 80, 1.0)",1.463082094829874,162.52072353411262,0.5394615029986813,5,0.4115989513282088,2.057994756641044,0.0,0.0,0.0,0.0,45.75278222628693,-8.54398912410226,False,True,False,True,True,0.7973277251987057
2025-08-18 19:00:00+00:00,163.31,163.31,163.095,163.19,0.0,151.34056649108214,157.62108285084088,160.00256503836795,162.1101090225564,163.03838412698414,,,,162.52072353411262,"rgba(239, 83, 80, 1.0)",1.449702895934909,162.52072353411262,0.4616645712470375,5,0.4118703978476118,2.059351989238059,0.0,0.0,0.0,0.0,47.28671831930965,-7.007070529754131,False,True,False,False,True,0.44064973929025797
2025-08-19 14:00:00+00:00,162.215,162.525,162.215,162.525,0.0,151.34056649108214,157.62108285084088,160.00256503836795,162.1101090225564,163.03838412698414,,,,162.52072353411262,"rgba(239, 83, 80, 1.0)",1.4481634066112317,162.52072353411262,0.002953027170734495,5,0.4123361530244032,2.061680765122016,0.0,0.0,0.0,0.0,45.08968376408518,-7.007070529754131,False,True,False,True,False,0.0
2025-08-19 15:00:00+00:00,162.525,162.525,162.525,162.525,0.0,151.34056649108214,157.62108285084088,160.00256503836795,162.1101090225564,163.03838412698414,,,,162.52072353411262,"rgba(239, 83, 80, 1.0)",1.4439717592242094,162.52072353411262,0.0029615993942180524,5,0.41374187033197013,2.0687093516598507,0.0,0.0,0.0,0.0,43.62499406060219,-7.007070529754131,False,True,False,True,False,0.0
2025-08-19 16:00:00+00:00,162.525,162.525,161.005,161.005,0.0,151.34056649108214,157.62108285084088,160.00256503836795,162.1101090225564,163.03838412698414,,,,162.52072353411262,"rgba(239, 83, 80, 1.0)",1.4671121876553341,162.52072353411262,-1.033134034919973,5,0.40937973109933823,2.0468986554966913,0.0,0.0,0.0,0.0,37.80746419737774,-7.440794901615064,False,True,False,True,False,0.0
2025-08-19 17:00:00+00:00,161.005,161.005,160.8,160.825,0.0,151.34056649108214,157.62108285084088,160.00256503836795,162.1101090225564,163.03838412698414,,,,162.52072353411262,"rgba(239, 83, 80, 1.0)",1.4560132937948596,162.52072353411262,-1.1646346508918237,6,0.5155503236847889,3.0933019421087335,0.0,0.0,0.0,0.0,33.5331553352055,-11.215620481982171,False,True,False,True,False,0.0
2025-08-19 18:00:00+00:00,160.825,160.95,160.76,160.945,0.0,151.34056649108214,157.62108285084088,160.00256503836795,162.1101090225564,163.03838412698414,,,,162.52072353411262,"rgba(239, 83, 80, 1.0)",1.4215309505033207,162.52072353411262,-1.1084693819397393,6,0.5087415677163697,3.0524494062982184,0.0,0.0,0.0,0.0,31.506763738041222,-12.929752586387224,False,True,False,True,False,0.0
2025-08-19 19:00:00+00:00,160.945,160.945,160.635,160.89,0.0,151.34056649108214,157.62108285084088,160.00256503836795,162.1101090225564,163.03838412698414,,,,162.52072353411262,"rgba(239, 83, 80, 1.0)",1.4259056960576635,162.52072353411262,-1.143640521684743,6,0.5005443902813124,3.0032663416878744,0.0,0.0,0.0,0.0,30.003094728439297,-14.305747966685914,False,True,False,True,False,0.0
2025-08-20 14:00:00+00:00,160.89,160.89,158.145,158.24,0.0,151.34056649108214,157.62108285084088,160.00256503836795,162.1101090225564,163.03838412698414,,,,162.52072353411262,"rgba(239, 83, 80, 1.0)",1.4956536972098977,162.52072353411262,-2.8621087502395683,6,0.47078932689862363,2.8247359613917418,0.0,0.0,0.0,0.0,24.726456188908045,-19.200657821704965,False,True,False,True,False,0.0
2025-08-20 15:00:00+00:00,158.24,159.92,158.24,159.225,0.0,151.34056649108214,157.62108285084088,160.00256503836795,162.1101090225564,163.03838412698414,,,,162.52072353411262,"rgba(239, 83, 80, 1.0)",1.5362834174508329,162.52072353411262,-2.145257506965248,6,0.4542204548604416,2.7253227291626496,0.0,0.0,0.0,0.0,25.949402970297054,-19.200657821704965,False,True,False,True,False,0.0
2025-08-20 16:00:00+00:00,159.225,159.85,159.225,159.6,0.0,151.34056649108214,157.62108285084088,160.00256503836795,162.1101090225564,163.03838412698414,,,,162.52072353411262,"rgba(239, 83, 80, 1.0)",1.5630153578914996,162.52072353411262,-1.8686467278559997,6,0.44262422371986165,2.65574534231917,0.0,0.0,0.0,0.0,28.346425380027476,-19.200657821704965,False,True,False,True,True,0.0
2025-08-20 17:00:00+00:00,159.63,160.17,159.605,159.89,62.0,151.48500953938404,157.6777641129032,159.9987221920781,162.01115062260536,162.7056700738217,159.88833333333332,,,161.97993367453697,"rgba(239, 83, 80, 1.0)",1.6063382341581216,161.97993367453697,-1.3010545538264606,6,0.43412346425871956,2.6047407855523175,0.0,0.0,0.0,0.0,31.159305936026705,-25.184287897191197,False,True,False,True,True,0.0
2025-08-20 18:00:00+00:00,159.89,160.05,159.285,159.665,62.0,151.62096846243188,157.72627393128766,159.987915135608,161.9111795048143,162.4153492552645,159.7775,,,161.70538297503333,"rgba(239, 83, 80, 1.0)",1.6452021097657612,161.70538297503333,-1.240202017078523,6,0.427029294454023,2.562175766724138,0.0,0.0,0.0,0.0,32.47764789887467,-23.792691793485787,False,True,False,True,True,0.0
2025-08-20 19:00:00+00:00,159.665,160.72,159.665,160.705,245.0,152.15967052313886,157.9580929314675,160.03069534883718,161.68797626054544,161.85299589858315,160.16646793134598,,,161.37765864875746,"rgba(239, 83, 80, 1.0)",1.6619259748682211,161.37765864875746,-0.40474645617761945,6,0.42287195160442187,2.537231709626531,0.0,0.0,0.0,0.0,37.48878637697865,-18.984970925349025,False,True,False,True,True,0.0
2025-08-21 14:00:00+00:00,160.76,161.6,160.76,161.24,0.0,152.15967052313886,157.9580929314675,160.03069534883718,161.68797626054544,161.85299589858315,160.16646793134598,,,161.37765864875746,"rgba(239, 83, 80, 1.0)",1.6675337213104438,161.37765864875746,-0.08255224287114944,6,0.42029964981874873,2.5217978989124923,0.0,0.0,0.0,0.0,42.57148279595809,-14.281781126553447,False,False,False,True,True,0.0
2025-08-21 15:00:00+00:00,161.26,161.325,160.745,160.835,0.0,152.15967052313886,157.9580929314675,160.03069534883718,161.68797626054544,161.85299589858315,160.16646793134598,,,161.37765864875746,"rgba(239, 83, 80, 1.0)",1.6772081720072807,161.37765864875746,-0.3235487745734027,6,0.417683500571756,2.506101003430536,0.0,0.0,0.0,0.0,44.58594419594921,-12.437519546578642,False,False,False,True,True,0.0
2025-08-21 16:00:00+00:00,160.835,161.035,160.505,160.915,0.0,152.15967052313886,157.9580929314675,160.03069534883718,161.68797626054544,161.85299589858315,160.16646793134598,,,161.37765864875746,"rgba(239, 83, 80, 1.0)",1.6903151180161524,161.37765864875746,-0.27371147771574705,6,0.41515481831089435,2.490928909865366,0.0,0.0,0.0,0.0,46.22134689400373,-10.79364645343891,False,False,False,True,True,0.0
2025-08-21 17:00:00+00:00,160.66,161.075,160.26,161.075,0.0,152.15967052313886,157.9580929314675,160.03069534883718,161.68797626054544,161.85299589858315,160.16646793134598,,,161.37765864875746,"rgba(239, 83, 80, 1.0)",1.6946683828772322,161.37765864875746,-0.1785946158053729,6,0.412752885033453,2.476517310200718,0.0,0.0,0.0,0.0,47.934421793333016,-8.965858257290307,True,False,False,False,True,0.0
2025-08-21 18:00:00+00:00,161.075,161.33,161.075,161.33,0.0,152.15967052313886,157.9580929314675,160.03069534883718,161.68797626054544,161.85299589858315,160.16646793134598,,,161.37765864875746,"rgba(38, 166, 154, 1.0)",1.7062982613694988,161.37765864875746,-0.027931018765263504,6,0.41366556895676204,2.481993413740572,0.0,0.0,0.0,0.0,50.08494673155826,-6.6809581008982875,True,False,False,False,True,0.0
2025-08-21 19:00:00+00:00,161.33,161.4,161.33,161.4,0.0,152.15967052313886,157.9580929314675,160.03069534883718,161.68797626054544,161.85299589858315,160.16646793134598,,,161.37765864875746,"rgba(38, 166, 154, 1.0)",1.716715392467424,161.37765864875746,0.013014009975429959,6,0.4142932409310885,2.485759445586531,0.0,0.0,0.0,0.0,51.80519422239701,-4.776099026218418,True,False,True,False,True,0.0
2025-08-22 14:00:00+00:00,161.4,165.185,161.4,165.065,0.0,152.15967052313886,157.9580929314675,160.03069534883718,161.68797626054544,161.85299589858315,160.16646793134598,,,161.37765864875746,"rgba(38, 166, 154, 1.0)",1.7278472571787058,161.37765864875746,2.134066732995466,6,0.4141444822371712,2.4848668934230274,0.0,0.0,0.0,0.0,60.80037051054495,3.7009627767176596,True,False,True,False,True,7.132224190497226
2025-08-22 15:00:00+00:00,165.065,165.295,164.925,165.105,0.0,152.15967052313886,157.9580929314675,160.03069534883718,161.68797626054544,161.85299589858315,160.16646793134598,,,161.37765864875746,"rgba(38, 166, 154, 1.0)",1.7427190415134248,161.37765864875746,2.138807956103816,6,0.41342953478265776,2.4805772086959466,0.0,0.0,0.0,0.0,66.84252914064668,9.09128858262671,True,False,True,False,True,7.228426435616491
2025-08-22 16:00:00+00:00,165.105,165.115,164.725,164.89,0.0,152.15967052313886,157.9580929314675,160.03069534883718,161.68797626054544,161.85299589858315,160.16646793134598,,,161.37765864875746,"rgba(38, 166, 154, 1.0)",1.7537380103666582,161.37765864875746,2.00277426302016,6,0.41199768739684695,2.4719861243810817,0.0,0.0,0.0,0.0,69.88774416053029,11.724858715359453,True,False,True,False,True,6.594071115446791
2025-08-22 17:00:00+00:00,164.89,165.06,164.53,164.53,0.0,152.15967052313886,157.9580929314675,160.03069534883718,161.68797626054544,161.85299589858315,160.16646793134598,,,161.37765864875746,"rgba(38, 166, 154, 1.0)",1.7563141559556426,161.37765864875746,1.7948618933309766,6,0.4118912116883006,2.4713472701298036,0.0,0.0,0.0,0.0,70.25275056515034,12.11642716954777,True,False,True,False,True,5.532570781327806
2025-08-22 18:00:00+00:00,164.405,164.56,163.83,163.83,1.0,152.16266616377507,157.96028634624577,160.0325747714241,161.68937941176472,161.8554767225326,160.17702702702704,,,161.3813685011917,"rgba(38, 166, 154, 1.0)",1.7578431065891933,161.3813685011917,1.3929749985250273,6,0.4155830497253892,2.493498298352335,0.0,0.0,0.0,0.0,67.52097848774281,12.11642716954777,True,False,True,False,True,3.5061270510535074
2025-08-22 19:00:00+00:00,163.83,164.17,163.83,163.945,20.0,152.2218055208073,158.0031736704653,160.06895516658986,161.7160339147287,161.90195081967212,160.37213675213675,,,161.4505786420985,"rgba(38, 166, 154, 1.0)",1.7593652802033277,161.4505786420985,1.417796171135777,6,0.4164918857873589,2.4989513147241533,0.0,0.0,0.0,0.0,65.98704170075807,12.11642716954777,True,False,True,False,False,3.8064423151430233
2025-08-25 14:00:00+00:00,163.945,165.385,163.945,165.01,0.0,152.2218055208073,158.0031736704653,160.06895516658986,161.7160339147287,161.90195081967212,160.37213675213675,,,161.4505786420985,"rgba(38, 166, 154, 1.0)",1.770138038592299,161.4505786420985,2.0108156992841795,6,0.4169025701496199,2.5014154208977195,0.0,0.0,0.0,0.0,67.32948068584155,12.11642716954777,True,False,True,False,False,6.5245651136235665
2025-08-25 15:00:00+00:00,165.01,165.025,164.485,164.685,84.0,152.47929837458142,158.19860707699397,160.24264375461934,161.8564514042868,162.13988488488488,161.144711673699,,,161.76344722823828,"rgba(38, 166, 154, 1.0)",1.7775109305159849,161.76344722823828,1.6436201441043414,6,0.41644305463158987,2.4986583277895393,0.0,0.0,0.0,0.0,66.78585430622667,12.11642716954777,True,False,True,False,False,5.566727737911396
2025-08-25 16:00:00+00:00,164.685,164.84,164.685,164.84,0.0,152.47929837458142,158.19860707699397,160.24264375461934,161.8564514042868,162.13988488488488,161.144711673699,,,161.76344722823828,"rgba(38, 166, 154, 1.0)",1.785878225420677,161.76344722823828,1.722711396538261,6,0.4160287161190975,2.496172296714585,0.0,0.0,0.0,0.0,66.78947827437462,12.11642716954777,True,False,True,False,False,5.961473127398342
2025-08-25 17:00:00+00:00,164.84,164.84,164.115,164.115,0.0,152.47929837458142,158.19860707699397,160.24264375461934,161.8564514042868,162.13988488488488,161.144711673699,,,161.76344722823828,"rgba(38, 166, 154, 1.0)",1.784448162104721,161.76344722823828,1.3178039136693789,6,0.4159630432889753,2.495778259733852,0.0,0.0,0.0,0.0,63.58179503215791,12.11642716954777,True,False,True,False,False,3.8226220664419017
2025-08-25 18:00:00+00:00,164.115,164.725,164.115,164.6,0.0,152.47929837458142,158.19860707699397,160.24264375461934,161.8564514042868,162.13988488488488,161.144711673699,,,161.76344722823828,"rgba(38, 166, 154, 1.0)",1.7906222633726385,161.76344722823828,1.5841156617918217,6,0.41919449076588194,2.5151669445952916,0.0,0.0,0.0,0.0,62.84088852928994,12.11642716954777,True,False,True,False,False,5.083461310547989
2025-08-25 19:00:00+00:00,164.6,164.6,163.965,163.965,0.0,152.47929837458142,158.19860707699397,160.24264375461934,161.8564514042868,162.13988488488488,161.144711673699,,,161.76344722823828,"rgba(38, 166, 154, 1.0)",1.7919197566883598,161.76344722823828,1.2286000885611126,5,0.4897582052888939,2.4487910264444697,0.0,0.0,0.0,0.0,59.76971718053062,15.44766503103584,True,False,True,False,False,3.2320273374489616
2025-08-26 14:00:00+00:00,163.965,166.32,163.965,166.29,0.0,152.47929837458142,158.19860707699397,160.24264375461934,161.8564514042868,162.13988488488488,161.144711673699,,,161.76344722823828,"rgba(38, 166, 154, 1.0)",1.824131687792863,161.76344722823828,2.481483547516621,4,0.4368492131099603,1.747396852439841,0.0,0.0,0.0,0.0,63.00392652785194,15.44766503103584,True,False,True,False,True,8.938127957569158
2025-08-26 15:00:00+00:00,166.29,166.29,165.54,165.63,0.0,152.47929837458142,158.19860707699397,160.24264375461934,161.8564514042868,162.13988488488488,161.144711673699,,,161.76344722823828,"rgba(38, 166, 154, 1.0)",1.8428000678548095,161.76344722823828,2.09819439406834,4,0.43984634474614603,1.7593853789845841,0.0,0.0,0.0,0.0,62.88174183803865,15.44766503103584,True,False,True,False,True,7.048508548886076
2025-08-26 16:00:00+00:00,165.63,165.785,165.63,165.785,0.0,152.47929837458142,158.19860707699397,160.24264375461934,161.8564514042868,162.13988488488488,161.144711673699,,,161.76344722823828,"rgba(38, 166, 154, 1.0)",1.8634748080819163,161.76344722823828,2.158093446887604,4,0.4404358234960426,1.7617432939841704,0.0,0.0,0.0,0.0,63.11581246739054,15.44766503103584,True,False,True,False,True,7.4131273847117285
2025-08-26 17:00:00+00:00,165.785,165.865,165.785,165.81,0.0,152.47929837458142,158.19860707699397,160.24264375461934,161.8564514042868,162.13988488488488,161.144711673699,,,161.76344722823828,"rgba(38, 166, 154, 1.0)",1.8727316176396656,161.76344722823828,2.160775593067563,4,0.4413720256948689,1.7654881027794755,0.0,0.0,0.0,0.0,63.32740659828145,15.44766503103584,True,False,True,False,True,7.472762398706191
2025-08-26 18:00:00+00:00,165.81,165.81,165.81,165.81,0.0,152.47929837458142,158.19860707699397,160.24264375461934,161.8564514042868,162.13988488488488,161.144711673699,,,161.76344722823828,"rgba(38, 166, 154, 1.0)",1.8867263894015003,161.76344722823828,2.1447480644214427,4,0.4378874319540736,1.7515497278162944,0.0,0.0,0.0,0.0,63.46846935220872,15.44766503103584,True,False,True,False,True,7.472762398706212
2025-08-26 19:00:00+00:00,165.81,166.185,165.81,166.18,24.0,152.55868859114904,158.26329618198443,160.3038884013456,161.9116183442743,162.23181329423264,161.3815127175368,,,162.11831763725175,"rgba(38, 166, 154, 1.0)",1.9116122905927022,162.11831763725175,2.1247417076864044,4,0.43509174440230625,1.740366977609225,0.0,0.0,0.0,0.0,64.51644891088065,15.44766503103584,True,False,True,False,True,8.37862458858357
2025-08-27 14:00:00+00:00,166.215,166.215,165.705,166.1,0.0,152.55868859114904,158.26329618198443,160.3038884013456,161.9116183442743,162.23181329423264,161.3815127175368,,,162.11831763725175,"rgba(38, 166, 154, 1.0)",1.9333390058929698,162.11831763725175,2.0594848345850174,4,0.4320571425001964,1.7282285700007856,0.0,0.0,0.0,0.0,64.79673811382074,15.44766503103584,True,False,True,False,True,8.132578431208984
2025-08-27 15:00:00+00:00,166.1,166.235,166.08,166.235,0.0,152.55868859114904,158.26329618198443,160.3038884013456,161.9116183442743,162.23181329423264,161.3815127175368,,,162.11831763725175,"rgba(38, 166, 154, 1.0)",1.955129271548036,162.11831763725175,2.1055806501678274,4,0.4290797632854535,1.716319053141814,0.0,0.0,0.0,0.0,65.38238696487595,15.44766503103584,True,False,True,False,True,8.470637761012409
2025-08-27 16:00:00+00:00,166.235,166.235,165.07,165.665,0.0,152.55868859114904,158.26329618198443,160.3038884013456,161.9116183442743,162.23181329423264,161.3815127175368,,,162.11831763725175,"rgba(38, 166, 154, 1.0)",1.9680251270998472,162.11831763725175,1.8021529877389124,4,0.42898555884657197,1.7159422353862879,0.0,0.0,0.0,0.0,62.64652226730131,15.44766503103584,True,False,True,False,False,6.6912568044725695
2025-08-27 17:00:00+00:00,165.665,165.665,165.55,165.585,0.0,152.55868859114904,158.26329618198443,160.3038884013456,161.9116183442743,162.23181329423264,161.3815127175368,,,162.11831763725175,"rgba(38, 166, 154, 1.0)",1.98158364868915,162.11831763725175,1.7494504282176155,4,0.4282930341584193,1.7131721366336772,0.0,0.0,0.0,0.0,60.40777982050241,13.70108496496293,True,False,True,False,False,6.442613959477601
2025-08-27 18:00:00+00:00,165.585,165.84,165.545,165.785,0.0,152.55868859114904,158.26329618198443,160.3038884013456,161.9116183442743,162.23181329423264,161.3815127175368,,,162.11831763725175,"rgba(38, 166, 154, 1.0)",1.9974092837579067,162.11831763725175,1.8357190950118076,4,0.426331704786417,1.705326819145668,0.0,0.0,0.0,0.0,59.762700007758895,13.026616973116958,True,False,True,False,False,6.970827475903928
2025-08-27 19:00:00+00:00,165.785,165.785,165.62,165.63,2.0,152.5650775099424,158.26837845556315,160.30860075990063,161.91573497267765,162.2385382113821,161.3987,,,162.12462802835853,"rgba(38, 166, 154, 1.0)",2.0097220349225084,162.12462802835853,1.7442073633713369,4,0.42428903420168596,1.6971561368067438,0.0,0.0,0.0,0.0,58.399283656645224,11.650177143874764,True,False,True,False,False,6.47440426402612
2025-08-28 14:00:00+00:00,166.04,166.15,165.6,165.6,0.0,152.5650775099424,158.26837845556315,160.30860075990063,161.91573497267765,162.2385382113821,161.3987,,,162.12462802835853,"rgba(38, 166, 154, 1.0)",2.021225339705909,162.12462802835853,1.7194381563349765,4,0.4216722230020341,1.6866888920081364,0.0,0.0,0.0,0.0,57.29883617862771,10.521403648167563,True,False,True,False,False,6.37707166962889
2025-08-28 15:00:00+00:00,165.6,166.435,165.6,166.435,0.0,152.5650775099424,158.26837845556315,160.30860075990063,161.91573497267765,162.2385382113821,161.3987,,,162.12462802835853,"rgba(38, 166, 154, 1.0)",2.0462604322891362,162.12462802835853,2.1064630403958367,4,0.41671978331402193,1.6668791332560877,0.0,0.0,0.0,0.0,60.22046123017736,10.521403648167563,True,False,True,False,True,8.629000238880238
2025-08-28 16:00:00+00:00,166.425,166.46,166.14,166.14,0.0,152.5650775099424,158.26837845556315,160.30860075990063,161.91573497267765,162.2385382113821,161.3987,,,162.12462802835853,"rgba(38, 166, 154, 1.0)",2.066882639832794,162.12462802835853,1.9427189015271285,4,0.41290135239776204,1.6516054095910482,0.0,0.0,0.0,0.0,60.21984567526066,10.521403648167563,True,False,True,False,True,7.651213677469791
2025-08-28 17:00:00+00:00,166.14,166.265,165.97,166.265,0.0,152.5650775099424,158.26837845556315,160.30860075990063,161.91573497267765,162.2385382113821,161.3987,,,162.12462802835853,"rgba(38, 166, 154, 1.0)",2.083658894200944,162.12462802835853,1.987068028823996,4,0.4088561344850866,1.6354245379403465,0.0,0.0,0.0,0.0,60.75607980444366,7.536285632331193,True,False,True,False,True,7.989971151119331
2025-08-28 18:00:00+00:00,166.265,166.69,166.265,166.69,0.0,152.5650775099424,158.26837845556315,160.30860075990063,161.91573497267765,162.2385382113821,161.3987,,,162.12462802835853,"rgba(38, 166, 154, 1.0)",2.1025437896468855,162.12462802835853,2.171356427448394,4,0.4052433442238669,1.6209733768954675,1.0,0.0,166.69,763.0,62.81914752215347,9.589769226575719,True,False,True,False,True,9.139284360862781
2025-08-28 19:00:00+00:00,166.69,166.69,166.355,166.355,0.0,152.5650775099424,158.26837845556315,160.30860075990063,161.91573497267765,162.2385382113821,161.3987,,,162.12462802835853,"rgba(38, 166, 154, 1.0)",2.113986492834611,162.12462802835853,2.0011348161307416,4,0.40160448588101977,1.606417943524079,0.0,0.0,0.0,0.0,61.82379239400574,9.589769226575719,True,False,True,False,True,7.994359534696816
2025-08-29 14:00:00+00:00,166.355,166.355,163.05,163.05,0.0,152.5650775099424,158.26837845556315,160.30860075990063,161.91573497267765,162.2385382113821,161.3987,,,162.12462802835853,"rgba(239, 83, 80, 1.0)",2.1011760434959013,162.12462802835853,0.44040668296496654,4,0.4018263727543815,1.607305491017526,0.0,0.0,0.0,0.0,50.36828616615004,4.576430704705373,False,True,False,False,False,0.0
2025-08-29 15:00:00+00:00,162.97,163.79,162.97,163.475,0.0,152.5650775099424,158.26837845556315,160.30860075990063,161.91573497267765,162.2385382113821,161.3987,,,162.12462802835853,"rgba(239, 83, 80, 1.0)",2.0844226521481066,162.12462802835853,0.6478398084236112,4,0.4025419311006418,1.6101677244025672,0.0,0.0,0.0,0.0,44.4867399147199,-0.24383260842436982,False,True,False,True,False,0.0
2025-08-29 16:00:00+00:00,163.53,163.93,163.51,163.865,0.0,152.5650775099424,158.26837845556315,160.30860075990063,161.91573497267765,162.2385382113821,161.3987,,,162.12462802835853,"rgba(239, 83, 80, 1.0)",2.061550741421332,162.12462802835853,0.8442052561081198,4,0.40297173321768065,1.6118869328707226,0.0,0.0,0.0,0.0,42.12921923564679,-1.8971572381521398,False,True,False,True,False,0.28232917998326457
2025-08-29 17:00:00+00:00,163.865,163.885,163.495,163.83,0.0,152.5650775099424,158.26837845556315,160.30860075990063,161.91573497267765,162.2385382113821,161.3987,,,162.12462802835853,"rgba(239, 83, 80, 1.0)",2.037844232789281,162.12462802835853,0.8368509939090245,4,0.40355092646591684,1.6142037058636673,0.0,0.0,0.0,0.0,40.47036535717832,-3.1783851982407825,False,True,False,True,False,0.1834355602735016
2025-08-29 18:00:00+00:00,163.83,163.83,163.39,163.39,0.0,152.5650775099424,158.26837845556315,160.30860075990063,161.91573497267765,162.2385382113821,161.3987,,,162.12462802835853,"rgba(239, 83, 80, 1.0)",2.0379297214440366,162.12462802835853,0.6209105045805209,4,0.4035919536141782,1.6143678144567128,0.0,0.0,0.0,0.0,38.2503379058671,-5.188779294441034,False,True,False,True,False,0.0
2025-08-29 19:00:00+00:00,163.39,163.97,163.285,163.97,0.0,152.5650775099424,158.26837845556315,160.30860075990063,161.91573497267765,162.2385382113821,161.3987,,,162.12462802835853,"rgba(239, 83, 80, 1.0)",2.0384838320008196,162.12462802835853,0.9052669158676593,4,0.4036252823720764,1.6145011294883056,0.0,0.0,0.0,0.0,39.367336371125724,-5.188779294441034,False,True,False,True,False,0.5960156464818205
2025-09-01 14:00:00+00:00,163.97,163.97,163.97,163.97,0.0,152.5650775099424,158.26837845556315,160.30860075990063,161.91573497267765,162.2385382113821,161.3987,,,162.12462802835853,"rgba(239, 83, 80, 1.0)",2.0356165964943767,162.12462802835853,0.9065420152397384,4,0.40363992534538284,1.6145597013815314,0.0,0.0,0.0,0.0,40.11200201463148,-5.188779294441034,False,True,False,True,False,0.5960156464817992
2025-09-01 15:00:00+00:00,163.97,163.97,163.97,163.97,0.0,152.5650775099424,158.26837845556315,160.30860075990063,161.91573497267765,162.2385382113821,161.3987,,,162.12462802835853,"rgba(239, 83, 80, 1.0)",2.032362380788002,162.12462802835853,0.9079935690041502,4,0.4036358372648615,1.614543349059446,0.0,0.0,0.0,0.0,40.60844577696865,-5.188779294441034,False,True,False,True,False,0.5960156464817992
2025-09-01 16:00:00+00:00,163.97,163.97,163.97,163.97,0.0,152.5650775099424,158.26837845556315,160.30860075990063,161.91573497267765,162.2385382113821,161.3987,,,162.12462802835853,"rgba(239, 83, 80, 1.0)",2.024960420032487,162.12462802835853,0.911312613019796,4,0.4036424966088075,1.61456998643523,0.0,0.0,0.0,0.0,40.93940828519343,-5.188779294441034,False,True,False,True,True,0.5960156464817992
2025-09-01 17:00:00+00:00,163.97,163.97,163.97,163.97,0.0,152.5650775099424,158.26837845556315,160.30860075990063,161.91573497267765,162.2385382113821,161.3987,,,162.12462802835853,"rgba(239, 83, 80, 1.0)",2.0208540741935432,162.12462802835853,0.9131643868832524,4,0.4036482883795332,1.6145931535181328,0.0,0.0,0.0,0.0,41.16004995734328,-5.188779294441034,False,True,False,True,True,0.5960156464817992
2025-09-01 18:00:00+00:00,163.97,163.97,163.97,163.97,0.0,152.5650775099424,158.26837845556315,160.30860075990063,161.91573497267765,162.2385382113821,161.3987,,,162.12462802835853,"rgba(239, 83, 80, 1.0)",2.0193592329516727,162.12462802835853,0.9138403616003042,4,0.40474775122218093,1.6189910048887237,0.0,0.0,0.0,0.0,41.30714440544318,-5.188779294441034,False,True,False,True,True,0.5960156464817992
2025-09-01 19:00:00+00:00,163.97,163.97,163.97,163.97,0.0,152.5650775099424,158.26837845556315,160.30860075990063,161.91573497267765,162.2385382113821,161.3987,,,162.12462802835853,"rgba(239, 83, 80, 1.0)",2.0198481300493665,162.12462802835853,0.9136191697721192,4,0.4052736042320966,1.6210944169283863,0.0,0.0,0.0,0.0,41.405207370843115,-5.188779294441034,False,True,False,True,True,0.5960156464817992
2025-09-02 14:00:00+00:00,162.255,162.41,162.06,162.22,0.0,152.5650775099424,158.26837845556315,160.30860075990063,161.91573497267765,162.2385382113821,161.3987,,,162.12462802835853,"rgba(239, 83, 80, 1.0)",2.0250186474494494,162.12462802835853,0.04709683624967724,4,0.40388076530628797,1.6155230612251519,0.0,0.0,0.0,0.0,35.26487331840776,-10.455540583937186,False,True,False,True,False,0.0
2025-09-02 15:00:00+00:00,162.22,162.47,161.47,161.47,0.0,152.5650775099424,158.26837845556315,160.30860075990063,161.91573497267765,162.2385382113821,161.3987,,,162.12462802835853,"rgba(239, 83, 80, 1.0)",2.0383459665313888,162.12462802835853,-0.3211564862428616,4,0.40098505732278966,1.6039402292911586,0.0,0.0,0.0,0.0,29.81162778867552,-15.448464891101892,False,True,False,True,False,0.0
2025-09-02 16:00:00+00:00,161.47,161.8,161.28,161.8,0.0,152.5650775099424,158.26837845556315,160.30860075990063,161.91573497267765,162.2385382113821,161.3987,,,162.12462802835853,"rgba(239, 83, 80, 1.0)",2.04733979232094,162.12462802835853,-0.1585608942766201,5,0.38875848739902646,1.9437924369951323,0.0,0.0,0.0,0.0,28.359062676647724,-16.650764202292592,False,True,False,True,False,0.0
2025-09-02 17:00:00+00:00,161.8,162.77,161.8,162.77,0.0,152.5650775099424,158.26837845556315,160.30860075990063,161.91573497267765,162.2385382113821,161.3987,,,162.12462802835853,"rgba(239, 83, 80, 1.0)",2.038620574516591,162.12462802835853,0.3165728727105166,5,0.38855839493199223,1.9427919746599611,0.0,0.0,0.0,0.0,32.62778912544009,-16.650764202292592,False,True,False,True,True,0.0
2025-09-02 18:00:00+00:00,162.85,163.15,162.6,162.975,11.0,152.5927064108791,158.2858040286787,160.32107766143105,161.92166576136162,162.2456499356499,161.43119699934766,,,162.31624465732347,"rgba(38, 166, 154, 1.0)",2.0353797529537925,162.31624465732347,0.32365230209277973,6,0.380518735606346,2.2831124136380763,0.0,0.0,0.0,0.0,36.409443990004576,-19.379185024785315,False,True,False,True,True,0.0
2025-09-02 19:00:00+00:00,162.975,163.41,162.975,163.41,0.0,152.5927064108791,158.2858040286787,160.32107766143105,161.92166576136162,162.2456499356499,161.43119699934766,,,162.31624465732347,"rgba(38, 166, 154, 1.0)",2.034116475975094,162.31624465732347,0.537705365250639,6,0.38057868016124635,2.2834720809674782,0.0,0.0,0.0,0.0,40.84040947798576,-15.42282376415153,False,True,False,True,True,0.0
2025-09-03 14:00:00+00:00,164.005,164.005,163.365,164.0,0.0,152.5927064108791,158.2858040286787,160.32107766143105,161.92166576136162,162.2456499356499,161.43119699934766,,,162.31624465732347,"rgba(38, 166, 154, 1.0)",2.0318550127379345,162.31624465732347,0.8286788831490813,6,0.38075918108353485,2.284555086501209,0.0,0.0,0.0,0.0,46.057427904482935,-10.780724556120916,False,True,False,True,True,1.0897541498170469
2025-09-03 15:00:00+00:00,164.0,164.0,162.91,162.91,0.0,152.5927064108791,158.2858040286787,160.32107766143105,161.92166576136162,162.2456499356499,161.43119699934766,,,162.31624465732347,"rgba(38, 166, 154, 1.0)",2.029143315438825,162.31624465732347,0.29261380315471913,6,0.3806961059921589,2.2841766359529534,0.0,0.0,0.0,0.0,45.41008051898747,-10.780724556120916,False,True,False,True,True,0.0
2025-09-03 16:00:00+00:00,162.91,162.91,162.18,162.18,0.0,152.5927064108791,158.2858040286787,160.32107766143105,161.92166576136162,162.2456499356499,161.43119699934766,,,162.31624465732347,"rgba(239, 83, 80, 1.0)",2.029988345946882,162.31624465732347,-0.06711598004761368,6,0.37971940246269914,2.278316414776195,0.0,0.0,0.0,0.0,42.89513495054783,-10.780724556120916,False,True,False,True,False,0.0
2025-09-03 17:00:00+00:00,162.18,162.33,161.74,161.77,0.0,152.5927064108791,158.2858040286787,160.32107766143105,161.92166576136162,162.2456499356499,161.43119699934766,,,162.31624465732347,"rgba(239, 83, 80, 1.0)",2.038505065212345,162.31624465732347,-0.2679633554241648,6,0.3778486926483216,2.2670921558899297,0.0,0.0,0.0,0.0,40.181458217792084,-10.780724556120916,False,True,False,True,False,0.0
2025-09-03 18:00:00+00:00,161.77,161.815,161.565,161.565,0.0,152.5927064108791,158.2858040286787,160.32107766143105,161.92166576136162,162.2456499356499,161.43119699934766,,,162.31624465732347,"rgba(239, 83, 80, 1.0)",2.0490430154769275,162.31624465732347,-0.36663196021222205,6,0.3765408584284576,2.2592451505707456,0.0,0.0,0.0,0.0,37.86058280191644,-5.062503921382692,False,True,False,True,False,0.0
2025-09-03 19:00:00+00:00,161.565,161.98,161.48,161.98,12.0,152.61949757869252,158.30019721183268,160.32884982638888,161.92096420219468,162.24069974554706,161.43996494582535,,,162.15558824705528,"rgba(239, 83, 80, 1.0)",2.055320139021993,162.15558824705528,-0.0854310935418751,6,0.3770506982571104,2.2623041895426623,0.0,0.0,0.0,0.0,38.34815661599298,-5.062503921382692,False,True,False,True,False,0.0
2025-09-04 14:00:00+00:00,161.98,163.59,161.98,163.025,0.0,152.61949757869252,158.30019721183268,160.32884982638888,161.92096420219468,162.24069974554706,161.43996494582535,,,162.15558824705528,"rgba(239, 83, 80, 1.0)",2.054359760855565,162.15558824705528,0.4232032624035872,6,0.3790374509225954,2.2742247055355724,0.0,0.0,0.0,0.0,42.83333905898935,-5.062503921382692,False,True,False,True,True,0.0
2025-09-04 15:00:00+00:00,163.025,163.425,163.0,163.215,5.0,152.6323075372834,158.30853586784337,160.33509600115488,161.92444205238613,162.24531813865147,161.4567582070707,,,162.20808304886944,"rgba(239, 83, 80, 1.0)",2.054481780737638,162.20808304886944,0.4901075106000897,7,0.393065332264564,2.7514573258519484,0.0,0.0,0.0,0.0,46.47208161330842,-10.464302366709411,False,False,False,True,True,0.0
2025-09-04 16:00:00+00:00,163.215,163.215,163.025,163.025,0.0,152.6323075372834,158.30853586784337,160.33509600115488,161.92444205238613,162.24531813865147,161.4567582070707,,,162.20808304886944,"rgba(239, 83, 80, 1.0)",2.0548600092593095,162.20808304886944,0.39755357905136784,7,0.3962497014657781,2.7737479102604468,0.0,0.0,0.0,0.0,48.119490303483545,-8.767575746521707,False,False,False,False,True,0.0
2025-09-04 17:00:00+00:00,163.025,163.505,163.025,163.505,0.0,152.6323075372834,158.30853586784337,160.33509600115488,161.92444205238613,162.24531813865147,161.4567582070707,,,162.20808304886944,"rgba(239, 83, 80, 1.0)",2.05198058575607,162.20808304886944,0.6320317843809887,7,0.40079636689030373,2.8055745682321263,0.0,0.0,0.0,0.0,50.99776951186914,-5.870078341766408,False,False,True,False,True,0.1106980410911973
2025-09-04 18:00:00+00:00,163.505,163.505,163.24,163.24,50.0,152.760097570689,158.392310858923,160.3985389289247,161.96123165618454,162.29441220912662,161.61865916955017,,,162.39201295669915,"rgba(239, 83, 80, 1.0)",2.049199311881426,162.39201295669915,0.41381384347738304,7,0.4055771749902585,2.83904022493181,0.0,0.0,0.0,0.0,51.70772111778568,-4.944108336619486,True,False,True,False,True,0.0
2025-09-04 19:00:00+00:00,163.24,163.945,163.24,163.945,0.0,152.760097570689,158.392310858923,160.3985389289247,161.96123165618454,162.29441220912662,161.61865916955017,,,162.39201295669915,"rgba(38, 166, 154, 1.0)",2.029285504223866,162.39201295669915,0.7652876049567068,7,0.40543593131927597,2.8380515192349316,0.0,0.0,0.0,0.0,54.6894433328851,-1.8562333893463645,True,False,True,False,True,1.430294548127094
2025-09-05 14:00:00+00:00,163.01,163.01,161.955,161.955,0.0,152.760097570689,158.392310858923,160.3985389289247,161.96123165618454,162.29441220912662,161.61865916955017,,,162.39201295669915,"rgba(38, 166, 154, 1.0)",2.013161195730594,162.39201295669915,-0.21707797548747174,7,0.40412881168859915,2.828901681820194,0.0,0.0,0.0,0.0,49.8503382406231,-1.8562333893463645,True,False,False,False,False,0.0
2025-09-05 15:00:00+00:00,161.955,161.955,160.345,161.545,0.0,152.760097570689,158.392310858923,160.3985389289247,161.96123165618454,162.29441220912662,161.61865916955017,,,162.39201295669915,"rgba(239, 83, 80, 1.0)",2.003913643819843,162.39201295669915,-0.4226793700973019,8,0.38222284583830457,3.0577827667064366,0.0,0.0,0.0,0.0,45.65229292070734,2.602580212834347,False,False,False,True,False,0.0
2025-09-05 16:00:00+00:00,161.545,161.895,161.455,161.895,0.0,152.760097570689,158.392310858923,160.3985389289247,161.96123165618454,162.29441220912662,161.61865916955017,,,162.39201295669915,"rgba(239, 83, 80, 1.0)",1.9892618215282796,162.39201295669915,-0.24984793420370374,8,0.38186330735994817,3.0549064588795853,0.0,0.0,0.0,0.0,44.216522012694554,1.1926724259536243,False,False,False,True,False,0.0
2025-09-05 17:00:00+00:00,161.895,162.175,161.895,162.09,0.0,152.760097570689,158.392310858923,160.3985389289247,161.96123165618454,162.29441220912662,161.61865916955017,,,162.39201295669915,"rgba(239, 83, 80, 1.0)",1.8978766893355576,162.39201295669915,-0.159132022852801,8,0.3826971445804231,3.0615771566433847,0.0,0.0,0.0,0.0,44.026596123114984,0.7592455063261596,False,False,False,True,False,0.0
2025-09-05 18:00:00+00:00,162.225,163.02,162.21,163.02,0.0,152.760097570689,158.392310858923,160.3985389289247,161.96123165618454,162.29441220912662,161.61865916955017,,,162.39201295669915,"rgba(239, 83, 80, 1.0)",1.8288698277466793,162.39201295669915,0.343374380053388,8,0.38376726902553804,3.0701381522043043,0.0,0.0,0.0,0.0,47.16714562575528,0.7592455063261596,False,False,False,True,False,0.0
2025-09-05 19:00:00+00:00,163.02,163.64,163.02,163.615,3.0,152.76773718560972,158.3973452261865,160.4023828676263,161.96352956567247,162.29747890295357,161.62798623063682,163.42499999999998,,162.47171731150388,"rgba(38, 166, 154, 1.0)",1.7662571767468305,162.47171731150388,0.6472911779483193,9,0.37977031455014243,3.417932830951282,0.0,0.0,0.0,0.0,50.98727973722512,-5.680330386932489,True,False,False,False,True,0.7692970971656976
2025-09-08 14:00:00+00:00,163.615,163.615,163.615,163.615,0.0,152.76773718560972,158.3973452261865,160.4023828676263,161.96352956567247,162.29747890295357,161.62798623063682,163.42499999999998,,162.47171731150388,"rgba(38, 166, 154, 1.0)",1.708866847035228,162.47171731150388,0.6690297084759116,9,0.3798336423505291,3.4185027811547615,0.0,0.0,0.0,0.0,53.53403581153836,-3.1510190672388276,True,False,True,False,True,0.7692970971656976
2025-09-08 15:00:00+00:00,163.615,164.195,163.615,164.135,0.0,152.76773718560972,158.3973452261865,160.4023828676263,161.96352956567247,162.29747890295357,161.62798623063682,163.42499999999998,,162.47171731150388,"rgba(38, 166, 154, 1.0)",1.6407678025781542,162.47171731150388,1.013722164636933,9,0.3796036335714485,3.4164327021430365,0.0,0.0,0.0,0.0,56.74304095962056,-0.006676881770289356,True,False,True,False,True,2.252955364024107
2025-09-08 16:00:00+00:00,164.135,164.135,163.375,163.465,0.0,152.76773718560972,158.3973452261865,160.4023828676263,161.96352956567247,162.29747890295357,161.62798623063682,163.42499999999998,,162.47171731150388,"rgba(38, 166, 154, 1.0)",1.6004621151333485,162.47171731150388,0.6206224309241859,9,0.37967093888831144,3.417038449994803,0.0,0.0,0.0,0.0,55.99666505629506,-0.006676881770289356,True,False,True,False,True,0.27486700095265704
2025-09-08 17:00:00+00:00,163.465,163.645,163.255,163.255,0.0,152.76773718560972,158.3973452261865,160.4023828676263,161.96352956567247,162.29747890295357,161.62798623063682,163.42499999999998,,162.47171731150388,"rgba(38, 166, 154, 1.0)",1.5726469252017303,162.47171731150388,0.49806646103710783,9,0.3797192954839901,3.4174736593559105,0.0,0.0,0.0,0.0,54.66149363292676,-0.006676881770289356,True,False,True,False,True,0.0
2025-09-08 18:00:00+00:00,163.255,163.795,163.255,163.735,0.0,152.76773718560972,158.3973452261865,160.4023828676263,161.96352956567247,162.29747890295357,161.62798623063682,163.42499999999998,,162.47171731150388,"rgba(38, 166, 154, 1.0)",1.5318499003205857,162.47171731150388,0.8246778540324045,8,0.3717827903480905,2.974262322784724,0.0,0.0,0.0,0.0,55.46744715206808,-0.006676881770289356,True,False,True,False,True,1.0641634395209785
2025-09-08 19:00:00+00:00,163.735,163.845,163.34,163.83,20.0,152.81956194550065,158.43228607706746,160.42983277357965,161.9812213015709,162.32188721136765,161.69599556295063,163.6394927536232,,162.61084475186692,"rgba(38, 166, 154, 1.0)",1.491004416883534,162.61084475186692,0.817673800511835,8,0.372176509639999,2.977412077119992,0.0,0.0,0.0,0.0,56.33458208223763,0.6485183194126591,True,False,True,False,True,1.3407527813522897
2025-09-09 14:00:00+00:00,162.985,162.985,161.83,161.83,0.0,152.81956194550065,158.43228607706746,160.42983277357965,161.9812213015709,162.32188721136765,161.69599556295063,163.6394927536232,,162.61084475186692,"rgba(38, 166, 154, 1.0)",1.4737172709138004,162.61084475186692,-0.5298470522658216,7,0.3982686847815691,2.787880793470984,0.0,0.0,0.0,0.0,50.076472454684136,5.9303190973395274,True,False,False,False,False,0.0
2025-09-09 15:00:00+00:00,161.83,161.915,161.415,161.63,0.0,152.81956194550065,158.43228607706746,160.42983277357965,161.9812213015709,162.32188721136765,161.69599556295063,163.6394927536232,,162.61084475186692,"rgba(239, 83, 80, 1.0)",1.4668482115306611,162.61084475186692,-0.6686750163763778,8,0.4006137364350327,3.2049098914802614,0.0,0.0,0.0,0.0,45.425955569104794,1.6180810777033727,False,False,False,True,False,0.0
2025-09-09 16:00:00+00:00,161.63,162.22,161.63,162.065,0.0,152.81956194550065,158.43228607706746,160.42983277357965,161.9812213015709,162.32188721136765,161.69599556295063,163.6394927536232,,162.61084475186692,"rgba(239, 83, 80, 1.0)",1.45302854581387,162.61084475186692,-0.3756600332729077,8,0.40015404268393623,3.20123234147149,0.0,0.0,0.0,0.0,44.146254090474855,0.4351632007961257,False,False,False,True,False,0.0
2025-09-09 17:00:00+00:00,162.06,162.43,162.015,162.43,0.0,152.81956194550065,158.43228607706746,160.42983277357965,161.9812213015709,162.32188721136765,161.69599556295063,163.6394927536232,,162.61084475186692,"rgba(239, 83, 80, 1.0)",1.4583366805607405,162.61084475186692,-0.12400754522431542,8,0.4003275891966053,3.2026207135728426,0.0,0.0,0.0,0.0,44.74739870543122,0.4351632007961257,False,False,False,True,False,0.0
2025-09-09 18:00:00+00:00,162.43,162.775,162.395,162.77,0.0,152.81956194550065,158.43228607706746,160.42983277357965,161.9812213015709,162.32188721136765,161.69599556295063,163.6394927536232,,162.61084475186692,"rgba(239, 83, 80, 1.0)",1.4582039674907907,162.61084475186692,0.10914470930082316,7,0.4310160807245699,3.0171125650719897,0.0,0.0,0.0,0.0,46.45597655229291,0.4351632007961257,False,False,False,True,False,0.0
2025-09-09 19:00:00+00:00,162.77,162.89,162.64,162.89,0.0,152.81956194550065,158.43228607706746,160.42983277357965,161.9812213015709,162.32188721136765,161.69599556295063,163.6394927536232,,162.61084475186692,"rgba(239, 83, 80, 1.0)",1.4584350121550773,162.61084475186692,0.19140739615169258,7,0.4310745181599596,3.0175216271197174,0.0,0.0,0.0,0.0,48.06312259463539,0.4351632007961257,True,False,False,False,True,0.0
2025-09-10 14:00:00+00:00,162.89,166.075,162.89,165.53,0.0,152.81956194550065,158.43228607706746,160.42983277357965,161.9812213015709,162.32188721136765,161.69599556295063,163.6394927536232,,162.61084475186692,"rgba(38, 166, 154, 1.0)",1.4689066473856747,162.61084475186692,1.987298003810197,7,0.4280784010582678,2.9965488074078745,0.0,0.0,0.0,0.0,55.7845088456958,-0.4594776212331837,True,False,True,False,True,6.119574250835168
2025-09-10 15:00:00+00:00,165.53,165.53,164.845,165.095,0.0,152.81956194550065,158.43228607706746,160.42983277357965,161.9812213015709,162.32188721136765,161.69599556295063,163.6394927536232,,162.61084475186692,"rgba(38, 166, 154, 1.0)",1.4753119993718495,162.61084475186692,1.6838168802197557,7,0.4263892374277016,2.984724661993911,0.0,0.0,0.0,0.0,59.25715554789754,2.644510200207492,True,False,True,False,True,4.845933109868728
2025-09-10 16:00:00+00:00,165.095,165.095,164.505,164.855,0.0,152.81956194550065,158.43228607706746,160.42983277357965,161.9812213015709,162.32188721136765,161.69599556295063,163.6394927536232,,162.61084475186692,"rgba(38, 166, 154, 1.0)",1.4792626846118804,162.61084475186692,1.5170769001868496,7,0.42502440504177436,2.9751708352924204,0.0,0.0,0.0,0.0,60.646510329389926,3.923493633771159,True,False,True,False,True,4.146335787119298
2025-09-10 17:00:00+00:00,164.855,165.145,164.46,164.46,0.0,152.81956194550065,158.43228607706746,160.42983277357965,161.9812213015709,162.32188721136765,161.69599556295063,163.6394927536232,,162.61084475186692,"rgba(38, 166, 154, 1.0)",1.4752014002048113,162.61084475186692,1.2534934198654892,7,0.42433799308757447,2.9703659516130214,0.0,0.0,0.0,0.0,60.04894211619243,3.923493633771159,True,False,True,False,True,2.998599998353761
2025-09-10 18:00:00+00:00,164.46,164.46,163.96,164.13,0.0,152.81956194550065,158.43228607706746,160.42983277357965,161.9812213015709,162.32188721136765,161.69599556295063,163.6394927536232,,162.61084475186692,"rgba(38, 166, 154, 1.0)",1.4727230463214198,162.61084475186692,1.0315281287460216,7,0.42448832026737415,2.971418241871619,0.0,0.0,0.0,0.0,58.405919931549164,3.923493633771159,True,False,True,False,True,2.046126959146722
2025-09-10 19:00:00+00:00,164.32,164.88,164.025,164.845,7.0,152.83909845788853,158.44651520158624,160.44200293009627,161.9906200550396,162.33585907619886,161.72923793859647,163.8597222222222,,162.78365369526819,"rgba(38, 166, 154, 1.0)",1.4727655177472556,162.78365369526819,1.3996432425202703,7,0.4237376683355287,2.966163678348701,0.0,0.0,0.0,0.0,59.3142156598543,3.923493633771159,True,False,True,False,True,3.9639593834993363
2025-09-11 14:00:00+00:00,164.845,164.845,164.845,164.845,0.0,152.83909845788853,158.44651520158624,160.44200293009627,161.9906200550396,162.33585907619886,161.72923793859647,163.8597222222222,,162.78365369526819,"rgba(38, 166, 154, 1.0)",1.4765006048190763,162.78365369526819,1.396102580658544,6,0.3610201452481576,2.1661208714889457,0.0,0.0,0.0,0.0,59.91974614539106,4.174611868291265,True,False,True,False,True,3.9639593834993363
2025-09-11 15:00:00+00:00,167.705,168.17,167.705,167.995,0.0,152.83909845788853,158.44651520158624,160.44200293009627,161.9906200550396,162.33585907619886,161.72923793859647,163.8597222222222,,162.78365369526819,"rgba(38, 166, 154, 1.0)",1.5477498139174521,162.78365369526819,3.3670469593154553,6,0.3543511815323938,2.1261070891943628,0.0,0.0,0.0,0.0,65.86256078983185,9.987466599591663,True,False,True,False,True,11.608410470308943
2025-09-11 16:00:00+00:00,167.995,168.385,167.995,168.105,0.0,152.83909845788853,158.44651520158624,160.44200293009627,161.9906200550396,162.33585907619886,161.72923793859647,163.8597222222222,,162.78365369526819,"rgba(38, 166, 154, 1.0)",1.6196594153144026,162.78365369526819,3.285472398960397,6,0.34775243297354486,2.086514597841269,0.0,0.0,0.0,0.0,69.9469558829365,13.815251606585612,True,False,True,False,True,11.85056527047076
2025-09-11 17:00:00+00:00,168.105,168.385,167.785,167.79,0.0,152.83909845788853,158.44651520158624,160.44200293009627,161.9906200550396,162.33585907619886,161.72923793859647,163.8597222222222,,162.78365369526819,"rgba(38, 166, 154, 1.0)",1.6568161831838246,162.78365369526819,3.021666709647506,6,0.3433266789120399,2.059960073472239,0.0,0.0,0.0,0.0,71.35427000156017,15.162872029290085,True,False,True,False,True,10.891816060847301
2025-09-11 18:00:00+00:00,167.79,168.005,167.06,167.06,0.0,152.83909845788853,158.44651520158624,160.44200293009627,161.9906200550396,162.33585907619886,161.72923793859647,163.8597222222222,,162.78365369526819,"rgba(38, 166, 154, 1.0)",1.6832961738814542,162.78365369526819,2.5404598258375044,6,0.35235975189195723,2.1141585113517434,0.0,0.0,0.0,0.0,69.41484704606461,15.162872029290085,True,False,True,False,True,8.706678856787342
2025-09-11 19:00:00+00:00,167.06,167.885,167.06,167.815,0.0,152.83909845788853,158.44651520158624,160.44200293009627,161.9906200550396,162.33585907619886,161.72923793859647,163.8597222222222,,162.78365369526819,"rgba(38, 166, 154, 1.0)",1.7270611996632594,162.78365369526819,2.9132414680573095,6,0.3548983747972277,2.1293902487833662,0.0,0.0,0.0,0.0,69.4921358156623,15.162872029290085,True,False,True,False,True,10.440036648343135
2025-09-12 14:00:00+00:00,167.815,167.815,167.03,167.595,0.0,152.83909845788853,158.44651520158624,160.44200293009627,161.9906200550396,162.33585907619886,161.72923793859647,163.8597222222222,,162.78365369526819,"rgba(38, 166, 154, 1.0)",1.7629664215742995,162.78365369526819,2.729119650750558,6,0.3573557705978294,2.1441346235869765,0.0,0.0,0.0,0.0,68.67008388712472,15.162872029290085,True,False,True,False,False,9.780914070481636
2025-09-12 15:00:00+00:00,167.595,167.76,167.38,167.38,0.0,152.83909845788853,158.44651520158624,160.44200293009627,161.9906200550396,162.33585907619886,161.72923793859647,163.8597222222222,,162.78365369526819,"rgba(38, 166, 154, 1.0)",1.7924164900682935,162.78365369526819,2.5643294012301143,6,0.3600191967150745,2.160115180290447,0.0,0.0,0.0,0.0,67.23446997105776,15.162872029290085,True,False,True,False,False,9.133675591806362
2025-09-12 16:00:00+00:00,167.38,167.39,167.175,167.39,100.0,153.17465430668216,158.73032256344635,160.71827172894066,162.25203876349366,162.73995268991618,162.51865819209036,166.5201923076923,,164.05796940551053,"rgba(38, 166, 154, 1.0)",1.816331876745364,164.05796940551053,1.8344833546939827,6,0.36436704005340353,2.186202240320421,0.0,0.0,0.0,0.0,66.30203593849095,15.162872029290085,True,False,True,False,False,9.157532150588597
2025-09-12 17:00:00+00:00,167.39,167.95,167.37,167.95,0.0,153.17465430668216,158.73032256344635,160.71827172894066,162.25203876349366,162.73995268991618,162.51865819209036,166.5201923076923,,164.05796940551053,"rgba(38, 166, 154, 1.0)",1.855261388541961,164.05796940551053,2.097834094174826,6,0.3627968612580222,2.1767811675481332,0.0,0.0,0.0,0.0,67.05056934611983,15.162872029290085,True,False,True,False,False,10.492637711862432
2025-09-12 18:00:00+00:00,167.955,168.415,167.945,168.385,0.0,153.17465430668216,158.73032256344635,160.71827172894066,162.25203876349366,162.73995268991618,162.51865819209036,166.5201923076923,,164.05796940551053,"rgba(38, 166, 154, 1.0)",1.903448920456651,164.05796940551053,2.273258056986038,6,0.3581697974106039,2.1490187844636233,0.0,0.0,0.0,0.0,68.51140524012239,15.162872029290085,True,False,True,False,False,11.513034836234123
2025-09-12 19:00:00+00:00,168.385,168.385,167.53,167.59,0.0,153.17465430668216,158.73032256344635,160.71827172894066,162.25203876349366,162.73995268991618,162.51865819209036,166.5201923076923,,164.05796940551053,"rgba(38, 166, 154, 1.0)",1.9360692624965572,164.05796940551053,1.8243307008215832,6,0.3585661611982709,2.1513969671896254,0.0,0.0,0.0,0.0,65.70675511509123,15.162872029290085,True,False,True,False,False,9.034087909433715
2025-09-15 14:00:00+00:00,167.59,167.59,167.59,167.59,0.0,153.17465430668216,158.73032256344635,160.71827172894066,162.25203876349366,162.73995268991618,162.51865819209036,166.5201923076923,,164.05796940551053,"rgba(38, 166, 154, 1.0)",1.9685599575072774,164.05796940551053,1.7942204813319294,6,0.35914833452478145,2.1548900071486887,0.0,0.0,0.0,0.0,63.83698836507046,18.220835104486014,True,False,True,False,False,9.034087909433715
2025-09-15 15:00:00+00:00,169.52,169.82,169.095,169.18,0.0,153.17465430668216,158.73032256344635,160.71827172894066,162.25203876349366,162.73995268991618,162.51865819209036,166.5201923076923,,164.05796940551053,"rgba(38, 166, 154, 1.0)",2.0417791658641407,164.05796940551053,2.508611450309162,6,0.3532226461036602,2.119335876621961,0.0,0.0,0.0,0.0,66.40211188820638,18.220835104486014,True,False,True,False,True,12.7486877575814
2025-09-15 16:00:00+00:00,169.18,169.355,169.095,169.095,0.0,153.17465430668216,158.73032256344635,160.71827172894066,162.25203876349366,162.73995268991618,162.51865819209036,166.5201923076923,,164.05796940551053,"rgba(38, 166, 154, 1.0)",2.110220277984334,164.05796940551053,2.3869690984586676,6,0.3477705389870432,2.0866232339222592,0.0,0.0,0.0,0.0,67.70820821837233,18.220835104486014,True,False,True,False,True,12.479969722793285
2025-09-15 17:00:00+00:00,169.095,169.095,168.58,168.985,0.0,153.17465430668216,158.73032256344635,160.71827172894066,162.25203876349366,162.73995268991618,162.51865819209036,166.5201923076923,,164.05796940551053,"rgba(38, 166, 154, 1.0)",2.1725685902345857,164.05796940551053,2.2678366135991492,6,0.3433494337834511,2.060096602700707,0.0,0.0,0.0,0.0,68.01466674382243,18.220835104486014,True,False,True,False,True,12.12763148644099
2025-09-15 18:00:00+00:00,168.8,169.04,168.525,168.93,0.0,153.17465430668216,158.73032256344635,160.71827172894066,162.25203876349366,162.73995268991618,162.51865819209036,166.5201923076923,,164.05796940551053,"rgba(38, 166, 154, 1.0)",2.2227295977827466,164.05796940551053,2.191913312059866,6,0.33526695679011737,2.011601740740704,0.0,0.0,0.0,0.0,67.91334850294623,18.220835104486014,True,False,True,False,True,11.948958266606482
2025-09-15 19:00:00+00:00,168.93,169.19,168.93,169.08,0.0,153.17465430668216,158.73032256344635,160.71827172894066,162.25203876349366,162.73995268991618,162.51865819209036,166.5201923076923,,164.05796940551053,"rgba(38, 166, 154, 1.0)",2.2785263492702628,164.05796940551053,2.204069571588615,6,0.3273468834739476,1.9640813008436855,0.0,0.0,0.0,0.0,68.26962269724336,14.52597118406483,True,False,True,False,True,12.306747158690992
2025-09-16 14:00:00+00:00,169.08,169.08,169.08,169.08,0.0,153.17465430668216,158.73032256344635,160.71827172894066,162.25203876349366,162.73995268991618,162.51865819209036,166.5201923076923,,164.05796940551053,"rgba(38, 166, 154, 1.0)",2.331093197512705,164.05796940551053,2.154367144071299,6,0.3200360367657859,1.9202162205947153,0.0,0.0,0.0,0.0,68.50713882677478,15.075653604479115,True,False,True,False,True,12.306747158690992
2025-09-16 15:00:00+00:00,166.52,166.955,166.45,166.835,0.0,153.17465430668216,158.73032256344635,160.71827172894066,162.25203876349366,162.73995268991618,162.51865819209036,166.5201923076923,,164.05796940551053,"rgba(239, 83, 80, 1.0)",2.332988092862017,164.05796940551053,1.1903320908435173,6,0.31843502368620363,1.9106101421172217,0.0,0.0,0.0,0.0,58.841828232810954,12.902798679446136,False,False,True,False,False,5.2133515064557265
2025-09-16 16:00:00+00:00,166.81,166.875,166.335,166.79,0.0,153.17465430668216,158.73032256344635,160.71827172894066,162.25203876349366,162.73995268991618,162.51865819209036,166.5201923076923,,164.05796940551053,"rgba(239, 83, 80, 1.0)",2.3381762200549683,164.05796940551053,1.1684451201993795,6,0.31726074863616754,1.9035644918170052,0.0,0.0,0.0,0.0,52.27261504752397,7.230938538399734,False,True,False,False,False,5.080274806025045
2025-09-16 17:00:00+00:00,166.785,167.16,166.755,167.085,0.0,153.17465430668216,158.73032256344635,160.71827172894066,162.25203876349366,162.73995268991618,162.51865819209036,166.5201923076923,,164.05796940551053,"rgba(239, 83, 80, 1.0)",2.350423074815485,164.05796940551053,1.287866268385365,6,0.3156398022419508,1.8938388134517048,0.0,0.0,0.0,0.0,49.22703375264561,4.865888381688151,False,True,False,True,False,5.8477163666902285
2025-09-16 18:00:00+00:00,167.085,167.085,166.68,166.79,0.0,153.17465430668216,158.73032256344635,160.71827172894066,162.25203876349366,162.73995268991618,162.51865819209036,166.5201923076923,,164.05796940551053,"rgba(239, 83, 80, 1.0)",2.360740706786556,164.05796940551053,1.1572768608748663,6,0.31428175713977985,1.8856905428386792,0.0,0.0,0.0,0.0,46.20638622465444,2.357291349761134,False,True,False,True,False,4.952248087931839
2025-09-16 19:00:00+00:00,166.795,167.21,166.755,166.975,35.0,153.28573180076634,158.82166666666666,160.80510235076596,162.33186444766042,162.85698869610934,162.72881561238222,166.61772727272728,,164.43163837502536,"rgba(239, 83, 80, 1.0)",2.374713463984738,164.43163837502536,1.071018320124782,6,0.31270271380704545,1.8762162828422726,0.0,0.0,0.0,0.0,45.11681364258354,1.4583521383741171,False,True,False,True,False,5.4452322760392065
2025-09-17 14:00:00+00:00,166.975,166.975,166.975,166.975,0.0,153.28573180076634,158.82166666666666,160.80510235076596,162.33186444766042,162.85698869610934,162.72881561238222,166.61772727272728,,164.43163837502536,"rgba(239, 83, 80, 1.0)",2.3877068572231286,164.43163837502536,1.0651900660588345,6,0.3111714117002004,1.8670284702012023,0.0,0.0,0.0,0.0,44.39043192120294,0.6729524065376395,False,True,False,True,False,5.4452322760392065
2025-09-17 15:00:00+00:00,166.815,167.215,166.58,167.115,0.0,153.28573180076634,158.82166666666666,160.80510235076596,162.33186444766042,162.85698869610934,162.72881561238222,166.61772727272728,,164.43163837502536,"rgba(239, 83, 80, 1.0)",2.398900504528042,164.43163837502536,1.1185797909957813,6,0.3096947320084956,1.8581683920509737,0.0,0.0,0.0,0.0,44.714453961479165,0.6729524065376395,False,True,False,True,False,5.828823011665467
2025-09-17 16:00:00+00:00,167.115,167.115,166.325,166.45,0.0,153.28573180076634,158.82166666666666,160.80510235076596,162.33186444766042,162.85698869610934,162.72881561238222,166.61772727272728,,164.43163837502536,"rgba(239, 83, 80, 1.0)",2.40515572906939,164.43163837502536,0.8391812640571018,6,0.30893499178459544,1.8536099507075727,0.0,0.0,0.0,0.0,42.132255063212725,-1.9889776083633635,False,True,False,True,False,3.724470525553464
2025-09-17 17:00:00+00:00,166.455,166.825,166.4,166.555,3.0,153.29490313193972,158.82903550358196,160.81197401398234,162.33802263969176,162.86580776291632,162.7443565683646,166.61729166666666,,164.43945627034745,"rgba(239, 83, 80, 1.0)",2.4119298560747615,164.43945627034745,0.87711660615846,6,0.30837149384498946,1.8502289630699367,0.0,0.0,0.0,0.0,41.07947118450376,-3.265766921831677,False,True,False,True,False,4.0221962546571675
2025-09-17 18:00:00+00:00,166.555,167.09,165.8,165.81,200.0,153.86325060399741,159.26924346016645,161.20958012467915,162.68031707674288,163.32366304101515,163.48198379140237,166.40861865942026,,164.89912557913036,"rgba(239, 83, 80, 1.0)",2.41260054264533,164.89912557913036,0.3775487921721618,6,0.3087236959142199,1.8523421754853193,0.0,0.0,0.0,0.0,37.74589109578663,-6.635542955669656,False,True,False,True,False,1.7025248266693254
2025-09-17 19:00:00+00:00,165.81,167.09,165.81,166.585,82.0,154.08672491909388,159.44118543238537,161.36387148451408,162.81297356516828,163.4911128997639,163.72232166018154,166.42435925925923,,165.02868259917355,"rgba(239, 83, 80, 1.0)",2.418786424172231,165.02868259917355,0.6434290292327355,6,0.3079894489762639,1.8479366938575834,0.0,0.0,0.0,0.0,39.92623047576582,-6.635542955669656,False,True,False,True,False,3.9174533216573124
2025-09-18 14:00:00+00:00,166.585,169.34,166.585,168.745,0.0,154.08672491909388,159.44118543238537,161.36387148451408,162.81297356516828,163.4911128997639,163.72232166018154,166.42435925925923,,165.02868259917355,"rgba(38, 166, 154, 1.0)",2.4572587854625305,165.02868259917355,1.5123834017046485,6,0.30359802785213524,1.8215881671128114,0.0,0.0,0.0,0.0,48.350371657059576,-7.838067203957884,False,True,False,False,True,9.542857253055338
2025-09-18 15:00:00+00:00,168.745,169.635,168.66,169.395,0.0,154.08672491909388,159.44118543238537,161.36387148451408,162.81297356516828,163.4911128997639,163.72232166018154,166.42435925925923,,165.02868259917355,"rgba(38, 166, 154, 1.0)",2.5077742491457755,165.02868259917355,1.741112623001756,6,0.2978692880840241,1.7872157285041443,0.0,0.0,0.0,0.0,55.2743485028219,-1.7427885793998428,False,False,True,False,True,11.095793789492912
2025-09-18 16:00:00+00:00,169.395,170.21,169.39,170.195,100.0,154.42135938049987,159.737025286708,161.65839864787444,163.10258679142942,163.88074107683,164.27279550827419,167.0620515151515,,165.6189838763429,"rgba(38, 166, 154, 1.0)",2.5750648500524913,165.6189838763429,1.7770488861916693,6,0.2904078793497636,1.7424472760985816,0.0,0.0,0.0,0.0,61.28012149064265,3.4127257313569572,True,False,True,False,True,12.944746371266692
2025-09-18 17:00:00+00:00,170.195,170.76,170.195,170.555,41.0,154.5594165270799,159.86008595855404,161.78132824858758,163.2240076030413,164.04102813852813,164.49131736526942,167.30078680203044,,166.1667367215153,"rgba(38, 166, 154, 1.0)",2.6287809629836234,166.1667367215153,1.669314918312596,6,0.2827763047426616,1.6966578284559695,0.0,0.0,0.0,0.0,65.85360786454756,7.299393744921872,True,False,True,False,True,13.758381011192224
2025-09-18 18:00:00+00:00,170.555,170.57,170.125,170.165,0.0,154.5594165270799,159.86008595855404,161.78132824858758,163.2240076030413,164.04102813852813,164.49131736526942,167.30078680203044,,166.1667367215153,"rgba(38, 166, 154, 1.0)",2.6535754529838256,166.1667367215153,1.5067456529222991,6,0.27673639238971387,1.660418354338283,0.0,0.0,0.0,0.0,67.09409184661,8.318434142945506,True,False,True,False,True,12.490300540778101
2025-09-18 19:00:00+00:00,170.165,170.185,169.75,169.95,0.0,154.5594165270799,159.86008595855404,161.78132824858758,163.2240076030413,164.04102813852813,164.49131736526942,167.30078680203044,,166.1667367215153,"rgba(38, 166, 154, 1.0)",2.67435147986037,166.1667367215153,1.4146469927289527,6,0.2716745714904412,1.6300474289426474,0.0,0.0,0.0,0.0,66.92527335955339,8.342036221544973,True,False,True,False,True,11.79276117150993
2025-09-19 14:00:00+00:00,170.69,170.69,169.8,169.86,0.0,154.5594165270799,159.86008595855404,161.78132824858758,163.2240076030413,164.04102813852813,164.49131736526942,167.30078680203044,,166.1667367215153,"rgba(38, 166, 154, 1.0)",2.704310789617247,166.1667367215153,1.3656948353215885,6,0.2669423035162201,1.6016538210973206,0.0,0.0,0.0,0.0,66.3728034453685,8.342036221544973,True,False,True,False,True,11.498187588369749
2025-09-19 15:00:00+00:00,169.87,169.92,169.865,169.865,0.0,154.5594165270799,159.86008595855404,161.78132824858758,163.2240076030413,164.04102813852813,164.49131736526942,167.30078680203044,,166.1667367215153,"rgba(38, 166, 154, 1.0)",2.733512323296702,166.1667367215153,1.3529345549188871,6,0.2624996602575292,1.5749979615451752,0.0,0.0,0.0,0.0,66.01881396673718,8.40147801618076,True,False,True,False,True,11.510403173676234
2025-09-19 16:00:00+00:00,169.865,169.865,169.865,169.865,0.0,154.5594165270799,159.86008595855404,161.78132824858758,163.2240076030413,164.04102813852813,164.49131736526942,167.30078680203044,,166.1667367215153,"rgba(38, 166, 154, 1.0)",2.7646484177679977,166.1667367215153,1.3376975005995377,6,0.25837230485260965,1.5502338291156579,0.0,0.0,0.0,0.0,65.78282098098296,8.80156766992473,True,False,True,False,True,11.510403173676234
2025-09-19 17:00:00+00:00,169.865,169.865,169.865,169.865,0.0,154.5594165270799,159.86008595855404,161.78132824858758,163.2240076030413,164.04102813852813,164.49131736526942,167.30078680203044,,166.1667367215153,"rgba(38, 166, 154, 1.0)",2.798672389569255,166.1667367215153,1.3214348675708765,6,0.2544748372630369,1.5268490235782213,0.0,0.0,0.0,0.0,65.62549232381349,9.31484916875948,True,False,True,False,True,11.510403173676234
2025-09-19 18:00:00+00:00,169.865,169.865,169.865,169.865,0.0,154.5594165270799,159.86008595855404,161.78132824858758,163.2240076030413,164.04102813852813,164.49131736526942,167.30078680203044,,166.1667367215153,"rgba(38, 166, 154, 1.0)",2.8175381529335652,166.1667367215153,1.312586761117736,6,0.25080999552381295,1.5048599731428776,0.0,0.0,0.0,0.0,65.52060655236716,9.881091046213378,True,False,True,False,True,11.510403173676234
2025-09-19 19:00:00+00:00,169.865,169.865,169.865,169.865,0.0,154.5594165270799,159.86008595855404,161.78132824858758,163.2240076030413,164.04102813852813,164.49131736526942,167.30078680203044,,166.1667367215153,"rgba(38, 166, 154, 1.0)",2.8212608995014987,166.1667367215153,1.3108547597062645,6,0.24752891147995215,1.485173468879713,0.0,0.0,0.0,0.0,65.45068270473627,10.459277129361702,True,False,True,False,True,11.510403173676234
2025-09-22 14:00:00+00:00,170.075,170.555,169.895,170.555,0.0,154.5594165270799,159.86008595855404,161.78132824858758,163.2240076030413,164.04102813852813,164.49131736526942,167.30078680203044,,166.1667367215153,"rgba(38, 166, 154, 1.0)",2.826779090594072,166.1667367215153,1.552389888932737,6,0.2432619912356543,1.459571947413926,0.0,0.0,0.0,0.0,68.12465623126153,13.480299881948113,True,False,True,False,True,13.32177956451364
2025-09-22 15:00:00+00:00,170.59,170.985,170.46,170.74,109.0,154.92019686113957,160.18060515873015,162.10013294104832,163.53764698364014,164.44530782029952,165.0232694314032,167.83450476190475,,166.67528579963363,"rgba(38, 166, 154, 1.0)",2.8268463439396467,166.67528579963363,1.437897114245543,6,0.23900220576395936,1.4340132345837562,0.0,0.0,0.0,0.0,70.49325754200362,16.01992682026767,True,False,True,False,True,13.79948236916633
2025-09-22 16:00:00+00:00,170.74,172.295,170.74,172.295,100.0,155.2583406887329,160.48608623112045,162.4064492983012,163.84189438700153,164.83056051847961,165.51335631349778,168.32727500000001,,167.1574678519355,"rgba(38, 166, 154, 1.0)",2.868774379667037,167.1574678519355,1.7908456602504814,6,0.23246292766779142,1.3947775660067485,0.0,0.0,0.0,0.0,75.25294852654399,20.592038336873017,True,False,True,False,True,17.61173473524043
2025-09-22 17:00:00+00:00,172.295,172.47,172.295,172.47,0.0,155.2583406887329,160.48608623112045,162.4064492983012,163.84189438700153,164.83056051847961,165.51335631349778,168.32727500000001,,167.1574678519355,"rgba(38, 166, 154, 1.0)",2.927561821073749,167.1574678519355,1.8146609611529916,6,0.226127631739287,1.356765790435722,0.0,0.0,0.0,0.0,78.66212726688175,23.726684751285433,True,False,True,False,True,18.0193361022681
2025-09-22 18:00:00+00:00,172.47,172.47,172.39,172.42,22.0,155.33377571400044,160.55488999476165,162.47574976422513,163.91107570207575,164.91737316017318,165.621994047619,168.4369910786699,,167.26491747870415,"rgba(38, 166, 154, 1.0)",2.9814751624215234,167.26491747870415,1.729037553715166,6,0.2212633332950942,1.3275799997705653,0.0,0.0,0.0,0.0,80.51526921373753,25.416229515487245,True,False,True,False,True,17.827118443148816
2025-09-22 19:00:00+00:00,172.42,172.73,172.35,172.73,500.0,156.90173990678534,161.95003165045543,163.85140632074618,165.25662641898867,166.50210721649484,167.45918859649117,170.01276348966212,,168.8982108107346,"rgba(38, 166, 154, 1.0)",3.034426711664107,168.8982108107346,1.2627720335232586,6,0.2161734062215134,1.2970404373290805,0.0,0.0,0.0,0.0,82.2406506733182,27.068332220141343,True,False,True,False,True,18.564912017809835
2025-09-23 14:00:00+00:00,172.755,173.305,172.64,172.965,15.0,156.94538784256915,161.98818062927916,163.88841360028863,165.29228145865437,166.541868852459,167.50235422106175,170.04594116180502,,169.25595947385915,"rgba(38, 166, 154, 1.0)",3.0946715947368846,169.25595947385915,1.1985247586363696,6,0.21106908399153804,1.2664145039492283,1.0,0.0,173.305,847.0,83.74193577398056,28.57948314571152,True,False,True,False,True,19.122688732857643
2025-09-23 15:00:00+00:00,172.8,172.805,171.67,171.82,9.0,156.9700445971193,162.0091367265469,163.90835672514623,165.31110581847986,166.56228868926092,167.52385308385306,170.0596644378405,,169.2548875090593,"rgba(38, 166, 154, 1.0)",3.1177745109120445,169.2548875090593,0.8227382968084879,6,0.20795955474055536,1.247757328443332,0.0,0.0,0.0,0.0,76.43104691449321,32.11177619563921,True,False,True,False,False,14.714256348291578
2025-09-23 16:00:00+00:00,171.81,173.28,171.81,173.065,10.0,156.99846598086992,162.0337442555147,163.9320713324361,165.33379953022882,166.5873234377118,167.5507118235091,170.07927114060962,,169.27670615342453,"rgba(38, 166, 154, 1.0)",3.175581131464654,169.27670615342453,1.1929450672948856,6,0.203789342578887,1.222736055473322,0.0,0.0,0.0,0.0,74.86893762617163,30.81034572274521,True,False,True,False,False,17.69236236759598
2025-09-23 17:00:00+00:00,173.065,173.16,171.71,172.11,0.0,156.99846598086992,162.0337442555147,163.9320713324361,165.33379953022882,166.5873234377118,167.5507118235091,170.07927114060962,,169.27670615342453,"rgba(38, 166, 154, 1.0)",3.1701718869462683,169.27670615342453,0.8937350868077736,6,0.20087890572493197,1.2052734343495919,0.0,0.0,0.0,0.0,69.44297112913627,25.856153993424087,True,False,True,False,False,14.241708846395937
2025-09-23 18:00:00+00:00,172.11,172.245,171.745,171.995,0.0,156.99846598086992,162.0337442555147,163.9320713324361,165.33379953022882,166.5873234377118,167.5507118235091,170.07927114060962,,169.27670615342453,"rgba(38, 166, 154, 1.0)",3.146701700922113,169.27670615342453,0.8638549519259819,6,0.19832332096008407,1.1899399257605043,0.0,0.0,0.0,0.0,65.35233521151304,22.21999020432878,True,False,True,False,False,13.835348234550395
2025-09-23 19:00:00+00:00,171.995,172.36,171.725,172.36,100.0,157.26703303196837,162.26093628331836,164.14743861948455,165.53637187871587,166.80463527419565,167.776750245821,170.22137706043955,,169.4172477985107,"rgba(38, 166, 154, 1.0)",3.1328801589083284,169.4172477985107,0.9393120873524723,6,0.19561071671883626,1.1736643003130176,0.0,0.0,0.0,0.0,63.76226663637714,20.805084449251723,False,False,True,False,False,14.724253086774294
2025-09-24 14:00:00+00:00,171.755,171.755,171.015,171.46,0.0,157.26703303196837,162.26093628331836,164.14743861948455,165.53637187871587,166.80463527419565,167.776750245821,170.22137706043955,,169.4172477985107,"rgba(239, 83, 80, 1.0)",3.1007210030459036,169.4172477985107,0.6587990984944091,6,0.19392986563361,1.16357919380166,0.0,0.0,0.0,0.0,59.04806167530434,16.39269147660886,False,False,True,False,False,11.559125657127034
2025-09-24 15:00:00+00:00,171.175,171.175,169.935,169.935,109.0,157.5150089855073,162.454211064825,164.31968569486924,165.68739514348795,166.94941154422787,167.90754938559647,170.23021938232162,,169.41996032972116,"rgba(239, 83, 80, 1.0)",3.064414552494605,169.41996032972116,0.1680711475082793,6,0.19342465658604802,1.160547939516288,0.0,0.0,0.0,0.0,51.66323097974531,9.645718331148728,False,True,False,False,False,6.583097849632949
2025-09-24 16:00:00+00:00,169.935,169.935,169.45,169.63,0.0,157.5150089855073,162.454211064825,164.31968569486924,165.68739514348795,166.94941154422787,167.90754938559647,170.23021938232162,,169.41996032972116,"rgba(239, 83, 80, 1.0)",3.0340556629298745,169.41996032972116,0.06922736218886774,6,0.19314235250447065,1.158854115026824,0.0,0.0,0.0,0.0,46.0690640902537,4.699897468613429,False,True,False,True,False,5.6370599341180565
2025-09-24 17:00:00+00:00,169.63,169.85,169.1,169.19,0.0,157.5150089855073,162.454211064825,164.31968569486924,165.68739514348795,166.94941154422787,167.90754938559647,170.23021938232162,,169.41996032972116,"rgba(239, 83, 80, 1.0)",2.9981833508637195,169.41996032972116,-0.07669988883599094,6,0.19311534017167817,1.158692041030069,0.0,0.0,0.0,0.0,41.39385778186374,0.5619199131801196,False,True,False,True,False,4.283682516725676
2025-09-24 18:00:00+00:00,169.19,169.355,169.09,169.355,0.0,157.5150089855073,162.454211064825,164.31968569486924,165.68739514348795,166.94941154422787,167.90754938559647,170.23021938232162,,169.41996032972116,"rgba(239, 83, 80, 1.0)",2.970632810915583,169.41996032972116,-0.021867505631284177,6,0.19407565005178828,1.1644539003107297,0.0,0.0,0.0,0.0,39.02860363022972,-1.5897049066509013,False,True,False,True,False,4.734944581163919
2025-09-24 19:00:00+00:00,169.355,169.355,169.13,169.13,0.0,157.5150089855073,162.454211064825,164.31968569486924,165.68739514348795,166.94941154422787,167.90754938559647,170.23021938232162,,169.41996032972116,"rgba(239, 83, 80, 1.0)",2.926870352963025,169.41996032972116,-0.09906838867243513,5,0.19670086531319916,0.9835043265659958,0.0,0.0,0.0,0.0,36.898051394726124,-3.7457468047749884,False,True,False,True,False,4.033180482530696
2025-09-25 14:00:00+00:00,165.35,168.21,165.35,168.155,0.0,157.5150089855073,162.454211064825,164.31968569486924,165.68739514348795,166.94941154422787,167.90754938559647,170.23021938232162,,169.41996032972116,"rgba(239, 83, 80, 1.0)",2.8732454215125833,169.41996032972116,-0.4402548839894228,5,0.19865060861551392,0.9932530430775697,0.0,0.0,0.0,0.0,33.39968844489311,-7.284834915721774,False,True,False,True,False,1.0726665361570618
2025-09-25 15:00:00+00:00,168.155,168.155,167.67,168.15,0.0,157.5150089855073,162.454211064825,164.31968569486924,165.68739514348795,166.94941154422787,167.90754938559647,170.23021938232162,,169.41996032972116,"rgba(239, 83, 80, 1.0)",2.8277594718471617,169.41996032972116,-0.44910479210298215,4,0.20192820942145556,0.8077128376858222,0.0,0.0,0.0,0.0,31.05775863338291,-9.79125491476917,False,True,False,True,False,1.0577578118733513
2025-09-25 16:00:00+00:00,168.15,168.325,167.78,167.78,0.0,157.5150089855073,162.454211064825,164.31968569486924,165.68739514348795,166.94941154422787,167.90754938559647,170.23021938232162,,169.41996032972116,"rgba(239, 83, 80, 1.0)",2.78273019251148,169.41996032972116,-0.5893350113979464,4,0.20322948872003177,0.8129179548801271,0.0,0.0,0.0,0.0,28.758475960646226,-12.33192249832991,False,True,False,True,False,0.0
2025-09-25 17:00:00+00:00,167.78,167.78,167.245,167.245,0.0,157.5150089855073,162.454211064825,164.31968569486924,165.68739514348795,166.94941154422787,167.90754938559647,170.23021938232162,,169.41996032972116,"rgba(239, 83, 80, 1.0)",2.683768654183846,169.41996032972116,-0.8104127478836588,4,0.2043531531740784,0.8174126126963136,0.0,0.0,0.0,0.0,26.258035156013158,-15.093189627068021,False,True,False,True,False,0.0
2025-09-25 18:00:00+00:00,167.245,167.8,166.905,167.8,0.0,157.5150089855073,162.454211064825,164.31968569486924,165.68739514348795,166.94941154422787,167.90754938559647,170.23021938232162,,169.41996032972116,"rgba(239, 83, 80, 1.0)",2.5696176092267407,169.41996032972116,-0.630428560227931,4,0.20510005258919828,0.8204002103567931,0.0,0.0,0.0,0.0,27.81888969380703,-15.093189627068021,False,True,False,True,False,0.041291614285121625
2025-09-25 19:00:00+00:00,167.815,167.905,167.59,167.73,0.0,157.5150089855073,162.454211064825,164.31968569486924,165.68739514348795,166.94941154422787,167.90754938559647,170.23021938232162,,169.41996032972116,"rgba(239, 83, 80, 1.0)",2.4633715689024465,169.41996032972116,-0.6860354934087897,4,0.20663778010422945,0.8265511204169178,0.0,0.0,0.0,0.0,28.68258250130225,-15.093189627068021,False,True,False,True,False,0.0
2025-09-26 14:00:00+00:00,169.49,169.995,169.345,169.345,0.0,157.5150089855073,162.454211064825,164.31968569486924,165.68739514348795,166.94941154422787,167.90754938559647,170.23021938232162,,169.41996032972116,"rgba(239, 83, 80, 1.0)",2.3632228623825586,169.41996032972116,-0.03171953475669718,4,0.20844259676093319,0.8337703870437327,0.0,0.0,0.0,0.0,36.403478076467465,-21.57105967214434,False,True,False,True,True,4.478398112018386
2025-09-26 15:00:00+00:00,169.345,169.435,169.14,169.435,0.0,157.5150089855073,162.454211064825,164.31968569486924,165.68739514348795,166.94941154422787,167.90754938559647,170.23021938232162,,169.41996032972116,"rgba(239, 83, 80, 1.0)",2.267452668435182,169.41996032972116,0.006632848609456381,4,0.21079424662805585,0.8431769865122234,0.0,0.0,0.0,0.0,41.85484153140153,-16.445828846896525,False,True,False,True,True,4.72545196863685
2025-09-26 16:00:00+00:00,169.435,169.83,169.435,169.595,0.0,157.5150089855073,162.454211064825,164.31968569486924,165.68739514348795,166.94941154422787,167.90754938559647,170.23021938232162,,169.41996032972116,"rgba(239, 83, 80, 1.0)",2.168966856642893,169.41996032972116,0.08070186491911631,4,0.21351811241964985,0.8540724496785994,0.0,0.0,0.0,0.0,46.06397794776774,-12.534304140034223,False,True,False,False,True,5.169231927482421
2025-09-26 17:00:00+00:00,169.595,169.705,169.595,169.7,0.0,157.5150089855073,162.454211064825,164.31968569486924,165.68739514348795,166.94941154422787,167.90754938559647,170.23021938232162,,169.41996032972116,"rgba(239, 83, 80, 1.0)",2.139905841152614,169.41996032972116,0.13086541701666066,4,0.21592946024351176,0.863717840974047,0.0,0.0,0.0,0.0,49.268274974088506,-9.49697702691595,False,True,False,False,True,5.463285885751631
2025-09-26 18:00:00+00:00,169.7,169.7,169.7,169.7,0.0,157.5150089855073,162.454211064825,164.31968569486924,165.68739514348795,166.94941154422787,167.90754938559647,170.23021938232162,,169.41996032972116,"rgba(239, 83, 80, 1.0)",2.0991816123031,169.41996032972116,0.13340421268819214,3,0.19705375503417266,0.591161265102518,0.0,0.0,0.0,0.0,51.404472991635686,-7.330649475532908,False,True,True,False,True,5.463285885751631
2025-09-26 19:00:00+00:00,169.7,170.21,169.7,170.21,0.0,157.5150089855073,162.454211064825,164.31968569486924,165.68739514348795,166.94941154422787,167.90754938559647,170.23021938232162,,169.41996032972116,"rgba(38, 166, 154, 1.0)",2.0532272443904103,169.41996032972116,0.384779459963479,3,0.19807150294156814,0.5942145088247044,0.0,0.0,0.0,0.0,54.88111441674694,-3.8329843925910794,False,False,True,False,True,6.913296706077816
2025-09-29 14:00:00+00:00,171.6,171.775,171.375,171.445,0.0,157.5150089855073,162.454211064825,164.31968569486924,165.68739514348795,166.94941154422787,167.90754938559647,170.23021938232162,,169.41996032972116,"rgba(38, 166, 154, 1.0)",2.0076343211743968,169.41996032972116,1.0086695813679112,3,0.19853005415946368,0.595590162478391,0.0,0.0,0.0,0.0,60.69173016772767,1.7585888766766615,False,False,True,False,True,10.24963445063976
2025-09-29 15:00:00+00:00,171.04,171.55,170.93,171.4,0.0,157.5150089855073,162.454211064825,164.31968569486924,165.68739514348795,166.94941154422787,167.90754938559647,170.23021938232162,,169.41996032972116,"rgba(38, 166, 154, 1.0)",1.944834373083847,169.41996032972116,1.0181019513446645,3,0.1987377826370643,0.5962133479111928,0.0,0.0,0.0,0.0,64.29721015351116,5.22065932722753,True,False,True,False,True,10.094599654636266
2025-09-29 16:00:00+00:00,171.4,171.4,170.665,170.675,0.0,157.5150089855073,162.454211064825,164.31968569486924,165.68739514348795,166.94941154422787,167.90754938559647,170.23021938232162,,169.41996032972116,"rgba(38, 166, 154, 1.0)",1.8891220564414992,169.41996032972116,0.6643507580674487,3,0.19983286296545355,0.5994985888963607,0.0,0.0,0.0,0.0,62.69978553974757,5.22065932722753,True,False,True,False,True,7.6243318710682715
2025-09-29 17:00:00+00:00,170.675,170.705,170.275,170.645,0.0,157.5150089855073,162.454211064825,164.31968569486924,165.68739514348795,166.94941154422787,167.90754938559647,170.23021938232162,,169.41996032972116,"rgba(38, 166, 154, 1.0)",1.82805291483835,169.41996032972116,0.6701335942385308,3,0.20045006218656294,0.6013501865596889,0.0,0.0,0.0,0.0,61.48104523445083,5.22065932722753,True,False,True,False,True,7.523179711090059
2025-09-29 18:00:00+00:00,170.675,170.685,170.29,170.325,1.0,157.51725525995485,162.45596010521703,164.32124331210198,165.6887612742277,166.95071687273634,167.90872745646763,170.23034908471692,170.43333333333334,169.59187276953486,"rgba(38, 166, 154, 1.0)",1.8265480611824352,169.59187276953486,0.40137308513553793,2,0.23298765760055662,0.46597531520111324,0.0,0.0,0.0,0.0,58.993247627687666,5.22065932722753,False,False,True,False,False,6.438011633091559
2025-09-29 19:00:00+00:00,170.325,170.58,170.18,170.465,0.0,157.51725525995485,162.45596010521703,164.32124331210198,165.6887612742277,166.95071687273634,167.90872745646763,170.23034908471692,170.43333333333334,169.59187276953486,"rgba(38, 166, 154, 1.0)",1.826659803035446,169.59187276953486,0.4779911557774621,2,0.23743490851213772,0.47486981702427544,0.0,0.0,0.0,0.0,57.95105313019528,5.22065932722753,False,False,True,False,False,6.83815385800996
2025-09-30 14:00:00+00:00,171.19,171.92,171.19,171.92,0.0,157.51725525995485,162.45596010521703,164.32124331210198,165.6887612742277,166.95071687273634,167.90872745646763,170.23034908471692,170.43333333333334,169.59187276953486,"rgba(38, 166, 154, 1.0)",1.8428768931300423,169.59187276953486,1.2633113145777797,2,0.2404261321739338,0.4808522643478676,0.0,0.0,0.0,0.0,61.96082746200552,5.22065932722753,True,False,True,False,True,10.81098900844886
2025-09-30 15:00:00+00:00,171.92,172.095,171.395,171.67,0.0,157.51725525995485,162.45596010521703,164.32124331210198,165.6887612742277,166.95071687273634,167.90872745646763,170.23034908471692,170.43333333333334,169.59187276953486,"rgba(38, 166, 154, 1.0)",1.8423652492654745,169.59187276953486,1.1279670148433643,2,0.24374657271587724,0.4874931454317545,0.0,0.0,0.0,0.0,63.27597960157584,5.814583424406983,True,False,True,False,True,9.942953487796846
2025-09-30 16:00:00+00:00,171.67,171.89,171.51,171.565,0.0,157.51725525995485,162.45596010521703,164.32124331210198,165.6887612742277,166.95071687273634,167.90872745646763,170.23034908471692,170.43333333333334,169.59187276953486,"rgba(38, 166, 154, 1.0)",1.8493421718161656,169.59187276953486,1.066934643320986,1,0.27267947928487213,0.27267947928487213,0.0,0.0,0.0,0.0,63.564612963440666,6.562964936894559,True,False,True,False,True,9.576291034133433
2025-09-30 17:00:00+00:00,171.555,171.795,171.195,171.795,0.0,157.51725525995485,162.45596010521703,164.32124331210198,165.6887612742277,166.95071687273634,167.90872745646763,170.23034908471692,170.43333333333334,169.59187276953486,"rgba(38, 166, 154, 1.0)",1.8556576697700966,169.59187276953486,1.1872487400858158,1,0.27420177593508605,0.27420177593508605,0.0,0.0,0.0,0.0,64.49678119396707,7.976221081828726,True,False,True,False,True,10.20148759443595
2025-09-30 18:00:00+00:00,171.795,172.09,171.665,172.01,0.0,157.51725525995485,162.45596010521703,164.32124331210198,165.6887612742277,166.95071687273634,167.90872745646763,170.23034908471692,170.43333333333334,169.59187276953486,"rgba(38, 166, 154, 1.0)",1.8606164627914978,169.59187276953486,1.299637662475154,1,0.27571908697669917,0.27571908697669917,0.0,0.0,0.0,0.0,65.80342394646767,9.72091822878577,True,False,True,False,True,10.786803406997684
2025-09-30 19:00:00+00:00,172.01,172.615,171.995,172.615,100.0,157.77176009798902,162.66943872443875,164.5221648033127,165.8767739227757,167.14781389189838,168.10924465240637,170.36108043217286,172.38877887788777,169.8408036643344,"rgba(38, 166, 154, 1.0)",1.8753229439574355,169.8408036643344,1.479316586300228,1,0.2758567044869008,0.2758567044869008,0.0,0.0,0.0,0.0,68.38098374903441,12.564377092255235,True,False,True,False,True,12.410181760004125
2025-10-01 14:00:00+00:00,171.765,173.075,171.765,173.075,0.0,157.77176009798902,162.66943872443875,164.5221648033127,165.8767739227757,167.14781389189838,168.10924465240637,170.36108043217286,172.38877887788777,169.8408036643344,"rgba(38, 166, 154, 1.0)",1.9057312493065617,169.8408036643344,1.6970894174309277,1,0.2766695540480519,0.2766695540480519,0.0,0.0,0.0,0.0,71.17349200669028,15.480474189394428,True,False,True,False,True,13.614218205957869
2025-10-01 15:00:00+00:00,173.335,173.79,173.335,173.745,0.0,157.77176009798902,162.66943872443875,164.5221648033127,165.8767739227757,167.14781389189838,168.10924465240637,170.36108043217286,172.38877887788777,169.8408036643344,"rgba(38, 166, 154, 1.0)",1.9549861569491338,169.8408036643344,1.9970455145106099,1,0.2770850853603795,0.2770850853603795,0.0,0.0,0.0,0.0,74.3237980072529,18.622567159861944,True,False,True,False,True,15.320504801750882
2025-10-01 16:00:00+00:00,173.745,173.745,173.195,173.195,0.0,157.77176009798902,162.66943872443875,164.5221648033127,165.8767739227757,167.14781389189838,168.10924465240637,170.36108043217286,172.38877887788777,169.8408036643344,"rgba(38, 166, 154, 1.0)",1.976834290171938,169.8408036643344,1.6967513930435996,1,0.27791361916223084,0.27791361916223084,0.0,0.0,0.0,0.0,72.84540780647559,18.622567159861944,True,False,True,False,True,13.265388353036919
2025-10-01 17:00:00+00:00,173.195,173.525,173.195,173.415,0.0,157.77176009798902,162.66943872443875,164.5221648033127,165.8767739227757,167.14781389189838,168.10924465240637,170.36108043217286,172.38877887788777,169.8408036643344,"rgba(38, 166, 154, 1.0)",2.000617332650199,169.8408036643344,1.7865467210217987,1,0.27854676571496617,0.27854676571496617,0.0,0.0,0.0,0.0,72.42724844943646,18.622567159861944,True,False,True,False,True,13.833453254992346
2025-10-01 18:00:00+00:00,173.415,174.015,173.415,174.015,0.0,157.77176009798902,162.66943872443875,164.5221648033127,165.8767739227757,167.14781389189838,168.10924465240637,170.36108043217286,172.38877887788777,169.8408036643344,"rgba(38, 166, 154, 1.0)",2.052995750004894,169.8408036643344,2.0332221027031516,0,,,0.0,0.0,0.0,0.0,73.54824495591149,18.622567159861944,True,False,True,False,True,15.360683060703362
2025-10-01 19:00:00+00:00,173.92,174.39,173.81,174.065,0.0,157.77176009798902,162.66943872443875,164.5221648033127,165.8767739227757,167.14781389189838,168.10924465240637,170.36108043217286,172.38877887788777,169.8408036643344,"rgba(38, 166, 154, 1.0)",2.102833969359262,169.8408036643344,2.0088111554297923,0,,,0.0,0.0,0.0,0.0,74.40587818172568,19.543526046466894,True,False,True,False,True,15.487038711183153
2025-10-02 14:00:00+00:00,175.13,175.13,173.775,174.15,12.0,157.80569475240213,162.699431607474,164.55138304021145,165.90513385387626,167.17889847776576,168.14244902482264,170.38961859356374,172.59722713864306,169.8827753696318,"rgba(38, 166, 154, 1.0)",2.150809007647083,169.8827753696318,1.984009093878785,0,,,0.0,0.0,0.0,0.0,75.18040277509283,20.614960689989445,True,False,True,False,True,15.704961780025677
2025-10-02 15:00:00+00:00,173.305,174.72,173.28,174.535,0.0,157.80569475240213,162.699431607474,164.55138304021145,165.90513385387626,167.17889847776576,168.14244902482264,170.38961859356374,172.59722713864306,169.8827753696318,"rgba(38, 166, 154, 1.0)",2.204892508255521,169.8827753696318,2.109955298478012,0,,,0.0,0.0,0.0,0.0,76.58797123127925,22.254412416060816,True,False,True,False,True,16.691779995032103
2025-10-02 16:00:00+00:00,174.535,174.69,174.215,174.33,0.0,157.80569475240213,162.699431607474,164.55138304021145,165.90513385387626,167.17889847776576,168.14244902482264,170.38961859356374,172.59722713864306,169.8827753696318,"rgba(38, 166, 154, 1.0)",2.2512290096838923,169.8827753696318,1.9754652286542298,0,,,0.0,0.0,0.0,0.0,75.82201760680213,22.254412416060816,True,False,True,False,True,15.870092214532626
2025-10-02 17:00:00+00:00,174.33,174.69,174.27,174.69,0.0,157.80569475240213,162.699431607474,164.55138304021145,165.90513385387626,167.17889847776576,168.14244902482264,170.38961859356374,172.59722713864306,169.8827753696318,"rgba(38, 166, 154, 1.0)",2.3032555924847977,169.8827753696318,2.087143366135098,0,,,0.0,0.0,0.0,0.0,76.2785708741165,22.46494273739519,True,False,True,False,True,16.804610001464656
2025-10-02 18:00:00+00:00,174.69,175.215,174.69,175.155,0.0,157.80569475240213,162.699431607474,164.55138304021145,165.90513385387626,167.17889847776576,168.14244902482264,170.38961859356374,172.59722713864306,169.8827753696318,"rgba(38, 166, 154, 1.0)",2.3313929216120974,169.8827753696318,2.26140543770829,0,,,0.0,0.0,0.0,0.0,77.65410300500956,24.031324953858032,True,False,True,False,True,17.99212632789591
2025-10-02 19:00:00+00:00,174.975,175.36,174.96,175.15,100.0,158.09667197719273,162.960370758274,164.80773507372498,166.156124977392,167.45580816846,168.4401662422184,170.6577315335583,173.7988419405321,170.23037682748577,"rgba(38, 166, 154, 1.0)",2.3527967831265415,170.23037682748577,2.0909681651199543,0,,,0.0,0.0,0.0,0.0,78.52552322096531,25.08265832502893,True,False,True,False,True,17.971310631962133
2025-10-03 14:00:00+00:00,175.15,177.19,175.15,177.19,125.0,158.47473800919846,163.30609512145338,165.15095025809484,166.495729904662,167.8323131514748,168.84674795109495,171.04214223156418,174.80148915187377,170.67702414698365,"rgba(38, 166, 154, 1.0)",2.4376369668122684,170.67702414698365,2.67183995881612,0,,,0.0,0.0,0.0,0.0,81.99060162881659,28.45408790727022,True,False,True,False,True,20.0
2025-10-03 15:00:00+00:00,177.19,177.435,176.48,177.15,100.0,158.7744621310063,163.58046142561847,165.42308956136333,166.76486661552892,168.12817128139085,169.16348250032283,171.34067066067567,175.3083789954338,171.00383807705393,"rgba(38, 166, 154, 1.0)",2.504725530266649,171.00383807705393,2.453826516589132,0,,,0.0,0.0,0.0,0.0,84.01669415058666,30.359096477334745,True,False,True,False,True,20.0
2025-10-03 16:00:00+00:00,177.15,177.205,176.785,176.82,0.0,158.7744621310063,163.58046142561847,165.42308956136333,166.76486661552892,168.12817128139085,169.16348250032283,171.34067066067567,175.3083789954338,171.00383807705393,"rgba(38, 166, 154, 1.0)",2.5560929557012586,171.00383807705393,2.2754109587342506,0,,,0.0,0.0,0.0,0.0,82.97031190609992,30.359096477334745,True,False,True,False,True,20.0
2025-10-03 17:00:00+00:00,176.805,176.805,174.86,175.045,0.0,158.7744621310063,163.58046142561847,165.42308956136333,166.76486661552892,168.12817128139085,169.16348250032283,171.34067066067567,175.3083789954338,171.00383807705393,"rgba(38, 166, 154, 1.0)",2.5548155501880667,171.00383807705393,1.5817822631651741,0,,,0.0,0.0,0.0,0.0,73.35717884331117,27.88711079048811,True,False,True,False,False,14.35547928057332
2025-10-03 18:00:00+00:00,175.04,175.975,174.89,175.54,0.0,158.7744621310063,163.58046142561847,165.42308956136333,166.76486661552892,168.12817128139085,169.16348250032283,171.34067066067567,175.3083789954338,171.00383807705393,"rgba(38, 166, 154, 1.0)",2.562717794741084,171.00383807705393,1.7700590881503442,0,,,0.0,0.0,0.0,0.0,68.38565751212404,23.766908300014137,True,False,True,False,False,15.572716915058471
2025-10-03 19:00:00+00:00,175.585,175.92,175.41,175.67,625.0,160.32409193209065,164.92361190137507,166.70687454047192,167.99141534391538,169.3909854373269,170.43125857766682,172.36949391171996,175.519037315773,172.05157551795963,"rgba(38, 166, 154, 1.0)",2.552607966848685,172.05157551795963,1.4175402290652055,0,,,0.0,0.0,0.0,0.0,65.44563525321263,21.45048229353469,True,False,True,False,False,15.890661898574777
2025-10-06 14:00:00+00:00,175.67,177.22,175.67,177.22,0.0,160.32409193209065,164.92361190137507,166.70687454047192,167.99141534391538,169.3909854373269,170.43125857766682,172.36949391171996,175.519037315773,172.05157551795963,"rgba(38, 166, 154, 1.0)",2.579980075344758,172.05157551795963,2.0032807739221465,0,,,0.0,0.0,0.0,0.0,67.07127437137,21.45048229353469,True,False,True,False,False,19.50307408871684
2025-10-06 15:00:00+00:00,176.94,177.795,176.94,177.655,0.0,160.32409193209065,164.92361190137507,166.70687454047192,167.99141534391538,169.3909854373269,170.43125857766682,172.36949391171996,175.519037315773,172.05157551795963,"rgba(38, 166, 154, 1.0)",2.5912677390578613,172.05157551795963,2.1624259035763216,0,,,0.0,0.0,0.0,0.0,68.92155996285511,21.45048229353469,True,False,True,False,True,20.0
2025-10-06 16:00:00+00:00,177.655,177.705,177.405,177.57,0.0,160.32409193209065,164.92361190137507,166.70687454047192,167.99141534391538,169.3909854373269,170.43125857766682,172.36949391171996,175.519037315773,172.05157551795963,"rgba(38, 166, 154, 1.0)",2.612669619474857,172.05157551795963,2.1121784556707768,0,,,0.0,0.0,0.0,0.0,69.74965323389824,21.45048229353469,True,False,True,False,True,20.0
2025-10-06 17:00:00+00:00,177.57,177.96,177.57,177.96,0.0,160.32409193209065,164.92361190137507,166.70687454047192,167.99141534391538,169.3909854373269,170.43125857766682,172.36949391171996,175.519037315773,172.05157551795963,"rgba(38, 166, 154, 1.0)",2.6839291454216623,172.05157551795963,2.201408517851213,0,,,0.0,0.0,0.0,0.0,71.06014111338288,21.45048229353469,True,False,True,False,True,20.0
2025-10-06 18:00:00+00:00,177.96,177.96,177.71,177.71,0.0,160.32409193209065,164.92361190137507,166.70687454047192,167.99141534391538,169.3909854373269,170.43125857766682,172.36949391171996,175.519037315773,172.05157551795963,"rgba(38, 166, 154, 1.0)",2.7500415639749267,172.05157551795963,2.057577803973862,0,,,0.0,0.0,0.0,0.0,70.60093088577658,21.45048229353469,True,False,True,False,True,20.0
2025-10-06 19:00:00+00:00,177.71,177.79,176.96,176.96,0.0,160.32409193209065,164.92361190137507,166.70687454047192,167.99141534391538,169.3909854373269,170.43125857766682,172.36949391171996,175.519037315773,172.05157551795963,"rgba(38, 166, 154, 1.0)",2.8002147810133713,172.05157551795963,1.7528742849732624,0,,,0.0,0.0,0.0,0.0,66.6990698391221,21.45048229353469,False,False,True,False,False,17.140455136988294
2025-10-07 14:00:00+00:00,178.935,178.935,177.22,177.22,0.0,160.32409193209065,164.92361190137507,166.70687454047192,167.99141534391538,169.3909854373269,170.43125857766682,172.36949391171996,175.519037315773,172.05157551795963,"rgba(38, 166, 154, 1.0)",2.85574411185916,172.05157551795963,1.8098345928744968,0,,,0.0,0.0,0.0,0.0,64.87794446491796,20.627284688337696,False,False,True,False,False,17.75345226367311
2025-10-07 15:00:00+00:00,177.315,177.315,173.665,173.97,0.0,160.32409193209065,164.92361190137507,166.70687454047192,167.99141534391538,169.3909854373269,170.43125857766682,172.36949391171996,175.519037315773,172.05157551795963,"rgba(239, 83, 80, 1.0)",2.853109301213406,172.05157551795963,0.672397822692763,0,,,0.0,0.0,0.0,0.0,54.58770931777552,11.083721409414707,False,True,True,False,False,6.711395156448475
2025-10-07 16:00:00+00:00,173.97,175.26,173.97,175.09,0.0,160.32409193209065,164.92361190137507,166.70687454047192,167.99141534391538,169.3909854373269,170.43125857766682,172.36949391171996,175.519037315773,172.05157551795963,"rgba(239, 83, 80, 1.0)",2.859106519539936,172.05157551795963,1.0627181818078215,0,,,0.0,0.0,0.0,0.0,50.962069533340696,8.038675115418258,False,True,False,False,False,9.455281963118647
2025-10-07 17:00:00+00:00,175.09,175.805,175.09,175.525,0.0,160.32409193209065,164.92361190137507,166.70687454047192,167.99141534391538,169.3909854373269,170.43125857766682,172.36949391171996,175.519037315773,172.05157551795963,"rgba(239, 83, 80, 1.0)",2.8683843554859227,172.05157551795963,1.2109341188524059,0,,,0.0,0.0,0.0,0.0,49.67768780024467,6.971247166229283,False,True,False,False,False,10.482681623767263
2025-10-07 18:00:00+00:00,175.525,175.745,175.525,175.705,0.0,160.32409193209065,164.92361190137507,166.70687454047192,167.99141534391538,169.3909854373269,170.43125857766682,172.36949391171996,175.519037315773,172.05157551795963,"rgba(239, 83, 80, 1.0)",2.8783507258300522,172.05157551795963,1.2692770374558202,0,,,0.0,0.0,0.0,0.0,49.303354170750325,6.481454946745508,False,True,False,False,False,10.906881263647897
2025-10-07 19:00:00+00:00,175.945,176.045,175.88,175.935,0.0,160.32409193209065,164.92361190137507,166.70687454047192,167.99141534391538,169.3909854373269,170.43125857766682,172.36949391171996,175.519037315773,172.05157551795963,"rgba(239, 83, 80, 1.0)",2.8896838880677524,172.05157551795963,1.3438924922120465,0,,,0.0,0.0,0.0,0.0,49.70214722598742,6.481454946745508,False,True,False,False,False,11.451669085946925
2025-10-08 14:00:00+00:00,177.745,178.775,177.745,178.24,0.0,160.32409193209065,164.92361190137507,166.70687454047192,167.99141534391538,169.3909854373269,170.43125857766682,172.36949391171996,175.519037315773,172.05157551795963,"rgba(38, 166, 154, 1.0)",2.9461056903519256,172.05157551795963,2.1005439493588365,0,,,0.0,0.0,0.0,0.0,54.899358981247545,6.481454946745508,False,True,True,False,True,16.533714132559368
2025-10-08 15:00:00+00:00,178.38,178.965,178.38,178.965,0.0,160.32409193209065,164.92361190137507,166.70687454047192,167.99141534391538,169.3909854373269,170.43125857766682,172.36949391171996,175.519037315773,172.05157551795963,"rgba(38, 166, 154, 1.0)",3.016257749396746,172.05157551795963,2.2920536162478355,0,,,0.0,0.0,0.0,0.0,59.47060309632772,2.3669318970563253,False,True,True,False,True,17.996815714081066
2025-10-08 16:00:00+00:00,178.965,179.41,178.965,179.41,0.0,160.32409193209065,164.92361190137507,166.70687454047192,167.99141534391538,169.3909854373269,170.43125857766682,172.36949391171996,175.519037315773,172.05157551795963,"rgba(38, 166, 154, 1.0)",3.0922273190659433,172.05157551795963,2.3796518569867278,0,,,0.0,0.0,0.0,0.0,63.16623825136686,5.844801945672842,False,True,True,False,True,18.876465729900623
2025-10-08 17:00:00+00:00,179.41,179.705,179.28,179.28,0.0,160.32409193209065,164.92361190137507,166.70687454047192,167.99141534391538,169.3909854373269,170.43125857766682,172.36949391171996,175.519037315773,172.05157551795963,"rgba(38, 166, 154, 1.0)",3.165970194151405,172.05157551795963,2.2831625185207556,0,,,0.0,0.0,0.0,0.0,65.16070063527465,7.793305875307134,False,False,True,False,True,18.446601236620257
2025-10-08 18:00:00+00:00,179.28,179.28,178.485,178.835,0.0,160.32409193209065,164.92361190137507,166.70687454047192,167.99141534391538,169.3909854373269,170.43125857766682,172.36949391171996,175.519037315773,172.05157551795963,"rgba(38, 166, 154, 1.0)",3.2246808948884467,172.05157551795963,2.103595581439706,0,,,0.0,0.0,0.0,0.0,64.84555552931471,7.793305875307134,False,False,True,False,True,16.975516593441373
2025-10-08 19:00:00+00:00,178.835,179.745,178.835,179.745,0.0,160.32409193209065,164.92361190137507,166.70687454047192,167.99141534391538,169.3909854373269,170.43125857766682,172.36949391171996,175.519037315773,172.05157551795963,"rgba(38, 166, 154, 1.0)",3.31227562965877,172.05157551795963,2.3227005666895377,0,,,0.0,0.0,0.0,0.0,66.31750420776632,9.47163896086061,False,False,True,False,True,18.820972504999197
2025-10-09 14:00:00+00:00,180.335,180.335,180.335,180.335,0.0,160.32409193209065,164.92361190137507,166.70687454047192,167.99141534391538,169.3909854373269,170.43125857766682,172.36949391171996,175.519037315773,172.05157551795963,"rgba(38, 166, 154, 1.0)",3.411051662086909,172.05157551795963,2.4284078057535217,0,,,0.0,0.0,0.0,0.0,68.2543871849928,11.672835702396917,False,False,True,False,True,19.97870374676161
2025-10-09 15:00:00+00:00,180.335,180.335,178.77,179.235,0.0,160.32409193209065,164.92361190137507,166.70687454047192,167.99141534391538,169.3909854373269,170.43125857766682,172.36949391171996,175.519037315773,172.05157551795963,"rgba(38, 166, 154, 1.0)",3.476605030849039,172.05157551795963,2.066218169248314,0,,,0.0,0.0,0.0,0.0,65.61202723553023,11.672835702396917,False,False,True,False,True,16.39548853986292
2025-10-09 16:00:00+00:00,179.235,179.235,178.0,178.0,0.0,160.32409193209065,164.92361190137507,166.70687454047192,167.99141534391538,169.3909854373269,170.43125857766682,172.36949391171996,175.519037315773,172.05157551795963,"rgba(38, 166, 154, 1.0)",3.5154774360800296,172.05157551795963,1.6920673195027587,0,,,0.0,0.0,0.0,0.0,60.406585613494464,16.9763202013647,False,True,True,False,False,12.60894210192335
2025-10-09 17:00:00+00:00,178.0,178.17,177.56,177.955,0.0,160.32409193209065,164.92361190137507,166.70687454047192,167.99141534391538,169.3909854373269,170.43125857766682,172.36949391171996,175.519037315773,172.05157551795963,"rgba(38, 166, 154, 1.0)",3.5523973785486422,172.05157551795963,1.6618142209226225,0,,,0.0,0.0,0.0,0.0,56.82011286338971,13.585782129181347,False,True,True,False,False,12.474195455288939
2025-10-09 18:00:00+00:00,177.955,177.955,177.25,177.3,0.0,160.32409193209065,164.92361190137507,166.70687454047192,167.99141534391538,169.3909854373269,170.43125857766682,172.36949391171996,175.519037315773,172.05157551795963,"rgba(38, 166, 154, 1.0)",3.572458723808768,172.05157551795963,1.469135093727488,0,,,0.0,0.0,0.0,0.0,52.733534047002166,9.76263261767059,False,True,False,False,False,10.520563307558042
2025-10-09 19:00:00+00:00,177.3,177.605,177.3,177.605,0.0,160.32409193209065,164.92361190137507,166.70687454047192,167.99141534391538,169.3909854373269,170.43125857766682,172.36949391171996,175.519037315773,172.05157551795963,"rgba(38, 166, 154, 1.0)",3.6010797930148164,172.05157551795963,1.5421553537393407,0,,,0.0,0.0,0.0,0.0,50.95050311576649,8.04533559185289,False,True,False,False,False,11.197631020723865
2025-10-10 14:00:00+00:00,178.66,178.66,178.66,178.66,0.0,160.32409193209065,164.92361190137507,166.70687454047192,167.99141534391538,169.3909854373269,170.43125857766682,172.36949391171996,175.519037315773,172.05157551795963,"rgba(38, 166, 154, 1.0)",3.6413942731096975,172.05157551795963,1.8148060842631206,0,,,0.0,0.0,0.0,0.0,52.66325791102925,8.04533559185289,False,True,True,False,False,13.477811332781496
2025-10-10 15:00:00+00:00,178.66,178.66,178.66,178.66,0.0,160.32409193209065,164.92361190137507,166.70687454047192,167.99141534391538,169.3909854373269,170.43125857766682,172.36949391171996,175.519037315773,172.05157551795963,"rgba(38, 166, 154, 1.0)",3.6784001222601104,172.05157551795963,1.7965485706813114,0,,,0.0,0.0,0.0,0.0,53.805094441204425,8.04533559185289,False,True,True,False,False,13.477811332781496
2025-10-10 16:00:00+00:00,178.66,178.66,175.64,175.64,0.0,160.32409193209065,164.92361190137507,166.70687454047192,167.99141534391538,169.3909854373269,170.43125857766682,172.36949391171996,175.519037315773,172.05157551795963,"rgba(239, 83, 80, 1.0)",3.6797245686171376,172.05157551795963,0.975188336824053,0,,,0.0,0.0,0.0,0.0,47.55997195951987,4.588887560594394,False,True,False,True,False,4.9603635616437955
2025-10-10 17:00:00+00:00,175.64,175.64,174.35,175.305,0.0,160.32409193209065,164.92361190137507,166.70687454047192,167.99141534391538,169.3909854373269,170.43125857766682,172.36949391171996,175.519037315773,172.05157551795963,"rgba(239, 83, 80, 1.0)",3.67187839844358,172.05157551795963,0.8860381878167372,0,,,0.0,0.0,0.0,0.0,42.87429425146115,0.22912324767843018,False,True,False,True,False,4.098467363336244
2025-10-10 18:00:00+00:00,175.305,175.305,174.145,174.145,0.0,160.32409193209065,164.92361190137507,166.70687454047192,167.99141534391538,169.3909854373269,170.43125857766682,172.36949391171996,175.519037315773,172.05157551795963,"rgba(239, 83, 80, 1.0)",3.641520076623499,172.05157551795963,0.5748765455060865,0,,,0.0,0.0,0.0,0.0,38.09503204852252,-4.157821321923663,False,True,False,True,False,1.1964368496754751
2025-10-10 19:00:00+00:00,174.145,174.145,172.035,172.36,0.0,160.32409193209065,164.92361190137507,166.70687454047192,167.99141534391538,169.3909854373269,170.43125857766682,172.36949391171996,175.519037315773,172.05157551795963,"rgba(239, 83, 80, 1.0)",3.61056489303687,172.05157551795963,0.08542277764767213,0,,,0.0,0.0,0.0,0.0,32.96632113144008,-8.832463727144628,False,True,False,True,False,0.0
