date,Open,High,Low,Close,Volume,aVWAP_peak_410,aVWAP_peak_386,aVWAP_peak_335,aVWAP_peak_266,aVWAP_peak_214,aVWAP_peak_154,aVWAP_peak_120,aVWAP_peak_75,aVWAP_peak_29,aVWAP_valley_396,aVWAP_valley_357,aVWAP_valley_310,aVWAP_valley_288,aVWAP_valley_247,aVWAP_valley_230,aVWAP_valley_161,aVWAP_valley_138,aVWAP_valley_117,aVWAP_valley_54,aVWAP_OB_bull_396,aVWAP_OB_bull_310,aVWAP_OB_bull_161,aVWAP_OB_bear_0,Peaks_Valleys_avg,color,StDev,StDev_Mean,StdDev_ZScore,QQEMOD,QQE1_Value,QQE1_Above_Upper,QQE1_Below_Lower,QQE2_Above_Threshold,QQE2_Below_Threshold,QQE2_Above_TL,banker_RSI,OB,OB_High,OB_Low,OB_Mitigated_Index,TTM_squeeze_Active,VI_plus,VI_minus,VI_Regular_Bullish,VI_Regular_Bearish,VI_Hidden_Bullish,VI_Hidden_Bearish,Fisher,Fisher_Signal,Fisher_Regular_Bullish,Fisher_Regular_Bearish,Fisher_Hidden_Bullish,Fisher_Hidden_Bearish,OBV,OBV_Smoothed,OBV_Regular_Bullish,OBV_Regular_Bearish,OBV_Hidden_Bullish,OBV_Hidden_Bearish,Volume_MA,Vol_Regular_Bullish,Vol_Regular_Bearish,Vol_Hidden_Bullish,Vol_Hidden_Bearish
2024-01-31 17:00:00+00:00,50.99,51.04,50.145,50.225,376959.0,,,,,,,,,,,,,,,,,,,,,,,50.47,,#000000,,,,,,False,False,False,False,False,,-1.0,51.04,50.145,11.0,0,,,False,False,False,False,,,False,False,False,False,0.0,0.0,False,False,False,False,376959.0,False,False,False,False
2024-02-01 17:00:00+00:00,48.365,49.06,48.315,48.715,397028.0,,,,,,,,,,,,,,,,,,,,,,,49.56034261988035,,#000000,,,,0.0,,False,False,False,True,False,,0.0,0.0,0.0,0.0,0,,,False,False,False,False,,,False,False,False,False,-397028.0,-6155.472868217054,False,False,False,False,377270.1472868217,False,False,False,False
2024-02-02 17:00:00+00:00,48.845,49.565,48.66,49.165,372389.0,,,,,,,,,,,,,,,,,,,,,,,49.42055004059168,,#000000,,,,8.369497830130138,-62.55424674519521,False,False,False,True,True,,0.0,0.0,0.0,0.0,0,,,False,False,False,False,,,False,False,False,False,-24639.0,-6442.03918033772,False,False,False,False,377194.4705847004,False,False,False,False
2024-02-05 17:00:00+00:00,48.605,48.865,48.565,48.695,172220.0,,,,,,,,,,,,,,,,,,,,,,,49.3275284014209,,#000000,,,,12.042474148337568,-58.411618275795504,False,False,False,True,True,,0.0,0.0,0.0,0.0,0,,,False,False,False,False,,,False,False,False,False,-196859.0,-9394.24012327822,False,False,False,False,374016.5718159454,False,False,False,False
2024-02-06 17:00:00+00:00,48.37,48.445,48.01,48.29,286725.0,,,,,,,,,,,,,,,,,,,,,,,49.13477430059159,,#000000,,,,13.32202828392652,-56.14127848003707,False,False,False,True,True,,0.0,0.0,0.0,0.0,0,,,False,False,False,False,,,False,False,False,False,-483584.0,-16746.019346173132,False,False,False,False,372663.21411337255,False,False,False,False
2024-02-07 17:00:00+00:00,48.12,48.595,48.12,48.49,247545.0,,,,,,,,,,,,,,,,,,,,,,,49.0368302888606,,#000000,,,,16.73565166315903,-51.6563823456608,False,False,False,True,True,,0.0,0.0,0.0,0.0,0,,,False,False,False,False,,,False,False,False,False,-236039.0,-20145.910519100682,False,False,False,False,370723.396840297,False,False,False,False
2024-02-08 17:00:00+00:00,48.105,48.505,48.055,48.365,211194.0,,,,,,,,,,,,,,,,,,,,,,,48.96229069891379,,#000000,,,,18.537507612322678,-48.613416067768725,False,False,False,True,True,,0.0,0.0,0.0,0.0,0,,,False,False,False,False,,,False,False,False,False,-447233.0,-26767.415782370437,False,False,False,False,368250.0728582769,False,False,False,False
2024-02-09 17:00:00+00:00,47.65,48.105,47.645,48.055,440838.0,,,,,,,,,,,,,,,,,,,,,,,48.781497398297255,,#000000,,,,18.675362345370356,-47.00899925043596,False,False,False,True,True,,0.0,0.0,0.0,0.0,0,,,False,False,False,False,,,False,False,False,False,-888071.0,-40120.959723729036,False,False,False,False,369375.4670775284,False,False,False,False
2024-02-12 17:00:00+00:00,48.945,49.285,48.835,48.925,388844.0,,,,,,,,,,,,,,,,,,,,,,,48.81287410211415,,#000000,,,,27.214433847064335,-37.75786070113667,False,False,False,True,True,,0.0,0.0,0.0,0.0,0,,,False,False,False,False,,,False,False,False,False,-499227.0,-47238.8828287875,False,False,False,False,369677.30479725666,False,False,False,False
2024-02-13 17:00:00+00:00,48.25,48.405,47.595,48.245,264219.0,,,,,,,,,,,,,,,,,,,,,,,48.75169573500116,,#000000,,48.08166666666666,,29.723320560339783,-34.44524796679333,False,False,False,True,True,,0.0,0.0,0.0,0.0,0,,,False,False,False,False,,,False,False,False,False,-763446.0,-58342.86914151948,False,False,False,False,368042.2923197798,False,False,False,False
2024-02-14 17:00:00+00:00,48.155,48.545,47.96,48.475,185367.0,,,,,,,,,,,,,,,,,,,,,,,48.72813048405661,,#000000,,48.182681633769725,,33.0455169274342,-30.374143841839576,False,False,False,True,True,,0.0,0.0,0.0,0.0,0,,,False,False,False,False,,,False,False,False,False,-578079.0,-66400.79365095327,False,False,False,False,365210.1172450545,False,False,False,False
2024-02-15 17:00:00+00:00,50.935,52.445,50.86,52.05,1178539.0,,,,,,,,,,,,,,,,,,,,,,,49.52484563345185,,#000000,,50.790265624568136,,46.720999516153945,-17.050122116190877,False,False,False,False,True,,0.0,0.0,0.0,0.0,0,,,False,False,False,False,,,False,False,False,False,600460.0,-56061.86661760516,False,False,False,False,377819.8673652862,False,False,False,False
2024-02-16 17:00:00+00:00,51.885,52.08,51.575,51.915,275736.0,,,,,,,,,,,,,,,,,,,,,,,49.65886401813572,,#000000,,50.9447123818388,,55.254150423341756,-9.04437638679353,False,False,True,False,True,,0.0,0.0,0.0,0.0,0,,,False,False,False,False,,,False,False,False,False,324724.0,-50158.209770820584,False,False,False,False,376237.1717472198,False,False,False,False
2024-02-19 17:00:00+00:00,51.915,51.915,51.915,51.915,0.0,,,,,,,,,,,,,,,,,,,,,,,49.65886401813572,,#000000,,50.9447123818388,,60.942917694800286,-3.6900840838613362,False,False,True,False,True,,0.0,0.0,0.0,0.0,0,,,False,False,False,False,,,False,False,False,False,324724.0,-44346.08248755205,False,False,False,False,370404.03730152646,False,False,False,False
2024-02-20 17:00:00+00:00,52.025,52.085,51.7,51.79,269876.0,,,,,,,,,,,,,,,,,,,,,,,49.77599997092572,,#000000,,51.058141176539145,,64.08543447201973,-0.49056289307422674,False,False,True,False,True,,0.0,0.0,0.0,0.0,0,,,False,False,False,False,,,False,False,False,False,54848.0,-42808.18973580705,False,False,False,False,368845.46307979734,False,False,False,False
2024-02-21 17:00:00+00:00,52.19,52.685,52.13,52.645,348178.0,,,,,,,,,,,,,,,,,,,,,,,49.9502714413659,,#000000,,51.25536477372684,,67.87752353878608,3.5418399863025485,False,False,True,False,True,,0.0,0.0,0.0,0.0,0,,,False,False,False,False,,,False,False,False,False,403026.0,-35896.03175540694,False,False,False,False,368525.0372956144,False,False,False,False
2024-02-22 17:00:00+00:00,53.815,53.91,53.245,53.375,395323.0,,,,,,,,,,,,,,,,,,,,,,,50.19244101912816,,#000000,,51.56089663693306,,71.5643262924505,7.587190646770544,False,False,True,False,True,,0.0,0.0,0.0,0.0,0,,,False,False,False,False,,,False,False,False,False,798349.0,-22962.00025532311,False,False,False,False,368940.5095856049,False,False,False,False
2024-02-23 17:00:00+00:00,53.875,54.025,53.685,53.9,255818.0,,,,,,,,,,,,,,,,,,,,,,,50.34751224176796,,#000000,,51.747061080338106,,74.74414414241036,11.237582797915906,False,False,True,False,True,,0.0,0.0,0.0,0.0,0,,,False,False,False,False,,,False,False,False,False,1054167.0,-6262.32583275996,False,False,False,False,367186.67222768854,False,False,False,False
2024-02-26 17:00:00+00:00,54.45,54.45,53.84,54.145,281613.0,,,,,,,,,,,,,,,,,,,,,,,50.51596729612077,,#000000,,51.94253299761375,,77.18665278665448,14.277270584274106,False,False,True,False,True,,0.0,0.0,0.0,0.0,0,,,False,False,False,False,,,False,False,False,False,1335780.0,14544.531932089034,False,False,False,False,365859.94862725923,False,False,False,False
2024-02-27 17:00:00+00:00,54.705,54.89,54.545,54.77,414316.0,,,,,,,,,,,,,,,,,,,,,,,50.774444793991144,,#000000,,52.24156847036969,,79.58089308059024,17.330656787864527,False,False,True,False,True,,0.0,0.0,0.0,0.0,0,,,False,False,False,False,,,False,False,False,False,1750096.0,41452.30663081634,False,False,False,False,366611.2052376893,False,False,False,False
2024-02-28 17:00:00+00:00,55.055,55.17,54.595,54.68,325520.0,,,,,,,,,,,,,,,,,,,,,,,50.96000287776842,,#000000,,52.44128296147777,,80.60503716875476,19.164249301100597,False,False,True,False,True,,0.0,0.0,0.0,0.0,0,,,False,False,False,False,,,False,False,False,False,1424576.0,62896.08482258663,False,False,False,False,365974.1322882678,False,False,False,False
2024-02-29 17:00:00+00:00,55.185,55.695,55.095,55.51,525180.0,,,,,,,,,,,,,,,,,,,,,,,51.26857662368515,,#000000,,52.77422149747988,,82.29536903501884,21.661226487490225,False,False,True,False,True,,0.0,0.0,0.0,0.0,0,,,False,False,False,False,,,False,False,False,False,1949756.0,92149.72691836048,False,False,False,False,368442.44031480624,False,False,False,False
2024-03-01 17:00:00+00:00,55.515,55.535,55.025,55.055,274469.0,,,,,,,,,,,,,,,,,,,,,,,51.40554929519017,,#000000,,52.90781236087901,,80.65101834629529,21.661226487490225,False,False,True,False,True,,0.0,0.0,0.0,0.0,0,,,False,False,False,False,,,False,False,False,False,1675287.0,116694.49084210682,False,False,False,False,366985.48775178596,False,False,False,False
2024-03-04 17:00:00+00:00,56.525,56.56,55.77,55.82,207947.0,,,,,,,,,,,,,,,,,,,,,,,51.52484503631473,,#000000,,53.03341709115861,,80.72499771636686,21.752316754386868,False,False,True,False,True,,0.0,0.0,0.0,0.0,0,,,False,False,False,False,,,False,False,False,False,1883234.0,144082.70028641523,False,False,False,False,364519.7747633862,False,False,False,False
2024-03-05 17:00:00+00:00,56.645,57.105,56.39,56.605,406281.0,,,,,,,,,,,,,,,,,,,,,,,51.77214407991854,,#000000,,53.29903076918322,,81.74241319495091,23.59283581008097,False,False,True,False,True,,0.0,0.0,0.0,0.0,0,,,False,False,False,False,,,False,False,False,False,2289515.0,177345.21656104445,False,False,False,False,365167.2356197678,False,False,False,False
2024-03-06 17:00:00+00:00,57.015,57.375,56.77,57.11,691931.0,,,,,,,,,,,,,,,,,,,,,,,52.171981769560155,,#000000,,53.71482431401952,,82.95610291093338,25.537925939210425,False,False,True,False,True,,0.0,0.0,0.0,0.0,0,,,False,False,False,False,,,False,False,False,False,2981446.0,220819.64731203602,False,False,False,False,370233.3404938799,False,False,False,False
2024-03-07 17:00:00+00:00,57.23,57.24,56.875,57.0,218678.0,,,,,,,,,,,,,,,,,,,,,,,52.28503756613515,,#000000,,53.826310632274215,,83.09104235433426,26.42419478155422,False,False,True,False,True,,0.0,0.0,0.0,0.0,0,,,False,False,False,False,,,False,False,False,False,2762768.0,260229.69929169436,False,False,False,False,367883.6452924244,False,False,False,False
2024-03-08 17:00:00+00:00,57.22,57.485,57.04,57.065,265252.0,,,,,,,,,,,,,,,,,,,,,,,52.419654373474096,,#000000,,53.958085640751165,,83.2669871240326,27.330069792517378,False,False,True,False,True,,0.0,0.0,0.0,0.0,0,,,False,False,False,False,,,False,False,False,False,3028020.0,303141.1768220557,False,False,False,False,366292.45699331706,False,False,False,False
2024-03-11 17:00:00+00:00,57.195,57.345,57.02,57.09,198336.0,,,,,,,,,,,,,,,,,,,,,,,52.51468251099439,,#000000,,54.048797408760656,,83.42066788941759,28.173014529033964,False,False,True,False,True,,0.0,0.0,0.0,0.0,0,,,False,False,False,False,,,False,False,False,False,3226356.0,348462.3368713262,False,False,False,False,363688.4809159013,False,False,False,False
2024-03-12 17:00:00+00:00,57.935,58.11,57.615,57.625,290358.0,,,,,,,,,57.783333333333324,,,,,,,,,,,,,,52.665153959485366,57.783333333333324,#000000,,55.99061244755728,,84.27294891296334,29.59110252616472,False,False,True,False,True,,0.0,0.0,0.0,0.0,0,,,False,False,False,False,,,False,False,False,False,3516714.0,397582.5176950266,False,False,False,False,362551.5742350346,False,False,False,False
2024-03-13 17:00:00+00:00,57.915,58.02,57.69,57.845,155626.0,,,,,,,,,57.807178232103986,,,,,,,,,,,,,,52.743349306994254,57.807178232103986,#000000,,56.04080760220694,,85.12209655567962,30.9047257231757,False,False,True,False,True,,0.0,0.0,0.0,0.0,0,,,False,False,False,False,,,False,False,False,False,3672340.0,448353.9515292122,False,False,False,False,359343.42579728214,False,False,False,False
2024-03-14 17:00:00+00:00,57.555,57.715,57.12,57.385,292273.0,,,,,,,,,57.64861730174361,,,,,,,,,,,,,,52.87175401179396,57.64861730174361,#000000,,56.02081256735183,,82.10315550282428,30.9047257231757,False,False,True,False,False,,0.0,0.0,0.0,0.0,0,,,False,False,False,False,,,False,False,False,False,3380067.0,493806.86700937944,False,False,False,False,358303.57423453353,False,False,False,False
2024-03-15 17:00:00+00:00,57.69,57.81,57.38,57.44,241810.0,,,,,,,,,57.622640795646284,,,,,,,,,,,,,,52.97580653789577,57.622640795646284,#000000,,56.0556589291564,,80.22128998925847,34.19564840739763,False,False,True,False,False,,0.0,0.0,0.0,0.0,0,,,False,False,False,False,,,False,False,False,False,3621877.0,542304.0783735751,False,False,False,False,356497.47230841673,False,False,False,False
2024-03-18 17:00:00+00:00,57.435,57.7,57.425,57.67,234916.0,,,,,,,,,57.617940967075256,,,,,,,,,,,,,,53.073712564516,57.617940967075256,#000000,,56.097865433747614,,79.52848884526728,33.36262674885502,False,False,True,False,False,,0.0,0.0,0.0,0.0,0,,,False,False,False,False,,,False,False,False,False,3856793.0,593691.5035150701,False,False,False,False,354612.48824161955,False,False,False,False
2024-03-19 17:00:00+00:00,57.535,57.6,56.925,57.0,256534.0,,,,,,,,,57.54072173138333,,,,,,,,,,,,,,53.16642799374353,57.54072173138333,#000000,,56.09866113467764,,74.11698348928056,28.249165283010555,False,False,True,False,False,,0.0,0.0,0.0,0.0,0,,,False,False,False,False,,,False,False,False,False,3600259.0,640304.953072976,False,False,False,False,353091.8915246952,False,False,False,False
2024-03-20 17:00:00+00:00,56.69,57.505,56.41,57.32,516473.0,,,,,,,,,57.42059480765329,,,,,,,,,,,,,,53.336719676627936,57.42059480765329,#000000,,56.10831229191977,,71.64282856830113,26.047886672070916,False,False,True,False,False,,0.0,0.0,0.0,0.0,0,,,False,False,False,False,,,False,False,False,False,4116732.0,694203.0468237826,False,False,False,False,355624.93196617276,False,False,False,False
2024-03-21 17:00:00+00:00,57.795,57.985,57.61,57.885,497491.0,,,,,,,,,57.501873680922664,,,,,,,,,,,,,,53.517414062286385,57.501873680922664,#000000,,56.22857282185562,,71.71882498680645,26.047886672070916,False,False,True,False,False,,0.0,0.0,0.0,0.0,0,,,False,False,False,False,,,False,False,False,False,4614223.0,754978.5499738015,False,False,False,False,357824.4058891778,False,False,False,False
2024-03-22 17:00:00+00:00,57.48,57.495,57.125,57.13,156292.0,,,,,,,,,57.486972384960154,,,,,,,,,,,,,,53.564016470079224,57.486972384960154,#000000,,56.23975447423037,,67.2322033349388,21.919382329544888,False,False,True,False,False,,0.0,0.0,0.0,0.0,0,,,False,False,False,False,,,False,False,False,False,4457931.0,812388.6654780837,False,False,False,False,354699.87246453937,False,False,False,False
2024-03-25 17:00:00+00:00,56.785,56.835,56.375,56.735,218129.0,,,,,,,,,57.42300813104785,,,,,,,,,,,,,,53.61684052577177,57.42300813104785,#000000,,56.366857928380405,,62.293475171659054,17.463732773023963,False,False,True,False,False,,0.0,0.0,0.0,0.0,0,,,False,False,False,False,,,False,False,False,False,4239802.0,865526.8567109816,False,False,False,False,352582.4945968721,False,False,False,False
2024-03-26 17:00:00+00:00,56.905,56.975,56.675,56.8,128603.0,,,,,,,,,57.39691570980585,,,,,,,,,,,,,,53.648827529808784,57.39691570980585,#000000,,56.38665661669429,,59.29011600710188,14.863069529193567,False,False,True,False,False,,0.0,0.0,0.0,0.0,0,,,False,False,False,False,,,False,False,False,False,4368405.0,919835.0449790284,False,False,False,False,349109.94429304457,False,False,False,False
2024-03-27 17:00:00+00:00,57.015,57.64,56.865,57.635,118037.0,,,,,,,,,57.39627297597565,,,,,,,,,,,,,,53.682750433013105,57.39627297597565,#000000,,56.45217476569368,,60.53479016854087,14.863069529193567,False,False,True,False,False,,0.0,0.0,0.0,0.0,0,,,False,False,False,False,,,False,False,False,False,4486442.0,975131.2768398187,False,False,False,False,345527.41802493535,False,False,False,False
2024-03-28 17:00:00+00:00,57.975,58.075,57.835,57.92,232787.0,,,,,,,,,57.43440894263488,,,,,,,,,,,,,,53.7577984489349,57.43440894263488,#000000,,56.93929735584295,,62.2782224396929,14.863069529193567,False,False,True,False,True,,0.0,0.0,0.0,0.0,0,,,False,False,False,False,,,False,False,False,False,4719229.0,1033179.3035554804,False,False,False,False,343779.50456718437,False,False,False,False
2024-03-29 17:00:00+00:00,57.92,57.92,57.92,57.92,0.0,,,,,,,,,57.43440894263488,,,,,,,,,,,,,,53.7577984489349,57.43440894263488,#000000,,56.93929735584295,,63.44051062046091,14.863069529193567,False,False,True,False,True,,0.0,0.0,0.0,0.0,0,,,False,False,False,False,,,False,False,False,False,4719229.0,1090327.3608646977,False,False,False,False,338449.58976769313,False,False,False,False
2024-04-01 17:00:00+00:00,57.675,57.68,57.415,57.63,152392.0,,,,,,,,,57.44054487171226,,,,,,,,,,,,,,53.801313496147486,57.44054487171226,#000000,,56.92846621745166,,62.30500291875413,14.863069529193567,False,False,True,False,True,,0.0,0.0,0.0,0.0,0,,,False,False,False,False,,,False,False,False,False,4566837.0,1144226.7351148576,False,False,False,False,335564.97597284516,False,False,False,False
2024-04-02 17:00:00+00:00,57.59,57.635,57.24,57.37,170217.0,,,,,,,,,57.43935747546791,,,,,,,,,,,,,,53.84674850190607,57.43935747546791,#000000,,56.91274513796166,,59.931188219035775,14.863069529193567,False,False,True,False,False,,0.0,0.0,0.0,0.0,0,,,False,False,False,False,,,False,False,False,False,4396620.0,1194651.4368960224,False,False,False,False,333001.4414616382,False,False,False,False
2024-04-03 17:00:00+00:00,57.35,57.405,56.855,57.135,148289.0,,,,,,,,,57.42738255577249,,,,,,,,,,,,,,53.88233945075119,57.42738255577249,#000000,,56.88157791901062,,56.95218265461117,12.408440142957538,False,False,True,False,False,,0.0,0.0,0.0,0.0,0,,,False,False,False,False,,,False,False,False,False,4248331.0,1241995.306091433,False,False,False,False,330137.68267928716,False,False,False,False
2024-04-04 17:00:00+00:00,57.775,57.825,56.535,56.71,216280.0,,,,,,,,,57.40567943546768,,,,,,,,,,,,,,53.9312024703415,57.40567943546768,#000000,,56.84256738449393,,52.69194566325638,8.37003020915403,False,True,False,False,False,,0.0,0.0,0.0,0.0,0,,,False,False,False,False,,,False,False,False,False,4032051.0,1285251.983516372,False,False,False,False,328372.44728891057,False,False,False,False
2024-04-05 17:00:00+00:00,57.61,57.61,57.16,57.405,132659.0,,,,,,,,,57.40523249011941,,,,,,,,,,,,,,53.963909687399266,57.40523249011941,#000000,,56.85039268519223,,53.52758730104404,8.37003020915403,False,True,True,False,False,,0.0,0.0,0.0,0.0,0,,,False,False,False,False,,,False,False,False,False,4164710.0,1329894.7434618545,False,False,False,False,325338.1302766794,False,False,False,False
2024-04-08 17:00:00+00:00,57.825,57.985,57.715,57.82,146964.0,,,,,,,,,57.42007067947321,,,,,,,,,,,,,,54.00407522272888,57.42007067947321,#000000,,56.887608704420245,,55.834085271790755,8.37003020915403,False,True,True,False,True,,0.0,0.0,0.0,0.0,0,,,False,False,False,False,,,False,False,False,False,4311674.0,1376123.879222136,False,False,False,False,322572.6398847929,False,False,False,False
2024-04-09 17:00:00+00:00,57.36,57.63,57.235,57.58,150078.0,,,,,,,,,57.42214513438331,,,,,,,,,,,,,,54.04048958956695,57.42214513438331,#000000,,56.89863779213316,,55.944851768346666,8.37003020915403,False,True,True,False,True,20.0,0.0,0.0,0.0,0.0,0,,,False,False,False,False,,,False,False,False,False,4161596.0,1419309.4934977617,False,False,False,False,319898.3043827031,False,False,False,False
2024-04-10 17:00:00+00:00,56.9,57.02,56.54,56.93,126638.0,,,,,,,,,57.40578235991346,,,,,,,,,,,,,,54.064921012162486,57.40578235991346,#000000,,56.87646876427532,,52.69595078784319,8.1296418780178,False,True,True,False,False,17.803271318803098,0.0,0.0,0.0,0.0,0,,,False,False,False,False,,,False,False,False,False,4034958.0,1459862.1835210521,False,False,False,False,316902.0205938239,False,False,False,False
2024-04-11 17:00:00+00:00,56.425,56.995,56.38,56.66,267728.0,,,,,,,,,57.36563072569693,,,,,,,,,,,,,,54.11243161462977,57.36563072569693,#000000,,56.82639931107492,,49.350660133293374,4.881733363668587,False,True,False,False,False,16.076257478310794,0.0,0.0,0.0,0.0,0,,,False,False,False,False,,,False,False,False,False,3767230.0,1495635.3279625862,False,False,False,False,316139.63267764065,False,False,False,False
2024-04-12 17:00:00+00:00,56.565,56.675,56.08,56.345,309936.0,,,,,,,,,57.30563376326499,,,,,,,,,,,,,,54.15889543370762,57.30563376326499,#000000,,56.75562203763243,,45.82165926617141,1.5467142237721987,False,True,False,True,False,14.102280576266914,0.0,0.0,0.0,0.0,0,,,False,False,False,False,,,False,False,False,False,3457294.0,1526048.6407073522,False,False,False,False,316043.4523260493,False,False,False,False
2024-04-15 17:00:00+00:00,57.345,57.44,56.74,56.975,182479.0,,,,,,,,,57.29696002992581,,,,,,,,,,,,,,54.19357966064164,57.29696002992581,#000000,,56.75598400786566,,46.94871762218818,1.5467142237721987,False,True,False,True,False,16.6818348040984,0.0,0.0,0.0,0.0,0,,,False,False,False,False,,,False,False,False,False,3639773.0,1558819.561006463,False,False,False,False,313972.6856233198,False,False,False,False
2024-04-16 17:00:00+00:00,56.145,56.735,56.075,56.41,547866.0,,,,,,,,,57.21416025574102,,,,,,,,,,56.406666666666666,,,,54.27047834723224,56.810413461203844,#000000,,56.6242800735199,,45.29317736156206,0.9673472552766498,False,True,False,True,False,13.260528333837836,0.0,0.0,0.0,0.0,0,,,False,False,False,False,,,False,False,False,False,3091907.0,1582588.3585102386,False,False,False,False,317598.93855939235,False,False,False,False
2024-04-17 17:00:00+00:00,56.96,57.635,56.92,57.185,251530.0,,,,,,,,,57.215491389745175,,,,,,,,,,56.670972717735225,,,,54.317211251125194,56.9432320537402,#000000,,56.69167316311732,,47.76043200178774,0.9673472552766498,False,True,False,True,False,16.325223649009615,0.0,0.0,0.0,0.0,0,,,False,False,False,False,,,False,False,False,False,3343437.0,1609888.3374480645,False,False,False,False,316574.61393056455,False,False,False,False
2024-04-18 17:00:00+00:00,58.69,58.985,58.385,58.725,436347.0,,,,,,,,,57.31384372170806,,,,,,,,,,57.386843835382166,,,,54.433387691104166,57.35034377854511,#000000,,56.95423173951322,,54.01236558073986,-2.0314980495929262,False,True,True,False,True,20.0,0.0,0.0,0.0,0.0,0,,,False,False,False,False,,,False,False,False,False,3779784.0,1643530.130665924,False,False,False,False,318431.5501486953,False,False,False,False
2024-04-19 17:00:00+00:00,60.635,60.79,59.97,60.295,342201.0,,,,,,,,,57.4640468878979,,,,,,,,,,58.029810466446634,,,,54.55395745707403,57.746928677172264,#000000,,57.24236911746827,,60.981702713435816,4.234642793399729,False,True,True,False,True,20.0,0.0,0.0,0.0,0.0,0,,,False,False,False,False,,,False,False,False,False,4121985.0,1681955.7875548243,False,False,False,False,318800.0687510411,False,False,False,False
2024-04-22 17:00:00+00:00,61.215,61.495,60.855,61.12,348329.0,,,,,,,,,57.64099009821537,,,,,,,,,,58.595241583098556,,,,54.68809784158403,58.11811584065696,#000000,,57.53395769344303,,66.70807068084335,9.20821073545784,False,False,True,False,True,20.0,0.0,0.0,0.0,0.0,0,,,False,False,False,False,,,False,False,False,False,4470314.0,1725186.1474376952,False,False,False,False,319257.88163862185,False,False,False,False
2024-04-23 17:00:00+00:00,61.485,61.53,60.81,60.965,379510.0,,,,,,,,,57.81269888552043,,,,,,,,,,59.00777536596751,,,,54.826985179003984,58.410237125743976,#000000,,58.33677299606733,,69.83305586433093,11.838899782188449,False,False,True,False,True,20.0,0.0,0.0,0.0,0.0,0,,,False,False,False,False,,,False,False,False,False,4090804.0,1761862.3932138549,False,False,False,False,320192.0230085657,False,False,False,False
2024-04-24 17:00:00+00:00,60.62,60.96,60.535,60.595,272476.0,,,,,,,,,57.911901941040924,,,,,,,,,,59.186261059627185,,,,54.91684842566607,58.549081500334054,#000000,,58.41695030657061,,70.2265129062408,12.196427835668572,True,False,True,False,True,20.0,0.0,0.0,0.0,0.0,0,,,False,False,False,False,,,False,False,False,False,3818328.0,1793745.5809159656,False,False,False,False,319452.23970610736,False,False,False,False
2024-04-25 17:00:00+00:00,59.775,60.27,59.745,59.94,329867.0,,,,,,,,,57.99478124128273,,,,,,,,,,59.27686154187725,,,,55.00907415220405,58.635821391579995,#000000,,58.44366158089951,,67.71561600079866,12.196427835668572,False,False,True,False,True,20.0,0.0,0.0,0.0,0.0,0,,,False,False,False,False,,,False,False,False,False,3488461.0,1820020.2385761833,False,False,False,False,319613.70885795064,False,False,False,False
2024-04-26 17:00:00+00:00,60.03,60.435,59.875,59.885,223500.0,,,,,,,,,58.049378871095215,,,,,,,,,,59.333109939799115,,,,55.070651361507295,58.691244405447165,#000000,,58.478065261878534,,65.81293550808334,12.196427835668572,False,False,True,False,False,20.0,0.0,0.0,0.0,0.0,0,,,False,False,False,False,,,False,False,False,False,3264961.0,1842422.4209238393,False,False,False,False,318123.5738368971,False,False,False,False
2024-04-29 17:00:00+00:00,60.12,60.24,59.615,59.81,178083.0,,,,,,,,,58.08722678020966,,,,,,,,,,59.362984423504706,,,,55.1169542585246,58.72510560185718,#000000,,58.4985283829937,,64.20313293741361,12.196427835668572,False,False,True,False,False,20.0,0.0,0.0,0.0,0.0,0,,,False,False,False,False,,,False,False,False,False,3086878.0,1861716.3058707565,False,False,False,False,315952.40214950335,False,False,False,False
2024-04-30 17:00:00+00:00,59.46,59.775,59.305,59.32,264825.0,,,,,,,,,58.1281922106247,,,,,,,,,,59.37066588633185,,,,55.17824627459573,58.74942904847828,#000000,,58.50500680631492,,60.929543552935314,18.36153120807232,False,True,True,False,False,18.706102433596485,0.0,0.0,0.0,0.0,0,,,False,False,False,False,,,False,False,False,False,2822053.0,1876605.2468650083,False,False,False,False,315159.72924796067,False,False,False,False
2024-05-01 17:00:00+00:00,59.625,60.16,59.325,59.48,213268.0,,,,,,,,,58.16385387932618,,,,,,,,,,59.38667500395568,,,,55.22847738353587,58.77526444164093,#000000,,58.52264874690755,,59.32866612882479,16.53520031302847,False,True,True,False,False,19.208377061220173,0.0,0.0,0.0,0.0,0,,,False,False,False,False,,,False,False,False,False,3035321.0,1894569.8321849306,False,False,False,False,313580.0125154342,False,False,False,False
2024-05-02 17:00:00+00:00,59.435,59.97,59.4,59.825,408313.0,,,,,,,,,58.23096273385145,,,,,,,,,,59.420245242325336,,,,55.32318098779707,58.82560398808839,#000000,,58.56417008974676,,59.50292424694024,16.294332654189972,False,True,True,False,False,20.0,0.0,0.0,0.0,0.0,0,,,False,False,False,False,,,False,False,False,False,3443634.0,1918586.3309107455,False,False,False,False,315048.741003567,False,False,False,False
2024-05-03 17:00:00+00:00,60.115,60.26,59.905,59.94,260705.0,,,,,,,,,58.27895566263927,,,,,,,,,,59.45620577900835,,,,55.3856116982862,58.86758072082381,#000000,,58.604259020216226,,60.03199445186323,16.294332654189972,False,True,True,False,False,20.0,0.0,0.0,0.0,0.0,0,,,False,False,False,False,,,False,False,False,False,3704339.0,1946272.4188036022,False,False,False,False,314206.20238335663,False,False,False,False
2024-05-06 17:00:00+00:00,60.25,60.32,59.84,60.195,216452.0,,,,,,,,,58.318704724247894,,,,,,,,,,59.486873549552996,,,,55.43710863635835,58.902789136900445,#000000,,58.638755194149475,,61.31159375355348,16.294332654189972,False,True,True,False,False,20.0,0.0,0.0,0.0,0.0,0,,,False,False,False,False,,,False,False,False,False,3920791.0,1976885.1099849415,False,False,False,False,312690.63335415727,False,False,False,False
2024-05-07 17:00:00+00:00,60.335,60.47,60.06,60.25,227787.0,,,,,,,,,58.3618714320745,,,,,,,,,,59.522806223444086,,,,55.491709620815925,58.94233882775929,#000000,,58.678295935557024,,62.36993380689386,16.294332654189972,False,False,True,False,False,20.0,0.0,0.0,0.0,0.0,0,,,False,False,False,False,,,False,False,False,False,4148578.0,2010554.7671944774,False,False,False,False,311374.2979533176,False,False,False,False
2024-05-08 17:00:00+00:00,60.65,61.44,60.605,61.2,262261.0,,,,,,,,,58.42976361171812,,,,,,,,,,59.601985569039556,,,,55.56363496728995,59.01587459037884,#000000,,58.75392376088421,,66.02081421169146,16.294332654189972,False,False,True,False,True,20.0,0.0,0.0,0.0,0.0,0,,,False,False,False,False,,,False,False,False,False,4410839.0,2047768.476230222,False,False,False,False,310612.8514734212,False,False,False,False
2024-05-09 17:00:00+00:00,61.225,61.37,61.04,61.295,181382.0,,,,,,,,,58.477371592392274,,,,,,,,,,59.65740482787128,,,,55.613658451635466,59.06738821013178,#000000,,58.80683597204443,,68.69686397257861,13.36479757112042,True,False,True,False,True,20.0,0.0,0.0,0.0,0.0,0,,,False,False,False,False,,,False,False,False,False,4592221.0,2087217.352567738,False,False,False,False,308609.27238081,False,False,False,False
2024-05-10 17:00:00+00:00,61.72,61.975,61.615,61.875,117140.0,,,,,,,,,58.51362858937821,,,,,,,,,,59.70382170184833,,,,55.64882119703324,59.10872514561326,#000000,,58.84943093319859,,71.84377936920457,16.422751203231257,True,False,True,False,True,20.0,0.0,0.0,0.0,0.0,0,,,False,False,False,False,,,False,False,False,False,4709361.0,2127870.7424504086,False,False,False,False,305640.7565299447,False,False,False,False
2024-05-13 17:00:00+00:00,61.77,61.77,61.21,61.27,278554.0,,,,,,,,,58.586589410335066,,,,,,,,,,59.78693788692163,,,,55.72547572772887,59.18676364862834,#000000,,58.92931508830892,,69.87759886838981,16.422751203231257,True,False,True,False,True,20.0,0.0,0.0,0.0,0.0,0,,,False,False,False,False,,,False,False,False,False,4430807.0,2163575.1805519527,False,False,False,False,305220.8068163022,False,False,False,False
2024-05-14 17:00:00+00:00,61.765,61.995,61.465,61.875,195524.0,,,,,,,,,58.6419194550052,,,,,,,,,,59.852532706808724,,,,55.78141834477809,59.24722608090696,"rgba(38, 166, 154, 0.5)",3.897434895641713,58.99121028602551,0.73991991943195,70.26192669941238,16.422751203231257,True,False,True,False,True,20.0,0.0,0.0,0.0,0.0,0,,,False,False,False,False,,,False,False,False,False,4626331.0,2201757.4413185893,False,False,False,False,303520.0811292277,False,False,False,False
2024-05-15 17:00:00+00:00,62.115,62.38,61.87,62.33,124640.0,,,,,,,,62.19333333333333,58.680736162487655,,,,,,,,,,59.900673042040125,,,,55.818974076282714,60.258247512620365,"rgba(38, 166, 154, 0.5)",3.8987497799739352,59.486803676436224,0.7292584761833014,71.60132100780214,16.478159978041603,True,False,True,False,True,20.0,0.0,0.0,0.0,0.0,0,,,False,False,False,False,,,False,False,False,False,4750971.0,2241280.132150859,False,False,False,False,300746.7465380769,False,True,False,False
2024-05-16 17:00:00+00:00,62.045,62.045,60.965,61.07,345091.0,,,,,,,,61.5811194634092,58.75943376807868,,,,,,,,,,59.97929121828003,,,,55.90739773526835,60.10661481658931,#000000,3.833247173336446,59.46796216863499,0.41793230619422883,66.08237993370957,21.438461450778448,True,False,True,False,False,19.331638743137344,0.0,0.0,0.0,0.0,0,,,False,False,False,False,,,False,False,False,False,4405880.0,2274839.8200244894,False,False,False,False,301434.2543436881,False,False,False,False
2024-05-17 17:00:00+00:00,60.95,61.14,60.94,61.115,159215.0,,,,,,,,61.45046602040027,58.79026053978655,,,,,,,,,,60.005622467643164,,,,55.945093338011326,60.08211634260999,#000000,3.772469143868695,59.47420360417651,0.4349396464886242,62.55739593630727,18.200801704310962,False,False,True,False,False,19.463631408538113,0.0,0.0,0.0,0.0,0,,,False,False,False,False,,,False,False,False,False,4565095.0,2310347.6522721713,False,False,False,False,299229.304663941,False,False,False,False
2024-05-20 17:00:00+00:00,61.36,61.395,60.59,60.725,265114.0,,,,,,,,61.28822575106816,58.83628096262574,,,,,,,,,,60.04046820927734,,,,56.00470971741038,60.054991640990416,#000000,3.6843428154803863,59.48632337792714,0.3362001540324507,58.519236596494224,14.52460958835735,False,True,True,False,False,17.52355125432507,0.0,0.0,0.0,0.0,0,,,False,False,False,False,,,False,False,False,False,4299981.0,2341194.6809191145,False,False,False,False,298700.38521178684,False,False,False,False
2024-05-21 17:00:00+00:00,61.325,61.67,61.205,61.475,198808.0,,,,,,,,61.31765475336454,58.87828206354943,,,,,,,,,,60.08033656158076,,,,56.05336858571008,60.09209112616491,"rgba(38, 166, 154, 0.5)",3.5854869032438663,59.526342199725995,0.5434848467891527,58.55034986490574,14.52460958835735,False,True,True,False,False,19.750222743721267,0.0,0.0,0.0,0.0,0,,,False,False,False,False,,,False,False,False,False,4498789.0,2374645.7556335465,False,False,False,False,297151.6660612165,False,False,False,False
2024-05-22 17:00:00+00:00,61.015,61.045,60.51,60.96,153347.0,,,,,,,,61.25867415868584,58.90227926965034,,,,,,,,,,60.09652068106026,,,,56.08612361509117,60.08582470313215,#000000,3.4735137945718653,59.53554724055869,0.41008985243338647,56.36406472344478,12.339139998478139,False,True,True,False,False,17.24622061712062,0.0,0.0,0.0,0.0,0,,,False,False,False,False,,,False,False,False,False,4345442.0,2405200.73616636,False,False,False,False,294922.136354841,False,False,False,False
2024-05-23 17:00:00+00:00,59.845,59.895,59.355,59.69,217640.0,,,,,,,,61.01900744950832,58.91499303199316,,,,,,,,,,60.08328970745733,,,,56.120383028756436,60.0057633963196,#000000,3.329475950973076,59.50139199100243,0.05664795654777038,50.771269850688455,7.0507155877456,False,True,False,False,False,11.49430652468541,0.0,0.0,0.0,0.0,0,,,False,False,False,False,,,False,False,False,False,4127802.0,2431907.7325048656,False,False,False,False,293723.9636981768,False,False,False,False
2024-05-24 17:00:00+00:00,59.88,60.225,59.875,60.22,121075.0,,,,,,,,60.949312472264815,58.92620911494616,,,,,,,,,,60.08366604328856,,,,56.141607122670464,59.98639587683317,#000000,3.1650466629069367,59.496713641579795,0.22852312634022948,49.07145690107408,5.464503199305597,False,True,False,True,False,13.1369422518732,0.0,0.0,0.0,0.0,0,,,False,False,False,False,,,False,False,False,False,4248877.0,2460077.798667581,False,False,False,False,291047.2355788252,False,False,False,False
2024-05-27 17:00:00+00:00,60.22,60.22,60.22,60.22,0.0,,,,,,,,60.949312472264815,58.92620911494616,,,,,,,,,,60.08366604328856,,,,56.141607122670464,59.98639587683317,#000000,3.018451728591629,59.496713641579795,0.23962164164131913,47.93824826799783,4.261597936759308,False,True,False,True,False,13.1369422518732,0.0,0.0,0.0,0.0,0,,,False,False,False,False,,,False,False,False,False,4248877.0,2487811.119618471,False,False,False,False,286534.87533729296,False,False,False,False
2024-05-28 17:00:00+00:00,59.705,59.705,59.19,59.475,154643.0,,,,,,,,60.816620584476766,58.932510275647594,,,,,,,,,,60.07103349126891,,,,56.1639987000543,59.940054783797756,#000000,2.81921386556958,59.47539002211999,-0.00013834428269182323,44.869005070399396,1.2017392293094389,False,True,False,True,False,9.92197224866052,0.0,0.0,0.0,0.0,0,,,False,False,False,False,,,False,False,False,False,4094234.0,2512716.900709657,False,False,False,False,284490.0400607458,False,False,False,False
2024-05-29 17:00:00+00:00,58.69,58.945,58.62,58.765,200695.0,,,,,,,,60.605614397942276,58.93014424082527,,,,,,,,,,60.03805142559659,,,,56.18670223290556,59.85793668812138,#000000,2.602996892011163,59.4305484407238,-0.2556854534734274,41.013921516064585,-2.5151392622532143,False,True,False,True,False,7.0127537493100505,0.0,0.0,0.0,0.0,0,,,False,False,False,False,,,False,False,False,False,3893539.0,2534124.995272298,False,False,False,False,283190.89215282723,False,False,False,False
2024-05-30 17:00:00+00:00,59.18,59.395,59.015,59.205,164144.0,,,,,,,,60.49636656541906,58.93351529676378,,,,,,,,,,60.0210446162754,,,,56.208002451915036,59.81697549281941,#000000,2.5151773315233585,59.40963142661104,-0.0813586477765788,40.42236697119987,-3.217924681324561,False,True,False,True,False,8.454351781118191,0.0,0.0,0.0,0.0,0,,,False,False,False,False,,,False,False,False,False,4057683.0,2557746.0496091614,False,False,False,False,281345.20390239585,False,False,False,False
2024-05-31 17:00:00+00:00,59.13,59.98,59.105,59.95,142128.0,,,,,,,,60.44461345743528,58.94134198687229,,,,,,,,,,60.01509177700432,,,,56.22907911353141,59.80034907377063,#000000,2.421900684984395,59.403602911015064,0.22560672796063058,42.96367048722068,-3.217924681324561,False,True,False,True,False,10.80608531066488,0.0,0.0,0.0,0.0,0,,,False,False,False,False,,,False,False,False,False,4199811.0,2583204.4209330506,False,False,False,False,279186.7976403432,False,False,False,False
2024-06-03 17:00:00+00:00,58.71,59.36,58.605,59.34,77046.0,,,,,,,,60.40008371829863,58.94225008316488,,,,,,,,,,60.006571200707015,,,,56.23850554204547,59.78296833405684,#000000,2.314770190761059,59.39427475722893,-0.023447147127412988,42.77143293432037,-3.217924681324561,False,True,False,True,False,8.34517161641292,0.0,0.0,0.0,0.0,0,,,False,False,False,False,,,False,False,False,False,4122765.0,2607073.5771976546,False,False,False,False,276052.8317854542,False,False,False,False
2024-06-04 17:00:00+00:00,58.58,58.805,58.505,58.68,145338.0,,,,,,,,60.29784653827604,58.93930145827345,,,,,,,,,,59.98334370175899,,,,56.25342330890096,59.74016389943616,#000000,2.190073331694205,59.369018455645396,-0.3146097647389654,40.87156023636711,-3.3465716302706454,False,True,False,True,False,5.787124900213026,0.0,0.0,0.0,0.0,0,,,False,False,False,False,,,False,False,False,False,3977427.0,2628319.366698466,False,False,False,False,274026.24524614477,False,False,False,False
2024-06-05 17:00:00+00:00,58.275,58.695,58.125,58.655,164947.0,,,,,,,,60.18473395558602,58.933994394123,,,,,,,,,,59.95463265712471,,,,56.26894266489232,59.69112033561124,#000000,2.088029643657568,59.33898143366914,-0.32757266437607646,39.539297493240575,-4.923034791549661,False,True,False,True,False,5.691399922501809,0.0,0.0,0.0,0.0,0,,,False,False,False,False,,,False,False,False,False,3812480.0,2646678.4462845363,False,False,False,False,272335.09415705723,False,False,False,False
2024-06-06 17:00:00+00:00,57.57,58.065,57.565,57.7,361911.0,,,,,,,,59.893822921138224,58.90465227840424,,,,,,,,,,59.86638185682118,,,,56.29153641380877,59.55495235212121,"rgba(239, 83, 80, 0.5)",2.0061168846692143,59.24874140391972,-0.7720095552533521,36.36555425567184,-8.157198681587502,False,True,False,True,False,2.1290357795220984,0.0,0.0,0.0,0.0,0,,,False,False,False,False,,,False,False,False,False,3450569.0,2659141.865721985,False,False,False,False,273723.8678910563,False,False,False,False
2024-06-07 17:00:00+00:00,58.49,58.675,58.305,58.345,135655.0,,,,,,,,59.83091497928905,58.90029386028158,,,,,,,,,,59.84506696438666,,,,56.30354612759336,59.52542526798576,#000000,1.9347073177629133,59.22949195495744,-0.4571709357982741,37.13751565128596,-8.157198681587502,False,True,False,True,False,4.280722997624402,0.0,0.0,0.0,0.0,0,,,False,False,False,False,,,False,False,False,False,3586224.0,2673515.2321449,False,False,False,False,271583.2652880941,False,False,False,False
2024-06-10 17:00:00+00:00,57.795,58.12,57.625,57.95,150749.0,,,,,,,,59.7421525659017,58.889920701705464,,,,,,,,,,59.81323090737585,,,,56.31338401620147,59.48176805832767,"rgba(239, 83, 80, 0.5)",1.8678408067282506,59.199573495859305,-0.6689935734127584,36.638882348102925,-8.341997878193247,False,True,False,True,False,2.844363660035814,0.0,0.0,0.0,0.0,0,,,False,False,False,False,,,False,False,False,False,3435475.0,2685328.5618790872,False,False,False,False,269709.86582626315,False,False,False,False
2024-06-11 17:00:00+00:00,57.305,57.545,57.03,57.13,235904.0,,,,,,,,59.57403653734459,58.86353681040324,,,,,,,,,,59.74889683284309,,,,56.322195675801474,59.39549006019698,"rgba(239, 83, 80, 0.5)",1.8227137920056269,58.90020610668971,-0.9711925780414795,34.46411685275308,-10.677692785201629,False,True,False,True,False,0.0,0.0,0.0,0.0,0.0,0,,,False,False,False,False,,,False,False,False,False,3199571.0,2693301.312857706,False,False,False,False,269185.7438754683,False,False,False,False
2024-06-12 17:00:00+00:00,57.495,57.63,57.155,57.29,135125.0,,,,,,,,59.49208217784425,58.8499157997661,,,,,,,,,,59.71521028104553,,,,56.32783924197316,59.3524027528853,"rgba(239, 83, 80, 0.5)",1.7715053455152638,58.878585975068056,-0.8967435402267991,33.78114171685253,-11.589692845455396,False,True,False,True,False,0.5153673433996993,0.0,0.0,0.0,0.0,0,,,False,False,False,False,,,False,False,False,False,3334696.0,2703245.4165343307,False,False,False,False,267107.28273011226,False,False,False,False
2024-06-13 17:00:00+00:00,57.3,57.63,57.26,57.28,162103.0,,,,,,,,59.402770139561966,58.83423717436252,,,,,,,,,,59.67655636221098,,,,56.334734543003734,59.304521225378494,"rgba(239, 83, 80, 0.5)",1.7411574745988132,58.85216276174331,-0.9029411668267141,33.30087261165193,-12.353677609229678,False,True,False,True,False,0.48020211840779226,0.0,0.0,0.0,0.0,0,,,False,False,False,False,,,False,False,False,False,3172593.0,2710522.1232547285,False,False,False,False,265479.3093544516,False,False,False,False
2024-06-14 17:00:00+00:00,57.565,57.58,57.095,57.415,158806.0,,,,,,,,59.321274242239696,58.81892295093047,,,,,,,,,,59.63948753624775,,,,56.34123481593145,59.25989490980597,"rgba(239, 83, 80, 0.5)",1.6963289722167538,58.82470737980037,-0.8310341937732604,33.74489503345845,-12.353677609229678,False,True,False,True,False,0.9551876606735661,0.0,0.0,0.0,0.0,0,,,False,False,False,False,,,False,False,False,False,3331399.0,2720148.1213438027,False,False,False,False,263825.4595970182,False,False,False,False
2024-06-17 17:00:00+00:00,57.86,58.24,57.55,58.24,317157.0,,,,,,,,59.224361501068465,58.80244559411285,,,,,,,,,,59.58895529594724,,,,56.36203376001787,59.20525413037618,#000000,1.6641604273410346,58.816293831495614,-0.34629704085465096,38.157737062647875,-15.957588895470735,False,True,False,True,True,3.7857312415516944,0.0,0.0,0.0,0.0,0,,,False,False,False,False,,,False,False,False,False,3648556.0,2734542.0419431236,False,False,False,False,264652.3051846613,False,False,False,False
2024-06-18 17:00:00+00:00,58.68,59.05,58.595,59.035,137785.0,,,,,,,,59.214063457171314,58.80324283036694,,,,,,,,,,59.579708175679166,,,,56.37566615043852,59.19900482107247,#000000,1.6464025757515715,58.83297739151243,0.12270547402134951,44.10401824293183,-10.493079562552168,False,True,False,True,True,6.365637452463943,0.0,0.0,0.0,0.0,0,,,False,False,False,False,,,False,False,False,False,3786341.0,2750849.0025331527,False,False,False,False,262685.370220558,False,False,False,False
2024-06-19 17:00:00+00:00,59.035,59.035,59.035,59.035,0.0,,,,,,,,59.214063457171314,58.80324283036694,,,,,,,,,,59.579708175679166,,,,56.37566615043852,59.19900482107247,#000000,1.6357556729602345,58.83297739151243,0.12350414663209826,48.06820569645447,-7.049760924476281,False,True,False,False,True,6.365637452463943,0.0,0.0,0.0,0.0,0,,,False,False,False,False,,,False,False,False,False,3786341.0,2766903.142028763,False,False,False,False,258612.72882178967,False,False,False,False
2024-06-20 17:00:00+00:00,58.98,59.2,58.76,58.97,121832.0,,,,,,,,59.20770811240623,58.80457756381152,,,,,,,,,,59.57270226090826,,,,56.387993370426415,59.194995979042005,#000000,1.6229274711386659,58.846070756399314,0.0763615415997208,50.38830906583794,-5.090305269079849,False,True,False,False,True,6.115467784307441,0.0,0.0,0.0,0.0,0,,,False,False,False,False,,,False,False,False,False,3664509.0,2780819.51191979,False,False,False,False,256492.09736718828,False,False,False,False
2024-06-21 17:00:00+00:00,58.155,58.425,58.08,58.145,236260.0,,,,,,,,59.15879736996355,58.79593202358319,,,,,,,,,,59.542824928159625,,,,56.4046472865181,59.16585144056879,#000000,1.6122316104597796,58.83464929427362,-0.4277606826459251,48.30353003969025,-5.090305269079849,False,True,False,False,True,3.009096345129869,0.0,0.0,0.0,0.0,0,,,False,False,False,False,,,False,False,False,False,3428249.0,2790857.1784016537,False,False,False,False,256178.4214390148,False,False,False,False
2024-06-24 17:00:00+00:00,59.11,59.47,58.91,59.005,169887.0,,,,,,,,59.157753311700816,58.799410147585604,,,,,,,,,,59.53636050515172,,,,56.42236764414436,59.16450798814605,#000000,1.5999386897036958,58.85014830944432,0.0967860153343495,50.42258462408965,-5.090305269079849,False,False,False,False,True,5.8268666184320885,0.0,0.0,0.0,0.0,0,,,False,False,False,False,,,False,False,False,False,3598136.0,2803373.1291241082,False,False,False,False,254840.56994383628,False,False,False,False
2024-06-25 17:00:00+00:00,58.45,58.585,57.195,57.195,561479.0,,,,,,,,59.005195702087484,58.76126797023092,,,,,,,,,,59.444302538967996,,,,56.44838455871889,59.07025540376213,"rgba(239, 83, 80, 0.5)",1.6050527004342068,58.77474020238706,-0.984229491006556,46.21421196873328,-5.090305269079849,False,True,False,True,False,0.0,0.0,0.0,0.0,0.0,0,,,False,False,False,False,,,False,False,False,False,3036657.0,2806989.9333237344,False,False,False,False,259594.65413075354,False,False,False,False
2024-06-26 17:00:00+00:00,56.95,57.265,56.875,57.015,700479.0,,,,,,,,58.78515945749932,58.69282895810653,,,,,,,,,,59.3064167470799,,,,56.46382193910844,58.928135054228584,"rgba(239, 83, 80, 1.0)",1.6146808654645244,58.64856874519839,-1.0116975930896601,42.988274914767956,-0.6699895816934855,False,True,False,True,False,0.0,0.0,0.0,0.0,0.0,0,,,False,False,False,False,,,False,False,False,False,2336178.0,2799690.523504762,False,False,False,False,266430.0703457806,False,False,False,False
2024-06-27 17:00:00+00:00,57.17,57.46,56.845,57.435,133601.0,,,,,,,,58.75280356449103,58.68187081014165,,,,,,,,,,59.28402311620175,,,,56.46762408646932,58.90623249694482,"rgba(239, 83, 80, 0.5)",1.6140962857957972,58.476609319882314,-0.6453204366112322,42.54116793781142,-1.1658459003811927,False,True,False,True,False,0.36475909107004156,0.0,0.0,0.0,0.0,0,,,False,False,False,False,,,False,False,False,False,2469779.0,2794575.6161636026,False,False,False,False,264370.70491406304,False,False,False,False
2024-06-28 17:00:00+00:00,59.035,59.445,58.965,59.38,290610.0,,,,,,,,58.77513688931292,58.69129931500487,,,,,,,,,,59.28354512957728,,,,56.49685094046989,58.91666044463168,#000000,1.607423255562296,58.65211353613789,0.4528281280884477,47.991706762676685,-1.1658459003811927,False,True,False,False,True,6.290041762915614,0.0,0.0,0.0,0.0,0,,,False,False,False,False,,,False,False,False,False,2760389.0,2794045.5911068027,False,False,False,False,264777.5156905892,False,False,False,False
2024-07-01 17:00:00+00:00,60.26,60.61,60.22,60.585,226363.0,,,,,,,,58.83104012323709,58.713505536219365,,,,,,,,,,59.304547575284786,,,,56.528956467984464,58.94969774491375,"rgba(38, 166, 154, 1.0)",1.6141516556902376,58.76352662763442,1.1284400483340515,53.96582361381713,-3.092270558322049,False,False,True,False,True,9.573706562125764,0.0,0.0,0.0,0.0,0,,,False,False,False,False,,,False,False,False,False,2986752.0,2797033.287368713,False,False,False,False,264181.9418039134,False,False,False,False
2024-07-02 17:00:00+00:00,60.715,60.98,60.57,60.965,180559.0,,,,,,,,58.88244833078397,58.73443716589342,,,,,,,,,,59.325873436091754,,,,56.556543302965814,58.98091964425638,"rgba(38, 166, 154, 1.0)",1.6169464325591414,59.037208699582436,1.1922419083274465,58.59772671209102,1.0368631790736842,True,False,True,False,True,10.564616141516339,0.0,0.0,0.0,0.0,0,,,False,False,False,False,,,False,False,False,False,3167311.0,2802774.0270994306,False,False,False,False,262885.46208602324,False,False,False,False
2024-07-03 17:00:00+00:00,60.54,60.54,60.54,60.54,0.0,,,,,,,,58.88244833078397,58.73443716589342,,,,,,,,,,59.325873436091754,,,,56.556543302965814,58.98091964425638,"rgba(38, 166, 154, 0.5)",1.6165122114384716,59.037208699582436,0.9296504472924998,60.16858486466887,2.431297666752428,True,False,True,False,True,9.110789322741063,0.0,0.0,0.0,0.0,0,,,False,False,False,False,,,False,False,False,False,3167311.0,2808425.763113393,False,False,False,False,258809.71848779032,False,False,False,False
2024-07-04 17:00:00+00:00,60.54,60.54,60.54,60.54,0.0,,,,,,,,58.88244833078397,58.73443716589342,,,,,,,,,,59.325873436091754,,,,56.556543302965814,58.98091964425638,"rgba(38, 166, 154, 0.5)",1.6215470590966001,59.037208699582436,0.9267639147363391,61.21582363305411,3.5703929006803676,True,False,True,False,True,9.110789322741063,0.0,0.0,0.0,0.0,0,,,False,False,False,False,,,False,False,False,False,3167311.0,2813989.875313185,False,False,False,False,254797.1647127858,False,False,False,False
2024-07-05 17:00:00+00:00,59.23,59.645,59.17,59.62,91331.0,,,,,,,,58.89006900216254,58.73812551519033,,,,,,,,,,59.32693819886699,,,,56.565973732434784,58.98504423873995,#000000,1.60811536496204,58.99597936937913,0.3880446914550805,58.63827488493348,3.5703929006803676,True,False,True,False,True,6.008407065712305,0.0,0.0,0.0,0.0,0,,,False,False,False,False,,,False,False,False,False,3075980.0,2818051.7377114305,False,False,False,False,252262.80556995192,False,False,False,False
2024-07-08 17:00:00+00:00,58.875,59.185,58.665,59.02,152532.0,,,,,,,,58.89146169154488,58.73992030784838,,,,,,,,,,59.32266921903804,,,,56.57879155518296,58.9846837394771,#000000,1.5854137351845041,58.938767911133525,0.05123715473363496,55.09717447411572,3.5703929006803676,True,False,True,False,False,4.067612480654997,0.0,0.0,0.0,0.0,0,,,False,False,False,False,,,False,False,False,False,2923448.0,2819685.788289548,False,False,False,False,250716.5915301077,False,False,False,False
2024-07-09 17:00:00+00:00,60.175,60.415,59.8,59.885,162272.0,,,,,,,,58.916312423909126,58.75112301411922,,,,,,,,,,59.33128027358132,,,,56.59838421491179,58.999571903869885,"rgba(38, 166, 154, 0.5)",1.5657081637565868,58.9664356403314,0.5866766112176991,55.20117027559544,3.5703929006803676,True,False,True,False,False,6.482461662516815,0.0,0.0,0.0,0.0,0,,,False,False,False,False,,,False,False,False,False,3085720.0,2823810.3497114154,False,False,False,False,249345.35755289672,False,False,False,False
2024-07-10 17:00:00+00:00,59.545,59.695,59.465,59.63,136239.0,,,,,,,,58.92852061088274,58.75722727271681,,,,,,,,,,59.33395286580433,,,,56.61259343633039,59.00656691646796,#000000,1.5572723815281126,58.96927039440641,0.42428647257279245,54.43848624415658,3.5703929006803676,True,False,True,False,False,5.656456861490543,0.0,0.0,0.0,0.0,0,,,False,False,False,False,,,False,False,False,False,2949481.0,2825758.731886432,False,False,False,False,247591.77061409212,False,False,False,False
2024-07-11 17:00:00+00:00,60.225,60.705,60.005,60.16,228688.0,,,,,,,,58.968329601594704,58.77557935469504,,,,,,,,,,59.34984547550826,,,,56.641616294228285,59.031251477266004,"rgba(38, 166, 154, 0.5)",1.555145707376367,59.01500322778931,0.7362633396856259,55.425731597550474,3.5703929006803676,True,False,True,False,False,7.1159293764972205,0.0,0.0,0.0,0.0,0,,,False,False,False,False,,,False,False,False,False,3178169.0,2831222.456973464,False,False,False,False,247298.68889914494,False,False,False,False
2024-07-12 17:00:00+00:00,56.805,56.91,56.14,56.525,402928.0,,,,,,,,58.84862254582837,58.72908292794769,,,,,,,,,56.525,59.26946372125721,,,,56.64001694092045,58.34304229875832,"rgba(239, 83, 80, 1.0)",1.5783970943293568,58.58060998927249,-1.3023402011177014,47.97666767532379,4.572917231015516,False,False,False,True,False,0.0,0.0,0.0,0.0,0.0,0,,,False,False,False,False,,,False,False,False,False,2775241.0,2830354.5274079842,False,False,False,False,249711.5464355923,False,False,False,False
2024-07-15 17:00:00+00:00,58.035,58.04,57.34,57.74,306730.0,,,,,,,,58.807563110900006,58.713252061714655,,,,,,,,,57.03574266289771,59.236328713114794,,,,56.65103804590472,58.44822163715679,"rgba(239, 83, 80, 0.5)",1.5770201915906639,58.57153457381962,-0.5272821351646034,46.07640205153889,2.734711486859915,False,True,False,True,False,0.0,0.0,0.0,0.0,0.0,0,,,False,False,False,False,,,False,False,False,False,3081971.0,2834255.557990806,False,False,False,False,250595.55346759863,False,False,False,False
2024-07-16 17:00:00+00:00,59.555,60.61,59.415,60.245,462109.0,,,,,,,,58.87346191384042,58.744635820957285,,,,,,,,,58.24024816936018,59.262753270924115,,,,56.70375016580592,58.7802747937705,"rgba(38, 166, 154, 0.5)",1.5681559090074317,58.763852976274485,0.9445151564444941,49.46056267061704,2.734711486859915,False,False,False,False,True,5.957148461116116,0.0,0.0,0.0,0.0,0,,,False,False,False,False,,,False,False,False,False,3544080.0,2845260.588099476,False,False,False,False,253874.83170841105,False,False,False,False
2024-07-17 17:00:00+00:00,60.78,61.005,60.285,60.95,233391.0,,,,,,,60.74666666666667,58.92084672431889,58.767422943245684,,,,,,,,,58.65655403639069,59.28559496245814,,,,56.734807804635324,59.275417066616015,"rgba(38, 166, 154, 1.0)",1.5626098519942588,59.01269631297182,1.2397871961166296,52.7539206962023,-4.146275376196762,True,False,True,False,True,7.528590568643676,0.0,0.0,0.0,0.0,0,,,False,False,False,False,,,False,False,False,False,3777471.0,2859713.462702585,False,False,False,False,253557.25292223413,False,False,False,False
2024-07-18 17:00:00+00:00,59.545,59.725,58.98,59.155,184639.0,,,,,,,60.10180160913492,58.9280239280402,58.77205673187267,,,,,,,,,58.729735307925054,59.28560785615002,,,,56.750222618483825,59.16344508662458,#000000,1.5344424758561925,58.97050164007698,0.12023804269369699,51.60305557226872,-4.146275376196762,True,False,False,False,True,2.9209042037192567,0.0,0.0,0.0,0.0,0,,,False,False,False,False,,,False,False,False,False,3592832.0,2871079.6415754133,False,False,False,False,252488.75287692816,False,False,False,False
2024-07-19 17:00:00+00:00,59.325,59.55,59.11,59.28,134078.0,,,,,,,59.910324127405026,58.93343630303648,58.77554181384069,,,,,,,,,58.77512587049525,59.28584798134935,,,,56.76141653922218,59.13605521922536,#000000,1.518858989712541,58.962470717303916,0.209057776164054,51.05687044038138,-4.146275376196762,True,False,False,False,True,3.205735506825402,0.0,0.0,0.0,0.0,0,,,False,False,False,False,,,False,False,False,False,3726910.0,2884348.329302926,False,False,False,False,250652.92725092926,False,False,False,False
2024-07-22 17:00:00+00:00,58.975,59.28,58.835,59.17,119914.0,,,,,,,59.764839638186444,58.935440832288066,58.77737086746734,,,,,,,,,58.79592943661124,59.284381057353485,,,,56.77049594729759,59.111592366381316,#000000,1.509123580752071,58.95294012278004,0.14383174445646657,50.47982579165146,-4.146275376196762,True,False,False,False,True,2.92920996197444,0.0,0.0,0.0,0.0,0,,,False,False,False,False,,,False,False,False,False,3606996.0,2895552.1691586943,False,False,False,False,248625.96713851174,False,False,False,False
2024-07-23 17:00:00+00:00,59.795,59.835,59.465,59.665,181832.0,,,,,,,59.74144879959962,58.94872825867251,58.784924740187215,,,,,,,,,58.873044809468304,59.28865093621161,,,,56.78741402716099,59.12735950882785,#000000,1.4959345567898914,58.968869397007346,0.46534830005295946,51.12190171534511,-4.146275376196762,True,False,False,False,True,4.080666983569259,0.0,0.0,0.0,0.0,0,,,False,False,False,False,,,False,False,False,False,3788828.0,2909401.4068461563,False,False,False,False,247590.4017565193,False,False,False,False
2024-07-24 17:00:00+00:00,59.655,59.805,59.37,59.44,293016.0,,,,,,,59.68955444238087,58.965766378184,58.79523163644263,,,,,,,,,58.95712014429167,59.29320194717656,,,,56.813170911558494,59.14017490969515,#000000,1.4691325442016463,58.985369247843245,0.3094552318993161,51.02332433269934,-4.146275376196762,True,False,False,False,True,3.4989609061539433,0.0,0.0,0.0,0.0,0,,,False,False,False,False,,,False,False,False,False,3495812.0,2918493.0439493167,False,False,False,False,248294.6745975035,False,False,False,False
2024-07-25 17:00:00+00:00,60.585,60.72,59.685,59.695,151418.0,,,,,,,59.7296490224049,58.98147378069512,58.80392284992261,,,,,,,,,59.023093593732405,59.30010821570708,,,,56.8286763197016,59.16764949249242,#000000,1.434786059325921,59.00774000992362,0.4789982350394874,51.564323399339486,-3.228277558206848,True,False,False,False,True,4.102073501111857,0.0,0.0,0.0,0.0,0,,,False,False,False,False,,,False,False,False,False,3647230.0,2929791.2913299478,False,False,False,False,246792.71065025538,False,False,False,False
2024-07-26 17:00:00+00:00,60.235,60.445,60.0,60.41,113054.0,,,,,,,59.77413480219536,58.99563799684112,58.81164502988544,,,,,,,,,59.07832299630665,59.3069224390212,,,,56.841057718622395,59.19333265284996,"rgba(38, 166, 154, 0.5)",1.3934831851828555,59.02828904639884,0.9915519385473219,53.57529677301829,-0.9252866565854987,True,False,True,False,True,5.77278961695146,0.0,0.0,0.0,0.0,0,,,False,False,False,False,0.2467744454223078,0.2467744454223078,False,False,False,False,3760284.0,2942667.1472783205,False,False,False,False,244719.24226808085,False,False,False,False
2024-07-29 17:00:00+00:00,59.485,59.68,59.37,59.595,87511.0,,,,,,,59.7609513129929,59.000247962586975,58.81460626908168,,,,,,,,,59.0937243168253,59.30820844131635,,,,56.848543927014376,59.19554766056065,#000000,1.3626440513981557,59.03195804267514,0.4131981178409289,52.646203856729485,-0.9252866565854987,True,False,True,False,True,3.6179433212899,0.0,0.0,0.0,0.0,0,0.8940191278085386,0.786436644854254,False,False,False,False,0.21273090561839875,0.22975267552035328,False,False,False,False,3672773.0,2953986.6178631526,False,False,False,False,242281.90517865322,False,False,False,False
2024-07-30 17:00:00+00:00,60.13,60.245,59.89,60.0,239984.0,,,,,,,59.8001540330309,59.02361065348889,58.82802132001396,,,,,,,,,59.17215853307423,59.31881686071638,,,,56.872600675670675,59.228552280064875,"rgba(38, 166, 154, 0.5)",1.314745205336351,59.06106301121533,0.7141588993621469,53.043761981120646,-0.8781455022365066,True,False,True,False,True,4.570686849041024,0.0,0.0,0.0,0.0,0,0.902504513679922,0.7723253553076251,False,False,False,False,0.23916326116721587,0.23445796834378457,False,False,False,False,3912757.0,2968851.2749505453,False,False,False,False,242246.27874177485,False,False,False,False
2024-07-31 17:00:00+00:00,60.005,60.06,59.2,59.31,115417.0,,,,,,,59.78292348387367,59.02892782211428,58.83164829110629,,,,,,,,,59.18555286904266,59.320223312615525,,,,56.88216055688943,59.229855155750485,#000000,1.2856505346700036,59.06454626723782,0.1909179253172259,51.40285001517486,-0.8781455022365066,True,False,False,False,False,2.7662320845099586,0.0,0.0,0.0,0.0,0,0.8928769914783252,0.7786217117450913,False,False,False,False,0.21782295519936815,0.22614046177157637,False,False,False,False,3797340.0,2981696.0613854206,False,False,False,False,240279.93333492562,False,False,False,False
2024-08-01 17:00:00+00:00,57.09,57.135,56.51,56.875,247358.0,,,,,,,59.4365438157313,58.98012480707166,58.80962891790752,,,,,,,,,59.008307500699836,59.2841995208165,,,,56.88183718282921,59.10376091244537,"rgba(255, 0, 0, 1.0)",1.3195569827145017,58.975303060369974,-1.5916728780059013,45.55157031378775,-0.3987094756297367,False,False,False,True,False,0.0,0.0,0.0,0.0,0.0,0,0.8919299201161945,0.7862200435729854,False,False,False,False,0.08461186369000999,0.1553761627307932,False,False,False,False,3549982.0,2990506.6960926233,False,False,False,False,240389.67080260118,False,False,False,False
2024-08-02 17:00:00+00:00,53.65,53.655,52.835,53.255,320062.0,,,,,,,58.61867525728072,58.819407622527535,58.73119431669884,,,,,,,,,58.4952758822718,59.17285720592635,,,,56.84613097507389,58.76748205694105,"rgba(255, 26, 202, 1.0)",1.5037037996617175,58.72159334029993,-3.635418984463382,37.90965052420988,-7.236450371817263,False,True,False,True,False,0.0,0.0,0.0,0.0,0.0,0,0.8896621591860103,0.7933312778046959,False,False,False,False,-0.0814639435829447,0.03695610957392424,False,False,False,False,3229920.0,2994218.53026173,False,False,False,False,241624.90071263837,False,False,False,False
2024-08-05 17:00:00+00:00,52.135,52.4,51.97,52.14,206695.0,,,,,,,58.11155128332439,58.701142429517986,58.67197371981303,,,,,,,,,58.151234800982564,59.09041518109838,,,,56.81664243893896,58.54526348294727,"rgba(255, 26, 202, 1.0)",1.7127630382587062,58.54811108582427,-3.7413880044603967,32.03782503405189,-12.20057478534855,False,True,False,True,False,0.0,0.0,0.0,0.0,0.0,0,0.8820467964137325,0.7996063853050517,False,False,False,False,-0.13112533246015973,-0.04708461144311774,False,False,False,False,3023225.0,2994668.2429708503,False,False,False,False,241083.35186438038,False,False,False,False
2024-08-06 17:00:00+00:00,52.755,52.95,52.34,52.345,263696.0,,,,,,,57.603997923628974,58.56455462670267,58.60222485447455,,,,,,,,,57.78745458268616,58.9935628919895,,,,56.78255024279467,58.31035897589637,"rgba(255, 26, 202, 1.0)",1.8830486781611075,58.35943550198062,-3.1939883295284868,28.677769306176934,-14.8741602586189,False,True,False,True,False,0.0,0.0,0.0,0.0,0.0,0,0.8844661464010114,0.792911017133889,False,False,False,False,-0.10950935229388722,-0.07829698186850248,False,False,False,False,3286921.0,2999199.293467426,False,False,False,False,241433.9355564055,False,False,False,False
2024-08-07 17:00:00+00:00,52.54,52.695,52.155,52.305,189258.0,,,,,,,57.28344175050783,58.46769341637371,58.55183948147794,,,,,,,,,57.54705107619793,58.924117642061674,,,,56.757504090640104,58.15482867332382,"rgba(255, 26, 202, 1.0)",2.038484448517284,58.23169618863532,-2.907403190123021,26.40435365260566,-16.738816201294263,False,True,False,True,False,0.0,0.0,0.0,0.0,0.0,0,0.8885201519584296,0.7935897995720717,False,False,False,False,-0.12386859839085983,-0.10108279012968116,False,False,False,False,3097663.0,3000725.8625609544,False,False,False,False,240625.00632297285,False,False,False,False
2024-08-08 17:00:00+00:00,52.78,53.125,52.645,52.795,133192.0,,,,,,,57.09995123525634,58.40645507221802,58.51953253790237,,,,,,,,,57.40457422064215,58.87956381438982,,,,56.74192435131915,58.06201537608174,"rgba(255, 26, 202, 1.0)",2.1625994743563717,58.15400095507212,-2.478036741716611,26.428972933907986,-16.738816201294263,False,True,False,True,False,0.0,0.0,0.0,0.0,0.0,0,0.8858407467461324,0.7904816161970292,False,False,False,False,-0.10209842232475398,-0.10159060622721758,False,False,False,False,3230855.0,3004293.75616466,False,False,False,False,238959.37831796551,False,False,False,False
2024-08-09 17:00:00+00:00,52.675,52.825,52.395,52.765,191706.0,,,,,,,56.85015952135814,58.31763388620835,58.47210524129295,,,,,,,,,57.20596211516209,58.81455147191405,,,,56.718612669193796,57.93208244718712,"rgba(255, 26, 202, 1.0)",2.277346650329223,58.04396954879589,-2.3180351344547137,26.409584434616278,-17.022247875583105,False,True,False,True,False,0.0,0.0,0.0,0.0,0.0,0,0.8906753831883032,0.7882857016652681,False,False,False,False,-0.12330815716984486,-0.11244938169853122,False,False,False,False,3039149.0,3004834.1475419523,False,False,False,False,238226.7678014079,False,False,False,False
2024-08-12 17:00:00+00:00,51.805,52.09,51.675,52.005,179380.0,,,,,,,56.60368087479152,58.226446255346865,58.42286622061495,,,,,,,,51.92333333333333,57.006776777621575,58.74778501079282,,,,56.693113694596725,56.821814745416845,"rgba(255, 26, 202, 1.0)",2.4107830678018223,57.47040010602547,-2.267064249380547,25.485763169540547,-18.29462645362109,False,True,False,True,False,0.0,0.0,0.0,0.0,0.0,0,0.8810466138962179,0.7909850483729116,False,False,False,False,-0.32664716278425515,-0.21954827224139317,False,False,False,False,2859769.0,3002585.075487038,False,False,False,False,237314.41481223877,False,False,False,False
2024-08-13 17:00:00+00:00,52.52,52.955,52.375,52.89,168025.0,,,,,,,56.43072944622969,58.1541241629494,58.38312246515851,,,,,,,,52.31832021224027,56.86121983058002,58.69375276232052,,,,56.67352117983079,56.80687814657974,"rgba(255, 0, 0, 1.0)",2.505278871747652,57.422781550007,-1.8092922113876244,27.9123094830341,-18.29462645362109,False,True,False,True,False,0.0,0.0,0.0,0.0,0.0,0,0.8761293820021684,0.7942265992049156,False,False,False,False,-0.28369553752583543,-0.2516219048836143,False,False,False,False,3027794.0,3002975.9115259987,False,False,False,False,236240.16031902577,False,False,False,False
2024-08-14 17:00:00+00:00,53.24,53.785,53.18,53.585,181758.0,,,,,,,56.296141761092024,58.088926742953284,58.34658312340314,,,,,,,,52.72993072707905,56.74219078797553,58.64387132696917,,,,56.65668657561849,56.80794074491204,"rgba(239, 83, 80, 1.0)",2.5731527529647464,57.387486768429,-1.4777539981051777,31.670594100484823,-18.29462645362109,False,True,False,True,True,0.0,0.0,0.0,0.0,0.0,0,0.8747636625551453,0.785630683352841,False,False,False,False,-0.23091894892707795,-0.2412704269053461,False,False,False,False,3209552.0,3006178.641579859,False,False,False,False,235395.47566291684,False,False,False,False
2024-08-15 17:00:00+00:00,54.755,54.77,54.42,54.57,200096.0,,,,,,,56.21342847787118,58.03554736464727,58.315758633238126,,,,,,,,53.239386811361484,56.66092233474969,58.60128766768087,,,,56.644604944821864,56.84438854825811,"rgba(239, 83, 80, 1.0)",2.612160124018716,57.37623338347679,-1.0742960807316422,36.8551517014327,-19.397324084182934,False,True,False,True,True,0.0,0.0,0.0,0.0,0.0,0,0.8766647365373478,0.781524208275801,False,False,False,False,-0.1564783352283646,-0.19887438106685534,False,False,False,False,3409648.0,3012433.9804700934,False,False,False,False,234848.19697046853,False,False,False,False
2024-08-16 17:00:00+00:00,55.29,55.425,55.09,55.17,253523.0,,,,,,,56.15652619816696,57.98236435577587,58.284018751306604,,,,,,,,53.752464675109366,56.5956086711013,58.55702188139478,,,,56.634208692417154,56.88800075547582,"rgba(239, 83, 80, 0.5)",2.636716452076068,57.36960330607547,-0.8342206475571419,41.772463362722654,-14.896077648501524,False,True,False,True,True,0.0,0.0,0.0,0.0,0.0,0,0.8804169438899977,0.7791971612330898,False,False,False,False,-0.11300235151518917,-0.15593836629102226,False,False,False,False,3663171.0,3022522.926509317,False,False,False,False,235137.72880038372,False,False,False,False
2024-08-19 17:00:00+00:00,56.405,56.46,56.185,56.44,121071.0,,,,,,,56.16203310596087,57.96783284994832,58.27462719382132,,,,,,,,54.03864290202892,56.590623738855065,58.5433486259904,,,,56.633256627107734,56.92951806943415,#000000,2.6401872237734456,57.382425288781405,-0.35695396155824943,47.71395446788293,-9.548275757797775,True,False,False,False,True,0.0,0.0,0.0,0.0,0.0,0,0.880746110325318,0.7827970297029708,False,False,False,False,-0.04392620717587244,-0.09993228673344735,False,False,False,False,3784242.0,3034332.524547932,False,False,False,False,233369.2523848739,False,False,False,False
2024-08-20 17:00:00+00:00,56.255,56.365,56.06,56.14,152751.0,,,,,,,56.16289468365923,57.94792771588706,58.261846471123064,,,,,,,,54.29995622195484,56.58009168078934,58.52498724043657,,,,56.63130430057299,56.96295066897502,#000000,2.6454523413000746,57.388914423194166,-0.47209862891742804,50.83995966430244,-6.824342969245166,True,False,True,False,True,0.0,0.0,0.0,0.0,0.0,0,0.8734352029224395,0.7875439925157042,False,False,False,False,-0.051030339974534926,-0.07548131335399114,False,False,False,False,3631491.0,3043590.7954851734,False,False,False,False,232119.35699906189,False,False,False,False
2024-08-21 17:00:00+00:00,55.495,55.58,55.2,55.4,249234.0,,,,,,,56.12384774762139,57.90213910190542,58.23345809336714,,,,,,,,54.480923066314794,56.53147416116109,58.48564865705652,,,,56.6225038949613,56.95958180457106,"rgba(239, 83, 80, 0.5)",2.647805700391738,57.36500336368896,-0.7421252108484568,50.93611927250758,-6.688553557553448,True,False,True,False,True,0.0,0.0,0.0,0.0,0.0,0,0.8685181070873138,0.7938680293268169,False,False,False,False,-0.10436309768997303,-0.08992220552198207,False,False,False,False,3382257.0,3048841.4343148605,False,False,False,False,232384.70030140202,False,False,False,False
2024-08-22 17:00:00+00:00,56.195,56.38,55.755,55.99,214656.0,,,,,,,56.120406818661344,57.87385506352363,58.21493418322041,,,,,,,,54.67564794084335,56.51478123141418,58.45949060653053,,,,56.61896936585614,56.97651930736558,"rgba(239, 83, 80, 0.5)",2.638663857893784,57.360051457442395,-0.5192216709770627,52.395762615293975,-5.044524561611851,True,False,True,False,True,0.0,0.0,0.0,0.0,0.0,0,0.8693476238983123,0.7911776429425579,False,False,False,False,-0.060402865054260055,-0.07516253528812106,False,False,False,False,3596913.0,3057338.6678913743,False,False,False,False,232109.83673083765,False,False,False,False
2024-08-23 17:00:00+00:00,56.945,56.955,56.505,56.685,141357.0,,,,,,,56.13636140476694,57.862368362015566,58.20663243519254,,,,,,,,54.8304813238725,56.51917611216679,58.447281046512785,,,,56.61935265307133,57.00038344742118,#000000,2.610752761557849,57.366745276028084,-0.2611297730166072,54.88741738206439,-2.3864169664229067,True,False,True,False,True,0.0,0.0,0.0,0.0,0.0,0,0.8689828935154487,0.7899040799186676,False,False,False,False,-0.017641569379956833,-0.04640205233403895,False,False,False,False,3738270.0,3067895.742807787,False,False,False,False,230702.81600632853,False,False,False,False
2024-08-26 17:00:00+00:00,56.92,56.985,56.535,56.645,148095.0,,,,,,,56.15236548713018,57.85064439296783,58.19807140846847,,,,,,,,54.96982590991665,56.52372804584868,58.43472001390479,,,,56.619778702998595,57.021559209706105,#000000,2.5918326814531447,57.37212388586315,-0.28054430020361965,56.417645990778226,-0.6117280344531082,True,False,True,False,True,0.0,0.0,0.0,0.0,0.0,0,0.8686609434463225,0.7918842375431462,False,False,False,False,-0.015707909451991395,-0.03105498089301517,False,False,False,False,3590175.0,3075993.095632472,False,False,False,False,229422.07467289708,False,False,False,False
2024-08-27 17:00:00+00:00,56.33,56.51,56.155,56.275,107244.0,,,,,,,56.155490881148154,57.839287055070315,58.19023560242369,,,,,,,,55.037879844668325,56.520357923269565,58.423596275368475,,,,56.61885739804741,57.02780793032475,#000000,2.563261906946606,57.370156723100536,-0.42725119900256436,56.171248911382236,-0.4451352538956286,True,False,True,False,True,0.0,0.0,0.0,0.0,0.0,0,0.8631574267549902,0.8022940470368566,False,False,False,False,-0.04328060733058567,-0.03716779411180042,False,False,False,False,3482931.0,3082302.2104288675,False,False,False,False,227527.8409570382,False,False,False,False
2024-08-28 17:00:00+00:00,56.985,57.185,56.635,57.07,139391.0,,,,,,,56.17537608413645,57.83095585921911,58.18364137567527,,,,,,,,55.15681680604419,56.52939240450521,58.413711339192375,,,,56.620198238825886,57.04831564479543,#000000,2.5165104754347674,57.37695861174723,-0.12197787958510085,57.98319804363696,1.714587842114959,True,False,True,False,True,0.04519757284395354,0.0,0.0,0.0,0.0,0,0.865325831745891,0.7946218934124847,False,False,False,False,-0.006041082264792279,-0.02160443818829635,False,False,False,False,3622322.0,3090674.6102671796,False,False,False,False,226161.37830654148,False,False,False,False
2024-08-29 17:00:00+00:00,57.495,57.765,57.29,57.36,136489.0,,,,,,,56.20588488345675,57.82764067709934,58.179914011897786,,,,,,,,55.28884451213992,56.54784155121553,58.40750824947969,,,,56.62343117907232,57.07627231421483,#000000,2.4915768226291974,57.38995950854795,-0.012024316599774562,59.85711875209403,3.8744362245909585,True,False,True,False,True,0.7017836246933413,0.0,0.0,0.0,0.0,0,0.8679666235330862,0.7992057471777256,False,False,False,False,0.0337619033150855,0.006078732563394576,False,False,False,False,3758811.0,3101033.3139839675,False,False,False,False,224771.1088754323,False,False,False,False
2024-08-30 17:00:00+00:00,57.895,58.59,57.84,58.43,155892.0,,,,,,,56.26035461742599,57.832427790497306,58.18054854305609,,,,,,,,55.47218835614916,56.58587590320312,58.406606210852544,,,,56.63061291997845,57.12300023686404,#000000,2.46455554533388,57.41642119324699,0.4112623100225959,63.26136657706269,7.36056027953498,True,False,True,False,True,3.073912763502811,0.0,0.0,0.0,0.0,0,0.8680803571428569,0.7987500000000006,False,False,False,False,0.07820885746690574,0.04214379501515016,False,False,False,False,3914703.0,3113648.347875689,False,False,False,False,223703.2157145729,False,False,False,False
2024-09-02 17:00:00+00:00,58.43,58.43,58.43,58.43,0.0,,,,,,,56.26035461742599,57.832427790497306,58.18054854305609,,,,,,,,55.47218835614916,56.58587590320312,58.406606210852544,,,,56.63061291997845,57.12300023686404,#000000,2.4432767338552015,57.41642119324699,0.4148440464022684,65.53086512704179,9.69154201360152,True,False,True,False,True,3.073912763502811,0.0,0.0,0.0,0.0,0,0.8705385237795558,0.8027061044682197,False,False,False,False,0.09216389672135378,0.06715384586825196,False,False,False,False,3914703.0,3126067.7998466087,False,False,False,False,220234.94880426943,False,False,False,False
2024-09-03 17:00:00+00:00,58.83,58.95,58.075,58.28,214556.0,,,,,,58.434999999999995,56.33597908301579,57.840954335827355,58.18261324640063,,,,,,,,55.70221725954624,56.63991667763174,58.406894952801984,,,,56.64127272442495,57.363367936460534,#000000,2.4073114550139505,57.52275992465268,0.31455841485327485,66.33024536350808,10.683906388774751,True,False,True,False,True,2.711751524090232,0.0,0.0,0.0,0.0,0,0.8670127080723105,0.7977447646321824,False,False,False,False,0.09752795986846081,0.08234090286835638,False,False,False,False,3700147.0,3134968.2525621653,False,False,False,False,220146.9030863738,False,False,False,False
2024-09-04 17:00:00+00:00,58.38,58.38,57.72,58.11,83656.0,,,,,,58.33260827867422,56.359176282909814,57.842211097709004,58.18225808416869,,,,,,,,55.77178772939999,56.65602879079722,58.405564440497756,,,,56.64455614168683,57.36423352916524,#000000,2.379666126555113,57.5248363662941,0.2459015687856176,66.01417351429113,10.68559076239788,True,False,True,False,True,2.2970928357230918,0.0,0.0,0.0,0.0,0,0.8629316892284321,0.8057007550373059,False,False,False,False,0.06752003895766182,0.0749304709130091,False,False,False,False,3616491.0,3142433.7215146897,False,False,False,False,218030.7650540269,False,False,False,False
2024-09-05 17:00:00+00:00,56.89,57.085,56.54,56.75,205446.0,,,,,,57.70404625757954,56.3729331503387,57.828243141395035,58.171570324998754,,,,,,,,55.84042714345928,56.65968069626083,58.39006167774296,,,,56.64538175534522,57.280994627396446,#000000,2.372280817963847,57.478276075586784,-0.3069940413765479,60.304619726212664,15.787650564220385,True,False,True,False,False,0.0,0.0,0.0,0.0,0.0,0,0.8563538352774829,0.8089872746553559,False,False,False,False,-0.012324278485272986,0.03130309621386806,False,False,False,False,3411045.0,3146598.2374601983,False,False,False,False,217835.65241753036,False,False,False,False
2024-09-06 17:00:00+00:00,54.12,54.39,53.69,54.03,324765.0,,,,,,56.26633082374584,56.26108443970166,57.75019250961864,58.12193631419583,,,,,,,,55.666979854729824,56.55260046868116,58.32494568848258,,,,56.62244165134719,56.992010014165075,"rgba(239, 83, 80, 1.0)",2.393080515016427,57.29685963618118,-1.365127339294205,50.5974184479947,6.9306949554171595,True,False,False,False,False,0.0,0.0,0.0,0.0,0.0,0,0.8503906249999997,0.8217881944444448,False,False,False,False,-0.1933502553906258,-0.08102357958837887,False,False,False,False,3086280.0,3145663.070987947,False,False,False,False,219493.47175989422,False,False,False,False
2024-09-09 17:00:00+00:00,54.885,54.94,54.52,54.615,263561.0,,,,,,55.88627025518078,56.202388893295726,57.6999368053829,58.0888427184663,,,,,,,,55.59637882984258,56.492924898370866,58.2813714080673,,,,56.60876045674724,56.89258768694378,"rgba(239, 83, 80, 1.0)",2.400075698881245,57.2240476925359,-1.087068917764577,45.97390758857003,3.060361350063502,False,False,False,True,False,0.0,0.0,0.0,0.0,0.0,0,0.8539083092079677,0.8156245949099085,False,False,False,False,-0.14757662324506202,-0.11430010141672045,False,False,False,False,3349841.0,3148828.6202749554,False,False,False,False,220176.6892519889,False,False,False,False
2024-09-10 17:00:00+00:00,53.435,54.485,53.39,53.945,338265.0,,,,,,55.42596221939909,56.098767740329905,57.62228237903868,58.038099949732356,,,,,,,,55.45557328198982,56.39200809828857,58.215560117524554,,,,56.584708737580804,56.74975054090042,"rgba(239, 83, 80, 1.0)",2.426538978548325,57.116283293804315,-1.3069162794580504,41.740336960831726,-0.5512769227552639,False,True,False,True,False,0.0,0.0,0.0,0.0,0.0,0,0.8503205266101619,0.8177085574151363,False,False,False,False,-0.20021419095799514,-0.1572571461873578,False,False,False,False,3011576.0,3146700.6726737935,False,False,False,False,222007.5157752139,False,False,False,False
2024-09-11 17:00:00+00:00,53.13,53.855,53.085,53.73,265355.0,,,,,,55.13342521111454,56.010599133570636,57.557463373242605,57.99551193389719,,,,,,,,55.33686047014779,56.30672984149489,58.160809071023415,,,,56.56345138986368,56.6430570049273,"rgba(239, 83, 80, 1.0)",2.461247480884865,57.032506879736935,-1.3418020355066549,38.55379844682547,-3.3294603228689184,False,True,False,True,False,0.0,0.0,0.0,0.0,0.0,0,0.8452569762955975,0.8238244245359857,False,False,False,False,-0.23176829945347038,-0.1945127228204141,False,False,False,False,2746221.0,3140491.6855005566,False,False,False,False,222679.5697942028,False,False,False,False
2024-09-12 17:00:00+00:00,53.96,54.335,50.235,51.58,1332446.0,,,,,,53.77661221633284,55.42313975529005,57.14923480667788,57.72471909098352,,,,,,,52.05,54.55157184498318,55.74820077695718,57.820298744692266,,,52.05,56.40976596211445,55.530472154489615,"rgba(255, 0, 0, 1.0)",2.5442994433945048,56.23250892681292,-1.8286011652015792,33.53595673570965,-7.908840239194113,False,True,False,True,False,0.0,1.0,54.335,50.235,0.0,0,0.8261392877894909,0.8245206275421271,False,False,False,False,-0.31399150381486796,-0.254252113317641,False,False,False,False,1413775.0,3113720.8841749667,True,False,False,False,239885.25088266478,False,False,False,False
2024-09-13 17:00:00+00:00,52.155,53.035,52.13,52.755,376869.0,,,,,,53.65080778181997,55.31108124391524,57.05664042927175,57.66004999840934,,,,,,,52.180082933806816,54.430573093135955,55.63697792386139,57.73992099951857,,,52.180082933806816,56.37380622615377,55.45826680046738,"rgba(239, 83, 80, 1.0)",2.5806670780182968,56.15395754265155,-1.3170848621285995,33.818139327963664,-7.908840239194113,False,True,False,True,False,0.0,0.0,0.0,0.0,0.0,0,0.8429608846344279,0.8314903449414099,False,False,False,False,-0.29300016984871713,-0.2736261415831791,False,False,False,False,1790644.0,3093208.0642652772,False,False,False,False,242009.0299387475,False,False,False,False
2024-09-16 17:00:00+00:00,53.73,53.93,53.28,53.815,221189.0,,,,,,53.65228348319097,55.27331147215271,57.01637062439181,57.630523841832705,,,,,,,52.351364221467556,54.40350871056253,55.59662029396662,57.703237631314174,,,52.351364221467556,56.35878095624827,55.45340253485988,"rgba(239, 83, 80, 0.5)",2.5993661302862288,56.134456310584284,-0.8923161241348019,36.76563342845871,-7.908840239194113,False,True,False,True,True,0.0,0.0,0.0,0.0,0.0,0,0.8524657760184725,0.8231486063005119,False,False,False,False,-0.222612413152286,-0.24811927736773254,False,False,False,False,2011833.0,3076442.5593929472,False,False,False,False,241686.23877690645,False,False,False,False
2024-09-17 17:00:00+00:00,54.595,54.745,54.38,54.54,179988.0,,,,,,53.694972406546405,55.260066543363166,56.992748388489204,57.61209229769067,,,,,,,52.539295754260145,54.40779924799008,55.57947235976142,57.68028739919805,,,52.539295754260145,56.35064607261755,55.470841799662395,"rgba(239, 83, 80, 0.5)",2.6112140405883406,56.13425612583453,-0.6105421084038468,40.42182160818304,-7.908840239194113,False,True,False,True,True,0.0,0.0,0.0,0.0,0.0,0,0.8497017074675989,0.82419255297264,False,False,False,False,-0.1586249665054339,-0.20337212193658322,False,False,False,False,2191821.0,3062727.4964566226,False,False,False,False,240729.67693540402,False,False,False,False
2024-09-18 17:00:00+00:00,54.695,55.17,54.105,54.185,247501.0,,,,,,53.7433109861028,55.240941610765766,56.96010624261087,57.586546417172244,,,,,,,52.743696805574345,54.41075564186553,55.555281190774195,57.64859139538525,,,52.743696805574345,56.339157737977,55.48615378628138,"rgba(239, 83, 80, 0.5)",2.626997074728206,56.12924733973878,-0.7401025903083411,42.11977087747898,-16.14100475040611,False,True,False,True,True,0.0,0.0,0.0,0.0,0.0,0,0.8531149963063279,0.8203234014610528,False,False,False,False,-0.15367335569115165,-0.17852273881386743,False,False,False,False,1944320.0,3045387.845348768,False,False,False,False,240834.65868834348,False,False,False,False
2024-09-19 17:00:00+00:00,55.845,55.995,55.61,55.79,238504.0,,,,,,53.85750472243469,55.253914819608156,56.94570479250727,57.57257172057845,,,,,,,53.02428370030854,54.45913157843062,55.560357699164335,57.63106315473706,,,53.02428370030854,56.335964588966306,55.538066523471144,#000000,2.63010786097458,56.15212584127237,-0.13768478724602137,46.72412650785704,-11.552845353645246,False,False,False,False,True,0.0,0.0,0.0,0.0,0.0,0,0.8588110835333844,0.8077470806038171,False,False,False,False,-0.07756057330080623,-0.12804165605733683,False,False,False,False,2182824.0,3032014.7624751437,False,False,False,False,240798.52444511335,False,False,False,False
2024-09-20 17:00:00+00:00,55.9,56.235,55.82,56.175,235890.0,,,,,,53.97311407568316,55.272428194775124,56.93517922563262,57.56109818806544,,,,,,,53.27849564872315,54.51304748715066,55.5708075266104,57.61663431260464,,,53.27849564872315,56.334459205603736,55.590100582405654,#000000,2.6275935673073327,56.17678433310016,-0.0006790749994071513,50.514407961791036,-7.820878760159559,True,False,True,False,True,0.0,0.0,0.0,0.0,0.0,0,0.8580021133056975,0.8069170121108677,False,False,False,False,-0.062990185776983,-0.09551592091715991,False,False,False,False,2418714.0,3022506.223522041,False,False,False,False,240722.42329092554,False,False,False,False
2024-09-23 17:00:00+00:00,55.17,55.27,54.92,55.11,191010.0,,,,,,54.01872679761387,55.26934266528791,56.917355717818246,57.54590742079866,,,,,,,53.393573339855806,54.52847323979681,55.56321599211412,57.597859129049475,,,53.393573339855806,56.328683107820154,55.60430678779186,#000000,2.6344668794157684,56.177499790053616,-0.4052052422425408,50.47610647942859,-7.566920432567144,True,False,False,False,True,0.0,0.0,0.0,0.0,0.0,0,0.851755842682976,0.8139657337275716,False,False,False,False,-0.12362077879884484,-0.10956834985800237,False,False,False,False,2227704.0,3010183.708428676,False,False,False,False,239951.688046105,False,False,False,False
2024-09-24 17:00:00+00:00,53.935,54.185,53.92,54.155,171881.0,,,,,,54.02111441862633,55.250600427128816,56.89283124939408,57.52680018622053,,,,,,,53.43085634750195,54.51826628443643,55.542098142022084,57.57444464050044,,,53.43085634750195,56.319282766701136,55.594626461978834,"rgba(239, 83, 80, 0.5)",2.6545330123231525,56.16221038623923,-0.756144443079497,48.470246724708126,-7.566920432567144,True,False,False,False,True,0.0,0.0,0.0,0.0,0.0,0,0.8427875518338095,0.8183501751278238,False,False,False,False,-0.19251443226125534,-0.15104139105962885,False,False,False,False,2055823.0,2995387.418375518,False,False,False,False,238896.3285415142,False,False,False,False
2024-09-25 17:00:00+00:00,53.74,53.84,53.465,53.615,101291.0,,,,,,54.01338162159044,55.23569826007914,56.876307817796246,57.5141894370873,,,,,,,53.43728253476064,54.506469589347844,55.52620050463499,57.559043491930176,,,53.43728253476064,56.31267895621269,55.58357165715334,"rgba(239, 83, 80, 0.5)",2.6818119328623995,56.14938226915221,-0.945026098995379,46.099279841077795,-7.566920432567144,False,False,False,True,False,0.0,0.0,0.0,0.0,0.0,0,0.8380910437602591,0.8183528846538822,False,False,False,False,-0.21939968513874636,-0.1852205380991876,False,False,False,False,1954532.0,2979250.125067371,False,False,False,False,236762.91259513414,False,False,False,False
2024-09-26 17:00:00+00:00,56.215,56.585,56.125,56.44,190540.0,,,,,,54.1005117789338,55.25533126678506,56.871641780001355,57.50732936386775,,,,,,,53.59825843748122,54.55272316542017,55.53946797501011,57.55044941912851,,,53.59825843748122,56.31300503418933,55.6219641483285,#000000,2.681930446323848,56.16901079240498,0.10104259339255536,50.20792480510413,-7.197138257420065,True,False,False,False,True,0.04953991471038677,0.0,0.0,0.0,0.0,0,0.8444837063211619,0.8164899882214375,False,False,False,False,-0.041828138677324565,-0.11352433838825608,False,False,False,False,2145072.0,2966317.1308802795,False,False,False,False,236046.2782913336,False,False,False,False
2024-09-27 17:00:00+00:00,56.24,56.345,55.855,55.875,202393.0,,,,,,54.1728414497938,55.26906773892626,56.86321448303355,57.497838931753336,,,,,,,53.731380876515765,54.59028000579274,55.54732186274318,57.538696469291345,,,53.731380876515765,56.31160006111572,55.65133022723125,#000000,2.683692340149387,56.18212600829693,-0.11444158620650124,51.750061756671144,-5.474452955725731,True,False,True,False,True,0.0,0.0,0.0,0.0,0.0,0,0.8432256546965655,0.8175474360984795,False,False,False,False,-0.05830126313924293,-0.0859128007637495,False,False,False,False,1942679.0,2950446.7722619805,False,False,False,False,235524.52203875477,False,False,False,False
2024-09-30 17:00:00+00:00,56.275,56.51,55.62,56.48,167890.0,,,,,,54.23423160428472,55.28269751046918,56.85781051893169,57.4910002224246,,,,,,,53.83897069315226,54.623705941000104,55.55600784340882,57.53021617371481,,,53.83897069315226,56.3111637077037,55.676830063423274,#000000,2.6791699198556587,56.19431384342045,0.10663233954005259,53.815985044921916,-3.2105904637226743,True,False,True,False,True,0.1478785254956776,0.0,0.0,0.0,0.0,0,0.8448154519862369,0.8149436972161407,False,False,False,False,-0.06056454857992754,-0.07323867467183852,False,False,False,False,2110569.0,2937425.411451717,False,False,False,False,234475.92479784385,False,False,False,False
2024-10-01 17:00:00+00:00,55.815,55.965,55.305,55.4,111534.0,,,,,,54.26027021159154,55.285327254927346,56.85077010533679,57.484235304805175,,,,,,,53.88724105715249,54.63637495456662,55.55601358795075,57.52192504396404,,,53.88724105715249,56.30914895338623,55.68526969003685,#000000,2.6717647135712754,56.196271810977194,-0.29803216089070983,52.84435553883603,-3.2105904637226743,True,False,True,False,True,0.0,0.0,0.0,0.0,0.0,0,0.8406840684068404,0.8182992212264711,False,False,False,False,-0.08842845714436262,-0.08083356590810056,False,False,False,False,1999035.0,2922876.7229020777,False,False,False,False,232569.84844438892,False,False,False,False
2024-10-02 17:00:00+00:00,54.95,55.35,54.93,55.325,145503.0,,,,,,54.28384598274513,55.28429260613096,56.839210831543156,57.47386855225196,,,,,,,53.93372451074013,54.64621485038971,55.55202822752417,57.50927788440351,,,53.93372451074013,56.30530431294012,55.69030793071609,#000000,2.6639697026386187,56.19453287155405,-0.32640494022615635,52.03692633619009,-3.2105904637226743,True,False,True,False,True,0.0,0.0,0.0,0.0,0.0,0,0.8354340911768168,0.8239682726665887,False,False,False,False,-0.12067761399750644,-0.10075558995280351,False,False,False,False,1853532.0,2906297.734950107,False,False,False,False,231219.97482509605,False,False,False,False
2024-10-03 17:00:00+00:00,54.785,55.0,54.655,54.975,121099.0,,,,,,54.295949910292556,55.28013967112603,56.827828152838606,57.46408819580395,,,,,,,53.960684396766275,54.64950579085561,55.54576500987412,57.49738885930369,,,53.960684396766275,56.301188490242865,55.69016874835761,#000000,2.658722544299702,56.18995284811003,-0.45696864861468456,50.70732628126791,-3.2105904637226743,True,False,False,False,True,0.0,0.0,0.0,0.0,0.0,0,0.8289189719442807,0.8280164802825196,False,False,False,False,-0.1411620984271527,-0.1209588441899781,False,False,False,False,1732433.0,2888098.2816950665,False,False,False,False,229512.67288982324,False,False,False,False
2024-10-04 17:00:00+00:00,56.71,57.125,56.635,56.955,184703.0,,,,,,54.37474526345679,55.30500224504681,56.82850484687535,57.4608953685506,,,,,,,54.08371505395683,54.697584995355335,55.5647228635568,57.49333640031966,,,54.08371505395683,56.30383007897373,55.72606337963977,#000000,2.653450753434255,56.21049535359123,0.2805797866966962,53.813529274756775,-1.9849538810053673,True,False,True,False,True,1.1907657655333885,0.0,0.0,0.0,0.0,0,0.8373517326924564,0.8248313822776965,False,False,False,False,-0.007974299577135639,-0.06446657188355687,False,False,False,False,1917136.0,2873044.602909096,False,False,False,False,228817.94927912828,False,False,False,False
2024-10-07 17:00:00+00:00,57.18,57.275,56.79,57.175,153346.0,,,,,,54.4409165851701,55.32726833641409,56.830322501479806,57.45909796722724,,,,,,,54.184176533305696,54.7390147851991,55.58206829618694,57.49100211304364,,,54.184176533305696,56.30663903258707,55.75673338975333,#000000,2.6400816292321196,56.22856301246302,0.3584877744148588,56.25758491758798,0.5510587880501703,True,False,True,False,True,1.6136138655403407,0.0,0.0,0.0,0.0,0,0.8442792073811651,0.8225172266126838,False,False,False,False,0.0018525739343216653,-0.0313069989746176,False,False,False,False,2070482.0,2860601.771856242,False,False,False,False,227647.8415383666,False,False,False,False
2024-10-08 17:00:00+00:00,57.515,57.65,57.27,57.285,252638.0,,,,,,54.555608204040404,55.36927136289099,56.8370455321768,57.4586549190777,,,,,,,54.35260257158042,54.81317455667084,55.61574896681161,57.49017858456227,,,54.35260257158042,56.31312922174487,55.81153558722638,#000000,2.6403545489467994,56.26226451268734,0.38734778544063847,58.08786353800788,2.485423088393169,True,False,True,False,True,1.8274915904965496,0.0,0.0,0.0,0.0,0,0.848357301531626,0.8184652558556457,False,False,False,False,0.029408031885890407,-0.0009494835443635951,False,False,False,False,2323120.0,2852268.7211297886,False,False,False,False,228035.28585560122,False,False,False,False
2024-10-09 17:00:00+00:00,57.37,57.725,57.195,57.54,304676.0,,,,,,54.68642543428214,55.41974357253147,56.84613518608166,57.4589131215005,,,,,,,54.53870555296016,54.900055535603926,55.656600793806376,57.490139971232885,,,54.53870555296016,56.32145789056178,55.87458989599989,#000000,2.642035708442374,56.30164835332685,0.4687111694653169,59.80382392137744,4.320499886561144,True,False,True,False,True,2.3284892104229336,0.0,0.0,0.0,0.0,0,0.8500350931919206,0.8152928331903615,False,False,False,False,0.029408031885890407,0.014229274170763407,False,False,False,False,2627796.0,2848788.52390297,False,False,False,False,229223.51398187096,False,False,False,False
2024-10-10 17:00:00+00:00,57.895,57.9,57.45,57.755,268973.0,,,,,,54.80072634861199,55.46677384714374,56.856574256918655,57.46087258133447,,,,,,,54.69625602823823,54.97818952079075,55.695276882711994,57.49217342060284,,,54.69625602823823,56.33005161306851,55.930855360794084,"rgba(38, 166, 154, 0.5)",2.6435700881215016,56.33776400001152,0.5361068376271274,61.38369306570906,6.03794958332324,True,False,True,False,True,2.7540615179872248,0.0,0.0,0.0,0.0,0,0.8491985735000193,0.821060469490928,False,False,False,False,0.043280600874767934,0.028754937522765672,False,False,False,False,2896769.0,2849532.4072533115,False,False,False,False,229839.7850829272,False,False,False,False
2024-10-11 17:00:00+00:00,61.18,61.465,60.96,60.985,485899.0,,,,,,55.206804443050956,55.670296550573596,56.94888395030549,57.513701564734255,,,,,,,55.22794394853025,55.27357952112578,55.875036800494144,57.55438415526294,,,55.22794394853025,56.38351488606984,56.15882886675968,"rgba(0, 255, 255, 0.75)",2.6722322180205333,56.50374165219175,1.676971902961248,66.87439005874468,11.28145816990623,True,False,True,False,True,8.705534060618557,0.0,0.0,0.0,0.0,0,0.8616511369300969,0.8163656581924158,False,False,False,False,0.27815957675263453,0.1534572571377001,False,False,False,False,3382668.0,2857798.075357911,False,False,False,False,233809.69539171903,False,False,False,False
2024-10-14 17:00:00+00:00,62.925,62.935,62.085,62.16,440755.0,,,,,,55.60164991424129,55.88229822594558,57.053352390938386,57.5764978758566,,,,,,,55.727141326661304,55.57043338128804,56.06468351867804,57.628167349969004,,,55.727141326661304,56.44354497138839,56.38802799794728,"rgba(0, 255, 0, 1.0)",2.7092604755401863,56.67541845964249,2.0243832550888112,71.5179807042195,15.526206446257419,True,False,True,False,True,10.672588334985516,0.0,0.0,0.0,0.0,0,0.8600518608907867,0.8151693105552169,False,False,False,False,0.34282824744613866,0.24814275229191937,False,False,False,False,3823423.0,2872769.0044221296,False,False,False,False,237018.14972673115,False,False,False,False
2024-10-15 17:00:00+00:00,63.595,63.615,62.88,62.925,384519.0,,,,,,55.94645336625332,56.076613671425044,57.15356445673735,57.638266396020796,,,,,,,56.15187225933438,55.83610950944461,56.23982612530914,57.70052491491416,,,56.15187225933438,56.501395186890356,56.59290383742985,"rgba(0, 255, 0, 1.0)",2.7599181212557644,56.83172675779043,2.2077731927196185,75.1824080407043,18.80860290317311,True,False,True,False,True,11.91611468713496,0.0,0.0,0.0,0.0,0,0.8582297839801183,0.8120053527050282,False,False,False,False,0.34282824789838906,0.29548550009515423,False,False,False,False,4207942.0,2893469.3609427167,False,False,False,False,239304.9846146888,False,False,False,False
2024-10-16 17:00:00+00:00,63.745,63.89,63.59,63.745,312588.0,,,,,,56.225915017638975,56.23989132682116,57.24057712795973,57.6928601712735,,,,,,,56.48965775531391,56.05541554540564,56.38781040159063,57.764314715688606,,,56.48965775531391,56.55188805494955,56.762055257711516,"rgba(0, 255, 0, 1.0)",2.843293119916706,56.962561442994954,2.3854165824463904,78.18970243605969,21.525620301569973,True,False,True,False,True,13.222335923889656,0.0,0.0,0.0,0.0,0,0.8547522652785806,0.8114902641218433,False,False,False,False,0.34282824816907215,0.3191568741321132,False,False,False,False,4520530.0,2918695.1072846903,False,False,False,False,240441.15539585642,False,False,False,False
2024-10-17 17:00:00+00:00,64.645,64.725,64.34,64.37,357876.0,,,,,,56.55127673342252,56.436025186917675,57.34838948855191,57.76164407254115,,,,,,,56.87697129237897,56.314691543580466,56.56649431649466,57.844511379778105,,,56.87697129237897,56.61467367258996,56.96250050170818,"rgba(0, 255, 0, 1.0)",2.9444996240509096,57.11954371976697,2.462372968571883,80.59812744955201,23.773988821039197,True,False,True,False,True,14.201446280628147,0.0,0.0,0.0,0.0,0,0.8531922289598698,0.8158433432466883,False,False,False,False,0.342828248560393,0.3309925613462531,False,False,False,False,4878406.0,2949078.2219004314,False,False,False,False,242261.85066103694,False,False,False,False
2024-10-18 17:00:00+00:00,64.645,64.66,64.32,64.37,171767.0,,,,,,56.697969216498315,56.526562639703705,57.39880157783894,57.79402768771278,,,,,,,57.04918766574503,56.43313510937685,56.6491848904847,57.88216469086656,,,57.04918766574503,56.64434916823307,57.05387918477836,"rgba(0, 255, 0, 1.0)",3.0545291464162228,57.19165348936828,2.3500664641075177,82.20374412521356,25.389573218100324,True,False,True,False,True,14.201446280628147,0.0,0.0,0.0,0.0,0,0.8529537090838654,0.8160759248498937,False,False,False,False,0.3403419097699875,0.3356672355581203,False,False,False,False,4878406.0,2978990.280475619,False,False,False,False,241168.9072399356,False,False,False,False
2024-10-21 17:00:00+00:00,64.31,64.435,63.915,63.97,212333.0,,,,,,56.86423883603267,56.6309649308472,57.457152207530186,57.83158573893753,,,,,,,57.24215865262714,56.568798832966536,56.74464273241963,57.92571899265278,,,57.24215865262714,56.679123902403134,57.15815761550171,"rgba(0, 255, 0, 1.0)",3.153167893684964,57.27431709766439,2.123478079218507,81.60985549261969,25.389573218100324,True,False,True,False,True,13.269186160302059,0.0,0.0,0.0,0.0,0,0.8520884140440517,0.8135717880230714,False,False,False,False,0.3220372173900742,0.32885222647409723,False,False,False,False,4666073.0,3005146.601708555,False,False,False,False,240721.83891063425,False,False,False,False
2024-10-22 17:00:00+00:00,65.015,65.04,64.7,64.825,267836.0,,,,,,57.08422079593112,56.771404946035815,57.53744538684425,57.8839029615134,,,,,,,57.49597193019625,56.74955648352042,56.873513568261885,57.98634370436971,,,57.49597193019625,56.726902178092146,57.297794972084105,"rgba(0, 255, 0, 1.0)",3.264899515581874,57.385877706242646,2.278514930782349,82.01820124645766,25.78705430379854,True,False,True,False,True,14.644996403502248,0.0,0.0,0.0,0.0,0,0.857286393322255,0.8048460022413728,False,False,False,False,0.34282824871254414,0.3358402375933207,False,False,False,False,4933909.0,3035049.8947053216,False,False,False,False,241142.21350116702,False,False,False,False
2024-10-23 17:00:00+00:00,64.685,64.685,63.865,64.555,333590.0,,,,,,57.32569910327957,56.929620002142634,57.62855474053808,57.943510559344915,,,,,,,57.769970214231,56.9510812052054,57.01896196083354,58.05513837356289,,,57.769970214231,56.782118235843136,57.45281701989225,"rgba(0, 255, 0, 1.0)",3.3661250037009096,57.51061628923552,2.0927279001877497,81.13221650111193,25.78705430379854,True,False,True,False,True,14.00578232519219,0.0,0.0,0.0,0.0,0,0.8494433100897634,0.8083753900681899,False,False,False,False,0.3092594366255639,0.3225498371094423,False,False,False,False,4600319.0,3059317.6327719055,False,False,False,False,242575.5125166528,False,False,False,False
2024-10-24 17:00:00+00:00,64.985,65.57,64.895,65.425,401160.0,,,,,,57.63128943356506,57.13404961144346,57.74960570718355,58.02390641457326,,,,,,,58.11432983485259,57.20836074195828,57.20773649965439,58.14780854571281,,,58.11432983485259,56.85546811563741,57.652135848617924,"rgba(0, 255, 0, 1.0)",3.4840072105613027,57.67257228761287,2.22514686217832,81.44962024367996,26.06520449887212,True,False,True,False,True,15.40303149215941,0.0,0.0,0.0,0.0,0,0.8571922412137503,0.8012675244862687,False,False,False,False,0.3428282488673968,0.33268904298841956,False,False,False,False,5001479.0,3089428.661721178,False,False,False,False,245034.1867412008,False,False,False,False
2024-10-25 17:00:00+00:00,64.795,64.835,64.24,64.515,299791.0,,,,,,57.82343470076534,57.26666941696951,57.82866305515032,58.0766351144497,,,,,,,58.32643447102173,57.373239938211654,57.33043540525608,58.20826559570775,,,58.32643447102173,56.904559321641486,57.77922221219151,"rgba(0, 255, 255, 0.75)",3.5852387245079815,57.77669174758314,1.879458739066695,77.98293098622999,26.06520449887212,True,False,True,False,False,13.24541909869372,0.0,0.0,0.0,0.0,0,0.8519735585189709,0.8001222727446412,False,False,False,False,0.30473572307469177,0.3187123830315557,False,False,False,False,4701688.0,3114424.930531702,False,False,False,False,245883.1295824225,False,False,False,False
2024-10-28 17:00:00+00:00,65.58,65.745,65.4,65.61,243200.0,,,,,,57.99493011884247,57.38593732005698,57.90134062141567,58.125677447693015,,,,,,,58.516021990092625,57.520564942802096,57.44114124944975,58.26452065968766,,,58.516021990092625,56.94937095405744,57.893766793755034,"rgba(0, 255, 0, 1.0)",3.71241176920665,57.871079322050505,2.0846073008768955,77.15758489857592,26.06520449887212,True,False,True,False,False,15.003594962110142,0.0,0.0,0.0,0.0,0,0.8543944531220233,0.7986208998438039,False,False,False,False,0.34282824900518494,0.3307703160183703,False,False,False,False,4944888.0,3142804.202926559,False,False,False,False,245841.53067416785,False,False,False,False
2024-10-29 17:00:00+00:00,65.71,65.765,65.245,65.355,155833.0,,,,,,58.099074628869054,57.45939456289882,57.94642200804321,58.15622466194227,,,,,,,58.63024196514261,57.610740333879896,57.50942191389828,58.29948571260871,,,58.63024196514261,56.97741347695791,57.963875723410354,"rgba(0, 255, 255, 0.75)",3.81156334174155,57.92911095018501,1.9482528254199263,75.63148732833125,30.435452212338205,True,False,True,False,False,14.398776975691668,0.0,0.0,0.0,0.0,0,0.8525858454971603,0.7969434810777853,False,False,False,False,0.3391807374680953,0.33497552674323283,False,False,False,False,4789055.0,3168327.47109824,False,False,False,False,244446.0495784443,False,False,False,False
2024-10-30 17:00:00+00:00,65.755,65.84,65.305,65.44,126251.0,,,,,,58.18216103814146,57.51847068757848,57.98290572858889,58.18103375678639,,,,,,,58.721023487978684,57.68297739548913,57.5643961591674,58.327852700865485,,,58.721023487978684,57.00019277778164,58.02010261932449,"rgba(0, 255, 255, 0.75)",3.9017537024977447,57.975790522764484,1.9130396345769414,74.74508096610398,29.321797835859385,True,False,True,False,False,14.536976761437383,0.0,0.0,0.0,0.0,0,0.8499181233101029,0.7993449864808259,False,False,False,False,0.34282824900518494,0.3389018878742089,False,False,False,False,4915306.0,3195412.409530825,False,False,False,False,242613.56818963122,False,False,False,False
2024-10-31 17:00:00+00:00,65.2,65.28,64.895,64.915,162702.0,,,,,,58.27945401101402,57.58868142605515,58.02633711747758,58.21060862863226,,,,,,,58.826239445772174,57.768358111204826,57.629776437406555,58.361575642633625,,,58.826239445772174,57.02766553938817,58.086378852524525,"rgba(0, 255, 255, 0.75)",3.990601093831604,58.03101319209028,1.7250500979791041,71.95127098686399,26.478861450632166,True,False,True,False,False,13.268317105408379,0.0,0.0,0.0,0.0,0,0.8465286236297198,0.8029461023142513,False,False,False,False,0.31680812333088787,0.3278550056025484,False,False,False,False,4752604.0,3219554.9148094165,False,False,False,False,241374.6291479315,False,False,False,False
2024-11-01 17:00:00+00:00,64.91,65.165,64.62,64.685,215784.0,,,,,,58.40048099774479,57.67726812071401,58.08144346646379,58.2482637926877,,,,,,,58.956013774950314,57.87544288531236,57.71236819746398,58.40441076077993,,,58.956013774950314,57.06287916034913,58.16946149951461,"rgba(0, 255, 255, 0.75)",4.069932728487575,58.10053258267596,1.6178320027837148,69.14354272904765,23.739361500214912,True,False,True,False,False,12.712735554397398,0.0,0.0,0.0,0.0,0,0.8429217840982547,0.8051636944370513,False,False,False,False,0.30646409270141695,0.31715954915198263,False,False,False,False,4536820.0,3239977.629308495,False,False,False,False,240977.8752076535,False,False,False,False
2024-11-04 17:00:00+00:00,63.245,63.865,63.165,63.71,216589.0,,,,,,58.49487955132054,57.74893457670157,58.125827892180396,58.27856463690609,,,,,,,59.05431289408009,57.96104897030531,57.77921748424803,58.43862021481583,,,59.05431289408009,57.092293945649786,58.23517577756974,"rgba(38, 166, 154, 1.0)",4.126350666123726,58.49492783262973,1.2638460929132052,63.68713059032653,18.688423941254626,True,False,True,False,False,10.387911635167143,0.0,0.0,0.0,0.0,0,0.8360705480750996,0.8172956571211839,False,False,False,False,0.2350418718423148,0.2761007104971487,False,False,False,False,4320231.0,3256725.7435827823,False,False,False,False,240599.7531114108,False,False,False,False
2024-11-05 17:00:00+00:00,63.95,64.175,63.62,64.065,283783.0,,,,,,58.622184903547534,57.84608802412329,58.18681604615187,58.3205079126075,,,,,,,59.18707099056032,58.07659865543097,57.8700253993235,58.485969594023835,,,59.18707099056032,57.13262959699984,58.3244076907211,"rgba(38, 166, 154, 1.0)",4.185496461667425,58.57893506442889,1.3107321881202978,61.07025913020901,16.392691624158672,False,False,True,False,False,11.017973310609541,0.0,0.0,0.0,0.0,0,0.8365013252555847,0.8147292692162064,False,False,False,False,0.2546104359195799,0.2653555732083643,False,False,False,False,4604014.0,3277613.9336047545,False,False,False,False,241269.26081510985,False,False,False,False
2024-11-06 17:00:00+00:00,73.21,73.57,71.365,72.51,1404136.0,,,,,,60.05607806814981,58.89849226437751,58.89059966258308,58.82012434207692,,,,,,,60.7588980372546,59.331291162861696,58.86122883191514,59.05631737582767,,,60.7588980372546,57.56649033692934,59.3341287181308,"rgba(0, 255, 0, 1.0)",4.51545976229052,59.783006540893524,2.8185376748104525,68.66496719057241,12.590432138810598,True,False,True,False,True,20.0,0.0,0.0,0.0,0.0,0,0.8480922803904168,0.8129902395740909,False,False,False,False,0.34282825081734863,0.30409191201285646,False,False,False,False,6008150.0,3319947.8261070065,False,False,False,False,259298.20250789885,False,False,False,False
2024-11-07 17:00:00+00:00,70.47,70.665,69.74,69.795,355187.0,,,,,,60.31138207714335,59.09800662274807,59.02807384105978,58.9196067169954,,,,,,,61.02918490497536,59.56272256224185,59.0502677991104,59.16865887748785,,,61.02918490497536,57.6552343388048,59.520987925220254,"rgba(0, 255, 0, 1.0)",4.714875589007595,59.93342008274446,2.0915885755813215,68.51151355018843,12.590432138810598,True,False,True,False,True,17.458781470852497,0.0,0.0,0.0,0.0,0,0.8394181004336269,0.8224576863897053,False,False,False,False,0.26329959500637984,0.2836957535096182,False,False,False,False,5652963.0,3356118.6039968203,False,False,False,False,260784.8505310322,False,False,False,False
2024-11-08 17:00:00+00:00,69.64,70.13,69.495,70.03,272730.0,,,,,,60.49525910676858,59.24397251420992,59.1296594417956,58.993582129219725,,,,,,,61.222340138101615,59.7308065431075,59.188824292713406,59.25196410570165,,,61.222340138101615,57.721540795900346,59.65705103395226,"rgba(0, 255, 0, 1.0)",4.90638031748658,60.04252202759641,2.0356102311938047,68.59838196656725,12.590432138810598,True,False,True,False,True,17.757480860790142,0.0,0.0,0.0,0.0,0,0.8371824480369513,0.8290293232556516,False,False,False,False,0.24995345202963046,0.26682460276962433,False,False,False,False,5925693.0,3395956.966725552,False,False,False,False,260970.04664683016,False,False,False,False
2024-11-11 17:00:00+00:00,73.08,73.13,72.36,72.59,419920.0,,,,,,60.845623093738965,59.518465274078565,59.322289575663476,59.13442072622627,,,,,,,61.59504710195136,60.04785077176575,59.4495915473774,59.4109416047378,,,61.59504710195136,57.84548744389672,59.91552871194245,"rgba(0, 255, 0, 1.0)",5.178318366816393,60.275907367980665,2.3780099560757573,70.52458599215491,14.388160806578952,True,False,True,False,True,20.0,0.0,0.0,0.0,0.0,0,0.8409747044267252,0.828739345614518,False,False,False,False,0.3428282508652075,0.3048264268174159,False,False,False,False,6345613.0,3441688.0680166287,False,False,False,False,263434.3870088948,False,False,False,False
2024-11-12 17:00:00+00:00,72.575,72.845,72.11,72.605,436990.0,,,,,,61.18444835883659,59.788861990785854,59.51450084689129,59.27610759180819,,,,,,,61.95236058970667,60.357422119646536,59.70706230339958,59.57032967068537,,,61.95236058970667,57.970831601334595,60.168886683970015,"rgba(0, 255, 0, 1.0)",5.43033058406688,60.50006858916956,2.229133424463604,71.81881506221481,15.868664402080924,True,False,True,False,True,20.0,0.0,0.0,0.0,0.0,0,0.8467725232999651,0.8296168450120818,False,False,False,False,0.3333608889022823,0.3190936578598491,False,False,False,False,6782603.0,3493485.198745053,False,False,False,False,266125.1717064313,False,False,False,False
2024-11-13 17:00:00+00:00,73.655,73.72,72.65,72.79,352431.0,,,,,,61.455908607271766,60.007676119070474,59.67167917355711,59.39272544744242,,,,,,,62.23765048148854,60.606581978882645,59.91577837779865,59.70125861321003,,,62.23765048148854,58.07402095499958,60.3736573498402,"rgba(0, 255, 0, 1.0)",5.673820425094198,60.682325042324706,2.133954558047946,72.81925361386695,17.12628082125613,True,False,True,False,True,20.0,0.0,0.0,0.0,0.0,0,0.8513017528213216,0.8181662264603988,False,False,False,False,0.34282825093853614,0.3309609543991926,False,False,False,False,7135034.0,3549943.3196947416,False,False,False,False,267463.2465636959,False,False,False,False
2024-11-14 17:00:00+00:00,72.945,73.21,72.545,72.805,410357.0,,,,,,61.75155767390086,60.249760534700485,59.8474868417687,59.52409548933389,,,,,,,62.54608007335003,60.8801784827963,60.147144102040585,59.84830288972377,,,62.54608007335003,58.19082490430561,60.59932576095183,"rgba(0, 255, 0, 1.0)",5.897628818065407,60.880967904194456,2.0218349549704246,73.4985450969327,18.129955902934498,True,False,True,False,True,20.0,0.0,0.0,0.0,0.0,0,0.8528412017167378,0.8232446351931335,False,False,False,False,0.33217409837839096,0.3315675263887918,False,False,False,False,7545391.0,3611888.244970792,False,False,False,False,269678.6535937161,False,False,False,False
2024-11-15 17:00:00+00:00,73.685,74.41,73.225,74.37,322962.0,,,,,,61.99664580405876,60.45074793099891,59.99451727637161,59.63445095741131,,,,,,,62.80217212877496,61.10689998538898,60.33943469897452,59.97175495931902,,,62.80217212877496,58.28856098282703,60.787077967662256,"rgba(0, 255, 0, 1.0)",6.1226993127111635,61.049693007200155,2.175561188370942,75.18419199467581,20.069387181775298,True,False,True,False,True,20.0,0.0,0.0,0.0,0.0,0,0.8543596404279314,0.8183340738968455,False,False,False,False,0.34282825103879194,0.33719788871379186,False,False,False,False,7868353.0,3677879.946599152,False,False,False,False,270504.75198761193,False,False,False,False
2024-11-18 17:00:00+00:00,74.505,74.52,73.805,73.99,297898.0,,,,,,62.2160485411844,60.632372414203594,60.12843533104164,59.73548238719003,,,,,,,63.030530978942,61.31081000892237,60.51343583538225,60.08455690905493,,,63.030530978942,58.37823271101909,60.95645905074015,"rgba(0, 255, 0, 1.0)",6.298925507540903,61.20155734568553,2.0302578017480104,75.2964648359964,20.537446935382377,True,False,True,False,True,20.0,0.0,0.0,0.0,0.0,0,0.8635943438216863,0.8159345362413122,False,False,False,False,0.34282825109107773,0.3400130699024348,False,False,False,False,7570455.0,3738229.947427072,False,False,False,False,270929.4535071839,False,False,False,False
2024-11-19 17:00:00+00:00,74.125,74.145,73.375,73.43,277369.0,,,,,,62.405753041406456,60.791623697282134,60.24687404763339,59.82535262388194,,,,,,,63.226609523413266,61.48844887953107,60.66624474868314,60.18462223003747,,,63.226609523413266,58.4584263507703,61.10444109898361,"rgba(0, 255, 255, 0.75)",6.4439562612805785,61.332753533100885,1.8773011448862769,73.85617656775572,20.537446935382377,True,False,True,False,True,20.0,0.0,0.0,0.0,0.0,0,0.8666666666666666,0.816873278236915,False,False,False,False,0.3295059126047232,0.33475949125357896,False,False,False,False,7293086.0,3793343.994753784,False,False,False,False,271029.29143730504,False,False,False,False
2024-11-20 17:00:00+00:00,73.3,73.755,72.775,73.58,359143.0,,,,,,62.63634201052061,60.98776080723237,60.39404280828147,59.93768580503348,,,,,,,63.46345173999698,61.70587563192934,60.85474677471748,60.30936727710595,,,63.46345173999698,58.55912895770935,61.28615910685221,"rgba(0, 255, 255, 0.75)",6.577125559895485,61.492796356303344,1.8377638580293012,73.06832868908353,20.537446935382377,True,False,True,False,False,20.0,0.0,0.0,0.0,0.0,0,0.8606543307356928,0.8236465378145494,False,False,False,False,0.31327480617767184,0.32401714871562537,False,False,False,False,7652229.0,3853171.6692537256,False,False,False,False,272395.39544602897,False,False,False,False
2024-11-21 17:00:00+00:00,75.42,76.045,74.825,74.9,425492.0,,,,,,62.943149413724996,61.24658206260377,60.58892208854471,60.086741232297506,,,,,,,63.780906205171384,61.99342571054779,61.10355223957134,60.47504978841426,,,63.780906205171384,58.69166461085358,61.52729109260947,"rgba(0, 255, 255, 0.75)",6.740039806603108,61.711415619851294,1.95675170452674,73.9676780151946,20.537446935382377,True,False,True,False,False,20.0,0.0,0.0,0.0,0.0,0,0.866079265410843,0.8171291607588957,False,False,False,False,0.34282825127068467,0.333422699993155,False,False,False,False,8077721.0,3918668.558102505,False,False,False,False,274768.9862143076,False,False,False,False
2024-11-22 17:00:00+00:00,74.99,76.08,74.905,75.93,373053.0,,,,,,63.20809333477364,61.47187608034356,60.759964822299274,60.21828875901349,,,,,,,64.054299698488,62.24265140079009,61.320421670897865,60.620993731293815,,,64.054299698488,58.80878483435862,61.73707368723747,"rgba(0, 255, 0, 1.0)",6.915621334445757,61.901977183948375,2.0284544421453474,75.50668636013957,21.720260107333985,True,False,True,False,True,20.0,0.0,0.0,0.0,0.0,0,0.870194253338729,0.8170443814919739,False,False,False,False,0.3428282512783434,0.3381254756357492,False,False,False,False,8450774.0,3988933.7587520783,False,False,False,False,276292.7693737757,False,False,False,False
2024-11-25 17:00:00+00:00,76.21,77.305,76.165,76.83,396619.0,,,,,,63.502400720880296,61.72226432371821,60.95107053250406,60.36578400761859,,,,,,,64.35846490597548,62.51931956662156,61.56162343674871,60.78453617010529,,,64.35846490597548,58.939771246877854,61.97068295802153,"rgba(0, 255, 0, 1.0)",7.087145124026238,62.11630048857733,2.0761109380336427,77.26504883782854,23.5614409516931,True,False,True,False,True,20.0,0.0,0.0,0.0,0.0,0,0.8816373168436616,0.8074674015324644,False,False,False,False,0.3428282514351801,0.34047686353546464,False,False,False,False,8847393.0,4064258.70822879,False,False,False,False,278158.292329221,False,False,False,False
2024-11-26 17:00:00+00:00,77.64,78.125,77.305,77.34,311303.0,,,,,77.59,63.73839263913491,61.92356735051865,61.105544818773474,60.48544269357494,,,,,,,64.60237107024378,62.74132821495419,61.755696967431625,60.91709097971079,,,64.60237107024378,59.04593733499182,63.87327052603804,"rgba(0, 255, 255, 0.75)",7.268905810690117,63.41293811590677,1.9159777615512925,78.8305489812139,25.17153915085423,True,False,True,False,True,20.0,0.0,0.0,0.0,0.0,0,0.8856435477935024,0.8034059352939213,False,False,False,False,0.3428282515482397,0.3416525575418522,False,False,False,False,9158696.0,4143242.2321322197,False,False,False,False,278672.16376597725,False,False,False,False
2024-11-27 17:00:00+00:00,76.875,77.25,76.425,77.205,373210.0,,,,,77.24651156369565,63.99869542898965,62.1488328061983,61.280064755677316,60.62152021103268,,,,,,,64.86956370498596,62.988081554864614,61.973244596815064,61.06737424044803,,,64.86956370498596,59.1673634015912,64.02154320696746,"rgba(0, 255, 255, 0.75)",7.438544523065079,63.57561594401935,1.8322649025920752,79.38373337349076,25.844308252814287,True,False,True,False,True,20.0,0.0,0.0,0.0,0.0,0,0.8793189952169113,0.812623340134462,False,False,False,False,0.31787095945416677,0.3297617584980095,False,False,False,False,8785486.0,4215215.003727069,False,False,False,False,280137.86665332643,False,False,False,False
2024-11-28 17:00:00+00:00,77.205,77.205,77.205,77.205,0.0,,,,,77.24651156369565,63.99869542898965,62.1488328061983,61.280064755677316,60.62152021103268,,,,,,,64.86956370498596,62.988081554864614,61.973244596815064,61.06737424044803,,,64.86956370498596,59.1673634015912,64.02154320696746,"rgba(0, 255, 255, 0.75)",7.604965349886403,63.57561594401935,1.7921691196376373,79.75252296834199,26.39433010720471,True,False,True,False,True,20.0,0.0,0.0,0.0,0.0,0,0.8908464965573103,0.8110233562845961,False,False,False,False,0.3282749585379408,0.3290183585179751,False,False,False,False,8785486.0,4286071.918397967,False,False,False,False,275794.64391451515,False,False,False,False
2024-11-29 17:00:00+00:00,76.94,77.19,76.155,76.21,227326.0,,,,,77.06497310746013,64.14705142667744,62.27877261242838,61.38155470193491,60.70109930730222,,,,,,,65.02098359034976,63.129608478108246,62.0989145438375,61.15503551415707,,,65.02098359034976,59.23870585686321,64.10866592025063,"rgba(0, 255, 255, 0.75)",7.738524152773764,63.66956386406862,1.6205203845537435,76.14975837547148,29.61791133534524,True,False,True,False,False,20.0,0.0,0.0,0.0,0.0,0,0.8883084493276263,0.8111624144787845,False,False,False,False,0.31322146919959437,0.32111991385878474,False,False,False,False,8558160.0,4352305.842143735,False,False,False,False,275043.1920708793,False,False,False,False
2024-12-02 17:00:00+00:00,74.84,75.43,74.795,75.265,507711.0,,,,,76.38483966280396,64.43108617146534,62.533839423567116,61.5835529522876,60.861004714289656,,,,,,,65.30712466805738,63.404316697873185,62.34624181446911,61.33031725517634,,,65.30712466805738,59.38361341811543,64.24248037333219,"rgba(38, 166, 154, 1.0)",7.85275344950665,63.8290422147543,1.4562991005357697,70.69374845316004,24.639150750061347,False,False,True,False,False,20.0,0.0,0.0,0.0,0.0,0,0.8868632707774798,0.8180630026809657,False,False,False,False,0.26987463085702323,0.295497272357904,False,False,False,False,8050449.0,4409641.394978716,False,False,False,False,278650.44490698964,False,False,False,False
2024-12-03 17:00:00+00:00,74.61,74.91,74.02,74.11,283502.0,,,,,76.04555106753445,64.5718159855115,62.66299207985403,61.68716221846458,60.94375442652846,,,,,,,65.44732182792353,63.542044217748206,62.471772875444096,61.42063148850784,,,65.44732182792353,59.459258451151754,64.31033846527964,"rgba(38, 166, 154, 1.0)",7.930533585765513,63.908534738066656,1.2863529485889724,63.97762597925433,18.742264007367794,False,True,True,False,False,18.14175646124845,0.0,0.0,0.0,0.0,0,0.8863111378929397,0.8190887482842897,False,False,False,False,0.2521781503584625,0.27383771135818324,False,False,False,False,7766947.0,4461692.644668968,False,False,False,False,278725.6628154084,False,False,False,False
2024-12-04 17:00:00+00:00,72.885,73.31,72.705,73.07,529465.0,,,,,75.32998599562735,64.79017897136345,62.87040498042477,61.856535982079315,61.08067170786808,,,,,,,65.66072479859383,63.759913966171695,62.67405410277607,61.56912340297796,,,65.66072479859383,59.586172706423696,64.39906598976472,"rgba(38, 166, 154, 1.0)",7.972577336557309,64.02106248844754,1.1350078060779192,57.22014523875745,12.994256687771838,False,True,True,False,False,15.881888102348633,0.0,0.0,0.0,0.0,0,0.8810962379410486,0.8298561271155328,False,False,False,False,0.21288585878967076,0.243361785073927,False,False,False,False,7237482.0,4504728.138550069,False,False,False,False,282613.0943996656,False,False,False,False
2024-12-05 17:00:00+00:00,74.435,74.5,73.675,73.7,301460.0,,,,,75.16680439943482,64.92301725878146,62.99530859100549,61.95857194875766,61.163211544989245,,,,,,,65.79161683450911,63.89155267669879,62.79583716823248,61.658709543749865,,,65.79161683450911,59.66230484155569,64.48273666290655,"rgba(38, 166, 154, 1.0)",8.02565933863503,64.107843163711,1.195186143786711,54.29962097356214,10.780883380512073,False,True,True,False,False,16.755413266615268,0.0,0.0,0.0,0.0,0,0.887637463038639,0.821389414930729,False,False,False,False,0.24193248946338594,0.24264713726865647,False,False,False,False,7538942.0,4551770.213921386,False,False,False,False,282905.29448649246,False,False,False,False
2024-12-06 17:00:00+00:00,74.32,74.41,74.0,74.24,232765.0,,,,,75.08686965692259,65.0258387665213,63.09206881939461,62.03785789274639,61.227494532658284,,,,,,,65.89299933040894,63.99344152680041,62.890220375291186,61.728434166759264,,,65.89299933040894,59.72159115046534,64.5528027852781,"rgba(38, 166, 154, 1.0)",8.089154905803817,64.17843579983962,1.2438337894779827,53.6461473695425,10.386083253695148,False,True,True,False,False,17.498536599288038,0.0,0.0,0.0,0.0,0,0.8932361845826262,0.8186113051868122,False,False,False,False,0.2451161040812723,0.24388162067496438,False,False,False,False,7771707.0,4601691.714480744,False,False,False,False,282127.9255797252,False,False,False,False
2024-12-09 17:00:00+00:00,73.9,73.9,72.43,72.685,458803.0,,,,,74.79074356219905,65.1961308272283,63.257738356574684,62.175919643460105,61.340718181866976,,,,,,,66.05778143084078,64.16538035229604,63.052343391009096,61.85050882425678,,,66.05778143084078,59.827396167974136,64.65414050774797,"rgba(38, 166, 154, 1.0)",8.119514931923556,64.28622745404354,1.0343933863505745,49.789518071802625,6.811070475772894,False,True,False,False,False,14.156072020237414,0.0,0.0,0.0,0.0,0,0.8822190705498203,0.8220257924074018,False,False,False,False,0.2170987444601156,0.23049018256754,False,False,False,False,7312904.0,4643726.013481041,False,False,False,False,284867.0740203496,False,False,False,False
2024-12-10 17:00:00+00:00,72.1,73.065,71.905,72.09,328076.0,,,,,74.5657179339046,65.30371563253395,63.3651522829694,62.266717085923695,61.41590595602946,,,,,,,66.16038533610917,64.27558817205323,63.15773749977349,61.93118662470116,,,66.16038533610917,59.89833574317941,64.71578961377759,"rgba(38, 166, 154, 0.5)",8.131095066593543,64.35293424642984,0.9515404370756602,46.126722668805456,3.413927089599909,False,True,False,True,False,12.915680494753047,0.0,0.0,0.0,0.0,0,0.8786954096531809,0.8284279948813865,False,False,False,False,0.1989620722857608,0.2147261274266504,False,False,False,False,6984828.0,4680022.168310793,False,False,False,False,285536.97984949144,False,False,False,False
2024-12-11 17:00:00+00:00,71.865,72.14,71.695,71.72,307934.0,,,,,74.3492899242231,65.39481422702815,63.45818904727062,62.34631243214196,61.48235517316774,,,,,,,66.24613454267114,64.37010572532655,63.249231319775774,62.002200597744,,,66.24613454267114,59.96154024451096,64.76651477659433,"rgba(38, 166, 154, 0.5)",8.142036027657673,64.4085727875285,0.8979851216127418,43.01693982273308,0.49365164207046774,False,True,False,True,False,12.146345080942197,0.0,0.0,0.0,0.0,0,0.8783681774918766,0.8341264892185505,False,False,False,False,0.18392471496513987,0.19932542119589514,False,False,False,False,6676894.0,4710981.421515277,False,False,False,False,285884.22047197993,False,False,False,False
2024-12-12 17:00:00+00:00,71.545,71.635,70.85,70.86,378982.0,,,,,74.06023746127751,65.49110929965221,63.560121776945756,62.435023404085506,61.55725522625111,,,,,,,66.33477446833696,64.47210251330958,63.34980605778142,62.08178253895033,,,66.33477446833696,60.03365307754979,64.81580141628781,"rgba(38, 166, 154, 0.5)",8.141520667773536,64.46473583670257,0.7855122432608577,39.48448028472018,-2.863345679847157,False,True,False,True,False,10.374410229265646,0.0,0.0,0.0,0.0,0,0.8709889100334663,0.8421484349366762,False,False,False,False,0.16614479343195612,0.18273510731392562,False,False,False,False,6297912.0,4735584.996375505,False,False,False,False,287327.59689877095,False,False,False,False
2024-12-13 17:00:00+00:00,70.48,70.485,70.02,70.48,373401.0,,,,,73.75821850625937,65.57003214840104,63.64774860668901,62.5129258797516,61.623940807179764,,,,,,,66.40514608681455,64.55807578227157,63.43662836252506,62.15213367253964,,,66.40514608681455,60.09881815227915,64.85164998360352,"rgba(38, 166, 154, 0.5)",8.14455357450166,64.50798327419912,0.7332528015406041,36.52609972434983,-5.719679327296802,False,True,False,True,False,9.59883837113604,0.0,0.0,0.0,0.0,0,0.8633709486943966,0.8502493111140276,False,False,False,False,0.14025143429475748,0.16149327080434156,False,False,False,False,5924511.0,4754017.957672009,False,False,False,False,288662.06826468144,False,False,False,False
2024-12-16 17:00:00+00:00,70.545,72.29,70.32,72.03,464855.0,,,,,73.5557981811164,65.68901171068885,63.77304217058675,62.62257325531167,61.71697888176333,,,,,,,66.51551503049308,64.68350863041258,63.56032487427825,62.250858851059085,,,66.51551503049308,60.18832555852276,64.92973462063445,"rgba(38, 166, 154, 0.5)",8.161587559199885,64.58897682385111,0.9117127179210662,39.271618632629085,-5.719679327296802,False,True,False,True,False,11.981616527118348,0.0,0.0,0.0,0.0,0,0.8642075263941961,0.8403717857374187,False,False,False,False,0.16778655023557187,0.16463991051995672,False,False,False,False,6389366.0,4779372.190886397,False,False,False,False,291393.7416249189,False,False,False,False
2024-12-17 17:00:00+00:00,70.96,70.98,70.38,70.8,347519.0,,,,,73.3741842694756,65.76278756475722,63.85445580976722,62.69538739776952,61.77964682532206,,,,,,,66.58192220553894,64.76343291379152,63.64104186062954,62.31687566614956,,,66.58192220553894,60.24952711147236,64.97441494591125,"rgba(38, 166, 154, 0.5)",8.159338742306975,64.6370495744199,0.7553247414063823,38.80355366756961,-5.719679327296802,False,True,False,True,False,9.489054717191525,0.0,0.0,0.0,0.0,0,0.8606683804627246,0.8443444730077128,False,False,False,False,0.1514077580604843,0.1580238342902205,False,False,False,False,6041847.0,4798945.443740871,False,False,False,False,292263.90066949377,False,False,False,False
2024-12-18 17:00:00+00:00,70.825,71.475,68.61,68.73,413272.0,,,,,73.10743610361058,65.82864296824826,63.9334978307841,62.768494622754304,61.84389167949904,,,,,,69.60499999999999,66.63765712291433,64.83848326299658,63.719942363459424,62.38381495582508,,,66.63765712291433,60.31373630727467,65.46668609100917,#000000,8.134981676308419,65.1605395390182,0.43877916423305213,35.641456898536276,-6.962650352273215,False,True,False,True,False,5.526315885026527,0.0,0.0,0.0,0.0,0,0.8547041091543705,0.8416944312232276,False,False,False,False,0.1347839813943692,0.14640390784229484,False,False,False,False,5628575.0,4811807.917481323,False,False,False,False,294139.9952327574,False,False,False,False
2024-12-19 17:00:00+00:00,69.375,69.585,68.675,68.875,211803.0,,,,,72.96524784923963,65.85665032430913,63.969253518738775,62.80234566259921,61.87406383809993,,,,,,69.41524728232612,66.66019058081109,64.87163825438728,63.75580407101802,62.41502349504981,,,66.66019058081109,60.34434041966204,65.4585464876579,#000000,8.091726106238287,65.16212153642707,0.4588487567208317,33.94529178277793,-8.876218526388492,False,True,False,True,False,5.75844701236867,0.0,0.0,0.0,0.0,0,0.8543204377704248,0.8586472384830752,False,False,False,False,0.11111506863221311,0.12875948823725397,False,False,False,False,5840378.0,4827754.740466109,False,False,False,False,292863.45267100923,False,False,False,False
2024-12-20 17:00:00+00:00,70.965,71.035,70.125,70.35,237058.0,,,,,72.87244008335924,65.90150019927697,64.02001293074677,62.84855283142878,61.91434219093049,,,,,,69.71443488224362,66.7000354805125,64.92088454849896,63.806283299007404,62.457215565400105,,,66.7000354805125,60.3840390404602,65.51557020114049,"rgba(38, 166, 154, 0.5)",8.010810062962715,65.20979212141961,0.641658938132323,36.6737618573939,-8.876218526388492,False,True,False,True,False,8.079423117738695,0.0,0.0,0.0,0.0,0,0.8653418830550437,0.8457240810107299,False,False,False,False,0.1487948385526436,0.13877716339494878,False,False,False,False,6077436.0,4847129.643714695,False,False,False,False,291998.2518544044,False,False,False,False
2024-12-23 17:00:00+00:00,69.65,69.65,69.65,69.65,0.0,,,,,72.87244008335924,65.90150019927697,64.02001293074677,62.84855283142878,61.91434219093049,,,,,,69.71443488224362,66.7000354805125,64.92088454849896,63.806283299007404,62.457215565400105,,,66.7000354805125,60.3840390404602,65.51557020114049,"rgba(38, 166, 154, 0.5)",7.92870795229542,65.20979212141961,0.5600165758779048,37.34491863250658,-8.876218526388492,False,True,False,True,True,6.752382452661298,0.0,0.0,0.0,0.0,0,0.86620833861361,0.8420035483462178,False,False,False,False,0.12458623015851718,0.13168169677673297,False,False,False,False,6077436.0,4866204.160866405,False,False,False,False,287471.14717449114,False,False,False,False
2024-12-24 17:00:00+00:00,71.185,71.565,71.13,71.55,39592.0,,,,,72.8633214628802,65.91037377887773,64.02959499962544,62.8571287668848,61.92174277067976,,,,,,69.78910152023437,66.70818564016079,64.9303550602766,63.815778187607506,62.465012938033105,,,66.70818564016079,60.39123365590596,65.52905951252603,"rgba(38, 166, 154, 0.5)",7.843540809636439,65.22069813881306,0.8069444674031483,41.874347942991164,-14.823320203023457,False,True,False,True,True,9.643775932768936,0.0,0.0,0.0,0.0,0,0.8674899446958265,0.8417860734037212,False,False,False,False,0.16890345640892526,0.15029257659282913,False,False,False,False,6117028.0,4885596.778527391,False,False,False,False,283628.0596213982,False,False,False,False
2024-12-25 17:00:00+00:00,71.55,71.55,71.55,71.55,0.0,,,,,72.8633214628802,65.91037377887773,64.02959499962544,62.8571287668848,61.92174277067976,,,,,,69.78910152023437,66.70818564016079,64.9303550602766,63.815778187607506,62.465012938033105,,,66.70818564016079,60.39123365590596,65.52905951252603,"rgba(38, 166, 154, 0.5)",7.745704169478775,65.22069813881306,0.8171370507702783,44.89396748331422,-11.827958275106788,False,True,False,True,True,9.643775932768936,0.0,0.0,0.0,0.0,0,0.8647126217299977,0.8430717331805747,False,False,False,False,0.17423097319811928,0.16226177489547422,False,False,False,False,6117028.0,4904688.735449447,False,False,False,False,279230.7253637021,False,False,False,False
2024-12-26 17:00:00+00:00,71.55,71.845,71.11,71.745,196590.0,,,,,72.8242526599605,65.95521738303125,64.0777779322402,62.90020883418515,61.95890385022744,,,,,,70.1072721107636,66.74953135589806,64.978064106657,63.86350926238827,62.50418251887347,,,66.74953135589806,60.42730882500913,65.5918920014225,"rgba(38, 166, 154, 0.5)",7.589418779749488,65.2725840812641,0.8528210270865494,47.32063853962712,-9.39060216602843,False,True,False,False,True,9.938335903716528,0.0,0.0,0.0,0.0,0,0.8588257829709794,0.8435973565750413,False,False,False,False,0.17232248049565468,0.16729212769556445,False,False,False,False,6313618.0,4926532.600016122,False,False,False,False,277949.4738076757,False,False,False,False
2024-12-27 17:00:00+00:00,70.82,71.275,70.635,71.155,123334.0,,,,,72.79081080600002,65.98029226898811,64.1055160139817,62.92533296545373,61.98075745171821,,,,,,70.19958662840145,66.77221871326418,65.00519954912217,63.891057748489345,62.52711707639032,,,66.77221871326418,60.448721030829404,65.61778892218094,"rgba(38, 166, 154, 0.5)",7.4451326581396176,65.29575540382666,0.7869899523909145,47.560105692854044,-8.899793666128076,False,True,False,False,True,8.772653152978506,0.0,0.0,0.0,0.0,0,0.8512220703683687,0.8472809331595847,False,False,False,False,0.1586039895753083,0.16294805863543638,False,False,False,False,6190284.0,4946125.644977112,False,False,False,False,275552.3346788745,False,False,False,False
2024-12-30 17:00:00+00:00,70.55,70.8,70.415,70.43,129792.0,,,,,72.74786801417324,66.00396096246655,64.13248674692677,62.95006936828766,62.0024437182835,,,,,,70.23308016036216,66.79320467331446,65.03126794155884,63.91791136420374,62.54978206328759,,,66.79320467331446,60.470156542351724,65.63620750128645,"rgba(38, 166, 154, 0.5)",7.310373383693119,65.31378935410578,0.699856269627308,46.13859009158385,-8.899793666128076,False,True,False,True,True,7.35546034318784,0.0,0.0,0.0,0.0,0,0.8503774662183591,0.8482522362494456,False,False,False,False,0.14951318890445436,0.15623062376994537,False,False,False,False,6060492.0,4963402.642729404,False,False,False,False,273292.48452881444,False,False,False,False
2024-12-31 17:00:00+00:00,70.295,70.565,70.06,70.28,136681.0,,,,,72.69951275524987,66.02728361532033,64.15956335578646,62.975105717113706,62.024506912730125,,,,,,70.2393796924356,66.8136185909649,65.05724064021607,63.94491372834703,62.57278018660942,,,66.8136185909649,60.49208156300811,65.65139051947735,"rgba(38, 166, 154, 0.5)",7.182505107664135,65.32968382644907,0.6892186081801274,44.86667625267308,-8.899793666128076,False,True,False,True,True,7.0623724256312705,0.0,0.0,0.0,0.0,0,0.8486103645619247,0.8502229108040606,False,False,False,False,0.14181508097146392,0.14902285237070464,False,False,False,False,5923811.0,4978292.694780111,False,False,False,False,271174.4770167398,False,False,False,False
2025-01-01 17:00:00+00:00,70.28,70.28,70.28,70.28,0.0,,,,,72.69951275524987,66.02728361532033,64.15956335578646,62.975105717113706,62.024506912730125,,,,,,70.2393796924356,66.8136185909649,65.05724064021607,63.94491372834703,62.57278018660942,,,66.8136185909649,60.49208156300811,65.65139051947735,"rgba(38, 166, 154, 0.5)",7.037319775427388,65.32968382644907,0.7034377194050827,44.018733693399234,-8.899793666128076,False,True,False,True,False,7.0623724256312705,0.0,0.0,0.0,0.0,0,0.8517207284789331,0.8507319873696303,False,False,False,False,0.14096802065774625,0.14499543651422545,False,False,False,False,5923811.0,4992951.893310652,False,False,False,False,266970.2215591159,False,False,False,False
2025-01-02 17:00:00+00:00,70.605,70.73,69.76,70.15,219002.0,,,,,72.62318512495241,66.06336852499912,64.20183890103613,63.01438812366032,62.05924025364586,,,,,,70.23603828036705,66.84502092155006,65.09763479099128,63.98711155441965,62.60892868417391,,,66.84502092155006,60.526694052845215,65.67367551597957,"rgba(38, 166, 154, 0.5)",6.920212380222672,65.35357233519517,0.6931041131790385,43.11414301495288,-8.899793666128076,False,True,False,True,False,6.799674264845702,0.0,0.0,0.0,0.0,0,0.8544138282944249,0.84771654547774,False,False,False,False,0.14005602651365254,0.142525731513939,False,False,False,False,5704809.0,5003988.43760041,False,False,False,False,266226.5282016102,False,False,False,False
2025-01-03 17:00:00+00:00,70.61,71.42,70.54,71.295,204339.0,,,,,72.58035044955726,66.103435831847,64.24639773636402,63.05504948378284,62.094819479039856,,,,,,70.32679388946234,66.88125018019296,65.14108317937288,64.03141577054802,62.64618074627667,,,66.88125018019296,60.561653752512136,65.71067767464437,"rgba(38, 166, 154, 0.5)",6.811798963351522,65.38817393509908,0.8671462702702352,46.27630489209918,-8.803186638887233,False,True,False,True,True,8.706965109276275,0.0,0.0,0.0,0.0,0,0.8545210813571219,0.8456799974466189,False,False,False,False,0.1592589900047355,0.15089236075933726,False,False,False,False,5909148.0,5018021.919188,False,False,False,False,265267.0316403449,False,False,False,False
2025-01-06 17:00:00+00:00,73.19,73.19,71.92,71.965,253907.0,,,,,72.57292499365315,66.1648409165698,64.31112903710574,63.11292898234278,62.14484713293622,,,,,,70.56500818335897,66.938791748836,65.20557945171497,64.09550250743321,62.69893158341135,,,66.938791748836,60.6099900620067,65.7810484537362,"rgba(38, 166, 154, 0.5)",6.674875672493307,65.45030473805943,0.9760024877747423,50.16097469688853,-5.030019405797148,False,True,False,False,True,9.795768577546472,0.0,0.0,0.0,0.0,0,0.862644659457408,0.8349459305634611,False,False,False,False,0.20082293532663853,0.1758576480429879,False,False,False,False,6163055.0,5035774.3700533025,False,False,False,False,265090.90711878915,False,False,False,False
2025-01-07 17:00:00+00:00,72.36,72.635,71.51,71.595,329481.0,,,,,72.54548925980525,66.23715055838595,64.38904225281769,63.18340717519153,62.20624576740224,,,,,,70.74307393507668,67.00569703518896,65.28247274373298,64.1728079435819,62.7634207117882,,,67.00569703518896,60.6697724532437,65.85288073829713,"rgba(38, 166, 154, 0.5)",6.4979378003838555,65.51660323676032,0.935434740985149,51.48989287114503,-3.6977149307464003,False,False,True,False,True,9.018169644665996,0.0,0.0,0.0,0.0,0,0.8590529776204321,0.8433430269313447,False,False,False,False,0.18802340057164244,0.18194052430731517,False,False,False,False,5833574.0,5048143.356564104,False,False,False,False,266089.20313245134,False,False,False,False
2025-01-08 17:00:00+00:00,71.78,71.835,71.155,71.58,275654.0,,,,,72.5111147739828,66.29220238866137,64.44969470798459,63.238914221509845,62.25498377523528,,,,,,70.82070657756138,67.0559652003712,65.34175769220651,64.23311914476278,62.81441452964845,,,67.0559652003712,60.71758645345396,65.90128730119243,"rgba(38, 166, 154, 0.5)",6.290701166894743,65.5632004560514,0.9564592855900427,52.32224724614546,-2.738924448662047,False,False,True,False,True,8.986309082814174,0.0,0.0,0.0,0.0,0,0.8596938775510198,0.8416106949108764,False,False,False,False,0.17278303684014418,0.17736178057372967,False,False,False,False,5557920.0,5056046.870415823,False,False,False,False,266237.4945567544,False,False,False,False
2025-01-09 17:00:00+00:00,71.58,71.58,71.58,71.58,0.0,,,,,72.5111147739828,66.29220238866137,64.44969470798459,63.238914221509845,62.25498377523528,,,,,,70.82070657756138,67.0559652003712,65.34175769220651,64.23311914476278,62.81441452964845,,,67.0559652003712,60.71758645345396,65.90128730119243,"rgba(38, 166, 154, 0.5)",6.150371905549799,65.5632004560514,0.9782822301395016,52.877150162812406,-1.956145847335776,False,False,True,False,True,8.986309082814174,0.0,0.0,0.0,0.0,0,0.8585684004565461,0.8487852600684824,False,False,False,False,0.17502106123829977,0.17619142090601472,False,False,False,False,5557920.0,5063827.849169065,False,False,False,False,262109.78146285124,False,False,False,False
2025-01-10 17:00:00+00:00,69.635,70.48,69.49,69.99,228002.0,,,,,72.4427952982333,66.3237546457763,64.48835819499604,63.275857476780644,62.28829272630708,,,,,69.98666666666665,70.75728742670937,67.08269212151173,65.37796968933742,64.27190311101639,62.84878310822687,,,67.08269212151173,60.75123871184732,66.28585095141472,"rgba(38, 166, 154, 0.5)",5.976116637337556,66.04678265596891,0.6598293814070941,48.120810404214396,-1.956145847335776,False,True,False,True,False,5.612382076051453,0.0,0.0,0.0,0.0,0,0.8487331607066761,0.8578124487856048,False,False,False,False,0.13328835001798686,0.1547398854620008,False,False,False,False,5329918.0,5067953.277864119,False,False,False,False,261580.9786494737,False,False,False,False
2025-01-13 17:00:00+00:00,69.62,70.615,69.555,70.585,180407.0,,,,,72.39685868447847,66.35011981210471,64.52002632032608,63.30594649588996,62.31534606407405,,,,,70.10372543618448,70.72859287112936,67.10539538268496,65.40784949306568,64.3036283571981,62.87674574480322,,,67.10539538268496,60.77845254115091,66.3103849692672,"rgba(38, 166, 154, 0.5)",5.810281651078933,66.06969367978627,0.7771234840870856,47.141246649501774,2.0975059103503426,False,True,False,True,False,6.660696355707813,0.0,0.0,0.0,0.0,0,0.8440249926396018,0.8600543033792409,False,False,False,False,0.13588983305564223,0.1453148592588215,False,False,False,False,5510325.0,5074811.754176304,False,False,False,False,260322.4673525826,False,False,False,False
2025-01-14 17:00:00+00:00,70.425,71.445,70.41,71.15,622026.0,,,,,72.3028062287667,66.45533656223199,64.64054090957,63.41871987646075,62.41591348166655,,,,,70.64577106917629,70.77328155359815,67.19931935066525,65.5236466731396,64.42395205466642,62.9812013901027,,,67.19931935066525,60.87843431690199,66.4345899227313,"rgba(38, 166, 154, 0.5)",5.602007231968439,66.18052910304922,0.8870875547235958,48.36390862591565,2.0975059103503426,False,True,False,False,False,7.646689457527003,0.0,0.0,0.0,0.0,0,0.8579751168455002,0.8533671252715429,False,False,False,False,0.1578836449270778,0.15159925209294967,False,False,False,False,6132351.0,5091207.711475896,False,False,False,False,265930.2740602945,False,False,False,False
2025-01-15 17:00:00+00:00,75.62,76.81,75.23,75.925,736253.0,,,,,72.57514817944755,66.7039134776216,64.88490111453021,63.633023498693056,62.59939241559516,,,,,72.87224087860072,71.61953109995541,67.44313846776636,65.77392400276096,64.66472458477114,63.17616517307364,,,67.44313846776636,61.05134230130943,66.90419117207416,"rgba(0, 255, 255, 0.75)",5.426520460323166,66.569895848541,1.7239599886999923,57.277817029314576,1.763814384317385,True,False,True,False,True,15.099691479513737,0.0,0.0,0.0,0.0,0,0.8665754470820337,0.8451918793355827,False,False,False,False,0.29496055020366674,0.2232799011483082,False,False,False,False,6868604.0,5118764.243080921,False,False,False,False,273222.09926866204,False,False,False,False
2025-01-16 17:00:00+00:00,75.415,76.12,75.105,75.98,426401.0,,,,,72.70482827242775,66.8382682147534,65.01854873419978,63.75135157002553,62.70143542717701,,,,,73.4288454450929,71.97307332247561,67.57425235230838,65.91001157550438,64.79661969358611,63.284248597573864,,,67.57425235230838,61.14801639700188,67.08922574592043,"rgba(0, 255, 255, 0.75)",5.218478328312066,66.7331937381766,1.7719353574118069,63.273195323890484,6.969100355077536,True,False,True,False,True,15.17749515674053,0.0,0.0,0.0,0.0,0,0.8680088776157254,0.8484147114774895,False,False,False,False,0.28365315994516543,0.25346653054673685,False,False,False,False,7295005.0,5152504.409854859,False,False,False,False,275596.9659466673,False,False,False,False
2025-01-17 17:00:00+00:00,76.315,77.24,75.865,77.2,369337.0,,,,,72.8443178971792,66.96459897747901,65.14258623463145,63.86066758558924,62.7954561414903,,,,,73.91018478452322,72.30517342777047,67.69847527319332,66.03700184001275,64.91890443982415,63.3840209961983,,,67.69847527319332,61.23658926245253,67.26012614526286,"rgba(0, 255, 0, 1.0)",5.08163618663644,66.88496728930608,2.02986446330419,68.39943375675931,11.329219656169911,True,False,True,False,True,16.886025545850888,0.0,0.0,0.0,0.0,0,0.8712833785745843,0.8450539738652868,False,False,False,False,0.3098482514107417,0.28165739097873926,False,False,False,False,7664342.0,5191447.628306721,False,False,False,False,277050.2998079593,False,False,False,False
2025-01-20 17:00:00+00:00,77.2,77.2,77.2,77.2,0.0,,,,,72.8443178971792,66.96459897747901,65.14258623463145,63.86066758558924,62.7954561414903,,,,,73.91018478452322,72.30517342777047,67.69847527319332,66.03700184001275,64.91890443982415,63.3840209961983,,,67.69847527319332,61.23658926245253,67.26012614526286,"rgba(0, 255, 0, 1.0)",4.933871566085828,66.88496728930608,2.0906569156758814,71.81692604533852,14.19745503557786,True,False,True,False,True,16.886025545850888,0.0,0.0,0.0,0.0,0,0.8799810096534258,0.8446906156037353,False,False,False,False,0.32813295071739046,0.30489517084806483,False,False,False,False,7664342.0,5229787.075929873,False,False,False,False,272754.94632256456,False,False,False,False
2025-01-21 17:00:00+00:00,77.93,78.12,77.6,77.93,317306.0,,,,,72.98866879852801,67.08264837831908,65.25709861080927,63.96111468828937,62.88159956586713,,,,,74.34796992335862,72.61843172242156,67.81534222121982,66.15484522799817,65.03168397531203,63.475609252350196,,,67.81534222121982,61.317291407195064,67.41954657858848,"rgba(0, 255, 0, 1.0)",4.785435582234002,67.02685651621903,2.278401473892796,74.76398831827848,16.803065499744633,True,False,True,False,True,17.90201632054585,0.0,0.0,0.0,0.0,0,0.8792627605240614,0.8483964089712279,False,False,False,False,0.34282825156424324,0.32386171120615403,False,False,False,False,7981648.0,5272451.586380572,False,False,False,False,273445.6603330674,False,False,False,False
2025-01-22 17:00:00+00:00,77.21,77.645,77.01,77.54,143680.0,,,,,73.04513650523532,67.13290422915769,65.30631100644469,64.0045584938412,62.919032994140814,,,,,74.49293072087652,72.73696574067827,67.86487642251628,66.20526357282101,65.08020608024555,63.51531873236917,,,67.86487642251628,61.35251516412266,67.48213677257515,"rgba(0, 255, 0, 1.0)",4.617338750312205,67.08362825820267,2.2645883932796407,75.29130632033434,17.37755945672143,True,False,True,False,True,17.02495397414105,0.0,0.0,0.0,0.0,0,0.8737839465094902,0.8499540513990562,False,False,False,False,0.3277204133402669,0.3257910622732105,False,False,False,False,7837968.0,5312227.034653742,False,False,False,False,271433.7896302291,False,False,False,False
2025-01-23 17:00:00+00:00,77.79,77.9,77.025,77.46,242873.0,,,,,73.13871117026903,67.21726837868975,65.38902838416733,64.07770374242229,62.982147292030746,,,,,74.71367869766418,72.92705058510678,67.94800203063473,66.2899454597455,65.16178378459178,63.582233907504985,,,67.94800203063473,61.41194055333575,67.58432303934792,"rgba(0, 255, 0, 1.0)",4.433681510746827,67.17698901376085,2.319294013634966,75.33270637850607,17.76156199476989,True,False,True,False,True,16.84346389678921,0.0,0.0,0.0,0.0,0,0.8783149346529625,0.8479571120416197,False,False,False,False,0.33153667728649017,0.3286638697798503,False,False,False,False,7595095.0,5347620.336442056,False,False,False,False,270990.98669022555,False,False,False,False
2025-01-24 17:00:00+00:00,77.595,77.645,77.04,77.225,131519.0,,,,,73.18595091551505,67.26168280000013,65.43277149078015,64.11651731192251,63.01572518823519,,,,,74.81391661251405,73.02036049074933,67.99167824357234,66.33462981011547,65.20494923029263,63.617791747601494,,,67.99167824357234,61.443621920172475,67.6359976219362,"rgba(0, 255, 0, 1.0)",4.340466590727861,67.2246907472315,2.3039710233298947,74.38706119352727,17.76156199476989,True,False,True,False,True,16.303720236437726,0.0,0.0,0.0,0.0,0,0.8769474853244481,0.8523242900206257,False,False,False,False,0.32814398591298233,0.3284039278464163,False,False,False,False,7463576.0,5380425.850605745,False,False,False,False,268828.63030743133,False,False,False,False
2025-01-27 17:00:00+00:00,77.29,77.97,76.895,77.955,161875.0,,,,,73.24681967796073,67.317449617292,65.48753656022123,64.16506956479235,63.05771052237602,,,,,74.94091582087411,73.13764117520125,68.04661176912701,66.39063971580072,65.25897973273034,63.662268954411864,,,68.04661176912701,61.48318517877819,67.70105846461706,"rgba(0, 255, 0, 1.0)",4.284813242432162,67.28474315491239,2.490250155927663,74.84922521920126,18.21878515860341,True,False,True,False,True,17.37712408251047,0.0,0.0,0.0,0.0,0,0.8805691108435257,0.8492933645985176,False,False,False,False,0.33068781652897716,0.3295458721876967,False,False,False,False,7625451.0,5415232.442069221,False,False,False,False,267170.4344887115,False,False,False,False
2025-01-28 17:00:00+00:00,77.265,78.0,77.18,78.0,317618.0,,,,,73.36466518122985,67.42639778450571,65.59462272984766,64.2601678424113,63.14006623135201,,,,,75.16911722307233,73.35689516299274,68.15392429152222,66.50009454740156,65.36465458830553,63.74946569545422,,,68.15392429152222,61.5608264231863,67.82546102528137,"rgba(0, 255, 0, 1.0)",4.2405944010095284,67.40027335503461,2.4995851153418456,75.22352828563659,19.149296307485145,True,False,True,False,True,17.44333228407874,0.0,0.0,0.0,0.0,0,0.8855978435273727,0.8423721198896097,False,False,False,False,0.33514950093595014,0.33234768656182345,False,False,False,False,7943069.0,5454423.706533263,False,False,False,False,267952.5672873361,False,False,False,False
2025-01-29 17:00:00+00:00,78.505,78.58,78.02,78.375,196906.0,,,,,73.44426082102385,67.49665931709049,65.66330246488226,64.32104667434534,63.19273489321227,,,,,75.32164085875611,73.49981574500089,68.22334974958659,66.57045582280281,65.43240003722505,63.805273046317446,,,68.22334974958659,61.61035596891645,67.906449039113,"rgba(0, 255, 0, 1.0)",4.216009572061143,67.47537488132822,2.5852942059007513,76.04462130128141,20.487222473457237,True,False,True,False,True,18.00023915122017,0.0,0.0,0.0,0.0,0,0.8961601575319983,0.8334099113882512,False,False,False,False,0.342828251611731,0.33758796908677724,False,False,False,False,8139975.0,5496060.160695539,False,False,False,False,266851.0701200906,False,False,False,False
2025-01-30 17:00:00+00:00,78.725,79.03,78.08,78.845,244954.0,,,,,73.54617657216822,67.58541029154718,65.74989139931176,64.39779874014852,63.25915117636847,,,,,75.51049788380774,73.67781668364447,68.3111547986854,66.65922642681306,65.51780470000367,63.87565313171639,,,68.3111547986854,61.672760695527515,68.00823470947408,"rgba(0, 255, 0, 1.0)",4.2080063114397275,67.56994493364652,2.6794292194147937,77.27198419151247,22.144918243987618,True,False,True,False,True,18.696960766040302,0.0,0.0,0.0,0.0,0,0.9019175739236257,0.8274512383646355,False,False,False,False,0.34282825163853525,0.34020811036265625,False,False,False,False,8384929.0,5540848.824870802,False,False,False,False,266511.5806608644,False,False,False,False
2025-01-31 17:00:00+00:00,79.105,79.29,78.31,78.86,317101.0,,,,,73.67649098884458,67.69994138884555,65.86172395258833,64.4971032632945,63.34521739445528,,,,,75.73685423208401,73.89796568419973,68.42446401379439,66.77380977383959,65.62813467123053,63.96680420788662,,,68.42446401379439,61.753664296161624,68.13713723373301,"rgba(0, 255, 0, 1.0)",4.191317535654408,67.69037471681753,2.664943705210946,78.11233533857427,23.381729957635784,True,False,True,False,True,18.719364095821796,0.0,0.0,0.0,0.0,0,0.9024213950126485,0.8308637513552589,False,False,False,False,0.3428282516638099,0.34151818101323306,False,False,False,False,8702030.0,5589859.385725519,False,False,False,False,267295.9127436417,False,False,False,False
2025-02-03 17:00:00+00:00,78.155,78.39,77.525,78.21,271955.0,,,,,73.7670769204649,67.78957647897178,65.95045149051396,64.57661749345478,63.414600875849686,,,,,75.86455962417823,74.04472197876437,68.51258125513489,66.864134296339,65.71581187055823,64.0400466111425,,,68.51258125513489,61.819307096700115,68.23092535412478,"rgba(0, 255, 0, 1.0)",4.141692675249534,67.7797565121702,2.5183528343761967,75.01392498410283,23.381729957635784,True,False,True,False,False,17.098930120992307,0.0,0.0,0.0,0.0,0,0.8959341090338603,0.8328866518499155,False,False,False,False,0.3198180954259375,0.3306681382195853,False,False,False,False,8430075.0,5633893.7363344245,False,False,False,False,267368.146654593,False,False,False,False
2025-02-04 17:00:00+00:00,79.175,79.845,79.01,79.495,398506.0,,,,,73.93478698875614,67.93581310349538,66.09303158579229,64.70347244722402,63.52477183926658,,,,,76.13380687514577,74.31140218017151,68.65748269309111,67.01025562900259,65.85650094701292,64.15666271031414,,,68.65748269309111,61.92281399381321,68.39254427266113,"rgba(0, 255, 0, 1.0)",4.132242863274192,67.93170467031396,2.7983097103164547,75.38329484341062,23.381729957635784,True,False,True,False,False,19.050403630196545,0.0,0.0,0.0,0.0,0,0.8999642381091709,0.8321791995838622,False,False,False,False,0.34282825172649345,0.33674819497303937,False,False,False,False,8828581.0,5683423.771430015,False,False,False,False,269401.2916677001,False,False,False,False
2025-02-05 17:00:00+00:00,80.195,80.355,79.84,80.07,366407.0,,,,,74.09734731474144,68.07434757093486,66.22763426019827,64.82318169573439,63.62874832905766,,,,,76.38921565259318,74.562089119598,68.79504741564534,67.14838686824143,65.98929413648351,64.26674970944767,,,68.79504741564534,62.02034408487695,68.54564018842508,"rgba(0, 255, 0, 1.0)",4.1197457751967725,68.07576998828864,2.9114005247419588,76.46915433037111,23.381729957635784,True,False,True,False,False,19.898371020359967,0.0,0.0,0.0,0.0,0,0.905008915545469,0.8251580483060469,False,False,False,False,0.3428282517903447,0.339788223381692,False,False,False,False,9194988.0,5737866.627686914,False,False,False,False,270905.25613796833,False,False,False,False
2025-02-06 17:00:00+00:00,81.195,81.5,80.775,81.44,379574.0,,,,81.23833333333333,74.28756657810462,68.22799062029517,66.37571529264375,64.95443948581685,63.74252367561984,,,,,76.69331117930841,74.84930093448662,68.9482674070046,67.30088480424236,66.13528054242083,64.38737324639786,,,68.9482674070046,62.126641484409916,69.76174892497285,"rgba(0, 255, 0, 1.0)",4.154473716954322,69.30909006517243,2.919963095523165,78.76243754385872,24.6857663095912,True,False,True,False,True,20.0,0.0,0.0,0.0,0.0,0,0.9117846860544104,0.8186199980590695,False,False,False,False,0.34282825184834553,0.3413082376150188,False,False,False,False,9574562.0,5797350.276870063,False,False,False,False,272590.0428645115,False,False,False,False
2025-02-07 17:00:00+00:00,80.695,81.14,80.45,80.68,296931.0,,,,81.02692060911104,74.41961780864534,68.34134610438798,66.48584552679715,65.05267068568074,63.82808523617042,,,,,76.88332792330768,75.04163140129347,69.06092673085423,67.4138542730705,66.24396744567068,64.47788203501732,,,69.06092673085423,62.2069038837913,69.85633964833387,"rgba(0, 255, 0, 1.0)",4.134145283516849,69.40641811913018,2.7269438076640538,76.93149487701983,24.6857663095912,True,False,True,False,False,19.946547559139344,0.0,0.0,0.0,0.0,0,0.9056304776688975,0.8233562950745451,False,False,False,False,0.33406132259876253,0.3376847801068906,False,False,False,False,9277631.0,5851308.117538744,False,False,False,False,272967.42204490665,False,False,False,False
2025-02-10 17:00:00+00:00,78.55,79.4,78.255,79.105,282207.0,,,,80.40672628137196,74.50526545214879,68.43153674224158,66.57569136349677,65.13411821951178,63.89987366448675,,,,,76.96999516649834,75.15803885070636,69.14952071261635,67.5049383894927,66.33289305138044,64.5533786890259,,,69.14952071261635,62.27505817713963,69.88516471524815,"rgba(0, 255, 0, 1.0)",4.097662597843451,69.44881505903737,2.3565105008998453,70.33944611578937,24.8684721839589,True,False,True,False,False,16.145636484046538,0.0,0.0,0.0,0.0,0,0.8944503154321575,0.832324590898902,False,False,False,False,0.28460184716852066,0.31114331363770564,False,False,False,False,8995424.0,5900054.100212562,False,False,False,False,273110.6713155282,False,False,False,False
2025-02-11 17:00:00+00:00,79.585,79.97,79.475,79.64,250220.0,,,,80.259415969357,74.59138430243195,68.51604255646062,66.65920806945446,65.20955293398481,63.96621124367561,,,,,77.06907173769822,75.27564890088436,69.23287772795707,67.58990245998628,66.41549298089949,64.62323652433322,,,69.23287772795707,62.33781627998146,69.95067045059359,"rgba(0, 255, 0, 1.0)",4.0565365447309985,69.51752576715072,2.4953489562413242,67.05198315195298,22.035614844616788,True,False,True,False,False,16.95110695250362,0.0,0.0,0.0,0.0,0,0.8970894971600932,0.8304399448063413,False,False,False,False,0.3069193412965504,0.309031327467128,False,False,False,False,9245644.0,5951923.711061979,False,False,False,False,272755.77718660526,False,False,False,False
2025-02-12 17:00:00+00:00,79.14,79.58,79.05,79.23,312692.0,,,,80.05951709489337,74.68677272084557,68.61608801194573,66.75887058246641,65.30010312031845,64.0462001074959,,,,,77.16545092996051,75.40150751335518,69.33121800347229,67.69090295852395,66.51416081481794,64.70729399764869,,,69.33121800347229,62.413780177920664,70.023173821312,"rgba(0, 255, 0, 1.0)",4.000179678396812,69.59504581858164,2.4086303506446125,63.59730168571907,19.01800385697605,True,False,True,False,False,15.97744391244094,0.0,0.0,0.0,0.0,0,0.8928318868531013,0.8357119897139186,False,False,False,False,0.2967224718764553,0.30287689967179166,False,False,False,False,8932952.0,5998141.2039137315,False,False,False,False,273374.94343177415,False,False,False,False
2025-02-13 17:00:00+00:00,79.0,79.15,78.6,78.845,176936.0,,,,79.93508635550116,74.7342582640519,68.6696747125354,66.81269575141924,65.34929730798245,64.0898506019995,,,,,77.20624368948071,75.4619300104879,69.38369502864789,67.74523460194004,66.56750334248989,64.75306881725777,,,69.38369502864789,62.45539657854132,70.05904487364948,"rgba(0, 255, 0, 1.0)",3.911764367707725,69.63432020444277,2.3546100761060513,60.121141051818384,15.95235630591479,False,False,True,False,False,15.063642078602065,0.0,0.0,0.0,0.0,0,0.8884369552585701,0.840693395312803,False,False,False,False,0.2857792042378953,0.29432805195484346,False,False,False,False,8756016.0,6040898.952690263,False,False,False,False,271879.76601422724,False,False,False,False
2025-02-14 17:00:00+00:00,79.775,80.335,79.57,79.975,279427.0,,,,79.93860586545817,74.82639732171123,68.7621374082974,66.9043663794195,65.43250056501418,64.16333475834205,,,,,77.30681387640378,75.58253337581557,69.4748396885751,67.83831443175889,66.65823079061484,64.83032186184221,,,69.4748396885751,62.525049492842456,70.14319969360442,"rgba(0, 255, 0, 1.0)",3.8261634372629696,69.7189395469475,2.680507673344223,60.459205997273514,15.95235630591479,False,False,True,False,False,16.814006146925273,0.0,0.0,0.0,0.0,0,0.8920833333333329,0.8348397435897438,False,False,False,False,0.3127019483653409,0.30351500016009214,False,False,False,False,9035443.0,6087325.992183438,False,False,False,False,271996.7773938516,False,False,False,False
2025-02-17 17:00:00+00:00,79.975,79.975,79.975,79.975,0.0,,,,79.93860586545817,74.82639732171123,68.7621374082974,66.9043663794195,65.43250056501418,64.16333475834205,,,,,77.30681387640378,75.58253337581557,69.4748396885751,67.83831443175889,66.65823079061484,64.83032186184221,,,69.4748396885751,62.525049492842456,70.14319969360442,"rgba(0, 255, 0, 1.0)",3.6916306304546542,69.7189395469475,2.778192479075129,60.68458262757693,15.95235630591479,False,False,True,False,False,16.814006146925262,0.0,0.0,0.0,0.0,0,0.8970076099574356,0.8347091448471562,False,False,False,False,0.31326872175396464,0.3083918609570284,False,False,False,False,9035443.0,6133033.232614703,False,False,False,False,267779.7730931717,False,False,False,False
2025-02-18 17:00:00+00:00,80.795,80.95,80.355,80.7,300040.0,,,,80.03471861103198,74.93494437009731,68.8659240729486,67.00665056196429,65.52509794223717,64.24499018514855,,,,,77.43366218354328,75.72485683168905,69.57746947532927,67.94244288550527,66.75940772632923,64.91624752276273,,,69.57746947532927,62.602239674375085,70.24720103071556,"rgba(0, 255, 0, 1.0)",3.5690207958823583,69.82118127686059,3.0481242181862602,62.40714499784225,15.95235630591479,False,False,True,False,True,17.927461083116217,0.0,0.0,0.0,0.0,0,0.8957144239140945,0.8360581729063883,False,False,False,False,0.3304283751527557,0.31941011805489206,False,False,False,False,9335483.0,6182683.616605173,False,False,False,False,268279.9316498667,False,False,False,False
2025-02-19 17:00:00+00:00,80.5,80.62,80.225,80.38,261253.0,,,,80.073157840674,75.02208678304474,68.9528727970483,67.09281046698419,65.60344447283934,64.31431936543196,,,,,77.52829240054619,75.83626375162896,69.66325215328615,68.02991895673429,66.84469779206388,64.98908711417302,,,69.66325215328615,62.667958695151576,70.32918365787125,"rgba(0, 255, 0, 1.0)",3.625755108678384,69.90296466978981,2.889614719188563,62.30783710321127,15.95235630591479,False,False,True,False,True,17.13339407097378,0.0,0.0,0.0,0.0,0,0.8925047714553744,0.8425904959078707,False,False,False,False,0.32458233436716377,0.3219962262110279,False,False,False,False,9074230.0,6227513.793091915,False,False,False,False,268170.98697312456,False,False,False,False
2025-02-20 17:00:00+00:00,78.625,79.17,78.43,78.69,293274.0,,,,79.93754260701355,75.08777817881564,69.03513708517835,67.17643340279149,65.68075312496059,64.38355811974195,,,,,77.5708763438079,75.91239175099264,69.74344761909829,68.11380862279884,66.92772166073205,65.06140596966404,,,69.74344761909829,62.73436971505217,70.38590454046627,"rgba(0, 255, 0, 1.0)",3.612629498286694,69.96454720947204,2.415263672808418,57.01506154732084,12.36596611272104,False,False,True,False,False,13.077481174445083,0.0,0.0,0.0,0.0,0,0.8876109313427092,0.8458334668247206,False,False,False,False,0.2839205706177243,0.3029583984143761,False,False,False,False,8780956.0,6267102.0443618065,False,False,False,False,268560.1809735412,False,False,False,False
2025-02-21 17:00:00+00:00,79.05,79.2,77.33,77.515,338001.0,,,,79.7325875364618,75.14584009125402,69.12108970454823,67.26520614899748,65.76370046442752,64.45842769205855,,,,,77.58785052457229,75.97358275402745,69.82661390035759,68.20219960440348,67.01602418046848,65.1393169024927,,,69.82661390035759,62.80669071439708,70.43603662533913,"rgba(0, 255, 0, 1.0)",3.58524384183345,70.02196279921996,2.0899658520710798,50.934452016249594,6.753333155256243,False,True,False,False,False,10.409976208700272,0.0,0.0,0.0,0.0,0,0.8845628632220772,0.8448347041824134,False,False,False,False,0.27071675768058445,0.2868375780474803,False,False,False,False,8442955.0,6300836.198712786,False,False,False,False,269636.7828189127,False,False,False,False
2025-02-24 17:00:00+00:00,77.43,77.905,77.075,77.225,264934.0,,,,79.55283432237255,75.18037521051197,69.18275255021372,67.32986599089595,65.82472484587066,64.51391077297497,,,,,77.5824351640361,76.00543258661699,69.88584589864402,68.26612515958429,67.08045572048448,65.19685545069807,,,69.88584589864402,62.86063408871946,70.46680113940864,"rgba(0, 255, 255, 0.75)",3.5866376974782717,70.05920278957234,1.997914987473046,46.31485884161705,2.6624490596348096,False,True,False,True,False,9.76345458607668,0.0,0.0,0.0,0.0,0,0.8821211832364244,0.857973501096178,False,False,False,False,0.25175060910644564,0.269294093576963,False,False,False,False,8178021.0,6329939.83904282,False,False,False,False,269563.87145737914,False,False,False,False
2025-02-25 17:00:00+00:00,75.305,76.795,75.195,76.005,332250.0,,,,79.23938825999714,75.19578350431766,69.24581286975452,67.39866108954917,65.89118817489714,64.57531886714918,,,,,77.5266862646237,76.00523942836337,69.94520372489437,68.33292484786585,67.14930321021245,65.26004533218004,,,69.94520372489437,62.92124809272469,70.48046296448372,"rgba(0, 255, 255, 0.75)",3.5792479292077544,70.08375448267341,1.65432672853071,41.113874049293,-1.9339670516104306,False,True,False,True,False,7.095790753343866,0.0,0.0,0.0,0.0,0,0.8693446754883423,0.8671707624448651,False,False,False,False,0.21564724619050443,0.24247066988373372,False,False,False,False,7845771.0,6353441.097352233,False,False,False,False,270535.7494192802,False,False,False,False
2025-02-26 17:00:00+00:00,77.26,77.52,76.27,76.47,337156.0,,,,79.03519586656095,75.22499863661268,69.31564530041403,67.47339644530231,65.96272323940819,64.64104055654316,,,,,77.50002027762059,76.02533934676208,70.01163842923752,68.40610262583075,67.22395787396906,65.3278725475093,,,70.01163842923752,62.9857063636211,70.5123275954809,"rgba(0, 255, 255, 0.75)",3.5750986567372736,70.12366023114859,1.775150947762443,39.22986206003363,-3.5207402420172897,False,True,False,True,False,7.916903137748584,0.0,0.0,0.0,0.0,0,0.874233418247004,0.8684467088090077,False,False,False,False,0.2373095988550293,0.2398901343693815,False,False,False,False,8182927.0,6381805.219873903,False,False,False,False,271568.62152130686,False,False,False,False
2025-02-27 17:00:00+00:00,77.405,77.645,76.36,76.605,249584.0,,,,78.91109416687202,75.24752697909068,69.3673064055785,67.52864150126427,66.01564002306351,64.68970099641561,,,,,77.48433926695358,76.04181160590642,70.06082511137883,68.46020512273813,67.27914611505487,65.37807654168674,,,70.06082511137883,63.033437858995676,70.53869281966692,"rgba(0, 255, 255, 0.75)",3.571170443052611,70.15530913111964,1.8060439768221248,38.44498413240929,-4.3268734535315545,False,True,False,True,False,8.156356401635236,0.0,0.0,0.0,0.0,0,0.8721220440506642,0.8677232170711929,False,False,False,False,0.23991134283702478,0.23990073860320316,False,False,False,False,8432511.0,6413599.107937873,False,False,False,False,271227.77467601525,False,False,False,False
2025-02-28 17:00:00+00:00,77.835,78.42,76.89,78.325,300942.0,,,,78.84433304886211,75.29026406786575,69.43691260617548,67.60149461473941,66.08463116361453,64.75267678638761,,,,,77.4958190387283,76.08400447006905,70.12784784249206,68.53224004532706,67.35176511602627,65.44329426308444,,,70.12784784249206,63.09471915376967,70.58710692194768,"rgba(0, 255, 0, 1.0)",3.5908334461287783,70.20777041765173,2.2605419338230046,42.94872898958191,-4.3268734535315545,False,True,False,True,True,11.120751318731582,0.0,0.0,0.0,0.0,0,0.8765895415917122,0.8651448421313818,False,False,False,False,0.2557732962708857,0.24783701743704442,False,False,False,False,8733453.0,6449565.834946588,False,False,False,False,271688.46033995296,False,False,False,False
2025-03-03 17:00:00+00:00,78.435,78.85,76.32,77.07,338102.0,,,,78.74744276402318,75.32831720003102,69.50953436893603,67.67848118896302,66.15817168351856,64.82023395352735,,,,,77.49320447983868,76.11745267995988,70.19735252766473,68.60790485194966,67.42862118940445,65.51304824253619,,,70.19735252766473,63.16082002456207,70.63331376086275,"rgba(0, 255, 255, 0.75)",3.5960811415450302,70.25924533687402,1.8939379827786047,43.11171612716434,-4.3268734535315545,False,True,False,True,True,8.368015022147404,0.0,0.0,0.0,0.0,0,0.8766862889379441,0.8605592347314206,False,False,False,False,0.25406571920512305,0.2509513683210837,False,False,False,False,8395351.0,6479733.0468078805,False,False,False,False,272718.12762150407,False,False,False,False
2025-03-04 17:00:00+00:00,72.565,74.92,72.395,73.295,578208.0,,,,78.20669296370075,75.27503235060934,69.57127641593054,67.75604788267012,66.23918490664765,64.89905554627958,,,,,77.28976020163411,76.01098157210166,70.2509594410837,68.67868632618716,67.5073828028231,65.5922205678262,,,70.2509594410837,63.24209388309039,70.60644008145782,"rgba(38, 166, 154, 0.5)",3.596960741595022,70.25264695533205,0.8458121350857054,38.05361887710377,-4.6545986705465126,False,True,False,True,False,0.9196937442891873,0.0,0.0,0.0,0.0,0,0.8649095887113755,0.8722508048259475,False,False,False,False,0.16025311777739906,0.2056022430492414,False,False,False,False,7817143.0,6500468.084841867,False,False,False,False,277454.40471264353,False,False,False,False
2025-03-05 17:00:00+00:00,72.735,74.63,72.64,74.14,302712.0,,,,77.97978637861212,75.25246892661036,69.60497488592445,67.79767899697943,66.28241681770322,64.94101206588817,,,,,77.1983657921132,75.96430758412995,70.28056634437104,68.71692812123271,67.54960075748632,65.63442061442129,,,70.28056634437104,63.285226959472,70.60021060712269,"rgba(38, 166, 154, 1.0)",3.5943522490275384,70.25546810728517,1.0807321107066796,36.662089652546584,-6.13449627448589,False,True,False,True,False,2.4011952196609414,0.0,0.0,0.0,0.0,0,0.8710292826212032,0.8711504103200804,False,False,False,False,0.15972514401895707,0.18266369353409923,False,False,False,False,8119855.0,6525574.858720288,False,False,False,False,277845.99533725367,False,False,False,False
2025-03-06 17:00:00+00:00,72.6,72.82,71.78,72.645,392509.0,,,,77.63125510907588,75.1971608917363,69.63369114635375,67.8385305075238,66.32752976738557,64.98639868030328,,,,,77.0411210803369,75.86960466375355,70.30338598668318,68.75236762445742,67.59153942206923,65.67930685058907,,,70.30338598668318,63.33331994352768,70.57099097752234,"rgba(38, 166, 154, 0.5)",3.605488673755031,70.23965634409211,0.6671338821327585,34.142387624287096,-8.746920425642728,False,True,False,True,False,0.0,0.0,0.0,0.0,0.0,0,0.8570227838981774,0.8798967370095762,False,False,False,False,0.1285458565133885,0.15560477502374387,False,False,False,False,7727346.0,6544206.969437802,False,False,False,False,279623.7163397768,False,False,False,False
2025-03-07 17:00:00+00:00,68.66,71.4,68.66,71.035,341494.0,,,,77.25576856924205,75.11658062970677,69.6401359207475,67.85782953272303,66.3532059152698,65.01466633132982,,,,,76.85548887525691,75.74471894432467,70.30395381644166,68.765702074526,67.61218403529557,65.70613925389591,,,70.30395381644166,63.36539950735684,70.5188644915633,#000000,3.633959128271147,70.20138313565535,0.22939632365684887,31.04741073128578,-11.876169466001024,False,True,False,True,False,0.0,0.0,0.0,0.0,0.0,0,0.8450908017126821,0.8809685516019493,False,False,False,False,0.07606264580875556,0.11583371041624971,False,False,False,False,7385852.0,6557255.729601556,False,False,False,False,280582.9455438113,False,False,False,False
2025-03-10 17:00:00+00:00,67.845,67.845,65.515,66.805,465083.0,,,,76.56315365027366,74.93015825567669,69.60552381521521,67.84613145339355,66.3563697510112,65.02679753584847,,,,66.72166666666668,76.48573944419144,75.47427846279004,70.25954906624301,68.74293998300071,67.60324698856448,65.71399795712838,,,70.25954906624301,63.386123968382,70.10227331000027,"rgba(239, 83, 80, 0.5)",3.74859301292843,70.15378429075264,-0.8933443239111564,26.48776559775508,-16.284841052595652,False,True,False,True,False,0.0,0.0,0.0,0.0,0.0,0,0.824467626519527,0.8831508463373283,False,False,False,False,-0.0007148439976312477,0.05755943320930923,False,False,False,False,6920769.0,6562891.594258896,False,False,False,False,283443.4115043724,False,False,False,False
2025-03-11 17:00:00+00:00,66.785,68.015,66.37,67.265,371137.0,,,,76.0972056628643,74.79584839674988,69.58312752890583,67.84100171198759,66.36222451170966,65.03914666290918,,,,66.9413610234149,76.22349288139854,75.28138772886318,70.22974447496124,68.72949632154128,67.60017562705372,65.72322054042117,,,70.22974447496124,63.40490658382629,70.03441792867541,"rgba(239, 83, 80, 0.5)",3.8384774430860427,70.09190253587624,-0.7364645429838667,24.427133920595423,-18.331882225986227,False,True,False,True,False,0.0,0.0,0.0,0.0,0.0,0,0.8435550632542409,0.8832857226141205,False,False,False,False,0.007685319094900494,0.032622376152104865,False,False,False,False,7291906.0,6574194.1431851145,False,False,False,False,284803.00202368444,False,False,False,False
2025-03-12 17:00:00+00:00,69.0,69.49,68.825,68.945,163889.0,,,,75.94619798459321,74.75228519765831,69.58108065010356,67.8454683500544,66.37038752931964,65.04920074713979,,,,67.29291470063097,76.1354281769755,75.21814110063683,70.22482164362258,68.73088017550701,67.60537257106877,65.73231158796297,,,70.22482164362258,63.41718252662954,70.03726849348257,#000000,3.8850059422310377,70.0928612709206,-0.29545933468030156,26.438854988376015,-18.331882225986227,False,True,False,True,False,0.0,0.0,0.0,0.0,0.0,0,0.8416424840394656,0.8712420197330244,False,False,False,False,0.042845592526495474,0.03773398433930017,False,False,False,False,7455795.0,6587862.373523329,False,False,False,False,282928.3663333948,False,False,False,False
2025-03-13 17:00:00+00:00,68.83,69.01,68.31,68.47,188746.0,,,,75.76829095777288,74.69866285532208,69.57642848015902,67.8485577369964,66.37804322551023,65.05932024726317,,,,67.49990206963845,76.02979595907885,75.14118881652443,70.21678612056856,68.73028395696154,67.60934788191798,65.74120021056724,,,70.21678612056856,63.43003856376197,70.02290834756008,#000000,3.937336666710931,70.07918038477024,-0.4086976860209609,27.38442145677224,-18.331882225986227,False,True,False,True,True,0.0,0.0,0.0,0.0,0.0,0,0.8345700567437794,0.8790920995198606,False,False,False,False,0.03038591608551798,0.034059950212409075,False,False,False,False,7267049.0,6598392.398740022,False,False,False,False,281468.17460729566,False,False,False,False
2025-03-14 17:00:00+00:00,70.53,71.065,70.275,70.955,309633.0,,,,75.57719726080579,74.64324133974998,69.58557211079555,67.86810204873508,66.40265227493373,65.08589627771867,,,,68.17457018007487,75.91149788438271,75.05931774615148,70.22118899084361,68.74500467850606,67.62997219324474,65.7666453109187,,,70.22118899084361,63.459784191932144,70.05160448437393,#000000,3.9534578410424754,70.10264463833512,0.21559743291460567,32.4119794756649,-24.576831389933396,False,True,False,True,True,0.0,0.0,0.0,0.0,0.0,0,0.833996195746152,0.8753530462850887,False,False,False,False,0.07880562663418508,0.056432788423297076,False,False,False,False,7576682.0,6613559.679379712,False,False,False,False,281904.83856687247,False,False,False,False
2025-03-17 17:00:00+00:00,70.545,71.555,70.52,70.88,143544.0,,,,75.49730099738868,74.61950225291825,69.59054530668848,67.8777554472868,66.41453810124504,65.0986069868133,,,,68.42025378311752,75.86070864818238,75.02428479730985,70.2240223106056,68.75249250920919,67.64010688126515,65.7788696302824,,,70.2240223106056,63.473905221279416,70.06146058863943,#000000,3.9735126686506574,70.11088519980005,0.19356042482711475,35.67460015851089,-21.406066349958568,False,True,False,True,True,0.0,0.0,0.0,0.0,0.0,0,0.8369652945924126,0.8749567623659638,False,False,False,False,0.0876917978446213,0.07206229313395919,False,False,False,False,7433138.0,6626266.320009484,False,False,False,False,279759.7092867659,False,False,False,False
2025-03-18 17:00:00+00:00,70.76,71.215,70.39,71.12,113995.0,,,,75.43476037243073,74.60047523188076,69.59425388473952,67.88519106404911,66.42377575544187,65.10853123645792,,,,68.58177101965593,75.82049193989657,74.99636981730163,70.22603226630883,68.75820039109004,67.64792831862417,65.78839444702854,,,70.22603226630883,63.484967612479,70.06662890345427,#000000,3.991265500727388,70.11522634240714,0.2517431269379972,38.27650826203649,-18.8399100078843,False,True,False,True,True,0.0,0.0,0.0,0.0,0.0,0,0.8348166400927666,0.8841571242209019,False,False,False,False,0.08200797989650825,0.07703513651523372,False,False,False,False,7547133.0,6640543.322800034,False,False,False,False,277189.71379394777,False,False,False,False
2025-03-19 17:00:00+00:00,72.34,73.83,72.07,72.795,270902.0,,,,75.35518963488364,74.57998613483267,69.61620435949432,67.91425156623298,66.45525095657771,65.14002578619751,,,,69.15868583211352,75.76516688447427,74.96309140053779,70.24455580137949,68.78408698946791,67.67761972091613,65.81963111628819,,,70.24455580137949,63.51813717738052,70.11336509103047,"rgba(38, 166, 154, 0.5)",3.9925785522009263,70.15622645643677,0.6609196310260688,42.80258491278434,-14.504665418743244,False,True,False,True,True,0.7609993331440457,0.0,0.0,0.0,0.0,0,0.8401052993018194,0.8765880737095115,False,False,False,False,0.13419249401283656,0.10561381526403514,False,False,False,False,7818035.0,6658799.007717862,False,False,False,False,277092.2298591579,False,False,False,False
2025-03-20 17:00:00+00:00,72.51,72.715,72.29,72.51,144418.0,,,,75.30830713017191,74.56675572245081,69.62639928320593,67.92839470033557,66.47088894296293,65.1558657532952,,,,69.38125182432842,75.73259029692665,74.94248036269288,70.25287802745909,68.79644857333707,67.6921291800414,65.8352524231741,,,70.25287802745909,63.53498706571393,70.12997247849093,"rgba(38, 166, 154, 0.5)",3.9975223655487424,70.17103840596765,0.5851028162318448,45.34325471363722,-12.047905104142906,False,True,False,True,True,0.2999540516820751,0.0,0.0,0.0,0.0,0,0.8442726593482378,0.8816598655095123,False,False,False,False,0.12326746947644909,0.11444064237024212,False,False,False,False,7673617.0,6674532.620001306,False,False,False,False,275035.2650551399,False,False,False,False
2025-03-21 17:00:00+00:00,72.6,72.775,72.32,72.515,202244.0,,,,75.24589949881823,74.5487890810045,69.6407117101467,67.94819104076326,66.49276731557063,65.17802907137637,,,,69.6501118424924,75.68848595099216,74.91455825461993,70.26459249474246,68.81376905697982,67.7124350770693,65.85710959535652,,,70.26459249474246,63.55856077685791,70.1504192299948,"rgba(38, 166, 154, 0.5)",4.00297830787686,70.1895175063951,0.5809380702935429,47.04602495244779,-10.273467567703811,False,True,False,False,True,0.30809116781070145,0.0,0.0,0.0,0.0,0,0.8464113589795383,0.879888026319587,False,False,False,False,0.12436470971113063,0.11940267604068638,False,False,False,False,7875861.0,6693157.866202835,False,False,False,False,273906.7183100989,False,False,False,False
2025-03-24 17:00:00+00:00,73.67,74.53,73.615,74.285,231126.0,,,,75.21823997433528,74.54472934289403,69.66587601872018,67.97845629922733,66.5241730381592,65.2086897440095,,,,70.04881170519998,75.66449575814362,74.9044629830119,70.2871968533754,68.84182569547431,67.74309275901956,65.88788059191863,,,70.2871968533754,63.59014435128559,70.19368698180683,"rgba(38, 166, 154, 1.0)",3.9985038215325193,70.22860883226062,1.0144772516897762,51.1224158037213,-6.266069030269328,False,False,True,False,True,3.1358296842989546,0.0,0.0,0.0,0.0,0,0.8521881086035051,0.8738973536487572,False,False,False,False,0.15397623520884077,0.1366894556247636,False,False,False,False,8106987.0,6715077.697734574,False,False,False,False,273243.4513595547,False,False,False,False
2025-03-25 17:00:00+00:00,74.26,74.555,73.91,74.255,205614.0,,,,75.19688477778662,74.54203891511999,69.6885056478354,68.00555166450833,66.55224795440259,65.23608352512795,,,,70.3554542288198,75.64508824732043,74.896814356254,70.30758438822987,68.86698887698752,67.77052998868443,65.91538188437973,,,70.30758438822987,63.6183396070807,70.2291657273428,"rgba(38, 166, 154, 0.5)",3.9899665863713327,70.76672630576347,0.8742613800705858,53.77314490894445,-3.6290285230658554,False,False,True,False,True,3.0847023016592026,0.0,0.0,0.0,0.0,0,0.851034803053612,0.8760268207018668,False,False,False,False,0.15808843666069297,0.1473889461427283,False,False,False,False,7901373.0,6733469.872963496,False,False,False,False,272194.9327338252,False,False,False,False
2025-03-26 17:00:00+00:00,73.84,73.935,73.11,73.44,247498.0,,,,75.15330924546082,74.53102864841468,69.71103948296083,68.03399660650992,66.58252327035133,65.26612771880853,,,,70.60956631267914,75.61039702691127,74.8776565401094,70.32725098918361,68.89281160090445,67.79948247047388,65.94530486398247,,,70.32725098918361,63.649714312186276,70.2569611366731,"rgba(38, 166, 154, 0.5)",3.9795608510948686,70.76536070449202,0.6720940816301674,53.69455763276383,-3.4281482923167133,False,False,True,False,True,1.6935570063997574,0.0,0.0,0.0,0.0,0,0.8471486850099814,0.8773254636460956,False,False,False,False,0.1398789853307757,0.143633965736752,False,False,False,False,7653875.0,6747739.719894294,False,False,False,False,271812.03455190535,False,False,False,False
2025-03-27 17:00:00+00:00,72.485,72.995,72.215,72.25,151252.0,,,,75.11222608639969,74.51797474951945,69.72104482985227,68.04805232965845,66.59821560392193,65.28214438410603,,,,70.69803873912812,75.57989666876318,74.85785264813617,70.33536287418791,68.90502451445002,67.81392528021988,65.96104862879403,,,70.33536287418791,63.666836497238705,70.26390825670286,#000000,3.9661821533904886,70.75026285649938,0.3781311814482789,51.26108250411079,-3.4281482923167133,False,False,False,False,True,0.0,0.0,0.0,0.0,0.0,0,0.8423909904706899,0.8813745307536821,False,False,False,False,0.11648177392204301,0.1300578698293975,False,False,False,False,7502623.0,6759443.336640119,False,False,False,False,269942.88672939513,False,False,False,False
2025-03-28 17:00:00+00:00,70.3,70.84,69.97,70.695,197814.0,,,,75.02116246699272,74.48471234547597,69.72470772919218,68.05814034188806,66.61173720935848,65.2972427882088,,,,70.68663681886292,75.51586587533801,74.81116995238592,70.33617592024684,68.9120892564323,67.82471316739596,65.97529638255125,,,70.33617592024684,63.68411241684567,70.2507423272561,#000000,3.963391739543345,70.69234275155814,0.0006704480950842398,47.10286003705837,-3.4281482923167133,False,False,False,True,False,0.0,0.0,0.0,0.0,0.0,0,0.8429600298413242,0.8862299503601048,False,False,False,False,0.060844640534128386,0.09545125518176294,False,False,False,False,7304809.0,6767898.618242597,False,False,False,False,268824.60941576114,False,False,False,False
2025-03-31 17:00:00+00:00,71.345,72.075,71.015,71.79,155240.0,,,,74.96935013414344,74.46625671567446,69.73168580567597,68.06961753719816,66.62533323385844,65.31157873235757,,,,70.7276038887727,75.47775867699396,74.78461162748476,70.34110824227467,68.92148285730043,67.83665130269867,65.98917875409116,,,70.34110824227467,63.69983629321936,70.25017057757881,#000000,3.96542485709875,70.68024124932755,0.2798587265336293,46.676625173477255,-3.4281482923167133,False,False,False,True,False,0.0,0.0,0.0,0.0,0.0,0,0.8503411069562979,0.8767162389746813,False,False,False,False,0.08960621571349195,0.09252873544762744,False,False,False,False,7460049.0,6778629.631913255,False,False,False,False,267063.60771939275,False,False,False,False
2025-04-01 17:00:00+00:00,71.18,71.34,70.28,71.3,178834.0,,,,74.90030046625824,74.44046522028644,69.73691154443625,68.0803362176666,66.63887043421111,65.32631297877805,,,,70.73935078629806,75.42748298090379,74.74834363013849,70.34387969028978,68.92962979183407,67.84795651024241,66.00324313521762,,,70.34387969028978,63.716386363285395,70.24331410665853,#000000,3.9597178521288368,70.65828538112447,0.16206069291793723,45.556755539445554,1.918819474804316,False,False,False,True,False,0.0,0.0,0.0,0.0,0.0,0,0.8477315985341323,0.8787818527882733,False,False,False,False,0.049047846006020995,0.07078829072682422,False,False,False,False,7281215.0,6786421.653123902,False,False,False,False,265695.70682451845,False,False,False,False
2025-04-02 17:00:00+00:00,72.145,72.475,71.54,72.22,158131.0,,,,74.85783189322544,74.42514262994845,69.74559280374528,68.0933433446115,66.65380416393045,65.34181467888025,,,,70.7936542535457,75.39475230179973,74.72606472903149,70.35057675493604,68.94064582241761,67.86139567107875,66.01836364738716,,,70.35057675493604,63.73317664536652,70.24638328419522,#000000,3.912406258267291,70.65901001913154,0.3989846344739721,46.76750830652517,1.918819474804316,False,False,False,True,False,0.0,0.0,0.0,0.0,0.0,0,0.8508827058218588,0.875478489401817,False,False,False,False,0.08019011192684197,0.0754892013268331,False,False,False,False,7439346.0,6796544.511215004,False,False,False,False,264028.03695127007,False,False,False,False
2025-04-03 17:00:00+00:00,66.81,67.2,65.405,65.61,347626.0,,,,74.5764637607769,74.30769583808473,69.71588960341212,68.07898677203701,66.65031179750167,65.34547980739619,,,,70.40712457000208,75.19866756476276,74.57017455383112,70.31456209188453,68.91874862351884,67.84898334581439,66.01865370952,,,70.31456209188453,63.743453696599275,70.1501340029648,"rgba(239, 83, 80, 1.0)",3.9925847224279547,70.49099680150381,-1.2225155233614178,40.102316628978656,-3.648958587594066,False,True,False,True,False,0.0,0.0,0.0,0.0,0.0,0,0.8415857962064398,0.882057785619762,False,False,False,False,-0.08371417624347915,-0.00411248745832303,False,False,False,False,7091720.0,6801120.875382214,False,False,False,False,265324.129401638,False,False,False,False
2025-04-04 17:00:00+00:00,61.085,61.775,60.44,60.92,377843.0,,,,74.121308233809,74.10806929273699,69.64035675541349,68.0251101356158,66.61399810347356,65.32213413363857,,,,69.64220718334329,74.88234083983643,74.31045587367886,70.23052916217257,68.85396669530898,67.79807760737438,65.98940863635518,,,70.23052916217257,63.7306251479622,69.9644586655967,"rgba(255, 26, 202, 1.0)",4.261388665723852,70.20911582037762,-2.179833042476012,33.278454833225155,-9.902769947436745,False,True,False,True,False,0.0,0.0,0.0,0.0,0.0,0,0.8352368923167877,0.896105990164199,False,False,False,False,-0.23242429289412583,-0.11826839017622442,False,False,False,False,6713877.0,6799768.257159233,True,False,False,False,267068.6080155661,True,False,False,False
2025-04-07 17:00:00+00:00,60.665,62.975,60.59,62.14,372446.0,,,,73.72915176340977,73.92961379768501,69.57447299590923,67.97922416349346,66.58409654184592,65.3039283595928,,,,69.06527608482264,74.60253785750342,74.07994149901317,70.15676179170187,68.79803669593845,67.75491058859738,65.9658525755165,,,70.15676179170187,63.72209438395934,69.80952343961765,"rgba(255, 0, 0, 1.0)",4.455412314465548,69.99976876830802,-1.7640945918269832,30.669012682818785,-12.159186612593075,False,True,False,True,False,0.0,0.0,0.0,0.0,0.0,0,0.8380607737746789,0.8911446969293815,False,False,False,False,-0.2178375734004003,-0.16805298178831235,False,False,False,False,7086323.0,6804210.966350563,False,False,False,False,268702.3660308286,False,False,False,False
2025-04-08 17:00:00+00:00,63.045,63.82,60.89,62.085,326806.0,,,,73.41516670246595,73.78187196561844,69.52027397485561,67.94189725985946,66.56018176701785,65.28980144682907,,,,68.64783698869664,74.37351818171093,73.89044340810564,70.0959038570482,68.75224326329246,67.71986967674368,65.94723353789384,,,70.0959038570482,63.716155228968624,69.68740323308752,"rgba(255, 0, 0, 1.0)",4.660182315770016,69.84653265727059,-1.6654997876382704,28.89834469594699,-13.81372351840119,False,True,False,True,False,0.0,0.0,0.0,0.0,0.0,0,0.840406533956615,0.8890435422028471,False,False,False,False,-0.2973593038335088,-0.23270614281091057,False,False,False,False,6759517.0,6803518.036639702,False,False,False,False,269603.1975652344,False,False,False,False
2025-04-09 17:00:00+00:00,60.125,67.2,59.45,66.3,462034.0,,,,73.07599337066286,73.61536244548545,69.46629001282217,67.90872371879503,66.54275568213515,65.28344757019003,,,64.31666666666666,68.30196797736318,74.11633671736064,73.67816656782446,70.03357511054945,68.70871819687414,67.6894341762834,65.93571758536972,,64.31666666666666,70.03357511054945,63.719595927931195,69.19093969988445,"rgba(239, 83, 80, 0.5)",4.7370559650710895,69.56969950803003,-0.6902387331159515,33.68454526061152,-13.81372351840119,False,True,False,True,True,0.0,1.0,67.2,59.45,0.0,0,0.8347477241166483,0.8773080285964102,True,False,False,False,-0.26282088377591795,-0.24776351329341426,False,False,False,False,7221551.0,6809999.167854589,False,False,False,False,272586.62085879664,False,False,False,False
2025-04-10 17:00:00+00:00,62.5,63.7,61.475,63.025,367071.0,,,,72.77849475040772,73.46537070425047,69.41125014469978,67.871370368067,66.51939237330508,65.27028761035912,,,63.61567493461826,67.96975460645335,73.88967633120973,73.48870510534705,69.9715559407028,68.66249512545461,67.65446913222861,65.91784938420979,,63.61567493461826,69.9715559407028,63.71512681143854,69.0347390365224,"rgba(239, 83, 80, 1.0)",4.896995251732933,69.3964984761221,-1.3011036663487434,34.37664017240371,-13.81372351840119,False,True,False,True,True,0.0,0.0,0.0,0.0,0.0,0,0.8341146955221609,0.8903981145941565,False,False,False,False,-0.2890206286954008,-0.26839207099440754,False,False,False,False,6854480.0,6810688.793159169,False,False,False,False,274051.4949540091,False,False,False,False
2025-04-11 17:00:00+00:00,61.865,63.6,61.825,62.47,442423.0,,,,72.43850233752241,73.28833272591812,69.3451040620515,67.82618277906404,66.49086512003585,65.25397713353121,,,63.27329325687939,67.61167001068985,73.62581961380248,73.26681251095009,69.89716132340459,68.60678590070906,67.6121194269996,65.89589729552375,,63.27329325687939,69.89716132340459,63.70924157110158,68.88803739264871,"rgba(239, 83, 80, 1.0)",5.061856123440671,69.23010515575675,-1.3354992696160897,34.45680888349082,-13.81372351840119,False,True,False,True,True,0.0,0.0,0.0,0.0,0.0,0,0.8357748260594557,0.8981657179000634,False,False,False,False,-0.2845536513187486,-0.2764728611565781,False,False,False,False,6412057.0,6804508.455280732,False,False,False,False,276661.9058849546,False,False,False,False
2025-04-14 17:00:00+00:00,62.97,64.015,62.945,63.115,290362.0,,,,72.2431188072734,73.18296494537246,69.30701293894218,67.80103718568618,66.47585184415092,65.24631781457225,,,63.28910256910965,67.43231201202993,73.47027916232746,73.13566684435094,69.85395228230605,68.57515886168042,67.58871028783443,65.88482077471058,,63.28910256910965,69.85395228230605,63.70799504486339,68.82045045216763,"rgba(239, 83, 80, 1.0)",5.195386932498655,69.15271710542191,-1.162130402194731,35.38497696393255,-13.81372351840119,False,True,False,True,True,0.0,0.0,0.0,0.0,0.0,0,0.8392825609848387,0.8987159758835552,False,False,False,False,-0.25736017606677436,-0.2669165186116762,False,False,False,False,6702419.0,6802925.673028318,False,False,False,False,276874.3104448778,False,False,False,False
2025-04-15 17:00:00+00:00,64.895,65.075,64.51,64.535,174986.0,,,,72.14664065833047,73.12910573121417,69.28944086043902,67.79057725849728,66.47075660905597,65.24500696205142,,,63.431918677556716,67.36476205536081,73.39099634932523,73.06896526158741,69.8335353525726,68.5611611125206,67.57918373153564,65.88172968895122,,63.431918677556716,69.8335353525726,63.71012841082115,68.79884145064277,"rgba(239, 83, 80, 0.5)",5.287307596652671,69.12744822945142,-0.8685797346760841,37.8952435581637,-18.57007160585372,False,True,False,True,True,0.0,0.0,0.0,0.0,0.0,0,0.8401486055676882,0.8945201696914931,False,False,False,False,-0.2116833022973258,-0.239299910454501,False,False,False,False,6877405.0,6804080.391275941,False,False,False,False,275294.64671705023,False,False,False,False
2025-04-16 17:00:00+00:00,64.665,64.865,63.365,63.965,213413.0,,,,72.02240365342905,73.05940397223327,69.26521542930787,67.77528115777832,66.46233611777267,65.2415215175656,,,63.50119445374506,67.26795129507252,73.28922087256618,72.98289757621099,69.80576384755962,68.54140672412714,67.56507363008784,65.87593500993252,,63.50119445374506,69.80576384755962,63.71105056055988,68.76111466124205,"rgba(239, 83, 80, 0.5)",5.389779306518255,69.08484882574064,-0.9499180828329694,39.00757032895683,-17.131877600615844,False,False,False,True,True,0.0,0.0,0.0,0.0,0.0,0,0.8354588335121914,0.8958546507274954,False,False,False,False,-0.23514115749512146,-0.23722053397481124,False,False,False,False,6663992.0,6801908.478232903,False,False,False,False,274335.2413415921,False,False,False,False
2025-04-17 17:00:00+00:00,65.465,65.75,64.575,64.705,241194.0,,,,71.90265148514618,72.99005020952397,69.24303199013971,67.76250908013114,66.45661364244812,65.24075121167384,,,63.667253166006766,67.19548525714994,73.18835150311932,72.89768542607284,69.77981125904292,68.52395799030974,67.55353143499232,65.87282467429674,,63.667253166006766,69.77981125904292,63.714854157777296,68.73389345214669,"rgba(239, 83, 80, 0.5)",5.471441064685222,69.05421325126186,-0.7948935572628841,40.810672502822904,-15.054952696908835,False,False,False,True,True,0.0,0.0,0.0,0.0,0.0,0,0.8414761172560884,0.8879767868657312,False,False,False,False,-0.19897018463131413,-0.21809535930306267,False,False,False,False,6905186.0,6803509.680120765,False,False,False,False,273821.4236463736,False,False,False,False
2025-04-18 17:00:00+00:00,64.705,64.705,64.705,64.705,0.0,,,,71.90265148514618,72.99005020952397,69.24303199013971,67.76250908013114,66.45661364244812,65.24075121167384,,,63.667253166006766,67.19548525714994,73.18835150311932,72.89768542607284,69.77981125904292,68.52395799030974,67.55353143499232,65.87282467429674,,63.667253166006766,69.77981125904292,63.714854157777296,68.73389345214669,"rgba(239, 83, 80, 0.5)",5.5582252376808405,69.05421325126186,-0.7824823689722512,42.012740618733616,-13.563219837501727,False,False,False,True,True,0.0,0.0,0.0,0.0,0.0,0,0.8410042884212624,0.8966041687443905,False,False,False,False,-0.21469951886470132,-0.21639743908388198,False,False,False,False,6905186.0,6805086.057173157,False,False,False,False,269576.1302565074,False,False,False,False
2025-04-21 17:00:00+00:00,63.975,64.065,63.4,63.995,236642.0,,,,71.76945910343767,72.9131818683696,69.21543516446106,67.74472396421879,66.44646020860304,65.23612846771658,,,63.682139679794076,67.0924425395894,73.07768968943282,72.80348443203786,69.7483351553806,68.50126432377708,67.5370570373825,65.8656157354656,,63.682139679794076,69.7483351553806,63.715155370831184,68.68810124069047,"rgba(239, 83, 80, 0.5)",5.659939337687794,69.00363280919049,-0.8849269418559932,41.89999809687002,-13.278812757464571,True,False,False,True,True,0.0,0.0,0.0,0.0,0.0,0,0.8426711800283743,0.8957114767155341,False,False,False,False,-0.24849640729969638,-0.23244692319178917,False,False,False,False,6668544.0,6802969.126054193,False,False,False,False,269065.5235858639,False,False,False,False
2025-04-22 17:00:00+00:00,65.99,66.475,65.22,66.225,251910.0,,,,71.66953630942841,72.85180267426252,69.1979668537199,67.73625809885782,66.4445285919492,65.23867308181111,,,63.897500521448414,67.05722016675462,72.98946584669876,72.7288579416124,69.72723020290684,68.48834810610134,67.5297461832363,65.86601691542504,,63.897500521448414,69.72723020290684,63.7220208530212,68.67308224958661,#000000,5.714528862217477,68.98742720353442,-0.48340419134089235,45.30667551209409,-9.751474904373048,True,False,False,True,True,0.0,0.0,0.0,0.0,0.0,0,0.8433407462317765,0.893896713615024,False,False,False,False,-0.17559710074375914,-0.20402201196777414,False,False,False,False,6920454.0,6804790.596968081,False,False,False,False,268799.5464760055,False,False,False,False
2025-04-23 17:00:00+00:00,68.435,68.635,67.69,67.905,211653.0,,,,71.61823814787171,72.81658013804886,69.1929136874224,67.73761953135816,66.45010805058374,65.2468797427656,,,64.20338865742086,67.08348377501625,72.9387362484281,72.68653940285569,69.71951329611473,68.48658835978794,67.53188615814648,65.8729128743109,,64.20338865742086,69.71951329611473,63.733116095121865,68.68467057643795,#000000,5.743874938254293,69.00094480265419,-0.190802344137958,49.68103826850279,-5.534999726711362,True,False,False,False,True,0.0,0.0,0.0,0.0,0.0,0,0.8547464079577549,0.8879528429325805,False,False,False,False,-0.09784475153659253,-0.15093338175218335,False,False,False,False,7132107.0,6809865.269883304,False,False,False,False,267913.55350738525,False,False,False,False
2025-04-24 17:00:00+00:00,69.56,69.86,69.195,69.51,221422.0,,,,71.58738301871732,72.79134900345791,69.19445632907276,67.74505288847774,66.4610536594828,65.25977274502374,,,64.58165468507912,67.14747236663031,72.90221747190584,72.65670534383572,69.71855031670562,68.49119644565525,67.53999785863566,65.88478150598411,,64.58165468507912,69.71855031670562,63.74850451551162,68.71154597419027,#000000,5.7562542586381245,69.03173253052114,0.08308657817905683,54.316410371391726,-1.2555713647008417,True,False,True,False,True,0.0,0.0,0.0,0.0,0.0,0,0.8549681840430736,0.8847772883015176,False,False,False,False,-0.052604636841639255,-0.1017690092969113,False,False,False,False,7353529.0,6818294.164923873,False,False,False,False,267192.754228201,False,False,False,False
2025-04-25 17:00:00+00:00,69.815,70.195,69.27,69.715,220839.0,,,,71.56046614956843,72.76812008771186,69.19693549666654,67.75325360264878,66.47261904265527,65.27316938175525,,,64.92245752909437,67.21326144280417,72.86872618720939,72.62941428576067,69.71858952707524,68.49665792827476,67.5488527351427,65.89720514448018,,64.92245752909437,69.71858952707524,63.76431324356081,68.7371234672034,#000000,5.758333692911377,69.06129326381914,0.11352359398441797,57.619246211668695,1.712056166829953,True,False,True,False,True,0.0,0.0,0.0,0.0,0.0,0,0.8563786912874622,0.8834664517232117,False,False,False,False,-0.045833366539429564,-0.07380118791817043,False,False,False,False,7574368.0,6830016.239886293,False,False,False,False,266474.0913719498,False,False,False,False
2025-04-28 17:00:00+00:00,69.105,69.585,68.795,69.43,205879.0,,,,71.52998812571923,72.74357545773292,69.19725142121396,67.7590828113173,66.48182463359889,65.28431308660244,,,65.17531379679087,67.26103401112417,72.83368743548877,72.60049470147801,69.71657824025476,68.49983187834694,67.5553259103535,65.90734246886912,,65.17531379679087,69.71657824025476,63.777852901005474,68.7532602842065,#000000,5.766613815047037,69.08040710598152,0.060623600822076865,59.250323708980304,3.201780198606393,True,False,True,False,True,0.0,0.0,0.0,0.0,0.0,0,0.8534058218343165,0.8863913403871474,False,False,False,False,-0.0637632607784909,-0.06878222434833067,False,False,False,False,7368489.0,6838364.654771777,False,False,False,False,265534.63259098935,False,False,False,False
2025-04-29 17:00:00+00:00,70.86,71.335,70.785,71.06,236096.0,,,,71.52292414766282,72.73013696863592,69.20644235445894,67.77356712678471,66.49903670799885,65.30272113308219,,,65.543263700929,67.35959948456431,72.81410208867553,72.58543560419582,69.72345029437808,68.51182505617943,67.57037653341516,65.92504139607543,,65.543263700929,69.72345029437808,63.7983319201109,68.79056589978829,#000000,5.767025321086557,69.12328810698975,0.33582510656383974,62.16753197354817,5.978743159189918,True,False,True,False,True,1.1499996906993175,0.0,0.0,0.0,0.0,0,0.859966093485105,0.8817873577137324,False,False,False,False,-0.002059415432375377,-0.03542081989035303,False,False,False,False,7604585.0,6850244.039969114,False,False,False,False,265078.2196826019,False,False,False,False
2025-04-30 17:00:00+00:00,70.595,71.41,70.335,71.025,224376.0,,,,71.51448019832584,72.71653397437555,69.21445552073212,67.78664756013968,66.51478827795546,65.31969426497238,,,65.84503069436458,67.44535731053541,72.79446637829822,72.5701364234488,69.72925519397823,68.52251346695502,67.58400521071867,65.94130473278196,,65.84503069436458,69.72925519397823,63.817323595314065,68.82133351482729,#000000,5.76183241389102,69.15885923648501,0.323879736421346,64.03243814114839,7.814953268054474,True,False,True,False,True,1.1024439763697629,0.0,0.0,0.0,0.0,0,0.8594791767320511,0.8811720939221184,False,False,False,False,-0.00823783148091815,-0.021829325685635587,False,False,False,False,7380209.0,6858460.550977344,False,False,False,False,264447.1775169802,False,False,False,False
2025-05-01 17:00:00+00:00,72.045,72.595,71.785,71.795,446181.0,,,,71.52929555146704,72.70682523622814,69.24060691990816,67.82163450950212,66.55375896162712,65.35991824972302,,,66.46850296035599,67.65601837861989,72.77957201702374,72.56093678893549,69.75144821562009,68.55340491052905,67.61988022294877,65.98062914719934,,66.46850296035599,69.75144821562009,63.86077437156971,68.89874514783484,#000000,5.752744795720052,69.2475487065615,0.44282362313964646,66.13796473465965,9.940261119547529,True,False,True,False,True,2.1241200445564985,0.0,0.0,0.0,0.0,0,0.8665410810027528,0.8731101772689951,False,False,False,False,0.0351892536375424,0.0066799639759534055,False,False,False,False,7826390.0,6873467.209101726,False,False,False,False,267264.7561601278,False,False,False,False
2025-05-02 17:00:00+00:00,73.96,74.345,73.72,73.765,347489.0,,,,71.57944739224169,72.72086858942303,69.2740467846798,67.86043589743922,66.59399624018441,65.39963637308536,,,67.0103130533427,67.87195215174275,72.7976258454314,72.58002181523823,69.78232703868885,68.58983129216304,67.65912167066428,66.02029742683077,,67.0103130533427,69.78232703868885,63.90200673166729,68.98142296936824,"rgba(38, 166, 154, 0.5)",5.731962385849393,69.3412931199995,0.7717613239963658,69.39602427179705,13.133082852684026,True,False,True,False,True,4.662854683272194,0.0,0.0,0.0,0.0,0,0.8656859227365143,0.8689869632819042,False,False,False,False,0.09618166461401201,0.05143081429498271,False,False,False,False,8173879.0,6893628.6322164275,False,False,False,False,268508.54288632737,False,False,False,False
2025-05-05 17:00:00+00:00,74.86,74.885,73.82,73.84,239437.0,,,,71.61617258078476,72.73221161230535,69.2979751605664,67.88792335229675,66.62235853875224,65.42754838980652,,,67.35145125160751,68.01781928089254,72.81226401450901,72.59511443734226,69.80454428641707,68.61575039147961,67.68689352673134,66.04821693554904,,67.35145125160751,69.80454428641707,63.93089186108187,69.03687455421716,"rgba(38, 166, 154, 0.5)",5.710902303236905,69.40404870377192,0.7767513889554393,71.63207108376946,15.354290445663139,True,False,True,False,True,4.757915130207351,0.0,0.0,0.0,0.0,0,0.8580791467304622,0.8720843301435408,False,False,False,False,0.10683496623915527,0.07913289026706899,False,False,False,False,8413316.0,6917189.676678188,False,False,False,False,268057.8212911905,False,False,False,False
2025-05-06 17:00:00+00:00,73.845,74.105,73.38,73.435,209968.0,,,,71.64091337333026,72.73835118133545,69.31646118473283,67.90977410869829,66.64528646350068,65.45037398991471,,,67.60327264595799,68.12953084952717,72.81987046704954,72.60367801101667,69.82145502306305,68.63608973309934,67.70903848047017,66.07092339883852,,67.60327264595799,69.82145502306305,63.95475721782333,69.07821563646677,"rgba(38, 166, 154, 0.5)",5.680308880860393,69.45088041771271,0.7013913619577357,71.95098870599132,15.882930431031369,True,False,True,False,True,4.168346493680307,0.0,0.0,0.0,0.0,0,0.864825398423928,0.8693572345728748,False,False,False,False,0.0865459388394384,0.08283941455325369,False,False,False,False,8203348.0,6937130.115799457,False,False,False,False,267157.2039068309,False,False,False,False
2025-05-07 17:00:00+00:00,74.215,74.22,72.975,73.14,243198.0,,,,71.66610163267663,72.74384374329932,69.3367201899214,67.93402218896378,66.67092130855286,65.4760281947872,,,67.86221322854904,68.24911127059755,72.82645415300136,72.61158939060127,69.83986587427458,68.65853308054257,67.7336465221948,66.09638104940854,,67.86221322854904,69.83986587427458,63.981699730781244,69.12181655909794,"rgba(38, 166, 154, 0.5)",5.653181052204898,69.50023872127471,0.6438430407789044,71.28114665743307,15.882930431031369,True,False,True,False,True,3.7357594408437826,0.0,0.0,0.0,0.0,0,0.8644361336311838,0.8664943149017346,False,False,False,False,0.08173419171648474,0.08228680313486922,False,False,False,False,7960150.0,6952990.889197915,False,False,False,False,266785.7433811436,False,False,False,False
2025-05-08 17:00:00+00:00,73.7,73.815,73.16,73.31,211096.0,,,,71.68720210990365,72.74843084074493,69.35407382403338,67.95483482172725,66.69296181861533,65.49811665616451,,,68.06843540285217,68.34830956960751,72.83190641019621,72.61820188743896,69.85562231450245,68.67777752545649,67.75477394073415,66.11828643209866,,68.06843540285217,69.85562231450245,64.00492116127464,69.15778096814826,"rgba(38, 166, 154, 0.5)",5.626458158949899,69.54087888864832,0.6698923203323234,71.06601574112689,15.882930431031369,True,False,True,False,True,3.96400442577751,0.0,0.0,0.0,0.0,0,0.8608852525663176,0.8712267506860455,False,False,False,False,0.07808643008405784,0.08018661660946352,False,False,False,False,8171246.0,6971878.565334382,False,False,False,False,265922.3365070174,False,False,False,False
2025-05-09 17:00:00+00:00,72.25,72.72,72.205,72.43,173925.0,,,,71.69467012473677,72.74680126985486,69.36486049024666,67.9688258327398,66.70839596216884,65.51399364955893,,,68.19827297294965,68.41205677175286,72.82908947302307,72.61709836721414,69.86498013915426,68.69028112498383,67.76908737144595,66.13383824597497,,68.19827297294965,69.86498013915426,64.02199395604246,69.17944655684319,"rgba(38, 166, 154, 0.5)",5.601185564657647,69.56545824950489,0.5114170415223882,68.13098659044906,15.882930431031369,True,False,True,False,False,2.6503513627186415,0.0,0.0,0.0,0.0,0,0.8590413390819173,0.8725843266548317,False,False,False,False,0.04418249449051758,0.062184555549990556,False,False,False,False,7997321.0,6987776.897654778,False,False,False,False,264496.0212123349,False,False,False,False
2025-05-12 17:00:00+00:00,74.645,74.945,74.625,74.895,203956.0,,,,71.73008639461034,72.76007639479688,69.38705298162449,67.9937376792966,66.73381536520391,65.53884877653378,,,68.42062006649604,68.52673664274987,72.84625087044323,72.63409686695914,69.88584410235902,68.71401097195263,67.79420081784481,66.1587831843074,,68.42062006649604,69.88584410235902,64.04753108799538,69.22315436536987,"rgba(38, 166, 154, 0.5)",5.572768699037531,69.61445472352273,0.9475622552555014,69.59597883325803,15.882930431031369,True,False,True,False,False,5.934485923497892,0.0,0.0,0.0,0.0,0,0.8586753966255349,0.8750440695039035,False,False,False,False,0.12127251804917337,0.09172853679958196,False,False,False,False,8201277.0,7006590.852729898,False,False,False,False,263557.4162322987,False,False,False,False
2025-05-13 17:00:00+00:00,76.11,76.305,75.91,75.97,168762.0,,,,71.77030332156193,72.77746308585375,69.40943879232995,68.01793298624534,66.75793466799698,65.5620486995179,,,68.62713093692308,68.63666015942246,72.86900335315117,72.65582635498866,69.9072793426671,68.7374659336517,67.81848878617086,66.18225466426428,,68.62713093692308,69.9072793426671,64.07099191552241,69.26637364891039,"rgba(38, 166, 154, 1.0)",5.5509023355431335,69.66271351422263,1.1362632783846711,71.6508736792124,16.764342000378576,True,False,True,False,True,7.301981527153934,0.0,0.0,0.0,0.0,0,0.8610853257733508,0.8707192854813218,False,False,False,False,0.16576027661894813,0.12874440670926504,False,False,False,False,8370039.0,7027729.583695325,False,False,False,False,262087.71985660418,False,False,False,False
2025-05-14 17:00:00+00:00,76.04,76.4,75.835,76.195,195969.0,,,76.14333333333333,71.81694782173561,72.79792075540938,69.43556266818854,68.04613088713002,66.78603079901288,65.58906930993324,,,68.85583876309124,68.76170797312028,72.89568870087261,72.68131258309892,69.93231213354444,68.7648165873604,67.84679153366346,66.20959502452219,,68.85583876309124,69.93231213354444,64.09830503696232,69.77087059160111,"rgba(38, 166, 154, 1.0)",5.525575101127274,70.27928048955849,1.070607023191964,73.23875593571233,18.457397590330885,True,False,True,False,True,7.587054452172424,0.0,0.0,0.0,0.0,0,0.8586668684270256,0.8775819020957861,False,False,False,False,0.1660989380892125,0.14742167239923876,False,False,False,False,8566008.0,7051578.86146749,False,False,False,False,261062.62342471885,False,False,False,False
2025-05-15 17:00:00+00:00,75.37,75.965,75.34,75.655,239715.0,,,75.87373346278495,71.86635821062345,72.81899337671217,69.46492954611703,68.07828711756785,66.81838314168752,65.62040881530918,,,69.09977025809596,68.89933302798603,72.92290872123425,72.70764466268729,69.96026674768952,68.79579561755598,67.87912234633536,66.2411955259677,,69.09977025809596,69.96026674768952,64.13019532367892,69.80314203855694,"rgba(38, 166, 154, 0.5)",5.4882967606838475,70.320303326441,0.9720131593055995,72.56813093424572,18.457397590330885,True,False,True,False,True,6.744066400687139,0.0,0.0,0.0,0.0,0,0.8521888152423196,0.879256029637844,False,False,False,False,0.15038972592133037,0.14890569916028457,False,False,False,False,8326293.0,7071341.871367218,False,False,False,False,260731.65251890925,False,False,False,False
2025-05-16 17:00:00+00:00,76.08,76.345,76.045,76.215,175122.0,,,75.96775401682368,71.90676872477638,72.8371326596285,69.4880940108674,68.10329536978446,66.84332670666385,65.64442511380821,,,69.28119650092091,69.00433390462011,72.94638258279504,72.73011463301013,69.98246710353519,68.8200471537045,67.90422661378975,66.26548482931605,,69.28119650092091,69.98246710353519,64.15448481247573,69.84833666160293,"rgba(38, 166, 154, 1.0)",5.455055929887217,70.37089948565541,1.0713181660202367,72.82493517813985,18.51555516950924,True,False,True,False,True,7.473443689031498,0.0,0.0,0.0,0.0,0,0.8558858381867231,0.8742404760103878,False,False,False,False,0.16872485113146835,0.15881527514587646,False,False,False,False,8501415.0,7093513.547780129,False,False,False,False,259404.37108450755,False,False,False,False
2025-05-19 17:00:00+00:00,76.13,76.19,75.725,76.005,145510.0,,,75.96882743897172,71.93802257244157,72.8510445217677,69.50657017266303,68.123375478175,66.86344859334899,65.66386783537608,,,69.42029442620482,69.08661418399585,72.96428273835903,72.74735278634938,70.00012089603642,68.83945783438135,67.92440014345608,66.28511532258516,,69.42029442620482,70.00012089603642,64.17421176388838,69.87885299627415,"rgba(38, 166, 154, 1.0)",5.429372056502245,70.4058525347346,1.0312698056048342,72.26197922180413,18.51555516950924,True,False,True,False,True,7.137583183973874,0.0,0.0,0.0,0.0,0,0.8568178946038164,0.87261468469607,False,False,False,False,0.16068482853667532,0.1597500518412759,False,False,False,False,8355905.0,7113085.508279663,False,False,False,False,257638.56688164696,False,False,False,False
2025-05-20 17:00:00+00:00,75.44,75.545,75.07,75.41,193536.0,,,75.84104101832006,71.97246327198556,72.86565294654297,69.52859741684215,68.14778848233189,66.88822851369059,65.6880370307026,,,69.57959002996503,69.18332126882508,72.98283586718907,72.76556432069926,70.02097470696675,68.86284084299687,67.94898272516122,66.3094078954368,,69.57959002996503,70.02097470696675,64.19894864085931,69.9056884225104,"rgba(38, 166, 154, 0.5)",5.3774954207325445,70.43823583288224,0.9245501442826854,69.81512314213859,18.51555516950924,True,False,True,False,False,6.181765861855755,0.0,0.0,0.0,0.0,0,0.8477546549835704,0.8796709034870988,False,False,False,False,0.13878234665498757,0.14926619924813173,False,False,False,False,8162369.0,7129353.469391605,False,False,False,False,256644.72863541986,False,False,False,False
2025-05-21 17:00:00+00:00,74.465,74.52,73.145,73.16,242665.0,,,75.38670786384317,71.9929582093041,72.87107496058076,69.54781677106178,68.17084694722672,66.9127658882773,65.71276079587324,,,69.71104861180305,69.26747023871565,72.98889708422571,72.77291744872768,70.03844973631945,68.88414244639215,67.97240314051189,66.33387354713153,,69.71104861180305,70.03844973631945,64.22500974048093,69.90427557933296,"rgba(38, 166, 154, 0.5)",5.302060976978961,70.44250955811142,0.5125347395451795,62.320267450724685,16.754933259285394,True,False,True,False,False,2.6931343758349264,0.0,0.0,0.0,0.0,0,0.8395227479987838,0.8812189684871825,False,False,False,False,0.08953453835979658,0.11940036880396415,False,False,False,False,7919704.0,7141606.965990184,False,False,False,False,256427.98865657614,False,False,False,False
2025-05-22 17:00:00+00:00,73.225,73.89,73.135,73.375,137459.0,,,75.18826297241453,72.0033431537928,72.87352786742336,69.5582465239865,68.18348429836759,66.92629348392069,65.72644729860882,,,69.77920597553197,69.31222232925774,72.99150528760337,72.77632930701544,70.04788340731473,68.89576492960349,67.98525265258532,66.34739115053088,,69.77920597553197,70.04788340731473,64.23948633993476,69.90634404253049,"rgba(38, 166, 154, 0.5)",5.193946794712649,70.44733758015653,0.563668157483589,57.82060458575364,12.864432284112077,True,False,True,False,False,2.9948446227496532,0.0,0.0,0.0,0.0,0,0.8337568611506402,0.8906027647895917,False,False,False,False,0.0789152812685708,0.09915782503626747,False,False,False,False,8057163.0,7155801.633184134,False,False,False,False,254583.50821228814,False,False,False,False
2025-05-23 17:00:00+00:00,72.72,73.19,72.685,72.835,117782.0,,,75.00237307731449,72.00874474485428,72.87363267777863,69.56585748098124,68.19311525926503,66.9368457379469,65.73728550484843,,,69.82704302959628,69.34471862446196,72.99109476939775,72.77686225575715,70.05460032340551,68.90445529548889,67.99508843966213,66.35801975571334,,69.82704302959628,70.05460032340551,64.25109950791627,69.9046491317648,#000000,5.097901447769529,70.7682109399421,0.4054195792588687,53.615735725065605,9.268160811029048,False,False,False,False,False,2.169593806184391,0.0,0.0,0.0,0.0,0,0.826616706176238,0.8994927480818742,False,False,False,False,0.05987674483735996,0.07951728493681372,False,False,False,False,7939381.0,7167950.150499109,False,False,False,False,252462.55459659375,False,False,False,False
2025-05-26 17:00:00+00:00,72.835,72.835,72.835,72.835,0.0,,,75.00237307731449,72.00874474485428,72.87363267777863,69.56585748098124,68.19311525926503,66.9368457379469,65.73728550484843,,,69.82704302959628,69.34471862446196,72.99109476939775,72.77686225575715,70.05460032340551,68.90445529548889,67.99508843966213,66.35801975571334,,69.82704302959628,70.05460032340551,64.25109950791627,69.9046491317648,#000000,5.0315078319587805,70.7682109399421,0.410769321858194,50.812489817940246,6.908644819244898,False,False,False,False,False,2.169593806184391,0.0,0.0,0.0,0.0,0,0.8309772587584509,0.8968192993239094,False,False,False,False,0.056487861664702654,0.06800257330075818,False,False,False,False,7939381.0,7179910.318708425,False,False,False,False,248548.4064633132,False,False,False,False
2025-05-27 17:00:00+00:00,73.49,74.09,73.435,73.985,186807.0,,,74.86914979316617,72.02598093325653,72.87897399857276,69.58121396754824,68.2113208576623,66.9561119687766,65.75663851197274,,,69.92211060874116,69.40827588661551,72.99729305364968,72.78386917344058,70.06865825608686,68.92136055759487,68.01355910346139,66.3772003975507,,69.92211060874116,70.06865825608686,64.27143476462385,69.9181144712064,"rgba(38, 166, 154, 0.5)",4.956671478335399,70.81959840205693,0.6386143628397402,51.98258718200922,6.908644819244898,False,False,False,False,False,3.8391953771513982,0.0,0.0,0.0,0.0,0,0.8280872286826635,0.8939158757220288,False,False,False,False,0.08720993694085212,0.07760625512080516,False,False,False,False,8126188.0,7194581.290511396,False,False,False,False,247591.17535535488,False,False,False,False
2025-05-28 17:00:00+00:00,73.765,74.05,73.565,73.67,157947.0,,,74.77156403787906,72.0397094677469,72.88309405291142,69.59388479313746,68.2264184539707,66.97214134371805,65.77277842536954,,,69.99756906853587,69.45974084310053,73.00200132513241,72.789304773052,70.08022811619036,68.93534723397802,68.02888535387358,66.39317892331596,,69.99756906853587,70.08022811619036,64.28842692539818,69.92972308079412,"rgba(38, 166, 154, 0.5)",4.886400322129532,70.8389080068564,0.5793819184895987,51.87953185382469,6.908644819244898,False,False,False,False,False,3.3372515925643036,0.0,0.0,0.0,0.0,0,0.8335374878783235,0.8938141172867864,False,False,False,False,0.08870421407132797,0.08315523459606657,False,False,False,False,7968241.0,7206576.0146895135,False,False,False,False,246201.34317930284,False,False,False,False
2025-05-29 17:00:00+00:00,73.9,74.835,73.74,74.525,206714.0,,,74.72969885845822,72.06355062949572,72.89210179241768,69.61274265041313,68.24820000859066,66.99486536508013,65.79539579344527,,,70.10712805169335,69.53450338639968,73.01291455908434,72.80069782728538,70.0977316550761,68.95581008914314,68.05092445791381,66.41569518572261,,70.10712805169335,70.0977316550761,64.311988183719,69.95413068734794,"rgba(38, 166, 154, 0.5)",4.827458578209016,70.88068763116961,0.7549132343218232,53.898875668016125,6.908644819244898,False,False,True,False,True,4.579030791898493,0.0,0.0,0.0,0.0,0,0.8373875715453798,0.8843008994276371,False,False,False,False,0.10466913601713251,0.09391218530659953,False,False,False,False,8174955.0,7221589.642368746,False,False,False,False,245589.1363083059,False,False,False,False
2025-05-30 17:00:00+00:00,74.075,74.815,74.03,74.705,108112.0,,,74.71876974489459,72.076625583461,72.89724425531016,69.62285546347913,68.25980816604766,67.00693525484456,65.80738357394652,,,70.16420947138191,69.5738900836883,73.01917773967293,72.80715562950236,70.1071489108925,68.96674591729399,68.06266234555599,66.42764189091287,,70.16420947138191,70.1071489108925,64.32445014643314,69.96788360205896,"rgba(38, 166, 154, 0.5)",4.743785064559547,70.9015313300887,0.8017793003158423,55.66271928810387,6.908644819244898,False,False,True,False,True,4.84019856534454,0.0,0.0,0.0,0.0,0,0.8442782501792846,0.883285524024178,False,False,False,False,0.10916851656207775,0.10154035093433864,False,False,False,False,8283067.0,7238046.655665355,False,False,False,False,243457.70783840967,False,False,False,False
2025-06-02 17:00:00+00:00,74.035,74.75,74.03,74.75,168293.0,,,74.70333029681292,72.0966488416166,72.90515213633793,69.63849355244058,68.27777358476209,67.02563039923282,65.82596473023425,,,70.25005114020912,69.63389636132679,73.02878125063475,72.81707320856312,70.12170667084365,68.98366354469401,68.0808308243938,66.4461535542481,,70.25005114020912,70.12170667084365,64.34377601164715,69.98901000642336,"rgba(38, 166, 154, 0.5)",4.657941371445041,70.93075719447654,0.8199422236048043,56.95162399119849,1.3152810416856724,False,False,True,False,True,4.906513170206676,0.0,0.0,0.0,0.0,0,0.8473025419590303,0.8790963065772229,False,False,False,False,0.1080849367313278,0.10481264383283322,False,False,False,False,8451360.0,7256857.715267442,False,False,False,False,242292.36353083744,False,False,False,False
2025-06-03 17:00:00+00:00,75.705,75.83,75.5,75.65,228441.0,,,74.79060517695446,72.13601005427728,72.92336659021454,69.66453465651688,68.30646474926327,67.05473504893281,65.85438353423952,,,70.3913177018369,69.7317210548501,73.05158929983102,72.83937216306309,70.14645236767038,69.01120744599243,68.10971165571347,66.47471026709708,,70.3913177018369,70.14645236767038,64.37284613757564,70.03241211776353,"rgba(38, 166, 154, 1.0)",4.560276927737738,70.99640057961588,1.0204642161266033,59.935366576645926,4.3532952913287275,True,False,True,False,True,6.23300566641478,0.0,0.0,0.0,0.0,0,0.8488554728738057,0.8826634395035666,False,False,False,False,0.1508110206226382,0.1278118322277357,False,False,False,False,8679801.0,7278918.851464846,False,False,False,False,242077.6137086539,False,False,False,False
2025-06-04 17:00:00+00:00,76.285,76.385,75.38,75.39,514595.0,,,74.94875586751813,72.22298454128185,72.96438379138165,69.72294144446407,68.37079190767786,67.12002349645103,65.91818026204488,,,70.6872544203472,69.94291753011856,73.10266396657748,72.8893571548499,70.20197470446116,69.07296608753228,68.17446669935826,66.53879866574543,,70.6872544203472,70.20197470446116,64.4381222249406,70.12523070265398,"rgba(38, 166, 154, 0.5)",4.465043548711634,71.1201145105978,0.9562920143599166,60.854927851012235,5.43891715475629,True,False,True,False,True,5.782346344449621,0.0,0.0,0.0,0.0,0,0.8483391608391606,0.8810674619498152,False,False,False,False,0.1581501950829787,0.1429810136553572,False,False,False,False,8165206.0,7292659.737488646,False,False,False,False,246302.68946510888,False,False,False,False
2025-06-05 17:00:00+00:00,74.315,75.095,74.305,74.915,213731.0,,,74.93704646416273,72.24842865191548,72.97533289005635,69.74309177743338,68.39378224045464,67.14389817287424,65.94189939247401,,,70.77937135901243,70.01264836489088,73.1158356769167,72.90283362880722,70.22080950677132,69.09467716233735,68.1977045930186,66.5624383397475,,70.77937135901243,70.22080950677132,64.46275683326795,70.15131988139152,"rgba(38, 166, 154, 0.5)",4.403505935334028,71.14757290137408,0.8555517249098818,59.56691021733859,5.43891715475629,True,False,True,False,True,4.9554367666231265,0.0,0.0,0.0,0.0,0,0.8524683233981056,0.8848803901834795,False,False,False,False,0.11843129240906974,0.13070615303221347,False,False,False,False,7951475.0,7302873.927605101,False,False,False,False,245797.7020315413,False,False,False,False
2025-06-06 17:00:00+00:00,76.01,76.43,75.83,76.31,152190.0,,,74.993386260504,72.27625032517949,72.98914109949327,69.7613617577273,68.41367060973892,67.16395208093923,65.96141215311694,,,70.8648892865921,70.07552194792284,73.13301464566504,72.91950675721927,70.23827719516653,69.1138735569431,68.21770041774792,66.58208271338215,,70.8648892865921,70.23827719516653,64.48263032970104,70.18026938715587,"rgba(38, 166, 154, 1.0)",4.383148954434043,71.18438438861583,1.1693911534078818,62.02132957834769,6.887105280212388,True,False,True,False,True,7.040160105239,0.0,0.0,0.0,0.0,0,0.8585853382102929,0.8767709030961828,False,False,False,False,0.1665223180340154,0.14861423553311442,False,False,False,False,8103665.0,7315289.293068588,False,False,False,False,244346.4198295019,False,False,False,False
2025-06-09 17:00:00+00:00,76.14,76.67,76.125,76.42,200770.0,,,75.0724326738548,72.3143411013918,73.0083879647009,69.786106599429,68.44047388440505,67.19089863499423,65.9875788113726,,,70.9780454788072,70.15938178645877,73.15695905940994,72.94267409108146,70.26199168588572,69.13980385768402,68.24463375358592,66.60845256128286,,70.9780454788072,70.26199168588572,64.5092243391105,70.21947746295629,"rgba(38, 166, 154, 1.0)",4.369687336001731,71.7517466412759,1.0683266329520862,63.87905287825633,8.820533354304267,True,False,True,False,True,7.202520443509812,0.0,0.0,0.0,0.0,0,0.8612584315946655,0.8708356933216624,False,False,False,False,0.17559709734605228,0.16210566643958335,False,False,False,False,8304435.0,7330624.885424114,False,False,False,False,243670.81642129255,False,False,False,False
2025-06-10 17:00:00+00:00,75.475,75.545,75.13,75.47,224697.0,,,75.0906696679357,72.34568827588612,73.02326023219302,69.8093347235476,68.46643206194014,67.21754206244876,66.01384732503858,,,71.07645848382765,70.23568672860982,73.17503170809627,72.96068360610725,70.2839316084573,69.16454959647459,68.27081375194739,66.63473232519146,,71.07645848382765,70.2839316084573,64.53629905865806,70.25124414384678,"rgba(38, 166, 154, 0.5)",4.362501477838562,71.75146542939075,0.8523858592368042,61.438001672259404,8.820533354304267,True,False,True,False,False,5.507523527001755,0.0,0.0,0.0,0.0,0,0.8620716230796897,0.8702409700457282,False,False,False,False,0.13979016618479762,0.15094791631219048,False,False,False,False,8079738.0,7342239.042239243,False,False,False,False,243376.6487248384,False,False,False,False
2025-06-11 17:00:00+00:00,75.085,75.47,74.8,74.955,225398.0,,,75.08979444728182,72.37338413928087,73.03607710378012,69.83117066437413,68.49113076067536,67.24309762909564,66.03919281095679,,,71.16413201144839,70.30559191147898,73.1903893063232,72.97622927173354,70.30443921222903,69.18796145380145,68.29575888244993,66.66001766089893,,71.16413201144839,70.30443921222903,64.56255896730161,70.2792244843872,"rgba(38, 166, 154, 0.5)",4.342141657197593,71.76194344472242,0.7353644370364392,58.103126852024126,13.282094331704585,False,False,True,False,False,4.5995939189491395,0.0,0.0,0.0,0.0,0,0.8626966985498302,0.8665278206314928,False,False,False,False,0.13299275273713682,0.14197033452466365,False,False,False,False,7854340.0,7350178.591971968,False,False,False,False,243097.9099849184,False,False,False,False
2025-06-12 17:00:00+00:00,73.565,74.005,73.46,74.0,191088.0,,,75.0324605656651,72.38573730310775,73.04021562217304,69.84515058674229,68.50796707667983,67.26118695585404,66.05760432673245,,,71.2126307328225,70.34813028187013,73.19468580408979,72.98146654748174,70.31715646293776,69.20346999941759,68.31288065984887,66.67816058482633,,71.2126307328225,70.31715646293776,64.58207727492872,70.2919269006833,"rgba(38, 166, 154, 0.5)",4.310034015668056,71.74368633911628,0.523502518235692,53.15520915188541,8.703175892193514,False,True,False,False,False,2.9364628767315217,0.0,0.0,0.0,0.0,0,0.8572054540299507,0.8781606825269999,False,False,False,False,0.08621396836978179,0.11409215144722272,False,False,False,False,7663252.0,7355032.443259224,False,False,False,False,242291.55479135376,False,False,False,False
2025-06-13 17:00:00+00:00,73.585,73.65,72.225,72.4,301145.0,,,74.88120404182919,72.39067934512154,73.03789465757764,69.86114604521175,68.52901883707115,67.28490574888853,66.08249404546903,,72.75833333333334,71.25584282863154,70.39322401695331,73.1900551682147,72.97930924440821,70.3309878778449,69.22212190189512,68.3344823605035,66.70233867386948,,71.25584282863154,70.3309878778449,64.60914983722616,70.45212738292643,#000000,4.233890435074544,71.97187530562991,0.10111851048940997,46.532855472108515,2.757298437583678,False,True,False,True,False,0.24861512948628572,0.0,0.0,0.0,0.0,0,0.8542321364174951,0.8769254546391223,False,False,False,False,0.05987674483735996,0.08698444814229134,False,False,False,False,7362107.0,7355142.126309469,False,False,False,False,243204.01130621647,False,False,False,False
2025-06-16 17:00:00+00:00,73.275,73.325,72.92,73.12,228748.0,,,74.79658378734996,72.39797066300589,73.03841534074056,69.87468826977845,68.54623260773572,67.30397298670594,66.10229916937043,,72.91517966520284,71.29464051301612,70.43145632040348,73.18950830193009,72.98034708566449,70.34294684767347,69.2376018089638,68.3520872654402,66.72167025752766,,71.29464051301612,70.34294684767347,64.63050601779403,70.47035005565682,#000000,4.18493100247722,71.96650352347224,0.2756309425041811,44.44166606960043,1.0591950408143092,False,True,False,True,False,1.4139372157792032,0.0,0.0,0.0,0.0,0,0.8628818233855441,0.8772441067804552,False,False,False,False,0.06599679770915522,0.07649062292572328,False,False,False,False,7590855.0,7358796.589467462,False,False,False,False,242979.88709991856,False,False,False,False
2025-06-17 17:00:00+00:00,72.73,72.77,72.31,72.525,154058.0,,,74.72563059668971,72.3988850477539,73.0363168172894,69.8821090472507,68.5562760739667,67.31545651511216,66.11446534530515,,72.82954528662628,71.31177100691326,70.45112226535892,73.18600233707252,72.97817113406902,70.34925511862335,69.24639392161589,68.36242165873709,66.73343682643409,,71.31177100691326,70.34925511862335,64.64383918865029,70.46732868742613,#000000,4.18068357055597,71.94505858173035,0.13871928082625287,41.85926465195983,-1.2780923502379977,False,True,False,True,False,0.42245305254930443,0.0,0.0,0.0,0.0,0,0.859035768209507,0.8684073514864374,False,False,False,False,0.04674144689891171,0.0616160349123175,False,False,False,False,7436797.0,7360005.898157889,False,False,False,False,241601.2531913927,False,False,False,False
2025-06-18 17:00:00+00:00,74.385,75.135,74.25,74.74,343214.0,,,74.72450060141675,72.43271455447508,73.05170169580911,69.91191579558279,68.59059365321156,67.35143673207111,66.1505235505939,,73.45731819620022,71.41315784961083,70.53798164140477,73.20395505438633,72.9968012857284,70.37702405167538,69.27864745459523,68.39715904153617,66.76923630769491,,71.41315784961083,70.37702405167538,64.6815185128415,70.54029171662454,"rgba(38, 166, 154, 0.5)",4.186959741133579,72.0237378405751,0.6487433191056904,45.84609181489451,-1.2780923502379977,False,True,False,True,True,3.925590318389137,0.0,0.0,0.0,0.0,0,0.8594431747350926,0.8712601288177855,False,False,False,False,0.11818068803789673,0.08989836147510712,False,False,False,False,7780011.0,7366517.605163192,False,False,False,False,243176.64461478195,False,False,False,False
2025-06-19 17:00:00+00:00,74.74,74.74,74.74,74.74,0.0,,,74.72450060141675,72.43271455447508,73.05170169580911,69.91191579558279,68.59059365321156,67.35143673207111,66.1505235505939,,73.45731819620022,71.41315784961083,70.53798164140477,73.20395505438633,72.9968012857284,70.37702405167538,69.27864745459523,68.39715904153617,66.76923630769491,,71.41315784961083,70.37702405167538,64.6815185128415,70.54029171662454,"rgba(38, 166, 154, 0.5)",4.203648524665021,72.0237378405751,0.6461677620017846,48.503976590184294,-1.2780923502379977,False,True,False,False,True,3.9255903183891476,0.0,0.0,0.0,0.0,0,0.8626576999270149,0.8692784902512775,False,False,False,False,0.11976809993433184,0.10483323070471948,False,False,False,False,7780011.0,7372928.355470739,False,False,False,False,239406.46407811865,False,False,False,False
2025-06-20 17:00:00+00:00,75.62,75.69,75.21,75.4,409370.0,,,74.77574039679733,72.48424060673975,73.07755634807704,69.95229160359911,68.63582060559958,67.39808127382048,66.19674865100801,,74.0204240841098,71.5513694572087,70.65428283200173,73.2348786256368,73.02769786559725,70.41515360883531,69.32169408330793,68.44280100699181,66.81537941782958,,71.5513694572087,70.41515360883531,64.72931642840254,70.6252600291975,"rgba(38, 166, 154, 0.5)",4.230992564526741,72.12553414636287,0.7739238024407649,51.700910766876035,-5.73258828979418,False,True,True,False,True,4.946522313217233,0.0,0.0,0.0,0.0,0,0.8619632705457022,0.8683817557831867,False,False,False,False,0.14357202060168892,0.1242026256532042,False,False,False,False,8189381.0,7385586.536006077,False,False,False,False,242041.55765830283,False,False,False,False
2025-06-23 17:00:00+00:00,75.21,77.02,75.17,77.01,261094.0,,,74.84732585718058,72.52666174821645,73.10040212878747,69.98222362831082,68.66841304217856,67.43109600724308,66.22905149398602,,74.38640098140799,71.6554044833475,70.74004468270036,73.26263430742554,73.05475285492196,70.44380054904481,69.35312886585768,68.47558605181257,66.84782582902811,,71.6554044833475,70.44380054904481,64.76231344812928,70.6877970319656,"rgba(38, 166, 154, 1.0)",4.2488122611654795,72.20607187272584,1.1306520109590368,56.66196256768692,-1.0534334468388806,False,True,True,False,True,7.364832405665627,0.0,0.0,0.0,0.0,0,0.8609013777535611,0.862665732596456,False,False,False,False,0.16533700275030513,0.14476981420175467,False,False,False,False,8450475.0,7402096.434672649,False,False,False,False,242336.94436127486,False,False,False,False
2025-06-24 17:00:00+00:00,78.155,78.365,78.11,78.145,215798.0,,,74.96539471812667,72.57706913958629,73.12925845139647,70.01365943208448,68.70139196480805,67.4636608542108,66.26031143177387,,74.81725394540791,71.76956124309743,70.83103592399134,73.29821029703568,73.08868956603345,70.47439080402074,69.38550741008248,68.50861165281876,66.87951879147782,,71.76956124309743,70.47439080402074,64.79365750215236,70.76022035162202,"rgba(38, 166, 154, 1.0)",4.29030091659716,72.3056776672039,1.3610519276646782,61.5112100062236,3.439091035397581,True,False,True,False,True,9.003707063532996,0.0,0.0,0.0,0.0,0,0.8731410836673993,0.8632613474718741,False,False,False,False,0.2388860823579743,0.1918279482798645,False,False,False,False,8666273.0,7421696.0713443905,False,False,False,False,241925.48785954964,False,False,False,False
2025-06-25 17:00:00+00:00,79.005,79.315,78.875,79.11,273562.0,,,75.1417517149942,72.64963595952338,73.17172766073395,70.05747376505595,68.7467706373904,67.50807004560394,66.30265097062265,,75.35296609402242,71.9279871017245,70.9568348754321,73.35065509332802,73.1384709745248,70.51726490867327,69.43033652735707,68.55398350000078,66.92259049883161,,71.9279871017245,70.51726490867327,64.83581458811261,70.85807314548867,"rgba(0, 255, 255, 0.75)",4.36605792675948,72.44157104585135,1.527334054199782,65.86612579861023,7.453097315346454,True,False,True,False,True,10.362530078315856,0.0,0.0,0.0,0.0,0,0.8782480543992555,0.8593737880394037,False,False,False,False,0.26900468414378237,0.23041631621182343,False,False,False,False,8939835.0,7445233.108997965,False,False,False,False,242415.9764198667,False,False,False,False
2025-06-26 17:00:00+00:00,79.785,80.095,79.61,79.98,250758.0,,,75.32060278407337,72.72277483169164,73.2152791732249,70.10076467906005,68.7911874844596,67.55125202722725,66.34361233650651,,75.8201808370598,72.082751539413,71.07976514400731,73.40443523413447,73.18937316044239,70.55979810574178,69.4744154705843,68.59834258241752,66.96436609181431,,72.082751539413,70.55979810574178,64.87638140957574,70.95118134261614,"rgba(0, 255, 255, 0.75)",4.452134281179884,72.571127450628,1.6641170462200303,69.66786098600774,10.992998035374598,True,False,True,False,True,11.564087166426471,0.0,0.0,0.0,0.0,0,0.8825853431802922,0.8553684862882821,False,False,False,False,0.29601166022403064,0.263213988217927,False,False,False,False,9190593.0,7472292.952269314,False,False,False,False,242545.31011878347,False,False,False,False
2025-06-27 17:00:00+00:00,79.89,79.92,78.955,79.425,251388.0,,,75.47010242912867,72.79000489453816,73.25539868083588,70.14175582421348,68.83352540979772,67.59263350574255,66.38303899440012,,76.15794862474365,72.22316565346918,71.19337737620351,73.45369815843766,73.23617844418956,70.5999629653704,69.51629268120736,68.64066293054691,67.00449176863782,,72.22316565346918,70.5999629653704,64.9155879409189,71.03076489634142,"rgba(38, 166, 154, 1.0)",4.535468727328636,72.67905530498078,1.487375418194657,70.38117844378067,11.814404206279164,True,False,True,False,True,10.529131426466002,0.0,0.0,0.0,0.0,0,0.8810455833118723,0.8551377800669587,False,False,False,False,0.28116613466589296,0.27219006144191,False,False,False,False,8939205.0,7495035.77471475,False,False,False,False,242682.4060859341,False,False,False,False
2025-06-30 17:00:00+00:00,80.43,80.46,79.91,80.15,309162.0,,,75.671360958774,72.87986777843926,73.30985980754592,70.19565225940623,68.88873670952678,67.64628770383015,66.43393326676093,,76.57198511521707,72.40564856740527,71.34110607453536,73.52055210541094,73.29954678923778,70.65295921730112,69.57112084043513,68.6957958476553,67.05640351595147,,72.40564856740527,70.65295921730112,64.96595931132289,71.13380103483954,"rgba(0, 255, 255, 0.75)",4.630549664801972,72.81888271448881,1.5832067068056632,71.7412806042417,13.450343896598397,True,False,True,False,True,11.540477451508668,0.0,0.0,0.0,0.0,0,0.8829571944565411,0.8491943540743402,False,False,False,False,0.30799785300164323,0.2900939572217766,False,False,False,False,9248367.0,7522219.204564134,False,False,False,False,243713.09746444676,False,False,False,False
2025-07-01 17:00:00+00:00,80.825,81.715,80.73,81.475,307215.0,,,75.90121202900018,72.98056699185702,73.37193225505634,70.25465719828665,68.94852713931978,67.70393531790911,66.48827740187724,,77.01202744234479,72.6041426023241,71.50139612078473,73.59677508772239,73.37157444178732,70.71124396101374,69.63081227572543,68.7554202796846,67.11200666363085,,72.6041426023241,70.71124396101374,65.01939090905913,71.24653170052028,"rgba(0, 255, 255, 0.75)",4.753723599775498,72.9725739886751,1.788582325595548,74.0283671224702,16.01689525041904,True,False,True,False,True,13.34416872524648,0.0,0.0,0.0,0.0,0,0.8871948105015833,0.8453366023087143,False,False,False,False,0.34282825073327794,0.31646110397752725,False,False,False,False,9555582.0,7553744.209144535,False,False,False,False,244697.623085153,False,False,False,False
2025-07-02 17:00:00+00:00,82.085,82.385,81.81,82.345,241366.0,,,76.09616947789215,73.06613271511618,73.4253217886904,70.30420575349234,68.99839084795391,67.75177246254688,66.5331954857297,,77.36370936214891,72.76902566340206,71.63465594936058,73.66228723206893,73.433389798442,70.76032812813224,69.68076118058953,68.80510276450738,67.15805736711815,,72.76902566340206,70.76032812813224,65.06336323309944,71.34015662357446,"rgba(0, 255, 255, 0.75)",4.894703034178093,73.10011559803763,1.8887528696651044,76.31601485960671,18.575094583502903,True,False,True,False,True,14.496359020505487,0.0,0.0,0.0,0.0,0,0.8888036024971856,0.8464077371814558,False,False,False,False,0.3428282508867725,0.32964467743214987,False,False,False,False,9796948.0,7588522.562491131,False,False,False,False,244645.97001406536,False,False,False,False
2025-07-03 17:00:00+00:00,83.515,83.515,83.515,83.515,0.0,,,76.09616947789215,73.06613271511618,73.4253217886904,70.30420575349234,68.99839084795391,67.75177246254688,66.5331954857297,,77.36370936214891,72.76902566340206,71.63465594936058,73.66228723206893,73.433389798442,70.76032812813224,69.68076118058953,68.80510276450738,67.15805736711815,,72.76902566340206,70.76032812813224,65.06336323309944,71.34015662357446,"rgba(0, 255, 0, 1.0)",5.06126885330199,73.10011559803763,2.057761542378382,78.72832279212494,21.22896155521977,True,False,True,False,True,16.00913749029034,0.0,0.0,0.0,0.0,0,0.8872595598243406,0.8527953979300961,False,False,False,False,0.3428282511099933,0.33623646427107157,False,False,False,False,9796948.0,7622761.716561036,False,False,False,False,240853.0092386535,False,False,False,False
2025-07-04 17:00:00+00:00,83.515,83.515,83.515,83.515,0.0,,,76.09616947789215,73.06613271511618,73.4253217886904,70.30420575349234,68.99839084795391,67.75177246254688,66.5331954857297,,77.36370936214891,72.76902566340206,71.63465594936058,73.66228723206893,73.433389798442,70.76032812813224,69.68076118058953,68.80510276450738,67.15805736711815,,72.76902566340206,70.76032812813224,65.06336323309944,71.34015662357446,"rgba(0, 255, 255, 0.75)",5.218346798202065,73.10011559803763,1.9958206697858265,80.33652808047043,23.13091854929405,True,False,True,False,True,16.00913749029034,0.0,0.0,0.0,0.0,0,0.8887224259957636,0.8490726868832983,False,False,False,False,0.3428282511099933,0.33953235769053247,False,False,False,False,9796948.0,7656470.031032958,False,False,False,False,237118.85405665886,False,False,False,False
2025-07-07 17:00:00+00:00,81.835,82.3,81.5,82.29,201303.0,,,76.24595499838952,73.13513323543633,73.46860249075881,70.3446982180014,69.03922144397767,67.79101597673751,66.57010440342438,,77.614321140041,72.90013597067612,71.74173415996111,73.71521656472662,73.48341225327452,70.80041139513608,69.72161996162414,68.8457967899724,67.19586827754546,,72.90013597067612,70.80041139513608,65.09954497785603,71.41332795498019,"rgba(0, 255, 255, 0.75)",5.332705618746983,73.19832981949949,1.7048888182649709,77.06906337166599,23.13091854929405,True,False,True,False,False,13.594247107832754,0.0,0.0,0.0,0.0,0,0.8872014571201355,0.8460018983607404,False,False,False,False,0.2903219439303152,0.31492715081042383,False,False,False,False,9595645.0,7686534.759233997,False,False,False,False,236563.56949764088,False,False,False,False
2025-07-08 17:00:00+00:00,81.825,81.955,81.48,81.61,350395.0,,,76.47473811218913,73.2481321386626,73.53988561656695,70.41243644813493,69.10779620590569,67.85715397962335,66.63249360750191,,77.96204618791175,73.11133192408113,71.91681377996724,73.80197397657707,73.56561572944118,70.86736254989331,69.79010438201813,68.91418030214112,67.25969195379574,,73.11133192408113,70.86736254989331,65.16086924999205,71.52885980590071,"rgba(0, 255, 255, 0.75)",5.427288082267917,73.3500743505074,1.5219250432788896,72.80585230109213,29.910392154825985,True,False,True,False,False,12.282392176135101,0.0,0.0,0.0,0.0,0,0.8836829062667655,0.8453874255933377,False,False,False,False,0.2844901150989784,0.2997086329547011,False,False,False,False,9245250.0,7710700.8869978115,False,False,False,False,238328.39787752242,False,False,False,False
2025-07-09 17:00:00+00:00,81.705,82.015,81.62,81.755,390412.0,,,76.7131338275623,73.37223733942065,73.61896766283914,70.48772417080725,69.18402246910242,67.93071427239067,66.70193059357261,,78.29554715747365,73.33799602482406,72.10697732761471,73.89781925631691,73.6565576808322,70.94177912173132,69.86622123517354,68.99019904965584,67.33070724621562,,73.33799602482406,70.94177912173132,65.22913695764781,71.65203340222081,"rgba(38, 166, 154, 1.0)",5.523335587216156,73.50918573005181,1.4929048108235983,70.2117246167006,27.322477612462166,True,False,True,False,False,12.483813655504054,0.0,0.0,0.0,0.0,0,0.8884450858114725,0.8436839663969493,False,False,False,False,0.28768328010796307,0.29369595653133207,False,False,False,False,9635662.0,7740545.24533893,False,False,False,False,240686.28318174687,False,False,False,False
2025-07-10 17:00:00+00:00,82.55,82.685,82.1,82.29,218210.0,,,76.8510199896893,73.44456611132335,73.66550267595089,70.53144039531516,69.22810893703287,67.97314328768854,66.7418979597395,,78.483884374526,73.467678538349,72.21608679791127,73.95413331461859,73.70996425080652,70.98506179220338,69.91032882986882,69.0341444363921,67.37162723692734,,73.467678538349,70.98506179220338,65.26833507481379,71.72303680802142,"rgba(0, 255, 255, 0.75)",5.626290312068433,73.60068833520275,1.5444122472952777,69.41011258267991,26.320573072910847,True,False,True,False,False,13.230690078094817,0.0,0.0,0.0,0.0,0,0.8887313047962867,0.8399174832387831,False,False,False,False,0.3061574987533344,0.29992672764233325,False,False,False,False,9853872.0,7773310.001225148,False,False,False,False,240337.81367505313,False,False,False,False
2025-07-11 17:00:00+00:00,82.305,82.675,82.24,82.53,244670.0,,,77.00111684443353,73.52539624705128,73.717826616617,70.58058345651335,69.27765275199242,68.020826760368,66.78682177634218,,78.68141334610158,73.61067875701053,72.337151765099,74.01730469598311,73.76991551401275,71.03372631126061,69.9599022751768,69.08352920160637,67.41762035579053,,73.61067875701053,71.03372631126061,65.31238917254672,71.80134166720994,"rgba(0, 255, 255, 0.75)",5.722876861122122,73.70077574491145,1.5427947288310766,69.29004061722767,25.80790268085498,True,False,True,False,False,13.566653372545002,0.0,0.0,0.0,0.0,0,0.8846870150025867,0.8437661665804451,False,False,False,False,0.3082584809390652,0.30409260429069923,False,False,False,False,10098542.0,7809360.109733285,False,False,False,False,240404.97935450968,False,False,False,False
2025-07-14 17:00:00+00:00,83.235,83.52,83.135,83.47,427945.0,,,77.285061348978,73.6771112829712,73.81704519310982,70.67195295025478,69.36922656586434,68.10858521262033,66.86922070549372,,79.05477147966543,73.87430127320835,72.56023117018138,74.13700136787378,73.88338053598822,71.1244261464059,70.0517955087096,69.17474166862377,67.50212684188284,,73.87430127320835,71.1244261464059,65.39288426417994,71.94756120323947,"rgba(0, 255, 255, 0.75)",5.8399360171738275,73.88821148079248,1.6407351880277143,70.70997795111285,25.80790268085498,True,False,True,False,False,14.873649975393565,0.0,0.0,0.0,0.0,0,0.8794465355457775,0.8470285744579337,False,False,False,False,0.33664319598479564,0.3203679001377474,False,False,False,False,10526487.0,7851486.108031994,False,False,False,False,243312.5765738196,False,False,False,False
2025-07-15 17:00:00+00:00,78.525,79.03,77.725,78.86,658926.0,,,77.36550859401792,73.78973351349266,73.89057029395721,70.75750983919309,69.46002689663369,68.19957228774987,66.95779350412379,,78.99841956215252,74.06045075462798,72.74064853992365,74.22201245806399,73.96653706791835,71.20738360580245,70.14037074435588,69.26586328249866,67.59138954651347,,74.06045075462798,71.20738360580245,65.48247087936396,72.03836190568907,"rgba(38, 166, 154, 0.5)",5.8680240178337115,74.54434675407126,0.7354525531614893,60.74385367021322,17.40563969189276,False,False,True,False,False,6.225743652465386,0.0,0.0,0.0,0.0,0,0.8745604054613157,0.8474606950765413,False,False,False,False,0.1806166489367384,0.2504922745372429,False,False,False,False,9867561.0,7882743.083101265,False,False,False,False,249756.19554166734,False,False,False,False
2025-07-16 17:00:00+00:00,79.395,80.08,79.37,79.895,439066.0,,,77.4646134679005,73.8808266527128,73.95107386361526,70.82243959187834,69.52768906767815,68.26650969864697,67.02232680869818,,79.05150809649255,74.20866257090483,72.87945085576989,74.29265700086316,74.03494312457457,71.2708396834059,70.2069594284153,69.33361300097079,67.65673609415168,,74.20866257090483,71.2708396834059,65.5471113884443,72.11692806291742,"rgba(38, 166, 154, 0.5)",5.911789783258608,74.65672449239648,0.8860726953515174,56.09370062205471,13.282931435833405,False,True,True,False,False,7.709109317430926,0.0,0.0,0.0,0.0,0,0.8764007142672292,0.8485805232783834,False,False,False,False,0.22194146599686698,0.23621687026705493,False,False,False,False,10306627.0,7920322.678712098,False,False,False,False,252691.2312697035,False,False,False,False
2025-07-17 17:00:00+00:00,80.09,80.15,79.47,79.75,371265.0,,,77.54256263303822,73.95582511411963,74.0013447746582,70.87666856386174,69.5842603362862,68.32255030883368,67.0764254758389,,79.0915392535045,74.32830255086392,72.99275566207898,74.3510951563998,74.09162450553865,71.32382030998303,70.26260025946611,69.39026840870837,67.71148517187842,,74.32830255086392,71.32382030998303,65.601347495495,72.18144553031615,"rgba(38, 166, 154, 0.5)",5.878158934518432,74.73449358632607,0.8532444375093828,52.74904452423503,10.322736382187998,False,True,False,False,False,7.454871462878668,0.0,0.0,0.0,0.0,0,0.8704644505763726,0.8485442401423525,False,False,False,False,0.22457197008767502,0.23039442017736497,False,False,False,False,9935362.0,7951563.598421987,False,False,False,False,254529.584273274,False,False,False,False
2025-07-18 17:00:00+00:00,80.44,80.77,80.21,80.62,222153.0,,,77.60137149852547,74.00540088187883,74.03482325563434,70.91148495421595,69.6202573192369,68.35798009718052,67.11045756039782,,79.13683536143607,74.40688311358738,73.06601593922454,74.3901705947399,74.12936504888151,71.35796412315082,70.29815959796359,69.42627871386897,67.74601122560694,,74.40688311358738,71.35796412315082,65.63529342756891,72.2249662053456,"rgba(38, 166, 154, 1.0)",5.73264976780893,74.79151841433239,1.0167168450437738,52.24002550280295,9.807726656852552,False,True,False,False,False,8.702567386609065,0.0,0.0,0.0,0.0,0,0.8719746372142175,0.8463540995437793,False,False,False,False,0.24572972853737254,0.23806207435736876,False,False,False,False,10157515.0,7985764.395345677,False,False,False,False,254027.62172640153,False,False,False,False
2025-07-21 17:00:00+00:00,81.11,81.26,80.175,80.26,189229.0,,,77.65019232201735,74.04724568672982,74.06320825544792,70.94104096832703,69.65082167936983,68.3880753623165,67.13937855220041,,79.17405758484458,74.47260271517898,73.12756516931059,74.42323697783908,74.16132249183963,71.38694832632348,70.32834838514557,69.45685601520155,67.77534653020149,,74.47260271517898,71.38694832632348,65.66414814179382,72.26164043889335,"rgba(38, 166, 154, 0.5)",5.6032492560321305,74.83766304070338,0.9677129664469697,51.172451343326784,8.54036781666386,False,True,False,False,False,8.054774019112564,0.0,0.0,0.0,0.0,0,0.876409992274015,0.8429822302343551,False,False,False,False,0.2528557720990682,0.24545892322821847,False,False,False,False,9968286.0,8016501.1644100845,False,False,False,False,253022.99193219375,False,False,False,False
2025-07-22 17:00:00+00:00,81.865,82.595,81.675,82.36,453310.0,,,77.82330404443397,74.17010894188846,74.14716571693151,71.02309087717288,69.73428254574284,68.46922885819076,67.21658479578211,,79.3524689820609,74.66548222146393,73.30270053489167,74.52186276036407,74.25594120194921,71.46795783311786,70.41145677116927,69.54017463178032,67.85404684555726,,74.66548222146393,71.46795783311786,65.74040100151335,72.37224109765606,"rgba(38, 166, 154, 1.0)",5.49318819945157,74.99492916832075,1.3407643365312993,54.17571966408013,8.54036781666386,False,True,True,False,False,11.00291747387675,0.0,0.0,0.0,0.0,0,0.877690302131793,0.8356423495731305,False,False,False,False,0.2978598818769466,0.27165940255258253,False,False,False,False,10421596.0,8053789.456434734,False,False,False,False,256128.21686347757,False,False,False,False
2025-07-23 17:00:00+00:00,83.325,83.925,83.28,83.535,263974.0,,,77.94781924989633,74.25186985679402,74.20343640702772,71.07610668898282,69.78765603493477,68.52071719400543,67.26525547339696,,79.49235306357593,74.7930367415452,73.41682189864918,74.58818311076797,74.31933699381523,71.52052089542522,70.46487706269426,69.59338585406952,67.90381783396413,,74.7930367415452,71.52052089542522,65.78814887052788,72.44657464747155,"rgba(0, 255, 255, 0.75)",5.502347216587778,75.10345102796288,1.5323549460162667,57.78388233082898,8.54036781666386,False,True,True,False,True,12.57254683516393,0.0,0.0,0.0,0.0,0,0.8816960879076157,0.830671007783487,False,False,False,False,0.34282825112285054,0.30724382683771656,False,False,False,False,10685570.0,8094592.255559777,False,False,False,False,256249.8569121058,False,False,False,False
2025-07-24 17:00:00+00:00,84.44,84.785,83.69,83.865,297197.0,,84.11333333333333,78.09439174919163,74.34740386479763,74.26954918204027,71.13778488406837,69.84956132834148,68.580305578721,67.32148639186654,,79.6583171231316,74.94080137441733,73.54889597484218,74.66605805591612,74.39373937204914,71.58174924113372,70.52692913908949,69.65507952904949,67.96137081902329,,74.94080137441733,71.58174924113372,65.84320349534478,73.2145151141772,"rgba(38, 166, 154, 1.0)",5.4245048156946885,76.07715665094938,1.4356782072564662,60.618924460745156,3.391184944190897,False,False,True,False,True,13.008280005308055,0.0,0.0,0.0,0.0,0,0.883834404940405,0.8273145442069685,False,False,False,False,0.3428282512132425,0.3250360390254795,False,False,False,False,10982767.0,8139370.158574354,False,False,False,False,256884.69633982508,False,False,False,False
2025-07-25 17:00:00+00:00,84.24,84.455,84.16,84.295,275406.0,,84.20471800997666,78.22822565589829,74.43598597483617,74.3311992182863,71.19525136005797,69.90720971609481,68.63579018406578,67.37384614567497,,79.80793286753504,75.0763605694813,73.67055689057686,74.73852354607997,74.46301255020778,71.63881131747496,70.58472699874646,69.71252870641798,68.01496336894886,,75.0763605694813,71.63881131747496,65.89445442760827,73.29527312237414,"rgba(0, 255, 255, 0.75)",5.322577769945357,76.1908933145791,1.5225905633886305,63.08445294817955,5.906101093785026,False,False,True,False,True,13.578306745510975,0.0,0.0,0.0,0.0,0,0.8831386917029234,0.8274431977202759,False,False,False,False,0.34282825122290406,0.3339321451241918,False,False,False,False,11258173.0,8187723.690999557,False,False,False,False,257171.84833455647,False,True,False,False
2025-07-28 17:00:00+00:00,82.995,83.1,82.71,83.045,222086.0,,83.85453679363877,78.30892516079103,74.49664933973087,74.37370037031603,71.23648696302743,69.94902982732313,68.67641280543778,67.41248183725432,,79.88752081095024,75.16724920237947,73.75445790574078,74.78802395012653,74.51059585275065,71.6795829749042,70.6264253702908,69.75426694462948,68.05435969857508,,75.16724920237947,71.6795829749042,65.93255676739474,73.32533563575686,"rgba(38, 166, 154, 1.0)",5.197753805406812,76.23352933175694,1.3104642742327708,61.47559673697027,5.906101093785026,False,False,True,False,True,11.226414859225631,0.0,0.0,0.0,0.0,0,0.8769238558120697,0.8319663831510735,False,False,False,False,0.29867685835353364,0.3163045017388627,False,False,False,False,11036087.0,8231884.362456929,False,False,False,False,256627.88169371063,False,False,False,False
2025-07-29 17:00:00+00:00,82.585,82.785,82.46,82.625,165694.0,,83.64211838749056,78.36322747833977,74.53961326906486,74.40393436606014,71.26620714617073,69.97927327721494,68.70587706067661,67.44057613893993,,79.9382370433123,75.23090164126155,73.81387373658121,74.82309854219208,74.54438336856025,71.70893051542548,70.65652912304624,69.78446553927346,68.08297259282844,,75.23090164126155,71.70893051542548,65.96032719371372,73.34848348390813,"rgba(38, 166, 154, 1.0)",5.093645816377702,76.26363583052859,1.2488823131395577,59.40411521197559,5.906101093785026,False,False,True,False,False,10.448543385400804,0.0,0.0,0.0,0.0,0,0.87380487433745,0.8342167330273136,False,False,False,False,0.28992377376064726,0.303114137749755,False,False,False,False,10870393.0,8272791.4731165115,False,False,False,False,255218.05407055232,False,False,False,False
2025-07-30 17:00:00+00:00,82.85,82.9,81.3,81.79,362132.0,,83.1915596244025,78.46049995803394,74.624791519068,74.4642672910145,71.32707053385144,70.04162071318072,68.76696105708324,67.49909825257723,,80.0183879162688,75.35482491940425,73.93195542717633,74.89260153954501,74.61160408544741,71.7688747663083,70.71838123223368,69.84677760153531,68.14243948718406,,75.35482491940425,71.7688747663083,66.01842971542449,73.39186564260675,"rgba(38, 166, 154, 1.0)",4.943250266595609,76.31382566211101,1.1078084342390386,56.12254100126885,5.906101093785026,False,True,True,False,False,8.912841029169975,0.0,0.0,0.0,0.0,0,0.8671722917456707,0.8354695992921252,False,False,False,False,0.2738465652527438,0.2884803515012494,False,False,False,False,10508261.0,8307449.915393774,False,False,False,False,256875.63462759802,False,False,False,False
2025-07-31 17:00:00+00:00,80.87,81.125,80.33,80.625,235841.0,,82.8134790146368,78.49876252422051,74.66960198496234,74.49633662659788,71.36154164171006,70.07748938126406,68.80255199697172,67.5335551546434,,80.03508026803154,75.41775502506754,73.99490694339839,74.92897392317559,74.6471221669146,71.80261259226401,70.75368812341172,69.88270135143964,68.17727744638475,,75.41775502506754,71.80261259226401,66.05297540287255,73.40549624500557,"rgba(38, 166, 154, 0.5)",4.785322780870322,76.32243027489372,0.8991179742996895,51.63233238420921,8.561345183144894,False,True,False,False,False,6.8193467957873075,0.0,0.0,0.0,0.0,0,0.8671045982819606,0.8390096008084892,False,False,False,False,0.23224246413160496,0.2603614078164272,False,False,False,False,10272420.0,8337914.567868289,False,False,False,False,256549.51626127868,False,False,False,False
2025-08-01 17:00:00+00:00,78.17,78.215,77.405,77.78,264813.0,,82.08527750490127,78.48557114210246,74.6953431800321,74.51532463754803,71.38803882925356,70.10657881800023,68.8326001390999,67.56357168250753,,79.97469009885653,75.44887464668825,74.03427460558716,74.94904631532783,74.66766266345917,71.8279625786225,70.78158193659223,69.91203558520276,68.20717561161268,,75.44887464668825,71.8279625786225,66.08394389204504,73.38091823384673,#000000,4.589823724264274,76.27147428112355,0.3286674629575812,44.70223389273515,2.1371438121923703,False,True,False,True,False,2.0304440765090455,0.0,0.0,0.0,0.0,0,0.8591874075745044,0.8478832994962029,False,False,False,False,0.14618993161902513,0.20327566971772615,False,False,False,False,10007607.0,8363801.272242424,False,False,False,False,256677.6322882356,False,False,False,False
2025-08-04 17:00:00+00:00,77.58,77.69,77.34,77.585,193005.0,,81.65000606511806,78.4727148949074,74.71228026699772,74.52793527004673,71.40643139630667,70.12692611539055,68.85373878120303,67.58478202561831,,79.92763854070462,75.46858051739959,74.06049942098412,74.96217327338155,74.68122889326723,71.84550030666183,70.80102040327785,69.93257412443225,68.22825844644373,,75.46858051739959,71.84550030666183,66.10591033232112,73.36719345542008,#000000,4.350857664232853,76.23869574549897,0.30943422157166856,39.867257223673064,-2.1879574296080193,False,True,False,True,False,1.7163972052748768,0.0,0.0,0.0,0.0,0,0.8556752819430838,0.8540426493858791,False,False,False,False,0.1376274999033685,0.17045158481054734,False,False,False,False,9814602.0,8386294.306781301,False,False,False,False,255690.45969461952,False,False,False,False
2025-08-05 17:00:00+00:00,77.605,78.245,77.53,77.98,257875.0,,81.22683791627476,78.46284074611485,74.73759839101253,74.54672735509708,71.43234710793107,70.15532401147284,68.88305136650546,67.61405745849989,,79.87709616390381,75.49906553612205,74.09869420669939,74.98206262734968,74.70154028118338,71.87031806689106,70.8282734242461,69.96120619612906,68.25742279081942,,75.49906553612205,71.87031806689106,66.13609984100766,73.36085080272073,#000000,4.176748949097028,76.21115869854572,0.42349715604446214,37.70195400629492,-4.128201465669619,False,True,False,True,False,2.3287911146932103,0.0,0.0,0.0,0.0,0,0.8549533652634232,0.8558104360978072,False,False,False,False,0.14844286858058225,0.1594472266955648,False,False,False,False,10072477.0,8412436.674118025,False,False,False,False,255724.3285365634,False,False,False,False
2025-08-06 17:00:00+00:00,78.12,78.305,77.56,77.62,254435.0,,80.88485492822315,78.45188279372756,74.76149407366825,74.56457618397016,71.45736371644404,70.1828184346479,68.91150147516035,67.64252937165061,,79.8274801297073,75.52731767844826,74.1347747570862,75.00083257551933,74.72077869552184,71.89424531974423,70.85462036948502,69.98893854845886,68.28576007325135,,75.52731767844826,71.89424531974423,66.16550939144958,73.35833936027731,#000000,4.043992883455754,76.18862663248777,0.3539505159289673,35.762898838569285,-6.056107021701514,False,True,False,True,False,1.732466769368422,0.0,0.0,0.0,0.0,0,0.8580803109462155,0.8550263749021986,False,False,False,False,0.14975171089994085,0.15459946879775283,False,False,False,False,9818042.0,8434229.004751854,False,False,False,False,255704.33894684922,False,False,False,False
2025-08-07 17:00:00+00:00,77.145,77.29,76.805,77.08,174229.0,,80.63818018660017,78.43559535213573,74.77358998772674,74.57382969442911,71.47232490480249,70.19964763110576,68.92920572083244,67.66046769671964,77.05833333333334,79.78230733995048,75.53992906882674,74.15401427817099,75.01008197873941,74.73058599789212,71.90840768457457,70.87056835796444,70.00596206587166,68.30350997368383,77.05833333333334,75.53992906882674,71.90840768457457,66.18423895235314,73.5581411807422,#000000,3.9482728291409495,76.51549350771744,0.14297555328905281,33.72711325825617,-8.208418058088498,False,True,False,True,False,0.8373297147408962,1.0,77.29,76.805,0.0,0,0.8611415048728978,0.8549835873686357,False,False,True,False,0.12409867495433258,0.1393490718760427,False,False,False,False,9643813.0,8452982.244988259,False,False,False,False,254441.15539728568,False,False,True,False
2025-08-08 17:00:00+00:00,77.82,78.18,77.595,77.83,257856.0,,80.39693546972448,78.42594989216072,74.79752412191941,74.59182340158695,71.49751067216106,70.22732759225103,68.95786373312716,67.68916845877462,77.54171822288053,79.73718794700521,75.56797281580775,74.18984116653566,75.02897280901682,74.74994906819475,71.93250011589211,70.89709126837684,70.03388315689911,68.33206641685652,77.54171822288053,75.56797281580775,71.93250011589211,66.21389649758517,73.58862701828727,#000000,3.8536416765405828,76.53007702535214,0.3373232603750534,34.679201856304154,-8.208418058088498,False,True,False,True,False,2.043519587243196,0.0,0.0,0.0,0.0,0,0.8583845880140293,0.855131398363239,False,False,False,False,0.14844286858058225,0.14389597022831246,False,False,False,False,9901669.0,8475442.504755883,False,False,False,False,254494.09872445953,False,False,False,False
2025-08-11 17:00:00+00:00,77.34,77.835,77.225,77.6,281081.0,,80.15036889649821,78.41007024084735,74.82056242872953,74.60935090734108,71.52339359873606,70.2560394058292,68.98779738600449,67.71930851317883,77.54629610076758,79.68247550207592,75.5937008458044,74.22483826588821,75.04702951772519,74.76868095347886,71.9571596700067,70.92447890496544,70.0628793661238,68.36197948042467,77.54629610076758,75.5937008458044,71.9571596700067,66.24518508000536,73.59146722135698,#000000,3.7451855256610407,76.51111785254781,0.29074184442705003,34.91320992191992,-8.208418058088498,False,True,False,True,False,1.653395993352099,0.0,0.0,0.0,0.0,0,0.8589834815756034,0.855222363405337,False,False,False,False,0.1380623838145916,0.14097917702145202,False,False,False,False,9620588.0,8493196.698480597,False,False,False,False,254906.29874423533,False,False,False,False
2025-08-12 17:00:00+00:00,79.395,79.535,79.18,79.435,269275.0,,80.09154009745772,78.42674679513084,74.8568142897733,74.63626606052439,71.55544517467726,70.29018010610099,69.02236385739928,67.75335147135597,78.04980542173355,79.67546410993126,75.64017060319883,74.27575043477394,75.07654198972337,74.79803251664742,71.98824050624037,70.95769075176987,70.09718420132347,68.39612409701998,78.04980542173355,75.64017060319883,71.98824050624037,66.27982258606953,73.6437618047101,"rgba(38, 166, 154, 0.5)",3.6808671655045413,76.55832728194423,0.7815203832984456,39.97517312295277,-8.208418058088498,False,True,False,True,True,4.5573128211119425,0.0,0.0,0.0,0.0,0,0.8644820883088031,0.8514301582893643,False,False,False,False,0.19148766640165357,0.1662334217115528,False,False,False,False,9889863.0,8514850.439589424,False,False,False,False,255129.06930634018,False,False,False,False
2025-08-13 17:00:00+00:00,78.065,78.3,77.63,77.915,274465.0,,79.93614389138241,78.41853475726963,74.8816491450363,74.65519026252618,71.58190681966937,70.31926669101098,69.0525137013501,67.78359038555435,78.0276474109175,79.63516555760775,75.66866347367093,74.31232793607134,75.09632659403701,74.81832469711188,72.01355812198496,70.98555548886358,70.12652799168158,68.42619267039446,78.0276474109175,75.66866347367093,72.01355812198496,66.31109441943829,73.6521714220078,#000000,3.604456732065552,76.54947188184241,0.37884436398133037,40.425911358721635,-8.208418058088498,False,True,False,True,True,1.9811689819378948,0.0,0.0,0.0,0.0,0,0.8587992135907647,0.8575641478046078,False,False,False,False,0.15069730247727123,0.15846536209441203,False,False,False,False,9615398.0,8531913.192464007,False,False,False,False,255428.85117755973,False,False,False,False
2025-08-14 17:00:00+00:00,78.905,79.575,78.88,79.375,262716.0,,79.89334480989383,78.43240626046453,74.91518606732903,74.6803282194838,71.61227348201129,70.35171366285218,69.08546364506431,67.81612789613412,78.24358094096208,79.62733380706317,75.71079767013183,74.35920741213667,75.12371275464095,74.84564466278023,72.04297046337648,71.0170689641071,70.15914613875437,68.45878764664424,78.24358094096208,75.71079767013183,72.04297046337648,66.34426984383909,73.68750525021278,"rgba(38, 166, 154, 0.5)",3.5480060597467062,76.5780095278306,0.7883274225211093,43.8379498294901,-12.922579617361635,False,True,False,True,True,4.22731941857743,0.0,0.0,0.0,0.0,0,0.8593710943358496,0.8515472679098137,False,False,False,False,0.18765488068782807,0.17306012139112004,False,False,False,False,9878114.0,8552784.522813402,False,False,False,False,255541.83022907042,False,False,False,False
2025-08-15 17:00:00+00:00,77.485,77.73,77.01,77.12,427744.0,,79.64423214175335,78.40302499515344,74.94428768689924,74.70320780705305,71.64850088772921,70.39237477699888,69.12827208960157,67.85958120779772,78.03339223511827,79.5469387846735,75.74020159613647,74.40353591702049,75.14654015146178,74.86975839002514,72.07731739483984,71.05562934507431,70.20027570437536,68.50175481857295,78.03339223511827,75.74020159613647,72.07731739483984,66.38966705108521,73.68326810723802,#000000,3.519958208955348,76.54213330259073,0.1641686244851118,42.45528303893797,-12.922579617361635,False,True,False,True,True,0.563905629992167,0.0,0.0,0.0,0.0,0,0.8543094032370171,0.8565187171085298,False,False,False,False,0.13342626297780388,0.15324319218446197,False,False,False,False,9450370.0,8566700.576723272,False,False,False,False,258211.63131079022,False,False,False,False
2025-08-18 17:00:00+00:00,77.365,77.595,77.195,77.48,171527.0,,79.56226243929284,78.3930530617351,74.95642713060445,74.71274957341969,71.6632476039308,70.40886699069013,69.1455986339105,67.87714534181902,77.98400721508825,79.51808710847448,75.75270172440501,74.42176183797577,75.15613519972803,74.87983403456849,72.09132261692551,71.07129553116035,70.21695130529282,68.51913378109896,77.98400721508825,75.75270172440501,72.09132261692551,66.4079928605641,73.68503228500668,#000000,3.4916806854304934,76.5324876933151,0.27136281694901876,42.28618586349437,-12.922579617361635,False,True,False,True,True,1.120405917397587,0.0,0.0,0.0,0.0,0,0.8558981233243969,0.8555754145566482,False,False,False,False,0.13415027614238484,0.1436967341634234,False,False,False,False,9621897.0,8583060.211192677,False,False,False,False,256867.6835385299,False,False,False,False
2025-08-19 17:00:00+00:00,77.25,77.56,77.025,77.54,223109.0,,79.46206752330947,78.37975057545458,74.97173450172008,74.72484152155222,71.68215665632876,70.43005634581738,69.16789668238032,67.89977991632155,77.92599061614807,79.48087246339092,75.76822332403836,74.44476558777436,75.16823184339664,74.89257449291324,72.10926595620234,71.09140373527835,70.23838205964415,68.54151577538045,77.92599061614807,75.76822332403836,72.10926595620234,66.43163456711663,73.6877505320584,#000000,3.455917658866342,76.52061733860381,0.29496728858134463,42.308351154922065,-12.922579617361635,False,True,False,True,True,1.2142219688041074,0.0,0.0,0.0,0.0,0,0.8585035374115647,0.8535286617834558,False,False,False,False,0.13118270216440553,0.13743971816391448,False,False,False,False,9845006.0,8602625.262181938,False,False,False,False,256344.29309607207,False,False,False,False
2025-08-20 17:00:00+00:00,77.785,78.475,77.75,78.185,285680.0,,79.38863301465987,78.37575043495917,74.99717720259923,74.74456931109478,71.7094018147034,70.4599558444517,69.19890584843952,67.93092247142063,77.94889518911852,79.45163418279402,75.7968877560192,74.48122442695878,75.18880984424032,74.91364676421848,72.13536204348574,71.12006313738466,70.26854520402571,68.5724670907691,77.94889518911852,75.7968877560192,72.13536204348574,66.46385481883881,73.70460286563016,#000000,3.413729269072443,76.52413311426528,0.4865256600111115,43.817201041522196,-11.470264961879252,False,True,False,True,True,2.2278997957489537,0.0,0.0,0.0,0.0,0,0.865951675290099,0.8492490078866733,False,False,False,False,0.15499222279947414,0.14621597048169432,False,False,False,False,10130686.0,8626316.126334155,False,False,False,False,256799.11025737328,False,False,False,False
2025-08-21 17:00:00+00:00,77.835,77.98,77.695,77.805,170572.0,,79.33861596409162,78.37040799947981,75.01069342205845,74.75517329713254,71.72478045952987,70.4769812380998,69.21667994710873,67.94886462482712,77.94144455614108,79.43080104356876,75.81145005618639,74.50083458096435,75.1996831329099,74.92490080373382,72.15003656103507,71.13631289575592,70.28573997743491,68.5902563729061,77.94144455614108,75.81145005618639,72.15003656103507,66.4824995806275,73.71186982960914,#000000,3.372660867078645,76.5225303648852,0.3802545484585488,44.05800559168743,-10.79312302081182,False,True,False,True,True,1.5953026491186506,0.0,0.0,0.0,0.0,0,0.8656971770744227,0.8439339807779401,False,False,False,False,0.14698919104782163,0.14660258076475796,False,False,False,False,9960114.0,8646995.163135177,False,False,False,False,255462.25583477833,False,False,False,False
2025-08-22 17:00:00+00:00,79.06,79.24,78.885,79.07,184832.0,,79.32944017826743,78.37765477851556,75.03157152022362,74.77118125465451,71.74472195760929,70.49843481370476,69.23861570558569,67.97066163534441,78.01106004821852,79.42578879620149,75.83654839310539,74.52964227113253,75.21687126617894,74.94216040836316,72.16930291774852,71.15707523221275,70.30732937970456,68.6120298952474,78.01106004821852,75.83654839310539,72.16930291774852,66.50483200608181,73.7316716917788,"rgba(38, 166, 154, 0.5)",3.314266354484477,76.53753253089467,0.7641110273707149,47.0853987092417,-7.595168140335602,False,True,False,True,True,3.582488876640543,0.0,0.0,0.0,0.0,0,0.8746814040931689,0.837358366770132,False,False,False,False,0.1827980119141471,0.16470029633945255,False,False,False,False,10144946.0,8670219.207117576,False,False,False,False,254367.2131086577,False,False,False,False
2025-08-25 17:00:00+00:00,79.635,80.495,79.505,80.185,260799.0,,79.36252259831855,78.40208584404458,75.06785718447895,74.798763540226,71.77648189871987,70.53202497053148,69.27252401955299,68.00402227252997,78.17592290725473,79.43784952684605,75.88204232528705,74.57847480531161,75.24707992090123,74.97209888906367,72.20020882928556,71.18985576294871,70.34105849135695,68.64551362515992,78.17592290725473,75.88204232528705,72.20020882928556,66.53869846002758,73.77146596732321,"rgba(38, 166, 154, 1.0)",3.304212742370897,76.57558691055489,1.0923670389501685,51.18546566233322,-3.608725680300097,False,True,True,False,True,5.280067662368502,0.0,0.0,0.0,0.0,0,0.871468605619935,0.8364260647832564,False,False,False,False,0.21051464716456203,0.1876074717520073,False,False,False,False,10405745.0,8697126.583751412,False,False,False,False,254466.93073488006,False,False,False,False
2025-08-26 17:00:00+00:00,80.975,81.63,80.885,81.515,185283.0,,79.42412581975809,78.43209164125686,75.09985461946687,74.8229148036254,71.80236628796887,70.55893615867777,69.29933155910189,68.03011890770081,78.34706275982978,79.46318457715948,75.92350239207258,74.6206345990802,75.27396609535984,74.99845943051832,72.22557484170537,71.21634150193871,70.36802058985525,68.67184051491124,78.34706275982978,75.92350239207258,72.22557484170537,66.56492667237119,73.80990706111042,"rgba(38, 166, 154, 1.0)",3.3192562419914733,76.6171083642108,1.4755991338742174,55.972794661536824,0.8189183971326344,False,False,True,False,True,7.240474822847283,0.0,0.0,0.0,0.0,0,0.8745490779748242,0.8318659973260011,False,False,False,False,0.24820729657936927,0.21790738416568828,False,False,False,False,10591028.0,8726489.396406429,False,False,False,False,253394.3116537191,False,False,False,False
2025-08-27 17:00:00+00:00,82.905,83.205,82.535,82.58,351719.0,82.77333333333334,79.6108290453993,78.51456578069687,75.1734139424921,74.87822144628205,71.85842578662442,70.61637949308746,69.35589689474328,68.08466877306549,78.7588189058987,79.54467358752196,76.02081314339576,74.7159567160158,75.336229107109,75.05904744571136,72.28083305168109,71.27328670397821,70.42546179719112,68.7271232870722,78.7588189058987,76.02081314339576,72.28083305168109,66.619253390947,74.3688409600684,"rgba(0, 255, 255, 0.75)",3.351086037485458,77.37902267112256,1.5520273937162417,60.54519710940656,4.9100373008582,True,False,True,False,True,8.762305800331411,0.0,0.0,0.0,0.0,0,0.8764135702746366,0.8331482229402266,False,False,False,False,0.29759001484575515,0.2577486995057217,False,False,False,False,10942747.0,8760849.979407879,False,False,False,False,254918.72542652965,False,False,False,False
2025-08-28 17:00:00+00:00,82.255,82.36,81.935,81.95,229275.0,82.50038408600892,79.69746797578583,78.55820075991707,75.2163151073923,74.91073942128462,71.89236560904537,70.6514211018794,69.3906274579829,68.11834714195824,78.94879774474613,79.58474342642678,76.07642562679169,74.77167147398845,75.37253962066707,75.09454126889779,72.3141895084075,71.3078918827379,70.4605390026579,68.76116459115484,78.94879774474613,76.07642562679169,72.3141895084075,66.6529637546584,74.40149330567003,"rgba(38, 166, 154, 1.0)",3.365291876555995,77.41492205506401,1.3476031533933823,61.872358342022636,6.021867334302343,True,False,True,False,True,7.641935947157975,0.0,0.0,0.0,0.0,0,0.8757358750222993,0.8369224496037109,False,False,False,False,0.2753023201022903,0.266525509804006,False,False,False,False,10713472.0,8791123.189029463,False,False,False,False,254521.14828813382,False,False,False,False
2025-08-29 17:00:00+00:00,82.56,82.725,81.94,82.165,206378.0,82.44174553451228,79.77638390958036,78.59869880028823,75.25556269516935,74.94054902614279,71.92330480780348,70.68331552761306,69.42220572776796,68.14894527800794,79.11167985480986,79.62247777341568,76.1272160134396,74.82242495142285,75.4058315137428,75.12706811947868,72.34461674324889,71.33941255656966,70.49245988347408,68.79210461821428,79.11167985480986,76.1272160134396,72.34461674324889,66.68356403435884,74.44084228077378,"rgba(38, 166, 154, 1.0)",3.3859354370370296,77.45925924722799,1.389790455334235,63.08417824855337,7.208712923018773,True,False,True,False,True,7.9542244845552865,0.0,0.0,0.0,0.0,0,0.8902784638984947,0.8224695145732046,False,False,False,False,0.2809830295884824,0.2737542696962442,False,False,False,False,10919850.0,8824126.705478618,False,False,False,False,253774.74288831776,False,False,False,False
2025-09-01 17:00:00+00:00,82.165,82.165,82.165,82.165,0.0,82.44174553451228,79.77638390958036,78.59869880028823,75.25556269516935,74.94054902614279,71.92330480780348,70.68331552761306,69.42220572776796,68.14894527800794,79.11167985480986,79.62247777341568,76.1272160134396,74.82242495142285,75.4058315137428,75.12706811947868,72.34461674324889,71.33941255656966,70.49245988347408,68.79210461821428,79.11167985480986,76.1272160134396,72.34461674324889,66.68356403435884,74.44084228077378,"rgba(38, 166, 154, 1.0)",3.402635005695048,77.45925924722799,1.382969594122184,63.89205818624053,8.154839916557442,True,False,True,False,True,7.9542244845552865,0.0,0.0,0.0,0.0,0,0.8890260883272469,0.8220318944907129,False,False,False,False,0.27583893758729916,0.2747966036417717,False,False,False,False,10919850.0,8856618.539502205,False,False,False,False,249840.2507505144,False,False,False,False
2025-09-02 17:00:00+00:00,81.48,81.785,81.245,81.75,180735.0,82.28335624574555,79.82379912488052,78.62699123383774,75.28626655228125,74.96404398201224,71.94847037464996,70.70946571266111,69.44827011541223,68.1743422529405,79.21367976189799,79.64637838059686,76.1661497710207,74.86228857085905,75.43185070593299,75.15261290984823,72.36928823611875,71.36515291663268,70.51866037664946,68.81771695666319,79.21367976189799,76.1661497710207,72.36928823611875,66.70909380648375,74.46362022003375,"rgba(38, 166, 154, 1.0)",3.404965802635391,77.4826666152818,1.253267619138891,63.04861040606858,8.154839916557442,True,False,True,False,True,7.188390895535612,0.0,0.0,0.0,0.0,0,0.8968630046326936,0.8180807412309732,False,False,False,False,0.25600830022137433,0.265402451931573,False,False,False,False,10739115.0,8885804.53113783,False,False,False,False,248768.8515140723,False,False,False,False
2025-09-03 17:00:00+00:00,80.245,80.615,80.015,80.515,153101.0,82.0236804529876,79.83586463804436,78.64092270999961,75.3070918797587,74.98020312794857,71.96702065922652,70.72906451249808,69.46806807577441,68.19384531463793,79.25297760522061,79.65385506203837,76.19143235418208,74.88967876600648,75.4494201898405,75.17005332349002,72.38735294259277,71.384285628757,70.53834059670305,68.8372830485544,79.25297760522061,76.19143235418208,72.38735294259277,66.72889687754869,74.46844425727689,"rgba(38, 166, 154, 0.5)",3.353754581479113,77.48321728311947,0.903996593436904,58.91004427594497,8.154839916557442,True,False,True,False,False,4.947134257638236,0.0,0.0,0.0,0.0,0,0.9090154052243806,0.8151373074346956,False,False,False,False,0.2198973864128164,0.2426499191721947,False,False,False,False,10586014.0,8912164.367864374,False,False,False,False,247285.62900997815,False,False,False,False
2025-09-04 17:00:00+00:00,81.745,82.125,81.58,81.83,313409.0,81.98464560111397,79.92104567037086,78.69216575351258,75.3613378349466,75.02186388138934,72.01130077263684,70.77498282269454,69.5137774129581,68.23834603946875,79.42000043758789,79.6985345884186,76.26000124544368,74.95962526770556,75.49555609861481,75.21531804009926,72.43080258371965,71.42952851040054,70.58433638449478,68.88218143908702,79.42000043758789,76.26000124544368,72.43080258371965,66.77358270771036,74.52080791498229,"rgba(38, 166, 154, 1.0)",3.316701611025014,77.53950458316669,1.2936030792071609,59.0006800611489,8.154839916557442,True,False,True,False,False,6.962988196687597,0.0,0.0,0.0,0.0,0,0.9355553731220757,0.8056536135511592,False,False,False,False,0.26627945718356544,0.25446468817788004,False,False,False,False,10899423.0,8942974.579215314,False,False,False,False,248310.7975524591,False,False,False,False
2025-09-05 17:00:00+00:00,79.62,79.695,78.855,78.965,526511.0,81.22943515500602,79.8712202820384,78.704711685539,75.41371901276034,75.06374493268704,72.06482045337135,70.8328510576182,69.5733277178069,68.29789495998635,79.39574379898,79.68108411333654,76.31814219506187,75.0296032688159,75.53957227051905,75.25988191433002,72.4824294392742,71.48537575077755,70.6426244978742,68.94150241498032,79.39574379898,76.31814219506187,72.4824294392742,66.83485005525242,74.517246574777,#000000,3.2439393844104223,77.51062764324114,0.44833524440938205,53.182818896609795,8.795182645885532,False,False,False,False,False,2.034739971942667,0.0,0.0,0.0,0.0,0,0.9254530142084818,0.8095846124589098,False,False,False,False,0.18905468414939458,0.2217596861636373,False,False,False,False,10372912.0,8965144.15163058,False,False,False,False,252623.97898575428,False,False,False,False
2025-09-08 17:00:00+00:00,79.125,79.38,78.55,79.15,320488.0,80.92002249867345,79.83836914780132,78.70975888787066,75.44370095605252,75.08794129846193,72.09635129916147,70.86708089771784,69.60867567842297,68.33334679267597,79.37503126774422,79.66815121040031,76.3506682083291,75.0696202543126,75.56480347186084,75.28553242419068,72.5127965534334,71.51834340807788,70.67712210267922,68.97677039145033,79.37503126774422,76.3506682083291,72.5127965534334,66.87141314185132,74.52126772364825,#000000,3.1674905405263103,77.76432196338521,0.4374687213381693,49.71707030419079,5.610961653520448,False,False,False,False,False,2.322675165074017,0.0,0.0,0.0,0.0,0,0.9183137147549961,0.8176019709827541,False,False,False,False,0.17993206219800123,0.20084587418081928,False,False,False,False,10693400.0,8991938.815946385,False,False,False,False,253676.13435031622,False,False,False,False
2025-09-09 17:00:00+00:00,80.805,81.125,80.44,80.74,330081.0,80.90085116624681,79.87419024790177,78.7424684548732,75.48882420969716,75.12343891734899,72.13661532464734,70.90949917225352,69.6514880658589,68.37552297289022,79.45116316923709,79.69009762666153,76.4046392893985,75.12778149754728,75.60329424118966,75.32371815802514,72.55206357231995,71.55980456297418,70.71970654447112,69.01908753158936,79.45116316923709,76.4046392893985,72.55206357231995,66.9142051222089,74.56075024869115,"rgba(38, 166, 154, 0.5)",3.121363264765888,77.85421237686948,0.9245279636963224,50.64927229772985,5.610961653520448,False,False,False,False,False,4.753764895454708,0.0,0.0,0.0,0.0,0,0.9249422318879983,0.8112817724616015,False,False,False,False,0.23389366296579503,0.21736976857330714,False,False,False,False,11023481.0,9023435.593993727,False,False,False,False,254860.70591077642,False,False,False,False
2025-09-10 17:00:00+00:00,80.545,80.735,80.045,80.3,376704.0,80.8326739712419,79.89464692045382,78.7712779629601,75.53548415454333,75.16052068876809,72.17995982140732,70.95548025497574,69.69816798724194,68.42173370957217,79.50451085735634,79.70500887990666,76.45902949464836,75.18802264147718,75.64311354546724,75.3634327502194,72.59421841682925,71.6045920019716,70.76591176797166,69.06534667078766,79.50451085735634,76.45902949464836,72.59421841682925,66.96129054746878,74.59700697356841,"rgba(38, 166, 154, 0.5)",3.0617895726824065,77.89226567460955,0.7863813852109555,50.390743862286456,5.610961653520448,False,False,False,False,False,4.007488357777369,0.0,0.0,0.0,0.0,0,0.9210822689191049,0.8187336904271395,False,False,False,False,0.2221369404136392,0.21975335449347316,False,False,False,False,10646777.0,9048603.677807778,False,False,False,False,256749.7492299892,False,False,False,False
2025-09-11 17:00:00+00:00,80.94,81.39,80.88,81.26,312646.0,80.86525391943827,79.93793792122774,78.80631668064115,75.57997741759043,75.19567190576149,72.2191451833136,70.99658842364941,69.73954606738502,68.46242177319819,79.5821893305043,79.73170279430364,76.51226279526165,75.24470634531222,75.68129365776585,75.40123150030725,72.63250383406854,71.64485369835744,70.80716058865967,69.10620926371612,79.5821893305043,76.51226279526165,72.63250383406854,67.00248612736648,74.63931437370853,"rgba(38, 166, 154, 1.0)",3.024787499050758,77.94778927979645,1.0950226160492245,52.0537144751506,5.610961653520448,False,False,True,False,True,5.456257324920429,0.0,0.0,0.0,0.0,0,0.9211610281195083,0.8162895430579967,False,False,False,False,0.24450656019485173,0.23212995734416245,False,False,False,False,10959423.0,9078228.7835782,False,False,False,False,257616.35776905913,False,False,False,False
2025-09-12 17:00:00+00:00,81.24,81.64,81.205,81.465,226944.0,80.90201101278318,79.97379500507591,78.83383831959733,75.61331720207822,75.2220293693803,72.24819540045294,71.02697840080214,69.77007383993772,68.49239491664808,79.6426827739599,79.75385952130647,76.55226976277707,75.28695861555696,75.70997521524754,75.42958385204786,72.6609204315795,71.67465882508132,70.8376438178582,69.13633357614441,79.6426827739599,76.55226976277707,72.6609204315795,67.03278577762687,74.671974729385,"rgba(38, 166, 154, 1.0)",2.990321147898146,77.98909927989727,1.1623837535128592,53.54474871868656,5.610961653520448,True,False,True,False,True,5.764132226190423,0.0,0.0,0.0,0.0,0,0.9234960647256318,0.8126479167813312,False,False,False,False,0.2532025333777115,0.24266624536093695,False,False,False,False,11186367.0,9110913.097011097,False,False,False,False,257140.81733853105,False,False,False,False
2025-09-15 17:00:00+00:00,81.455,81.61,81.13,81.435,241181.0,80.9333429977017,80.00895177415224,78.86196730402793,75.64806436527037,75.24959633528756,72.27871779096715,71.05894274745677,69.80221809080345,68.52398675049577,79.70128262951367,79.77617060755347,76.59369490833491,75.33091005613242,75.73990732316946,75.4592007885568,72.69076550361471,71.70599039804615,70.86971158465323,69.1680702453268,79.70128262951367,76.59369490833491,72.69076550361471,67.06474694961256,74.70534169479288,"rgba(38, 166, 154, 1.0)",2.9533307231598145,78.02810417399071,1.153577484327322,54.459355090663024,5.610961653520448,True,False,True,False,True,5.710775513581147,0.0,0.0,0.0,0.0,0,0.9180597347598354,0.8208235818566816,False,False,False,False,0.251611808533784,0.24713902694736048,False,False,False,False,10945186.0,9139351.43659232,False,False,False,False,256893.3783100267,False,False,False,False
2025-09-16 17:00:00+00:00,81.115,81.585,81.035,81.39,290071.0,80.96216425821267,80.04739997457628,78.89427156407415,75.68891066283204,75.2821328675768,72.31493862048835,71.09692317816926,69.84046121734183,68.56161668591841,79.7646308462503,79.80132559141298,76.64202707654646,75.38246766661818,75.77514558398067,75.4941073029697,72.72616612499132,71.7431941467279,70.907822386815,69.20585245877406,79.7646308462503,76.64202707654646,72.72616612499132,67.10285218291348,74.74376622180401,"rgba(38, 166, 154, 1.0)",2.9303333420440083,78.06999949117491,1.132977078474381,54.93658470875237,5.610961653520448,True,False,True,False,True,5.629243474996809,0.0,0.0,0.0,0.0,0,0.9167711205815997,0.8152419152669846,False,False,False,False,0.24979536265955704,0.24846719480345875,False,False,False,False,10655115.0,9162851.64687771,False,False,False,False,257407.76004165417,False,False,False,False
2025-09-17 17:00:00+00:00,81.665,82.715,81.445,82.335,221050.0,81.02428309931119,80.09312159992393,78.92648738124062,75.72415393719608,75.31005529096065,72.34486348957391,71.12800453784848,69.87152236626426,68.59199444476388,79.83345558009829,79.83000913215012,76.68458548268676,75.42655067522817,75.80565797372546,75.52416290295868,72.75552586318524,71.77378435839827,70.93897109876504,69.23644271963651,79.83345558009829,76.68458548268676,72.75552586318524,67.13343606470461,74.78019115441661,"rgba(38, 166, 154, 1.0)",2.9105934071905826,78.11548744206671,1.449708690849445,57.357097229938745,2.6981359483322365,True,False,True,False,True,7.099068814592755,0.0,0.0,0.0,0.0,0,0.9189743589743593,0.8098960498960501,False,False,False,False,0.2732339548242053,0.260850574813832,False,False,False,False,10876165.0,9189414.644600535,False,False,False,False,256844.07383945797,False,False,False,False
2025-09-18 17:00:00+00:00,82.83,83.52,82.66,83.5,286660.0,81.1625230315851,80.1784703639709,78.98072187433888,75.7767305430197,75.35148585379065,72.38756695414887,71.17190439144377,69.91502894244417,68.6342527922989,79.95510179956841,79.88263414045822,76.74931265747459,75.49174530660079,75.85132931089846,75.56890536202773,72.79759427295168,71.81721346668064,70.98290522673094,69.27913807021089,79.95510179956841,76.74931265747459,72.79759427295168,67.17570131406802,74.83866128213911,"rgba(0, 255, 255, 0.75)",2.8956958242028117,78.19481514338463,1.8320932786771182,61.056081375744775,6.310558376808942,True,False,True,False,True,8.861893398750937,0.0,0.0,0.0,0.0,0,0.9224706897992151,0.8092678715642323,False,False,False,False,0.30443307175659456,0.28264182328521326,False,False,False,False,11162825.0,9220010.153986573,False,False,False,False,257306.33626055164,False,False,False,False
2025-09-19 17:00:00+00:00,84.195,84.925,84.035,84.62,350818.0,81.40251024159792,80.31873392250274,79.06502181151983,75.85113461351344,75.4098758262145,72.44558762452313,71.23094521448621,69.9730508496815,68.69021594031662,80.14724256440995,79.96904990785188,76.84235708055,75.58322615164225,75.91618128378147,75.63213573619483,72.85498086778655,71.87592142755678,71.04191031214422,69.33587308230135,80.14724256440995,76.84235708055,72.85498086778655,67.23128982009527,74.92557655045131,"rgba(0, 255, 0, 1.0)",2.925483943949375,78.31805076048686,2.1541561533937457,65.11845003849874,10.101111594154176,True,False,True,False,True,10.50448244403373,0.0,0.0,0.0,0.0,0,0.925828365451269,0.8051850824899494,False,False,False,False,0.34282825124646626,0.31273503726583973,False,False,False,False,11513643.0,9255570.353149572,False,False,False,False,258756.12949682216,False,False,False,False
2025-09-22 17:00:00+00:00,84.775,85.28,84.34,85.165,479122.0,81.71552356451511,80.51324286045806,79.18426553019788,75.9553407670625,75.4918913677014,72.52654285213646,71.3131512942964,70.05371917816969,68.7679351849147,80.40678368602559,80.09195841478821,76.97234908455152,75.71069084202335,76.00726026445271,75.72089816559235,72.93512035872239,71.95774792322736,71.12404533905122,69.41470991805036,80.40678368602559,76.97234908455152,72.93512035872239,67.30838553177915,75.04543034715459,"rgba(0, 255, 0, 1.0)",2.9650408471426664,78.48312053868516,2.2535539325719594,68.51105787506955,13.181190299780113,True,False,True,False,True,11.290145231186838,0.0,0.0,0.0,0.0,0,0.9336553408838555,0.8013268931823233,False,False,False,False,0.3428282512905858,0.32778164427821277,False,False,False,False,11992765.0,9298007.479457332,False,False,False,False,262172.65462090244,False,False,False,False
2025-09-23 17:00:00+00:00,85.1,85.1,83.66,84.365,372696.0,81.88731677709913,80.63597091208408,79.2651031090743,76.0298626177526,75.55103418611418,72.58601584273657,71.37384681904508,70.1135576517825,68.82582589001267,80.56755957643698,80.17296700803053,77.0637778335067,75.80165380292517,76.07252906530529,75.7847011109096,72.99388446704488,72.01800729374824,71.18473297484056,69.4733181264512,80.56755957643698,77.0637778335067,72.99388446704488,67.3660245104995,75.12640342446845,"rgba(0, 255, 255, 0.75)",2.964767865363958,78.58640070356586,1.949089965505529,67.95014013523672,13.181190299780113,True,False,True,False,True,9.743885546083792,0.0,0.0,0.0,0.0,0,0.9357815964523283,0.7995288248337034,False,False,False,False,0.32945009552487337,0.32861586990154307,False,False,False,False,11620069.0,9334008.433264194,False,False,False,False,263886.19485933805,False,False,False,False
2025-09-24 17:00:00+00:00,84.015,84.22,83.655,84.09,228058.0,81.96720704636334,80.69992021766525,79.30968876068027,76.07273360862209,75.58526879120839,72.62093066210008,71.40961353322453,70.14894159491661,68.8601630671393,80.65031656503284,80.21661940784901,77.11571856813181,75.85391121916045,76.1101314299347,75.82154458948159,73.02833466932286,72.05344845203838,71.22051462277194,69.50803068694626,80.65031656503284,77.11571856813181,73.02833466932286,67.40030556972886,75.17121249960998,"rgba(0, 255, 255, 0.75)",2.942955553076982,78.6404944084134,1.851711822792878,66.64776016697712,13.181190299780113,True,False,True,False,False,9.214557342888646,0.0,0.0,0.0,0.0,0,0.9394396913269588,0.7977129117038532,False,False,False,False,0.3158008319398538,0.32220835092069844,False,False,False,False,11392011.0,9365915.449802734,False,False,False,False,263330.718970046,False,False,False,False
2025-09-25 17:00:00+00:00,83.915,84.36,83.66,84.305,177805.0,82.02885483497131,80.74986892774237,79.34474688785676,76.10634068284082,75.61214602762306,72.64828974890945,71.43762327329863,70.17664178609822,68.88703778035706,80.71433291044657,80.25102703053014,77.1563743247744,75.89478732314856,76.13964390739461,75.85045946641524,73.05533673609662,72.08121119083636,71.24853416737766,69.53520262855328,80.71433291044657,77.1563743247744,73.05533673609662,67.42712743562258,75.20623471764584,"rgba(0, 255, 255, 0.75)",2.8942143233611426,78.68262834372742,1.9426245011955967,66.20334217056879,13.181190299780113,True,False,True,False,False,9.540744915421516,0.0,0.0,0.0,0.0,0,0.9351669941060906,0.8029188885770421,False,False,False,False,0.31802924236687796,0.3201187966437882,False,False,False,False,11569816.0,9400084.450580986,False,False,False,False,262004.73883097546,False,False,False,False
2025-09-26 17:00:00+00:00,85.315,85.37,84.94,85.015,167608.0,82.11022648085728,80.80925683163706,79.384168378597,76.14169097700442,75.64029093363513,72.67620079785871,71.46598867444912,70.20451996812211,68.91394330560935,80.78969644298789,80.29117425455834,77.19971878797071,75.93759659315505,76.17073135667725,75.88081032574561,73.08296200848123,72.10943117002249,71.27688071818957,69.56247508720747,80.78969644298789,77.19971878797071,73.08296200848123,67.45384333193,75.24461911014558,"rgba(0, 255, 0, 1.0)",2.797207788923384,79.32338265166523,2.034749570937459,67.24960597503292,13.181190299780113,True,False,True,False,False,10.616481964399945,0.0,0.0,0.0,0.0,0,0.9453026082552547,0.7980923440533473,False,False,False,False,0.3428282513354162,0.33147352398960217,False,False,False,False,11737424.0,9436322.273052597,False,False,False,False,260541.22350026265,False,False,False,False
2025-09-29 17:00:00+00:00,84.435,84.795,84.135,84.695,224821.0,82.19345557925504,80.87624991780123,79.43105567464264,76.18570518977178,75.67553830033144,72.71174596508634,71.50227952679904,70.24033571629293,68.9486352485072,80.87407351242685,80.33778145434597,77.25300921099016,75.99088819808145,76.20947118451059,75.91872934473378,73.1180821345335,72.14545081808362,71.31317146122011,69.59757935275215,80.87407351242685,77.25300921099016,73.1180821345335,67.48840601341956,75.2906967257982,"rgba(0, 255, 255, 0.75)",2.7073787928413613,79.35683158429387,1.9717109515007238,66.66189956023399,13.181190299780113,True,False,True,False,False,9.974255805495236,0.0,0.0,0.0,0.0,0,0.9353193168367063,0.8052533679048538,False,False,False,False,0.32172127568551395,0.3265973998375581,False,False,False,False,11512603.0,9468512.67192,False,False,False,False,259987.42158552987,False,False,False,False
2025-09-30 17:00:00+00:00,82.765,84.05,82.66,83.825,178743.0,82.22837986203668,80.91332895291842,79.46033801194048,76.21609767719099,75.70013054417598,72.73740707106036,71.52872118594436,70.26664180281846,68.9742925538454,80.92040418753975,80.36521155952654,77.28891894865313,76.02774150503511,76.23624031820415,75.94506772968072,73.14334723771782,72.17157237570535,71.33964734187407,69.62345611736525,80.92040418753975,77.28891894865313,73.14334723771782,67.51413163762017,75.3203655254333,"rgba(0, 255, 255, 0.75)",2.5645452541063816,79.36266308945599,1.740010983779234,63.09730555606042,17.683782599116057,True,False,True,False,False,8.241983229772373,0.0,0.0,0.0,0.0,0,0.93656954179459,0.7989631002722593,False,False,False,False,0.28833081525282833,0.3074641075451932,False,False,False,False,11333860.0,9497432.785533644,False,False,False,False,258727.8181500953,False,False,False,False
2025-10-01 17:00:00+00:00,81.895,82.025,80.775,80.845,558892.0,82.1508535246974,80.92604096371745,79.49884468380452,76.28011208880893,75.7537212905751,72.79992600915786,71.59494955452534,70.33408004330516,69.04135490000533,80.93574206267584,80.38757124633993,77.35811269565838,76.10602075518663,76.29266265720952,76.00161323909987,73.20423479857178,72.23609402277367,71.40621422994495,69.69047192434701,80.93574206267584,77.35811269565838,73.20423479857178,67.58256804653817,75.36834845738974,"rgba(38, 166, 154, 0.5)",2.467348852586427,79.28585701401144,0.6319102320509595,54.02315454883113,9.327669127866649,False,False,False,False,False,2.705290949551067,0.0,0.0,0.0,0.0,0,0.930649228784236,0.7884581549469245,False,False,False,False,0.22782675714486766,0.26764543234503047,False,False,False,False,10774968.0,9517239.533044752,False,False,False,False,263381.5263958302,False,False,False,False
2025-10-02 17:00:00+00:00,80.485,80.72,80.235,80.49,386368.0,82.06700925611982,80.91346236702354,79.51353230314618,76.31698085525412,75.78527079368367,72.83889000239446,71.63675701128182,70.37710771552668,69.08452087800094,80.91996655846947,80.38925224703945,77.39571119403392,76.15119770989462,76.32522568627168,76.03460002348844,73.2419884209847,72.27656369346658,71.44830899635295,69.73343016026742,80.91996655846947,77.39571119403392,73.2419884209847,67.62695697370876,75.39209346698422,"rgba(38, 166, 154, 0.5)",2.3637473112307372,79.2490200067019,0.5250053537456818,47.42476821032416,3.6364848630760847,False,True,False,True,False,2.0820624458807515,0.0,0.0,0.0,0.0,0,0.9257415473968061,0.8003378078051387,False,False,False,False,0.1971124459708342,0.23237893915793234,False,False,False,False,10388600.0,9530748.997648709,False,False,False,False,265288.293428453,False,False,False,False
2025-10-03 17:00:00+00:00,81.31,81.335,80.59,80.68,254502.0,82.02861879538699,80.91263631711399,79.52673880734933,76.34313714024773,75.80751571171973,72.86562811131937,71.6652760294293,70.40632837784203,69.11373558578539,80.9188113831643,80.39482433157994,77.4230285825012,76.18306165976686,76.34836971764828,76.05793074997514,73.26796042317541,72.30425093791378,71.47700206705944,69.76255181736241,80.9188113831643,77.4230285825012,73.26796042317541,67.65690409890406,75.41091613401794,"rgba(38, 166, 154, 0.5)",2.275490882591257,79.24295847048182,0.6315303394587657,43.61553187694148,0.5403128241000985,False,True,False,True,False,2.400066102904251,0.0,0.0,0.0,0.0,0,0.9245424542454248,0.7986198619861989,False,False,False,False,0.21044023011095653,0.22140958463444443,False,False,False,False,10643102.0,9547994.7806309,False,False,False,False,265121.0640729731,False,False,False,False
2025-10-06 17:00:00+00:00,80.51,80.95,80.35,80.695,341335.0,81.9724572979713,80.90670267520079,79.54142816559012,76.37619400147689,75.83585994934847,72.90030652234314,71.70241089144028,70.44450744191896,69.15201746015964,80.91141738050092,80.39897408451417,77.45687575935276,76.22330183956282,76.37766267771559,76.08756252180302,73.3015927898476,72.34023075389312,71.51438427461181,69.8006603823193,80.91141738050092,77.45687575935276,73.3015927898476,67.69624189467,75.43392351945108,"rgba(38, 166, 154, 0.5)",2.228692468044054,79.23433868377768,0.6553893536976954,41.12688443742721,-1.5200999609288175,False,True,False,True,False,2.4255633324532084,0.0,0.0,0.0,0.0,0,0.9286833855799375,0.8131974921630098,False,False,False,False,0.20090882708389435,0.2111592058591694,False,False,False,False,10984437.0,9570265.202636622,False,False,False,False,266302.6754826944,False,False,False,False
2025-10-07 17:00:00+00:00,80.84,81.15,80.765,81.135,220523.0,81.94768440507035,80.908379003393,79.55362621244842,76.39901239763512,75.85531756765828,72.92355466068835,71.72717471251359,70.46986619814439,69.17736657313345,80.91336167867318,80.40504330812708,77.48072592046734,76.25094551163781,76.39791227286813,76.1079598387699,73.3241891657618,72.36428669776103,71.53929606772608,69.8259318368082,80.91336167867318,77.48072592046734,73.3241891657618,67.72221594986553,75.4511386331203,"rgba(38, 166, 154, 0.5)",2.2036513249970686,79.23715919727641,0.8612255401730206,41.01958075009392,-1.6367237247238933,False,True,False,True,False,3.18054123129048,0.0,0.0,0.0,0.0,0,0.9326049120092829,0.8003932185908599,False,False,False,False,0.2095731185467241,0.21036616220294674,False,False,False,False,11204960.0,9595609.3080221,False,False,False,False,265592.91307211004,False,False,False,False
2025-10-08 17:00:00+00:00,80.925,80.96,79.54,79.74,278788.0,81.88842799176483,80.89271626517507,79.55907156878271,76.42175373594792,75.87528165145004,72.94937575284459,71.755155877506,70.49891972880626,69.20673549486354,80.89434338856054,80.4010552569518,77.50255704336035,76.27866033463826,76.41811992700754,76.12863137636882,73.34911164673792,72.39123663249761,71.56750936773753,69.85505731476115,80.89434338856054,77.50255704336035,73.34911164673792,67.75260472468037,75.46493265030328,#000000,2.1974124279200646,79.2230927623352,0.2352345108715293,38.14087917342951,-4.527267813664707,False,True,False,True,False,0.6350641005196955,0.0,0.0,0.0,0.0,0,0.9212326556953857,0.7996127783155861,False,False,False,False,0.18264791536763963,0.1965070387852932,False,False,False,False,10926172.0,9616238.186967494,False,False,False,False,265797.4880632401,False,False,False,False
2025-10-09 17:00:00+00:00,79.9,80.035,79.32,79.89,133211.0,81.85646875595205,80.88246989667108,79.56000250404585,76.4315449251645,75.88400724731041,72.96107714417242,71.76792977012013,70.51226178553623,69.22028646578637,80.88198157264343,80.39725095418864,77.51153375105517,76.29061880714784,76.426830013582,76.13761019815345,73.36037174293796,72.4034949225617,71.58040190262781,69.86846624018757,80.88198157264343,77.51153375105517,73.36037174293796,67.76668318742331,75.47024255788655,#000000,2.198024598391544,79.2142685985828,0.3074266784419417,36.77073929186044,-6.061247035449995,False,True,False,True,False,0.899780591076194,0.0,0.0,0.0,0.0,0,0.915195951206852,0.8103101479366732,False,False,False,False,0.16266485619731896,0.17958594749130607,False,False,False,False,11059383.0,9638612.525154045,False,False,False,False,263741.88359714334,False,False,False,False
2025-10-10 17:00:00+00:00,78.77,79.21,77.64,77.65,481739.0,81.66741057984724,80.79729154331844,79.5356509447565,76.44981923338966,75.90245445546978,72.99327612718041,71.80469752254955,70.55198387793686,69.26168345847383,80.78003645568273,80.3512063722976,77.52086884907655,76.31371408476218,76.44313206028926,76.1556500891039,73.3907625520365,72.4380130881752,71.61772554948456,69.90894116123421,80.78003645568273,77.52086884907655,73.3907625520365,67.81063670333782,75.4675956844771,"rgba(239, 83, 80, 0.5)",2.2250450790046434,79.13755126968499,-0.6685488234469522,32.563365054170276,-10.239461574017099,False,True,False,True,False,0.0,0.0,0.0,0.0,0.0,0,0.9003950521339296,0.8210931934460208,False,False,False,False,0.1232779817319305,0.15143196461161829,False,False,False,False,10577644.0,9653171.152671035,False,False,False,False,267121.6838514512,False,False,False,False
2025-10-13 17:00:00+00:00,77.65,79.185,77.65,78.9,502657.0,81.51064097910754,80.72697541578324,79.51850590591152,76.4729559051204,75.92482976921775,73.02909119999728,71.84506750109671,70.59521071061897,69.30644956755407,80.69703679276795,80.3138260856416,77.53636078414971,76.34243454155657,76.46380522891799,76.17791833631156,73.42476419330707,72.47614876108055,71.65864139919101,69.95283928897064,80.69703679276795,77.53636078414971,73.42476419330707,67.85791183645357,75.47228959822642,#000000,2.2362797734685174,79.0832395248583,-0.08193944560616657,33.65696671724911,-10.239461574017099,False,True,False,True,False,0.0,0.0,0.0,0.0,0.0,0,0.9078960147625371,0.8199358995111532,False,False,False,False,0.12304339357673348,0.1372376790941759,False,False,False,False,11080301.0,9675297.19681567,False,False,False,False,270773.3941793357,False,False,False,False
2025-10-14 17:00:00+00:00,84.885,86.075,84.115,84.56,613556.0,81.70932407033716,80.88299836289649,79.63398915569545,76.58352043630416,76.01567943477397,73.12141800060387,71.93947357029417,70.68874252610294,69.39747049768967,80.8826617906195,80.42931429264715,77.66601873928616,76.473142600933,76.56253587303068,76.27487455850326,73.51597567125405,72.56974995382758,71.75309113643362,70.04475854798714,80.8826617906195,77.66601873928616,73.51597567125405,67.94884421118184,75.58656522206422,"rgba(0, 255, 0, 1.0)",2.273197319647643,79.25077465931136,2.3355761045467,43.79375526545449,-13.873426728504775,False,True,False,True,True,8.023413200891326,0.0,0.0,0.0,0.0,0,0.9150686645603281,0.821315731848469,False,False,False,False,0.3407552380312815,0.2389964585627287,False,False,False,False,11693857.0,9706592.697640233,False,False,False,False,276087.8531843072,False,False,False,False
2025-10-15 17:00:00+00:00,86.57,86.67,85.84,86.48,712085.0,82.00230999939448,81.10866414751541,79.79621339961216,76.72942118744615,76.13522410700506,73.2394150594324,72.05909263718333,70.80640611616089,69.51128634420026,81.14726710378181,80.59627945255946,77.83914144944171,76.64450152906439,76.69317100934177,76.4027052097738,73.63293597854897,72.68886620610742,71.87262446244732,70.1600376181435,81.14726710378181,77.83914144944171,73.63293597854897,68.0618610464337,75.74029279037684,"rgba(0, 255, 0, 1.0)",2.3539516765419517,79.47744152333055,2.9748097832477534,52.27338658713136,-6.338190096531633,False,False,True,False,True,10.613823812054765,0.0,0.0,0.0,0.0,0,0.9181203495013743,0.8056130167649513,False,False,False,False,0.34282825112687076,0.2909123548447997,False,False,False,False,12405942.0,9748443.074421003,False,False,False,False,282847.4988713722,False,False,False,False
2025-10-16 17:00:00+00:00,85.155,85.305,83.005,83.995,399592.0,82.07444201678803,81.17666575266648,79.85396166001067,76.79083435827937,76.18670232570287,73.29359619471812,72.11500488182352,70.86229465595366,69.56611371206199,81.22566216947871,80.65106961263058,77.90858442672956,76.71654766752448,76.7483591615294,76.45724046480102,73.68628336663699,72.7440380256404,71.928639817447,70.21519872929854,81.22566216947871,77.90858442672956,73.68628336663699,68.11701269676047,75.80006521051165,"rgba(0, 255, 255, 0.75)",2.361257122423851,79.54783593915646,1.883388309816296,53.932198101394775,-5.1052092677584255,False,False,True,False,True,6.45325115100686,0.0,0.0,0.0,0.0,0,0.90534076714499,0.8093410108765198,False,False,False,False,0.26834457677858786,0.27962846581169376,False,False,False,False,12006350.0,9783449.383344708,False,False,False,False,284657.4911369323,False,False,False,False
