date,Open,High,Low,Close,Volume,Gap_Up_aVWAP_852,Gap_Up_aVWAP_834,Gap_Up_aVWAP_828,Gap_Up_aVWAP_804,Gap_Up_aVWAP_780,Gap_Up_aVWAP_720,Gap_Up_aVWAP_702,Gap_Up_aVWAP_696,Gap_Up_aVWAP_678,Gap_Up_aVWAP_660,Gap_Down_aVWAP_882,Gap_Down_aVWAP_864,Gap_Down_aVWAP_846,Gap_Down_aVWAP_792,Gap_Down_aVWAP_762,Gap_Down_aVWAP_726,Gap_Down_aVWAP_714,Gap_Down_aVWAP_684,Gap_Down_aVWAP_648,Gap_Down_aVWAP_630,aVWAP_OB_bull_768,aVWAP_OB_bull_486,aVWAP_OB_bull_443,aVWAP_OB_bull_2,color,Liquidity,Liquidity_Level,StDev,StDev_Mean,StdDev_ZScore,OB,OB_High,OB_Low,OB_Mitigated_Index,FVG,FVG_High,FVG_Low,FVG_Mitigated_Index,QQEMOD,QQE1_Value,QQE1_Above_Upper,QQE1_Below_Lower,QQE2_Above_Threshold,QQE2_Below_Threshold,QQE2_Above_TL,banker_RSI,TTM_squeeze_Active,VI_plus,VI_minus,VI_Regular_Bullish,VI_Regular_Bearish,VI_Hidden_Bullish,VI_Hidden_Bearish,Fisher,Fisher_Signal,Fisher_Regular_Bullish,Fisher_Regular_Bearish,Fisher_Hidden_Bullish,Fisher_Hidden_Bearish,OBV,OBV_Smoothed,OBV_Regular_Bullish,OBV_Regular_Bearish,OBV_Hidden_Bullish,OBV_Hidden_Bearish,Volume_MA,Vol_Regular_Bullish,Vol_Regular_Bearish,Vol_Hidden_Bullish,Vol_Hidden_Bearish
2025-03-07 15:00:00+00:00,101.94,102.455,101.245,101.245,7563.0,,,,,,,,,,,,,,,,,,,,,,,,,"rgba(38, 166, 154, 1.0)",0.0,0.0,,,,0.0,0.0,0.0,0.0,0.0,0.0,0.0,0.0,,,False,False,False,False,False,,0,,,False,False,False,False,,,False,False,False,False,0.0,0.0,False,False,False,False,7563.0,False,False,False,False
2025-03-07 16:00:00+00:00,101.245,101.39,100.8,101.01,3806.0,,,,,,,,,,,,,,,,,,,,,,,,,"rgba(239, 83, 80, 1.0)",0.0,0.0,,,,0.0,0.0,0.0,0.0,0.0,0.0,0.0,0.0,0.0,,False,False,False,True,False,,0,,,False,False,False,False,,,False,False,False,False,-3806.0,-59.007751937984494,False,False,False,False,7504.751937984496,False,False,False,False
2025-03-07 17:00:00+00:00,101.04,101.94,100.73,101.88,4734.0,,,,,,,,,,,,,,,,,,,,,,,,101.51666666666667,"rgba(38, 166, 154, 1.0)",0.0,0.0,,,,1.0,101.94,100.73,11.0,0.0,0.0,0.0,0.0,26.879505664263597,-90.3192584963954,False,False,False,True,True,,0,,,False,False,False,False,,,False,False,False,False,928.0,-43.705306171504105,False,False,False,False,7461.794543597139,False,False,False,False
2025-03-07 18:00:00+00:00,101.88,103.0,101.88,102.66,4503.0,,,,,,,,,,,,,,,,,,,,,,,,102.00253762043953,"rgba(38, 166, 154, 1.0)",0.0,0.0,,,,0.0,0.0,0.0,0.0,0.0,0.0,0.0,0.0,47.6939143729858,-68.89834009211906,False,False,True,False,True,,0,,,False,False,False,False,,,False,False,False,False,5431.0,41.17384586216262,False,False,False,False,7415.9217599754775,False,False,False,False
2025-03-07 19:00:00+00:00,102.7,103.13,102.28,102.33,4276.0,,,,,,,,,,,,,,,,,,,,,,,,102.18526752016577,"rgba(239, 83, 80, 1.0)",0.0,0.0,,,,0.0,0.0,0.0,0.0,0.0,0.0,0.0,0.0,56.33212339724277,-58.072095586528945,False,False,True,False,True,,0,,,False,False,False,False,,,False,False,False,False,1155.0,58.44246840693529,False,False,False,False,7367.240802456478,False,False,False,False
2025-03-07 20:00:00+00:00,102.305,102.89,102.28,102.55,12109.0,,,,,,,,,,,,,,,,,,,,,,,,102.36866807170922,"rgba(38, 166, 154, 1.0)",0.0,0.0,,,,0.0,0.0,0.0,0.0,0.0,0.0,0.0,0.0,63.116364757036926,-47.98976689531013,False,False,True,False,True,,0,,,False,False,False,False,,,False,False,False,False,13264.0,263.1797944781456,False,False,False,False,7440.756448930021,False,False,False,False
2025-03-10 14:00:00+00:00,103.75,104.88,103.53,104.88,7949.0,,,,,,,,,,,,,,,,,,,,,,,,102.85675384508455,"rgba(38, 166, 154, 1.0)",0.0,0.0,,,,0.0,0.0,0.0,0.0,0.0,0.0,0.0,0.0,72.15756481477149,-35.29766568514336,False,False,True,False,True,,0,,,False,False,False,False,,,False,False,False,False,21213.0,587.9832085172441,False,False,False,False,7448.63619390785,False,False,False,False
2025-03-10 15:00:00+00:00,104.835,105.16,104.745,105.16,1792.0,,,,,,,,,,,,,,,,,,,,,,,,102.9664595763934,"rgba(38, 166, 154, 1.0)",0.0,0.0,,,,0.0,0.0,0.0,0.0,0.0,0.0,0.0,0.0,78.42210860289669,-25.024790318277475,False,False,True,False,True,,0,,,False,False,False,False,,,False,False,False,False,23005.0,935.5338564472092,False,False,False,False,7360.93640795579,False,False,False,False
2025-03-10 16:00:00+00:00,105.16,105.16,105.16,105.16,0.0,,,,,,,,,,,,,,,,,,,,,,,,102.9664595763934,"rgba(38, 166, 154, 1.0)",0.0,0.0,,,,0.0,0.0,0.0,0.0,0.0,0.0,0.0,0.0,82.59847112831349,-16.56285587816135,False,False,True,False,True,,0,,,False,False,False,False,,,False,False,False,False,23005.0,1277.6961222387254,False,False,False,False,7246.813362871204,False,False,False,False
2025-03-10 17:00:00+00:00,105.16,105.16,102.49,102.525,4855.0,,,,,,,,,,,,,,,,,,,,,,,,103.01778933976495,"rgba(239, 83, 80, 1.0)",0.0,0.0,,,,0.0,0.0,0.0,0.0,0.0,0.0,0.0,0.0,71.29590660740479,-16.56285587816135,False,False,True,False,True,,0,,,False,False,False,False,,,False,False,False,False,18150.0,1539.282228870683,False,False,False,False,7209.7309851522705,False,False,False,False
2025-03-10 18:00:00+00:00,102.59,102.71,101.865,101.955,8693.0,,,,,,,,,,,,,,,,,,,,,,,,102.8682957821349,"rgba(239, 83, 80, 1.0)",0.0,0.0,,,,0.0,0.0,0.0,0.0,0.0,0.0,0.0,0.0,62.11204604161182,-16.56285587816135,False,False,True,False,True,,0,,,False,False,False,False,,,False,False,False,False,9457.0,1662.0375431517577,False,False,False,False,7232.727403987119,False,False,False,False
2025-03-10 19:00:00+00:00,101.99,102.64,101.69,102.19,26319.0,,,,,,,,,,,,,,,,,,,,,,,,102.62516516017546,"rgba(38, 166, 154, 1.0)",0.0,0.0,,,,0.0,0.0,0.0,0.0,0.0,0.0,0.0,0.0,56.83327690314284,-16.56285587816135,False,False,True,False,False,,0,,,False,False,False,False,,,False,False,False,False,35776.0,2190.936185893591,False,False,False,False,7528.638607026078,False,False,False,False
2025-03-11 14:00:00+00:00,101.26,101.635,100.57,100.59,4639.0,,,,,,,,,,,,,,,,,,,,,,,,102.52680234717684,"rgba(239, 83, 80, 1.0)",0.0,0.0,,,,0.0,0.0,0.0,0.0,0.0,0.0,0.0,0.0,49.36026425528917,-16.56285587816135,False,False,False,True,False,,0,,,False,False,False,False,,,False,False,False,False,31137.0,2639.712369058031,False,False,False,False,7483.838008467534,False,False,False,False
2025-03-11 15:00:00+00:00,100.43,100.95,100.19,100.28,5500.0,,,,,,,,,,,,,,,,,,,,,,,,102.39450514823882,"rgba(239, 83, 80, 1.0)",0.0,0.0,,,,0.0,0.0,0.0,0.0,0.0,0.0,0.0,0.0,43.77125840450468,-16.56285587816135,False,False,False,True,False,,0,,,False,False,False,False,,,False,False,False,False,25637.0,2996.259464111395,False,False,False,False,7453.08083004168,False,False,False,False
2025-03-11 16:00:00+00:00,100.25,100.31,99.11,99.175,4968.0,,,,,,,,,,,,,,,,,,,,,,,,102.23706598625148,"rgba(239, 83, 80, 1.0)",0.0,0.0,,,,0.0,0.0,0.0,0.0,0.0,0.0,0.0,0.0,38.143479931005245,-16.56285587816135,False,False,False,True,False,,0,,,False,False,False,False,,,False,False,False,False,20669.0,3270.2554414119936,False,False,False,False,7414.552445079793,False,False,False,False
2025-03-11 17:00:00+00:00,99.11,99.37,98.88,99.125,3269.0,,,,,,,,,,,,,,,,,,,,,,,,102.12838338354379,"rgba(239, 83, 80, 1.0)",0.0,0.0,,,,0.0,0.0,0.0,0.0,0.0,0.0,0.0,0.0,34.31246936628029,-16.56285587816135,False,False,False,True,False,,0,,,False,False,False,False,,,False,False,False,False,17400.0,3489.321248521885,False,False,False,False,7350.280314148323,False,False,False,False
2025-03-11 18:00:00+00:00,99.115,100.28,99.115,100.0,3289.0,,,,,,,,,,,,,,,,,,,,,,,,102.04929225794245,"rgba(239, 83, 80, 1.0)",0.0,0.0,,,,0.0,0.0,0.0,0.0,0.0,0.0,0.0,0.0,35.380084076714326,-16.56285587816135,False,False,False,True,False,,0,,,False,False,False,False,,,False,False,False,False,20689.0,3755.982934591313,False,False,False,False,7287.314727882457,False,False,False,False
2025-03-11 19:00:00+00:00,100.0,100.01,98.82,99.23,13630.0,,,,,,,,,,,,,,,,,,,,,,,,101.71682521299857,"rgba(239, 83, 80, 1.0)",0.0,0.0,,,,0.0,0.0,0.0,0.0,0.0,0.0,0.0,0.0,34.49255982660326,-16.56285587816135,False,False,False,True,False,,0,,,False,False,False,False,,,False,False,False,False,7059.0,3807.1925014968742,False,False,False,False,7385.650933651721,False,False,False,False
2025-03-12 14:00:00+00:00,98.31,98.72,97.97,98.16,4265.0,,,,,,,,,,,,,,,,,,,,,,,,101.58925449371316,"rgba(239, 83, 80, 1.0)",0.0,0.0,,,,0.0,0.0,0.0,0.0,0.0,0.0,0.0,0.0,32.083762889041246,3.0229807221568734,False,False,False,True,False,,0,,,False,False,False,False,,,False,False,False,False,2794.0,3791.484090620954,False,False,False,False,7337.268748633865,False,False,False,False
2025-03-12 15:00:00+00:00,98.25,98.345,97.78,98.01,6088.0,,,,,,,,,,,,,,,,,,,,,,,,101.41074871633658,"rgba(239, 83, 80, 1.0)",0.0,0.0,,,,0.0,0.0,0.0,0.0,0.0,0.0,0.0,0.0,30.245184924594408,-0.9875837155246217,False,False,False,True,False,,0,,,False,False,False,False,,,False,False,False,False,-3294.0,3681.6316240996985,False,False,False,False,7317.900240903107,False,False,False,False
2025-03-12 16:00:00+00:00,98.01,98.24,97.88,97.97,3783.0,,,,,,,,,,,,,,,,,,,,,,,,101.30815550439459,"rgba(239, 83, 80, 1.0)",0.0,0.0,,,,0.0,0.0,0.0,0.0,0.0,0.0,0.0,0.0,28.951958395330422,-4.292248189127619,False,False,False,True,False,,0,,,False,False,False,False,,,False,False,False,False,-7077.0,3514.8311338035787,False,False,False,False,7263.095586005385,False,False,False,False
2025-03-12 17:00:00+00:00,97.94,98.5,97.83,97.93,3642.0,,,,,,,,,,,,,,,,,,,,,,,,101.2167105471683,"rgba(239, 83, 80, 1.0)",0.0,0.0,,,,0.0,0.0,0.0,0.0,0.0,0.0,0.0,0.0,28.015080762367127,-7.092990079793239,False,False,False,True,False,,0,,,False,False,False,False,,,False,False,False,False,-10719.0,3294.1515813415076,False,False,False,False,7206.954569168091,False,False,False,False
2025-03-12 18:00:00+00:00,97.91,98.69,97.785,98.675,8032.0,,,,,,,,,,,,,,,,,,,,,,,,101.04978579723966,"rgba(239, 83, 80, 1.0)",0.0,0.0,,,,0.0,0.0,0.0,0.0,0.0,0.0,0.0,0.0,31.113430070112393,-7.092990079793239,False,False,False,True,False,,0,,,False,False,False,False,,,False,False,False,False,-2687.0,3201.4205490726467,False,False,False,False,7219.745971196493,False,False,False,False
2025-03-12 19:00:00+00:00,98.65,98.92,98.2,98.505,20141.0,,,,,,,,,,,,,,,,,,,,,,,,100.72695017127229,"rgba(239, 83, 80, 1.0)",0.0,0.0,,,,0.0,0.0,0.0,0.0,0.0,0.0,0.0,0.0,32.71425024891069,-7.092990079793239,False,False,False,True,False,,0,,,False,False,False,False,,,False,False,False,False,-22828.0,2797.8636413350864,False,False,False,False,7420.075491022904,False,False,False,False
2025-03-13 14:00:00+00:00,98.94,99.165,98.42,98.615,2392.0,,,,,,,,,,,,,,,,,,,,,,,,100.69693322968335,"rgba(239, 83, 80, 1.0)",0.0,0.0,,,,0.0,0.0,0.0,0.0,0.0,0.0,0.0,0.0,34.34715509550668,-7.092990079793239,False,False,False,True,False,,0,,,False,False,False,False,,,False,False,False,False,-20436.0,2437.6487011593485,False,False,False,False,7342.120832247355,False,False,False,False
2025-03-13 15:00:00+00:00,98.615,98.68,97.66,97.69,3037.0,,,,,,,,,,,,,,,,,,,,,,,,100.64653196833535,"rgba(239, 83, 80, 1.0)",0.0,0.0,,,,0.0,0.0,0.0,0.0,0.0,0.0,0.0,0.0,32.92401195878062,-7.193992169899488,False,False,False,True,False,,0,,,False,False,False,False,,,False,False,False,False,-23473.0,2035.9332174204437,False,False,False,False,7275.374772832667,False,False,False,False
2025-03-13 16:00:00+00:00,97.66,97.97,97.48,97.73,4565.0,,,,,,,,,,,,,,,,,,,,,,,,100.56646237560321,"rgba(239, 83, 80, 1.0)",0.0,0.0,,,,0.0,0.0,0.0,0.0,0.0,0.0,0.0,0.0,32.200213524925765,-8.907225555395826,False,False,False,True,False,,0,,,False,False,False,False,,,False,False,False,False,-18908.0,1711.2210745147004,False,False,False,False,7233.353458525184,False,False,False,False
2025-03-13 17:00:00+00:00,97.78,97.78,97.285,97.48,3765.0,,,,,,,,,,,,,,,,,,,,,,,,100.49897475058988,"rgba(239, 83, 80, 1.0)",0.0,0.0,,,,0.0,0.0,0.0,0.0,0.0,0.0,0.0,0.0,31.06621070147411,-10.916768902340003,False,False,False,True,False,,0,,,False,False,False,False,,,False,False,False,False,-22673.0,1333.1711353749374,False,False,False,False,7179.580536687584,False,False,False,False
2025-03-13 18:00:00+00:00,97.48,97.705,97.105,97.14,4531.0,,,,,,,,,,,,,,,,,,,,,,,,100.4164699274077,"rgba(239, 83, 80, 1.0)",0.0,0.0,,,,0.0,0.0,0.0,0.0,0.0,0.0,0.0,0.0,29.4595220944653,-13.243815399530583,False,False,False,True,False,,0,,,False,False,False,False,,,False,False,False,False,-27204.0,890.7343735861787,False,False,False,False,7138.517272552893,False,False,False,False
2025-03-13 19:00:00+00:00,97.12,97.245,96.53,96.65,12228.0,,,,,,,,,,,,,,,,,,,,,,,,100.18052495445488,"rgba(239, 83, 80, 1.0)",0.0,0.0,,96.80833333333334,,0.0,0.0,0.0,0.0,0.0,0.0,0.0,0.0,27.28930179166676,-15.949909222005765,False,False,False,True,False,,0,,,False,False,False,False,,,False,False,False,False,-39432.0,265.57570112747817,False,False,False,False,7217.423981505561,False,False,False,False
2025-03-14 14:00:00+00:00,97.3,98.25,96.62,98.205,3589.0,,,,,,,,,,,,,,,,,,,,,,,,100.13365554640237,"rgba(239, 83, 80, 1.0)",0.0,0.0,,97.00876851910391,,0.0,0.0,0.0,0.0,0.0,0.0,0.0,0.0,33.79514496785468,-15.949909222005765,False,False,False,True,True,,0,,,False,False,False,False,,,False,False,False,False,-35843.0,-294.2471779597695,False,False,False,False,7161.169346133381,False,False,False,False
2025-03-14 15:00:00+00:00,98.205,98.85,98.15,98.8,2947.0,,,,,,,,,,,,,,,,,,,,,,,,100.11030163282179,"rgba(239, 83, 80, 1.0)",0.0,0.0,,97.2586810736872,,0.0,0.0,0.0,0.0,0.0,0.0,0.0,0.0,40.217765014065314,-16.974364346346356,False,False,False,True,True,,0,,,False,False,False,False,,,False,False,False,False,-32896.0,-799.7007100844241,False,False,False,False,7095.8333872786,False,False,False,False
2025-03-14 16:00:00+00:00,98.795,98.81,98.22,98.455,5758.0,,,,,,,,,,,,,,,,,,,,,,,,100.06363095118623,"rgba(239, 83, 80, 1.0)",0.0,0.0,,97.54898057526574,,0.0,0.0,0.0,0.0,0.0,0.0,0.0,0.0,43.23920725386297,-14.219635023959391,False,False,False,True,True,,0,,,False,False,False,False,,,False,False,False,False,-38654.0,-1386.5890711683865,False,False,False,False,7075.091784375055,False,False,False,False
2025-03-14 17:00:00+00:00,98.455,98.85,98.455,98.57,1545.0,,,,,,,,,,,,,,,,,,,,,,,,100.05256362251224,"rgba(239, 83, 80, 1.0)",0.0,0.0,,97.61275661436554,,0.0,0.0,0.0,0.0,0.0,0.0,0.0,0.0,45.69347324913845,-11.883138204241405,False,False,False,True,True,,0,,,False,False,False,False,,,False,False,False,False,-37109.0,-1940.4248995223647,False,False,False,False,6989.353927252961,False,False,False,False
2025-03-14 18:00:00+00:00,98.69,99.08,98.69,98.83,5083.0,,,,,,,,,,,,,,,,,,,,,,,,100.02328996613507,"rgba(239, 83, 80, 1.0)",0.0,0.0,,97.81736736222578,,0.0,0.0,0.0,0.0,0.0,0.0,0.0,0.0,48.35191771881491,-9.262845995754198,False,False,False,False,True,,0,,,False,False,False,False,,,False,False,False,False,-32026.0,-2406.8679243359716,False,False,False,False,6959.798052411829,False,False,False,False
2025-03-14 19:00:00+00:00,98.75,99.35,98.74,99.31,6636.0,,,,,,,,,,,,,,,,,,,,,,,,99.99550499015143,"rgba(38, 166, 154, 1.0)",0.0,0.0,,98.04847809594382,,0.0,0.0,0.0,0.0,0.0,0.0,0.0,0.0,51.88812670694405,-5.800084805016326,False,False,True,False,True,,0,,,False,False,False,False,,,False,False,False,False,-25390.0,-2763.195553416034,False,False,False,False,6954.777927568235,False,False,False,False
2025-03-17 14:00:00+00:00,99.93,100.82,99.83,100.68,3134.0,,,,,,,,,,,,,,,,,,,,,,,,100.00201210710632,"rgba(38, 166, 154, 1.0)",0.0,0.0,,98.2318963831867,,0.0,0.0,0.0,0.0,0.0,0.0,0.0,0.0,57.91632186407153,-0.1141872934535968,False,False,True,False,True,,0,,,False,False,False,False,,,False,False,False,False,-22256.0,-3065.4095758436924,False,False,False,False,6895.541060474154,False,False,False,False
2025-03-17 15:00:00+00:00,100.69,101.18,100.65,100.67,4383.0,,,,,,,,,,,,,,,,,,,,,,,,100.01856910029734,"rgba(38, 166, 154, 1.0)",0.0,0.0,,99.65845749729598,,0.0,0.0,0.0,0.0,0.0,0.0,0.0,0.0,61.88383784216424,3.5587269599694125,False,False,True,False,True,,0,,,False,False,False,False,,,False,False,False,False,-26639.0,-3430.8915979236353,False,False,False,False,6856.586935505562,False,False,False,False
2025-03-17 16:00:00+00:00,100.67,100.68,100.275,100.405,3820.0,,,,,,,,,,,,,,,,,,,,,,,,100.0259870590635,"rgba(38, 166, 154, 1.0)",0.0,0.0,,99.64656553786733,,0.0,0.0,0.0,0.0,0.0,0.0,0.0,0.0,63.097237362080556,4.795245859393283,False,False,True,False,True,,0,,,False,False,False,False,,,False,False,False,False,-30459.0,-3849.9320382659043,False,False,False,False,6809.508068288422,False,False,False,False
2025-03-17 17:00:00+00:00,100.415,100.73,100.35,100.53,3978.0,,,,,,,,,,,,,,,,,,,,,,,,100.03490227486502,"rgba(38, 166, 154, 1.0)",0.0,0.0,,99.69818368070356,,0.0,0.0,0.0,0.0,0.0,0.0,0.0,0.0,64.26944504687954,6.197108838704693,False,False,True,False,True,,0,,,False,False,False,False,,,False,False,False,False,-26481.0,-4200.801308990464,False,False,False,False,6765.6087183924765,False,False,False,False
2025-03-17 18:00:00+00:00,100.51,100.675,100.275,100.39,7607.0,,,,,,,,,,,,,,,,,,,,,,,,100.04820434527804,"rgba(38, 166, 154, 1.0)",0.0,0.0,,99.76986740692695,,0.0,0.0,0.0,0.0,0.0,0.0,0.0,0.0,64.20038318292242,6.591013625166809,False,False,True,False,True,,0,,,False,False,False,False,,,False,False,False,False,-34088.0,-4664.168730556504,False,False,False,False,6778.653544463911,False,False,False,False
2025-03-17 19:00:00+00:00,100.33,100.37,99.5,99.515,11865.0,,,,,,,,,,,,,,,,,,,,,,,,100.03605798115139,"rgba(38, 166, 154, 1.0)",0.0,0.0,,99.69401083760948,,0.0,0.0,0.0,0.0,0.0,0.0,0.0,0.0,59.623405149381874,6.591013625166809,True,False,True,False,False,,0,,,False,False,False,False,,,False,False,False,False,-45953.0,-5304.305649462604,False,False,False,False,6857.511629045866,False,False,False,False
2025-03-18 14:00:00+00:00,99.02,99.475,98.66,98.87,3145.0,,,,,,,,,,,,,,,,,,,,,,,,100.02307048221311,"rgba(38, 166, 154, 1.0)",0.0,0.0,,99.63432684028756,,0.0,0.0,0.0,0.0,0.0,0.0,0.0,0.0,54.05483637922418,11.687927015326167,True,False,True,False,False,,0,,,False,False,False,False,,,False,False,False,False,-49098.0,-5983.277654897292,False,False,False,False,6799.953309215698,False,False,False,False
2025-03-18 15:00:00+00:00,98.81,98.81,97.735,97.85,4481.0,,,,,,,,,,,,,,,,,,,,,,,,99.98982913341048,"rgba(239, 83, 80, 1.0)",0.0,0.0,,99.49152193019033,,0.0,0.0,0.0,0.0,0.0,0.0,0.0,0.0,47.334829606504435,5.441283191119673,True,False,False,True,False,,0,,,False,False,False,False,,,False,False,False,False,-53579.0,-6721.195830790357,False,False,False,False,6764.0005447317335,False,False,False,False
2025-03-18 16:00:00+00:00,97.68,98.09,97.67,97.89,5824.0,,,,,,,,,,,,,,,,,,,,,,,,99.94278638413944,"rgba(239, 83, 80, 1.0)",0.0,0.0,,99.32000306279521,,0.0,0.0,0.0,0.0,0.0,0.0,0.0,0.0,43.05732550262972,1.5702236412962947,False,False,False,True,False,,0,,,False,False,False,False,,,False,False,False,False,-47755.0,-7357.378841165701,False,False,False,False,6749.426892875428,False,False,False,False
2025-03-18 17:00:00+00:00,97.93,98.42,97.88,98.35,6508.0,,,,,,,,,,,,,,,,,,,,,,,,99.90075977283698,"rgba(239, 83, 80, 1.0)",0.0,0.0,,99.20217104930333,,0.0,0.0,0.0,0.0,0.0,0.0,0.0,0.0,42.525600220780625,1.011279476678304,False,False,False,True,False,,0,,,False,False,False,False,,,False,False,False,False,-41247.0,-7882.799324248403,False,False,False,False,6745.683840272708,False,False,False,False
2025-03-18 18:00:00+00:00,98.37,98.42,98.11,98.22,4904.0,,,,,,,,,,,,,,,,,,,,,,,,99.87101952233829,"rgba(239, 83, 80, 1.0)",0.0,0.0,,99.13187862357728,,0.0,0.0,0.0,0.0,0.0,0.0,0.0,0.0,41.71945668206163,-0.07109696337678884,False,False,False,True,False,,0,,,False,False,False,False,,,False,False,False,False,-46151.0,-8476.10476108176,False,False,False,False,6717.130602439022,False,False,False,False
2025-03-18 19:00:00+00:00,98.17,98.545,98.03,98.41,17464.0,,,,,,,,,,,,,,,,,,,,,,,,99.77801045460562,"rgba(239, 83, 80, 1.0)",0.0,0.0,,98.96591043645064,,0.0,0.0,0.0,0.0,0.0,0.0,0.0,0.0,42.200072053522064,-0.07109696337678884,False,False,False,True,False,,0,,,False,False,False,False,,,False,False,False,False,-28687.0,-8789.451974088244,False,False,False,False,6883.748732633766,False,False,False,False
2025-03-19 14:00:00+00:00,98.22,98.22,97.17,97.17,5211.0,,,,,,,,,,,,,,,,,,,,,,,,99.73810726655725,"rgba(239, 83, 80, 1.0)",0.0,0.0,,98.88518915819672,,0.0,0.0,0.0,0.0,0.0,0.0,0.0,0.0,38.60130909290157,-3.889114708883703,False,True,False,True,False,,0,,,False,False,False,False,,,False,False,False,False,-33898.0,-9178.731788443465,False,False,False,False,6857.814643755723,False,False,False,False
2025-03-19 15:00:00+00:00,97.16,97.56,96.75,97.44,4294.0,,,,,,,,,,,,,,,,,,,,,,,,99.70239535492641,"rgba(239, 83, 80, 1.0)",0.0,0.0,,98.29252063369648,,0.0,0.0,0.0,0.0,0.0,0.0,0.0,0.0,37.632477805022305,-5.216815376675044,False,True,False,True,False,0.0,0,,,False,False,False,False,,,False,False,False,False,-29604.0,-9495.402613428836,False,False,False,False,6818.065579511449,False,False,False,False
2025-03-19 16:00:00+00:00,97.44,97.505,97.28,97.35,5418.0,,,,,,,,,,,,,,,,,,,,,,,,99.6610550262431,"rgba(239, 83, 80, 1.0)",0.0,0.0,,98.26652210461002,,0.0,0.0,0.0,0.0,0.0,0.0,0.0,0.0,36.71387675430531,-6.559260998196173,False,True,False,True,False,0.0,0,,,False,False,False,False,,,False,False,False,False,-35022.0,-9891.163813220635,False,False,False,False,6796.359136418248,False,False,False,False
2025-03-19 17:00:00+00:00,97.35,97.54,97.09,97.105,3499.0,,,,,,,,,,,,,,,,,,,,,,,,99.63361545061406,"rgba(239, 83, 80, 1.0)",0.0,0.0,,98.22746482616098,,0.0,0.0,0.0,0.0,0.0,0.0,0.0,0.0,35.33895776037109,-8.337023107951559,False,True,False,True,False,0.0,0,,,False,False,False,False,,,False,False,False,False,-38521.0,-10335.037242473027,False,False,False,False,6745.237289341996,False,False,False,False
2025-03-19 18:00:00+00:00,97.025,98.02,97.025,97.91,14535.0,,,,,,,,,,,,,,,,,,,,,,,,99.54432325859159,"rgba(239, 83, 80, 1.0)",0.0,0.0,,98.20649078922635,,0.0,0.0,0.0,0.0,0.0,0.0,0.0,0.0,38.80713975878764,-8.337023107951559,False,True,False,True,True,0.0,0,,,False,False,False,False,,,False,False,False,False,-23986.0,-10546.680075923057,False,False,False,False,6866.008804235918,False,False,False,False
2025-03-19 19:00:00+00:00,97.91,98.29,97.49,97.645,20365.0,,,,,,,,,,,,,,,,,,,,,,,,99.44124811338817,"rgba(239, 83, 80, 1.0)",0.0,0.0,,98.18033496568006,,0.0,0.0,0.0,0.0,0.0,0.0,0.0,0.0,40.091604382057525,-8.337023107951559,False,True,False,True,True,0.0,0,,,False,False,False,False,,,False,False,False,False,-44351.0,-11070.778059242079,False,False,False,False,7075.2954894415625,False,False,False,False
2025-03-20 14:00:00+00:00,97.63,98.19,97.58,97.66,1610.0,,,,,,,,,,,,,,,,,,,,,,,,99.43362671952069,"rgba(239, 83, 80, 1.0)",0.0,0.0,,98.17757776651722,,0.0,0.0,0.0,0.0,0.0,0.0,0.0,0.0,41.02959310609742,-8.337023107951559,False,True,False,True,True,0.0,0,,,False,False,False,False,,,False,False,False,False,-42741.0,-11561.789252122047,False,False,False,False,6990.5622260393675,False,False,False,False
2025-03-20 15:00:00+00:00,97.7,97.7,97.01,97.37,1394.0,,,,,,,,,,,,,,,,,,,,,,,,99.4252720639169,"rgba(239, 83, 80, 1.0)",0.0,0.0,,98.16825669748016,,0.0,0.0,0.0,0.0,0.0,0.0,0.0,0.0,40.43864800275408,-8.337023107951559,False,True,False,True,True,0.0,0,,,False,False,False,False,,,False,False,False,False,-44135.0,-12066.800271468992,False,False,False,False,6903.793819434105,False,False,False,False
2025-03-20 16:00:00+00:00,97.37,97.445,97.05,97.19,2987.0,,,,,,,,,,,,,,,,,,,,,,,,99.40646785279685,"rgba(239, 83, 80, 1.0)",0.0,0.0,,98.14498456736105,,0.0,0.0,0.0,0.0,0.0,0.0,0.0,0.0,39.31117645054073,-8.337023107951559,False,True,False,True,True,0.0,0,,,False,False,False,False,,,False,False,False,False,-47122.0,-12610.291740128387,False,False,False,False,6843.068333861483,False,False,False,False
2025-03-20 17:00:00+00:00,97.2,97.42,97.085,97.15,2781.0,,,,,,,,,,,,,,,,,,,,,,,,99.38916850267752,"rgba(239, 83, 80, 1.0)",0.0,0.0,,98.12428718511534,,0.0,0.0,0.0,0.0,0.0,0.0,0.0,0.0,38.38882306273575,-8.337023107951559,False,True,False,True,False,0.0,0,,,False,False,False,False,,,False,False,False,False,-49903.0,-13188.47326353725,False,False,False,False,6780.090530235722,False,False,False,False
2025-03-20 18:00:00+00:00,97.15,97.56,97.09,97.18,3403.0,,,,,,,,,,,,,,,,,,,,,,,,99.36892747534931,"rgba(239, 83, 80, 1.0)",0.0,0.0,,98.10238860755196,,0.0,0.0,0.0,0.0,0.0,0.0,0.0,0.0,38.01772296575278,-8.337023107951559,False,True,False,True,False,0.0,0,,,False,False,False,False,,,False,False,False,False,-46500.0,-13704.931042397136,False,False,False,False,6727.732537518889,False,False,False,False
2025-03-20 19:00:00+00:00,97.255,97.42,96.87,96.95,9790.0,,,,,,,,,,,,,,,,,,,,,,,,99.3075259760188,"rgba(239, 83, 80, 1.0)",0.0,0.0,,98.02938868740144,,0.0,0.0,0.0,0.0,0.0,0.0,0.0,0.0,36.64678590490093,-9.29970422683511,False,True,False,True,False,0.0,0,,,False,False,False,False,,,False,False,False,False,-56290.0,-14365.164669646794,False,False,False,False,6775.209552441077,False,False,False,False
2025-03-21 14:00:00+00:00,95.925,96.725,95.49,96.72,4894.0,,,,,,,,,,,,,,,,,,,,,,,,99.26788316398361,"rgba(239, 83, 80, 1.0)",0.0,0.0,,97.55242494136239,,0.0,0.0,0.0,0.0,0.0,0.0,0.0,0.0,34.689298499622595,-11.389733105384614,False,True,False,True,False,0.0,1,,,False,False,False,False,,,False,False,False,False,-61184.0,-15091.038085621263,False,False,False,False,6746.043512868347,False,False,False,False
2025-03-21 15:00:00+00:00,96.67,96.78,96.29,96.515,4748.0,,,,,,,,,,,,,,,,,,,,,,,,99.23315921593337,"rgba(239, 83, 80, 1.0)",0.0,0.0,,97.54289318200662,,0.0,0.0,0.0,0.0,0.0,0.0,0.0,0.0,32.51503871494523,-13.588232190287506,False,True,False,True,False,0.0,1,,,False,False,False,False,,,False,False,False,False,-65932.0,-15879.270053286049,False,False,False,False,6715.066094064186,False,False,False,False
2025-03-21 16:00:00+00:00,96.515,97.07,96.485,96.95,3047.0,,,,,,,,,,,,,,,,,,,,,,,,99.21380964549226,"rgba(239, 83, 80, 1.0)",0.0,0.0,,97.55153372587945,,0.0,0.0,0.0,0.0,0.0,0.0,0.0,0.0,35.09428718272734,-13.588232190287506,False,True,False,True,True,0.0,1,,,False,False,False,False,,,False,False,False,False,-62885.0,-16608.041060211846,False,False,False,False,6658.196852295748,False,False,False,False
2025-03-21 17:00:00+00:00,96.98,97.06,96.67,96.67,3855.0,,,,,,,,,,,,,,,,,,,,,,,,99.1894182070935,"rgba(239, 83, 80, 1.0)",0.0,0.0,,97.54751272011914,,0.0,0.0,0.0,0.0,0.0,0.0,0.0,0.0,35.356547739572534,-13.588232190287506,False,True,False,True,True,0.0,1,,,False,False,False,False,,,False,False,False,False,-66740.0,-17385.280733696934,False,False,False,False,6614.7364359810845,False,False,False,False
2025-03-21 18:00:00+00:00,96.685,96.685,96.39,96.4,7455.0,,,,,,,,,,,,,,,,,,,,,,,,99.13771056851208,"rgba(239, 83, 80, 1.0)",0.0,0.0,,97.49180239626591,,0.0,0.0,0.0,0.0,0.0,0.0,0.0,0.0,34.27076011272126,-13.588232190287506,False,True,False,True,True,0.0,0,,,False,False,False,False,,,False,False,False,False,-74195.0,-18266.051575034966,False,False,False,False,6627.763778058897,False,False,False,False
2025-03-21 19:00:00+00:00,96.43,96.51,95.98,96.26,14357.0,,,,,,,,,,,,,,,,,,,,,,,,99.034913548289,"rgba(239, 83, 80, 1.0)",0.0,0.0,,97.36631262956402,,0.0,0.0,0.0,0.0,0.0,0.0,0.0,0.0,32.9271480830564,-13.588232190287506,False,True,False,True,False,0.0,0,,,False,False,False,False,,,False,False,False,False,-88552.0,-19355.75620177861,False,False,False,False,6747.596897778913,False,False,False,False
2025-03-24 14:00:00+00:00,97.46,97.91,97.38,97.485,2298.0,,,,,,,,,,,,,,,,,,,,,,,,99.02673669357293,"rgba(239, 83, 80, 1.0)",0.0,0.0,,97.42476603661889,,0.0,0.0,0.0,0.0,0.0,0.0,0.0,0.0,40.47534381666234,-13.80685539799883,False,True,False,True,True,0.0,1,,,False,False,False,False,,,False,False,False,False,-86254.0,-20392.93827616964,False,False,False,False,6678.610899363736,False,False,False,False
2025-03-24 15:00:00+00:00,97.485,97.55,97.195,97.395,2823.0,,,,,,,,,,,,,,,,,,,,,,,,99.01535469649154,"rgba(239, 83, 80, 1.0)",0.0,0.0,,97.4109935648722,,0.0,0.0,0.0,0.0,0.0,0.0,0.0,0.0,44.96770525179937,-9.947205905394817,False,False,False,True,True,0.0,0,,,False,False,False,False,,,False,False,False,False,-89077.0,-21457.807450182514,False,False,False,False,6618.833986195305,False,False,False,False
2025-03-24 16:00:00+00:00,97.465,97.63,97.325,97.325,3358.0,,,,,,,,,,,,,,,,,,,,,,,,99.00239942008857,"rgba(239, 83, 80, 1.0)",0.0,0.0,,97.41801731580081,,0.0,0.0,0.0,0.0,0.0,0.0,0.0,0.0,47.515477716441744,-7.862549884150049,True,False,False,False,True,0.0,0,,,False,False,False,False,,,False,False,False,False,-92435.0,-22558.229040102164,False,False,False,False,6568.278420517859,False,False,False,False
2025-03-24 17:00:00+00:00,97.34,97.75,97.325,97.56,2839.0,,,,,,,,,,,,,,,,,,,,,,,,98.99242041020103,"rgba(239, 83, 80, 1.0)",0.0,0.0,,97.43289341247412,,0.0,0.0,0.0,0.0,0.0,0.0,0.0,0.0,50.56996051620018,-5.194788784118252,True,False,True,False,True,0.0,0,,,False,False,False,False,,,False,False,False,False,-89596.0,-23597.57432630213,False,False,False,False,6510.460150432311,False,False,False,False
2025-03-24 18:00:00+00:00,97.56,97.56,96.89,97.21,3307.0,,,,,,,,,,,,,,,,,,,,,,,,98.9783956878256,"rgba(239, 83, 80, 1.0)",0.0,0.0,,97.4241176611363,,0.0,0.0,0.0,0.0,0.0,0.0,0.0,0.0,50.230616729445906,-5.194788784118252,True,False,False,False,True,0.0,0,,,False,False,False,False,,,False,False,False,False,-92903.0,-24672.07704992535,False,False,False,False,6460.794101588399,False,False,False,False
2025-03-24 19:00:00+00:00,97.32,97.585,97.17,97.585,7302.0,,,,,,,,,,,,,,,,,,,,,,,,98.95209332486746,"rgba(239, 83, 80, 1.0)",0.0,0.0,,97.44098479391769,,0.0,0.0,0.0,0.0,0.0,0.0,0.0,0.0,52.217662257875034,-3.5965556944539614,True,False,True,False,True,0.0,0,,,False,False,False,False,,,False,False,False,False,-85601.0,-25616.71151426759,False,False,False,False,6473.836053501756,False,False,False,False
2025-03-25 14:00:00+00:00,96.735,97.09,96.65,96.875,3272.0,,,,,,,,,,,,,,,,,,,,,,,,98.93620757264956,"rgba(239, 83, 80, 1.0)",0.0,0.0,,97.41996663042832,,0.0,0.0,0.0,0.0,0.0,0.0,0.0,0.0,49.441109695137065,-3.5965556944539614,True,False,False,False,False,0.0,0,,,False,False,False,False,,,False,False,False,False,-88873.0,-26597.429165209178,False,False,False,False,6424.195184455218,False,False,False,False
2025-03-25 15:00:00+00:00,96.875,96.88,96.11,96.14,7815.0,,,,,,,,,,,,,,,,,,,,,,,,98.8903634204403,"rgba(239, 83, 80, 1.0)",0.0,0.0,,97.33581030211809,,0.0,0.0,0.0,0.0,0.0,0.0,0.0,0.0,44.61754649097287,0.7522798008175116,False,False,False,True,False,0.0,0,,,False,False,False,False,,,False,False,False,False,-96688.0,-27684.104682027642,False,False,False,False,6445.758049812501,False,False,False,False
2025-03-25 16:00:00+00:00,96.14,96.45,96.07,96.255,5573.0,,,,,,,,,,,,,,,,,,,,,,,,98.85716932755523,"rgba(239, 83, 80, 1.0)",0.0,0.0,2.143041311562375,97.28266683903453,-0.479536644249439,0.0,0.0,0.0,0.0,0.0,0.0,0.0,0.0,42.15033917851347,-1.5367573860566779,False,True,False,True,False,0.0,0,,,False,False,False,False,,,False,False,False,False,-91115.0,-28667.529415639616,False,False,False,False,6432.226917257268,False,False,False,False
2025-03-25 17:00:00+00:00,96.255,96.64,96.255,96.45,3025.0,,,,,,,,,,,,,,,,,,,,,,,,98.84079171161862,"rgba(239, 83, 80, 1.0)",0.0,0.0,2.141409954818206,97.26341666381776,-0.37985097715062055,0.0,0.0,0.0,0.0,0.0,0.0,0.0,0.0,41.79888408555449,-1.9915542267624176,False,True,False,True,False,0.0,0,,,False,False,False,False,,,False,False,False,False,-88090.0,-29588.80802935063,False,False,False,False,6379.401693733899,False,False,False,False
2025-03-25 18:00:00+00:00,96.5,96.54,96.32,96.35,4499.0,,,,,,,,,,,,,,,,,,,,,,,,98.81639104043224,"rgba(239, 83, 80, 1.0)",0.0,0.0,2.142895485800223,97.235544531707,-0.4132467204187154,0.0,0.0,0.0,0.0,0.0,0.0,0.0,0.0,41.09298580994825,-2.9413838608732803,False,True,False,True,False,0.0,0,,,False,False,False,False,,,False,False,False,False,-92589.0,-30565.555191686275,False,False,False,False,6350.248179102366,False,False,False,False
2025-03-25 19:00:00+00:00,96.35,96.37,95.13,95.98,11377.0,,,,,,,,,,,,,,,,,,,,,,,,98.74257509107431,"rgba(239, 83, 80, 1.0)",0.0,0.0,2.1328310458801405,96.90619118399042,-0.4342543614879756,0.0,0.0,0.0,0.0,0.0,0.0,0.0,0.0,38.96452396269984,-5.25174080600695,False,True,False,True,False,0.0,0,,,False,False,False,False,,,False,False,False,False,-103966.0,-31703.54658406323,False,False,False,False,6428.182315860468,False,False,False,False
2025-03-26 14:00:00+00:00,97.245,97.66,97.16,97.31,4074.0,,,,,,,,,,,,,,,,,,,,,,,,98.7306046242319,"rgba(239, 83, 80, 1.0)",0.0,0.0,2.0848393504337492,96.98730415255989,0.15478211660432215,0.0,0.0,0.0,0.0,0.0,0.0,0.0,0.0,44.86631071461488,-11.159840919971536,False,False,False,True,True,0.0,0,,,False,False,False,False,,,False,False,False,False,-99892.0,-32760.73190834132,False,False,False,False,6391.6833652269725,False,False,False,False
2025-03-26 15:00:00+00:00,97.36,97.43,96.1,96.355,5232.0,,,,,,,,,,,,,,,,,,,,,,,,98.70720739683448,"rgba(239, 83, 80, 1.0)",0.0,0.0,2.052329994276091,96.99408757498286,-0.3113961091857817,0.0,0.0,0.0,0.0,0.0,0.0,0.0,0.0,44.76476025248222,-11.159840919971536,False,False,False,True,True,0.0,0,,,False,False,False,False,,,False,False,False,False,-105124.0,-33882.64304154533,False,False,False,False,6373.70377816919,False,False,False,False
2025-03-26 16:00:00+00:00,96.35,96.55,96.22,96.34,2411.0,,,,,,,,,,,,,,,,,,,,,,,,98.69528178413437,"rgba(239, 83, 80, 1.0)",0.0,0.0,2.010331927682428,96.98658036599643,-0.3216286609653688,0.0,0.0,0.0,0.0,0.0,0.0,0.0,0.0,44.641190790583174,-11.035080491109639,False,False,False,True,True,0.0,0,,,False,False,False,False,,,False,False,False,False,-107535.0,-35024.54004865315,False,False,False,False,6312.266510290598,False,False,False,False
2025-03-26 17:00:00+00:00,96.36,96.375,95.54,95.72,4595.0,,,,,,,,,,,,,,,,,,,,,,,,98.66815191389234,"rgba(239, 83, 80, 1.0)",0.0,0.0,1.8848659306636268,96.9459344405778,-0.6504093583707427,0.0,0.0,0.0,0.0,0.0,0.0,0.0,0.0,42.35594404555282,-11.035080491109639,False,False,False,True,True,0.0,0,,,False,False,False,False,,,False,False,False,False,-112130.0,-36219.97353627093,False,False,False,False,6285.642223309347,False,False,False,False
2025-03-26 18:00:00+00:00,95.755,96.06,95.63,95.97,6608.0,,,,,,,,,,,,,,,,,,,,,,,,98.63015429852783,"rgba(239, 83, 80, 1.0)",0.0,0.0,1.7222656223340678,96.89738920114831,-0.5384704827885312,0.0,0.0,0.0,0.0,0.0,0.0,0.0,0.0,42.14427431885562,-11.035080491109639,False,False,False,True,False,0.0,0,,,False,False,False,False,,,False,False,False,False,-105522.0,-37294.42355896441,False,False,False,False,6290.640018296799,False,False,False,False
2025-03-26 19:00:00+00:00,96.015,96.33,95.9,96.13,11389.0,,,,,,,,,,,,,,,,,,,,,,,,98.57241271380148,"rgba(239, 83, 80, 1.0)",0.0,0.0,1.5299414609303685,96.85248052501238,-0.47222756129050897,0.0,0.0,0.0,0.0,0.0,0.0,0.0,0.0,42.84938918533381,-11.035080491109639,False,False,False,True,False,0.0,0,,,False,False,False,False,,,False,False,False,False,-94133.0,-38175.64179836031,False,False,False,False,6369.684359098399,False,False,False,False
2025-03-27 14:00:00+00:00,96.37,97.335,96.37,97.13,1854.0,,,,,,,,,,,,,,,,,,,,,,,,98.5663413413716,"rgba(239, 83, 80, 1.0)",0.0,0.0,1.4395156843206955,96.85881803354478,0.18838416934872568,0.0,0.0,0.0,0.0,0.0,0.0,0.0,0.0,47.67597540403883,-7.2538466904451155,True,False,False,False,True,0.0,0,,,False,False,False,False,,,False,False,False,False,-92279.0,-39014.453553424486,False,False,False,False,6299.673748879819,False,False,False,False
2025-03-27 15:00:00+00:00,97.105,97.535,95.815,95.885,3798.0,,,,,,,,,,,,,,,,,,,,,,,,98.54999917458305,"rgba(239, 83, 80, 1.0)",0.0,0.0,1.380736851196536,96.85407377864931,-0.7018526215256087,0.0,0.0,0.0,0.0,0.0,0.0,0.0,0.0,46.169425506760064,-7.2538466904451155,True,False,False,True,True,0.0,1,,,False,False,False,False,,,False,False,False,False,-96077.0,-39899.14419600705,False,False,False,False,6260.888109362302,False,False,False,False
2025-03-27 16:00:00+00:00,95.885,96.285,95.72,95.72,2205.0,,,,,,,,,,,,,,,,,,,,,,,,98.53841803489465,"rgba(239, 83, 80, 1.0)",0.0,0.0,1.3072873296112197,96.84252245310176,-0.8586654423060905,0.0,0.0,0.0,0.0,0.0,0.0,0.0,0.0,44.653669988399464,-7.2538466904451155,True,False,False,True,False,0.0,1,,,False,False,False,False,,,False,False,False,False,-98282.0,-40804.30475110772,False,False,False,False,6198.006123170639,False,False,False,False
2025-03-27 17:00:00+00:00,95.72,95.91,95.43,95.46,2139.0,,,,,,,,,,,,,,,,,,,,,,,,98.5259744321763,"rgba(239, 83, 80, 1.0)",0.0,0.0,1.2925469723284904,96.8266349274363,-1.0573193521736008,0.0,0.0,0.0,0.0,0.0,0.0,0.0,0.0,42.82067287073776,-7.2538466904451155,False,False,False,True,False,0.0,1,,,False,False,False,False,,,False,False,False,False,-100421.0,-41728.59459992775,False,False,False,False,6135.075795679621,False,False,False,False
2025-03-27 18:00:00+00:00,95.58,95.85,95.58,95.67,2362.0,,,,,,,,,,,,,,,,,,,,,,,,98.5128208591891,"rgba(239, 83, 80, 1.0)",0.0,0.0,1.2784283777814809,96.81154817419576,-0.8929308782841212,0.0,0.0,0.0,0.0,0.0,0.0,0.0,0.0,42.635361303194315,-2.722221439284347,False,False,False,True,False,0.0,1,,,False,False,False,False,,,False,False,False,False,-98059.0,-42601.93421853352,False,False,False,False,6076.578496521796,False,False,False,False
2025-03-27 19:00:00+00:00,95.67,96.4,95.65,95.69,6711.0,,,,,,,,,,,,,,,,,,,,,,,,98.47889234318865,"rgba(239, 83, 80, 1.0)",0.0,0.0,1.2856722853142233,96.78171021101748,-0.8491356805989382,0.0,0.0,0.0,0.0,0.0,0.0,0.0,0.0,42.616642317547495,-3.0537432798938156,False,False,False,True,False,0.0,1,,,False,False,False,False,,,False,False,False,False,-91348.0,-43357.68717638571,False,False,False,False,6086.414488823784,False,False,False,False
2025-03-28 14:00:00+00:00,95.29,95.75,94.88,95.265,2456.0,,,,,,,,,,,,,,,,,,,,,,,,98.46377232900402,"rgba(239, 83, 80, 1.0)",0.0,0.0,1.3012281101307595,96.76112036385258,-1.1497756251993658,0.0,0.0,0.0,0.0,0.0,0.0,0.0,0.0,40.96899864297469,-4.910000990287777,False,False,False,True,False,0.0,1,,,False,False,False,False,,,False,False,False,False,-93804.0,-44139.80055349601,False,False,False,False,6030.128992873028,False,False,False,False
2025-03-28 15:00:00+00:00,95.265,95.465,95.1,95.37,3868.0,,,,,,,,,,,,,,,,,,,,,,,,98.44034794562133,"rgba(239, 83, 80, 1.0)",0.0,0.0,1.293469954240297,96.73059284198861,-1.0518936582394234,0.0,0.0,0.0,0.0,0.0,0.0,0.0,0.0,40.51518302495836,-5.616788044097518,False,True,False,True,False,0.0,0,,,False,False,False,False,,,False,False,False,False,-89936.0,-44849.81914956584,False,False,False,False,5996.607613138563,False,False,False,False
2025-03-28 16:00:00+00:00,95.4,95.575,95.31,95.48,3672.0,,,,,,,,,,,,,,,,,,,,,,,,98.4194345059809,"rgba(239, 83, 80, 1.0)",0.0,0.0,1.2978999392295718,96.70655684902556,-0.945031902654711,0.0,0.0,0.0,0.0,0.0,0.0,0.0,0.0,40.922819759255255,-5.616788044097518,False,True,False,True,False,0.0,1,,,False,False,False,False,,,False,False,False,False,-86264.0,-45491.89947282838,False,False,False,False,5960.567185027887,False,False,False,False
2025-03-28 17:00:00+00:00,95.51,95.685,95.295,95.685,3248.0,,,,,,,,,,,,,,,,,,,,,,,,98.40179444956374,"rgba(239, 83, 80, 1.0)",0.0,0.0,1.3108301200397698,96.68830646542561,-0.7653977812129993,0.0,0.0,0.0,0.0,0.0,0.0,0.0,0.0,42.532080439564425,-5.616788044097518,False,False,False,True,True,0.0,0,,,False,False,False,False,,,False,False,False,False,-83016.0,-46073.66847324964,False,False,False,False,5918.511879833656,False,False,False,False
2025-03-28 18:00:00+00:00,95.685,95.8,95.24,95.455,5370.0,,,,,,,,,,,,,,,,,,,,,,,,98.37253030285969,"rgba(239, 83, 80, 1.0)",0.0,0.0,1.3281196929941192,96.657920030634,-0.9057316422453882,0.0,0.0,0.0,0.0,0.0,0.0,0.0,0.0,42.38527794426794,-5.616788044097518,False,False,False,True,True,0.0,1,,,False,False,False,False,,,False,False,False,False,-88386.0,-46729.673613199266,False,False,False,False,5910.007819681196,False,False,False,False
2025-03-28 19:00:00+00:00,95.465,95.97,95.45,95.6,11171.0,,,,,,,,,,,,,,,,,,,,,,,,98.31709831378224,"rgba(239, 83, 80, 1.0)",0.0,0.0,1.3419234783032516,96.61141027196686,-0.7537018975520936,0.0,0.0,0.0,0.0,0.0,0.0,0.0,0.0,43.32352696651897,-5.616788044097518,False,False,False,True,True,0.0,0,,,False,False,False,False,,,False,False,False,False,-77215.0,-47202.314332374466,False,False,False,False,5991.5735899186975,False,False,False,False
2025-03-31 14:00:00+00:00,93.88,93.88,92.76,93.54,9490.0,,,,,,,,,,,,,,,,,,,,,,,,98.23267042672406,"rgba(239, 83, 80, 1.0)",0.0,0.0,1.4100578130119037,96.46396279818585,-2.0736474570076058,0.0,0.0,0.0,0.0,0.0,0.0,0.0,0.0,36.99183342669636,-9.580253986292568,False,True,False,True,False,0.0,0,,,False,False,False,False,,,False,False,False,False,-86705.0,-47814.75907140742,False,False,False,False,6045.812759067245,False,False,False,False
2025-03-31 15:00:00+00:00,93.57,93.81,92.68,92.69,5833.0,,,,,,,,,,,,,,,,,,,,,,,,98.17872235294539,"rgba(239, 83, 80, 1.0)",0.0,0.0,1.4970626856229385,96.37155450726499,-2.459185271679569,0.0,0.0,0.0,0.0,0.0,0.0,0.0,0.0,31.339272932448097,-14.550024322211279,False,True,False,True,False,0.0,0,,,False,False,False,False,,,False,False,False,False,-92538.0,-48508.14265169567,False,False,False,False,6042.513336446047,False,False,False,False
2025-03-31 16:00:00+00:00,92.69,92.73,91.96,91.99,5782.0,,,,,,,,,,,,,,,,,,,,,,,,98.11781812620636,"rgba(239, 83, 80, 1.0)",0.0,0.0,1.6057554759827337,96.26249721096552,-2.6607396175004334,0.0,0.0,0.0,0.0,0.0,0.0,0.0,0.0,26.632301400849272,-18.513741109132933,False,True,False,True,False,0.0,0,,,False,False,False,False,,,False,False,False,False,-98320.0,-49280.41950980892,False,False,False,False,6038.474369989519,False,False,False,False
2025-03-31 17:00:00+00:00,91.96,92.05,91.155,91.155,5384.0,,,,,,,,,,,,,,,,,,,,,,,,98.05491741286382,"rgba(239, 83, 80, 1.0)",0.0,0.0,1.7375058804748194,96.14744480771657,-2.8733398049578107,0.0,0.0,0.0,0.0,0.0,0.0,0.0,0.0,22.583566661765012,-21.87607763731609,False,True,False,True,False,0.0,0,,,False,False,False,False,,,False,False,False,False,-103704.0,-50124.19595151731,False,False,False,False,6028.327480532317,False,False,False,False
2025-03-31 18:00:00+00:00,91.155,92.26,91.155,92.05,3785.0,,,,,,,,,,,,,,,,,,,,,,,,98.01383155734113,"rgba(239, 83, 80, 1.0)",0.0,0.0,1.827816947287854,96.07678218308466,-2.2030555023902534,0.0,0.0,0.0,0.0,0.0,0.0,0.0,0.0,24.46263466224533,-21.87607763731609,False,True,False,True,False,0.0,0,,,False,False,False,False,,,False,False,False,False,-99919.0,-50896.20841738525,False,False,False,False,5993.547209516312,False,False,False,False
2025-03-31 19:00:00+00:00,92.05,93.51,92.05,92.48,22858.0,,,,,,,,,,,,,,,,,,,,,,,,97.80964036749283,"rgba(239, 83, 80, 1.0)",0.0,0.0,1.8965737053486003,95.78146736309607,-1.7407535250464936,0.0,0.0,0.0,0.0,0.0,0.0,0.0,0.0,27.626531459614974,-21.87607763731609,False,True,False,True,True,0.0,0,,,False,False,False,False,,,False,False,False,False,-77061.0,-51301.86410083664,False,False,False,False,6255.011593864897,False,False,False,False
2025-04-01 14:00:00+00:00,91.445,92.175,90.5,91.895,9081.0,,,,,,,,,,,,,,,,,,,,,,,,97.71546585237634,"rgba(239, 83, 80, 1.0)",0.0,0.0,1.980284222934553,95.63856724536943,-1.890419164084385,0.0,0.0,0.0,0.0,0.0,0.0,0.0,0.0,28.502840083690757,-27.833900834136223,False,True,False,True,True,0.0,0,,,False,False,False,False,,,False,False,False,False,-86142.0,-51842.0212465601,False,False,False,False,6298.825367603426,False,False,False,False
2025-04-01 15:00:00+00:00,91.855,92.5,91.8,92.4,6231.0,,,,,,,,,,,,,,,,,,,,,,,,97.6596869490624,"rgba(239, 83, 80, 1.0)",0.0,0.0,2.0439107145393884,95.56352956894678,-1.5477826631285592,0.0,0.0,0.0,0.0,0.0,0.0,0.0,0.0,31.311259031485633,-25.0865628689051,False,True,False,True,True,0.0,0,,,False,False,False,False,,,False,False,False,False,-79911.0,-52277.199211729705,False,False,False,False,6297.773811516551,False,False,False,False
2025-04-01 16:00:00+00:00,92.4,92.72,91.4,91.57,6080.0,,,,,,,,,,,,,,,,,,,,,,,,97.60303355144765,"rgba(239, 83, 80, 1.0)",0.0,0.0,2.129227644090756,95.48619233936897,-1.8392548820402468,0.0,0.0,0.0,0.0,0.0,0.0,0.0,0.0,31.333320091228565,-24.849886867961636,False,True,False,True,True,0.0,0,,,False,False,False,False,,,False,False,False,False,-85991.0,-52799.893797594355,False,False,False,False,6294.397473353504,False,False,False,False
2025-04-01 17:00:00+00:00,91.57,91.575,90.67,90.67,5519.0,,,,,,,,,,,,,,,,,,,,,,,,97.54438227494997,"rgba(239, 83, 80, 1.0)",0.0,0.0,2.2311186100815372,95.40050984631068,-2.1202413107646496,0.0,0.0,0.0,0.0,0.0,0.0,0.0,0.0,29.72739818231451,-24.849886867961636,False,True,False,True,True,0.0,0,,,False,False,False,False,,,False,False,False,False,-91510.0,-53400.05048290297,False,False,False,False,6282.375807099961,False,False,False,False
2025-04-01 18:00:00+00:00,90.56,90.57,90.07,90.48,6533.0,,,,,,,,,,,,,,,,,,,,,,,,97.47008273133132,"rgba(239, 83, 80, 1.0)",0.0,0.0,2.323607559397674,95.28979521751872,-2.0699688284563456,0.0,0.0,0.0,0.0,0.0,0.0,0.0,0.0,28.343068517038525,-24.849886867961636,False,True,False,True,False,0.0,0,,,False,False,False,False,,,False,False,False,False,-98043.0,-54092.18923510602,False,False,False,False,6286.261453501512,False,False,False,False
2025-04-01 19:00:00+00:00,90.53,91.18,90.37,91.165,15307.0,,,,,,,,,,,,,,,,,,,,,,,,97.31448473465646,"rgba(239, 83, 80, 1.0)",0.0,0.0,2.390452673026997,95.07757808399144,-1.6367519541966045,0.0,0.0,0.0,0.0,0.0,0.0,0.0,0.0,30.54219826800941,-24.849886867961636,False,True,False,True,False,0.0,0,,,False,False,False,False,,,False,False,False,False,-82736.0,-54536.279324484225,False,False,False,False,6426.117865075132,False,False,False,False
2025-04-02 14:00:00+00:00,90.545,91.33,90.495,91.29,5259.0,,,,,,,,,,,,,,,,,,,,,,,,97.26379170819887,"rgba(239, 83, 80, 1.0)",0.0,0.0,2.446675534510269,95.01207877049245,-1.5212800872010448,0.0,0.0,0.0,0.0,0.0,0.0,0.0,0.0,32.55444286409858,-22.87078118948565,False,True,False,True,True,0.0,0,,,False,False,False,False,,,False,False,False,False,-77477.0,-54891.949412476715,False,False,False,False,6408.023014453812,False,False,False,False
2025-04-02 15:00:00+00:00,91.34,91.94,91.3,91.61,5181.0,,,,,,,,,,,,,,,,,,,,,,,,97.2192106365861,"rgba(239, 83, 80, 1.0)",0.0,0.0,2.4860580650303907,94.95943904496362,-1.3472891450436304,0.0,0.0,0.0,0.0,0.0,0.0,0.0,0.0,35.325569513355624,-20.079065138569405,False,True,False,True,True,0.0,0,,,False,False,False,False,,,False,False,False,False,-72296.0,-55161.77965414374,False,False,False,False,6388.999401826622,False,False,False,False
2025-04-02 16:00:00+00:00,91.65,92.43,91.555,92.38,3777.0,,,,,,,,,,,,,,,,,,,,,,,,97.19004139023934,"rgba(239, 83, 80, 1.0)",0.0,0.0,2.4964407095335095,94.92823794531517,-1.0207484341942767,0.0,0.0,0.0,0.0,0.0,0.0,0.0,0.0,40.222980028126614,-15.442033072136624,False,False,False,True,True,0.0,0,,,False,False,False,False,,,False,False,False,False,-68519.0,-55368.868341676396,False,False,False,False,6348.50328706962,False,False,False,False
2025-04-02 17:00:00+00:00,92.47,92.74,92.39,92.69,5021.0,,,,,,,,,,,,,,,,,,,,,,,,97.15543935065455,"rgba(239, 83, 80, 1.0)",0.0,0.0,2.467587175454686,94.89550891260217,-0.8937916903364419,0.0,0.0,0.0,0.0,0.0,0.0,0.0,0.0,44.579099031602595,-11.46156765193416,True,False,False,True,True,0.0,0,,,False,False,False,False,,,False,False,False,False,-63498.0,-55494.90139064265,False,False,False,False,6327.921840758462,False,False,False,False
2025-04-02 18:00:00+00:00,92.69,92.7,92.04,92.06,6182.0,,,,,,,,,,,,,,,,,,,,,,,,97.11041610677597,"rgba(239, 83, 80, 1.0)",0.0,0.0,2.4460897274946665,94.85012221789749,-1.1406458996723676,0.0,0.0,0.0,0.0,0.0,0.0,0.0,0.0,45.16967854838811,-10.928837712780776,True,False,False,True,True,0.0,0,,,False,False,False,False,,,False,False,False,False,-69680.0,-55714.82540009005,False,False,False,False,6325.659486638176,False,False,False,False
2025-04-02 19:00:00+00:00,92.14,92.82,92.14,92.34,12717.0,,,,,,,,,,,,,,,,,,,,,,,,97.02345662171888,"rgba(239, 83, 80, 1.0)",0.0,0.0,2.420442858369232,94.43456440245738,-0.8653641193036004,0.0,0.0,0.0,0.0,0.0,0.0,0.0,0.0,46.656719736496555,-9.383583722720992,True,False,False,True,True,0.0,0,,,False,False,False,False,,,False,False,False,False,-56963.0,-55734.176944274695,False,False,False,False,6424.750037232932,False,False,False,False
2025-04-03 14:00:00+00:00,88.35,88.36,87.145,87.59,8709.0,,,,,,,,,,,,,,,,,,,,,,,,96.90621408435928,"rgba(239, 83, 80, 1.0)",0.0,0.0,2.5333899359489793,94.01327148397795,-2.5354452517677095,0.0,0.0,0.0,0.0,0.0,0.0,0.0,0.0,38.73953804829901,-4.707308655281253,False,False,False,True,False,0.0,0,,,False,False,False,False,,,False,False,False,False,-65672.0,-55888.251720332446,False,False,False,False,6460.164765337848,False,False,False,False
2025-04-03 15:00:00+00:00,87.58,88.535,87.44,88.12,9058.0,,,,,,,,,,,,,,,,,,,,,,,,96.79166316349979,"rgba(239, 83, 80, 1.0)",0.0,0.0,2.6130851859802076,93.77094148194725,-2.16255540089769,0.0,0.0,0.0,0.0,0.0,0.0,0.0,0.0,35.088497430119354,-7.927147447690331,False,False,False,True,False,0.0,0,,,False,False,False,False,,,False,False,False,False,-56614.0,-55899.50363164512,False,False,False,False,6500.441280603927,False,False,False,False
2025-04-03 16:00:00+00:00,88.195,88.7,88.04,88.11,10902.0,,,,,,,,,,,,,,,,,,,,,,,,96.66150379757374,"rgba(239, 83, 80, 1.0)",0.0,0.0,2.7013322655699086,93.56530452288214,-2.0194866778934437,0.0,0.0,0.0,0.0,0.0,0.0,0.0,0.0,32.64203924657481,-10.132364849274857,False,True,False,True,False,0.0,0,,,False,False,False,False,,,False,False,False,False,-67516.0,-56079.60435053434,False,False,False,False,6568.682501059679,False,False,False,False
2025-04-03 17:00:00+00:00,88.11,88.54,87.78,87.88,8411.0,,,,,,,,,,,,,,,,,,,,,,,,96.56124684896335,"rgba(239, 83, 80, 1.0)",0.0,0.0,2.799056255047223,93.4201141765681,-1.979279325514893,0.0,0.0,0.0,0.0,0.0,0.0,0.0,0.0,30.70062500488453,-12.01426740250772,False,True,False,True,False,0.0,0,,,False,False,False,False,,,False,False,False,False,-75927.0,-56387.315910991165,False,False,False,False,6597.245563058754,False,False,False,False
2025-04-03 18:00:00+00:00,87.83,88.02,87.14,87.52,8793.0,,,,,,,,,,,,,,,,,,,,,,,,96.45280299521912,"rgba(239, 83, 80, 1.0)",0.0,0.0,2.914260410247997,93.26276349558212,-1.9705732114356345,0.0,0.0,0.0,0.0,0.0,0.0,0.0,0.0,28.90752739730851,-13.88137207241769,False,True,False,True,False,0.0,0,,,False,False,False,False,,,False,False,False,False,-84720.0,-56826.5823309758,False,False,False,False,6631.288267507455,False,False,False,False
2025-04-03 19:00:00+00:00,87.57,87.66,86.03,86.195,22215.0,,,,,,,,,,,,,,,,,,,,,,,,96.162601997783,"rgba(239, 83, 80, 1.0)",0.0,0.0,3.0650866674988793,92.84279920898142,-2.168878054729216,0.0,0.0,0.0,0.0,0.0,0.0,0.0,0.0,26.127972133016463,-16.71878035138522,False,True,False,True,False,0.0,0,,,False,False,False,False,,,False,False,False,False,-106935.0,-57603.45702351881,False,False,False,False,6872.896201344549,False,False,False,False
2025-04-04 14:00:00+00:00,83.07,83.205,81.395,82.39,11635.0,,,,,,,,,,,,,,,,,,,,,,,,95.95186230580339,"rgba(239, 83, 80, 1.0)",0.0,0.0,3.3566942487035387,92.47601798799516,-3.0047473021681084,0.0,0.0,0.0,0.0,0.0,0.0,0.0,0.0,21.68688500901102,-21.038914593006357,False,True,False,True,False,0.0,0,,,False,False,False,False,,,False,False,False,False,-118570.0,-58548.674744084405,False,False,False,False,6946.72726799037,False,False,False,False
2025-04-04 15:00:00+00:00,82.39,83.2,81.66,82.5,10570.0,,,,,,,,,,,,,,,,,,,,,,,,95.76758668788229,"rgba(239, 83, 80, 1.0)",0.0,0.0,3.6092095351293527,92.18053719213658,-2.6821765535953115,0.0,0.0,0.0,0.0,0.0,0.0,0.0,0.0,19.078650317239926,-23.599883986793692,False,True,False,True,False,0.0,0,,,False,False,False,False,,,False,False,False,False,-108000.0,-59315.36195735441,False,False,False,False,7002.902039029279,False,False,False,False
2025-04-04 16:00:00+00:00,82.5,82.95,82.27,82.77,4119.0,,,,,,,,,,,,,,,,,,,,,,,,95.6982431066135,"rgba(239, 83, 80, 1.0)",0.0,0.0,3.819796375639879,92.0751624138924,-2.4360362435114453,0.0,0.0,0.0,0.0,0.0,0.0,0.0,0.0,18.270218351071343,-24.590081593474466,False,True,False,True,False,0.0,0,,,False,False,False,False,,,False,False,False,False,-103881.0,-60006.30208204659,False,False,False,False,6958.190379509445,False,False,False,False
2025-04-04 17:00:00+00:00,82.74,83.81,82.54,83.675,7766.0,,,,,,,,,,,,,,,,,,,,,,,,95.57617948238499,"rgba(239, 83, 80, 1.0)",0.0,0.0,3.991363545826813,91.90194171149152,-2.061185761966793,0.0,0.0,0.0,0.0,0.0,0.0,0.0,0.0,20.756305351778693,-24.590081593474466,False,True,False,True,False,0.0,0,,,False,False,False,False,,,False,False,False,False,-96115.0,-60566.126855968345,False,False,False,False,6970.714559672089,False,False,False,False
2025-04-04 18:00:00+00:00,83.675,83.92,81.76,82.15,5595.0,,,,,,,,,,,,,,,,,,,,,,,,95.48455259138383,"rgba(239, 83, 80, 1.0)",0.0,0.0,4.198736135450214,91.77029009366113,-2.291234739053108,0.0,0.0,0.0,0.0,0.0,0.0,0.0,0.0,20.946342621635594,-24.590081593474466,False,True,False,True,False,0.0,0,,,False,False,False,False,,,False,False,False,False,-101710.0,-61204.01636207736,False,False,False,False,6949.385651770196,False,False,False,False
2025-04-04 19:00:00+00:00,82.15,82.64,81.2,81.315,30224.0,,,,,,,,,,,,,,,,,,,,,,,,94.97836967259384,"rgba(239, 83, 80, 1.0)",0.0,0.0,4.418198165205736,91.06282929458135,-2.2062906483796065,0.0,0.0,0.0,0.0,0.0,0.0,0.0,0.0,20.39525031352532,-24.590081593474466,False,True,False,True,False,0.0,0,,,False,False,False,False,,,False,False,False,False,-131934.0,-62300.60525568856,False,False,False,False,7310.232385851278,False,False,False,False
2025-04-07 14:00:00+00:00,78.11,82.69,77.99,80.71,11660.0,,,,,,,,,,,,,,,,,,,,,,,,94.77534902123548,"rgba(239, 83, 80, 1.0)",0.0,0.0,4.641825345760101,90.78418853773508,-2.170307537946676,0.0,0.0,0.0,0.0,0.0,0.0,0.0,0.0,19.564097635089162,-24.693260357659057,False,True,False,True,False,0.0,0,,,False,False,False,False,,,False,False,False,False,-143594.0,-63560.967964902695,False,False,False,False,7377.670643434979,False,False,False,False
2025-04-07 15:00:00+00:00,80.54,81.4,77.69,79.02,9219.0,,,,,,,,,,,,,,,,,,,,,,,,94.60684801854016,"rgba(239, 83, 80, 1.0)",0.0,0.0,4.897627603661238,90.55093479459875,-2.3543919072121287,0.0,0.0,0.0,0.0,0.0,0.0,0.0,0.0,17.90754079211355,-26.69910915326005,False,True,False,True,False,0.0,0,,,False,False,False,False,-0.34282825441539394,-0.34282825441539394,False,False,False,False,-152813.0,-64944.720399555365,False,False,False,False,7406.2183853972265,False,False,False,False
2025-04-07 16:00:00+00:00,79.02,79.43,77.875,77.945,6184.0,,,,,,,,,,,,,,,,,,,,,,,,94.48892636655482,"rgba(239, 83, 80, 1.0)",0.0,0.0,5.172171527154405,90.38633335038374,-2.4054371138052035,0.0,0.0,0.0,0.0,0.0,0.0,0.0,0.0,16.235102982978127,-28.64358403334723,False,True,False,True,False,0.0,0,0.8228243021346473,1.1075123152709356,False,False,False,False,-0.34282825441539394,-0.34282825441539394,False,False,False,False,-158997.0,-66402.89527708164,False,False,False,False,7387.269263143005,False,False,False,False
2025-04-07 17:00:00+00:00,79.03,80.02,77.57,79.72,18558.0,,,,,,,,,,,,,,,,,,,,,,,,94.1598267552024,"rgba(239, 83, 80, 1.0)",0.0,0.0,5.358483723948435,89.95297757726327,-1.9096778313479752,0.0,0.0,0.0,0.0,0.0,0.0,0.0,0.0,20.295779987137998,-28.64358403334723,False,True,False,True,True,0.0,0,0.8266213812065344,1.0925117256994985,False,False,False,False,-0.33885180365904877,-0.3408400290372213,False,False,False,False,-140439.0,-67550.74186193309,False,False,False,False,7560.458886970246,False,False,False,False
2025-04-07 18:00:00+00:00,79.855,80.0,77.79,78.0,9939.0,,,,,,,,,,,,,,,,,,,,,,,,93.98355792051076,"rgba(239, 83, 80, 1.0)",0.0,0.0,5.5881699707169,89.72517524100931,-2.0982137806207604,0.0,0.0,0.0,0.0,0.0,0.0,0.0,0.0,21.46175928879427,-33.614677434754825,False,True,False,True,True,0.0,0,0.8303385207765125,1.0963420503770254,False,False,False,False,-0.33606747018427746,-0.33845374961074937,False,False,False,False,-150378.0,-68834.88539895737,False,False,False,False,7597.335493373807,False,False,False,False
2025-04-07 19:00:00+00:00,78.12,78.75,77.415,77.79,26941.0,,,,,,,,,,,,,,,,,,,,,,,,93.50702048624049,"rgba(239, 83, 80, 1.0)",0.0,0.0,5.806251494244369,89.1227217128094,-1.9518137862342526,0.0,0.0,0.0,0.0,0.0,0.0,0.0,0.0,22.065710937345457,-32.82199134401411,False,True,False,True,True,0.0,0,0.8184184184184188,1.1146746746746743,False,False,False,False,-0.34282825441539394,-0.3406410020130717,False,False,False,False,-177319.0,-70516.80965633788,False,False,False,False,7897.2372686703375,False,False,False,False
2025-04-08 14:00:00+00:00,79.735,80.355,79.085,79.12,7586.0,,,,,,,,,,,,,,,,,,,,,,,,93.39068473157374,"rgba(239, 83, 80, 1.0)",0.0,0.0,5.965407326962439,88.98972259649737,-1.6544926533160964,0.0,0.0,0.0,0.0,0.0,0.0,0.0,0.0,25.91481259777713,-29.041501715369932,False,True,False,True,True,0.0,0,0.8206809384627541,1.0965321115411957,False,False,False,False,-0.2986610234114404,-0.31965101271225604,False,False,False,False,-169733.0,-72055.04516554195,False,False,False,False,7892.411884659944,False,False,False,False
2025-04-08 15:00:00+00:00,79.11,81.16,79.06,81.02,20157.0,,,,,,,,,,,,,,,,,,,,,,,,93.11008093404276,"rgba(239, 83, 80, 1.0)",0.0,0.0,6.061705712433155,88.6909848617752,-1.2654828897485513,0.0,0.0,0.0,0.0,0.0,0.0,0.0,0.0,32.42026613674928,-23.03225265811311,True,False,False,True,True,0.0,0,0.822571830106184,1.0872501561524044,False,False,False,False,-0.2883123276717612,-0.3039816701920086,False,False,False,False,-149576.0,-73256.92043429324,False,False,False,False,8082.560537610952,False,False,False,False
2025-04-08 16:00:00+00:00,81.065,81.28,78.925,78.97,14029.0,,,,,,,,,,,,,,,,,,,,,,,,92.91163496429941,"rgba(239, 83, 80, 1.0)",0.0,0.0,6.202925494045961,88.47756021214875,-1.532754217550223,0.0,0.0,0.0,0.0,0.0,0.0,0.0,0.0,34.06638654729324,-21.650214405126853,True,False,False,True,True,0.0,0,0.8194449865344839,1.0994887006752274,False,False,False,False,-0.28851076884812843,-0.2962462195200685,False,False,False,False,-163605.0,-74657.6658539166,False,False,False,False,8174.753397492953,False,False,False,False
2025-04-08 17:00:00+00:00,78.855,79.14,78.14,78.91,23131.0,,,,,,,,,,,,,,,,,,,,,,,,92.57323784618347,"rgba(239, 83, 80, 1.0)",0.0,0.0,6.336155197332636,88.10674114539911,-1.4514703095136805,0.0,0.0,0.0,0.0,0.0,0.0,0.0,0.0,35.09136612886475,-20.66808132445263,True,False,False,True,True,0.0,0,0.8047245318206546,1.1178413241122074,False,False,False,False,-0.32765400901100145,-0.311950114265535,False,False,False,False,-186736.0,-76395.31444532874,False,False,False,False,8406.633189779885,False,False,False,False
2025-04-08 18:00:00+00:00,78.835,78.835,77.81,77.93,16412.0,,,,,,,,,,,,,,,,,,,,,,,,92.33380564730358,"rgba(239, 83, 80, 1.0)",0.0,0.0,6.485820901456229,87.8460281761704,-1.5288778902211135,0.0,0.0,0.0,0.0,0.0,0.0,0.0,0.0,34.579224497023525,-20.66808132445263,True,False,False,True,True,0.0,0,0.8000616380306654,1.1186146852608059,False,False,False,False,-0.3359386169462219,-0.32394436560587847,False,False,False,False,-203148.0,-78360.47236090504,False,False,False,False,8530.747403891824,False,False,False,False
2025-04-08 19:00:00+00:00,77.82,78.01,75.75,77.045,39069.0,,,,,,,,,,,,,,,,,,,,,,,,91.74678366302034,"rgba(239, 83, 80, 1.0)",0.0,0.0,6.64109784829522,87.20038631817779,-1.5291728190369447,0.0,0.0,0.0,0.0,0.0,0.0,0.0,0.0,33.23857369403082,-20.66808132445263,True,False,False,True,True,0.0,0,0.804142835059515,1.1253671355696395,False,False,False,False,-0.34282825441539394,-0.33338631001063623,False,False,False,False,-242217.0,-80900.88364213132,False,False,False,False,9004.20868445164,False,False,False,False
2025-04-09 14:00:00+00:00,73.7,74.61,72.54,72.66,7210.0,,,,,,,,,,,,,,,,,,,,,,,,91.61770571178405,"rgba(239, 83, 80, 1.0)",0.0,0.0,6.920005017443431,87.04731534960635,-2.07909030605323,0.0,0.0,0.0,0.0,0.0,0.0,0.0,0.0,28.958741292047076,-15.529651011902025,False,False,False,True,False,0.0,0,0.7889356584485875,1.1107561635598313,False,False,False,False,-0.34282825441539394,-0.3381072822130151,False,False,False,False,-249427.0,-83513.69164767968,False,False,False,False,8976.391495545411,True,False,False,False
2025-04-09 15:00:00+00:00,72.85,73.78,72.8,72.85,10620.0,,,,,,,,,,,,,,,,,,,,,,,,91.429540824335,"rgba(239, 83, 80, 1.0)",0.0,0.0,7.170770208798232,86.82618833403045,-1.9490498129311493,0.0,0.0,0.0,0.0,0.0,0.0,0.0,0.0,26.528630584788722,-17.878808415754442,False,True,False,True,False,0.0,0,0.791419563095864,1.115269123939644,False,False,False,False,-0.34282825441539394,-0.34046776831420456,False,False,False,False,-238807.0,-85921.33983918851,False,False,False,False,9001.873797940056,False,False,False,False
2025-04-09 16:00:00+00:00,72.76,73.36,72.23,72.815,7307.0,,,,,,,,,,,,,,,,,,,,,,,,91.2999083141111,"rgba(239, 83, 80, 1.0)",0.0,0.0,7.4023367335671795,84.94035910356837,-1.6380447877470674,0.0,0.0,0.0,0.0,0.0,0.0,0.0,0.0,24.884766624841532,-19.53017830550538,False,True,False,True,False,0.0,0,0.7981464737793857,1.115468655816757,False,False,False,False,-0.34282825441539394,-0.3416480113647993,False,False,False,False,-246114.0,-88404.94697346467,False,False,False,False,8975.596684793698,False,False,False,False
2025-04-09 17:00:00+00:00,72.62,79.23,72.425,78.94,33873.0,,,,,,,,,,,,,,,,,,,,,,,,90.84879037726816,"rgba(239, 83, 80, 1.0)",0.0,0.0,7.44860096302032,84.95926018781762,-0.8081061420394418,0.0,0.0,0.0,0.0,0.0,0.0,0.0,0.0,34.06938272061625,-22.205927960753783,True,False,False,True,True,0.0,0,0.8110834864699316,1.0632003747342627,False,False,False,False,-0.2648482874457043,-0.3032481494052518,False,False,False,False,-212241.0,-90324.88578007762,False,False,False,False,9361.602937742631,False,False,False,False
2025-04-09 18:00:00+00:00,79.44,80.37,78.31,78.41,12940.0,,,,,,,,,,,,,,,,,,,,,,,,90.70935418681981,"rgba(239, 83, 80, 1.0)",0.0,0.0,7.497713569200061,84.93883670185488,-0.8707770231013844,0.0,0.0,0.0,0.0,0.0,0.0,0.0,0.0,39.547792032661484,-17.46611074415712,True,False,False,True,True,0.0,0,0.8621307072515669,1.0500626678603397,False,False,False,False,-0.1782474389096058,-0.2407477941574288,False,False,False,False,-225181.0,-92415.67824860355,False,False,False,False,9417.081961963675,False,False,False,False
2025-04-09 19:00:00+00:00,78.185,81.38,78.16,80.87,10749.0,,,,,,,,,,,,,,,,,,,,,,,,90.60674501155695,"rgba(38, 166, 154, 1.0)",0.0,0.0,7.49769379738065,84.40301365494106,-0.4712133824637292,0.0,0.0,0.0,0.0,0.0,0.0,0.0,0.0,45.864301844448605,-11.973394743563048,True,False,False,False,True,0.0,0,0.8653366583541151,1.035404446629904,False,False,False,False,-0.16784963697885646,-0.20429871556814264,False,False,False,False,-214432.0,-94307.40416722985,False,False,False,False,9437.731854026255,False,False,False,False
2025-04-10 14:00:00+00:00,77.73,77.73,75.84,76.025,6517.0,,,,,,,,,,,,,,,,,,,,,,,,90.52441023077102,"rgba(38, 166, 154, 1.0)",0.0,0.0,7.576885145857402,84.17997311742585,-1.0762962563692156,0.0,0.0,0.0,0.0,0.0,0.0,0.0,0.0,44.937008864901735,-11.973394743563048,True,False,False,True,True,0.0,0,0.8358295718779923,1.0441800027356036,False,False,False,False,-0.24090603187758283,-0.22260237372286273,False,False,False,False,-220949.0,-96270.83976153636,False,False,False,False,9392.449189622746,False,False,False,False
2025-04-10 15:00:00+00:00,76.025,76.15,74.385,74.54,10135.0,,,,,,,,,,,,,,,,,,,,,,,,90.38467989281976,"rgba(38, 166, 154, 1.0)",0.0,0.0,7.684235410686473,83.8816740077969,-1.2156933655110855,0.0,0.0,0.0,0.0,0.0,0.0,0.0,0.0,43.12262867726886,-11.973394743563048,True,False,False,True,False,0.0,0,0.8285704553969825,1.0529309581389006,False,False,False,False,-0.27898816964037176,-0.25079527168161725,False,False,False,False,-231084.0,-98360.96627686139,False,False,False,False,9403.96160528751,False,False,False,False
2025-04-10 16:00:00+00:00,74.6,74.87,73.575,74.51,10557.0,,,,,,,,,,,,,,,,,,,,,,,,90.23521121626224,"rgba(38, 166, 154, 1.0)",0.0,0.0,7.772853770574862,83.63034242276254,-1.1733582918141034,0.0,0.0,0.0,0.0,0.0,0.0,0.0,0.0,41.88816741706323,-11.973394743563048,True,False,False,True,False,0.0,0,0.8309950282639792,1.0563236395831914,False,False,False,False,-0.3056727957107786,-0.2782340336961979,False,False,False,False,-241641.0,-100582.36214853796,False,False,False,False,9421.838169546618,False,False,False,False
2025-04-10 17:00:00+00:00,74.52,75.51,73.47,75.18,10426.0,,,,,,,,,,,,,,,,,,,,,,,,90.09395877266901,"rgba(38, 166, 154, 1.0)",0.0,0.0,7.844860645068317,83.45166627177197,-1.0544057627042691,0.0,0.0,0.0,0.0,0.0,0.0,0.0,0.0,41.9804055136218,-11.973394743563048,True,False,False,True,False,0.0,0,0.8332490475708847,1.0489194565254034,False,False,False,False,-0.2988031263090432,-0.28851858000262054,False,False,False,False,-231215.0,-102607.6743632893,False,False,False,False,9437.406570018764,False,False,False,False
2025-04-10 18:00:00+00:00,74.995,76.04,74.27,75.07,9867.0,,,,,,,,,,,,,,,,,,,,,,,,89.96610219768868,"rgba(38, 166, 154, 1.0)",0.0,0.0,7.919107749585854,83.31936363967488,-1.0417036742688972,0.0,0.0,0.0,0.0,0.0,0.0,0.0,0.0,41.92521981783053,-11.973394743563048,True,False,False,True,False,0.0,0,0.839495040577097,1.0442173462912867,False,False,False,False,-0.2818417668594826,-0.28518017343105156,False,False,False,False,-241082.0,-104754.56313285072,False,False,False,False,9444.066933274285,False,False,False,False
2025-04-10 19:00:00+00:00,75.05,75.76,73.64,74.35,28993.0,,,,,,,,,,,,,,,,,,,,,,,,89.58943674069195,"rgba(38, 166, 154, 1.0)",0.0,0.0,7.996158631797277,82.93273037954393,-1.073356692226454,0.0,0.0,0.0,0.0,0.0,0.0,0.0,0.0,41.08547349238786,-11.973394743563048,True,False,False,True,False,0.0,0,0.8371977640326799,1.0473654615817152,False,False,False,False,-0.2934292721114245,-0.28930472277123803,False,False,False,False,-270075.0,-107317.67068117861,False,False,False,False,9747.151166866932,False,False,False,False
2025-04-11 14:00:00+00:00,75.09,75.29,73.54,73.61,9146.0,,,,,,,,,,,,,,,,,,,,,,,,89.47106642831622,"rgba(38, 166, 154, 1.0)",0.0,0.0,8.074729411135976,82.81337315272069,-1.139774806574717,0.0,0.0,0.0,0.0,0.0,0.0,0.0,0.0,39.70534827310512,-11.973394743563048,True,False,False,True,False,0.0,0,0.8377409380961783,1.0514439839484242,False,False,False,False,-0.30072641459254773,-0.2950155686818929,False,False,False,False,-279221.0,-109982.83857759445,False,False,False,False,9737.83099373721,False,False,False,False
2025-04-11 15:00:00+00:00,73.89,74.36,73.5,74.24,12325.0,,,,,,,,,,,,,,,,,,,,,,,,89.31323485902972,"rgba(38, 166, 154, 1.0)",0.0,0.0,8.12934025336351,82.65814134589833,-1.0355257725146063,0.0,0.0,0.0,0.0,0.0,0.0,0.0,0.0,39.97146731253724,-11.973394743563048,True,False,False,True,False,0.0,0,0.8348997699638517,1.059020703253368,False,False,False,False,-0.31321668130424307,-0.30411612499306795,False,False,False,False,-266896.0,-112415.60077018988,False,False,False,False,9777.94214112113,False,False,False,False
2025-04-11 16:00:00+00:00,74.24,74.9,74.08,74.76,7209.0,,,,,,,,,,,,,,,,,,,,,,,,89.22565439825408,"rgba(38, 166, 154, 1.0)",0.0,0.0,8.168646616762837,82.581904020068,-0.9575520140651821,0.0,0.0,0.0,0.0,0.0,0.0,0.0,0.0,41.136436905648225,-11.973394743563048,True,False,False,True,False,0.0,0,0.8373460338314997,1.0570537033995726,False,False,False,False,-0.2988031263090432,-0.30145962565105555,False,False,False,False,-259687.0,-114698.8782776288,False,False,False,False,9738.11358079367,False,False,False,False
2025-04-11 17:00:00+00:00,74.77,76.61,74.71,75.95,6372.0,,,,,,,,,,,,,,,,,,,,,,,,89.15525500769553,"rgba(38, 166, 154, 1.0)",0.0,0.0,8.153548833273646,82.53495159553692,-0.8076178520774329,0.0,0.0,0.0,0.0,0.0,0.0,0.0,0.0,44.05443942437235,-10.79511813256348,True,False,False,True,True,0.0,0,0.8473596551386308,1.0423892100192678,False,False,False,False,-0.2690665509322815,-0.2852630882916685,False,False,False,False,-253315.0,-116847.96543611516,False,False,False,False,9685.925773339504,False,False,False,False
2025-04-11 18:00:00+00:00,76.01,76.235,75.445,75.99,10101.0,,,,,,,,,,,,,,,,,,,,,,,,89.046247955323,"rgba(38, 166, 154, 1.0)",0.0,0.0,8.145189678079534,82.46458515845039,-0.7948967936099639,0.0,0.0,0.0,0.0,0.0,0.0,0.0,0.0,46.07124151006594,-8.66541710003166,True,False,False,True,True,0.0,0,0.8536227632736876,1.0401225514161858,False,False,False,False,-0.26453386242237836,-0.27489847535702344,False,False,False,False,-243214.0,-118807.128762687,False,False,False,False,9692.361032667573,False,False,False,False
2025-04-11 19:00:00+00:00,75.99,76.945,75.99,76.92,39801.0,,,,,,,,,,,,,,,,,,,,,,,,88.65646078291539,"rgba(38, 166, 154, 1.0)",0.0,0.0,8.113868128643118,82.25563468746167,-0.6575944546875377,0.0,0.0,0.0,0.0,0.0,0.0,0.0,0.0,49.08974874811271,-5.687038915409204,True,False,False,False,True,0.0,0,0.8588697884509153,1.0341533162187633,False,False,False,False,-0.2488138530000144,-0.2618561641785189,False,False,False,False,-203413.0,-120118.84769659884,False,False,False,False,10159.161636812261,False,False,False,False
2025-04-14 14:00:00+00:00,78.52,79.65,78.47,79.58,8390.0,,,,,,,,,,,,,,,,,,,,,,,,88.59456936190911,"rgba(38, 166, 154, 1.0)",0.0,0.0,8.053772848180639,82.25508122439602,-0.3321525544391694,0.0,0.0,0.0,0.0,0.0,0.0,0.0,0.0,54.76127935259463,-0.41727245902615806,True,False,True,False,True,0.0,0,0.8679124330908045,1.0254815859482673,False,False,False,False,-0.18503852495972958,-0.22344734456912424,False,False,False,False,-195023.0,-121280.15238347328,False,False,False,False,10131.732774226024,False,False,False,False
2025-04-14 15:00:00+00:00,79.49,79.62,78.58,78.66,6383.0,,,,,,,,,,,,,,,,,,,,,,,,88.54663286679515,"rgba(38, 166, 154, 1.0)",0.0,0.0,7.99209760432884,82.249829016174,-0.449172319195603,0.0,0.0,0.0,0.0,0.0,0.0,0.0,0.0,56.627169805226046,1.2120419660236763,True,False,True,False,True,0.0,0,0.8725690890481069,1.0226778403275332,False,False,False,False,-0.18406735016290668,-0.20375734736601547,False,False,False,False,-201406.0,-122522.41358683028,False,False,False,False,10073.612886253528,False,False,False,False
2025-04-14 16:00:00+00:00,78.635,79.395,78.37,79.07,7373.0,,,,,,,,,,,,,,,,,,,,,,,,88.49180378808121,"rgba(38, 166, 154, 1.0)",0.0,0.0,7.9158844599820615,82.24252412922746,-0.40077948904709737,0.0,0.0,0.0,0.0,0.0,0.0,0.0,0.0,58.42284159989564,2.8933430371421878,True,False,True,False,True,0.0,0,0.8701473846450248,1.0306649969495552,False,False,False,False,-0.18935230622592117,-0.1965548267959683,False,False,False,False,-194033.0,-123631.10484904995,False,False,False,False,10031.742919024791,False,False,False,False
2025-04-14 17:00:00+00:00,79.08,79.64,78.94,79.41,9688.0,,,,,,,,,,,,,,,,,,,,,,,,88.42357145328069,"rgba(38, 166, 154, 1.0)",0.0,0.0,7.8083291709201905,82.23820428138815,-0.3622035162043325,0.0,0.0,0.0,0.0,0.0,0.0,0.0,0.0,60.094706668529014,4.546004278349663,True,False,True,False,True,0.0,0,0.8639822753106641,1.0329448030054906,False,False,False,False,-0.17945892279435277,-0.18800687479516054,False,False,False,False,-184345.0,-124572.40554906469,False,False,False,False,10026.413571443012,False,False,False,False
2025-04-14 18:00:00+00:00,79.45,80.01,79.4,79.915,8200.0,,,,,,,,,,,,,,,,,,,,,,,,88.36939577997056,"rgba(38, 166, 154, 1.0)",0.0,0.0,7.714179308611332,82.23961314927247,-0.30134289809383896,0.0,0.0,0.0,0.0,0.0,0.0,0.0,0.0,61.92781018054414,6.405455085217881,True,False,True,False,True,0.0,0,0.8665039971746881,1.030307894821331,False,False,False,False,-0.16941903907217157,-0.17871295693366607,False,False,False,False,-176145.0,-125371.98065683112,False,False,False,False,9998.097081963275,False,False,False,False
2025-04-14 19:00:00+00:00,79.96,80.36,79.57,79.72,26909.0,,,,,,,,,,,,,,,,,,,,,,,,88.19846789156098,"rgba(38, 166, 154, 1.0)",0.0,0.0,7.617745538549573,82.00412909299561,-0.29984318607608856,0.0,0.0,0.0,0.0,0.0,0.0,0.0,0.0,62.60387583107968,7.251670643218894,True,False,True,False,True,0.0,0,0.8664254147185043,1.0282456926919872,False,False,False,False,-0.1631463096895114,-0.17092963331158872,False,False,False,False,-203054.0,-126576.35304974846,False,False,False,False,10260.281623328185,False,False,False,False
2025-04-15 14:00:00+00:00,79.71,80.18,79.47,79.57,4530.0,,,,,,,,,,,,,,,,,,,,,,,,88.16988350210347,"rgba(38, 166, 154, 1.0)",0.0,0.0,7.5205340685138555,82.00003513580462,-0.32312002228384734,0.0,0.0,0.0,0.0,0.0,0.0,0.0,0.0,62.60362803364218,7.574382214329987,True,False,True,False,True,0.0,0,0.8652210068444959,1.0315998208917032,False,False,False,False,-0.16652232117766566,-0.16872597724462718,False,False,False,False,-207584.0,-127832.28556060507,False,False,False,False,10171.440047772709,False,False,False,False
2025-04-15 15:00:00+00:00,79.605,79.77,79.28,79.6,4170.0,,,,,,,,,,,,,,,,,,,,,,,,88.14315174235912,"rgba(38, 166, 154, 1.0)",0.0,0.0,7.41117325637702,81.99312729785967,-0.3229080221273315,0.0,0.0,0.0,0.0,0.0,0.0,0.0,0.0,62.66251157217152,8.03524122764997,True,False,True,False,True,0.0,0,0.8635810767556502,1.0359772101658025,False,False,False,False,-0.17376941814101074,-0.17124769769281895,False,False,False,False,-203414.0,-129004.09508679724,False,False,False,False,10078.394465636698,False,False,False,False
2025-04-15 16:00:00+00:00,79.6,79.64,79.03,79.22,3409.0,,,,,,,,,,,,,,,,,,,,,,,,88.12078059771282,"rgba(38, 166, 154, 1.0)",0.0,0.0,7.296263379724466,81.98446190986915,-0.3788873517849285,0.0,0.0,0.0,0.0,0.0,0.0,0.0,0.0,61.37850747383962,8.03524122764997,True,False,True,False,True,0.0,0,0.8575107848818496,1.043654626231408,False,False,False,False,-0.17836856394500697,-0.17480813081891294,False,False,False,False,-206823.0,-130210.58973661433,False,False,False,False,9974.993001053183,False,False,False,False
2025-04-15 17:00:00+00:00,79.22,79.33,79.0,79.14,4724.0,,,,,,,,,,,,,,,,,,,,,,,,88.08947741634235,"rgba(38, 166, 154, 1.0)",0.0,0.0,7.183047505653188,81.97103749458805,-0.39412763069713347,0.0,0.0,0.0,0.0,0.0,0.0,0.0,0.0,60.233250463167664,8.03524122764997,True,False,True,False,False,0.0,0,0.851847076268455,1.0480304300174068,False,False,False,False,-0.18040190027476788,-0.1776050155468404,False,False,False,False,-211547.0,-131471.61935310092,False,False,False,False,9893.582256850807,False,False,False,False
2025-04-15 18:00:00+00:00,79.145,79.26,78.91,79.12,7725.0,,,,,,,,,,,,,,,,,,,,,,,,88.03841607681434,"rgba(38, 166, 154, 1.0)",0.0,0.0,7.059087672338956,81.94991116313216,-0.40088908007491714,0.0,0.0,0.0,0.0,0.0,0.0,0.0,0.0,59.38992465344048,8.03524122764997,True,False,True,False,False,0.0,0,0.8536325819870373,1.0452742575215246,False,False,False,False,-0.1823682473382413,-0.17998663144254085,False,False,False,False,-219272.0,-132832.86556468075,False,False,False,False,9859.960826512035,False,False,False,False
2025-04-15 19:00:00+00:00,79.12,79.28,78.965,79.115,17632.0,,,,,,,,,,,,,,,,,,,,,,,,87.92431352985881,"rgba(38, 166, 154, 1.0)",0.0,0.0,6.923393770854609,81.90960562395631,-0.40364678313123803,0.0,0.0,0.0,0.0,0.0,0.0,0.0,0.0,58.805376487801645,8.03524122764997,True,False,True,False,False,0.0,0,0.8534421575585526,1.0454868056003612,False,False,False,False,-0.1810811495270733,-0.18053389048480706,False,False,False,False,-236904.0,-134446.37152491824,False,False,False,False,9980.457557883941,False,False,False,False
2025-04-16 14:00:00+00:00,78.98,79.05,78.07,78.19,2419.0,,,,,,,,,,,,,,,,,,,,,,,,87.90768940549049,"rgba(38, 166, 154, 1.0)",0.0,0.0,6.780008807695944,81.899918827448,-0.5471849569335223,0.0,0.0,0.0,0.0,0.0,0.0,0.0,0.0,54.67685717981319,8.348318646373905,True,False,True,False,False,0.0,0,0.8483631573874774,1.0460050759790536,False,False,False,False,-0.19213458006781314,-0.1863342352763101,False,False,False,False,-239323.0,-136072.365764842,False,False,False,False,9863.22565776171,False,False,False,False
2025-04-16 15:00:00+00:00,78.28,78.93,78.28,78.685,3862.0,,,,,,,,,,,,,,,,,,,,,,,,87.8818129213398,"rgba(38, 166, 154, 1.0)",0.0,0.0,6.627329148959695,81.8869511562798,-0.48314352347844697,0.0,0.0,0.0,0.0,0.0,0.0,0.0,0.0,53.79753706764344,7.480794998606278,True,False,True,False,False,0.0,0,0.8541016818342609,1.0444094285622405,False,False,False,False,-0.18616641597148578,-0.18625032562389793,False,False,False,False,-235461.0,-137613.2748227514,False,False,False,False,9770.183399501839,False,False,False,False
2025-04-16 16:00:00+00:00,78.745,78.745,78.39,78.68,2335.0,,,,,,,,,,,,,,,,,,,,,,,,87.86619277840836,"rgba(38, 166, 154, 1.0)",0.0,0.0,6.459213137167218,81.87914903694539,-0.495284637464126,0.0,0.0,0.0,0.0,0.0,0.0,0.0,0.0,53.19067614392618,6.7948395872395935,True,False,True,False,False,0.0,0,0.8596960996225446,1.0402296996483529,False,False,False,False,-0.18255133139742621,-0.18440082851066208,False,False,False,False,-237796.0,-139166.4953681351,False,False,False,False,9654.909238269252,False,False,False,False
2025-04-16 17:00:00+00:00,78.59,79.085,77.445,77.49,1954.0,,,,,,,,,,,,,,,,,,,,,,,,87.85231984145503,"rgba(38, 166, 154, 1.0)",0.0,0.0,6.343820106256388,81.86970050508859,-0.6903885090892244,0.0,0.0,0.0,0.0,0.0,0.0,0.0,0.0,48.5988222789761,2.4673840989563516,True,False,False,True,False,0.0,0,0.8604090295195838,1.03402148048106,False,False,False,False,-0.19065897854369013,-0.1875299035271761,False,False,False,False,-239750.0,-140725.9295484741,False,False,False,False,9535.515296590658,False,False,False,False
2025-04-16 18:00:00+00:00,77.7,78.06,77.395,77.59,6831.0,,,,,,,,,,,,,,,,,,,,,,,,87.8025358277507,"rgba(38, 166, 154, 1.0)",0.0,0.0,6.238782656579594,81.83248421545083,-0.6800179536590504,0.0,0.0,0.0,0.0,0.0,0.0,0.0,0.0,45.988693739609765,0.1327409017942145,False,False,False,True,False,0.0,0,0.8607249494333327,1.0359264134587598,False,False,False,False,-0.20512717901602262,-0.19632854127159938,False,False,False,False,-232919.0,-142155.2794779551,False,False,False,False,9493.584826876073,False,False,False,False
2025-04-16 19:00:00+00:00,77.43,77.43,76.44,77.05,27671.0,,,,,,,,,,,,,,,,,,,,,,,,87.59198782708248,"rgba(38, 166, 154, 1.0)",0.0,0.0,6.146889475598822,81.23276737182685,-0.6804689409873236,0.0,0.0,0.0,0.0,0.0,0.0,0.0,0.0,42.62484763225131,-2.884171862305088,False,False,False,True,False,0.0,0,0.8527935015510575,1.040903130896415,False,False,False,False,-0.22661678212036732,-0.21147266169598333,False,False,False,False,-260590.0,-143991.47669535116,False,False,False,False,9775.405217157064,False,False,False,False
2025-04-17 14:00:00+00:00,78.145,78.31,77.23,77.45,3157.0,,,,,,,,,,,,,,,,,,,,,,,,87.570012645144,"rgba(38, 166, 154, 1.0)",0.0,0.0,6.062178177211112,81.22716917728799,-0.6230712900335212,0.0,0.0,0.0,0.0,0.0,0.0,0.0,0.0,42.31723564317089,-3.1186245330093527,False,False,False,True,False,0.0,0,0.8560984138084495,1.0339171620204073,False,False,False,False,-0.2039801695870061,-0.20772641564149472,False,False,False,False,-257433.0,-145750.26000239997,False,False,False,False,9672.794283557729,False,False,False,False
2025-04-17 15:00:00+00:00,77.445,78.27,77.42,77.96,1583.0,,,,,,,,,,,,,,,,,,,,,,,,87.55927419464027,"rgba(38, 166, 154, 1.0)",0.0,0.0,5.945470584274292,81.22559249956917,-0.5492571955879554,0.0,0.0,0.0,0.0,0.0,0.0,0.0,0.0,44.34610811469706,-3.1186245330093527,False,False,False,True,True,0.0,0,0.8581171096872428,1.0348918353105374,False,False,False,False,-0.19980165914312215,-0.20376403739230842,False,False,False,False,-255850.0,-147457.23271554103,False,False,False,False,9547.371116370787,False,False,False,False
2025-04-17 16:00:00+00:00,78.07,78.665,77.82,78.45,5264.0,,,,,,,,,,,,,,,,,,,,,,,,87.52530908533572,"rgba(38, 166, 154, 1.0)",0.0,0.0,5.8058325752551925,81.22793703878754,-0.47847350104914776,0.0,0.0,0.0,0.0,0.0,0.0,0.0,0.0,47.599547541600174,-7.214800420694019,False,False,False,False,True,0.0,0,0.8669825420548863,1.0316087385124175,False,False,False,False,-0.18894731371386506,-0.19635567555308675,False,False,False,False,-250586.0,-149056.12833235433,False,False,False,False,9480.96226185341,False,False,False,False
2025-04-17 17:00:00+00:00,78.41,78.415,77.925,77.995,4241.0,,,,,,,,,,,,,,,,,,,,,,,,87.49753559231951,"rgba(38, 166, 154, 1.0)",0.0,0.0,5.675153607478036,81.22371420192191,-0.5689210240349251,0.0,0.0,0.0,0.0,0.0,0.0,0.0,0.0,47.90171448439706,-6.867437546813925,False,False,False,False,True,0.0,0,0.8698630136986306,1.028830837846448,False,False,False,False,-0.1909236868852108,-0.19363968121914876,False,False,False,False,-254827.0,-150695.9868078217,False,False,False,False,9399.722536863435,False,False,False,False
2025-04-17 18:00:00+00:00,77.95,78.225,77.77,77.775,5004.0,,,,,,,,,,,,,,,,,,,,,,,,87.4643220484685,"rgba(38, 166, 154, 1.0)",0.0,0.0,5.522435832359218,81.21359024072378,-0.6226582517401172,0.0,0.0,0.0,0.0,0.0,0.0,0.0,0.0,47.24133550676455,-6.867437546813925,False,False,False,True,True,0.0,0,0.8656953810917425,1.029647537854689,False,False,False,False,-0.1956320525446988,-0.19463586688192377,False,False,False,False,-259831.0,-152388.00251622757,False,False,False,False,9331.5717998578,False,False,False,False
2025-04-17 19:00:00+00:00,77.78,78.21,77.59,77.83,20155.0,,,,,,,,,,,,,,,,,,,,,,,,87.33220334473299,"rgba(38, 166, 154, 1.0)",0.0,0.0,5.381856919400911,81.16390711025262,-0.6194715244536347,0.0,0.0,0.0,0.0,0.0,0.0,0.0,0.0,47.06732989670621,-6.867437546813925,False,False,False,True,True,0.0,0,0.8659040355894505,1.0299332697807435,False,False,False,False,-0.19829708329206672,-0.19646647508699525,False,False,False,False,-239676.0,-153741.30480279768,False,False,False,False,9499.376888232096,False,False,False,False
2025-04-18 14:00:00+00:00,77.83,77.83,77.83,77.83,0.0,,,,,,,,,,,,,,,,,,,,,,,,87.33220334473299,"rgba(38, 166, 154, 1.0)",0.0,0.0,5.256096312040337,81.16390711025262,-0.6342933828315738,0.0,0.0,0.0,0.0,0.0,0.0,0.0,0.0,46.95132615666732,-6.867437546813925,False,False,False,True,True,0.0,0,0.8670013750759493,1.0356240606312557,False,False,False,False,-0.20021215272393214,-0.1983393139054637,False,False,False,False,-239676.0,-155073.62565856826,False,False,False,False,9352.099727174234,False,False,False,False
2025-04-18 15:00:00+00:00,77.83,77.83,77.83,77.83,0.0,,,,,,,,,,,,,,,,,,,,,,,,87.33220334473299,"rgba(38, 166, 154, 1.0)",0.0,0.0,5.126684163620394,81.16390711025262,-0.6503047591483119,0.0,0.0,0.0,0.0,0.0,0.0,0.0,0.0,46.87399032997473,-6.777919741632942,False,False,False,True,True,0.0,1,0.8633280833145838,1.0375429912249685,False,False,False,False,-0.20018469169716435,-0.199262002801314,False,False,False,False,-239676.0,-156385.29037704007,False,False,False,False,9207.105932954479,False,False,False,False
2025-04-18 16:00:00+00:00,77.83,77.83,77.83,77.83,0.0,,,,,,,,,,,,,,,,,,,,,,,,87.33220334473299,"rgba(38, 166, 154, 1.0)",0.0,0.0,4.96795734302991,81.16390711025262,-0.6710820725806205,0.0,0.0,0.0,0.0,0.0,0.0,0.0,0.0,46.82243311217967,-6.454523287902255,False,False,False,True,True,0.0,0,0.8622091709961603,1.0370454032075898,False,False,False,False,-0.1988539231543417,-0.19905796297782785,False,False,False,False,-239676.0,-157676.61920840378,False,False,False,False,9064.36010453658,False,False,False,False
2025-04-18 17:00:00+00:00,77.83,77.83,77.83,77.83,0.0,,,,,,,,,,,,,,,,,,,,,,,,87.33220334473299,"rgba(38, 166, 154, 1.0)",0.0,0.0,4.793283824250605,81.16390711025262,-0.6955371792059187,0.0,0.0,0.0,0.0,0.0,0.0,0.0,0.0,46.788061633649626,-6.1212833085055465,False,False,False,True,True,0.0,0,0.8652879971475808,1.0340345531749373,False,False,False,False,-0.1988539231543417,-0.19895594306608477,False,False,False,False,-239676.0,-158947.92743773083,False,False,False,False,8923.827389737562,False,False,False,False
2025-04-18 18:00:00+00:00,77.83,77.83,77.83,77.83,0.0,,,,,,,,,,,,,,,,,,,,,,,,87.33220334473299,"rgba(38, 166, 154, 1.0)",0.0,0.0,4.593776324433052,81.16390711025262,-0.7257443277158436,0.0,0.0,0.0,0.0,0.0,0.0,0.0,0.0,46.7651473146296,-5.794843928668243,False,False,False,True,True,0.0,1,0.8646821786039262,1.0324645781879631,False,False,False,False,-0.1988539231543417,-0.19890493311021323,False,False,False,False,-239676.0,-160199.52546195206,False,False,False,False,8785.473476718375,False,False,False,False
2025-04-18 19:00:00+00:00,77.83,77.83,77.83,77.83,0.0,,,,,,,,,,,,,,,,,,,,,,,,87.33220334473299,"rgba(38, 166, 154, 1.0)",0.0,0.0,4.3473756420369,81.16390711025262,-0.7668780857157701,0.0,0.0,0.0,0.0,0.0,0.0,0.0,0.0,46.74987110194958,-5.4856617456156656,False,False,False,True,True,0.0,0,0.8641589317700703,1.0323725777560655,False,False,False,False,-0.1988539231543417,-0.19887942813227746,False,False,False,False,-239676.0,-161431.7188656427,False,False,False,False,8649.264585606461,False,False,False,False
2025-04-21 14:00:00+00:00,76.06,76.48,75.96,75.97,7592.0,,,,,,,,,,,,,,,,,,,,,,,,87.27439084552549,"rgba(239, 83, 80, 1.0)",0.0,0.0,4.077254916933755,81.10696030511617,-1.2599065817006503,0.0,0.0,0.0,0.0,0.0,0.0,0.0,0.0,38.44652660530702,-8.784680784634958,False,True,False,True,False,0.0,0,0.8619977408423435,1.0329837017911894,False,False,False,False,-0.24374954002126417,-0.22131448407677082,False,False,False,False,-247268.0,-162762.5139219893,False,False,False,False,8632.872886604811,False,False,False,False
2025-04-21 15:00:00+00:00,75.97,76.02,75.1,75.1,2436.0,,,,,,,,,,,,,,,,,,,,,,,,87.25475966729276,"rgba(239, 83, 80, 1.0)",0.0,0.0,3.81530310982269,81.08460863801315,-1.5685801273837143,0.0,0.0,0.0,0.0,0.0,0.0,0.0,0.0,31.317485133004134,-14.970283566114496,False,True,False,True,False,0.0,0,0.8582053511059602,1.0349657104221,False,False,False,False,-0.26242614092223193,-0.24187031249950136,False,False,False,False,-249704.0,-164110.44393870267,False,False,False,False,8536.79733797528,False,False,False,False
2025-04-21 16:00:00+00:00,75.11,75.58,75.1,75.24,3685.0,,,,,,,,,,,,,,,,,,,,,,,,87.22493659732586,"rgba(239, 83, 80, 1.0)",0.0,0.0,3.5028568237841022,81.05081344571146,-1.6588783778590457,0.0,0.0,0.0,0.0,0.0,0.0,0.0,0.0,27.618566481319966,-17.843998842538554,False,True,False,True,False,0.0,0,0.8658263940640899,1.0349933577422805,False,False,False,False,-0.26869105396674475,-0.25528068323312303,False,False,False,False,-246019.0,-165380.34403267628,False,False,False,False,8461.575673820626,False,False,False,False
2025-04-21 17:00:00+00:00,75.24,75.27,74.565,74.565,6777.0,,,,,,,,,,,,,,,,,,,,,,,,87.16816136900798,"rgba(239, 83, 80, 1.0)",0.0,0.0,3.378244883885485,80.98273085302343,-1.8997233988680187,0.0,0.0,0.0,0.0,0.0,0.0,0.0,0.0,23.99786176126808,-20.756000317464448,False,True,False,True,False,0.0,0,0.8573739726913872,1.0373066718436548,False,False,False,False,-0.2807810076975152,-0.2680308454653191,False,False,False,False,-252796.0,-166735.62552054177,False,False,False,False,8435.458221513329,True,False,False,False
2025-04-21 18:00:00+00:00,74.595,75.16,74.48,75.015,6288.0,,,,,,,,,,,,,,,,,,,,,,,,87.11630375780966,"rgba(239, 83, 80, 1.0)",0.0,0.0,3.211627626144102,80.42119499195105,-1.6833193698865276,0.0,0.0,0.0,0.0,0.0,0.0,0.0,0.0,24.743481618896503,-20.756000317464448,False,True,False,True,False,0.0,0,0.8556507679870657,1.0398706548100243,False,False,False,False,-0.2835822733718322,-0.2758065594185757,False,False,False,False,-246508.0,-167972.40652022327,False,False,False,False,8402.164295598393,False,False,False,False
2025-04-21 19:00:00+00:00,75.015,75.77,75.0,75.72,20784.0,,,,,,,,,,,,,,,,,,,,,,,,86.95638736552377,"rgba(239, 83, 80, 1.0)",0.0,0.0,3.017149237695336,80.32667921179838,-1.5268317371391324,0.0,0.0,0.0,0.0,0.0,0.0,0.0,0.0,29.35026463919793,-26.655964540517438,False,True,False,True,True,0.0,0,0.8581658656172385,1.0357730395793687,False,False,False,False,-0.2674079326388764,-0.27160724602872605,False,False,False,False,-225724.0,-168867.78006254538,False,False,False,False,8594.130740627876,False,False,False,False
2025-04-22 14:00:00+00:00,77.44,77.44,76.59,76.845,4189.0,,,,,,,,,,,,,,,,,,,,,,,,86.92873106224441,"rgba(38, 166, 154, 1.0)",0.0,0.0,2.800761508416967,80.33183504683466,-1.2449596427099816,0.0,0.0,0.0,0.0,0.0,0.0,0.0,0.0,37.14793521132651,-19.680566874512373,False,True,False,True,True,0.0,0,0.8658505401777156,1.0272965543693666,False,False,False,False,-0.22147085728278165,-0.24653905165575385,False,False,False,False,-221535.0,-169684.3261080873,False,False,False,False,8525.834139997985,False,False,False,False
2025-04-22 15:00:00+00:00,76.85,77.19,76.54,76.905,10380.0,,,,,,,,,,,,,,,,,,,,,,,,86.86031119220277,"rgba(38, 166, 154, 1.0)",0.0,0.0,2.575826434335766,80.32619286201712,-1.3281923100146118,0.0,0.0,0.0,0.0,0.0,0.0,0.0,0.0,42.56153946190426,-15.061437625477893,False,True,False,True,True,0.0,0,0.8682529543276912,1.0277547109549667,False,False,False,False,-0.22565722448125208,-0.23609813806850297,False,False,False,False,-211155.0,-170327.28229245803,False,False,False,False,8554.580897517397,False,False,False,False
2025-04-22 16:00:00+00:00,76.905,77.1,76.45,76.45,3832.0,,,,,,,,,,,,,,,,,,,,,,,,86.83475674280045,"rgba(38, 166, 154, 1.0)",0.0,0.0,2.392337053297402,80.31812584388909,-1.6168816340312835,0.0,0.0,0.0,0.0,0.0,0.0,0.0,0.0,44.31329427286411,-13.688403213106433,False,False,False,True,True,0.0,0,0.8650273224043717,1.0335261973641918,False,False,False,False,-0.22768923094167903,-0.231893684505091,False,False,False,False,-214987.0,-171019.68101660596,False,False,False,False,8481.362589028755,False,False,False,False
2025-04-22 17:00:00+00:00,76.48,76.6,75.52,75.58,3273.0,,,,,,,,,,,,,,,,,,,,,,,,86.81139325070579,"rgba(38, 166, 154, 1.0)",0.0,0.0,2.3443851227148547,80.30171624795724,-2.014053152875064,0.0,0.0,0.0,0.0,0.0,0.0,0.0,0.0,42.55887858208993,-13.688403213106433,False,True,False,True,True,0.0,0,0.8608862581986884,1.034266517357223,False,False,False,False,-0.24786102343575175,-0.23987735397042137,False,False,False,False,-218260.0,-171752.08906286012,False,False,False,False,8400.612781446913,False,False,False,False
2025-04-22 18:00:00+00:00,75.585,76.48,75.585,76.4,3586.0,,,,,,,,,,,,,,,,,,,,,,,,86.78650538390733,"rgba(38, 166, 154, 1.0)",0.0,0.0,2.28075334875146,80.2871658512079,-1.7043341636814109,0.0,0.0,0.0,0.0,0.0,0.0,0.0,0.0,44.69605607521211,-13.355698820208097,False,False,False,True,True,0.0,0,0.860967680244789,1.0353796136928666,False,False,False,False,-0.24864072338172366,-0.24425903867607252,False,False,False,False,-214674.0,-172417.54504638168,False,False,False,False,8325.967622044634,False,False,False,False
2025-04-22 19:00:00+00:00,76.4,76.565,76.09,76.285,20249.0,,,,,,,,,,,,,,,,,,,,,,,,86.65018555336788,"rgba(38, 166, 154, 1.0)",0.0,0.0,2.204691909183139,80.21563076548185,-1.782848092792335,0.0,0.0,0.0,0.0,0.0,0.0,0.0,0.0,45.712153477953656,-12.088614680141177,False,False,False,True,True,0.0,0,0.8642301809839411,1.0355913841447872,False,False,False,False,-0.23977515646233016,-0.24201709756920134,False,False,False,False,-234923.0,-173386.62186736803,False,False,False,False,8510.820837206733,False,False,False,False
2025-04-23 14:00:00+00:00,79.44,79.67,78.47,78.51,8706.0,,,,,,,,,,,,,,,,,,,,,,,,86.60696231663572,"rgba(38, 166, 154, 1.0)",0.0,0.0,2.0879735380264504,80.14031991854057,-0.7808144542298848,0.0,0.0,0.0,0.0,0.0,0.0,0.0,0.0,52.533658771749295,-5.47659767751307,True,False,True,False,True,0.0,0,0.87048579572149,1.0245246969649515,False,False,False,True,-0.16318209693807686,-0.2025995972536391,False,False,False,False,-226217.0,-174205.6974973313,False,False,False,False,8513.84687073841,False,False,False,False
2025-04-23 15:00:00+00:00,78.5,78.71,77.345,77.5,15248.0,,,,,,,,,,,,,,,,,,,,,,,,86.52244907657406,"rgba(38, 166, 154, 1.0)",0.0,0.0,2.0148520791621682,80.08926324861937,-1.2850885061974686,0.0,0.0,0.0,0.0,0.0,0.0,0.0,0.0,53.714324142316464,-4.227661092379343,True,False,True,False,True,0.0,0,0.862502724413862,1.0305134352523584,False,False,False,False,-0.1920274065042972,-0.19731350187896815,False,False,False,False,-241465.0,-175248.4773810936,False,False,False,False,8618.252345610685,False,False,False,False
2025-04-23 16:00:00+00:00,77.43,77.68,76.885,77.47,9019.0,,,,,,,,,,,,,,,,,,,,,,,,86.47034774021577,"rgba(38, 166, 154, 1.0)",0.0,0.0,1.9622997332840026,80.05776977432944,-1.318743375660908,0.0,0.0,0.0,0.0,0.0,0.0,0.0,0.0,54.40658029035608,-3.243257572433258,True,False,True,False,True,0.0,0,0.8648446508149211,1.0369597058181932,False,False,False,False,-0.21283349699326082,-0.20507349943611447,False,False,False,False,-250484.0,-176414.91959223946,False,False,False,False,8624.4654875392,False,False,False,False
2025-04-23 17:00:00+00:00,77.48,77.74,77.11,77.39,8379.0,,,,,,,,,,,,,,,,,,,,,,,,86.42282940867935,"rgba(38, 166, 154, 1.0)",0.0,0.0,1.9226534194114153,80.0374261162536,-1.3769648182687333,0.0,0.0,0.0,0.0,0.0,0.0,0.0,0.0,54.58921165023753,-2.5859215160082414,True,False,True,False,True,0.0,0,0.8694987679735504,1.0353076947069646,False,False,False,False,-0.20884027506140249,-0.2069568872487585,False,False,False,False,-258863.0,-177693.18440476287,False,False,False,False,8620.659821065723,False,False,False,False
2025-04-23 18:00:00+00:00,77.38,77.43,76.66,76.73,5547.0,,,,,,,,,,,,,,,,,,,,,,,,86.39000671517987,"rgba(38, 166, 154, 1.0)",0.0,0.0,1.913312544226671,80.01584459238221,-1.717359039063996,0.0,0.0,0.0,0.0,0.0,0.0,0.0,0.0,52.47296971727681,-2.5859215160082414,True,False,True,False,True,0.0,0,0.8672640716886029,1.0344752481408879,False,False,False,False,-0.2195038234029996,-0.21323035532587903,False,False,False,False,-264410.0,-179037.6311581774,False,False,False,False,8573.006180429045,False,False,False,False
2025-04-23 19:00:00+00:00,76.79,77.13,76.43,77.1,25204.0,,,,,,,,,,,,,,,,,,,,,,,,86.24286126749199,"rgba(38, 166, 154, 1.0)",0.0,0.0,1.9118358541821996,79.93130269804911,-1.4809339891055777,0.0,0.0,0.0,0.0,0.0,0.0,0.0,0.0,52.29643920858901,-2.5859215160082414,True,False,True,False,True,0.0,0,0.8649462766287809,1.03745108999441,False,False,False,False,-0.22696929350436917,-0.2200998244151241,False,False,False,False,-239206.0,-179970.47408595757,False,False,False,False,8830.85104584875,False,False,False,False
2025-04-24 14:00:00+00:00,76.825,77.34,76.61,77.12,3526.0,,,,,,,,,,,,,,,,,,,,,,,,86.22293378830288,"rgba(38, 166, 154, 1.0)",0.0,0.0,1.8902525523630347,79.92225701062868,-1.48247757006096,0.0,0.0,0.0,0.0,0.0,0.0,0.0,0.0,52.24813924966521,-2.5859215160082414,True,False,True,False,True,0.0,0,0.8660846953937595,1.0354135710747896,False,False,False,False,-0.22147346269531948,-0.2207866435552218,False,False,False,False,-235680.0,-180834.18766602024,False,False,False,False,8748.605293199933,False,False,False,False
2025-04-24 15:00:00+00:00,77.23,77.54,77.18,77.36,2953.0,,,,,,,,,,,,,,,,,,,,,,,,86.2069191594703,"rgba(38, 166, 154, 1.0)",0.0,0.0,1.8881952511087312,79.91754182747867,-1.3544901280611246,0.0,0.0,0.0,0.0,0.0,0.0,0.0,0.0,53.09708096732392,-2.130718644364272,True,False,True,False,True,0.0,1,0.8759800871188553,1.0329184816428127,False,False,False,False,-0.21066092309523396,-0.21572378332522787,False,False,False,False,-232727.0,-181638.72739212846,False,False,False,False,8658.750947568926,False,False,False,False
2025-04-24 16:00:00+00:00,77.36,77.745,77.22,77.67,2122.0,,,,,,,,,,,,,,,,,,,,,,,,86.19568677675026,"rgba(38, 166, 154, 1.0)",0.0,0.0,1.887761954855923,79.9152162082772,-1.189353457676054,0.0,0.0,0.0,0.0,0.0,0.0,0.0,0.0,54.7828193410605,-0.08050889127878236,True,False,True,False,True,0.0,0,0.8700053276505061,1.0374502491460091,False,False,False,False,-0.20419324238723024,-0.20995851285622907,False,False,False,False,-230605.0,-182397.89440930478,False,False,False,False,8557.405971637625,False,False,False,False
2025-04-24 17:00:00+00:00,77.65,77.75,77.345,77.395,3699.0,,,,,,,,,,,,,,,,,,,,,,,,86.17606734357992,"rgba(38, 166, 154, 1.0)",0.0,0.0,1.8748226030203645,79.91061553858273,-1.3417885695052136,0.0,0.0,0.0,0.0,0.0,0.0,0.0,0.0,54.568263827307526,0.11127485566981932,True,False,True,False,True,0.0,0,0.8767179422519228,1.036187113857017,False,False,False,False,-0.2023353174630871,-0.2061469151596581,False,False,False,False,-234304.0,-183202.6402324163,False,False,False,False,8482.081848046342,False,False,False,False
2025-04-24 18:00:00+00:00,77.43,77.53,77.085,77.245,3775.0,,,,,,,,,,,,,,,,,,,,,,,,86.15565359504956,"rgba(38, 166, 154, 1.0)",0.0,0.0,1.8208244642834204,79.90380388940642,-1.4602197749209054,0.0,0.0,0.0,0.0,0.0,0.0,0.0,0.0,53.69172740040811,0.11127485566981932,True,False,True,False,True,0.0,0,0.8744133303934231,1.0320030239077709,False,False,False,False,-0.20920230465885306,-0.20767460990925557,False,False,False,False,-238079.0,-184053.43650788272,False,False,False,False,8409.103834898337,False,False,False,False
2025-04-24 19:00:00+00:00,77.245,77.64,76.955,77.285,12859.0,,,,,,,,,,,,,,,,,,,,,,,,86.08686697840601,"rgba(38, 166, 154, 1.0)",0.0,0.0,1.808435245188314,79.88103701548852,-1.4355156052149338,0.0,0.0,0.0,0.0,0.0,0.0,0.0,0.0,53.300362945388166,0.11127485566981932,True,False,True,False,True,0.0,1,0.8777627140019546,1.030236150960053,False,False,False,False,-0.20948884727723577,-0.20858172859324567,False,False,False,False,-225220.0,-184691.67780233413,False,False,False,False,8478.094473116966,False,False,False,False
2025-04-25 14:00:00+00:00,76.1,76.24,75.2,75.585,12080.0,,,,,,,,,,,,,,,,,,,,,,,,86.01149850951319,"rgba(239, 83, 80, 1.0)",0.0,0.0,1.8049351938663465,79.51983392121765,-2.180041662764004,0.0,0.0,0.0,0.0,0.0,0.0,0.0,0.0,46.641494697581635,0.6901505111456814,True,False,False,True,False,0.0,0,0.8699138791812284,1.0301734897653523,False,False,False,False,-0.25515123385666233,-0.231866481224954,False,False,False,False,-237300.0,-185507.31070462352,False,False,False,False,8533.937969657787,False,False,False,False
2025-04-25 15:00:00+00:00,75.595,76.045,75.53,75.96,4061.0,,,,,,,,,,,,,,,,,,,,,,,,85.98681863332031,"rgba(239, 83, 80, 1.0)",0.0,0.0,1.8067995321985355,79.50495584277012,-1.9620083908570514,0.0,0.0,0.0,0.0,0.0,0.0,0.0,0.0,44.05040330066561,-1.6169601711786328,False,False,False,True,False,0.0,0,0.8703570871666927,1.0330578512396695,False,False,False,False,-0.2531771956409376,-0.2425218384329458,False,False,False,False,-233239.0,-186247.33689524952,False,False,False,False,8464.590094159217,False,False,False,False
2025-04-25 16:00:00+00:00,75.95,76.255,75.95,75.99,3200.0,,,,,,,,,,,,,,,,,,,,,,,,85.96787558413038,"rgba(239, 83, 80, 1.0)",0.0,0.0,1.8110066435732266,79.49666091848833,-1.9363048340725466,0.0,0.0,0.0,0.0,0.0,0.0,0.0,0.0,42.474378571845065,-3.026940230904657,False,False,False,True,False,0.0,0,0.8708169985886783,1.03923474988239,False,False,False,False,-0.2432749522711175,-0.24289839535203167,False,False,False,False,-230039.0,-186926.27740850148,False,False,False,False,8382.968542311786,False,False,False,False
2025-04-25 17:00:00+00:00,76.005,76.46,75.895,75.98,2408.0,,,,,,,,,,,,,,,,,,,,,,,,85.95373551587006,"rgba(239, 83, 80, 1.0)",0.0,0.0,1.7416404144761408,79.49035587863182,-2.015545717390622,0.0,0.0,0.0,0.0,0.0,0.0,0.0,0.0,41.387284315953075,-4.079003720876969,False,False,False,True,False,0.0,0,0.873033423895874,1.0394894800025274,False,False,False,False,-0.2383090872873329,-0.2406037413196823,False,False,False,False,-232447.0,-187632.02504557898,False,False,False,False,8290.333371113154,False,False,False,False
2025-04-25 18:00:00+00:00,75.98,76.38,75.77,75.77,6818.0,,,,,,,,,,,,,,,,,,,,,,,,85.91335892730028,"rgba(239, 83, 80, 1.0)",0.0,0.0,1.6770498496471358,79.46643893664614,-2.2041318195901605,0.0,0.0,0.0,0.0,0.0,0.0,0.0,0.0,39.85756196429921,-5.614682625703651,False,True,False,True,False,0.0,0,0.8728800176862584,1.0320879259703757,False,False,False,False,-0.24139204209415616,-0.2409978917069192,False,False,False,False,-239265.0,-188432.53628518237,False,False,False,False,8267.506497142407,False,False,False,False
2025-04-25 19:00:00+00:00,75.89,76.15,75.73,75.84,8270.0,,,,,,,,,,,,,,,,,,,,,,,,85.86449428807785,"rgba(239, 83, 80, 1.0)",0.0,0.0,1.6068388977263766,79.43512462204801,-2.2373895896688745,0.0,0.0,0.0,0.0,0.0,0.0,0.0,0.0,39.31330815492569,-6.289433464570301,False,True,False,True,False,0.0,0,0.8744115509778523,1.0311838488515368,False,False,False,False,-0.24545940917162837,-0.24322865043927377,False,False,False,False,-230995.0,-189092.41944355165,False,False,False,False,8267.54515610144,False,False,False,False
2025-04-28 14:00:00+00:00,76.315,76.94,76.21,76.665,8664.0,,,,,,,,,,,,,,,,,,,,,,,,85.81736528676845,"rgba(239, 83, 80, 1.0)",0.0,0.0,1.5943566806798615,79.42386317063333,-1.7303927057632371,0.0,0.0,0.0,0.0,0.0,0.0,0.0,0.0,43.69387083741339,-6.289433464570301,False,False,False,True,True,0.0,0,0.8754757336520619,1.0248796904979083,False,False,False,False,-0.22639461986729,-0.2348116351532819,False,False,False,False,-222331.0,-189607.74627388417,False,False,False,False,8273.691742828549,False,False,False,False
2025-04-28 15:00:00+00:00,76.63,76.66,76.085,76.15,4564.0,,,,,,,,,,,,,,,,,,,,,,,,85.79191116740908,"rgba(239, 83, 80, 1.0)",0.0,0.0,1.591334926044839,79.41221171339386,-2.049984362186954,0.0,0.0,0.0,0.0,0.0,0.0,0.0,0.0,44.17953542555612,-10.376235613186807,False,False,False,True,True,0.0,0,0.8740829371201865,1.0301017034541389,False,False,False,False,-0.23098255951039193,-0.23289709733183692,False,False,False,False,-226895.0,-190185.8432308782,False,False,False,False,8216.177142164539,False,False,False,False
2025-04-28 16:00:00+00:00,76.135,76.135,75.59,75.995,14256.0,,,,,,,,,,,,,,,,,,,,,,,,85.71002842649465,"rgba(239, 83, 80, 1.0)",0.0,0.0,1.5341007431369647,79.35960325813745,-2.1932088053470538,0.0,0.0,0.0,0.0,0.0,0.0,0.0,0.0,43.825677058583594,-10.376235613186807,False,False,False,True,True,0.0,0,0.8754771744960094,1.0292772186642267,False,False,False,False,-0.24652524790669317,-0.23971117261926506,False,False,False,False,-241151.0,-190976.00070016691,False,False,False,False,8309.817806627105,False,False,False,False
2025-04-28 17:00:00+00:00,75.995,76.14,75.77,76.095,9845.0,,,,,,,,,,,,,,,,,,,,,,,,85.65480902428727,"rgba(239, 83, 80, 1.0)",0.0,0.0,1.5334946164698577,79.32774123816986,-2.1080877646715934,0.0,0.0,0.0,0.0,0.0,0.0,0.0,0.0,44.18978377726245,-9.964596663898675,True,False,False,True,True,0.0,0,0.8752287210549563,1.027446526594738,False,False,False,False,-0.2436977574619706,-0.24170446504061782,False,False,False,False,-231306.0,-191601.27200714106,False,False,False,False,8333.619080942963,False,False,False,False
2025-04-28 18:00:00+00:00,76.095,76.515,76.01,76.38,13375.0,,,,,,,,,,,,,,,,,,,,,,,,85.58308933972454,"rgba(239, 83, 80, 1.0)",0.0,0.0,1.5074018367046629,79.29581412650202,-1.9343310161252691,0.0,0.0,0.0,0.0,0.0,0.0,0.0,0.0,46.123829022004955,-7.9031189146916105,True,False,False,True,True,0.0,0,0.8756063756063758,1.0257355257355256,False,False,False,False,-0.23432539865346164,-0.23801493184703973,False,False,False,False,-217931.0,-192009.48484423963,False,False,False,False,8411.780025424467,False,False,False,False
2025-04-28 19:00:00+00:00,76.39,77.2,76.36,76.93,28155.0,,,,,,,,,,,,,,,,,,,,,,,,85.44404613762033,"rgba(239, 83, 80, 1.0)",0.0,0.0,1.4775153754489239,79.09919876973484,-1.4681395576514735,0.0,0.0,0.0,0.0,0.0,0.0,0.0,0.0,50.19128298588076,-3.999775626878204,True,False,False,False,True,0.0,0,0.8782510365623825,1.0220505088578968,False,False,False,False,-0.21864232337136866,-0.2283286276092042,False,False,False,False,-189776.0,-191974.85717223593,False,False,False,False,8717.876459138815,False,False,False,False
2025-04-29 14:00:00+00:00,73.4,73.585,71.915,72.42,17686.0,,,,,,,,,,,,,,,,,,,,,,,,85.3175440718288,"rgba(239, 83, 80, 1.0)",0.0,0.0,1.5581547674356915,78.83384853478113,-4.116310310648161,0.0,0.0,0.0,0.0,0.0,0.0,0.0,0.0,41.12297996584618,-3.8417426312218197,False,False,False,True,False,0.0,0,0.8682127906621446,1.0238029761359122,False,False,False,False,-0.34282825441539394,-0.28557844101229907,False,False,False,False,-207462.0,-192214.96791375167,False,False,False,False,8856.917134190928,False,False,False,False
2025-04-29 15:00:00+00:00,72.3,72.45,71.795,71.91,10021.0,,,,,,,,,,,,,,,,,,,,,,,,85.24369527683848,"rgba(239, 83, 80, 1.0)",0.0,0.0,1.6526413284084542,78.70364735561915,-4.110781473776681,0.0,0.0,0.0,0.0,0.0,0.0,0.0,0.0,34.52910740494815,-9.43733900643658,False,True,False,True,False,0.0,0,0.8663064053245407,1.031751847102644,False,False,False,False,-0.34282825441539394,-0.3142033477138465,False,False,False,False,-217483.0,-192606.72034919736,False,False,False,False,8874.96493056006,False,False,False,False
2025-04-29 16:00:00+00:00,71.91,72.35,71.635,72.24,16700.0,,,,,,,,,,,,,,,,,,,,,,,,85.12265074753869,"rgba(239, 83, 80, 1.0)",0.0,0.0,1.7154916165606262,78.52181405024433,-3.661815650745463,0.0,0.0,0.0,0.0,0.0,0.0,0.0,0.0,31.431462497017808,-11.827664808281206,False,True,False,True,False,0.0,0,0.8714157567509047,1.0304989328466698,False,False,False,False,-0.34282825441539394,-0.3285158010646202,False,False,False,False,-200783.0,-192733.4843747912,False,False,False,False,8996.28330372967,False,False,False,False
2025-04-29 17:00:00+00:00,72.335,73.165,72.125,72.82,12446.0,,,,,,,,,,,,,,,,,,,,,,,,85.03815233995252,"rgba(239, 83, 80, 1.0)",0.0,0.0,1.7388112150100563,78.42252365978,-3.2220425146887512,0.0,0.0,0.0,0.0,0.0,0.0,0.0,0.0,31.588712738817136,-11.827664808281206,False,True,False,True,False,0.0,0,0.8748723344990871,1.0250379127851192,False,False,False,False,-0.31975262160237916,-0.3241342113334997,False,False,False,False,-188337.0,-192665.32182634482,False,False,False,False,9049.767283516807,False,False,False,False
2025-04-29 18:00:00+00:00,72.82,73.21,72.37,72.79,9261.0,,,,,,,,,,,,,,,,,,,,,,,,84.97645643689688,"rgba(239, 83, 80, 1.0)",0.0,0.0,1.777349942983409,78.35570685929966,-3.131463717244796,0.0,0.0,0.0,0.0,0.0,0.0,0.0,0.0,31.63864870656994,-11.827664808281206,False,True,False,True,False,0.0,0,0.8808971384377419,1.0180665119876258,False,False,False,False,-0.3146698971887496,-0.31940205426112467,False,False,False,False,-197598.0,-192741.7974569441,False,False,False,False,9053.042209353756,False,False,False,False
2025-04-29 19:00:00+00:00,72.83,73.08,72.47,72.52,47516.0,,,,,,,,,,,,,,,,,,,,,,,,84.66691923216679,"rgba(239, 83, 80, 1.0)",0.0,0.0,1.8328265155325938,78.0497033108465,-3.0170358536305035,0.0,0.0,0.0,0.0,0.0,0.0,0.0,0.0,31.146438090132776,-12.374882417900416,False,True,False,True,False,0.0,0,0.8862960208255856,1.0146894756415024,False,False,False,False,-0.3151949627908388,-0.31729850852598174,False,False,False,False,-245114.0,-193553.7695893946,False,False,False,False,9649.36713634052,False,False,False,False
2025-04-30 14:00:00+00:00,70.8,71.72,70.78,71.55,6498.0,,,,,,,,,,,,,,,,,,,,,,,,84.62119608552833,"rgba(239, 83, 80, 1.0)",0.0,0.0,1.9324376777484187,77.58132874327791,-3.1210987100527445,0.0,0.0,0.0,0.0,0.0,0.0,0.0,0.0,29.137354091259624,-14.644183335816265,False,True,False,True,False,0.0,0,0.8806297268096926,1.0193857076709367,False,False,False,False,-0.34282825441539394,-0.3300633814706878,False,False,False,False,-251612.0,-194453.8971926598,False,False,False,False,9600.508731125938,False,False,False,False
2025-04-30 15:00:00+00:00,71.55,72.815,71.55,72.12,5520.0,,,,,,,,,,,,,,,,,,,,,,,,84.5849610665922,"rgba(239, 83, 80, 1.0)",0.0,0.0,2.006621976546676,77.57108714456359,-2.7165491100345225,0.0,0.0,0.0,0.0,0.0,0.0,0.0,0.0,30.282182800978916,-14.644183335816265,False,True,False,True,False,0.0,0,0.8797131907528742,1.020367165286191,False,False,False,False,-0.3107573915124687,-0.32041038649157827,False,False,False,False,-246092.0,-195254.48793385888,False,False,False,False,9537.24502986817,False,False,False,False
2025-04-30 16:00:00+00:00,72.135,72.37,71.93,72.135,3577.0,,,,,,,,,,,,,,,,,,,,,,,,84.56156148678836,"rgba(239, 83, 80, 1.0)",0.0,0.0,2.0782854224818683,77.55569649238016,-2.608254108767609,0.0,0.0,0.0,0.0,0.0,0.0,0.0,0.0,31.111433509185233,-14.644183335816265,False,True,False,True,False,0.0,0,0.8925049925112333,1.0169121318022964,False,False,False,False,-0.3118644450902299,-0.3161374157909041,False,False,False,False,-242515.0,-195987.20905116337,False,False,False,False,9444.838130180293,False,False,False,False
2025-04-30 17:00:00+00:00,72.18,72.555,71.97,72.405,3479.0,,,,,,,,,,,,,,,,,,,,,,,,84.53918859260051,"rgba(239, 83, 80, 1.0)",0.0,0.0,2.111556805806441,77.54165240815607,-2.4326375658145216,0.0,0.0,0.0,0.0,0.0,0.0,0.0,0.0,32.92261685327552,-14.644183335816265,False,True,False,True,True,0.0,0,0.8845589383294302,1.0177985948477752,False,False,False,False,-0.3080354718860114,-0.31208644383845774,False,False,False,False,-239036.0,-196654.63216664921,False,False,False,False,9352.344515758892,False,False,False,False
2025-04-30 18:00:00+00:00,72.41,72.485,71.89,71.89,6574.0,,,,,,,,,,,,,,,,,,,,,,,,84.49637229167756,"rgba(239, 83, 80, 1.0)",0.0,0.0,2.1689808749823976,77.50577131152053,-2.589129012751718,0.0,0.0,0.0,0.0,0.0,0.0,0.0,0.0,32.82012728359581,-14.644183335816265,False,True,False,True,True,0.0,0,0.8860414052697617,1.0196988707653702,False,False,False,False,-0.3105871411319951,-0.3113367924852264,False,False,False,False,-245610.0,-197413.63011755387,False,False,False,False,9309.269406987436,False,False,False,False
2025-04-30 19:00:00+00:00,71.93,72.78,71.83,72.7,12040.0,,,,,,,,,,,,,,,,,,,,,,,,84.42089491130125,"rgba(239, 83, 80, 1.0)",0.0,0.0,2.194461291607521,77.45327492966857,-2.166032705998027,0.0,0.0,0.0,0.0,0.0,0.0,0.0,0.0,36.34243693783225,-18.512491137260554,False,True,False,True,True,0.0,0,0.8902756436388726,1.0106619837561541,False,False,False,False,-0.30659125233843953,-0.30896402241183296,False,False,False,False,-233570.0,-197974.19399170033,False,False,False,False,9351.606315406234,False,False,False,False
2025-05-01 14:00:00+00:00,73.12,74.15,73.12,74.07,4322.0,,,,,,,,,,,,,,,,,,,,,,,,84.39704197098779,"rgba(239, 83, 80, 1.0)",0.0,0.0,2.1849944605870735,77.45118087862579,-1.547455126141294,0.0,0.0,0.0,0.0,0.0,0.0,0.0,0.0,43.091915593252665,-12.190986367870572,False,False,False,True,True,0.0,0,0.8994042234629903,0.998034873202533,False,False,False,False,-0.2619843230676597,-0.2854741727397463,False,False,False,False,-229248.0,-198459.05920113134,False,False,False,False,9273.627922919315,False,False,False,False
2025-05-01 15:00:00+00:00,74.07,74.27,73.195,73.195,5186.0,,,,,,,,,,,,,,,,,,,,,,,,84.36795337345924,"rgba(239, 83, 80, 1.0)",0.0,0.0,2.177389394798274,77.44286467855571,-1.9508980289440887,0.0,0.0,0.0,0.0,0.0,0.0,0.0,0.0,44.88410820234322,-10.640600228303619,True,False,False,True,True,0.0,0,0.8981689088191331,1.0010899352267066,False,False,False,False,-0.2587559872050665,-0.27211507997240636,False,False,False,False,-234434.0,-199016.81022126882,False,False,False,False,9210.253846594986,False,False,False,False
2025-05-01 16:00:00+00:00,73.205,73.315,72.95,73.035,4536.0,,,,,,,,,,,,,,,,,,,,,,,,84.34157714344495,"rgba(239, 83, 80, 1.0)",0.0,0.0,2.17346375693411,77.42875946302595,-2.021547149801016,0.0,0.0,0.0,0.0,0.0,0.0,0.0,0.0,45.615560520452846,-9.91606094527419,True,False,False,True,True,0.0,0,0.8955587482041352,1.007995502529827,False,False,False,False,-0.2787092736602633,-0.27541217681633484,False,False,False,False,-238970.0,-199636.2395201639,False,False,False,False,9137.784794709793,False,False,False,False
2025-05-01 17:00:00+00:00,73.035,73.75,73.035,73.23,4526.0,,,,,,,,,,,,,,,,,,,,,,,,84.31593721908449,"rgba(239, 83, 80, 1.0)",0.0,0.0,2.165412633628363,77.41707651944256,-1.9336160020580904,0.0,0.0,0.0,0.0,0.0,0.0,0.0,0.0,46.770605049360086,-8.65968035307992,True,False,False,True,True,0.0,0,0.8911679310667793,1.0091473884674222,False,False,False,False,-0.27003714121177363,-0.27272465901405424,False,False,False,False,-234444.0,-200175.89472140165,False,False,False,False,9066.284255256927,False,False,False,False
2025-05-01 18:00:00+00:00,73.3,73.535,73.125,73.47,7058.0,,,,,,,,,,,,,,,,,,,,,,,,84.27632983271158,"rgba(239, 83, 80, 1.0)",0.0,0.0,2.1492083981648227,77.39861095905006,-1.8279339325142432,0.0,0.0,0.0,0.0,0.0,0.0,0.0,0.0,48.38551828520866,-6.924191944214897,True,False,False,False,True,0.0,0,0.8898177719331205,1.0135888283549377,False,False,False,False,-0.2721181249155307,-0.2724213919647925,False,False,False,False,-227386.0,-200597.75681874427,False,False,False,False,9035.148065252943,False,False,False,False
2025-05-01 19:00:00+00:00,73.47,74.09,73.36,73.53,9632.0,,,,,,,,,,,,,,,,,,,,,,,,84.22413152288581,"rgba(239, 83, 80, 1.0)",0.0,0.0,2.1369808668373014,77.37839735892041,-1.800857189992523,0.0,0.0,0.0,0.0,0.0,0.0,0.0,0.0,49.68480474643845,-5.465277609200619,True,False,False,False,True,0.0,0,0.8863863551168312,1.012089216543796,False,False,False,False,-0.2586762786928103,-0.26554883532880136,False,False,False,False,-217754.0,-200863.74508512032,False,False,False,False,9044.401583621115,False,False,False,False
2025-05-02 14:00:00+00:00,74.13,74.91,74.13,74.68,4150.0,,,,,,,,,,,,,,,,,,,,,,,,84.20373022268632,"rgba(38, 166, 154, 1.0)",0.0,0.0,2.110204076208444,77.21260326831204,-1.2001698304282216,0.0,0.0,0.0,0.0,0.0,0.0,0.0,0.0,54.19988806293621,-1.0935374909050068,True,False,True,False,True,0.0,0,0.8901293693245428,1.0034519218808309,False,False,False,False,-0.23243953014386412,-0.24899418273633273,False,False,False,False,-213604.0,-201061.26841713395,False,False,False,False,8968.519388526214,False,False,False,False
2025-05-02 15:00:00+00:00,74.68,74.685,73.91,74.13,7508.0,,,,,,,,,,,,,,,,,,,,,,,,84.16577580686247,"rgba(38, 166, 154, 1.0)",0.0,0.0,2.0870219785000446,77.19221951212874,-1.467267495826558,0.0,0.0,0.0,0.0,0.0,0.0,0.0,0.0,54.89422784747781,-0.34863430951328667,True,False,True,False,True,0.0,0,0.8886470350446223,1.0060947168755248,False,False,False,False,-0.21580342022049132,-0.23239880147841202,False,False,False,False,-221112.0,-201372.13247268225,False,False,False,False,8945.875677076196,False,False,False,False
2025-05-02 16:00:00+00:00,74.095,74.83,74.095,74.475,3775.0,,,,,,,,,,,,,,,,,,,,,,,,84.14723167950832,"rgba(38, 166, 154, 1.0)",0.0,0.0,2.058109562918477,77.19105414719033,-1.3196839449785496,0.0,0.0,0.0,0.0,0.0,0.0,0.0,0.0,56.405675355497756,1.2537435079683803,True,False,True,False,True,0.0,0,0.895704736623277,1.002270764704001,False,False,False,False,-0.20915089355978198,-0.22077484751909698,False,False,False,False,-217337.0,-201619.64979868717,False,False,False,False,8865.707061927727,False,False,False,False
2025-05-02 17:00:00+00:00,74.48,74.905,74.405,74.585,6768.0,,,,,,,,,,,,,,,,,,,,,,,,84.11472546534483,"rgba(38, 166, 154, 1.0)",0.0,0.0,2.043783311711089,77.19199158638727,-1.2755714225911086,0.0,0.0,0.0,0.0,0.0,0.0,0.0,0.0,57.75357351800158,2.7311245261785047,True,False,True,False,True,0.0,0,0.895402594067035,1.0029215358931551,False,False,False,False,-0.20141256581354514,-0.21109370666632105,False,False,False,False,-210569.0,-201758.3994142114,False,False,False,False,8833.184471820321,False,False,False,False
2025-05-02 18:00:00+00:00,74.59,74.74,74.44,74.45,2570.0,,,,,,,,,,,,,,,,,,,,,,,,84.10232560781125,"rgba(38, 166, 154, 1.0)",0.0,0.0,2.0202551306199727,77.1905125644004,-1.3565180569839148,0.0,0.0,0.0,0.0,0.0,0.0,0.0,0.0,57.975694481742906,3.214800380870649,True,False,True,False,True,0.0,0,0.8915240056635345,1.0050521302612947,False,False,False,False,-0.2023568192290599,-0.20672526294769047,False,False,False,False,-213139.0,-201934.8428341461,False,False,False,False,8736.0808365983,False,False,False,False
2025-05-02 19:00:00+00:00,74.46,74.68,74.33,74.45,22301.0,,,,,,,,,,,,,,,,,,,,,,,,83.99543073561999,"rgba(38, 166, 154, 1.0)",0.0,0.0,1.9949331719042371,77.16793914087623,-1.3624211473118435,0.0,0.0,0.0,0.0,0.0,0.0,0.0,0.0,58.12377512423713,3.705903853358862,True,False,True,False,True,0.0,0,0.8922049428921729,1.0044202103632962,False,False,False,False,-0.2011128497163043,-0.2039190563319974,False,False,False,False,-213139.0,-202108.55069718263,False,False,False,False,8946.389660837085,False,False,False,False
2025-05-05 14:00:00+00:00,73.725,74.495,73.725,74.405,2357.0,,,,,,,,,,,,,,,,,,,,,,,,83.98394504776286,"rgba(38, 166, 154, 1.0)",0.0,0.0,1.9882221335292993,77.16337672034055,-1.3873584212867336,0.0,0.0,0.0,0.0,0.0,0.0,0.0,0.0,57.95053950251931,3.91159413150055,True,False,True,False,True,0.0,0,0.8923543846054502,1.002260105902105,False,False,False,False,-0.21208487610969826,-0.20800196622084782,False,False,False,False,-215496.0,-202316.10805071468,False,False,False,False,8844.228580824107,False,False,False,False
2025-05-05 15:00:00+00:00,74.405,74.46,73.435,73.875,6443.0,,,,,,,,,,,,,,,,,,,,,,,,83.95177401095454,"rgba(38, 166, 154, 1.0)",0.0,0.0,1.984407400140728,77.14620321482042,-1.6484534448865862,0.0,0.0,0.0,0.0,0.0,0.0,0.0,0.0,54.83676873035466,3.91159413150055,True,False,True,False,False,0.0,0,0.8972480632718551,1.0001620693008328,False,False,False,False,-0.1827107748017686,-0.19535637051130822,False,False,False,False,-221939.0,-202620.33893364933,False,False,False,False,8807.00023073381,False,False,False,False
2025-05-05 16:00:00+00:00,73.875,73.98,73.645,73.73,5669.0,,,,,,,,,,,,,,,,,,,,,,,,83.92324925354148,"rgba(38, 166, 154, 1.0)",0.0,0.0,1.9876754339263216,77.12974000358781,-1.7104100325233627,0.0,0.0,0.0,0.0,0.0,0.0,0.0,0.0,52.017908822476244,6.028873067787103,True,False,False,False,False,0.0,0,0.9087722811936715,0.9935910274384139,False,False,False,False,-0.19044564015503604,-0.19290100533317212,False,False,False,False,-227608.0,-203007.74453157722,False,False,False,False,8758.349064365844,False,False,False,False
2025-05-05 17:00:00+00:00,73.715,74.05,73.68,73.965,6148.0,,,,,,,,,,,,,,,,,,,,,,,,83.89283847858913,"rgba(38, 166, 154, 1.0)",0.0,0.0,1.9824988145149336,77.11429998995133,-1.588550755689548,0.0,0.0,0.0,0.0,0.0,0.0,0.0,0.0,51.517727534946275,5.45968713940664,True,False,False,False,False,0.0,0,0.9065065267124209,0.9930359305611626,False,False,False,False,-0.1874350100111137,-0.19016800767214292,False,False,False,False,-221460.0,-203293.8260117078,False,False,False,False,8717.878536236141,False,False,False,False
2025-05-05 18:00:00+00:00,73.95,74.375,73.76,73.88,8099.0,,,,,,,,,,,,,,,,,,,,,,,,83.85348223909976,"rgba(38, 166, 154, 1.0)",0.0,0.0,1.9690725854702318,77.09661947855936,-1.6335707999262044,0.0,0.0,0.0,0.0,0.0,0.0,0.0,0.0,50.67167635794689,4.496399725784464,True,False,False,False,False,0.0,0,0.9028979165965467,0.989162263134866,False,False,False,False,-0.17585347219673467,-0.18301073993443878,False,False,False,False,-229559.0,-203701.03801152628,False,False,False,False,8708.283520170464,False,False,False,False
2025-05-05 19:00:00+00:00,73.88,73.945,73.42,73.595,18592.0,,,,,,,,,,,,,,,,,,,,,,,,83.76112662618057,"rgba(38, 166, 154, 1.0)",0.0,0.0,1.947523703727419,77.04391692937028,-1.7709242371578369,0.0,0.0,0.0,0.0,0.0,0.0,0.0,0.0,48.42604393033228,2.2473104147792213,True,False,False,True,False,0.0,0,0.8982815777011026,0.9978350585210742,False,False,False,False,-0.1938727621095588,-0.18844175102199878,False,False,False,False,-248151.0,-204390.184709022,False,False,False,False,8861.519434586426,False,False,False,False
2025-05-06 14:00:00+00:00,73.0,73.42,72.81,73.13,5557.0,,,,,,,,,,,,,,,,,,,,,,,,83.73240659217191,"rgba(38, 166, 154, 1.0)",0.0,0.0,1.9391338086711614,77.02297981186376,-2.0075869929427546,0.0,0.0,0.0,0.0,0.0,0.0,0.0,0.0,44.60046646335064,-1.3507723702521304,False,False,False,True,False,0.0,0,0.8972923139959709,1.0009560555878032,False,False,False,False,-0.21802953865492597,-0.20323564483846238,False,False,False,False,-253708.0,-205154.802000355,False,False,False,False,8810.286575135475,False,False,False,False
2025-05-06 15:00:00+00:00,73.13,73.35,72.91,72.915,4946.0,,,,,,,,,,,,,,,,,,,,,,,,83.70682667008418,"rgba(38, 166, 154, 1.0)",0.0,0.0,1.9359023130750608,77.00424983950877,-2.1123224100152282,0.0,0.0,0.0,0.0,0.0,0.0,0.0,0.0,41.109274512579816,-4.509198976153584,False,True,False,True,False,0.0,0,0.901124213566198,0.9926427613710593,False,False,False,False,-0.1959690613131612,-0.19960235307581178,False,False,False,False,-258654.0,-205984.24693058207,False,False,False,False,8750.375155365931,False,False,False,False
2025-05-06 16:00:00+00:00,72.915,73.245,72.76,72.79,2791.0,,,,,,,,,,,,,,,,,,,,,,,,83.69227504192727,"rgba(38, 166, 154, 1.0)",0.0,0.0,1.9314525925118455,76.99319782551574,-2.176184826804105,0.0,0.0,0.0,0.0,0.0,0.0,0.0,0.0,38.240509000650576,-7.053379176624162,False,True,False,True,False,0.0,0,0.9198413822404757,0.9935207477694377,False,False,False,False,-0.20216240798201437,-0.20088238052891308,False,False,False,False,-261445.0,-206844.10356731724,False,False,False,False,8657.981742104444,False,False,False,False
2025-05-06 17:00:00+00:00,72.765,72.94,71.865,71.905,4287.0,,,,,,,,,,,,,,,,,,,,,,,,83.66856132008282,"rgba(239, 83, 80, 1.0)",0.0,0.0,1.9415026733523322,76.97084185974502,-2.609237643231255,0.0,0.0,0.0,0.0,0.0,0.0,0.0,0.0,33.35026455662358,-11.435109049823929,False,True,False,True,False,0.0,0,0.9140238842587581,0.9862900025255258,False,False,False,False,-0.24918017113588017,-0.22503127583239663,False,False,False,False,-265732.0,-207757.0942096844,False,False,False,False,8590.214583312129,False,False,False,False
2025-05-06 18:00:00+00:00,71.92,72.05,71.64,71.885,9535.0,,,,,,,,,,,,,,,,,,,,,,,,83.61443455230548,"rgba(239, 83, 80, 1.0)",0.0,0.0,1.9486866055089818,76.9163877318106,-2.5819378639883643,0.0,0.0,0.0,0.0,0.0,0.0,0.0,0.0,30.035584415827437,-14.301456906953128,False,True,False,True,False,0.0,0,0.9103245052386496,0.9783178114086145,False,False,False,False,-0.29385295222261576,-0.25944211402750617,False,False,False,False,-275267.0,-208803.7594157358,False,False,False,False,8604.86241922977,False,False,False,False
2025-05-06 19:00:00+00:00,71.855,71.97,71.51,71.54,14570.0,,,,,,,,,,,,,,,,,,,,,,,,83.53139094186055,"rgba(239, 83, 80, 1.0)",0.0,0.0,1.9602058105779256,76.54697612040323,-2.554311436780723,0.0,0.0,0.0,0.0,0.0,0.0,0.0,0.0,26.899853284182093,-17.06320061097587,False,True,False,True,False,0.0,0,0.9102990033222592,0.9829457364341085,False,False,False,False,-0.3023906651430816,-0.28091638958529386,False,False,False,False,-289837.0,-210060.08872711973,False,False,False,False,8697.345172420006,False,False,False,False
2025-05-07 14:00:00+00:00,72.0,72.125,71.58,71.8,3872.0,,,,,,,,,,,,,,,,,,,,,,,,83.50981411313722,"rgba(239, 83, 80, 1.0)",0.0,0.0,1.9623967305138845,76.53004027728987,-2.410338441631646,0.0,0.0,0.0,0.0,0.0,0.0,0.0,0.0,27.228101184242586,-17.06320061097587,False,True,False,True,False,0.0,0,0.9077900242854474,0.9811320754716981,False,False,False,False,-0.29324471974999666,-0.28708055466764526,False,False,False,False,-285965.0,-211236.9090569318,False,False,False,False,8622.533619359232,False,False,False,False
2025-05-07 15:00:00+00:00,71.84,72.54,71.77,72.37,13740.0,,,,,,,,,,,,,,,,,,,,,,,,83.4364331029149,"rgba(239, 83, 80, 1.0)",0.0,0.0,1.9507491446182648,76.48639113043242,-2.1101591364470087,0.0,0.0,0.0,0.0,0.0,0.0,0.0,0.0,31.8697683659437,-17.06320061097587,False,True,False,True,True,0.0,0,0.9116389013957675,0.9685577067387061,False,False,False,False,-0.26888245415921014,-0.2779815044134277,False,False,False,False,-272225.0,-212182.46085449873,False,False,False,False,8701.874183400174,False,False,False,False
2025-05-07 16:00:00+00:00,72.32,72.335,71.99,72.17,9830.0,,,,,,,,,,,,,,,,,,,,,,,,83.3842315623781,"rgba(239, 83, 80, 1.0)",0.0,0.0,1.939621322288851,76.4502268567341,-2.2067332460973463,0.0,0.0,0.0,0.0,0.0,0.0,0.0,0.0,34.0353879113885,-22.391886389189025,False,True,False,True,True,0.0,0,0.9087163837497617,0.9863436963570478,False,False,False,False,-0.2682824829363864,-0.27313199367490704,False,False,False,False,-282055.0,-213265.75603504913,False,False,False,False,8719.364506138156,False,False,False,False
2025-05-07 17:00:00+00:00,72.17,72.36,72.035,72.07,4128.0,,,,,,,,,,,,,,,,,,,,,,,,83.36243457037313,"rgba(239, 83, 80, 1.0)",0.0,0.0,1.9567525657597307,76.43494059309066,-2.2307064620589516,0.0,0.0,0.0,0.0,0.0,0.0,0.0,0.0,35.00991712560351,-21.333572617219595,False,True,False,True,True,0.0,0,0.9080046403712295,0.9921887084300076,False,False,False,False,-0.2654209909853129,-0.26927649233011,False,False,False,False,-286183.0,-214396.25594148246,False,False,False,False,8648.180560306557,False,False,False,False
2025-05-07 18:00:00+00:00,72.12,72.375,71.61,72.295,3354.0,,,,,,,,,,,,,,,,,,,,,,,,83.34468962060856,"rgba(239, 83, 80, 1.0)",0.0,0.0,1.9743224929858842,76.42204612146021,-2.0903606863226463,0.0,0.0,0.0,0.0,0.0,0.0,0.0,0.0,37.44530928102195,-18.83435797066725,False,True,False,True,True,0.0,0,0.9045885208675906,0.992913632448516,False,False,False,False,-0.2809340707773562,-0.2751052815537331,False,False,False,False,-282829.0,-215457.2287175835,False,False,False,False,8566.100241542114,False,False,False,False
2025-05-07 19:00:00+00:00,72.285,72.295,71.71,71.87,9434.0,,,,,,,,,,,,,,,,,,,,,,,,83.2944803655875,"rgba(239, 83, 80, 1.0)",0.0,0.0,1.9975384333715558,76.38332317102851,-2.2594424696052866,0.0,0.0,0.0,0.0,0.0,0.0,0.0,0.0,36.91137723215068,-18.83435797066725,False,True,False,True,True,0.0,0,0.9112298204956988,0.976707647590243,False,False,False,False,-0.28011557970919887,-0.27761043063146595,False,False,False,False,-292263.0,-216648.01586924886,False,False,False,False,8579.556051750764,False,False,False,False
2025-05-08 14:00:00+00:00,72.16,73.03,71.845,72.67,6502.0,,,,,,,,,,,,,,,,,,,,,,,,83.26181932259858,"rgba(239, 83, 80, 1.0)",0.0,0.0,2.0092317903594616,76.36555030166686,-1.8392852031301492,0.0,0.0,0.0,0.0,0.0,0.0,0.0,0.0,41.78764321484876,-14.34664013783285,False,False,False,True,True,0.0,0,0.9155283403988066,0.9691474328780026,False,False,False,False,-0.2448471698060296,-0.2612288002187478,False,False,False,False,-285761.0,-217719.53500305896,False,False,False,False,8547.34588040579,False,False,False,False
2025-05-08 15:00:00+00:00,72.645,74.29,72.645,73.865,9210.0,,,,,,,,,,,,,,,,,,,,,,,,83.22052941979841,"rgba(38, 166, 154, 1.0)",0.0,0.0,2.009788602124345,76.36127688615119,-1.2420594302866632,0.0,0.0,0.0,0.0,0.0,0.0,0.0,0.0,49.74485093199834,-6.999465685810037,True,False,True,False,True,0.0,0,0.9376799589792134,0.9525499940835404,False,False,False,False,-0.16350708838612296,-0.21236794430243539,False,False,False,False,-276551.0,-218631.6507394456,False,False,False,False,8557.61958768632,False,False,False,False
2025-05-08 16:00:00+00:00,73.91,74.475,73.91,74.475,7655.0,,,,,,,,,,,,,,,,,,,,,,,,83.18890883353963,"rgba(38, 166, 154, 1.0)",0.0,0.0,2.004747286988659,76.36658003866818,-0.9435503671435479,0.0,0.0,0.0,0.0,0.0,0.0,0.0,0.0,56.690393037602206,-0.8691264157353586,True,False,True,False,True,0.0,0,0.9730202653210709,0.9413200944087247,False,False,False,False,-0.10757310400944124,-0.15997052415593832,False,False,False,False,-268896.0,-219410.94297604336,False,False,False,False,8543.625485551649,False,False,False,False
2025-05-08 17:00:00+00:00,74.51,74.7,74.3,74.42,7566.0,,,,,,,,,,,,,,,,,,,,,,,,83.15852579322205,"rgba(38, 166, 154, 1.0)",0.0,0.0,1.9856796031812878,76.3725849610192,-0.9833333423433126,0.0,0.0,0.0,0.0,0.0,0.0,0.0,0.0,60.9835938975938,2.7754053216519026,True,False,True,False,True,0.0,0,0.9750716332378222,0.9334834220221039,False,False,False,False,-0.08407014119393592,-0.12202033267493712,False,False,False,False,-276462.0,-220295.45548804267,False,False,False,False,8528.46850127953,False,False,False,False
2025-05-08 18:00:00+00:00,74.42,74.7,73.94,73.945,8380.0,,,,,,,,,,,,,,,,,,,,,,,,83.12404969714106,"rgba(38, 166, 154, 1.0)",0.0,0.0,1.9656492107758028,76.37288763475505,-1.2351581459424354,0.0,0.0,0.0,0.0,0.0,0.0,0.0,0.0,61.01147997512715,2.7754053216519026,True,False,True,False,True,0.0,0,0.976720315322713,0.9298324848086713,False,False,False,False,-0.09781507428961878,-0.10991770348227795,False,False,False,False,-284842.0,-221296.1771083831,False,False,False,False,8526.16666405039,False,False,False,False
2025-05-08 19:00:00+00:00,73.94,74.46,73.625,73.715,21637.0,,,,,,,,,,,,,,,,,,,,,,,,83.03367436550938,"rgba(38, 166, 154, 1.0)",0.0,0.0,1.9527306890986957,76.35850133498406,-1.3537459874736688,0.0,0.0,0.0,0.0,0.0,0.0,0.0,0.0,59.759441636024896,2.7754053216519026,True,False,True,False,True,0.0,0,0.9711164838960366,0.9789741818495812,False,False,False,False,-0.1190794674179027,-0.11449858545009033,False,False,False,False,-306479.0,-222616.84102918333,False,False,False,False,8729.435397941083,False,False,False,False
2025-05-09 14:00:00+00:00,74.44,74.48,73.95,74.27,3693.0,,,,,,,,,,,,,,,,,,,,,,,,83.01892905176355,"rgba(38, 166, 154, 1.0)",0.0,0.0,1.9476994398807619,76.3574726262478,-1.0717632215243627,0.0,0.0,0.0,0.0,0.0,0.0,0.0,0.0,60.9893065416891,3.1394070907121048,True,False,True,False,True,0.0,0,0.9201851285857747,0.9864646552853337,False,False,False,False,-0.10584966763923452,-0.11017412654466242,False,False,False,False,-302786.0,-223859.77372640528,False,False,False,False,8651.351128205562,False,False,False,False
2025-05-09 15:00:00+00:00,74.27,74.345,73.94,73.99,2860.0,,,,,,,,,,,,,,,,,,,,,,,,83.00736003728261,"rgba(38, 166, 154, 1.0)",0.0,0.0,1.9334500345340626,76.35590274650173,-1.223668935966005,0.0,0.0,0.0,0.0,0.0,0.0,0.0,0.0,60.20203753295067,3.1394070907121048,True,False,True,False,True,0.0,0,0.919427036705461,0.9963742166517456,False,False,False,False,-0.11140525804566428,-0.11078969229516336,False,False,False,False,-305646.0,-225127.777234523,False,False,False,False,8561.56273862098,False,False,False,False
2025-05-09 16:00:00+00:00,74.0,74.045,73.54,73.63,2634.0,,,,,,,,,,,,,,,,,,,,,,,,82.99631050466586,"rgba(38, 166, 154, 1.0)",0.0,0.0,1.9214374850649572,76.35286548468879,-1.4170981392073474,0.0,0.0,0.0,0.0,0.0,0.0,0.0,0.0,57.74189374591329,3.1394070907121048,True,False,True,False,False,0.0,0,0.9552134359692093,0.9942617214835549,False,False,False,False,-0.1383282592269395,-0.12455897576105143,False,False,False,False,-308280.0,-226416.95898282496,False,False,False,False,8469.662541122982,False,False,False,False
2025-05-09 17:00:00+00:00,73.63,74.08,73.63,74.015,3764.0,,,,,,,,,,,,,,,,,,,,,,,,82.9808554106002,"rgba(38, 166, 154, 1.0)",0.0,0.0,1.8572000455020343,76.3495198093153,-1.2570104200510255,0.0,0.0,0.0,0.0,0.0,0.0,0.0,0.0,57.77602238723724,3.1394070907121048,True,False,True,False,False,0.0,0,0.969251842055545,0.9789344417154733,False,False,False,False,-0.1335070524660064,-0.1290330141135289,False,False,False,False,-304516.0,-227627.79682805247,False,False,False,False,8396.706532733477,False,False,False,False
2025-05-09 18:00:00+00:00,74.015,74.215,74.0,74.145,4115.0,,,,,,,,,,,,,,,,,,,,,,,,82.96441193523464,"rgba(38, 166, 154, 1.0)",0.0,0.0,1.817463602372742,76.34717356243524,-1.2116740932584613,0.0,0.0,0.0,0.0,0.0,0.0,0.0,0.0,58.34496582394735,3.1394070907121048,True,False,True,False,False,0.0,0,0.9801966024050391,0.9652128268753578,False,False,False,False,-0.11408969943415062,-0.12156135677383977,False,False,False,False,-300401.0,-228756.06354389663,False,False,False,False,8330.323485714353,False,False,False,False
2025-05-09 19:00:00+00:00,74.15,74.39,74.02,74.09,13706.0,,,,,,,,,,,,,,,,,,,,,,,,82.9103671095482,"rgba(38, 166, 154, 1.0)",0.0,0.0,1.7764708206385895,76.33955754996869,-1.266307064452674,0.0,0.0,0.0,0.0,0.0,0.0,0.0,0.0,58.36410559634377,3.1394070907121048,True,False,True,False,False,0.0,0,0.9810881582775677,0.9691591504218795,False,False,False,False,-0.10661556141812582,-0.1140884590959828,False,False,False,False,-314107.0,-230079.33387654938,False,False,False,False,8413.66730764126,False,False,False,False
2025-05-12 14:00:00+00:00,73.78,74.735,73.465,74.34,12670.0,,,,,,,,,,,,,,,,,,,,,,,,82.86106995181424,"rgba(38, 166, 154, 1.0)",0.0,0.0,1.7356170904575867,76.33183767059492,-1.1476250617408823,0.0,0.0,0.0,0.0,0.0,0.0,0.0,0.0,59.55534522793387,4.506793124560183,True,False,True,False,False,0.0,0,0.9677906636780041,0.9708118117142579,False,False,False,False,-0.11466514863916512,-0.11437680386757396,False,False,False,False,-301437.0,-231185.65428156412,False,False,False,False,8479.656961786357,False,False,False,False
2025-05-12 15:00:00+00:00,74.34,74.89,73.94,74.36,9218.0,,,,,,,,,,,,,,,,,,,,,,,,82.82643893005314,"rgba(38, 166, 154, 1.0)",0.0,0.0,1.708524804915863,76.32865071731406,-1.152251762251125,0.0,0.0,0.0,0.0,0.0,0.0,0.0,0.0,60.44581699277172,5.810462532669561,True,False,True,False,False,0.0,1,0.9783123028391167,0.9661869085173501,False,False,False,False,-0.09055654004994813,-0.10246667195876105,False,False,False,False,-292219.0,-232131.90770355533,False,False,False,False,8491.10414067339,False,False,False,False
2025-05-12 16:00:00+00:00,74.36,74.97,74.31,74.855,9092.0,,,,,,,,,,,,,,,,,,,,,,,,82.79382381072791,"rgba(38, 166, 154, 1.0)",0.0,0.0,1.6740847385110158,76.24397593581364,-0.8296927293232674,0.0,0.0,0.0,0.0,0.0,0.0,0.0,0.0,63.23643064415462,8.771875489012047,True,False,True,False,True,0.0,1,0.9827603388141505,0.9603388141504733,False,False,False,True,-0.07340176837826383,-0.08793422016851243,False,False,False,True,-283127.0,-232922.5292895467,False,False,False,False,8500.42035554667,False,False,False,True
2025-05-12 17:00:00+00:00,74.79,74.97,74.435,74.445,9303.0,,,,,,,,,,,,,,,,,,,,,,,,82.76033295853257,"rgba(38, 166, 154, 1.0)",0.0,0.0,1.635688088397758,76.1590181634687,-1.0478881491077425,0.0,0.0,0.0,0.0,0.0,0.0,0.0,0.0,61.888769440174315,8.771875489012047,True,False,True,False,True,0.0,1,0.9843539115221195,0.9509122719320169,False,False,False,True,-0.06864462508737554,-0.07828942262794399,False,False,False,False,-292430.0,-233845.12573467,False,False,False,False,8512.863450809511,False,False,False,False
2025-05-12 18:00:00+00:00,74.39,74.68,74.17,74.24,7288.0,,,,,,,,,,,,,,,,,,,,,,,,82.73347691047199,"rgba(38, 166, 154, 1.0)",0.0,0.0,1.58824331253861,76.14572722753249,-1.1998962706075722,0.0,0.0,0.0,0.0,0.0,0.0,0.0,0.0,59.551354111205924,8.771875489012047,True,False,True,False,False,0.0,1,0.9758311186882616,0.9590833876548162,False,False,False,False,-0.08979305023678172,-0.08404123643236286,False,False,False,False,-299718.0,-234866.4106070007,False,False,False,False,8493.873319789209,False,False,False,False
2025-05-12 19:00:00+00:00,74.23,74.39,73.955,74.22,19133.0,,,,,,,,,,,,,,,,,,,,,,,,82.6623259510702,"rgba(38, 166, 154, 1.0)",0.0,0.0,1.5283243989651785,76.11523697392246,-1.2400750620782612,0.0,0.0,0.0,0.0,0.0,0.0,0.0,0.0,57.847821824370406,12.098397854011594,True,False,True,False,False,0.0,1,0.9668702290076336,0.9788295165394401,False,False,False,False,-0.10910558173144932,-0.09657340908190609,False,False,False,False,-318851.0,-236168.4972642565,False,False,False,False,8658.821020257594,False,False,False,False
2025-05-13 14:00:00+00:00,72.83,73.06,72.18,72.33,5743.0,,,,,,,,,,,,,,,,,,,,,,,,82.63704881461265,"rgba(239, 83, 80, 1.0)",0.0,0.0,1.4839245567392936,76.07674528620137,-2.524889334289539,0.0,0.0,0.0,0.0,0.0,0.0,0.0,0.0,48.405148138242055,3.4145225902725755,False,False,False,True,False,0.0,0,0.948391959798995,0.9770351758793969,False,False,False,False,-0.23023132716023564,-0.16340236812107087,False,False,False,False,-324594.0,-237539.43529116726,False,False,False,False,8613.61449281174,False,False,False,False
2025-05-13 15:00:00+00:00,72.215,72.575,71.975,72.225,15071.0,,,,,,,,,,,,,,,,,,,,,,,,82.5695885784515,"rgba(239, 83, 80, 1.0)",0.0,0.0,1.4414068390567278,75.98679975173042,-2.609811227336887,0.0,0.0,0.0,0.0,0.0,0.0,0.0,0.0,41.83634046510723,-2.2121483033008147,False,True,False,True,False,0.0,0,0.9406424933178678,0.9890060013112106,False,False,False,False,-0.2579479868404857,-0.2106751774807783,False,False,False,False,-339665.0,-239122.7773796763,False,False,False,False,8713.728996799153,False,False,False,False
2025-05-13 16:00:00+00:00,72.24,72.24,71.785,71.91,10839.0,,,,,,,,,,,,,,,,,,,,,,,,82.52030827462625,"rgba(239, 83, 80, 1.0)",0.0,0.0,1.3979939230958256,75.92774981974472,-2.873939402288321,0.0,0.0,0.0,0.0,0.0,0.0,0.0,0.0,36.63618341506768,-6.52738255868077,False,True,False,True,False,0.0,0,0.927686590275627,1.0046454010529575,False,False,False,False,-0.27929745427434466,-0.24498631587756148,False,False,False,False,-350504.0,-240849.6180404565,False,False,False,False,8746.678934833273,False,False,False,False
2025-05-13 17:00:00+00:00,71.92,72.1,71.73,71.915,11982.0,,,,,,,,,,,,,,,,,,,,,,,,82.46603809832934,"rgba(239, 83, 80, 1.0)",0.0,0.0,1.3958163938746615,75.86956455781834,-2.8331552596547547,0.0,0.0,0.0,0.0,0.0,0.0,0.0,0.0,33.207034517928975,-9.320723338573522,False,True,False,True,False,0.0,0,0.9254677754677755,1.0058212058212057,False,False,False,False,-0.28728992234721074,-0.2661381191123861,False,False,False,False,-338522.0,-242363.9185359533,False,False,False,False,8796.838951347487,False,False,False,False
2025-05-13 18:00:00+00:00,71.915,72.77,71.87,72.51,9201.0,,,,,,,,,,,,,,,,,,,,,,,,82.42657261185317,"rgba(239, 83, 80, 1.0)",0.0,0.0,1.3758399498384386,75.8385602719154,-2.4192932268802467,0.0,0.0,0.0,0.0,0.0,0.0,0.0,0.0,35.09492146649394,-9.320723338573522,False,True,False,True,False,0.0,0,0.9290137913088732,0.9965131407754356,False,False,False,False,-0.25431156664477594,-0.26022484287858105,False,False,False,False,-329321.0,-243712.09034159742,False,False,False,False,8803.105014117295,False,False,False,False
2025-05-13 19:00:00+00:00,72.51,72.78,72.39,72.405,15935.0,,,,,,,,,,,,,,,,,,,,,,,,82.35990306080555,"rgba(239, 83, 80, 1.0)",0.0,0.0,1.3544336005807958,75.79355700800029,-2.5018258603059174,0.0,0.0,0.0,0.0,0.0,0.0,0.0,0.0,35.93045366237148,-9.320723338573522,False,True,False,True,True,0.0,0,0.9282618910875581,0.9989557771628463,False,False,False,False,-0.2330267027466423,-0.24662577281261167,False,False,False,False,-345256.0,-245286.41452234783,False,False,False,False,8913.677029402297,False,False,False,False
2025-05-14 14:00:00+00:00,72.0,72.0,71.26,71.27,4313.0,,,,,,,,,,,,,,,,,,,,,,,,82.34016584673664,"rgba(239, 83, 80, 1.0)",0.0,0.0,1.3503861709950618,75.77368660584575,-3.3351101355896713,0.0,0.0,0.0,0.0,0.0,0.0,0.0,0.0,32.925201255058425,-9.375572280320412,False,True,False,True,True,0.0,0,0.916043613707165,1.0066978193146416,False,False,False,False,-0.3108630377875408,-0.27874440530007627,False,False,False,False,-349569.0,-246903.19879331917,False,False,False,False,8842.348703365053,False,False,False,False
2025-05-14 15:00:00+00:00,71.28,71.31,70.535,71.18,17586.0,,,,,,,,,,,,,,,,,,,,,,,,82.25673275570927,"rgba(239, 83, 80, 1.0)",0.0,0.0,1.3504780334840043,75.68266310804718,-3.3341253959022685,0.0,0.0,0.0,0.0,0.0,0.0,0.0,0.0,30.699861183251045,-11.707201892729088,False,True,False,True,False,0.0,0,0.9067352131692371,1.0175001298229212,False,False,False,False,-0.34282825441539394,-0.31078632985773513,False,False,False,False,-367155.0,-248767.56780427546,False,False,False,False,8977.909188584199,False,False,False,False
2025-05-14 16:00:00+00:00,71.185,71.555,71.11,71.325,10570.0,,,,,,,,,,,,,,,,,,,,,,,,82.20859134991463,"rgba(239, 83, 80, 1.0)",0.0,0.0,1.3429482592531041,75.63813310386372,-3.211689708926327,0.0,0.0,0.0,0.0,0.0,0.0,0.0,0.0,30.270813887717406,-12.465087241654984,False,True,False,True,False,0.0,0,0.9135076025827952,1.0131222661945425,False,False,False,False,-0.3079204015014803,-0.3093533656796077,False,False,False,False,-356585.0,-250439.15590033322,False,False,False,False,9002.592767055761,False,False,False,False
2025-05-14 17:00:00+00:00,71.325,71.465,70.91,71.015,8342.0,,,,,,,,,,,,,,,,,,,,,,,,82.17020288908127,"rgba(239, 83, 80, 1.0)",0.0,0.0,1.3147097545628337,75.60188083902332,-3.488892375753726,0.0,0.0,0.0,0.0,0.0,0.0,0.0,0.0,29.06787801583858,-14.048749835342079,False,True,False,True,False,0.0,0,0.9134620388197949,1.0097830046313157,False,False,False,False,-0.31967111341950594,-0.3145122395495568,False,False,False,False,-364927.0,-252214.16123521177,False,False,False,False,8992.351018729316,False,False,False,False
2025-05-14 18:00:00+00:00,71.025,71.245,70.815,71.06,8188.0,,,,,,,,,,,,,,,,,,,,,,,,82.13247588679788,"rgba(239, 83, 80, 1.0)",0.0,0.0,1.29743223538239,75.56648962840438,-3.47339113790108,0.0,0.0,0.0,0.0,0.0,0.0,0.0,0.0,28.633658798191757,-14.95854711913428,False,True,False,True,False,0.0,0,0.9149158020958239,1.0107397945883945,False,False,False,False,-0.3331988770124323,-0.32385555828099455,False,False,False,False,-356739.0,-253834.70137109995,False,False,False,False,8979.880460299404,False,False,False,False
2025-05-14 19:00:00+00:00,71.035,71.245,70.795,70.93,11859.0,,,,,,,,,,,,,,,,,,,,,,,,82.07804138024127,"rgba(239, 83, 80, 1.0)",0.0,0.0,1.2840016558619398,75.51653147430237,-3.572060404566582,0.0,0.0,0.0,0.0,0.0,0.0,0.0,0.0,27.912795018612393,-16.168006246395713,False,True,False,True,False,0.0,0,0.9151262692007289,1.0074980473834936,False,False,False,False,-0.3340469485169982,-0.32895125339899633,False,False,False,False,-368598.0,-255613.9773188348,False,False,False,False,9024.517972542824,False,False,False,False
2025-05-15 14:00:00+00:00,70.46,70.75,70.23,70.61,4691.0,,,,,,,,,,,,,,,,,,,,,,,,82.05576832280092,"rgba(239, 83, 80, 1.0)",0.0,0.0,1.2716113775440434,74.98899081286517,-3.4436549485131502,0.0,0.0,0.0,0.0,0.0,0.0,0.0,0.0,26.4234986487537,-18.057841951184734,False,True,False,True,False,0.0,0,0.9095719844357977,1.010012970168612,False,False,False,False,-0.34282825441539394,-0.3358897539071951,False,False,False,False,-373289.0,-257438.39627513193,False,False,False,False,8957.33164738712,False,False,False,False
2025-05-15 15:00:00+00:00,70.62,71.27,70.62,71.195,6207.0,,,,,,,,,,,,,,,,,,,,,,,,82.02769748347639,"rgba(239, 83, 80, 1.0)",0.0,0.0,1.2313145688943767,74.98016837200285,-3.0740872134743276,0.0,0.0,0.0,0.0,0.0,0.0,0.0,0.0,30.288267964052906,-18.057841951184734,False,True,False,True,True,0.0,0,0.9132547559966914,1.0047043010752685,False,False,False,False,-0.3040340861074949,-0.319961920007345,False,False,False,False,-367082.0,-259138.2971080756,False,False,False,False,8914.690846652435,False,False,False,False
2025-05-15 16:00:00+00:00,71.185,71.51,71.04,71.44,6368.0,,,,,,,,,,,,,,,,,,,,,,,,81.99983243514832,"rgba(239, 83, 80, 1.0)",0.0,0.0,1.157498467690862,74.96936518143818,-3.049131623024129,0.0,0.0,0.0,0.0,0.0,0.0,0.0,0.0,34.565286742383265,-21.01534476938415,False,True,False,True,True,0.0,0,0.9270892922148838,1.0005200478444012,False,False,False,False,-0.27644901127940735,-0.2982054656433762,False,False,False,False,-360714.0,-260713.1142071752,False,False,False,False,8875.207267634567,False,False,False,False
2025-05-15 17:00:00+00:00,71.465,71.545,71.205,71.205,14417.0,,,,,,,,,,,,,,,,,,,,,,,,81.93721143964218,"rgba(239, 83, 80, 1.0)",0.0,0.0,1.173549374819453,74.93183850370835,-3.175698086228126,0.0,0.0,0.0,0.0,0.0,0.0,0.0,0.0,36.244212323876965,-19.378741993110754,False,True,False,True,True,0.0,0,0.9272546869288212,0.9998433338555535,False,False,False,False,-0.2681720193285809,-0.2831887424859786,False,False,False,False,-375131.0,-262487.0349171415,False,False,False,False,8961.126534803023,False,False,False,False
2025-05-15 18:00:00+00:00,71.13,71.405,71.085,71.35,8116.0,,,,,,,,,,,,,,,,,,,,,,,,81.9021550219851,"rgba(239, 83, 80, 1.0)",0.0,0.0,1.1819670770267532,74.90850834287514,-3.010666212316672,0.0,0.0,0.0,0.0,0.0,0.0,0.0,0.0,38.44235949999355,-17.202577957267316,False,True,False,True,True,0.0,0,0.9248249921638281,0.9993731062584889,False,False,False,False,-0.2789392816171693,-0.28106401205157394,False,False,False,False,-367015.0,-264107.6235230773,False,False,False,False,8948.023797829333,False,False,False,False
2025-05-15 19:00:00+00:00,71.35,71.595,71.185,71.5,19726.0,,,,,,,,,,,,,,,,,,,,,,,,81.81906730548081,"rgba(239, 83, 80, 1.0)",0.0,0.0,1.190913166933328,74.85878018921105,-2.8203401242595247,0.0,0.0,0.0,0.0,0.0,0.0,0.0,0.0,41.026324011565876,-14.665281608336599,False,False,False,True,True,0.0,0,0.9349068585944115,1.0009525825571546,False,False,False,False,-0.2669335857525266,-0.27399879890205026,False,False,False,False,-347289.0,-265397.2572669055,False,False,False,False,9115.124204064537,False,False,False,False
2025-05-16 14:00:00+00:00,71.665,71.68,71.4,71.605,2652.0,,,,,,,,,,,,,,,,,,,,,,,,81.80814104639356,"rgba(239, 83, 80, 1.0)",0.0,0.0,1.2006053915880552,74.85284645884578,-2.7051739743978707,0.0,0.0,0.0,0.0,0.0,0.0,0.0,0.0,43.54146595479518,-12.203857258724767,False,False,False,True,True,0.0,0,0.9374568255486476,0.9891598915989156,False,False,False,False,-0.2545924681579785,-0.2642956335300144,False,False,False,False,-344637.0,-266625.78041005426,False,False,False,False,9014.920728032528,False,False,False,False
2025-05-16 15:00:00+00:00,71.64,72.02,71.64,71.95,6757.0,,,,,,,,,,,,,,,,,,,,,,,,81.78124164351011,"rgba(239, 83, 80, 1.0)",0.0,0.0,1.2056499013763025,74.84179452556337,-2.398535862079248,0.0,0.0,0.0,0.0,0.0,0.0,0.0,0.0,47.62508314827413,-8.333168115968085,True,False,False,False,True,0.0,0,0.9511032562125106,0.980023564695801,False,False,False,False,-0.23094309862946935,-0.2476193660797419,False,False,False,False,-337880.0,-267730.4969928441,False,False,False,False,8979.914205117295,False,False,False,False
2025-05-16 16:00:00+00:00,71.93,72.28,71.93,72.195,3715.0,,,,,,,,,,,,,,,,,,,,,,,,81.76690806230722,"rgba(239, 83, 80, 1.0)",0.0,0.0,1.2076132069755041,74.83745660599713,-2.1881647126195602,0.0,0.0,0.0,0.0,0.0,0.0,0.0,0.0,51.83368754724886,-4.443368058783399,True,False,True,False,True,0.0,0,0.9471606273661438,0.9884802595997834,False,False,False,False,-0.20874947534787172,-0.2281844207138068,False,False,False,False,-334165.0,-268760.4892875287,False,False,False,False,8898.28762829377,False,False,False,False
2025-05-16 17:00:00+00:00,72.195,72.395,72.175,72.345,6706.0,,,,,,,,,,,,,,,,,,,,,,,,81.74159663144829,"rgba(239, 83, 80, 1.0)",0.0,0.0,1.1991092790346778,74.83133049944074,-2.0734811604846537,0.0,0.0,0.0,0.0,0.0,0.0,0.0,0.0,55.50005134030218,-1.0965931995397469,True,False,True,False,True,0.0,0,0.9473970812459158,0.986713134393378,False,False,False,False,-0.19433303014220704,-0.21125872542800692,False,False,False,False,-327459.0,-269670.5437171794,False,False,False,False,8864.298672816347,False,False,False,False
2025-05-16 18:00:00+00:00,72.35,72.46,72.24,72.38,11864.0,,,,,,,,,,,,,,,,,,,,,,,,81.69740583825454,"rgba(239, 83, 80, 1.0)",0.0,0.0,1.1971824580413124,74.82038059751724,-2.0384366485873073,0.0,0.0,0.0,0.0,0.0,0.0,0.0,0.0,58.15199303453127,1.3494831892219281,True,False,True,False,True,0.0,0,0.9433631229782334,0.9902406930204505,False,False,False,False,-0.18914693497440016,-0.20020283020120355,False,False,False,False,-315595.0,-270382.5507913317,False,False,False,False,8910.805670137024,False,False,False,False
2025-05-16 19:00:00+00:00,72.385,72.85,72.37,72.83,24824.0,,,,,,,,,,,,,,,,,,,,,,,,81.60943123616256,"rgba(38, 166, 154, 1.0)",0.0,0.0,1.1937970008687737,74.80670314246605,-1.6558117846061973,0.0,0.0,0.0,0.0,0.0,0.0,0.0,0.0,62.29732254438986,5.220626346407883,True,False,True,False,True,0.0,0,0.943993417443774,0.9835984640702137,False,False,False,False,-0.16849986812891135,-0.18435134916505747,False,False,False,False,-290771.0,-270698.650779063,False,False,False,False,9157.52186129769,False,False,False,False
2025-05-19 14:00:00+00:00,72.59,73.65,72.59,73.51,11779.0,,,,,,,,,,,,,,,,,,,,,,,,81.57089732546838,"rgba(38, 166, 154, 1.0)",0.0,0.0,1.194198034644984,74.8085911795577,-1.0874169458365757,0.0,0.0,0.0,0.0,0.0,0.0,0.0,0.0,67.50329622002171,10.013591236685343,True,False,True,False,True,0.0,0,0.9484496757669881,0.972917007247561,False,False,False,False,-0.12839320147643168,-0.15637227532074457,False,False,False,False,-278992.0,-270827.22983675194,False,False,False,False,9198.164933215554,False,False,False,False
2025-05-19 15:00:00+00:00,73.47,73.7,73.345,73.43,7850.0,,,,,,,,,,,,,,,,,,,,,,,,81.5461535781544,"rgba(38, 166, 154, 1.0)",0.0,0.0,1.18925491474967,74.81181897733101,-1.1619199216190512,0.0,0.0,0.0,0.0,0.0,0.0,0.0,0.0,70.14492926378097,12.426323552775315,True,False,True,False,True,0.0,0,0.9585200568368126,0.97212810143185,False,False,False,False,-0.09703417530920637,-0.12670322531497547,False,False,False,False,-286842.0,-271075.5208470348,False,False,False,False,9177.263151305235,False,False,False,False
2025-05-19 16:00:00+00:00,73.315,73.735,73.27,73.64,9612.0,,,,,,,,,,,,,,,,,,,,,,,,81.51627323231874,"rgba(38, 166, 154, 1.0)",0.0,0.0,1.1915001257043742,74.81565690401386,-0.9867031304917863,0.0,0.0,0.0,0.0,0.0,0.0,0.0,0.0,72.61158370095445,14.808560308963337,True,False,True,False,True,0.0,0,0.9553042248926104,0.967755967592844,False,False,False,False,-0.09858740251479928,-0.11264531391488737,False,False,False,False,-277230.0,-271170.93912847614,False,False,False,False,9184.003257486549,False,False,False,False
2025-05-19 17:00:00+00:00,73.62,74.2,73.62,74.17,17928.0,,,,,,,,,,,,,,,,,,,,,,,,81.4642363408064,"rgba(38, 166, 154, 1.0)",0.0,0.0,1.1928076236472573,74.83141473574139,-0.5545024383051605,0.0,0.0,0.0,0.0,0.0,0.0,0.0,0.0,75.72697677762551,17.870507697816237,True,False,True,False,True,1.2515422445313398,0,0.9593667261036364,0.9629329442913488,False,False,False,False,-0.06702325876534998,-0.08983428634011867,False,False,False,False,-259302.0,-270986.9245683447,False,False,False,False,9319.56909845575,False,False,False,False
2025-05-19 18:00:00+00:00,74.21,74.39,74.055,74.12,16959.0,,,,,,,,,,,,,,,,,,,,,,,,81.41691709201774,"rgba(38, 166, 154, 1.0)",0.0,0.0,1.1999555659958197,74.56990981003798,-0.3749387250557135,0.0,0.0,0.0,0.0,0.0,0.0,0.0,0.0,77.24574820549074,19.517455505883703,True,False,True,False,True,1.0510659903377864,0,0.9641972649940778,0.9610207817379128,False,False,False,False,-0.04291093734375229,-0.06637261184193548,False,False,False,False,-276261.0,-271068.6931796882,False,False,False,False,9438.009887626979,False,False,False,False
2025-05-19 19:00:00+00:00,74.135,74.26,73.895,74.01,21986.0,,,,,,,,,,,,,,,,,,,,,,,,81.3553651855238,"rgba(38, 166, 154, 1.0)",0.0,0.0,1.205831655740538,74.58230071443704,-0.4746107897503876,0.0,0.0,0.0,0.0,0.0,0.0,0.0,0.0,76.97018104409634,19.60549621966355,True,False,True,False,True,0.6048342300263414,0,0.9626213331903254,0.9625677052608995,False,False,False,False,-0.054091157351143095,-0.06023188459653929,False,False,False,False,-298247.0,-271490.0622776775,False,False,False,False,9632.552369989351,False,False,False,False
2025-05-20 14:00:00+00:00,73.21,73.335,72.68,72.72,13366.0,,,,,,,,,,,,,,,,,,,,,,,,81.312664319462,"rgba(239, 83, 80, 1.0)",0.0,0.0,1.2059124316453411,74.55736499291238,-1.523630526310681,0.0,0.0,0.0,0.0,0.0,0.0,0.0,0.0,66.89306781020962,24.738167524942227,True,False,True,False,False,0.0,0,0.9550044942632051,0.9657378522709243,False,False,False,False,-0.1372006114287607,-0.09871624801265,False,False,False,False,-311613.0,-272112.123327636,False,False,False,False,9690.435278981764,False,False,False,False
2025-05-20 15:00:00+00:00,72.715,73.095,72.685,72.765,9136.0,,,,,,,,,,,,,,,,,,,,,,,,81.28350666330336,"rgba(239, 83, 80, 1.0)",0.0,0.0,1.2048338265310856,74.5430257091069,-1.4757435174493123,0.0,0.0,0.0,0.0,0.0,0.0,0.0,0.0,60.44153110452595,18.92544603102951,True,False,True,False,False,0.0,0,0.9552513819426164,0.9684127401947876,False,False,False,False,-0.14642212372034596,-0.12256918586649798,False,False,False,False,-302477.0,-272582.89660937805,False,False,False,False,9681.839383183597,False,False,False,False
2025-05-20 16:00:00+00:00,72.77,73.16,72.73,73.16,8959.0,,,,,,,,,,,,,,,,,,,,,,,,81.25567505117878,"rgba(239, 83, 80, 1.0)",0.0,0.0,1.2032926560983432,74.53355935975361,-1.14150065887326,0.0,0.0,0.0,0.0,0.0,0.0,0.0,0.0,58.39832898609321,17.156049262913314,True,False,True,False,False,0.0,0,0.9606029828406478,0.967231517613727,False,False,False,False,-0.14210268647108215,-0.13233593616879008,False,False,False,False,-293518.0,-272907.4718557443,False,False,False,False,9670.632571041215,False,False,False,False
2025-05-20 17:00:00+00:00,73.15,73.19,72.905,72.955,8117.0,,,,,,,,,,,,,,,,,,,,,,,,81.23062047291826,"rgba(239, 83, 80, 1.0)",0.0,0.0,1.1865624777134607,74.5257709592273,-1.3237996217900159,0.0,0.0,0.0,0.0,0.0,0.0,0.0,0.0,55.767112429339385,14.612880974964654,True,False,True,False,False,0.0,0,0.9714747039827771,0.9617330462863288,False,False,False,False,-0.13406673340799213,-0.1332013347883911,False,False,False,False,-301635.0,-273352.8598889886,False,False,False,False,9646.545244358404,False,False,False,False
2025-05-20 18:00:00+00:00,72.95,72.95,72.42,72.48,7390.0,,,,,,,,,,,,,,,,,,,,,,,,81.20683768001045,"rgba(239, 83, 80, 1.0)",0.0,0.0,1.1796344944704427,74.51418770990719,-1.7244220302496045,0.0,0.0,0.0,0.0,0.0,0.0,0.0,0.0,51.41201211563373,10.395810842839865,False,False,False,False,False,0.0,0,0.9662202140820827,0.9595503200473342,False,False,False,False,-0.1625710837729792,-0.14788620928068516,False,False,False,False,-309025.0,-273905.9163248182,False,False,False,False,9611.560046771452,False,False,False,False
2025-05-20 19:00:00+00:00,72.445,72.445,72.115,72.165,15491.0,,,,,,,,,,,,,,,,,,,,,,,,81.15524980359164,"rgba(239, 83, 80, 1.0)",0.0,0.0,1.1687611713603754,74.48294484747349,-1.983249362036489,0.0,0.0,0.0,0.0,0.0,0.0,0.0,0.0,47.03752061731691,6.18775586147823,False,False,False,True,False,0.0,0,0.9682016951897638,0.961129406683582,False,False,False,False,-0.19473238504729593,-0.17130929716399054,False,False,False,False,-324516.0,-274690.5687848985,False,False,False,False,9702.714154573445,False,False,False,False
2025-05-21 14:00:00+00:00,70.5,70.76,69.945,70.12,3350.0,,,,,,,,,,,,,,,,,,,,,,,,81.14172742163169,"rgba(239, 83, 80, 1.0)",0.0,0.0,1.1949684190498646,74.46651132079378,-3.6373440933692205,0.0,0.0,0.0,0.0,0.0,0.0,0.0,0.0,38.63132333322018,-1.6373117331239584,False,True,False,True,False,0.0,0,0.9604375763368908,0.9635707078753113,False,False,False,False,-0.34282825441539394,-0.2570687757896922,False,False,False,False,-327866.0,-275514.99407505506,False,False,False,False,9604.222462254476,False,False,False,False
2025-05-21 15:00:00+00:00,70.12,70.44,69.93,70.35,8950.0,,,,,,,,,,,,,,,,,,,,,,,,81.10564894181509,"rgba(239, 83, 80, 1.0)",0.0,0.0,1.213771640218462,74.42405514229998,-3.356525236960315,0.0,0.0,0.0,0.0,0.0,0.0,0.0,0.0,34.37232738592755,-5.487739681757056,False,True,False,True,False,0.0,0,0.9546301720006387,0.9733745140848814,False,False,False,False,-0.34282825441539394,-0.29994851510254306,False,False,False,False,-318916.0,-276187.8778878449,False,False,False,False,9594.079478343554,False,False,False,False
2025-05-21 16:00:00+00:00,70.37,70.41,70.18,70.26,4493.0,,,,,,,,,,,,,,,,,,,,,,,,81.08769889588153,"rgba(239, 83, 80, 1.0)",0.0,0.0,1.232219644485626,74.40396843522265,-3.363011175619175,0.0,0.0,0.0,0.0,0.0,0.0,0.0,0.0,31.3415238703661,-8.359576643912874,False,True,False,True,False,0.0,0,0.9488122937070501,0.9830095774038194,False,False,False,False,-0.3336860136322538,-0.31681726436739843,False,False,False,False,-323409.0,-276919.9883081884,False,False,False,False,9514.992974803343,False,False,False,False
2025-05-21 17:00:00+00:00,70.265,70.3,69.07,69.34,7046.0,,,,,,,,,,,,,,,,,,,,,,,,81.05781830731775,"rgba(239, 83, 80, 1.0)",0.0,0.0,1.2769166833510546,74.36640969539359,-3.936364651609539,0.0,0.0,0.0,0.0,0.0,0.0,0.0,0.0,27.60612200362596,-12.031655709228232,False,True,False,True,False,0.0,0,0.9377318922406834,0.9816099370866261,False,False,False,False,-0.34282825441539394,-0.32982275939139616,False,False,False,False,-330455.0,-277749.98848945677,False,False,False,False,9476.714013953679,False,False,False,False
2025-05-21 18:00:00+00:00,69.365,69.365,68.855,68.86,4531.0,,,,,,,,,,,,,,,,,,,,,,,,81.03778013440105,"rgba(239, 83, 80, 1.0)",0.0,0.0,1.3419760473703561,74.33962292192697,-4.0832494236126395,0.0,0.0,0.0,0.0,0.0,0.0,0.0,0.0,24.39968628727854,-15.291410152514885,False,True,False,True,False,0.0,0,0.9362916689105495,0.9906833970596148,False,False,False,False,-0.34282825441539394,-0.336325506903395,False,False,False,False,-334986.0,-278637.36851287604,False,False,False,False,9400.036277303234,False,False,False,False
2025-05-21 19:00:00+00:00,68.865,69.0,68.55,68.58,21142.0,,,,,,,,,,,,,,,,,,,,,,,,80.9427140189434,"rgba(239, 83, 80, 1.0)",0.0,0.0,1.4128039910480084,74.2141069977769,-3.98789006364397,0.0,0.0,0.0,0.0,0.0,0.0,0.0,0.0,21.869700999836635,-18.014877038861975,False,True,False,True,False,0.0,0,0.9426340617036271,0.9891557772596642,False,False,False,False,-0.34282825441539394,-0.3395768806593945,False,False,False,False,-356128.0,-279838.7736522113,False,False,False,False,9582.08222649233,False,False,False,False
2025-05-22 14:00:00+00:00,68.14,68.39,67.49,68.26,13023.0,,,,,,,,,,,,,,,,,,,,,,,,80.88174567667286,"rgba(239, 83, 80, 1.0)",0.0,0.0,1.4857834315301408,74.13193626118331,-3.952080859547658,0.0,0.0,0.0,0.0,0.0,0.0,0.0,0.0,19.748181289710054,-20.452689879727266,False,True,False,True,False,0.0,0,0.9320383096152801,0.9924787619717541,False,False,False,False,-0.34282825441539394,-0.3412025675373942,False,False,False,False,-369151.0,-281223.45933202194,False,False,False,False,9635.429788872292,False,False,False,False
2025-05-22 15:00:00+00:00,68.32,68.37,67.975,68.24,7158.0,,,,,,,,,,,,,,,,,,,,,,,,80.84886417905116,"rgba(239, 83, 80, 1.0)",0.0,0.0,1.5534327376086674,74.0900464170086,-3.7658833082236174,0.0,0.0,0.0,0.0,0.0,0.0,0.0,0.0,18.305784588684332,-22.345239667545698,False,True,False,True,False,0.0,0,0.9317627944760352,0.9936095315461676,False,False,False,False,-0.32743367489245534,-0.33431812121492477,False,False,False,False,-376309.0,-282697.65376098285,False,False,False,False,9597.020024703728,False,False,False,False
2025-05-22 16:00:00+00:00,68.265,68.51,68.215,68.245,10612.0,,,,,,,,,,,,,,,,,,,,,,,,80.8009198227769,"rgba(239, 83, 80, 1.0)",0.0,0.0,1.617971488853509,74.0317713266881,-3.576559516996551,0.0,0.0,0.0,0.0,0.0,0.0,0.0,0.0,17.387155601019117,-23.83406276174253,False,True,False,True,False,0.0,0,0.9299041855774076,1.008404773911581,False,False,False,False,-0.31211159934620525,-0.323214860280565,False,False,False,False,-365697.0,-283984.46533058,False,False,False,False,9612.756148351733,False,False,False,False
2025-05-22 17:00:00+00:00,68.22,68.505,68.14,68.37,4579.0,,,,,,,,,,,,,,,,,,,,,,,,80.78037008742236,"rgba(239, 83, 80, 1.0)",0.0,0.0,1.6772410502204669,74.00742311274473,-3.3611287489080417,0.0,0.0,0.0,0.0,0.0,0.0,0.0,0.0,17.931794767534125,-23.951035172245785,False,True,False,True,False,0.0,0,0.9410098033660108,0.9976766589221956,False,False,False,False,-0.3136165835691281,-0.3184157219248466,False,False,False,False,-361118.0,-285180.3340851447,False,False,False,False,9534.713417369536,False,False,False,False
2025-05-22 18:00:00+00:00,68.37,68.745,68.35,68.7,5667.0,,,,,,,,,,,,,,,,,,,,,,,,80.7555607504512,"rgba(239, 83, 80, 1.0)",0.0,0.0,1.7241563624469465,73.9795907276427,-3.0621298871929636,0.0,0.0,0.0,0.0,0.0,0.0,0.0,0.0,21.231597462120845,-23.951035172245785,False,True,False,True,True,0.0,0,0.9483691011555752,0.9832071497694533,False,False,False,False,-0.296675148604133,-0.3075454352644898,False,False,False,False,-355451.0,-286269.80177374714,False,False,False,False,9474.74886826303,False,False,False,False
2025-05-22 19:00:00+00:00,68.715,69.015,68.565,68.595,12650.0,,,,,,,,,,,,,,,,,,,,,,,,80.70111693001385,"rgba(239, 83, 80, 1.0)",0.0,0.0,1.771501442382844,73.92121292031729,-3.0066094178015503,0.0,0.0,0.0,0.0,0.0,0.0,0.0,0.0,23.083724170693237,-23.951035172245785,False,True,False,True,True,0.0,0,0.948148993212024,0.9807769094746441,False,False,False,False,-0.2785992065074599,-0.29307232088597485,False,False,False,False,-368101.0,-287538.50252144097,False,False,False,False,9523.977567979882,False,False,False,False
2025-05-23 14:00:00+00:00,68.26,68.41,67.62,67.62,2235.0,,,,,,,,,,,,,,,,,,,,,,,,80.69087656222577,"rgba(239, 83, 80, 1.0)",0.0,0.0,1.8461926075435062,73.90898312351939,-3.4064610040267342,0.0,0.0,0.0,0.0,0.0,0.0,0.0,0.0,21.805858312918957,-23.951035172245785,False,True,False,True,True,0.0,0,0.9440587297974046,0.982073753699066,False,False,False,False,-0.3370573307874727,-0.3150648258367238,False,False,False,False,-370336.0,-288822.1846528915,False,False,False,False,9410.970163825155,False,False,False,False
2025-05-23 15:00:00+00:00,67.73,68.02,67.65,67.71,3284.0,,,,,,,,,,,,,,,,,,,,,,,,80.67575398827366,"rgba(239, 83, 80, 1.0)",0.0,0.0,1.9134751132463592,73.89083904548413,-3.2301643239027347,0.0,0.0,0.0,0.0,0.0,0.0,0.0,0.0,21.718152802363832,-23.951035172245785,False,True,False,True,True,0.0,0,0.9464938328003649,0.9826975788031056,False,False,False,False,-0.34282825441539394,-0.32894654012605884,False,False,False,False,-367052.0,-290035.0500071102,False,False,False,False,9315.978378339492,False,False,False,False
2025-05-23 16:00:00+00:00,67.71,67.78,67.46,67.53,9376.0,,,,,,,,,,,,,,,,,,,,,,,,80.6320943119762,"rgba(239, 83, 80, 1.0)",0.0,0.0,1.9816369836928518,73.83794967342607,-3.183201426565513,0.0,0.0,0.0,0.0,0.0,0.0,0.0,0.0,21.228502576241567,-23.951035172245785,False,True,False,True,True,0.0,0,0.9419965576592078,0.987779690189328,False,False,False,False,-0.34282825441539394,-0.33588739727072636,False,False,False,False,-376428.0,-291374.4755883953,False,False,False,False,9316.908946117173,True,False,False,False
2025-05-23 17:00:00+00:00,67.55,67.88,67.39,67.82,4905.0,,,,,,,,,,,,,,,,,,,,,,,,80.60955572977501,"rgba(239, 83, 80, 1.0)",-1.0,69.52,2.038402841478672,73.27774355793888,-2.6774607289988848,0.0,0.0,0.0,0.0,0.0,0.0,0.0,0.0,23.511253658633187,-23.951035172245785,False,True,False,True,True,0.0,0,0.9353932584269657,0.9896239394634252,True,False,False,False,-0.34170956719881385,-0.3387984822347701,False,False,False,False,-371523.0,-292617.08836997056,False,False,False,False,9248.507257030085,False,False,False,False
2025-05-23 18:00:00+00:00,67.87,68.055,67.71,67.99,2720.0,,,,,,,,,,,,,,,,,,,,,,,,80.59730506297551,"rgba(239, 83, 80, 1.0)",0.0,0.0,2.0870611649663022,73.26841993525393,-2.5291160718517616,0.0,0.0,0.0,0.0,0.0,0.0,0.0,0.0,26.49057127469345,-28.82444732073223,False,True,False,True,True,0.0,0,0.9384765624999994,0.9899471507352933,False,False,False,False,-0.32336730638314026,-0.3310828943089552,False,False,False,False,-368803.0,-293798.2652944671,False,False,False,False,9147.290090254424,False,False,False,False
2025-05-23 19:00:00+00:00,67.99,68.33,67.83,67.89,11318.0,,,,,,,,,,,,,,,,,,,,,,,,80.54697599925161,"rgba(239, 83, 80, 1.0)",0.0,0.0,2.136036613548236,73.22271395005737,-2.4965461341971253,0.0,0.0,0.0,0.0,0.0,0.0,0.0,0.0,28.058459436534754,-27.106642648992135,False,True,False,True,True,0.0,0,0.938486256957594,0.9868594709359033,False,False,False,False,-0.30804843458094017,-0.3195656644449477,False,False,False,False,-380121.0,-295136.6022666459,False,False,False,False,9180.94450745978,False,False,False,False
2025-05-26 14:00:00+00:00,67.89,67.89,67.89,67.89,0.0,,,,,,,,,,,,,,,,,,,,,,,,80.54697599925161,"rgba(239, 83, 80, 1.0)",0.0,0.0,2.182641762421693,73.22271395005737,-2.4432383004257163,0.0,0.0,0.0,0.0,0.0,0.0,0.0,0.0,29.10371821109562,-25.86335910213105,False,True,False,True,True,0.0,0,0.9418618064367282,0.9893297958242004,False,False,False,False,-0.3223011550508367,-0.3209334097478922,False,False,False,False,-380121.0,-296454.1898284033,False,False,False,False,9038.604282537923,False,False,False,False
2025-05-26 15:00:00+00:00,67.89,67.89,67.89,67.89,0.0,,,,,,,,,,,,,,,,,,,,,,,,80.54697599925161,"rgba(239, 83, 80, 1.0)",0.0,0.0,2.2261680808799107,73.22271395005737,-2.3954677977188363,0.0,0.0,0.0,0.0,0.0,0.0,0.0,0.0,29.800557394136202,-24.910784890593323,False,True,False,True,True,0.0,0,0.9429102959130279,0.9905238067554204,False,False,False,False,-0.32114940754525495,-0.3210414086465736,False,False,False,False,-380121.0,-297751.3496760249,False,False,False,False,8898.470882808653,False,False,False,False
2025-05-26 16:00:00+00:00,67.89,67.89,67.89,67.89,0.0,,,,,,,,,,,,,,,,,,,,,,,,80.54697599925161,"rgba(239, 83, 80, 1.0)",0.0,0.0,2.268491565332834,73.22271395005737,-2.350775304414654,0.0,0.0,0.0,0.0,0.0,0.0,0.0,0.0,30.26511684949659,-24.140557271141617,False,True,False,True,True,0.0,0,0.9578169685414675,0.9860581506196369,False,False,False,False,-0.32114940754525495,-0.3210954080959143,False,False,False,False,-380121.0,-299028.3985182571,False,False,False,False,8760.510093927898,False,False,False,False
2025-05-26 17:00:00+00:00,67.89,67.89,67.89,67.89,0.0,,,,,,,,,,,,,,,,,,,,,,,,80.54697599925161,"rgba(239, 83, 80, 1.0)",0.0,0.0,2.305493533375592,73.22271395005737,-2.3130465875779174,0.0,0.0,0.0,0.0,0.0,0.0,0.0,0.0,30.57482315307018,-23.489967008081415,False,True,False,True,True,0.0,0,0.9535999040824885,0.9836340746957608,False,False,False,False,-0.32114940754525495,-0.32112240782058465,False,False,False,False,-380121.0,-300285.6481536329,False,False,False,False,8624.688232006536,False,False,False,False
2025-05-26 18:00:00+00:00,67.89,67.89,67.89,67.89,0.0,,,,,,,,,,,,,,,,,,,,,,,,80.54697599925161,"rgba(239, 83, 80, 1.0)",0.0,0.0,2.327829834576186,73.22271395005737,-2.2908521365472847,0.0,0.0,0.0,0.0,0.0,0.0,0.0,0.0,30.78129402211924,-22.923385885419766,False,True,False,True,True,0.0,0,0.9483754512635374,0.9861010830324901,False,False,False,False,-0.32114940754525495,-0.3211359076829198,False,False,False,False,-380121.0,-301523.40554659977,False,False,False,False,8490.972135386279,False,False,False,False
2025-05-26 19:00:00+00:00,67.89,67.89,67.89,67.89,0.0,,,,,,,,,,,,,,,,,,,,,,,,80.54697599925161,"rgba(239, 83, 80, 1.0)",0.0,0.0,2.337448321923273,73.22271395005737,-2.2814253902604205,0.0,0.0,0.0,0.0,0.0,0.0,0.0,0.0,30.918941268151947,-22.420845605376712,False,True,False,True,True,0.0,0,0.9486884352093047,0.988489731629005,False,False,False,False,-0.32114940754525495,-0.32114265761408733,False,False,False,False,-380121.0,-302741.9729024664,False,False,False,False,8359.32915654308,False,False,False,False
2025-05-27 14:00:00+00:00,68.14,69.09,68.105,69.09,3979.0,,,,,,,,,,,,,,,,,,,,,,,,80.53042397826466,"rgba(38, 166, 154, 1.0)",0.0,0.0,2.3250960941111933,73.21496048605201,-1.774103228034039,0.0,0.0,0.0,0.0,0.0,0.0,0.0,0.0,42.804065044308835,-11.357111190127746,False,False,False,True,True,0.0,0,0.9505563909774432,0.9757593984962397,False,False,False,False,-0.2656459764547094,-0.29339431703439833,False,False,False,False,-376142.0,-303879.9578187072,False,False,False,False,8291.417076596676,False,False,False,False
2025-05-27 15:00:00+00:00,69.09,69.59,68.975,69.41,7104.0,,,,,,,,,,,,,,,,,,,,,,,,80.5023967775467,"rgba(38, 166, 154, 1.0)",0.0,0.0,2.3148450184545295,73.2075265802104,-1.6405100773207537,0.0,0.0,0.0,0.0,0.0,0.0,0.0,0.0,52.216534730382364,-3.245130614265179,True,False,True,False,True,0.0,0,0.961593855016802,0.9670547287566004,False,False,False,False,-0.21339406166466407,-0.2533941893495312,False,False,False,False,-369038.0,-304890.1600230683,False,False,False,False,8273.007509517656,False,False,False,False
2025-05-27 16:00:00+00:00,69.41,69.68,69.25,69.535,10131.0,,,,,,,,,,,,,,,,,,,,,,,,80.46324946053372,"rgba(38, 166, 154, 1.0)",0.0,0.0,2.305218810822536,73.19222579382946,-1.5864983300758837,0.0,0.0,0.0,0.0,0.0,0.0,0.0,0.0,59.026982649711094,2.27042609638157,True,False,True,False,True,0.0,0,0.9632788868723526,0.9782819116757404,False,False,False,False,-0.1996753735036096,-0.22653478142657038,False,False,False,False,-358907.0,-305727.63041030755,False,False,False,False,8301.813594641413,False,False,False,False
2025-05-27 17:00:00+00:00,69.565,70.135,69.44,70.11,9156.0,,,,,,,,,,,,,,,,,,,,,,,,80.42941041290146,"rgba(38, 166, 154, 1.0)",0.0,0.0,2.280350257592375,73.1814961456957,-1.3469405129625271,0.0,0.0,0.0,0.0,0.0,0.0,0.0,0.0,65.6008373814091,7.6284272434864775,True,False,True,False,True,0.0,0,0.9671962786201892,0.9694919349966767,False,False,False,False,-0.17560962056870746,-0.20107220099763892,False,False,False,False,-349751.0,-306410.16327216325,False,False,False,False,8315.056794724493,False,False,False,False
2025-05-27 18:00:00+00:00,70.11,70.33,69.825,70.315,6461.0,,,,,,,,,,,,,,,,,,,,,,,,80.40625165229397,"rgba(38, 166, 154, 1.0)",0.0,0.0,2.2578291714768617,73.17508950337668,-1.2667430908893256,0.0,0.0,0.0,0.0,0.0,0.0,0.0,0.0,70.56508347805519,11.63699884184529,True,False,True,False,True,0.0,0,0.9779954056341428,0.9609478902188365,False,False,False,False,-0.15414048965429766,-0.1776063453259683,False,False,False,False,-343290.0,-306981.94368654833,False,False,False,False,8286.311728139617,False,False,False,False
2025-05-27 19:00:00+00:00,70.315,70.56,70.215,70.39,19533.0,,,,,,,,,,,,,,,,,,,,,,,,80.3384366690487,"rgba(38, 166, 154, 1.0)",0.0,0.0,2.2396711932911906,73.15637624002247,-1.2351707019802691,0.0,0.0,0.0,0.0,0.0,0.0,0.0,0.0,74.08714755233203,14.552348215238979,True,False,True,False,True,0.0,0,0.9805285118219744,0.9582149120154799,False,False,False,False,-0.13134510608676978,-0.15447572570636903,False,False,False,False,-323757.0,-307242.0220790049,False,False,False,False,8460.67898816846,False,False,False,False
2025-05-28 14:00:00+00:00,69.665,69.86,69.49,69.86,3961.0,,,,,,,,,,,,,,,,,,,,,,,,80.3239032872013,"rgba(38, 166, 154, 1.0)",0.0,0.0,2.21675526206576,73.14756052496682,-1.4830507369149966,0.0,0.0,0.0,0.0,0.0,0.0,0.0,0.0,70.85643960835566,14.552348215238979,True,False,True,False,True,0.0,0,0.9711723639865184,0.9649735194992773,False,False,False,False,-0.18398042882944204,-0.16922807726790554,False,False,False,False,-327718.0,-307559.47910103586,False,False,False,False,8390.916523235615,False,False,False,False
2025-05-28 15:00:00+00:00,69.83,70.04,69.09,69.09,9838.0,,,,,,,,,,,,,,,,,,,,,,,,80.28685852294541,"rgba(239, 83, 80, 1.0)",0.0,0.0,2.1966088729095357,73.1207612864995,-1.8349927181895251,0.0,0.0,0.0,0.0,0.0,0.0,0.0,0.0,63.29029962984411,23.728282958471198,True,False,True,False,False,0.0,0,0.9621949753576147,0.9710902752734699,False,False,False,False,-0.14986236193229635,-0.15954521960010093,False,False,False,False,-337556.0,-308024.54144055466,False,False,False,False,8413.351925976149,False,False,False,False
2025-05-28 16:00:00+00:00,69.09,69.6,69.05,69.6,2796.0,,,,,,,,,,,,,,,,,,,,,,,,80.27638571713588,"rgba(239, 83, 80, 1.0)",0.0,0.0,2.170434439844252,73.11328456442769,-1.6187010765825307,0.0,0.0,0.0,0.0,0.0,0.0,0.0,0.0,60.97941334519774,21.597818936859525,True,False,True,False,False,0.0,0,0.9879961892664332,0.971610034931724,False,False,False,False,-0.17281551112266616,-0.16618036536138353,False,False,False,False,-334760.0,-308439.0446740344,False,False,False,False,8326.261198441634,False,False,False,False
2025-05-28 17:00:00+00:00,69.6,69.79,69.52,69.58,3883.0,,,,,,,,,,,,,,,,,,,,,,,,80.26215988879468,"rgba(239, 83, 80, 1.0)",0.0,0.0,2.1370258022035364,73.10417769466696,-1.6491039514043768,0.0,0.0,0.0,0.0,0.0,0.0,0.0,0.0,59.308644920228005,19.784861379062505,True,False,True,False,False,0.0,0,0.9954684707684447,0.954557058973704,False,False,False,False,-0.14129643873497244,-0.15373840204817799,False,False,False,False,-338643.0,-308907.32305118116,False,False,False,False,8257.37342792316,False,False,False,False
2025-05-28 18:00:00+00:00,69.585,69.85,69.48,69.65,3200.0,,,,,,,,,,,,,,,,,,,,,,,,80.25049785403154,"rgba(239, 83, 80, 1.0)",0.0,0.0,2.1001712885966817,73.09683785965669,-1.6412174941977389,0.0,0.0,0.0,0.0,0.0,0.0,0.0,0.0,58.584642669526275,18.623209650068105,True,False,True,False,False,0.0,0,0.996986986345278,0.9523046349124941,False,False,False,False,-0.14034596222823717,-0.14704218213820758,False,False,False,False,-335443.0,-309318.7288953489,False,False,False,False,8178.964537567761,False,False,False,False
2025-05-28 19:00:00+00:00,69.625,69.71,69.47,69.665,9875.0,,,,,,,,,,,,,,,,,,,,,,,,80.21451850961152,"rgba(239, 83, 80, 1.0)",0.0,0.0,2.047832627065232,73.07372415950411,-1.6645521291401526,0.0,0.0,0.0,0.0,0.0,0.0,0.0,0.0,58.192876412815835,17.58898167369972,True,False,True,False,False,0.0,0,0.9904786579441668,0.964181617980439,False,False,False,False,-0.14748080095341584,-0.1472614915458117,False,False,False,False,-325568.0,-309570.6555791419,False,False,False,False,8205.259661016322,False,False,False,False
2025-05-29 14:00:00+00:00,71.435,71.435,70.905,71.18,9359.0,,,,,,,,,,,,,,,,,,,,,,,,80.18562349420563,"rgba(38, 166, 154, 1.0)",0.0,0.0,2.0008281010857782,72.75699245554091,-0.7881698856014295,0.0,0.0,0.0,0.0,0.0,0.0,0.0,0.0,63.888503870483504,17.58898167369972,True,False,True,False,True,0.0,0,0.9899519999999995,0.9578239999999998,False,False,False,True,0.0008153855557072403,-0.07322305299505223,False,False,False,False,-316209.0,-309673.57564768236,False,False,False,False,8223.147108132347,False,False,False,False
2025-05-29 15:00:00+00:00,71.15,71.15,70.325,70.325,8350.0,,,,,,,,,,,,,,,,,,,,,,,,80.15836898373264,"rgba(38, 166, 154, 1.0)",0.0,0.0,1.9560512300087796,72.73559915716223,-1.23238037950131,0.0,0.0,0.0,0.0,0.0,0.0,0.0,0.0,62.407046181939705,17.58898167369972,True,False,True,False,True,0.0,0,0.9809238228914121,0.9595508485389815,False,False,False,False,-0.039508723259256695,-0.05636588812715446,False,False,False,False,-324559.0,-309904.3574205865,False,False,False,False,8225.11381963417,False,False,False,False
2025-05-29 16:00:00+00:00,70.295,70.84,70.295,70.78,7857.0,,,,,,,,,,,,,,,,,,,,,,,,80.13296706555273,"rgba(38, 166, 154, 1.0)",0.0,0.0,1.9093653065556444,72.72423071332246,-1.0182602075397007,0.0,0.0,0.0,0.0,0.0,0.0,0.0,0.0,62.93148181636689,17.58898167369972,True,False,True,False,True,0.0,0,0.9930677032717844,0.9556851311953352,False,False,False,False,-0.055386609362571705,-0.055876248744863084,False,False,False,False,-316702.0,-310009.7472280193,False,False,False,False,8219.40662863209,False,False,False,False
2025-05-29 17:00:00+00:00,70.79,70.95,70.74,70.82,5612.0,,,,,,,,,,,,,,,,,,,,,,,,80.11528340850829,"rgba(38, 166, 154, 1.0)",0.0,0.0,1.898121527547115,72.72037371233222,-1.0011865335029526,0.0,0.0,0.0,0.0,0.0,0.0,0.0,0.0,63.41247129279982,17.58898167369972,True,False,True,False,True,0.0,0,0.9887020493956905,0.9680110352075668,False,False,False,False,-0.029479066474100556,-0.04267765760948182,False,False,False,False,-311090.0,-310026.4953330112,False,False,False,False,8178.98171966105,False,False,False,False
2025-05-29 18:00:00+00:00,70.82,71.21,70.82,71.05,8298.0,,,,,,,,,,,,,,,,,,,,,,,,80.08979189137027,"rgba(38, 166, 154, 1.0)",0.0,0.0,1.8886501137735165,72.71823136060327,-0.8832929659322402,0.0,0.0,0.0,0.0,0.0,0.0,0.0,0.0,64.51805209411657,17.58898167369972,True,False,True,False,True,0.0,0,0.9847508873406067,0.9587222295254372,False,False,False,False,-0.013629510555250584,-0.028153584082366203,False,False,False,False,-302792.0,-309914.3326146699,False,False,False,False,8180.826964317468,False,False,False,False
2025-05-29 19:00:00+00:00,71.09,71.35,70.89,71.25,16843.0,,,,,,,,,,,,,,,,,,,,,,,,80.03926091824995,"rgba(38, 166, 154, 1.0)",0.0,0.0,1.8835234688376263,72.71569468300258,-0.7781664031545632,0.0,0.0,0.0,0.0,0.0,0.0,0.0,0.0,65.92865773064764,17.58898167369972,True,False,True,False,True,0.24213038527923203,0,0.9851208111133052,0.9592468233590099,False,False,False,False,-0.0038440051833730842,-0.015998794632869642,False,False,False,False,-285949.0,-309542.7770702564,False,True,False,False,8315.124220684638,False,True,False,False
2025-05-30 14:00:00+00:00,70.85,70.98,70.31,70.48,13005.0,,,,,,,,,,,,,,,,,,,,,,,,79.99813902483234,"rgba(38, 166, 154, 1.0)",0.0,0.0,1.8761415143816984,72.69790382821047,-1.1821623322169277,0.0,0.0,0.0,0.0,0.0,0.0,0.0,0.0,62.096278999588904,17.58898167369972,True,False,True,False,False,0.0,0,0.9750950321143003,0.9598243544370165,False,False,False,False,-0.04814518174053784,-0.032071988186703745,False,False,False,False,-298954.0,-309378.60998389585,False,False,False,False,8387.835473077124,False,False,False,False
2025-05-30 15:00:00+00:00,70.455,70.72,70.2,70.27,3243.0,,,,,,,,,,,,,,,,,,,,,,,,79.98773075250025,"rgba(38, 166, 154, 1.0)",0.0,0.0,1.861033818574598,72.69253648475657,-1.3017154554515538,0.0,0.0,0.0,0.0,0.0,0.0,0.0,0.0,58.45160088247184,14.764354456425181,True,False,True,False,False,0.0,0,0.9742947534932767,0.9669127339836541,False,False,False,False,-0.06544094929670764,-0.048756468741705694,False,False,False,False,-302197.0,-309267.2671934478,False,False,False,False,8308.070582021666,False,False,False,False
2025-05-30 16:00:00+00:00,70.275,70.33,69.815,69.92,3774.0,,,,,,,,,,,,,,,,,,,,,,,,79.97517415694952,"rgba(38, 166, 154, 1.0)",0.0,0.0,1.8476945703307426,72.68395973687716,-1.4958964437409143,0.0,0.0,0.0,0.0,0.0,0.0,0.0,0.0,54.2956386008199,10.755166772994734,True,False,True,False,False,0.0,0,0.9572238905572233,0.9865198531865198,False,False,False,False,-0.1018081129337957,-0.0752822908377507,False,False,False,False,-305971.0,-309216.1622757199,False,False,False,False,8237.774914083346,False,False,False,False
2025-05-30 17:00:00+00:00,69.815,70.05,69.8,69.85,3156.0,,,,,,,,,,,,,,,,,,,,,,,,79.96456994129603,"rgba(38, 166, 154, 1.0)",0.0,0.0,1.8460307601911874,72.67631544431383,-1.5310229413626468,0.0,0.0,0.0,0.0,0.0,0.0,0.0,0.0,51.18369213212114,7.789969567140616,False,False,False,False,False,0.0,0,0.9555330634277999,0.9917678812415652,False,False,False,False,-0.11571671262701487,-0.09549950173238278,False,False,False,False,-309127.0,-309214.7799148561,False,False,False,False,8158.987706113061,False,False,False,False
2025-05-30 18:00:00+00:00,69.87,70.295,69.87,70.23,4598.0,,,,,,,,,,,,,,,,,,,,,,,,79.94951516565185,"rgba(38, 166, 154, 1.0)",0.0,0.0,1.8437975451203623,72.66725200727005,-1.3218653065897992,0.0,0.0,0.0,0.0,0.0,0.0,0.0,0.0,51.30531840321301,7.753426896161464,False,False,False,False,False,0.0,0,0.9595578322998107,0.9753302777028845,False,False,False,False,-0.10086663607573106,-0.09818306890405692,False,False,False,False,-304529.0,-309142.13216423814,False,False,False,False,8103.778594390378,False,False,False,False
2025-05-30 19:00:00+00:00,70.225,70.525,69.97,70.16,20323.0,,,,,,,,,,,,,,,,,,,,,,,,79.88410460302389,"rgba(38, 166, 154, 1.0)",0.0,0.0,1.8406139251961862,72.6322838486731,-1.3431843662758265,0.0,0.0,0.0,0.0,0.0,0.0,0.0,0.0,50.970449550830935,7.092892466374202,False,False,False,False,False,0.0,0,0.9596730613347738,0.9780464739259656,False,False,False,False,-0.08535671518860649,-0.09176989204633171,False,False,False,False,-324852.0,-309385.6960066531,False,False,False,False,8293.223887500604,False,False,False,False
2025-06-02 14:00:00+00:00,68.77,69.5,68.35,69.38,4942.0,,,,,,,,,,,,,,,,,,,,,,,,79.86646817313326,"rgba(38, 166, 154, 1.0)",0.0,0.0,1.8424592041408712,72.22365612481643,-1.5434024907717918,0.0,0.0,0.0,0.0,0.0,0.0,0.0,0.0,46.84370551412928,2.925499147181668,False,False,False,True,False,0.0,0,0.9414611508883579,0.9804428533545476,False,False,False,False,-0.2114880826640562,-0.15162898735519395,False,False,False,False,-329794.0,-309702.1038205034,False,False,False,False,8241.26692800447,False,False,False,False
2025-06-02 15:00:00+00:00,69.38,69.46,68.99,69.38,4400.0,,,,,,,,,,,,,,,,,,,,,,,,79.85110449678533,"rgba(38, 166, 154, 1.0)",0.0,0.0,1.8438042708470135,72.21607433760661,-1.5381645342993875,0.0,0.0,0.0,0.0,0.0,0.0,0.0,0.0,44.092542822994844,0.18016543904441562,False,False,False,True,False,0.0,0,0.946647152740819,0.9882916444917508,False,False,False,False,-0.18243143388431832,-0.16703021061975615,False,False,False,False,-329794.0,-310013.60608685215,False,False,False,False,8181.712401988897,False,False,False,False
2025-06-02 16:00:00+00:00,69.4,69.505,69.22,69.3,6760.0,,,,,,,,,,,,,,,,,,,,,,,,79.82773152746446,"rgba(239, 83, 80, 1.0)",0.0,0.0,1.8460981667955643,72.20193585022147,-1.5719293277120923,0.0,0.0,0.0,0.0,0.0,0.0,0.0,0.0,41.88109916636503,-2.049908207446201,False,True,False,True,False,0.0,0,0.9466684668871931,1.0056031863903327,False,False,False,False,-0.16921777518721023,-0.16812399290348318,False,False,False,False,-336554.0,-310425.0850622498,False,False,False,False,8159.670349244882,False,False,False,False
2025-06-02 17:00:00+00:00,69.31,69.365,68.95,69.07,3133.0,,,,,,,,,,,,,,,,,,,,,,,,79.81671461141143,"rgba(239, 83, 80, 1.0)",0.0,0.0,1.851119035796777,72.19207206067247,-1.6865863298351564,0.0,0.0,0.0,0.0,0.0,0.0,0.0,0.0,39.324816243749204,-4.605245736358917,False,True,False,True,False,0.0,0,0.9457295977206426,1.004477308188047,False,False,False,False,-0.1889409908260384,-0.17853249186476078,False,False,False,False,-339687.0,-310878.7581620599,False,False,False,False,8081.7374756131785,False,False,False,False
2025-06-02 18:00:00+00:00,69.08,69.61,69.02,69.6,7693.0,,,,,,,,,,,,,,,,,,,,,,,,79.7904692225307,"rgba(239, 83, 80, 1.0)",0.0,0.0,1.8495767546051392,72.17624674474007,-1.3928844738806585,0.0,0.0,0.0,0.0,0.0,0.0,0.0,0.0,41.643260645384466,-4.605245736358917,False,True,False,True,False,0.0,0,0.9440592713431206,1.0031266992930938,False,False,False,False,-0.17377565223818148,-0.17615407205147113,False,False,False,False,-331994.0,-311206.12625257054,False,False,False,False,8075.710538006772,False,False,False,False
2025-06-02 19:00:00+00:00,69.6,69.71,69.49,69.59,11960.0,,,,,,,,,,,,,,,,,,,,,,,,79.75065744403194,"rgba(239, 83, 80, 1.0)",0.0,0.0,1.8458848387270397,72.15641384250132,-1.390343421570747,0.0,0.0,0.0,0.0,0.0,0.0,0.0,0.0,43.12905610599586,-4.605245736358917,False,True,False,True,True,0.0,0,0.9460289301310036,1.0027974890829694,False,False,False,False,-0.14652864291193438,-0.16134135748170275,False,False,False,False,-343954.0,-311713.8452253989,False,False,False,False,8135.932080053179,False,False,False,False
2025-06-03 14:00:00+00:00,68.89,69.86,68.68,69.83,8066.0,,,,,,,,,,,,,,,,,,,,,,,,79.72361513435337,"rgba(239, 83, 80, 1.0)",0.0,0.0,1.8428940909979459,72.13957102455176,-1.2532304682257145,0.0,0.0,0.0,0.0,0.0,0.0,0.0,0.0,45.822719103018585,-10.1031707211733,False,True,False,True,True,0.0,0,0.9352750809061484,0.998516720604099,False,False,False,False,-0.17810024194095253,-0.16972079971132764,False,False,False,False,-335888.0,-312088.6383226795,False,False,False,False,8134.84786175778,False,False,False,False
2025-06-03 15:00:00+00:00,69.81,70.275,69.67,70.27,11141.0,,,,,,,,,,,,,,,,,,,,,,,,79.68871975074994,"rgba(239, 83, 80, 1.0)",0.0,0.0,1.838090793668877,72.13094769384062,-1.012435131197262,0.0,0.0,0.0,0.0,0.0,0.0,0.0,0.0,50.278204318307615,-5.834903474377654,False,False,False,False,True,0.0,1,0.950278841631391,0.9921386817173956,False,False,False,False,-0.11123306049897651,-0.14047693010515208,False,False,False,False,-324747.0,-312284.89199209533,False,False,False,False,8181.454871653009,False,False,False,False
2025-06-03 16:00:00+00:00,70.27,70.465,70.06,70.21,7242.0,,,,,,,,,,,,,,,,,,,,,,,,79.66657804990018,"rgba(239, 83, 80, 1.0)",0.0,0.0,1.8317584914981806,72.12676091903973,-1.0464048224348768,0.0,0.0,0.0,0.0,0.0,0.0,0.0,0.0,52.76565155845211,-3.471496146375955,False,False,True,False,True,0.0,0,0.9634706279540846,0.9870357866306548,False,False,False,False,-0.08394886267398605,-0.11221289638956906,False,False,False,False,-331989.0,-312590.3820387295,False,False,False,False,8166.889679844435,False,False,False,False
2025-06-03 17:00:00+00:00,70.21,70.47,70.13,70.255,12331.0,,,,,,,,,,,,,,,,,,,,,,,,79.6292742355465,"rgba(239, 83, 80, 1.0)",0.0,0.0,1.8241822998449426,72.11894744604106,-1.0217988883016265,0.0,0.0,0.0,0.0,0.0,0.0,0.0,0.0,54.70895584989564,-1.5524219196550533,False,False,True,False,True,0.0,0,0.9680365296803646,0.9863695222517548,False,False,False,False,-0.08043067110447523,-0.09632178374702215,False,False,False,False,-319658.0,-312699.95751099725,False,False,False,False,8231.449529769327,False,False,False,False
2025-06-03 18:00:00+00:00,70.255,70.475,70.21,70.375,7157.0,,,,,,,,,,,,,,,,,,,,,,,,79.60791592483422,"rgba(239, 83, 80, 1.0)",0.0,0.0,1.812346428412929,72.11460313061022,-0.9598623659018601,0.0,0.0,0.0,0.0,0.0,0.0,0.0,0.0,56.79427323045347,0.5593115922065408,False,False,True,False,True,0.0,0,0.9662323487277433,0.9797394092366465,False,False,False,False,-0.07644578304695138,-0.08638378339698677,False,False,False,False,-312501.0,-312696.8728984237,False,False,False,False,8214.791397524841,False,False,False,False
2025-06-03 19:00:00+00:00,70.375,70.435,69.98,70.28,16704.0,,,,,,,,,,,,,,,,,,,,,,,,79.55779721512354,"rgba(239, 83, 80, 1.0)",0.0,0.0,1.7964355347841339,72.09990263626659,-1.0130631470086549,0.0,0.0,0.0,0.0,0.0,0.0,0.0,0.0,57.19900831939998,1.1898779618226882,False,False,True,False,True,0.0,0,0.9626601253747609,0.9812619242300352,False,False,False,False,-0.08911265467583544,-0.08774821903641111,False,False,False,False,-329205.0,-312952.81285348686,False,False,False,False,8346.407034772517,False,False,False,False
2025-06-04 14:00:00+00:00,70.6,70.705,70.11,70.58,5002.0,,,,,,,,,,,,,,,,,,,,,,,,79.54326616986155,"rgba(239, 83, 80, 1.0)",0.0,0.0,1.778301391171465,72.09714489095218,-0.8531427228726142,0.0,0.0,0.0,0.0,0.0,0.0,0.0,0.0,59.525888816755185,3.6689676433740317,True,False,True,False,True,0.0,0,0.9633315158124311,0.9820065430752453,False,False,False,False,-0.07035588858609404,-0.07905205381125258,False,False,False,False,-324203.0,-313127.23435963434,False,False,False,False,8294.55576291558,False,False,False,False
2025-06-04 15:00:00+00:00,70.56,71.32,70.555,71.16,5120.0,,,,,,,,,,,,,,,,,,,,,,,,79.52933311803056,"rgba(38, 166, 154, 1.0)",0.0,0.0,1.7625981999363742,71.83392191834005,-0.3823457429857715,0.0,0.0,0.0,0.0,0.0,0.0,0.0,0.0,63.96926944191253,7.999700930836418,True,False,True,False,True,1.6477328781630298,0,0.9741168478260864,0.9678668478260869,False,False,False,False,-0.020853715092193803,-0.04995288445172319,False,False,False,False,-319083.0,-313219.57181142294,False,False,False,False,8245.337844110685,False,False,False,False
2025-06-04 16:00:00+00:00,71.165,71.28,70.895,70.92,5109.0,,,,,,,,,,,,,,,,,,,,,,,,79.51550782761383,"rgba(38, 166, 154, 1.0)",0.0,0.0,1.735858206109084,71.83607556213455,-0.5277364008826099,0.0,0.0,0.0,0.0,0.0,0.0,0.0,0.0,64.47065493968908,8.61763632315359,True,False,True,False,True,0.5185917892960887,0,0.9893442622950812,0.9634562841530053,False,False,False,False,-0.006872686011924033,-0.028412785231823612,False,False,False,False,-324192.0,-313389.6869771373,False,False,False,False,8196.712451178737,False,False,False,False
2025-06-04 17:00:00+00:00,70.905,71.11,70.84,70.89,8422.0,,,,,,,,,,,,,,,,,,,,,,,,79.49258792310314,"rgba(38, 166, 154, 1.0)",0.0,0.0,1.6910731386799625,71.83554490559568,-0.5591389774742483,0.0,0.0,0.0,0.0,0.0,0.0,0.0,0.0,64.49828835274164,8.951219072068298,True,False,True,False,True,0.37695651330725966,0,0.9871970423113783,0.9647405175955085,False,False,False,False,-0.01735790704716581,-0.022885346139494712,False,False,False,False,-332614.0,-313687.7383418328,False,False,False,False,8200.20528139302,False,False,False,False
2025-06-04 18:00:00+00:00,70.89,70.99,70.48,70.62,19932.0,,,,,,,,,,,,,,,,,,,,,,,,79.43725710093965,"rgba(38, 166, 154, 1.0)",0.0,0.0,1.644890395868052,71.8222481260053,-0.730898623413047,0.0,0.0,0.0,0.0,0.0,0.0,0.0,0.0,61.836962593012245,8.951219072068298,True,False,True,False,False,0.0,0,0.9843268770104708,0.9649579084251592,False,False,False,False,-0.03974205783370248,-0.031313701986598594,False,False,False,False,-352546.0,-314290.1920109517,False,False,False,False,8382.093571603982,False,False,False,False
2025-06-04 19:00:00+00:00,70.62,70.83,70.445,70.575,25895.0,,,,,,,,,,,,,,,,,,,,,,,,79.3657558449299,"rgba(38, 166, 154, 1.0)",0.0,0.0,1.5898241956196038,71.80603467167836,-0.7743212583317026,0.0,0.0,0.0,0.0,0.0,0.0,0.0,0.0,59.632903174228346,8.951219072068298,False,False,True,False,False,0.0,0,0.9960616320044213,0.9626200511296896,False,False,False,False,-0.04884573249476444,-0.04007971724068152,False,False,False,False,-378441.0,-315284.7781813245,False,False,False,False,8653.6115007264,False,False,False,False
2025-06-05 14:00:00+00:00,69.44,69.98,69.34,69.92,3552.0,,,,,,,,,,,,,,,,,,,,,,,,79.35507207874846,"rgba(38, 166, 154, 1.0)",0.0,0.0,1.510671493199271,71.55338207387106,-1.081229162808862,0.0,0.0,0.0,0.0,0.0,0.0,0.0,0.0,53.156351362902285,8.83583920772854,False,True,False,False,False,0.0,0,0.9886596529580535,0.9543653504577126,False,False,False,False,-0.14082116888552565,-0.09045044306310358,False,False,False,False,-381993.0,-316319.01417851326,False,False,False,False,8574.516748777152,False,False,False,False
2025-06-05 15:00:00+00:00,69.925,70.265,69.74,70.22,2814.0,,,,,,,,,,,,,,,,,,,,,,,,79.34691356717165,"rgba(38, 166, 154, 1.0)",0.0,0.0,1.4275936030607792,71.55648893945279,-0.9361830541880704,0.0,0.0,0.0,0.0,0.0,0.0,0.0,0.0,51.288868216646165,7.168813070836627,False,True,False,False,False,0.0,0,0.9959047164016097,0.9494232475598934,False,False,False,False,-0.10840358455739305,-0.09942701381024832,False,False,False,False,-379179.0,-317293.5876021022,False,False,False,False,8485.206411586809,False,False,False,False
2025-06-05 16:00:00+00:00,70.225,70.41,70.12,70.37,5655.0,,,,,,,,,,,,,,,,,,,,,,,,79.33095837859297,"rgba(38, 166, 154, 1.0)",0.0,0.0,1.3428624529608888,71.56039982620105,-0.886464450306375,0.0,0.0,0.0,0.0,0.0,0.0,0.0,0.0,51.17452267695387,6.958996776939038,False,True,False,False,False,0.0,0,1.0006853070175428,0.9499040570175437,False,False,False,False,-0.08371425301241746,-0.0915706334113329,False,False,False,False,-373524.0,-318165.3769416045,False,False,False,False,8441.32724241492,False,False,False,False
2025-06-05 17:00:00+00:00,70.315,70.595,70.245,70.495,5203.0,,,,,,,,,,,,,,,,,,,,,,,,79.31656300771367,"rgba(38, 166, 154, 1.0)",0.0,0.0,1.300948327011539,71.56214333912241,-0.8202811110674841,0.0,0.0,0.0,0.0,0.0,0.0,0.0,0.0,52.033040643362156,6.958996776939038,False,True,False,False,False,0.0,0,0.999793217535152,0.9527846705266059,False,False,False,False,-0.06918536595525723,-0.08037799968329506,False,False,False,False,-368321.0,-318942.9835006494,False,False,False,False,8391.120618501509,False,False,False,False
2025-06-05 18:00:00+00:00,70.495,70.505,70.145,70.315,9209.0,,,,,,,,,,,,,,,,,,,,,,,,79.29084543886289,"rgba(38, 166, 154, 1.0)",0.0,0.0,1.2541345926897773,71.55608092092629,-0.9895914905468901,0.0,0.0,0.0,0.0,0.0,0.0,0.0,0.0,51.08677002955727,6.403886706843572,False,True,False,False,False,0.0,0,0.9958632101489235,0.9516685052399337,False,False,False,False,-0.07808631869344904,-0.07923215918837205,False,False,False,False,-377530.0,-319851.3093378486,False,False,False,False,8403.800918989858,False,False,False,False
2025-06-05 19:00:00+00:00,70.315,70.355,69.4,69.575,12485.0,,,,,,,,,,,,,,,,,,,,,,,,79.25410866985258,"rgba(239, 83, 80, 1.0)",0.0,0.0,1.1877051951705921,71.52718490964554,-1.6436611691044618,0.0,0.0,0.0,0.0,0.0,0.0,0.0,0.0,45.83795329623915,1.3004004372705182,False,True,False,True,False,0.0,0,0.9850991114149,0.9544771018455227,False,False,False,False,-0.12020500145811235,-0.0997185803232422,False,False,False,False,-390015.0,-320939.11849540134,False,False,False,False,8467.075323346604,False,False,False,False
2025-06-06 14:00:00+00:00,70.77,70.95,70.4,70.4,5149.0,,,,,,,,,,,,,,,,,,,,,,,,79.24032290426719,"rgba(239, 83, 80, 1.0)",0.0,0.0,1.1272996795760017,71.52811762835631,-1.0007255823762966,0.0,0.0,0.0,0.0,0.0,0.0,0.0,0.0,47.96448711072282,1.3004004372705182,False,True,False,True,False,0.0,0,0.9933568329717996,0.9370254880694142,False,False,False,False,-0.04534344397213252,-0.07253101214768735,False,False,False,False,-384866.0,-321930.2329373331,False,False,False,False,8415.632295077665,False,False,False,False
2025-06-06 15:00:00+00:00,70.375,70.605,70.07,70.385,8412.0,,,,,,,,,,,,,,,,,,,,,,,,79.21729908341872,"rgba(239, 83, 80, 1.0)",0.0,0.0,1.0808603221696265,71.52361488990684,-1.0534338864630308,0.0,0.0,0.0,0.0,0.0,0.0,0.0,0.0,49.289740492736264,1.3004004372705182,False,True,False,False,True,0.0,0,0.9875186541853199,0.9405779405779405,False,False,False,False,-0.07691446522826936,-0.07472273868797835,False,False,False,False,-393278.0,-323036.3998685372,False,False,False,False,8415.575980425298,False,False,False,False
2025-06-06 16:00:00+00:00,70.385,70.52,70.19,70.315,1763.0,,,,,,,,,,,,,,,,,,,,,,,,79.21248249720915,"rgba(239, 83, 80, 1.0)",0.0,0.0,1.042120771651395,71.52257106382699,-1.1587630691915047,0.0,0.0,0.0,0.0,0.0,0.0,0.0,0.0,49.70362512086106,1.3004004372705182,False,True,False,False,True,0.0,0,0.9871662892045835,0.951135817720129,False,False,False,False,-0.07527422377221749,-0.07499848123009792,False,False,False,False,-395041.0,-324152.7502581723,False,False,False,False,8312.435267550487,False,False,False,False
2025-06-06 17:00:00+00:00,70.31,70.42,70.17,70.2,4492.0,,,,,,,,,,,,,,,,,,,,,,,,79.2001256086805,"rgba(239, 83, 80, 1.0)",0.0,0.0,1.042718825740739,71.51904936217863,-1.2650096359788938,0.0,0.0,0.0,0.0,0.0,0.0,0.0,0.0,49.17544806105832,1.3004004372705182,False,True,False,False,True,0.0,1,0.9754408060453391,0.9692135460397425,False,False,False,False,-0.08089964664847907,-0.0779490639392885,False,False,False,False,-399533.0,-325321.43630068126,False,False,False,False,8253.20371301482,False,False,False,False
2025-06-06 18:00:00+00:00,70.205,70.47,70.205,70.46,5698.0,,,,,,,,,,,,,,,,,,,,,,,,79.18470125747567,"rgba(239, 83, 80, 1.0)",0.0,0.0,1.043887722210187,71.51603670508948,-1.0116382084210866,0.0,0.0,0.0,0.0,0.0,0.0,0.0,0.0,50.69580182226719,1.3004004372705182,False,True,False,False,True,0.0,1,0.9585911136107977,0.9715269966254217,False,False,False,False,-0.07691446522826936,-0.07743176458377893,False,False,False,False,-393835.0,-326383.6620944691,False,False,False,False,8213.58815157273,False,False,False,False
2025-06-06 19:00:00+00:00,70.45,70.68,70.435,70.53,15497.0,,,,,,,,,,,,,,,,,,,,,,,,79.14382735459174,"rgba(239, 83, 80, 1.0)",0.0,0.0,1.0467076095187302,71.51263914441127,-0.9387904850171839,0.0,0.0,0.0,0.0,0.0,0.0,0.0,0.0,52.199047499498455,-2.4033657691416295,False,True,True,False,True,0.0,1,0.9562460367786929,0.9716761783978016,False,False,False,False,-0.05632139391927663,-0.06687657925152778,False,False,False,False,-378338.0,-327189.15570540755,False,False,False,False,8326.509265501836,False,False,False,False
2025-06-09 14:00:00+00:00,71.42,71.53,71.16,71.36,4437.0,,,,,,,,,,,,,,,,,,,,,,,,79.133280585068,"rgba(239, 83, 80, 1.0)",0.0,0.0,1.0660261435552736,71.51829436402912,-0.14849013317928078,0.0,0.0,0.0,0.0,0.0,0.0,0.0,0.0,57.64393267702261,2.803290114033672,True,False,True,False,True,3.168684519356976,0,0.9627835123937917,0.9644687873042621,False,False,False,False,0.01712485988300865,-0.024875859684259562,False,False,False,False,-373901.0,-327913.3703456338,False,False,False,False,8266.206796269249,False,False,False,False
2025-06-09 15:00:00+00:00,71.36,71.99,71.36,71.785,4723.0,,,,,,,,,,,,,,,,,,,,,,,,79.12260552269325,"rgba(38, 166, 154, 1.0)",0.0,0.0,1.0912068614240824,71.52707105452993,0.23637034790402536,0.0,0.0,0.0,0.0,0.0,0.0,0.0,0.0,62.80857470791205,7.49262689597046,True,False,True,False,True,5.0765637880158785,0,0.9699295774647879,0.9545070422535209,False,False,False,False,0.047911666009143865,0.011517903162442151,False,False,False,False,-369178.0,-328553.1320457015,False,False,False,False,8211.2733575674,False,False,False,False
2025-06-09 16:00:00+00:00,71.845,72.19,71.845,72.01,3571.0,,,,,,,,,,,,,,,,,,,,,,,,79.11488413730525,"rgba(38, 166, 154, 1.0)",0.0,0.0,1.117118929526877,71.53532300290622,0.4249117838284381,0.0,0.0,0.0,0.0,0.0,0.0,0.0,0.0,66.96943350365304,11.145842365285311,True,False,True,False,True,6.065663737446162,0,0.9745186862967148,0.9542044167610417,False,False,False,False,0.07996172148279938,0.04573981232262077,False,False,False,False,-365607.0,-329127.61061863636,False,False,False,False,8139.331134969454,False,False,False,False
2025-06-09 17:00:00+00:00,72.02,72.47,72.02,72.355,5209.0,,,,,,,,,,,,,,,,,,,,,,,,79.10407293490023,"rgba(38, 166, 154, 1.0)",0.0,0.0,1.1454703506983002,71.54920317462128,0.7034637124282546,0.0,0.0,0.0,0.0,0.0,0.0,0.0,0.0,70.74387964948518,14.450895813156222,True,False,True,False,True,7.558308201727613,0,0.9770139330928629,0.9482283046891575,False,False,False,False,0.10133734271073074,0.07353857751667575,False,False,False,False,-360398.0,-329612.42285710707,False,False,False,False,8093.8996445048115,False,False,False,False
2025-06-09 18:00:00+00:00,72.35,72.545,72.185,72.26,11301.0,,,,,,,,,,,,,,,,,,,,,,,,79.08090043037272,"rgba(38, 166, 154, 1.0)",0.0,0.0,1.1674544496024002,71.57756543659045,0.584549199021833,0.0,0.0,0.0,0.0,0.0,0.0,0.0,0.0,72.31368431364128,15.815028037654685,True,False,True,False,True,7.059049442908012,0,0.9849751948972352,0.9428065201984407,False,False,False,False,0.1126484516637678,0.09309351459022178,False,False,False,False,-371699.0,-330264.9279290899,False,False,False,False,8143.62213063652,False,False,False,False
2025-06-09 19:00:00+00:00,72.225,72.25,71.765,71.77,12062.0,,,,,,,,,,,,,,,,,,,,,,,,79.05488058414839,"rgba(38, 166, 154, 1.0)",0.0,0.0,1.1745813055075347,71.59658404351954,0.14764065771123566,0.0,0.0,0.0,0.0,0.0,0.0,0.0,0.0,68.98748534342934,15.815028037654685,True,False,True,False,False,4.527826375262865,0,0.9776188115305608,0.9473758764785039,False,False,False,False,0.07902394605936403,0.0860587303247929,False,False,False,False,-383761.0,-331094.3243953056,False,False,False,False,8204.372175122775,False,False,False,False
2025-06-10 14:00:00+00:00,72.72,73.82,72.72,73.72,6752.0,,,,,,,,,,,,,,,,,,,,,,,,79.04342922256647,"rgba(38, 166, 154, 1.0)",0.0,0.0,1.243557770243286,71.62222163577194,1.686916695327841,0.0,0.0,0.0,0.0,0.0,0.0,0.0,0.0,72.26517957924186,15.815028037654685,True,False,True,False,False,12.372605776800803,0,0.9731464862625975,0.9287588016015462,False,False,False,False,0.19909871593890904,0.14257872313185097,False,False,False,False,-377009.0,-331806.17983103724,False,False,False,False,8181.854777058856,False,False,False,False
2025-06-10 15:00:00+00:00,73.77,74.34,73.73,73.79,10289.0,,,,,,,,,,,,,,,,,,,,,,,,79.02771487828923,"rgba(38, 166, 154, 1.0)",0.0,0.0,1.3126551388380818,71.66711025305345,1.617248646758558,0.0,0.0,0.0,0.0,0.0,0.0,0.0,0.0,74.57292987970726,17.602664054510498,True,False,True,False,True,12.626935724655038,0,0.986722619702806,0.9241194276279577,False,False,False,False,0.2744895236173503,0.20853412337460064,False,False,False,False,-366720.0,-332347.4793685405,False,False,False,False,8214.52369524399,False,False,False,False
2025-06-10 16:00:00+00:00,73.825,73.83,73.23,73.235,9272.0,,,,,,,,,,,,,,,,,,,,,,,,79.01218938399487,"rgba(38, 166, 154, 1.0)",0.0,0.0,1.3544582973586805,71.69765124821033,1.1350284868774756,0.0,0.0,0.0,0.0,0.0,0.0,0.0,0.0,72.5705951433042,17.602664054510498,True,False,True,False,True,9.839529417162975,0,0.9873628662685728,0.935286765726982,False,False,False,False,0.2244314895040703,0.21648280643933548,False,False,False,False,-375992.0,-333024.13860313676,False,False,False,False,8230.918676713074,False,False,False,False
2025-06-10 17:00:00+00:00,73.215,73.37,73.105,73.18,9492.0,,,,,,,,,,,,,,,,,,,,,,,,78.99578030283816,"rgba(38, 166, 154, 1.0)",0.0,0.0,1.3713314697783612,71.72409530382328,1.061672344186806,0.0,0.0,0.0,0.0,0.0,0.0,0.0,0.0,70.89893972387061,17.602664054510498,True,False,True,False,False,9.567503805260582,0,0.9788293024886077,0.9432877672625303,False,False,False,False,0.19595041392163054,0.206216610180483,False,False,False,False,-385484.0,-333837.46978758427,False,False,False,False,8250.470325136126,False,False,False,False
2025-06-10 18:00:00+00:00,73.175,73.22,72.745,73.145,12617.0,,,,,,,,,,,,,,,,,,,,,,,,78.97343096079463,"rgba(38, 166, 154, 1.0)",0.0,0.0,1.3852007302436447,71.75372551595623,1.0043847463169107,0.0,0.0,0.0,0.0,0.0,0.0,0.0,0.0,69.54944125317179,17.602664054510498,True,False,True,False,False,9.391796000182705,0,0.9685127916783798,0.9463733483272417,False,False,False,False,0.1713758806078449,0.18879624539416395,False,False,False,False,-398101.0,-334833.80358932714,False,False,False,False,8318.16845963014,False,False,False,False
2025-06-10 19:00:00+00:00,73.15,73.45,73.005,73.325,20329.0,,,,,,,,,,,,,,,,,,,,,,,,78.93911284101071,"rgba(38, 166, 154, 1.0)",0.0,0.0,1.3956427593464438,71.80311382265484,1.0904553956614516,0.0,0.0,0.0,0.0,0.0,0.0,0.0,0.0,69.2791182884839,17.602664054510498,True,False,True,False,False,10.099439262782628,0,0.9703729767769166,0.9430682617874732,False,False,False,False,0.21721020258324986,0.2030032239887069,False,False,False,False,-377772.0,-335499.51206081046,False,False,False,False,8504.382902116495,False,False,False,False
2025-06-11 14:00:00+00:00,74.16,74.44,73.57,74.225,6756.0,,,,,,,,,,,,,,,,,,,,,,,,78.92942917100261,"rgba(38, 166, 154, 1.0)",0.0,0.0,1.4383437766487681,71.86043723134472,1.643948273732256,0.0,0.0,0.0,0.0,0.0,0.0,0.0,0.0,71.62730545426554,17.602664054510498,True,False,True,False,False,13.484634818477744,0,0.9787872444351396,0.9256157979205913,False,False,False,False,0.31861960283646384,0.2608114134125854,False,False,False,False,-371016.0,-336050.15528467385,False,True,False,False,8477.276190455774,False,False,False,False
2025-06-11 15:00:00+00:00,74.225,74.235,73.64,73.7,8494.0,,,,,,,,,,,,,,,,,,,,,,,,78.91675930346236,"rgba(38, 166, 154, 1.0)",0.0,0.0,1.4617999117479743,71.8789839918661,1.245735475490894,0.0,0.0,0.0,0.0,0.0,0.0,0.0,0.0,69.69818519867982,17.602664054510498,True,False,True,False,False,10.820137799179893,0,0.9828030355775248,0.9245979252245348,False,False,False,False,0.311180632804368,0.2859960231084767,False,False,False,False,-379510.0,-336723.95132677193,False,False,False,False,8477.535474324677,False,False,False,False
2025-06-11 16:00:00+00:00,73.66,73.695,73.285,73.59,10339.0,,,,,,,,,,,,,,,,,,,,,,,,78.90040686549071,"rgba(38, 166, 154, 1.0)",0.0,0.0,1.4754226360468181,71.8947868742639,1.148967817301612,0.0,0.0,0.0,0.0,0.0,0.0,0.0,0.0,67.72381364136726,17.602664054510498,True,False,True,False,False,10.271157398676799,0,0.9935888303177081,0.9280524291209569,False,False,False,False,0.26265560415053885,0.2743258136295078,False,False,False,False,-389849.0,-337547.5954922483,False,False,False,False,8506.395389451425,False,False,False,False
2025-06-11 17:00:00+00:00,73.565,73.785,73.51,73.675,15333.0,,,,,,,,,,,,,,,,,,,,,,,,78.87693437541631,"rgba(38, 166, 154, 1.0)",0.0,0.0,1.4873315848349393,71.9292264383888,1.1737621787981756,0.0,0.0,0.0,0.0,0.0,0.0,0.0,0.0,66.72803587550753,22.08123713800299,True,False,True,False,False,10.596005699860168,0,0.9997137336291412,0.9194875831961634,False,False,False,False,0.2795858834302436,0.2769558485298757,False,False,False,False,-374516.0,-338120.749050508,False,False,False,False,8612.23422062272,False,False,False,False
2025-06-11 18:00:00+00:00,73.69,73.775,73.035,73.17,7514.0,,,,,,,,,,,,,,,,,,,,,,,,78.86478582812126,"rgba(38, 166, 154, 1.0)",0.0,0.0,1.4824976733053261,71.94037599633847,0.8294272738519716,0.0,0.0,0.0,0.0,0.0,0.0,0.0,0.0,62.813056992967965,18.196339307986605,True,False,True,False,False,8.068650458598366,0,0.9956521739130426,0.9151817533856015,False,False,False,False,0.25357999180837226,0.265267920169124,False,False,False,False,-382030.0,-338801.51263112033,False,False,False,False,8595.207333481283,False,False,False,False
2025-06-11 19:00:00+00:00,73.18,73.275,72.81,73.195,17204.0,,,,,,,,,,,,,,,,,,,,,,,,78.83600636087657,"rgba(38, 166, 154, 1.0)",0.0,0.0,1.474805065758292,71.9595442484604,0.8377078301560907,0.0,0.0,0.0,0.0,0.0,0.0,0.0,0.0,60.327933763456684,15.763648982440543,False,False,True,False,False,8.168332664947584,0,0.9932379528792076,0.9204213823047895,False,False,False,False,0.21531131289813446,0.24028961653362924,False,False,False,False,-364826.0,-339204.99305544404,False,False,False,False,8728.67698722576,False,False,False,False
2025-06-12 14:00:00+00:00,72.85,72.93,72.31,72.69,2798.0,,,,,,,,,,,,,,,,,,,,,,,,78.83098822998683,"rgba(38, 166, 154, 1.0)",0.0,0.0,1.4536058551018245,71.96054577412289,0.5018239458219629,0.0,0.0,0.0,0.0,0.0,0.0,0.0,0.0,55.73676659932991,11.447726984504826,False,True,True,False,False,5.691253889408916,0,0.9803502776591193,0.9310835825145942,False,False,False,False,0.17147170569610548,0.20588066111486736,False,False,False,False,-367624.0,-339645.5978142743,False,False,False,False,8636.728506803654,False,False,False,False
2025-06-12 15:00:00+00:00,72.73,72.81,72.28,72.53,2283.0,,,,,,,,,,,,,,,,,,,,,,,,78.82683148046421,"rgba(38, 166, 154, 1.0)",0.0,0.0,1.4265464250093705,71.9610205169052,0.3988510104682152,0.0,0.0,0.0,0.0,0.0,0.0,0.0,0.0,51.84356970352046,7.891568269231598,False,True,False,False,False,4.921682400620899,0,0.9725735398607354,0.9330680687793088,False,False,False,False,0.1637618949292968,0.1848212780220821,False,False,False,False,-369907.0,-340114.7668404096,False,False,False,False,8538.22108809352,False,False,False,False
2025-06-12 16:00:00+00:00,72.53,72.77,72.51,72.75,1022.0,,,,,,,,,,,,,,,,,,,,,,,,78.82501287587961,"rgba(38, 166, 154, 1.0)",0.0,0.0,1.399833542229306,71.96151006071925,0.5632740718764611,0.0,0.0,0.0,0.0,0.0,0.0,0.0,0.0,50.676871556984935,6.8153244302643685,False,True,False,False,False,5.847040643710173,0,0.9863999424336181,0.9273944016694247,False,False,False,False,0.17353103238129686,0.17917615520168947,False,False,False,False,-368885.0,-340560.81696691486,False,False,False,False,8421.690528588193,False,False,False,False
2025-06-12 17:00:00+00:00,72.75,73.18,72.75,73.115,2820.0,,,,,,,,,,,,,,,,,,,,,,,,78.82027621134361,"rgba(38, 166, 154, 1.0)",0.0,0.0,1.4055905206410588,71.96460263890438,0.8184441657809011,0.0,0.0,0.0,0.0,0.0,0.0,0.0,0.0,52.05341860927605,6.8153244302643685,False,True,False,False,False,7.359137040946898,0,1.0002892681515758,0.9111223604281163,False,False,False,False,0.20721326913564492,0.19319471216866718,False,False,False,False,-366065.0,-340956.2306573503,False,False,False,False,8334.842613416282,False,False,False,False
2025-06-12 18:00:00+00:00,73.095,73.14,72.85,72.885,1515.0,,,,,,,,,,,,,,,,,,,,,,,,78.81770989336246,"rgba(38, 166, 154, 1.0)",0.0,0.0,1.410375462758137,71.96612241338411,0.6515127431520473,0.0,0.0,0.0,0.0,0.0,0.0,0.0,0.0,51.482771412932664,6.8153244302643685,False,True,False,False,False,6.217242894759355,0,0.9934043632673761,0.9150539972457776,False,False,False,False,0.21034476223300883,0.20176973720083802,False,False,False,False,-367580.0,-341369.0022750658,False,False,False,False,8229.108619409828,False,False,False,False
2025-06-12 19:00:00+00:00,72.885,73.06,72.705,73.035,8692.0,,,,,,,,,,,,,,,,,,,,,,,,78.80296685634366,"rgba(38, 166, 154, 1.0)",0.0,0.0,1.4182165649961578,71.97459767026258,0.7477012720834261,0.0,0.0,0.0,0.0,0.0,0.0,0.0,0.0,52.03595575863509,6.8153244302643685,False,True,False,False,False,6.8460858634571125,0,0.9941847786581369,0.9146616268081699,False,False,False,False,0.19862209031761693,0.20019591375922746,False,False,False,False,-358888.0,-341640.61464289424,False,False,False,False,8236.285229961613,False,False,False,False
2025-06-13 14:00:00+00:00,72.14,72.59,71.985,72.28,3342.0,,,,,,,,,,,,,,,,,,,,,,,,78.79669397302807,"rgba(38, 166, 154, 1.0)",0.0,0.0,1.420420388858648,71.97435900633778,0.21517643372312836,0.0,0.0,0.0,0.0,0.0,0.0,0.0,0.0,48.11675105644652,3.632980924412294,False,True,False,True,False,3.1752777826499177,0,0.9821338520279511,0.9126143649592965,False,False,False,False,0.13743202517534417,0.16881396946728583,False,False,False,False,-362230.0,-341959.8299197486,False,False,False,False,8160.404838799418,False,False,False,False
2025-06-13 15:00:00+00:00,72.32,72.445,72.21,72.35,2785.0,,,,,,,,,,,,,,,,,,,,,,,,78.79151585390629,"rgba(38, 166, 154, 1.0)",0.0,0.0,1.4245986853913215,71.97448485949084,0.2635936312169214,0.0,0.0,0.0,0.0,0.0,0.0,0.0,0.0,45.99420051998218,1.4799818475223248,False,True,False,True,False,3.478753433955106,0,0.98561930914872,0.9144385026737966,False,False,False,False,0.14150880000490804,0.15516138473609692,False,False,False,False,-359445.0,-342230.91782796953,False,False,False,False,8077.065228895551,False,False,False,False
2025-06-13 16:00:00+00:00,72.345,72.525,72.265,72.395,2106.0,,,,,,,,,,,,,,,,,,,,,,,,78.78764203597795,"rgba(38, 166, 154, 1.0)",0.0,0.0,1.4293303888061089,71.97483207294098,0.293961375445162,0.0,0.0,0.0,0.0,0.0,0.0,0.0,0.0,44.918941308177466,0.2733302379240712,False,True,False,True,False,3.6764373444571774,0,0.9958545454545447,0.9081454545454541,False,False,False,False,0.14839904023608222,0.15178021248608958,False,False,False,False,-357339.0,-342465.15166009404,False,False,False,False,7984.490574183991,False,False,False,False
2025-06-13 17:00:00+00:00,72.39,72.41,72.06,72.17,2475.0,,,,,,,,,,,,,,,,,,,,,,,,78.78296626032814,"rgba(38, 166, 154, 1.0)",0.0,0.0,1.4258959661597206,71.97457717694198,0.13705265159305038,0.0,0.0,0.0,0.0,0.0,0.0,0.0,0.0,42.924601291105475,-1.8198424692184503,False,True,False,True,False,2.5823720773805334,0,0.9872881355932196,0.917153711279953,False,False,False,False,0.132088117431515,0.1419341649588023,False,False,False,False,-359814.0,-342734.1260529608,False,False,False,False,7899.072115669511,False,False,False,False
2025-06-13 18:00:00+00:00,72.23,72.3,71.53,71.695,2223.0,,,,,,,,,,,,,,,,,,,,,,,,78.77853495902833,"rgba(239, 83, 80, 1.0)",0.0,0.0,1.4056979222624253,71.97311163895529,-0.19784594865707933,0.0,0.0,0.0,0.0,0.0,0.0,0.0,0.0,39.31756547832309,-5.3396498719547765,False,True,False,True,False,0.3259104599863072,0,0.973523421588594,0.9226069246435844,False,False,False,False,0.09966606485722355,0.12080011490801293,False,False,False,False,-362037.0,-343033.39541648084,False,False,False,False,7811.070997597115,False,False,False,False
2025-06-13 19:00:00+00:00,71.735,72.12,71.51,72.12,13794.0,,,,,,,,,,,,,,,,,,,,,,,,78.75146007272403,"rgba(239, 83, 80, 1.0)",0.0,0.0,1.396486188861143,71.89856112075293,0.1585686138633861,0.0,0.0,0.0,0.0,0.0,0.0,0.0,0.0,40.31035937330866,-5.3396498719547765,False,True,False,True,False,2.257532577339507,0,0.9709462396754088,0.9260252137371393,False,False,False,False,0.08957999951841213,0.10519005721321253,False,False,False,False,-348243.0,-343114.1644797912,False,False,False,False,7903.829586781655,False,False,False,False
2025-06-16 14:00:00+00:00,72.44,73.14,72.31,72.915,4316.0,,,,,,,,,,,,,,,,,,,,,,,,78.74410725699794,"rgba(239, 83, 80, 1.0)",0.0,0.0,1.3955004656229195,71.91289654790356,0.7180961072980603,0.0,0.0,0.0,0.0,0.0,0.0,0.0,0.0,45.58987422036918,-9.973381225572759,False,True,False,True,True,5.680177139348142,0,0.9817099411849084,0.912853249175154,False,False,False,False,0.18229967060471278,0.14374486390896266,False,False,False,False,-343927.0,-343126.7665808797,False,False,False,False,7848.204321870312,False,False,False,False
2025-06-16 15:00:00+00:00,72.87,72.87,72.3,72.4,5104.0,,,,,,,,,,,,,,,,,,,,,,,,78.7350495039619,"rgba(239, 83, 80, 1.0)",0.0,0.0,1.3876598747287305,71.92002568913094,0.3458875763507224,0.0,0.0,0.0,0.0,0.0,0.0,0.0,0.0,46.322613360964674,-9.269994811778759,False,True,False,True,True,3.246555679107903,0,0.9795465922906379,0.9190445541014085,False,False,False,False,0.1678713358573795,0.15580809988317107,False,False,False,False,-349031.0,-343218.3050835017,False,False,False,False,7805.658518430462,False,False,False,False
2025-06-16 16:00:00+00:00,72.395,72.91,72.34,72.77,8990.0,,,,,,,,,,,,,,,,,,,,,,,,78.71954319973123,"rgba(239, 83, 80, 1.0)",0.0,0.0,1.3834160943455553,71.93319275620357,0.6048847105485586,0.0,0.0,0.0,0.0,0.0,0.0,0.0,0.0,48.68070280620241,-6.94279572930801,False,True,False,False,True,4.798936589556163,0,0.9771383804572317,0.920019941599601,False,False,False,False,0.17198640169507415,0.1638972507891226,False,False,False,False,-340041.0,-343169.0445395714,False,False,False,False,7824.020401865649,False,False,False,False
2025-06-16 17:00:00+00:00,72.76,73.16,72.59,72.82,6983.0,,,,,,,,,,,,,,,,,,,,,,,,78.70791684096066,"rgba(239, 83, 80, 1.0)",0.0,0.0,1.3931656155808068,71.93795306498356,0.633124249659801,0.0,0.0,0.0,0.0,0.0,0.0,0.0,0.0,50.50238213050656,-5.098114228184734,False,True,False,False,True,5.007744877114785,0,0.9778283115406474,0.9219727117680497,False,False,False,False,0.1978425254750598,0.1808698881320912,False,False,False,False,-333058.0,-343012.2841591129,False,False,False,False,7810.981325867731,False,False,False,False
2025-06-16 18:00:00+00:00,72.82,72.82,72.49,72.625,9427.0,,,,,,,,,,,,,,,,,,,,,,,,78.69172914820992,"rgba(239, 83, 80, 1.0)",0.0,0.0,1.3944916668855425,71.94054769386092,0.4908256695916545,0.0,0.0,0.0,0.0,0.0,0.0,0.0,0.0,50.52817470225951,-4.836159666095185,False,True,False,False,True,4.071770339053888,0,0.9722775092408295,0.9304805231731588,False,False,False,False,0.1750764833405747,0.17797318573633297,False,False,False,False,-342485.0,-343004.1092109096,False,False,False,False,7836.035878955053,False,False,False,False
2025-06-16 19:00:00+00:00,72.62,72.705,72.265,72.685,15521.0,,,,,,,,,,,,,,,,,,,,,,,,78.66485607193458,"rgba(239, 83, 80, 1.0)",0.0,0.0,1.3998154061073114,71.94600774275082,0.527921220201607,0.0,0.0,0.0,0.0,0.0,0.0,0.0,0.0,50.91254879851864,-4.124505930912356,False,True,False,False,True,4.331337317305913,0,0.9657029478458043,0.9339569160997728,False,False,False,False,0.15760795233741354,0.16779056903687325,False,False,False,False,-326964.0,-342755.4253471745,False,False,False,False,7955.1826095138895,False,False,False,False
2025-06-17 14:00:00+00:00,72.26,72.59,71.85,72.16,3813.0,,,,,,,,,,,,,,,,,,,,,,,,78.65791248534084,"rgba(239, 83, 80, 1.0)",0.0,0.0,1.4001361838541049,71.94339128910624,0.1547054589343593,0.0,0.0,0.0,0.0,0.0,0.0,0.0,0.0,48.069113306328425,-4.124505930912356,False,True,False,True,False,1.8212229189193536,0,0.9579206181945902,0.9357218124341408,False,False,False,False,0.1305626763917456,0.14917662271430943,False,False,False,False,-330777.0,-342569.7133262881,False,False,False,False,7890.9627240950695,False,False,False,False
2025-06-17 15:00:00+00:00,72.16,72.31,71.53,71.565,5174.0,,,,,,,,,,,,,,,,,,,,,,,,78.64793460006759,"rgba(239, 83, 80, 1.0)",0.0,0.0,1.3992906021243017,71.93435923509949,-0.2639617778742745,0.0,0.0,0.0,0.0,0.0,0.0,0.0,0.0,43.53727412925264,-1.3765255869770385,False,True,False,True,False,0.0,1,0.9518013291360609,0.9453655124169286,False,False,False,False,0.10017088212650287,0.12467375242040615,False,False,False,False,-335951.0,-342467.097615803,False,False,False,False,7848.8392710083235,False,False,False,False
2025-06-17 16:00:00+00:00,71.565,72.035,71.565,71.84,3354.0,,,,,,,,,,,,,,,,,,,,,,,,78.64149301970774,"rgba(239, 83, 80, 1.0)",0.0,0.0,1.3996328122094055,71.92947705732503,-0.06392895089661552,0.0,0.0,0.0,0.0,0.0,0.0,0.0,0.0,42.447859716027764,-2.4479709457766674,False,True,False,True,False,0.35218400036361075,0,0.9487902941383924,0.9600761797277279,False,False,False,False,0.08806870591461054,0.10637122916750835,False,False,False,False,-332597.0,-342314.07284656574,False,False,False,False,7779.151840450055,False,False,False,False
2025-06-17 17:00:00+00:00,71.79,71.98,71.425,71.525,4711.0,,,,,,,,,,,,,,,,,,,,,,,,78.63224095647102,"rgba(239, 83, 80, 1.0)",0.0,0.0,1.3946464339322255,71.92123508015467,-0.28411149271538105,0.0,0.0,0.0,0.0,0.0,0.0,0.0,0.0,40.34825142293619,-4.530284988254749,False,True,False,True,False,0.0,0,0.9363438137441085,0.961665611591756,False,False,False,False,0.07825476093772524,0.0923129950526168,False,False,False,False,-337308.0,-342236.4593140608,False,False,False,False,7731.583594861682,False,False,False,False
2025-06-17 18:00:00+00:00,71.485,71.485,70.935,71.03,3051.0,,,,,,,,,,,,,,,,,,,,,,,,78.62584001514134,"rgba(239, 83, 80, 1.0)",0.0,0.0,1.3883146727722888,71.91238001364302,-0.6355763797273811,0.0,0.0,0.0,0.0,0.0,0.0,0.0,0.0,37.10288020947698,-7.644909303527768,False,True,False,True,False,0.0,0,0.9300660019660154,0.9686139587136634,False,False,False,False,0.028872081092720152,0.06059253807266847,False,False,False,False,-340359.0,-342207.3514177188,False,False,False,False,7659.016407344447,False,False,False,False
2025-06-17 19:00:00+00:00,71.05,71.335,70.895,71.21,11992.0,,,,,,,,,,,,,,,,,,,,,,,,78.6007756156024,"rgba(239, 83, 80, 1.0)",0.0,0.0,1.376251512344099,71.88270661619211,-0.48879627753965477,0.0,0.0,0.0,0.0,0.0,0.0,0.0,0.0,36.303120919900564,-8.491103068787183,False,True,False,True,False,0.0,0,0.9244406922752207,0.9772055719712957,False,False,False,False,0.01937008066034019,0.03998130936650433,False,False,False,False,-328367.0,-341992.7723259712,False,False,False,False,7726.194447540656,False,False,False,False
2025-06-18 14:00:00+00:00,71.155,71.8,71.035,71.685,4551.0,,,,,,,,,,,,,,,,,,,,,,,,78.5917647857269,"rgba(239, 83, 80, 1.0)",0.0,0.0,1.362218421190676,71.87693141136108,-0.14089620898924612,0.0,0.0,0.0,0.0,0.0,0.0,0.0,0.0,39.01244459838367,-8.491103068787183,False,True,False,True,True,0.0,0,0.9207692307692299,0.9734965034965032,False,False,False,False,0.05819568425018264,0.049088496808343485,False,False,False,False,-323816.0,-341710.96190231276,False,False,False,False,7676.966626648553,False,False,False,False
2025-06-18 15:00:00+00:00,71.755,72.025,71.48,71.48,7288.0,,,,,,,,,,,,,,,,,,,,,,,,78.57769701262491,"rgba(239, 83, 80, 1.0)",0.0,0.0,1.35341137883666,71.87107808902198,-0.28895729350090854,0.0,0.0,0.0,0.0,0.0,0.0,0.0,0.0,39.819670230169166,-8.491103068787183,False,True,False,True,True,0.0,0,0.9294084821428565,0.9686104910714282,False,False,False,False,0.09545644744586755,0.07227247212710552,False,False,False,False,-331104.0,-341546.5128805715,False,False,False,False,7670.936136312916,False,False,False,False
2025-06-18 16:00:00+00:00,71.5,71.755,71.485,71.7,2371.0,,,,,,,,,,,,,,,,,,,,,,,,78.5731227589363,"rgba(239, 83, 80, 1.0)",0.0,0.0,1.343355681303605,71.86924689562956,-0.12598814892070645,0.0,0.0,0.0,0.0,0.0,0.0,0.0,0.0,41.82789525105282,-13.229786523137705,False,True,False,True,True,0.0,0,0.9392566371681409,0.9683539823008848,False,False,False,False,0.08171686490578245,0.07699466851644399,False,False,False,False,-328733.0,-341347.853766144,False,False,False,False,7588.76658381194,False,False,False,False
2025-06-18 17:00:00+00:00,71.705,71.85,71.61,71.77,10411.0,,,,,,,,,,,,,,,,,,,,,,,,78.55338790432711,"rgba(239, 83, 80, 1.0)",0.0,0.0,1.318292644104365,71.8640020698954,-0.07130592005940693,0.0,0.0,0.0,0.0,0.0,0.0,0.0,0.0,43.64053354985599,-11.34915503567494,False,True,False,True,True,0.20024127602340513,0,0.9408132850755795,0.9635228159818323,False,False,False,False,0.09312091823575902,0.0850577933761015,False,False,False,False,-318322.0,-340990.8637852735,False,False,False,False,7632.522140652065,False,False,False,False
2025-06-18 18:00:00+00:00,71.775,71.965,70.935,70.96,8357.0,,,,,,,,,,,,,,,,,,,,,,,,78.53657212821358,"rgba(239, 83, 80, 1.0)",0.0,0.0,1.2943609226959756,71.85292314718431,-0.689856385129801,0.0,0.0,0.0,0.0,0.0,0.0,0.0,0.0,40.83654634176091,-11.34915503567494,False,True,False,True,False,0.0,0,0.9311800717753846,0.9631271550207583,False,False,False,False,0.06413298315077391,0.0745953882634377,False,False,False,False,-326679.0,-340768.97442426154,False,False,False,False,7643.754355525676,False,False,False,False
2025-06-18 19:00:00+00:00,70.95,71.17,70.835,70.875,11202.0,,,,,,,,,,,,,,,,,,,,,,,70.96,78.51314326027659,"rgba(239, 83, 80, 1.0)",0.0,0.0,1.268319992591688,71.74630152349278,-0.6869729473493166,1.0,71.17,70.835,0.0,0.0,0.0,0.0,0.0,38.624473333472665,-6.304545464955012,False,True,False,True,False,0.0,0,0.9273609450812172,0.9747556430630755,False,False,False,False,0.018006617006827843,0.046301002635132774,True,False,False,False,-337881.0,-340724.19962698617,False,False,False,False,7698.920954664813,False,False,False,False
2025-06-19 14:00:00+00:00,70.875,70.875,70.875,70.875,0.0,,,,,,,,,,,,,,,,,,,,,,,70.96,78.51314326027659,"rgba(239, 83, 80, 1.0)",0.0,0.0,1.2350895689169328,71.74630152349278,-0.7054561429555524,0.0,0.0,0.0,0.0,0.0,0.0,0.0,0.0,37.149757994613836,-7.806470387177882,False,True,False,True,False,0.0,0,0.9343205328043072,0.9754144820745357,False,False,False,False,0.0048870173168110344,0.025594009975971905,True,False,False,False,-337881.0,-340680.1190126143,False,False,False,False,7579.557839088614,False,False,False,False
2025-06-19 15:00:00+00:00,70.875,70.875,70.875,70.875,0.0,,,,,,,,,,,,,,,,,,,,,,,70.96,78.51314326027659,"rgba(239, 83, 80, 1.0)",0.0,0.0,1.2145401866010996,71.74630152349278,-0.71739209052532,0.0,0.0,0.0,0.0,0.0,0.0,0.0,0.0,36.16661443537462,-8.910464588574499,False,True,False,True,False,0.0,0,0.9388220212235592,0.9685919806281602,False,False,False,False,0.0048870173168110344,0.015240513646391469,True,False,False,False,-337881.0,-340636.7218186203,False,False,False,False,7462.045314451581,False,False,False,False
2025-06-19 16:00:00+00:00,70.875,70.875,70.875,70.875,0.0,,,,,,,,,,,,,,,,,,,,,,,70.96,78.51314326027659,"rgba(239, 83, 80, 1.0)",0.0,0.0,1.1931505798978073,71.74630152349278,-0.7302527762819356,0.0,0.0,0.0,0.0,0.0,0.0,0.0,0.0,35.51118539588181,-9.77461197414079,False,True,False,True,False,0.0,0,0.9495476943443406,0.9634478193719203,False,False,False,False,0.0048870173168110344,0.01006376548160125,False,False,False,False,-337881.0,-340593.99744933937,False,False,True,False,7346.354689421324,False,False,True,False
2025-06-19 17:00:00+00:00,70.875,70.875,70.875,70.875,0.0,,,,,,,,,,,,,,,,,,,,,,,70.96,78.51314326027659,"rgba(239, 83, 80, 1.0)",0.0,0.0,1.1767233403922883,71.74630152349278,-0.7404472177821394,0.0,0.0,0.0,0.0,0.0,0.0,0.0,0.0,35.074232702886604,-10.490017244522605,False,True,False,True,False,0.0,0,0.9493886624675802,0.9584290477954797,False,False,False,False,0.0048870173168110344,0.007475391399206143,False,False,False,False,-337881.0,-340551.9354733806,False,False,True,False,7232.4577174923115,False,False,True,False
2025-06-19 18:00:00+00:00,70.875,70.875,70.875,70.875,0.0,,,,,,,,,,,,,,,,,,,,,,,70.96,78.51314326027659,"rgba(239, 83, 80, 1.0)",0.0,0.0,1.16857030150253,71.74630152349278,-0.7456132697985469,0.0,0.0,0.0,0.0,0.0,0.0,0.0,0.0,34.78293090755646,-11.107828511950792,False,True,False,True,False,0.0,0,0.9454978065283661,0.9578407316529108,False,False,False,False,0.0048870173168110344,0.006181204358008589,False,False,False,False,-337881.0,-340510.52562108013,False,False,True,False,7120.326590089329,False,False,True,False
2025-06-19 19:00:00+00:00,70.875,70.875,70.875,70.875,0.0,,,,,,,,,,,,,,,,,,,,,,,70.96,78.51314326027659,"rgba(239, 83, 80, 1.0)",0.0,0.0,1.1592444067575904,71.74630152349278,-0.7516115828669881,0.0,0.0,0.0,0.0,0.0,0.0,0.0,0.0,34.5887297106697,-11.655945274511332,False,True,False,True,False,0.0,0,0.9612966749981064,0.9553889267590698,False,False,False,False,0.0048870173168110344,0.005534110837409812,False,False,False,False,-337881.0,-340469.7577819936,False,False,True,False,7009.933929777867,False,False,True,False
2025-06-20 14:00:00+00:00,71.81,71.975,71.21,71.47,2669.0,,,,,,,,,,,,,,,,,,,,,,,71.07384603369138,78.50801803383554,"rgba(239, 83, 80, 1.0)",0.0,0.0,1.1464206930309515,71.75048726979568,-0.24466347432557428,0.0,0.0,0.0,0.0,0.0,0.0,0.0,0.0,41.43100877823943,-12.631825180712525,False,True,False,True,True,0.0,0,0.9648675024397565,0.9302604909541324,False,False,False,False,0.0788692770439264,0.04220169394066811,False,False,False,False,-335212.0,-340388.24215746653,False,False,False,False,6942.6326285410005,False,False,False,False
2025-06-20 15:00:00+00:00,71.47,71.725,71.14,71.17,4533.0,,,,,,,,,,,,,,,,,,,,,,,71.14063265232195,78.49907258413333,"rgba(239, 83, 80, 1.0)",0.0,0.0,1.13697505261744,71.74971608689758,-0.5098758196699279,0.0,0.0,0.0,0.0,0.0,0.0,0.0,0.0,43.18608332484639,-11.086550454653299,False,True,False,True,True,0.0,0,0.9684596943362301,0.9286784537009289,False,False,False,False,0.06232530730671644,0.052263500623692276,False,False,False,False,-339745.0,-340378.26941083913,False,False,False,False,6905.273983137264,False,False,False,False
2025-06-20 16:00:00+00:00,71.16,71.345,71.15,71.25,1673.0,,,,,,,,,,,,,,,,,,,,,,,71.14960726204114,78.49573218380074,"rgba(239, 83, 80, 1.0)",0.0,0.0,1.125118364145521,71.74841076472971,-0.4429851832595709,0.0,0.0,0.0,0.0,0.0,0.0,0.0,0.0,45.13470971229645,-9.296153239918809,False,False,False,True,True,0.0,0,0.9823069329485915,0.9271015263117927,False,False,False,False,0.043238142844537676,0.047750821734114976,False,False,False,False,-338072.0,-340342.5132959424,False,False,False,False,6824.1534562669185,False,False,False,False
2025-06-20 17:00:00+00:00,71.25,71.935,71.25,71.915,2439.0,,,,,,,,,,,,,,,,,,,,,,,71.20922743826613,78.49117100857502,"rgba(38, 166, 154, 1.0)",0.0,0.0,1.1161687406758065,71.75078418044106,0.14712454629352875,0.0,0.0,0.0,0.0,0.0,0.0,0.0,0.0,51.372063276896846,-3.6065671842278064,True,False,True,False,True,1.6384141609103224,0,0.9765630906479171,0.9181976260678912,False,False,False,False,0.0788692770439264,0.06331004938902068,False,False,False,False,-335633.0,-340269.4975859278,False,False,False,False,6756.166580975959,False,False,False,False
2025-06-20 18:00:00+00:00,71.905,72.015,71.65,71.73,7835.0,,,,,,,,,,,,,,,,,,,,,,,71.3613029773868,78.47677166738839,"rgba(38, 166, 154, 1.0)",0.0,0.0,1.1136045968845296,71.75782598173244,-0.024987308610507915,0.0,0.0,0.0,0.0,0.0,0.0,0.0,0.0,53.755678955460425,-1.6127390607776064,True,False,True,False,True,0.6970385257247429,0,0.9790046069028019,0.9191903934748129,False,False,False,False,0.10376914446740554,0.08353959692821311,False,False,False,False,-343468.0,-340319.086770642,False,False,False,False,6772.892680495711,False,False,False,False
2025-06-20 19:00:00+00:00,71.69,71.755,71.29,71.41,10316.0,,,,,,,,,,,,,,,,,,,,,,,71.3926812075311,78.4570218355765,"rgba(38, 166, 154, 1.0)",0.0,0.0,1.1096839619908243,71.75356742177846,-0.3096083511580032,0.0,0.0,0.0,0.0,0.0,0.0,0.0,0.0,52.62130947588881,-1.6127390607776064,True,False,True,False,True,0.0,0,0.9747379533971797,0.923158132870824,False,False,False,False,0.0716265196264586,0.07758305827733586,False,False,False,False,-353784.0,-340527.8451152832,False,False,False,False,6827.824576922134,False,False,False,False
2025-06-23 14:00:00+00:00,72.68,73.005,72.39,72.42,4239.0,,,,,,,,,,,,,,,,,,,,,,,71.50712068914326,78.45023713973818,"rgba(38, 166, 154, 1.0)",0.0,0.0,1.1062939633467639,71.76453472541685,0.5924874367028405,0.0,0.0,0.0,0.0,0.0,0.0,0.0,0.0,57.34988817043484,1.4862861852633955,True,False,True,False,True,3.946762419076208,0,0.9738537886082512,0.913858232723502,False,False,False,False,0.19482078289643842,0.13620192058688713,False,False,False,False,-349545.0,-340667.645966209,False,False,False,False,6787.687761776054,False,False,False,False
2025-06-23 15:00:00+00:00,72.425,72.67,71.98,72.09,4205.0,,,,,,,,,,,,,,,,,,,,,,,71.57044236525424,78.44311075010816,"rgba(38, 166, 154, 1.0)",0.0,0.0,1.0972489472569158,71.77041111331664,0.29126378975557354,0.0,0.0,0.0,0.0,0.0,0.0,0.0,0.0,58.08398223336293,2.1594223092394813,True,False,True,False,True,2.298131955397057,0,0.9647206435899328,0.9230939552734517,False,False,False,False,0.15530529218332992,0.14575360638510854,False,False,False,False,-353750.0,-340870.4731605314,False,False,False,False,6747.646091050844,False,False,False,False
2025-06-23 16:00:00+00:00,72.09,72.2,71.325,71.36,4431.0,,,,,,,,,,,,,,,,,,,,,,,71.5752332748123,78.43487145848704,"rgba(239, 83, 80, 1.0)",0.0,0.0,1.0884721170308898,71.76923349439315,-0.3759705811384927,0.0,0.0,0.0,0.0,0.0,0.0,0.0,0.0,54.350043285789205,2.1594223092394813,True,False,True,False,False,0.0,0,0.9671076945820088,0.9237194175474904,False,False,False,False,0.09649479227572236,0.12112419933041545,False,False,False,False,-358181.0,-341138.8534216084,False,False,False,False,6711.729097391141,False,False,False,False
2025-06-23 17:00:00+00:00,71.475,72.505,71.475,72.36,5760.0,,,,,,,,,,,,,,,,,,,,,,,71.62749890391555,78.42495173272542,"rgba(239, 83, 80, 1.0)",0.0,0.0,1.0654112178249386,71.77427822629443,0.5497612226210049,0.0,0.0,0.0,0.0,0.0,0.0,0.0,0.0,56.232654795511195,2.1594223092394813,True,False,True,False,False,3.328364644004523,0,0.9679777745284397,0.9131451966661792,False,False,False,False,0.12017772723377783,0.12065096328209664,False,False,False,False,-352421.0,-341313.7704228237,False,False,False,False,6696.973607509108,False,False,False,False
2025-06-23 18:00:00+00:00,72.355,72.43,72.11,72.405,5672.0,,,,,,,,,,,,,,,,,,,,,,,71.68751531381784,78.41552507237263,"rgba(239, 83, 80, 1.0)",0.0,0.0,1.0483260659473725,71.78128726396234,0.5949606294240247,0.0,0.0,0.0,0.0,0.0,0.0,0.0,0.0,57.65234937294176,2.1594223092394813,True,False,True,False,True,3.5226640086624528,0,0.9800409416581373,0.9107325632402397,False,False,False,False,0.14907904251261628,0.13486500289735645,False,False,False,False,-346749.0,-341398.0375480513,False,False,False,False,6681.082543826796,False,False,False,False
2025-06-23 19:00:00+00:00,72.45,73.005,72.43,72.91,23315.0,,,,,,,,,,,,,,,,,,,,,,,71.97645435256186,78.38002087895129,"rgba(239, 83, 80, 1.0)",0.0,0.0,1.0379434491376478,71.82595332355007,1.0444178604822698,0.0,0.0,0.0,0.0,0.0,0.0,0.0,0.0,60.37468505743388,4.301169919665149,True,False,True,False,True,5.674791713011647,0,0.9854014598540146,0.9035766423357663,False,False,False,False,0.19095481547840032,0.1629099091878784,False,False,False,False,-323434.0,-341119.525338004,False,False,False,False,6938.97273694576,False,False,False,False
2025-06-24 14:00:00+00:00,74.285,75.57,74.285,75.48,25452.0,,,,,,,,,,,,,,,,,,,,,,,72.67802567529152,78.35768969166288,"rgba(38, 166, 154, 1.0)",0.0,0.0,1.099820099951081,71.96654096788609,3.1945761241044695,0.0,0.0,0.0,0.0,0.0,0.0,0.0,0.0,67.15349861603318,10.65457427651696,True,False,True,False,True,15.048574097096065,0,0.9881381063334039,0.8897126315046249,False,False,False,False,0.34282824389095184,0.25286907653941515,False,False,False,False,-297982.0,-340450.7264955543,False,True,False,False,7225.996415442724,False,True,False,False
2025-06-24 15:00:00+00:00,75.49,75.76,75.07,75.085,13095.0,,,,,,,,,,,,,,,,,,,,,,,72.94924385295447,78.34699606709744,"rgba(38, 166, 154, 1.0)",0.0,0.0,1.1361023856302672,72.17071488792244,2.5651606307127097,0.0,0.0,0.0,0.0,0.0,0.0,0.0,0.0,69.78796558525819,13.013289633281737,True,False,True,False,True,13.178645582140152,0,0.997535384832054,0.8912048447292442,False,False,False,False,0.34282824457276784,0.2978486605560915,False,False,False,False,-311077.0,-339995.3198832202,False,False,False,False,7316.988719079271,False,False,False,False
2025-06-24 16:00:00+00:00,75.12,75.25,74.675,74.94,7904.0,,,,,,,,,,,,,,,,,,,,,,,73.06690376527634,78.3398392198841,"rgba(38, 166, 154, 1.0)",0.0,0.0,1.1436837983615862,72.1965388790487,2.3987933770518666,0.0,0.0,0.0,0.0,0.0,0.0,0.0,0.0,70.84080569476849,14.0553517379455,True,False,True,False,True,12.49804651102927,0,0.9911986588432522,0.8930567197541212,False,False,False,False,0.2989072561360502,0.29837795834607084,False,False,False,False,-318981.0,-339669.516474178,False,False,False,False,7326.089669171065,False,False,False,False
2025-06-24 17:00:00+00:00,74.915,74.985,74.645,74.79,9872.0,,,,,,,,,,,,,,,,,,,,,,,73.18566942346878,78.33055283900013,"rgba(38, 166, 154, 1.0)",0.0,0.0,1.1638227319293553,72.22681584862154,2.202383645771624,0.0,0.0,0.0,0.0,0.0,0.0,0.0,0.0,70.77223568710694,14.244444964688938,True,False,True,False,True,11.790916315118086,0,0.9908231368186873,0.8972469410456062,False,False,False,False,0.2848364684167272,0.29160721338139906,False,False,False,False,-328853.0,-339501.8185443458,False,False,False,False,7365.561147168412,False,False,False,False
2025-06-24 18:00:00+00:00,74.79,75.18,74.68,75.135,17628.0,,,,,,,,,,,,,,,,,,,,,,,73.38262232905983,78.31498674567149,"rgba(38, 166, 154, 1.0)",0.0,0.0,1.1908504493835281,72.29053582924446,2.388598981700891,0.0,0.0,0.0,0.0,0.0,0.0,0.0,0.0,71.46823250921747,15.296858203504328,True,False,True,False,True,12.967498001874894,0,0.9913697873515603,0.8952637392985362,False,False,False,False,0.2957972032637136,0.29370220832255634,False,False,False,False,-311225.0,-339063.41825683654,False,False,False,False,7524.66872628208,False,False,False,False
2025-06-24 19:00:00+00:00,75.12,75.48,75.015,75.46,37864.0,,,,,,,,,,,,,,,,,,,,,,,73.74890067165074,78.28521734810909,"rgba(38, 166, 154, 1.0)",0.0,0.0,1.2229533850421854,72.43459537919604,2.4738511359528177,0.0,0.0,0.0,0.0,0.0,0.0,0.0,0.0,72.60471474284081,16.794653692684975,True,False,True,False,True,14.057928506574974,0,0.9960211291760992,0.8918158743225628,False,False,False,False,0.32642958547605416,0.31006589689930525,False,False,False,False,-273361.0,-338044.7761133197,False,False,False,False,7995.04595533197,False,False,False,False
2025-06-25 14:00:00+00:00,74.26,74.59,73.945,73.945,2943.0,,,,,,,,,,,,,,,,,,,,,,,73.75485921978655,78.2820345511953,"rgba(38, 166, 154, 1.0)",0.0,0.0,1.2097642090281893,72.43833846258403,1.245417517043487,0.0,0.0,0.0,0.0,0.0,0.0,0.0,0.0,66.36157401501164,22.332306212387493,True,False,True,False,False,7.185983915058387,0,0.9814516129032257,0.8942876344086022,False,False,False,False,0.23350904764920324,0.27178747227425426,False,False,False,False,-276304.0,-337087.55477822945,False,False,False,False,7916.719661450854,False,False,False,False
2025-06-25 15:00:00+00:00,73.94,74.15,73.54,74.065,3210.0,,,,,,,,,,,,,,,,,,,,,,,73.75740338509723,78.2783653920791,"rgba(38, 166, 154, 1.0)",0.0,0.0,1.202655949695295,72.4410651659374,1.3502904421451831,0.0,0.0,0.0,0.0,0.0,0.0,0.0,0.0,62.57439139806753,18.78784210346356,True,False,True,False,False,7.606293159233967,0,0.9762031729102787,0.9010131982402346,False,False,False,False,0.17992556574824647,0.22585651901125037,False,False,False,False,-273094.0,-336095.40664213285,False,False,False,False,7843.7472635989025,False,False,False,False
2025-06-25 16:00:00+00:00,74.025,74.195,73.695,73.765,2229.0,,,,,,,,,,,,,,,,,,,,,,,73.75876756712681,78.27580173222937,"rgba(38, 166, 154, 1.0)",0.0,0.0,1.1903577515103334,72.44288097814444,1.1106904795453665,0.0,0.0,0.0,0.0,0.0,0.0,0.0,0.0,58.872966082738266,15.363361136584302,True,False,True,False,False,6.320522327483353,0,0.9780648634100388,0.9127304535055849,False,False,False,False,0.18250823103224223,0.2041823750217463,False,False,False,False,-275323.0,-335153.19878721604,False,False,False,False,7756.696918426826,False,False,False,False
2025-06-25 17:00:00+00:00,73.765,73.79,73.26,73.47,5021.0,,,,,,,,,,,,,,,,,,,,,,,73.75283896234471,78.26954118393876,"rgba(38, 166, 154, 1.0)",0.0,0.0,1.1878463477866599,72.44377495929427,0.8639375308245151,0.0,0.0,0.0,0.0,0.0,0.0,0.0,0.0,55.26798696567192,12.036508512078754,True,False,True,False,False,5.06999007988853,0,0.960458066689121,0.9248231727854497,False,False,False,False,0.1386788322105214,0.17143060361613385,False,False,False,False,-280344.0,-334303.4437672592,False,False,False,False,7714.283012714783,False,False,False,False
2025-06-25 18:00:00+00:00,73.5,75.01,73.485,74.66,12932.0,,,,,,,,,,,,,,,,,,,,,,,73.78894187102634,78.25645171372523,"rgba(38, 166, 154, 1.0)",0.0,0.0,1.2095468141000814,72.46643971418338,1.813538971989814,0.0,0.0,0.0,0.0,0.0,0.0,0.0,0.0,56.86885225742375,12.036508512078754,True,False,True,False,False,9.232947637235526,0,0.9601778721709696,0.9107320634499237,False,False,False,False,0.21450154213196732,0.1929660728740506,False,False,False,False,-267412.0,-333266.3671197048,False,False,False,False,7795.177849726956,False,False,False,False
2025-06-25 19:00:00+00:00,74.7,74.73,73.69,73.69,27378.0,,,,,,,,,,,,,,,,,,,,,,,73.81566273469993,78.22656201498145,"rgba(38, 166, 154, 1.0)",0.0,0.0,1.214541725758224,72.49864865142658,0.9809060679489405,0.0,0.0,0.0,0.0,0.0,0.0,0.0,0.0,54.43257667258426,11.28173951171128,True,False,True,False,False,5.258924195667568,0,0.9605576109936574,0.9208509513742072,False,False,False,False,0.21051315225503237,0.20173961256454148,False,False,False,False,-294790.0,-332669.8342961435,False,False,False,False,8098.787495467624,False,False,False,False
2025-06-26 14:00:00+00:00,74.11,74.215,73.875,73.97,9775.0,,,,,,,,,,,,,,,,,,,,,,,73.82324034239784,78.21595051899867,"rgba(38, 166, 154, 1.0)",0.0,0.0,1.2245132219109731,72.50995239065688,1.192349403189435,0.0,0.0,0.0,0.0,0.0,0.0,0.0,0.0,53.71236545049115,10.36809148716631,False,False,True,False,False,6.214804739052788,0,0.9554821664464993,0.9278071334214002,False,False,False,False,0.1930406123180877,0.1973901124413146,False,False,False,False,-285015.0,-331930.99965589325,False,False,False,False,8124.775286235566,False,False,False,False
2025-06-26 15:00:00+00:00,73.97,74.0,73.55,73.805,7423.0,,,,,,,,,,,,,,,,,,,,,,,73.82219295364955,78.20747867869882,"rgba(38, 166, 154, 1.0)",0.0,0.0,1.2314184672342718,72.51599366666505,1.0467654722037927,0.0,0.0,0.0,0.0,0.0,0.0,0.0,0.0,52.63254794771659,9.006227139633012,False,False,True,False,False,5.55093116471383,0,0.9461117340544818,0.9337774553129741,False,False,False,False,0.1646933945171862,0.1810417534792504,False,False,False,False,-292438.0,-331318.7050875848,False,False,False,False,8113.895049239666,False,False,False,False
2025-06-26 16:00:00+00:00,73.805,74.045,73.62,73.95,7255.0,,,,,,,,,,,,,,,,,,,,,,,73.82348282243863,78.1993914736754,"rgba(38, 166, 154, 1.0)",0.0,0.0,1.2364035391877013,72.52284398557562,1.1542801109757448,0.0,0.0,0.0,0.0,0.0,0.0,0.0,0.0,52.45591566506074,8.4118009369205,False,False,True,False,False,6.056293403849146,0,0.9539360148679145,0.9305057745917961,False,False,False,False,0.17070686609440294,0.17587430978682667,False,False,False,False,-285183.0,-330603.42283816484,False,False,False,False,8100.578846925873,False,False,False,False
2025-06-26 17:00:00+00:00,73.945,74.11,73.71,73.895,7634.0,,,,,,,,,,,,,,,,,,,,,,,73.8256594346354,78.19097959796174,"rgba(38, 166, 154, 1.0)",0.0,0.0,1.2385832396111305,72.53040803380387,1.1017361793338667,0.0,0.0,0.0,0.0,0.0,0.0,0.0,0.0,52.097666406261666,7.583753084290677,False,False,False,False,False,5.828642040743603,0,0.9601497726664882,0.9315324953196042,False,False,False,False,0.1788314537367083,0.1773528817617675,False,False,False,False,-292817.0,-330017.58682517003,False,False,False,False,8093.3450663533795,False,False,False,False
2025-06-26 18:00:00+00:00,73.895,73.895,73.46,73.69,7093.0,,,,,,,,,,,,,,,,,,,,,,,73.8221735944964,78.18278760253159,"rgba(38, 166, 154, 1.0)",0.0,0.0,1.237412430245746,72.5352636302398,0.933186334269225,0.0,0.0,0.0,0.0,0.0,0.0,0.0,0.0,50.91893560566626,6.002780796581973,False,False,False,False,False,4.974363683024787,0,0.9572758320498224,0.9284135806602826,False,False,False,False,0.15452331778749687,0.1659380997746322,False,False,False,False,-299910.0,-329550.80253330694,False,False,False,False,8077.835840518444,False,False,False,False
2025-06-26 19:00:00+00:00,73.69,74.305,73.69,74.22,32840.0,,,,,,,,,,,,,,,,,,,,,,,73.84731915037273,78.14849699715225,"rgba(38, 166, 154, 1.0)",0.0,0.0,1.248700939392694,72.57425883385315,1.3179626235784327,0.0,0.0,0.0,0.0,0.0,0.0,0.0,0.0,52.493191787821566,6.002780796581973,False,False,True,False,False,6.873882898164169,0,0.9542727636315157,0.9258098920143981,False,False,False,False,0.1880325943402943,0.17698534705746324,False,False,False,False,-267070.0,-328582.10792038747,False,False,False,False,8461.745362370872,False,False,False,False
2025-06-27 14:00:00+00:00,74.22,74.69,74.01,74.15,6018.0,,,,,,,,,,,,,,,,,,,,,,,73.85522601738711,78.14259813139418,"rgba(38, 166, 154, 1.0)",0.0,0.0,1.258932473557312,72.582766325864,1.2448909747379382,0.0,0.0,0.0,0.0,0.0,0.0,0.0,0.0,53.170972266625256,6.002780796581973,False,False,True,False,False,6.575658404661745,0,0.9592405735528411,0.9218003186404673,False,False,False,False,0.22543792170430102,0.20121163438088213,False,False,False,False,-273088.0,-327721.7341541799,False,False,False,False,8423.857837372872,False,False,False,False
2025-06-27 15:00:00+00:00,74.12,74.13,73.865,74.12,6271.0,,,,,,,,,,,,,,,,,,,,,,,73.85862198805573,78.13608138987864,"rgba(38, 166, 154, 1.0)",0.0,0.0,1.2686615206816247,72.5896345584374,1.206283485874448,0.0,0.0,0.0,0.0,0.0,0.0,0.0,0.0,53.44887493194311,6.002780796581973,False,False,True,False,True,6.445921240356725,1,0.9572082531679158,0.9271545146951501,False,False,False,False,0.1880325943402943,0.1946221143605882,False,False,False,False,-279359.0,-326971.92432233214,False,False,False,False,8390.48019648337,False,False,False,False
2025-06-27 16:00:00+00:00,74.195,74.67,74.16,74.25,9959.0,,,,,,,,,,,,,,,,,,,,,,,73.87296682802571,78.12658361946282,"rgba(38, 166, 154, 1.0)",0.0,0.0,1.2792147542111703,72.60425052253733,1.2865310316699141,0.0,0.0,0.0,0.0,0.0,0.0,0.0,0.0,54.31758744168872,6.002780796581973,False,False,True,False,True,6.9246502186800285,1,0.9573133724458828,0.9266976869647311,False,False,False,False,0.23240060781165697,0.2135113610861226,False,False,False,False,-269400.0,-326079.33634834253,False,False,False,False,8414.798332972001,False,False,False,False
2025-06-27 17:00:00+00:00,74.24,74.375,73.87,73.91,4489.0,,,,,,,,,,,,,,,,,,,,,,,73.87524204847777,78.12196894725729,"rgba(38, 166, 154, 1.0)",0.0,0.0,1.2747096366082025,72.60908758387926,1.0205558809316426,0.0,0.0,0.0,0.0,0.0,0.0,0.0,0.0,52.7301819240508,6.002780796581973,False,False,True,False,True,5.425789629780944,1,0.9614472525238835,0.9268920658581203,False,False,False,False,0.20123228852401256,0.20737182480506758,False,False,False,False,-273889.0,-325270.1838468178,False,False,False,False,8353.933242538325,False,False,False,False
2025-06-27 18:00:00+00:00,73.935,74.02,73.235,73.26,10165.0,,,,,,,,,,,,,,,,,,,,,,,73.86486679127417,78.11015963620193,"rgba(38, 166, 154, 1.0)",0.0,0.0,1.2711175369716803,72.61343048266583,0.5086622586252436,0.0,0.0,0.0,0.0,0.0,0.0,0.0,0.0,48.37477616527882,2.1621316999172464,False,True,False,True,False,2.6542552673013162,1,0.953400418720875,0.9277368812048354,False,False,False,False,0.14932029837675553,0.17834606159091154,False,False,False,False,-284054.0,-324631.17324454157,False,False,False,False,8382.011796917575,False,False,False,False
2025-06-27 19:00:00+00:00,73.21,73.51,73.035,73.285,35292.0,,,,,,,,,,,,,,,,,,,,,,,73.81271316806982,78.0676137212683,"rgba(38, 166, 154, 1.0)",0.0,0.0,1.268743526146752,72.6201157923112,0.5240493401437029,0.0,0.0,0.0,0.0,0.0,0.0,0.0,0.0,45.643385845613885,-0.3384786161551929,False,True,False,True,False,2.7519680837402376,1,0.9448855989232838,0.9363391655450872,False,False,False,False,0.11259201187263172,0.14546903673177164,False,False,False,False,-248762.0,-323454.90699268825,False,False,False,False,8799.220916345208,False,False,False,False
2025-06-30 14:00:00+00:00,71.56,72.75,71.45,72.24,3766.0,,,,,,,,,,,,,,,,,,,,,,72.14666666666668,73.79709749367633,78.06205743950689,"rgba(239, 83, 80, 1.0)",0.0,0.0,1.2647163375312958,72.59234661850144,-0.27859734870604835,1.0,72.75,71.45,0.0,0.0,0.0,0.0,0.0,39.97757929788286,-5.450730728343153,False,True,False,True,False,0.0,0,0.9244174532972472,0.9439566968116705,False,False,False,False,-0.007118769292748652,0.06917513371951149,False,False,False,False,-252528.0,-322355.26502380933,False,False,False,False,8721.186483533655,False,False,False,False
2025-06-30 15:00:00+00:00,72.24,72.49,71.73,71.795,4851.0,,,,,,,,,,,,,,,,,,,,,,72.06691443271052,73.77571913956706,78.05474468340697,"rgba(239, 83, 80, 1.0)",0.0,0.0,1.2675516337208146,72.58284651478206,-0.6215498397247842,0.0,0.0,0.0,0.0,0.0,0.0,0.0,0.0,35.04595241355931,-9.717787684437745,False,True,False,True,False,0.0,0,0.9274771516865012,0.9494378328621209,False,False,False,False,-0.00610177563127866,0.03153667904411642,False,False,False,False,-257379.0,-321347.8810699518,False,False,False,False,8661.18359231608,False,False,False,False
2025-06-30 16:00:00+00:00,71.795,72.01,71.77,71.875,5368.0,,,,,,,,,,,,,,,,,,,,,,71.99708842807769,73.75108567790248,78.04651301250577,"rgba(239, 83, 80, 1.0)",0.0,0.0,1.2692776444666873,72.57272465315516,-0.5497021523989151,0.0,0.0,0.0,0.0,0.0,0.0,0.0,0.0,32.35344438121235,-11.925170555563597,False,True,False,True,False,0.0,0,0.9386157011082351,0.9540115468843319,False,False,False,False,-0.028482280409949958,0.0015271993170832294,False,False,False,False,-252011.0,-320272.8906657665,False,False,False,False,8610.12648235769,False,False,False,False
2025-06-30 17:00:00+00:00,71.88,71.955,71.645,71.77,3965.0,,,,,,,,,,,,,,,,,,,,,,71.9513443825441,73.7323932262932,78.04035336213147,"rgba(239, 83, 80, 1.0)",0.0,0.0,1.273314554601148,72.56524928148227,-0.6245505312168318,0.0,0.0,0.0,0.0,0.0,0.0,0.0,0.0,30.25241336824601,-13.734473766580756,False,True,False,True,False,0.0,0,0.9382444932454911,0.9511545884075329,False,False,False,False,-0.037644895747582674,-0.018058848215249723,False,False,False,False,-255976.0,-319276.0396476926,False,False,False,False,8538.109017514933,False,False,False,False
2025-06-30 18:00:00+00:00,71.745,72.31,71.745,72.31,4979.0,,,,,,,,,,,,,,,,,,,,,,71.98832962623752,73.71334199211327,78.03304514552798,"rgba(239, 83, 80, 1.0)",0.0,0.0,1.2738169109125093,72.56241802971167,-0.1981587993920109,0.0,0.0,0.0,0.0,0.0,0.0,0.0,0.0,32.907887804375605,-13.734473766580756,False,True,False,True,True,0.0,0,0.9447363170845247,0.941278180488129,False,False,False,False,-0.014492544841639242,-0.016275696528444482,False,False,False,False,-250997.0,-318217.4498857128,False,False,False,False,8482.929032747259,False,False,False,False
2025-06-30 19:00:00+00:00,72.31,72.7,72.31,72.655,10523.0,,,,,,,,,,,,,,,,,,,,,,72.16658719956952,73.68509236748609,78.01878653432782,"rgba(239, 83, 80, 1.0)",0.0,0.0,1.2737469659777403,72.56642945149457,0.06953543432972391,0.0,0.0,0.0,0.0,0.0,0.0,0.0,0.0,36.85624499363382,-19.649945031463915,False,True,False,True,True,0.3799311536947947,0,0.9525389976767339,0.932492532359774,False,False,False,False,0.0340809800422352,0.008902641756895358,False,False,False,False,-240474.0,-317012.12508128316,False,False,False,False,8514.558039991489,False,False,False,False
2025-07-01 14:00:00+00:00,72.71,74.29,72.565,73.835,3582.0,,,,,,,,,,,,,,,,,,,,,,72.301683183021,73.68408989461345,78.014842461739,"rgba(38, 166, 154, 1.0)",0.0,0.0,1.2801301383747417,72.5752393540734,0.9840879518124521,0.0,0.0,0.0,0.0,0.0,0.0,0.0,0.0,44.815132656900495,-12.406761533629435,False,True,False,True,True,4.8709658906176045,0,0.9560080934664836,0.9163239997389203,False,False,False,False,0.12858537845275497,0.06874401010482517,False,False,False,False,-236892.0,-315769.9525994028,False,False,False,False,8438.084271929603,False,False,False,False
2025-07-01 15:00:00+00:00,73.825,75.61,73.825,75.48,6017.0,,,,,,,,,,,,,,,,,,,,,,72.67485199724358,73.7016543144661,78.0103240149421,"rgba(38, 166, 154, 1.0)",0.0,0.0,1.3211957967453174,72.60582937453006,2.175431251408975,0.0,0.0,0.0,0.0,0.0,0.0,0.0,0.0,54.20571924500758,-4.124408502588473,False,False,True,False,True,10.401546294676148,0,0.9716066037129825,0.9036423202929273,False,False,False,False,0.2651088674986767,0.16692643880175093,False,False,False,False,-230875.0,-314453.75178390817,False,False,False,False,8400.548081667128,False,False,False,False
2025-07-01 16:00:00+00:00,75.49,76.115,74.87,74.87,7352.0,,,,,,,,,,,,,,,,,,,,,,73.05557949592946,73.72761300064967,78.0053886579254,"rgba(38, 166, 154, 1.0)",0.0,0.0,1.344702964623497,72.64149173624793,1.6572494613158195,0.0,0.0,0.0,0.0,0.0,0.0,0.0,0.0,57.66365530550323,-1.3883304147608584,True,False,True,False,True,7.926938688189555,0,1.00226478581597,0.8916785298304645,False,False,False,False,0.34282824272387685,0.2548773407628139,False,False,False,False,-238227.0,-313271.9416787313,False,False,False,False,8384.291522261436,False,False,False,False
2025-07-01 17:00:00+00:00,74.87,75.16,74.685,75.0,5510.0,,,,,,,,,,,,,,,,,,,,,,73.24210273102855,73.74243017861234,78.00124522033644,"rgba(38, 166, 154, 1.0)",0.0,0.0,1.3696395165917055,72.66125616136642,1.7075615958083985,0.0,0.0,0.0,0.0,0.0,0.0,0.0,0.0,60.286255284239694,0.8720998924049752,True,False,True,False,True,8.346937594068955,0,0.9915884826916854,0.9035263668715624,False,False,False,False,0.2775279672652704,0.26620265401404214,False,False,False,False,-232717.0,-312023.0278542548,False,False,False,False,8339.728863001568,False,False,False,False
2025-07-01 18:00:00+00:00,75.0,75.055,74.65,74.865,6583.0,,,,,,,,,,,,,,,,,,,,,,73.41217240570062,73.75835762434487,77.99616140789747,"rgba(38, 166, 154, 1.0)",0.0,0.0,1.3906530872267029,72.68146615832381,1.5701499257666571,0.0,0.0,0.0,0.0,0.0,0.0,0.0,0.0,61.36969581939928,1.9919739999167945,True,False,True,False,True,7.797546218935437,0,0.9881775308482459,0.9056140577556686,False,False,False,False,0.26967543408184996,0.26793904404794605,False,False,False,False,-239300.0,-310895.5390503129,False,False,False,False,8312.492756598444,False,False,False,False
2025-07-01 19:00:00+00:00,74.855,74.915,74.41,74.485,15272.0,,,,,,,,,,,,,,,,,,,,,,73.64609136577168,73.7854793060375,77.98348386254646,"rgba(38, 166, 154, 1.0)",0.0,0.0,1.403895362622634,72.71596638306701,1.2600893656548828,0.0,0.0,0.0,0.0,0.0,0.0,0.0,0.0,60.22988866372439,1.9919739999167945,True,False,True,False,True,6.259080421450914,0,0.9885784345357164,0.9057236884558298,False,False,False,False,0.24685987407182156,0.2573994590598838,False,False,False,False,-254572.0,-310022.30588674214,False,False,False,False,8420.392093705444,False,False,False,False
2025-07-02 14:00:00+00:00,75.185,75.58,74.92,75.465,7765.0,,,,,,,,,,,,,,,,,,,,,,73.79820624788093,73.81014717803643,77.97843640377765,"rgba(38, 166, 154, 1.0)",0.0,0.0,1.435160385928164,72.7401414796287,1.8986439056489468,0.0,0.0,0.0,0.0,0.0,0.0,0.0,0.0,62.3188190238835,3.562426070791979,True,False,True,False,True,9.463645267072224,0,0.9887165021156558,0.8954994230029488,False,False,False,False,0.31422827731534825,0.285813868187616,False,False,False,False,-246807.0,-309042.2236249322,False,False,False,False,8410.230975973578,False,False,False,False
2025-07-02 15:00:00+00:00,75.505,76.425,75.47,76.1,10499.0,,,,,,,,,,,,,,,,,,,,,,74.03874205126068,73.85664684800658,77.97337260121733,"rgba(38, 166, 154, 1.0)",0.0,0.0,1.477079334485625,72.78070616631621,2.247200780748646,0.0,0.0,0.0,0.0,0.0,0.0,0.0,0.0,65.15251241826874,6.678611106501542,True,False,True,False,True,11.423272516793684,0,0.9897751809983487,0.8869554172488248,False,False,False,False,0.34282824332355405,0.314321055755585,False,False,False,False,-236308.0,-307914.56124315027,False,False,False,False,8442.614991849958,False,False,False,False
2025-07-02 16:00:00+00:00,76.1,76.1,75.345,75.48,15959.0,,,,,,,,,,,,,,,,,,,,,,74.26716285237207,73.9125015587563,77.964343686955,"rgba(38, 166, 154, 1.0)",0.0,0.0,1.5037705073390921,72.82900666745523,1.7628975429473477,0.0,0.0,0.0,0.0,0.0,0.0,0.0,0.0,64.11103784163484,6.678611106501542,True,False,True,False,True,8.923130087398562,0,0.9984675308090157,0.8924078922163334,False,False,False,False,0.31654736177883014,0.31543420876720757,False,False,False,False,-252267.0,-307051.80835565954,False,False,False,False,8559.148092751508,False,False,False,False
2025-07-02 17:00:00+00:00,75.48,75.695,75.385,75.58,4946.0,,,,,,,,,,,,,,,,,,,,,,74.32156307812468,73.92826089517538,77.9614537498706,"rgba(38, 166, 154, 1.0)",0.0,0.0,1.5342001261345128,72.84249636570263,1.7843197817970684,0.0,0.0,0.0,0.0,0.0,0.0,0.0,0.0,63.69555864674405,6.678611106501542,True,False,True,False,True,9.23624437471545,0,0.9862838097679784,0.9025124983976412,False,False,False,False,0.29553871755571304,0.30548646316146033,False,False,False,False,-247321.0,-306125.74931138573,False,False,False,False,8503.130292863887,False,False,False,False
2025-07-02 18:00:00+00:00,75.59,76.1,75.55,76.035,6143.0,,,,,,,,,,,,,,,,,,,,,,74.40009430180912,73.95144535745105,77.95838193287122,"rgba(38, 166, 154, 1.0)",0.0,0.0,1.5725102357204435,72.86151958316694,2.0180984166243805,0.0,0.0,0.0,0.0,0.0,0.0,0.0,0.0,64.67297497477554,7.714099326335798,True,False,True,False,True,10.65195375271946,0,0.9834303627407074,0.8999424221099096,False,False,False,False,0.32846533946862166,0.316975901315041,False,False,False,False,-241178.0,-305118.8074615968,False,False,False,False,8466.539125532663,False,False,False,False
2025-07-02 19:00:00+00:00,76.05,76.35,75.66,76.255,20362.0,,,,,,,,,,,,,,,,,,,,,,74.6397446354624,74.03180266606091,77.94921280955406,"rgba(38, 166, 154, 1.0)",0.0,0.0,1.6156145791842147,72.92555661602513,2.060790628452997,0.0,0.0,0.0,0.0,0.0,0.0,0.0,0.0,65.9057438263611,9.455643814980746,True,False,True,False,True,11.328223065452391,0,0.9840137570855358,0.8972676899560535,False,False,False,False,0.3428282427423032,0.3299020720286721,False,False,False,False,-220816.0,-303811.78719087434,False,False,False,False,8650.964875524405,False,False,False,False
2025-07-03 14:00:00+00:00,76.71,77.01,75.99,76.605,7629.0,,,,,,,,,,,,,,,,,,,,,,74.73545395873462,74.06658107236908,77.94661958707255,"rgba(38, 166, 154, 1.0)",0.0,0.0,1.6658222221112882,72.9522133079586,2.1927830254370155,0.0,0.0,0.0,0.0,0.0,0.0,0.0,0.0,67.62909588744324,11.590281078127902,True,False,True,False,True,12.396302583722477,0,0.9873202119606358,0.8899823366136761,False,False,False,False,0.3428282435870663,0.33636515780786924,False,False,False,False,-213187.0,-302406.75173055066,False,False,False,False,8635.12045884961,False,False,False,False
2025-07-03 15:00:00+00:00,76.605,76.74,76.4,76.58,3497.0,,,,,,,,,,,,,,,,,,,,,,74.7770347786519,74.08244449712481,77.94546626868105,"rgba(38, 166, 154, 1.0)",0.0,0.0,1.7116783871116121,72.96431361784926,2.1123631690250324,0.0,0.0,0.0,0.0,0.0,0.0,0.0,0.0,68.6163160979067,12.983554389239238,True,False,True,False,True,12.28957789450116,0,0.9953882115105186,0.8927285362309683,False,False,False,False,0.3428282436967599,0.3395967007523146,False,False,False,False,-216684.0,-301077.71681999945,False,False,False,False,8555.459676541865,False,False,False,False
2025-07-03 16:00:00+00:00,76.58,77.08,76.47,76.93,11841.0,,,,,,,,,,,,,,,,,,,,,,74.92287840000641,74.14001365365083,77.94229378092719,"rgba(38, 166, 154, 1.0)",0.0,0.0,1.7644620521103416,73.21957988885796,2.1028619497394603,0.0,0.0,0.0,0.0,0.0,0.0,0.0,0.0,70.22586705346389,14.917334702002037,True,False,True,False,True,13.364810765857133,0,0.994631126831733,0.891864578069732,False,False,False,False,0.34282824400558914,0.34121247237895186,False,False,False,False,-204843.0,-299585.7057065111,False,False,False,False,8606.398286207883,False,False,False,False
2025-07-03 17:00:00+00:00,76.93,76.93,76.93,76.93,0.0,,,,,,,,,,,,,,,,,,,,,,74.92287840000641,74.14001365365083,77.94229378092719,"rgba(38, 166, 154, 1.0)",0.0,0.0,1.8105007096999208,73.21957988885796,2.049388929406728,0.0,0.0,0.0,0.0,0.0,0.0,0.0,0.0,71.29890102383534,16.30291335800642,True,False,True,False,True,13.364810765857133,0,0.9947700746221059,0.9005676382422344,False,False,False,False,0.34282824422753144,0.3420203583032416,False,False,False,False,-204843.0,-298116.8265482706,False,False,False,False,8472.965754638768,False,False,False,False
2025-07-03 18:00:00+00:00,76.93,76.93,76.93,76.93,0.0,,,,,,,,,,,,,,,,,,,,,,74.92287840000641,74.14001365365083,77.94229378092719,"rgba(38, 166, 154, 1.0)",0.0,0.0,1.8466442049902057,73.21957988885796,2.009277207333896,0.0,0.0,0.0,0.0,0.0,0.0,0.0,0.0,72.01425700408299,17.346601845667536,True,False,True,False,True,13.364810765857133,0,0.9903858479682092,0.8995641584412252,False,False,False,False,0.34282824422753144,0.34242430126538653,False,False,False,False,-204843.0,-296670.7207103129,False,False,False,False,8341.60194448933,False,False,False,False
2025-07-03 19:00:00+00:00,76.93,76.93,76.93,76.93,0.0,,,,,,,,,,,,,,,,,,,,,,74.92287840000641,74.14001365365083,77.94229378092719,"rgba(38, 166, 154, 1.0)",0.0,0.0,1.8827714931715893,73.21957988885796,1.9707224825736658,0.0,0.0,0.0,0.0,0.0,0.0,0.0,0.0,72.49116099091475,18.172654444897347,True,False,True,False,True,13.364810765857133,0,0.9910599434010804,0.897028556727553,False,False,False,False,0.34282824422753144,0.34262627274645896,False,False,False,False,-204843.0,-295247.03511790495,False,False,False,False,8212.274782559263,False,False,False,False
2025-07-04 14:00:00+00:00,76.93,76.93,76.93,76.93,0.0,,,,,,,,,,,,,,,,,,,,,,74.92287840000641,74.14001365365083,77.94229378092719,"rgba(38, 166, 154, 1.0)",0.0,0.0,1.9117195740311395,73.21957988885796,1.9408809542699197,0.0,0.0,0.0,0.0,0.0,0.0,0.0,0.0,72.80909698213593,18.85499221077187,True,False,True,False,True,13.364810765857133,0,0.9956623073934998,0.8947947688721996,False,False,False,False,0.34282824422753144,0.3427272584869952,False,False,False,False,-204843.0,-293845.4221703405,False,False,False,False,8084.952692907182,False,False,False,False
2025-07-04 15:00:00+00:00,76.93,76.93,76.93,76.93,0.0,,,,,,,,,,,,,,,,,,,,,,74.92287840000641,74.14001365365083,77.94229378092719,"rgba(38, 166, 154, 1.0)",0.0,0.0,1.9295311525011791,73.21957988885796,1.9229646053303484,0.0,0.0,0.0,0.0,0.0,0.0,0.0,0.0,73.02105430961672,19.43713513213727,True,False,True,False,True,13.364810765857133,0,0.9960960374780402,0.8921855683518768,False,False,False,False,0.34282824422753144,0.3427777513572633,False,False,False,False,-204843.0,-292465.53965607163,False,False,False,False,7959.604589141179,False,False,False,False
2025-07-04 16:00:00+00:00,76.93,76.93,76.93,76.93,0.0,,,,,,,,,,,,,,,,,,,,,,74.92287840000641,74.14001365365083,77.94229378092719,"rgba(38, 166, 154, 1.0)",0.0,0.0,1.947141351172403,73.21957988885796,1.9055730642811026,0.0,0.0,0.0,0.0,0.0,0.0,0.0,0.0,73.16235919460391,19.944585075811077,True,False,True,False,True,13.364810765857133,0,1.0062161089802937,0.8870519772516859,False,False,False,False,0.34282824391333644,0.34280299763529987,False,False,False,False,-204843.0,-291107.0506691558,False,False,False,False,7836.1998668289125,False,False,False,False
2025-07-04 17:00:00+00:00,76.93,76.93,76.93,76.93,0.0,,,,,,,,,,,,,,,,,,,,,,74.92287840000641,74.14001365365083,77.94229378092719,"rgba(38, 166, 154, 1.0)",0.0,0.0,1.9690769502586931,73.21957988885796,1.884344901124649,0.0,0.0,0.0,0.0,0.0,0.0,0.0,0.0,73.25656245126203,20.392411809114535,True,False,True,False,True,13.364810765857133,0,1.0009322767530136,0.8900579343410797,False,False,False,False,0.34282824391333644,0.34281562077431815,False,False,False,False,-204843.0,-289769.62352699833,False,False,False,False,7714.708396025363,False,False,False,False
2025-07-04 18:00:00+00:00,76.93,76.93,76.93,76.93,0.0,,,,,,,,,,,,,,,,,,,,,,74.92287840000641,74.14001365365083,77.94229378092719,"rgba(38, 166, 154, 1.0)",0.0,0.0,1.985176548302935,73.21957988885796,1.8690630384053064,0.0,0.0,0.0,0.0,0.0,0.0,0.0,0.0,73.31936462236744,20.789818813848314,True,False,True,False,True,13.364810765857133,0,0.9958553379236581,0.8915702921318266,False,False,False,False,0.34282824391333644,0.3428219323438273,False,False,False,False,-204843.0,-288452.9316893704,False,False,False,False,7595.100513916443,False,False,False,False
2025-07-04 19:00:00+00:00,76.93,76.93,76.93,76.93,0.0,,,,,,,,,,,,,,,,,,,,,,74.92287840000641,74.14001365365083,77.94229378092719,"rgba(38, 166, 154, 1.0)",0.0,0.0,2.0018747249561923,73.21957988885796,1.853472679826775,0.0,0.0,0.0,0.0,0.0,0.0,0.0,0.0,73.36123273643773,21.1428290423745,True,False,True,False,True,13.364810765857133,0,0.9941567600241791,0.8935455705554433,False,False,False,False,0.34282824391333644,0.34282508812858187,False,False,False,False,-204843.0,-287156.6536786825,False,False,False,False,7477.347017576652,False,False,False,False
2025-07-07 14:00:00+00:00,76.49,77.025,75.57,75.82,14264.0,,,,,,,,,,,,,,,,,,,,,,75.01883766989718,74.18926859557449,77.93615267415329,"rgba(239, 83, 80, 1.0)",0.0,0.0,1.9988414166744228,73.23847831685333,1.2915090019705886,0.0,0.0,0.0,0.0,0.0,0.0,0.0,0.0,61.15138039928379,14.302902226048104,True,False,True,False,False,7.850965669213139,0,0.9775615567911041,0.892639661106698,False,False,False,False,0.27773579547369187,0.3102804418011369,False,False,False,False,-219107.0,-286101.6202883153,False,False,False,False,7582.566443660735,False,False,False,False
2025-07-07 15:00:00+00:00,75.82,75.87,75.305,75.445,4144.0,,,,,,,,,,,,,,,,,,,,,,75.03052326535618,74.19887218165515,77.93378521097382,"rgba(239, 83, 80, 1.0)",0.0,0.0,1.97565441319183,73.24019317420046,1.1159881055500454,0.0,0.0,0.0,0.0,0.0,0.0,0.0,0.0,51.05669087263978,5.688816383926628,False,True,False,True,False,6.106300798333326,0,0.9838323353293414,0.9054557551563537,False,False,False,False,0.1990458497765694,0.25466314578885313,False,False,False,False,-223251.0,-285127.192066791,False,False,False,False,7529.25533600708,False,False,False,False
2025-07-07 16:00:00+00:00,75.445,75.565,74.73,74.76,6283.0,,,,,,,,,,,,,,,,,,,,,,75.03012248386534,74.20761162061862,77.92942435398385,"rgba(239, 83, 80, 1.0)",0.0,0.0,1.9434758450684035,73.23734602900618,0.7834694600694856,0.0,0.0,0.0,0.0,0.0,0.0,0.0,0.0,41.785092497462344,-1.8933208160901174,False,True,False,True,False,3.043054423221406,0,0.973663047848814,0.9266854309073849,False,False,False,False,0.1538937755092322,0.20427846064904265,False,False,False,False,-229534.0,-284265.2821122671,False,False,False,False,7509.9335478519315,False,False,False,False
2025-07-07 17:00:00+00:00,74.81,75.435,74.73,75.25,7721.0,,,,,,,,,,,,,,,,,,,,,,75.0343247359853,74.21965162776256,77.92430342315595,"rgba(239, 83, 80, 1.0)",0.0,0.0,1.9124692613685719,73.24011291503753,1.050938242805632,0.0,0.0,0.0,0.0,0.0,0.0,0.0,0.0,39.84707505453276,-2.809144830081806,False,True,False,True,False,4.973550287764073,0,0.9781358652046005,0.9239769991976462,False,False,False,False,0.14728030991465382,0.17577938528184822,False,False,False,False,-221813.0,-283297.029676418,False,False,False,False,7513.20589594725,False,False,False,False
2025-07-07 18:00:00+00:00,75.25,75.295,74.55,75.23,9751.0,,,,,,,,,,,,,,,,,,,,,,75.03388879299874,74.23259741269551,77.91760088910009,"rgba(239, 83, 80, 1.0)",0.0,0.0,1.8789620073937605,73.3702643134965,0.9897675840093593,0.0,0.0,0.0,0.0,0.0,0.0,0.0,0.0,38.464448739110054,-3.693055924057404,False,True,False,True,False,4.884288543920874,0,0.974266906044285,0.9251280005319499,False,False,False,False,0.13105413473223976,0.153416760007044,False,False,False,False,-231564.0,-282494.96720081463,False,False,False,False,7547.900378180625,False,False,False,False
2025-07-07 19:00:00+00:00,75.23,75.34,74.81,75.01,6407.0,,,,,,,,,,,,,,,,,,,,,,75.03446829690343,74.2411755028466,77.91325673392706,"rgba(239, 83, 80, 1.0)",0.0,0.0,1.841536520615519,73.37513077884884,0.8877745311316015,0.0,0.0,0.0,0.0,0.0,0.0,0.0,0.0,36.52499296511276,-5.433088192402124,False,True,False,True,False,3.895872280919672,0,0.9780722093408415,0.9234845975488569,False,False,False,False,0.1453029866853508,0.14935987334619738,False,False,False,False,-237971.0,-281804.6731356857,False,False,False,False,7530.2120002243355,False,False,False,False
2025-07-08 14:00:00+00:00,75.51,76.58,74.83,76.4,4495.0,,,,,,,,,,,,,,,,,,,,,,75.05294602853489,74.25351748029031,77.91115575616055,"rgba(38, 166, 154, 1.0)",0.0,0.0,1.8164174967574123,73.39532514908826,1.6541763423197324,0.0,0.0,0.0,0.0,0.0,0.0,0.0,0.0,43.72017092693919,-5.433088192402124,False,True,False,True,True,9.14887643148569,0,0.9783639789487364,0.909557533623546,False,False,False,False,0.20599167606279495,0.17767577470449616,False,False,False,False,-233476.0,-281055.391381644,False,False,False,False,7483.1544498332605,False,False,False,False
2025-07-08 15:00:00+00:00,76.395,77.37,76.395,77.09,5301.0,,,,,,,,,,,,,,,,,,,,,,75.09772466540615,74.27648271960557,77.90995451850218,"rgba(38, 166, 154, 1.0)",0.0,0.0,1.8002269701757245,73.43396055574013,2.0308769420908077,0.0,0.0,0.0,0.0,0.0,0.0,0.0,0.0,50.95111900927888,-8.33297322550223,False,False,True,False,True,11.524234537126247,0,0.9957520756902877,0.9029413657720278,False,False,False,False,0.33702901801718305,0.2573523963608396,False,False,False,False,-228175.0,-280235.54035247123,False,False,False,False,7449.322597897861,False,False,False,False
2025-07-08 16:00:00+00:00,77.09,77.45,76.67,77.05,4880.0,,,,,,,,,,,,,,,,,,,,,,75.13935074350657,74.2980975041661,77.90897221378223,"rgba(38, 166, 154, 1.0)",0.0,0.0,1.779189569024737,73.46505066942684,2.014933873818878,0.0,0.0,0.0,0.0,0.0,0.0,0.0,0.0,55.52664018280048,-4.302329315906405,False,False,True,False,True,11.3400035029727,0,0.9980636416446138,0.9083457045117148,False,False,False,False,0.34282824244033155,0.3000903194005856,False,False,False,False,-233055.0,-279504.05910669646,False,False,False,False,7409.488139015723,False,False,False,False
2025-07-08 17:00:00+00:00,77.04,77.11,76.41,76.72,8842.0,,,,,,,,,,,,,,,,,,,,,,75.19894011944247,74.33211053821145,77.90655287470027,"rgba(38, 166, 154, 1.0)",0.0,0.0,1.763373795923041,73.5046243410395,1.8234226154400819,0.0,0.0,0.0,0.0,0.0,0.0,0.0,0.0,56.54013844549473,-3.345743548445796,False,False,True,False,True,9.819633513174558,0,0.9921325852840652,0.9187463726059197,False,False,False,False,0.30730904043560475,0.3036996799180952,False,False,False,False,-241897.0,-278921.00392674765,False,False,False,False,7431.697625232533,False,False,False,False
2025-07-08 18:00:00+00:00,76.72,77.255,76.585,77.14,6292.0,,,,,,,,,,,,,,,,,,,,,,75.24506278876912,74.35815890918141,77.90520221162356,"rgba(38, 166, 154, 1.0)",0.0,0.0,1.7445305597431497,73.53347225340912,2.0673342329536952,0.0,0.0,0.0,0.0,0.0,0.0,0.0,0.0,58.86145088074754,-0.8975510739101864,True,False,True,False,True,11.276914497219252,0,0.9889460154241645,0.9205012853470437,False,False,False,False,0.3261538523489261,0.31492676613351067,False,False,False,False,-235605.0,-278249.437974395,False,False,False,False,7414.027894608772,False,False,False,False
2025-07-08 19:00:00+00:00,77.13,77.49,76.92,77.025,12568.0,,,,,,,,,,,,,,,,,,,,,,75.33784600768584,74.41160056333041,77.90296298891731,"rgba(38, 166, 154, 1.0)",0.0,0.0,1.7217703360477394,73.58891429544384,1.995670173086831,0.0,0.0,0.0,0.0,0.0,0.0,0.0,0.0,59.659547837513685,0.2922994905066503,True,False,True,False,True,10.741316282757122,0,0.9911436272622257,0.9213194711847001,False,False,False,False,0.34282824271464196,0.3288775044240763,False,False,False,False,-248173.0,-277783.13661045086,False,False,False,False,7493.934438878404,False,False,False,False
2025-07-09 14:00:00+00:00,77.495,77.53,76.46,76.46,4684.0,,,,,,,,,,,,,,,,,,,,,,75.36428002360955,74.42866738275015,77.90177177246782,"rgba(38, 166, 154, 1.0)",0.0,0.0,1.7029660320482463,73.60443494151126,1.6768185652265764,0.0,0.0,0.0,0.0,0.0,0.0,0.0,0.0,56.84989033024334,0.2922994905066503,False,False,True,False,True,8.153406729472,0,0.9832739760875094,0.922475197150852,False,False,False,False,0.31844947422854,0.3236634893263082,False,False,False,False,-252857.0,-277396.6848800563,False,False,False,False,7450.3695638570325,False,False,False,False
2025-07-09 15:00:00+00:00,76.39,76.86,76.245,76.795,4810.0,,,,,,,,,,,,,,,,,,,,,,75.3871547605218,74.44461674402375,77.9003450116286,"rgba(38, 166, 154, 1.0)",0.0,0.0,1.6822075184527514,73.61802175945138,1.8885768882252525,0.0,0.0,0.0,0.0,0.0,0.0,0.0,0.0,56.57679600649674,0.2922994905066503,False,False,True,False,True,9.352213855251389,0,0.9860299720599441,0.9274828549657098,False,False,False,False,0.2682189790536764,0.2959412341899923,False,False,False,False,-248047.0,-276941.65100594686,False,False,False,False,7409.433601626691,False,False,False,False
2025-07-09 16:00:00+00:00,76.79,77.065,76.58,76.73,3528.0,,,,,,,,,,,,,,,,,,,,,,75.40548132436321,74.45700493708951,77.89943108212731,"rgba(38, 166, 154, 1.0)",0.0,0.0,1.6487510779741528,73.62892012818475,1.8808660162488602,0.0,0.0,0.0,0.0,0.0,0.0,0.0,0.0,56.00191634334735,0.2922994905066503,False,False,True,False,True,9.053765161153532,0,0.9900226757369615,0.9438289601554907,False,False,False,False,0.29869562064330407,0.29731842741664816,False,False,False,False,-251575.0,-276548.369595002,False,False,False,False,7349.256336485192,False,False,False,False
2025-07-09 17:00:00+00:00,76.75,77.265,76.75,77.115,6436.0,,,,,,,,,,,,,,,,,,,,,,75.44356168680648,74.48167072685224,77.8981456020882,"rgba(38, 166, 154, 1.0)",0.0,0.0,1.6431875691445539,73.65141402470935,2.1078457750832365,0.0,0.0,0.0,0.0,0.0,0.0,0.0,0.0,57.46853022503666,0.2922994905066503,False,False,True,False,True,10.43445247066396,0,0.9789856012452979,0.947788299390323,False,False,False,False,0.3198901300630774,0.3086042787398628,False,False,False,False,-245139.0,-276061.40262453683,False,False,False,False,7335.097323516429,False,False,False,False
2025-07-09 18:00:00+00:00,77.115,77.22,76.8,77.07,3064.0,,,,,,,,,,,,,,,,,,,,,,75.46092935994962,74.49318859927325,77.89752545182412,"rgba(38, 166, 154, 1.0)",0.0,0.0,1.6268746304085175,73.66173173193421,2.0949790502356946,0.0,0.0,0.0,0.0,0.0,0.0,0.0,0.0,58.126019307364274,1.4584471196696498,False,False,True,False,True,10.221647893648129,0,0.9860876348979327,0.9416200754128202,False,False,False,False,0.3201784152422046,0.31439134699103366,False,False,False,False,-248203.0,-275629.48940555175,False,False,False,False,7268.878760361135,False,False,False,False
2025-07-09 19:00:00+00:00,77.07,77.25,76.83,77.08,10543.0,,,,,,,,,,,,,,,,,,,,,,75.51873736034692,74.53239477011017,77.89545552533988,"rgba(38, 166, 154, 1.0)",0.0,0.0,1.5870627808231286,73.69637644530452,2.1320035953086633,0.0,0.0,0.0,0.0,0.0,0.0,0.0,0.0,58.61789395007092,2.5465427772217097,False,False,True,False,True,10.25821528686711,0,0.9881269058586908,0.9353792253292676,False,False,False,False,0.3236418706273128,0.31901660880917326,False,False,False,False,-237660.0,-275040.81515120214,False,False,False,False,7319.640329967939,False,False,False,False
2025-07-10 14:00:00+00:00,78.44,79.145,78.28,79.03,10691.0,,,,,,,,,,,,,,,,,,,,,,75.63588932836954,74.59793344194233,77.89774446040546,"rgba(38, 166, 154, 1.0)",0.0,0.0,1.6188183656311343,73.76168065166884,3.2544227692136314,0.0,0.0,0.0,0.0,0.0,0.0,0.0,0.0,65.20655270110267,9.100771149565311,True,False,True,False,True,16.795930416475766,0,0.9961223062742357,0.9216197317398768,False,False,False,False,0.3428282449652172,0.3309224268871952,False,False,False,False,-226969.0,-274295.5156914936,False,False,False,False,7371.909472138978,False,False,False,False
2025-07-10 15:00:00+00:00,78.96,79.71,78.84,78.875,7834.0,,,,,,,,,,,,,,,,,,,,,,75.72478567521291,74.6482824005839,77.90000108413376,"rgba(38, 166, 154, 1.0)",0.0,0.0,1.6414594692507423,73.81069027565228,3.0852481095127917,0.0,0.0,0.0,0.0,0.0,0.0,0.0,0.0,68.5560793873966,12.337540986930932,True,False,True,False,True,16.050180611532912,0,0.9999367728882147,0.9178047546788064,False,False,False,False,0.3428282455980414,0.33687533624261834,False,False,False,False,-234803.0,-273683.2286265092,False,False,False,False,7379.0736663693815,False,False,False,False
2025-07-10 16:00:00+00:00,78.875,79.295,78.82,79.145,5659.0,,,,,,,,,,,,,,,,,,,,,,75.78525777215523,74.68352729603805,77.90155412059543,"rgba(38, 166, 154, 1.0)",0.0,0.0,1.6782581006078816,73.84409346971412,3.1585764599413113,0.0,0.0,0.0,0.0,0.0,0.0,0.0,0.0,71.38748511286956,15.062383292561108,True,False,True,False,True,16.88931535484197,0,0.995601733809281,0.9351096379398267,False,False,False,False,0.32376880264440666,0.3303220694435125,False,False,False,False,-229144.0,-272992.6979501292,False,False,False,False,7352.40585758846,False,False,False,False
2025-07-10 17:00:00+00:00,79.155,79.555,79.125,79.4,3463.0,,,,,,,,,,,,,,,,,,,,,,75.824178045225,74.70614232881813,77.90272122240789,"rgba(38, 166, 154, 1.0)",0.0,0.0,1.7423633685634639,73.86547211555026,3.1764487157537222,0.0,0.0,0.0,0.0,0.0,0.0,0.0,0.0,73.82255260957288,17.43874752370705,True,False,True,False,True,17.675705894277034,0,0.9985946981794954,0.9290322580645163,False,False,False,False,0.3428282456657471,0.3365751575546298,False,False,False,False,-225681.0,-272259.183253228,False,False,False,False,7292.1049915793365,False,False,False,False
2025-07-10 18:00:00+00:00,79.42,79.61,79.13,79.225,4694.0,,,,,,,,,,,,,,,,,,,,,,75.87504264739142,74.73619983656913,77.9042586826507,"rgba(38, 166, 154, 1.0)",0.0,0.0,1.7970851323675996,73.89349550098167,2.9667512145038133,0.0,0.0,0.0,0.0,0.0,0.0,0.0,0.0,74.07250033534385,17.881482590378837,True,False,True,False,True,16.80569696005805,0,1.0032550421240747,0.921559867245341,False,False,False,False,0.34282824569664644,0.3397017016256381,False,False,False,False,-230375.0,-271609.8160710074,False,False,False,False,7251.82429403547,False,False,False,False
2025-07-10 19:00:00+00:00,79.25,79.685,79.16,79.35,13057.0,,,,,,,,,,,,,,,,,,,,,,76.01203152978779,74.81915056780373,77.9087482431849,"rgba(38, 166, 154, 1.0)",0.0,0.0,1.851444242689331,73.96930907100533,2.906212785095218,0.0,0.0,0.0,0.0,0.0,0.0,0.0,0.0,74.58135069664615,18.710472523526036,True,False,True,False,True,17.201175303040834,0,1.0007634559104213,0.9220002544853038,False,False,False,False,0.34282824575019827,0.3412649736879182,False,False,False,False,-217318.0,-270768.0824885111,False,False,False,False,7341.827018158951,False,False,False,False
2025-07-11 14:00:00+00:00,78.295,78.97,77.94,78.695,9395.0,,,,,,,,,,,,,,,,,,,,,,76.08069392504188,74.86612075723696,77.91009936926704,"rgba(38, 166, 154, 1.0)",0.0,0.0,1.8855064867868758,74.00942383970093,2.4850490799869034,0.0,0.0,0.0,0.0,0.0,0.0,0.0,0.0,70.07582090224611,18.710472523526036,True,False,True,False,False,13.968344645271497,0,0.9913575574060057,0.9267600302800914,False,False,False,False,0.26106772320983296,0.3011663484488756,False,False,False,False,-226713.0,-270085.05795380555,False,False,False,False,7373.659157412301,False,False,False,False
2025-07-11 15:00:00+00:00,78.695,78.875,78.485,78.835,10588.0,,,,,,,,,,,,,,,,,,,,,,76.15958167862553,74.9204144082119,77.91209211795527,"rgba(38, 166, 154, 1.0)",0.0,0.0,1.9222178280262734,74.05578212062281,2.4863040024368463,0.0,0.0,0.0,0.0,0.0,0.0,0.0,0.0,67.6456053852199,23.54199562557298,True,False,True,False,False,14.431528881182697,0,1.0010734356254343,0.9215760560712261,False,False,False,False,0.2797432539294458,0.29045480118916067,False,False,False,False,-216125.0,-269248.4679080101,False,False,False,False,7423.4938991578465,False,False,False,False
2025-07-11 16:00:00+00:00,78.835,79.18,78.57,79.18,7899.0,,,,,,,,,,,,,,,,,,,,,,76.22076405958725,74.96247683243342,77.91401502586763,"rgba(38, 166, 154, 1.0)",0.0,0.0,1.9657495578857396,74.09178061248556,2.5884372539231664,0.0,0.0,0.0,0.0,0.0,0.0,0.0,0.0,67.37922313594567,23.075793457659103,True,False,True,False,False,15.565756821157954,0,1.0118489418324672,0.9164237739196556,False,False,False,False,0.29608357698223164,0.29326918908569616,False,False,False,False,-208226.0,-268302.3831342425,False,False,False,False,7430.866086767802,False,False,False,False
2025-07-11 17:00:00+00:00,79.11,79.41,79.09,79.33,6269.0,,,,,,,,,,,,,,,,,,,,,,76.27254501929431,74.99769243873497,77.91596563959402,"rgba(38, 166, 154, 1.0)",0.0,0.0,2.0002521192450167,74.12208399264219,2.6036297910902886,0.0,0.0,0.0,0.0,0.0,0.0,0.0,0.0,67.76164527528535,23.075793457659103,True,False,True,False,False,16.055471717546943,0,1.018869123252859,0.9117534942820842,False,False,False,False,0.32795305502207983,0.31061112205388797,False,False,False,False,-201957.0,-267273.7725430139,False,False,False,False,7412.852659065976,False,False,False,False
2025-07-11 18:00:00+00:00,79.39,79.78,79.24,79.69,6067.0,,,,,,,,,,,,,,,,,,,,,,76.32574618345309,75.03352928270392,77.91825390000868,"rgba(38, 166, 154, 1.0)",0.0,0.0,2.0418795395560623,74.15304895971157,2.7116932870056827,0.0,0.0,0.0,0.0,0.0,0.0,0.0,0.0,69.27924386542847,23.075793457659103,True,False,True,False,False,17.221365582851764,0,1.0177893137503164,0.9068751582679161,False,False,False,False,0.34282824583800425,0.3267196839459461,False,False,False,False,-195890.0,-266167.0473873082,False,False,False,False,7391.986726367279,False,True,False,False
2025-07-11 19:00:00+00:00,79.69,79.99,79.4,79.61,11372.0,,,,,,,,,,,,,,,,,,,,,,76.42381527752683,75.1006101179677,77.92277602979375,"rgba(38, 166, 154, 1.0)",0.0,0.0,2.074131627696905,74.55115814746263,2.4390167841732673,0.0,0.0,0.0,0.0,0.0,0.0,0.0,0.0,69.58688571676882,23.075793457659103,True,False,True,False,False,16.809585857594378,0,1.016742481678039,0.9095905989385902,False,False,False,False,0.3428282460179154,0.33477396498193074,False,False,False,False,-207262.0,-265253.7908386678,False,False,False,False,7453.692358516623,False,False,False,False
2025-07-14 14:00:00+00:00,78.91,79.02,78.315,78.58,19003.0,,,,,,,,,,,,,,,,,,,,,,76.5273613909988,75.18418007965751,77.92585535683043,"rgba(38, 166, 154, 1.0)",0.0,0.0,2.077617803818192,74.58487970694469,1.9229332198218458,0.0,0.0,0.0,0.0,0.0,0.0,0.0,0.0,62.83495051679551,17.86712511948504,False,False,True,False,False,11.722308646115344,0,1.0038679892694493,0.9149666229958203,False,False,False,False,0.258735302372775,0.2967546336773529,False,False,False,False,-226265.0,-264649.3134613241,False,False,False,False,7632.751391717916,False,False,False,False
2025-07-14 15:00:00+00:00,78.57,78.81,78.095,78.715,20205.0,,,,,,,,,,,,,,,,,,,,,,76.62268170822608,75.26640214200225,77.92865263802224,"rgba(38, 166, 154, 1.0)",0.0,0.0,2.0961611201062333,74.63948249327953,1.9442768342702235,0.0,0.0,0.0,0.0,0.0,0.0,0.0,0.0,59.04296246732143,14.422058747398737,False,False,True,False,False,12.187800244012916,1,1.0029190733494815,0.9169616793987952,False,False,False,False,0.2416183903626964,0.26918651202002464,False,False,False,False,-206060.0,-263740.9520123113,False,False,False,False,7827.669974792057,False,False,False,False
2025-07-14 16:00:00+00:00,78.72,78.94,78.41,78.48,7332.0,,,,,,,,,,,,,,,,,,,,,,76.65625935015554,75.29586827103024,77.92977693337005,"rgba(38, 166, 154, 1.0)",0.0,0.0,2.0975420364317277,74.66120291296369,1.820605747445583,0.0,0.0,0.0,0.0,0.0,0.0,0.0,0.0,55.2114652581446,10.980577281464662,False,True,True,False,False,11.063229253469249,0,1.0185659811214605,0.914483965743577,False,False,False,False,0.2593350344345277,0.26426077322727615,False,False,False,False,-213392.0,-262960.3481051437,False,False,False,False,7819.985168981327,False,False,False,False
2025-07-14 17:00:00+00:00,78.51,78.9,78.465,78.73,11672.0,,,,,,,,,,,,,,,,,,,,,,76.70974658267919,75.3429416201527,77.93179052349078,"rgba(38, 166, 154, 1.0)",0.0,0.0,2.105074520947486,74.69742365261706,1.9156454117205766,0.0,0.0,0.0,0.0,0.0,0.0,0.0,0.0,54.114705549033516,10.012339138007249,False,True,True,False,False,11.946084068215853,0,1.0163995759805453,0.9133877907339277,False,False,False,False,0.2599349490336476,0.26209786113046185,False,False,False,False,-201720.0,-262010.88534382364,False,False,False,False,7879.706329152158,False,False,False,False
2025-07-14 18:00:00+00:00,78.745,79.03,78.625,78.715,9509.0,,,,,,,,,,,,,,,,,,,,,,76.75320907973015,75.38136114438603,77.93361842256556,"rgba(38, 166, 154, 1.0)",0.0,0.0,2.107959749689221,74.72785772029506,1.891469834892611,0.0,0.0,0.0,0.0,0.0,0.0,0.0,0.0,53.286686087147004,9.113470080768792,False,True,True,False,False,11.872641679315105,0,1.0176770820365992,0.9129216979957676,False,False,False,False,0.27156990248411567,0.26683388180728873,False,False,False,False,-211229.0,-261223.5692919814,False,False,False,False,7904.966696142046,False,False,False,False
2025-07-14 19:00:00+00:00,78.7,78.76,78.425,78.59,27666.0,,,,,,,,,,,,,,,,,,,,,,76.85855929441703,75.48219389786279,77.9376711296638,"rgba(38, 166, 154, 1.0)",0.0,0.0,2.1090878007695353,74.80465333497986,1.7947790810979973,0.0,0.0,0.0,0.0,0.0,0.0,0.0,0.0,51.876822557371284,7.5661778032005245,False,True,False,False,False,11.253109021184724,0,1.0177426383614518,0.9148353358650314,False,False,False,False,0.2527479085264485,0.2597908951668686,False,False,False,False,-238895.0,-260877.38992311346,False,False,False,False,8211.339305504185,False,False,False,False
2025-07-15 14:00:00+00:00,78.48,78.73,77.75,77.815,5445.0,,,,,,,,,,,,,,,,,,,,,,76.87238557245517,75.4982666872021,77.93786563280666,"rgba(38, 166, 154, 1.0)",0.0,0.0,2.098155543492473,74.81551181030316,1.4295833304636951,0.0,0.0,0.0,0.0,0.0,0.0,0.0,0.0,46.71833680597807,2.6080120185262317,False,True,False,True,False,7.529566197964282,0,1.0158956845700096,0.9140639552933871,False,False,False,False,0.22483594781773994,0.24231342149230428,False,False,False,False,-244340.0,-260620.99628089464,False,False,False,False,8168.4503240235,False,False,False,False
2025-07-15 15:00:00+00:00,77.815,78.1,77.72,77.82,12410.0,,,,,,,,,,,,,,,,,,,,,,76.89736199329406,75.53115627164048,77.93770640795873,"rgba(38, 166, 154, 1.0)",0.0,0.0,2.0824614031234745,74.83661242570875,1.4326256274505127,0.0,0.0,0.0,0.0,0.0,0.0,0.0,0.0,43.31896683784112,-0.5588031825988367,False,True,False,True,False,7.548735836077462,0,1.0158166760072236,0.9194221308923347,False,False,False,False,0.19901505860221053,0.2206642400472574,False,False,False,False,-231930.0,-260176.17463312883,False,False,False,False,8234.21078411616,False,False,False,False
2025-07-15 16:00:00+00:00,77.82,77.99,77.21,77.345,2688.0,,,,,,,,,,,,,,,,,,,,,,76.90066038198167,75.53707233943257,77.93745462421475,"rgba(239, 83, 80, 1.0)",0.0,0.0,2.0700816017348984,74.83988854965571,1.210151062762356,0.0,0.0,0.0,0.0,0.0,0.0,0.0,0.0,39.025998263281195,-4.518529047997568,False,True,False,True,False,5.336106227232385,0,1.0018737118231216,0.9309224907875837,False,False,False,False,0.17499600921429803,0.1978301246307777,False,False,False,False,-234618.0,-259779.92386362297,False,False,False,False,8148.223020021335,False,False,False,False
2025-07-15 17:00:00+00:00,77.345,77.665,77.26,77.51,2887.0,,,,,,,,,,,,,,,,,,,,,,76.90395483646661,75.54327015077557,77.93716109180535,"rgba(239, 83, 80, 1.0)",0.0,0.0,2.0567818999075365,74.84330341654301,1.2965383366981589,0.0,0.0,0.0,0.0,0.0,0.0,0.0,0.0,37.58042605906875,-5.8644876054744515,False,True,False,True,False,5.991743457773893,0,1.0031936877700547,0.931993236896487,False,False,False,False,0.16440763448422768,0.1811188795575027,False,False,False,False,-231731.0,-259345.05682697764,False,False,False,False,8066.653670873718,False,False,False,False
2025-07-15 18:00:00+00:00,77.49,77.855,77.46,77.62,5389.0,,,,,,,,,,,,,,,,,,,,,,76.9117604805166,75.55572137873264,77.93681283916136,"rgba(239, 83, 80, 1.0)",0.0,0.0,2.042703225745709,74.85097373725498,1.3555695354297828,0.0,0.0,0.0,0.0,0.0,0.0,0.0,0.0,37.570428253297365,-6.071936350176216,False,True,False,True,False,6.430746920667794,0,1.0052089870716707,0.9299610894941635,False,False,False,False,0.17943528601120373,0.18027708278435323,False,False,False,False,-226342.0,-258833.38152733457,False,False,False,False,8025.139660472574,False,False,False,False
2025-07-15 19:00:00+00:00,77.575,77.82,77.32,77.335,10575.0,,,,,,,,,,,,,,,,,,,,,,76.92350428291562,75.57796885968821,77.93577403849834,"rgba(239, 83, 80, 1.0)",0.0,0.0,2.0277185222335103,74.86415152245851,1.218536227020241,0.0,0.0,0.0,0.0,0.0,0.0,0.0,0.0,36.146454170180675,-7.734187041757735,False,True,False,True,False,5.083839101103873,0,1.0003140703517588,0.9334798994974877,False,False,False,False,0.17268258315114746,0.17647983296775033,False,False,False,False,-236917.0,-258493.59266644565,False,False,False,False,8064.67237891486,False,False,False,False
2025-07-16 14:00:00+00:00,78.61,78.79,78.09,78.125,6693.0,,,,,,,,,,,,,,,,,,,,,,76.94136668910382,75.59787662838558,77.93636281142915,"rgba(239, 83, 80, 1.0)",0.0,0.0,2.0120622807520276,74.87977409672627,1.6128854132988368,0.0,0.0,0.0,0.0,0.0,0.0,0.0,0.0,40.99927451771521,-7.734187041757735,False,True,False,True,True,8.208664382093097,0,1.001734283059771,0.9155156395168784,False,False,False,False,0.24062757108013752,0.2085537020239439,False,False,False,False,-230224.0,-258055.30440805116,False,False,False,False,8043.40614048207,False,False,False,False
2025-07-16 15:00:00+00:00,78.125,78.26,77.105,77.845,2872.0,,,,,,,,,,,,,,,,,,,,,,76.94566208311076,75.60448309308119,77.93623651600977,"rgba(239, 83, 80, 1.0)",0.0,0.0,1.9785607472690956,75.11282290118473,1.3808911869834437,0.0,0.0,0.0,0.0,0.0,0.0,0.0,0.0,42.64156157258386,-13.538068615543736,False,True,False,True,True,6.885061481495036,0,0.9923870333988214,0.9213531434184679,False,False,False,False,0.18136758107605103,0.19496064154999748,False,False,False,False,-233096.0,-257668.3384482364,False,False,False,False,7963.2293010947515,False,False,False,False
2025-07-16 16:00:00+00:00,77.845,78.045,77.53,78.04,2510.0,,,,,,,,,,,,,,,,,,,,,,76.95001248441784,75.61058697496615,77.93620084651158,"rgba(239, 83, 80, 1.0)",0.0,0.0,1.9447848372163064,75.12010461422264,1.5013976507328168,0.0,0.0,0.0,0.0,0.0,0.0,0.0,0.0,44.97585048973981,-11.172270260179872,False,True,False,True,True,7.646439305747819,0,1.0038831360946747,0.9234467455621305,False,False,False,False,0.18949804541401694,0.1922293434820072,False,False,False,False,-230586.0,-257248.45723198468,False,False,False,False,7878.683110380104,False,False,False,False
2025-07-16 17:00:00+00:00,78.045,78.17,77.72,77.835,2914.0,,,,,,,,,,,,,,,,,,,,,,76.9552110155503,75.61774646398872,77.93618298563251,"rgba(239, 83, 80, 1.0)",0.0,0.0,1.8765180329352813,75.12693878297563,1.4431309315948166,0.0,0.0,0.0,0.0,0.0,0.0,0.0,0.0,45.28746929223216,-10.62572246748691,False,True,False,True,True,6.667178037605495,0,1.0102116598588935,0.9181210545859639,False,False,False,False,0.20174068078997184,0.1969850121359895,False,False,False,False,-233500.0,-256880.26409660507,False,False,False,False,7801.71127921142,False,False,False,False
2025-07-16 18:00:00+00:00,77.835,78.385,77.835,78.305,2787.0,,,,,,,,,,,,,,,,,,,,,,76.96150686677763,75.62534463115418,77.93632928793627,"rgba(239, 83, 80, 1.0)",0.0,0.0,1.790472060156634,75.1367766896198,1.7694905052598537,0.0,0.0,0.0,0.0,0.0,0.0,0.0,0.0,48.424483348901155,-7.41552759236766,False,True,False,False,True,8.510269651274651,0,1.011190800049462,0.9121429454680353,False,False,False,False,0.21463068336805075,0.20580784775202013,False,False,False,False,-230713.0,-256474.57007960344,False,False,False,False,7723.96381751822,False,False,False,False
2025-07-16 19:00:00+00:00,78.3,78.305,78.03,78.13,13765.0,,,,,,,,,,,,,,,,,,,,,,76.99117543023218,75.6619301111026,77.93698892296149,"rgba(239, 83, 80, 1.0)",0.0,0.0,1.6971161894118145,75.17024987585557,1.743987914681439,0.0,0.0,0.0,0.0,0.0,0.0,0.0,0.0,49.35405026613085,-6.29848120540202,False,True,False,False,True,7.663152170268543,0,1.0153865243826778,0.9121479091698724,False,False,False,False,0.21913900031543715,0.21247342403372865,False,False,False,False,-244478.0,-256288.57674503594,False,False,False,False,7817.623293215612,False,False,False,False
2025-07-17 14:00:00+00:00,78.56,78.8,78.1,78.54,4786.0,,,,,,,,,,,,,,,,,,,,,,77.00393332593278,75.67603005003754,77.93755785840337,"rgba(239, 83, 80, 1.0)",0.0,0.0,1.5936827908467632,75.18478668705329,2.1053206649511527,0.0,0.0,0.0,0.0,0.0,0.0,0.0,0.0,52.312196660952836,-3.2900613305699125,False,False,True,False,True,9.25745208109539,0,1.0228004956629493,0.900495662949195,False,False,False,False,0.2414201893307945,0.22694680668226158,False,False,False,False,-239692.0,-256031.26547767106,False,False,False,False,7770.621381692889,False,False,False,False
2025-07-17 15:00:00+00:00,78.58,79.51,78.505,79.445,4665.0,,,,,,,,,,,,,,,,,,,,,,77.02173739856018,75.69290622934471,77.93879820578475,"rgba(38, 166, 154, 1.0)",0.0,0.0,1.517413689904493,75.50371663905904,2.5973690544396133,0.0,0.0,0.0,0.0,0.0,0.0,0.0,0.0,57.94796067929197,2.0383916328026928,False,False,True,False,True,12.58587695602235,0,1.0281178859287516,0.8906048114194306,False,False,False,False,0.2861141995163835,0.25653050309932257,False,False,False,False,-235027.0,-255705.61795088544,False,False,False,False,7722.472212984472,False,False,False,False
2025-07-17 16:00:00+00:00,79.445,79.445,78.47,78.645,4094.0,,,,,,,,,,,,,,,,,,,,,,77.03495590337698,75.70631002229342,77.93961628973389,"rgba(38, 166, 154, 1.0)",0.0,0.0,1.4326010553489839,75.51040116715942,2.1880472732703575,0.0,0.0,0.0,0.0,0.0,0.0,0.0,0.0,56.91979550394937,2.0383916328026928,False,False,True,False,True,8.760730938927129,0,1.025897514575023,0.8973918379871131,False,False,False,False,0.2820625254089041,0.26929651425411333,False,False,False,False,-239121.0,-255448.4920911818,False,False,False,False,7666.216829837426,False,False,False,False
2025-07-17 17:00:00+00:00,78.755,78.8,78.37,78.55,8601.0,,,,,,,,,,,,,,,,,,,,,,77.05793227037668,75.73162991100813,77.9408050069945,"rgba(38, 166, 154, 1.0)",0.0,0.0,1.3839945353494327,75.52099903780305,2.1885931518018458,0.0,0.0,0.0,0.0,0.0,0.0,0.0,0.0,55.741309373319766,2.0383916328026928,False,False,True,False,False,8.31980088507023,0,1.0192354965585055,0.9079400196656838,False,False,False,False,0.2521501505994991,0.26072333242680623,False,False,False,False,-247722.0,-255328.7015161247,False,False,False,False,7680.709592165528,False,False,False,False
2025-07-17 18:00:00+00:00,78.545,79.23,78.515,79.21,7599.0,,,,,,,,,,,,,,,,,,,,,,77.0830297252505,75.75681804936895,77.9425326465599,"rgba(38, 166, 154, 1.0)",0.0,0.0,1.384790695474761,75.5482137722232,2.644288584363561,0.0,0.0,0.0,0.0,0.0,0.0,0.0,0.0,57.6600093568163,2.0383916328026928,False,False,True,False,False,10.718679575598983,0,1.0209046454767727,0.8999388753056237,False,False,False,False,0.2751952539541563,0.2679592931904813,False,False,False,False,-240123.0,-255092.95420579717,False,False,False,False,7679.442776783117,False,False,False,False
2025-07-17 19:00:00+00:00,79.23,79.325,78.9,78.995,20818.0,,,,,,,,,,,,,,,,,,,,,,77.15159580723541,75.825701042708,77.94763506524922,"rgba(38, 166, 154, 1.0)",0.0,0.0,1.3668418916465586,75.61682346699749,2.471519605631208,0.0,0.0,0.0,0.0,0.0,0.0,0.0,0.0,57.710053743230915,2.201413929677628,False,False,True,False,False,9.705718913606617,0,1.0240287857534915,0.9001646642678541,False,False,False,False,0.29465274898575966,0.2813060210881205,False,False,False,False,-260941.0,-255183.62158245145,False,False,False,False,7883.141338383379,False,False,False,False
2025-07-18 14:00:00+00:00,79.16,79.24,78.325,78.37,5805.0,,,,,,,,,,,,,,,,,,,,,,77.16580529967763,75.84193507424466,77.94851139441252,"rgba(38, 166, 154, 1.0)",0.0,0.0,1.3419442060888462,75.62755719748128,2.04363399765456,0.0,0.0,0.0,0.0,0.0,0.0,0.0,0.0,54.58431951331616,2.201413929677628,False,False,True,False,False,6.837036420272728,0,1.0252839868083548,0.9024673262489317,False,False,False,False,0.267951505793927,0.2746287634410237,False,False,False,False,-266746.0,-255362.88326334365,False,False,False,False,7850.922092827047,False,False,False,False
2025-07-18 15:00:00+00:00,78.375,78.71,78.185,78.245,6355.0,,,,,,,,,,,,,,,,,,,,,,77.17832236470355,75.85783416265316,77.94910417336813,"rgba(38, 166, 154, 1.0)",0.0,0.0,1.310414108264365,75.6354554827256,1.9913892111026839,0.0,0.0,0.0,0.0,0.0,0.0,0.0,0.0,51.92736711450949,7.334072114332351,False,True,False,False,False,6.275300424986984,1,1.0247379965878627,0.8994638069705098,False,False,False,False,0.24122200690476903,0.25792538517289637,False,False,False,False,-273101.0,-255637.8928251523,False,False,False,False,7827.729502240581,False,False,False,False
2025-07-18 16:00:00+00:00,78.245,78.28,77.89,78.04,9348.0,,,,,,,,,,,,,,,,,,,,,,77.19164189582555,75.87803209146536,77.94934798878325,"rgba(38, 166, 154, 1.0)",0.0,0.0,1.2635981336035533,75.64161355453987,1.8980610857823672,0.0,0.0,0.0,0.0,0.0,0.0,0.0,0.0,49.19906951086615,4.65601157470055,False,True,False,False,False,5.352307261902329,0,1.0205579138872045,0.901576713159491,False,False,False,False,0.21267323293307774,0.23529930905298707,False,False,False,False,-282449.0,-256053.56890538248,False,False,False,False,7851.2995874771605,False,False,False,False
2025-07-18 17:00:00+00:00,78.1,78.31,77.815,78.18,7602.0,,,,,,,,,,,,,,,,,,,,,,77.2025638309349,75.89442096100325,77.94959739110358,"rgba(38, 166, 154, 1.0)",0.0,0.0,1.2420441847051513,75.6483792285664,2.038269493636887,0.0,0.0,0.0,0.0,0.0,0.0,0.0,0.0,48.2274837493552,3.5954584277547,False,True,False,True,False,5.899161168453297,0,1.019531014527699,0.9018023991801799,False,False,False,False,0.210912899712806,0.22310610438289652,False,False,False,False,-274847.0,-256344.93993010523,False,False,False,False,7847.434477593793,False,False,False,False
2025-07-18 18:00:00+00:00,78.125,78.19,77.795,78.095,5541.0,,,,,,,,,,,,,,,,,,,,,,77.2097105284849,75.90581443786445,77.94968926050487,"rgba(38, 166, 154, 1.0)",0.0,0.0,1.2313099045667582,75.88614164456472,1.7939093539676179,0.0,0.0,0.0,0.0,0.0,0.0,0.0,0.0,47.117886380874864,2.3251626823080755,False,True,False,True,False,5.507540182137554,0,1.0191984641228702,0.9037077033837296,False,False,False,False,0.20544448370381937,0.21427529404335793,False,False,False,False,-280388.0,-256717.7005513439,False,False,False,False,7811.675803522571,False,False,False,False
2025-07-18 19:00:00+00:00,78.14,78.28,77.905,78.15,9924.0,,,,,,,,,,,,,,,,,,,,,,77.2235052989556,75.92672460751625,77.95003433784768,"rgba(38, 166, 154, 1.0)",0.0,0.0,1.2074607150468641,75.898536681308,1.8646265593863396,0.0,0.0,0.0,0.0,0.0,0.0,0.0,0.0,46.769882922307254,1.7008215562814826,False,True,False,True,False,5.728947216376735,0,1.0204264468733202,0.9030639670309983,False,False,False,False,0.21326029883888045,0.2137677964411192,False,False,False,False,-270464.0,-256930.8214730285,False,False,False,False,7844.425015871057,False,False,False,False
2025-07-21 14:00:00+00:00,78.495,78.91,78.495,78.495,2382.0,,,,,,,,,,,,,,,,,,,,,,77.22866184416065,75.93286893844021,77.95038356320457,"rgba(38, 166, 154, 1.0)",0.0,0.0,1.1870373446782327,75.906964266532,2.180247946764924,0.0,0.0,0.0,0.0,0.0,0.0,0.0,0.0,48.88936547990797,1.7008215562814826,False,True,False,False,False,7.113368663050025,0,1.0231429416987277,0.8974844628588344,False,False,False,False,0.26153561762484395,0.23765170703298158,False,False,False,False,-268082.0,-257103.70796181876,False,False,False,False,7759.736255935071,False,False,False,False
2025-07-21 15:00:00+00:00,78.495,78.76,78.44,78.705,3085.0,,,,,,,,,,,,,,,,,,,,,,77.23529230096008,75.9407901925309,77.95083642777533,"rgba(38, 166, 154, 1.0)",0.0,0.0,1.177102917880318,75.91661251580555,2.3688561482930197,0.0,0.0,0.0,0.0,0.0,0.0,0.0,0.0,51.586890553686914,1.7008215562814826,False,True,True,False,True,7.9457398329542706,0,1.0224069815437231,0.8996403089804826,False,False,False,False,0.249499422811959,0.2435755649224703,False,False,False,False,-264997.0,-257226.08458256576,False,False,False,False,7687.259724835302,False,False,False,False
2025-07-21 16:00:00+00:00,78.705,78.85,78.45,78.505,2655.0,,,,,,,,,,,,,,,,,,,,,,77.24081401802962,75.94748637549452,77.9512067254087,"rgba(38, 166, 154, 1.0)",0.0,0.0,1.1680723012313792,75.92379058583674,2.2098027762854655,0.0,0.0,0.0,0.0,0.0,0.0,0.0,0.0,51.84753844008054,-2.716932214600874,False,False,True,False,True,6.96902637314852,0,1.0227124085855284,0.9068315595457523,False,False,False,False,0.253658418205588,0.24861699156402914,False,False,False,False,-267652.0,-257387.72668206083,False,False,False,False,7609.2401942177,False,False,False,False
2025-07-21 17:00:00+00:00,78.51,78.8,78.51,78.705,1812.0,,,,,,,,,,,,,,,,,,,,,,77.24474949049083,75.95215712796544,77.95148637752628,"rgba(38, 166, 154, 1.0)",0.0,0.0,1.1655850790824476,75.92889548372338,2.3817261957934264,0.0,0.0,0.0,0.0,0.0,0.0,0.0,0.0,53.34663152680851,-1.070257414214126,False,False,True,False,True,7.776756855447015,1,1.0242825607064017,0.9040630034007521,False,False,False,False,0.25407478844646536,0.25134589000524726,False,False,False,False,-265840.0,-257518.76967923818,False,False,False,False,7519.360501284093,False,False,False,False
2025-07-21 18:00:00+00:00,78.72,78.98,78.62,78.62,5086.0,,,,,,,,,,,,,,,,,,,,,,77.25620446660338,75.96550931597864,77.95234452658738,"rgba(38, 166, 154, 1.0)",0.0,0.0,1.1612045159794104,75.94339295647525,2.3050263813925898,0.0,0.0,0.0,0.0,0.0,0.0,0.0,0.0,53.62519952879434,-0.5484183580443514,False,False,True,False,True,7.352722930349046,0,1.025425747290699,0.8975824699297371,False,False,False,False,0.2636657334002578,0.25750581170275255,False,False,False,False,-270926.0,-257726.63371521898,False,False,False,False,7481.633981884339,False,False,False,False
2025-07-21 19:00:00+00:00,78.62,78.635,78.25,78.27,7594.0,,,,,,,,,,,,,,,,,,,,,,77.26897033039256,75.98268870313493,77.9530464420724,"rgba(38, 166, 154, 1.0)",0.0,0.0,1.1579657528129779,75.95483959960383,1.9993340863251647,0.0,0.0,0.0,0.0,0.0,0.0,0.0,0.0,51.08463516567255,-0.5484183580443514,False,False,False,False,False,5.617541897005882,0,1.0198996055934026,0.9083901039799215,False,False,False,False,0.23297535520730311,0.24524058345502783,False,False,False,False,-278520.0,-258049.01148707606,False,False,False,False,7483.3760906923335,False,False,False,False
2025-07-22 14:00:00+00:00,79.975,80.25,78.94,79.27,4703.0,,,,,,,,,,,,,,,,,,,,,,77.28439480005775,75.99802935872113,77.95458576134594,"rgba(38, 166, 154, 1.0)",0.0,0.0,1.1652630990866912,75.97646762268752,2.8264281087197176,0.0,0.0,0.0,0.0,0.0,0.0,0.0,0.0,55.270937438222084,0.9553648457445334,True,False,True,False,True,9.632966578754214,1,1.0150671278653922,0.8914228762384947,False,False,False,False,0.333792219651279,0.2895164015531534,False,False,False,False,-273817.0,-258293.47642526092,False,False,False,False,7440.269484635088,False,False,False,False
2025-07-22 15:00:00+00:00,79.27,80.09,79.04,79.535,5500.0,,,,,,,,,,,,,,,,,,,,,,77.30271454005526,76.0161482921158,77.9564621444606,"rgba(38, 166, 154, 1.0)",0.0,0.0,1.1763159087252597,76.00079013061062,3.0044734098846755,0.0,0.0,0.0,0.0,0.0,0.0,0.0,0.0,59.13735416147688,4.473019466307058,True,False,True,False,True,10.640168393109953,0,1.0203214160940957,0.8909980202631886,False,False,False,False,0.33073798086308115,0.31012719120811727,False,False,False,False,-268317.0,-258448.87989153594,False,False,False,False,7410.1877871988845,False,False,False,False
2025-07-22 16:00:00+00:00,79.535,79.95,79.49,79.76,9195.0,,,,,,,,,,,,,,,,,,,,,,77.33506382662547,76.04753694892676,77.95993817570844,"rgba(38, 166, 154, 1.0)",0.0,0.0,1.1906590271450177,76.04179982815654,3.122808534664224,0.0,0.0,0.0,0.0,0.0,0.0,0.0,0.0,62.57797887667756,7.532947352071417,True,False,True,False,True,11.488027892729516,0,1.0244881099899685,0.902519619991739,False,False,False,False,0.3428282451077269,0.3264777181579221,False,False,False,False,-259122.0,-258459.3158622098,False,False,False,False,7437.859294374095,False,False,False,False
2025-07-22 17:00:00+00:00,79.74,80.77,79.74,80.55,12609.0,,,,,,,,,,,,,,,,,,,,,,77.38916169029406,76.09682492194136,77.9663415304941,"rgba(38, 166, 154, 1.0)",0.0,0.0,1.222920599546747,76.10921864357901,3.6312916456447613,0.0,0.0,0.0,0.0,0.0,0.0,0.0,0.0,67.27299471567504,11.716616897314147,True,False,True,False,True,14.350584657124127,0,1.032148104613576,0.8893329415221866,False,False,False,False,0.3428282456940798,0.33465298192600096,False,False,False,False,-246513.0,-258274.10166279567,False,False,False,False,7518.032018492326,False,False,False,False
2025-07-22 18:00:00+00:00,80.565,81.515,80.51,81.515,17358.0,,,,,,,,,,,,,,,,,,,,,,77.48044484582299,76.17568391754853,77.97813428641899,"rgba(38, 166, 154, 1.0)",0.0,0.0,1.283421303877336,76.21869456652033,4.126708367298438,0.0,0.0,0.0,0.0,0.0,0.0,0.0,0.0,72.30725211239695,16.142442039095258,True,False,True,False,True,17.57656575110129,0,1.04882342585529,0.8752420632591986,False,False,False,False,0.3428282463756913,0.3387406141508461,False,False,False,False,-229155.0,-257822.6427222872,False,False,False,False,7670.5896616164755,False,False,False,False
2025-07-22 19:00:00+00:00,81.52,81.655,80.51,80.7,43059.0,,,,,,,,,,,,,,,,,,,,,,77.67629417634932,76.35279525574639,78.00498795559506,"rgba(38, 166, 154, 1.0)",0.0,0.0,1.313261447935471,76.42440146574926,3.255710080404976,0.0,0.0,0.0,0.0,0.0,0.0,0.0,0.0,70.48206195739705,16.142442039095258,True,False,True,False,True,13.518907521738633,0,1.0484126518396808,0.8785282553840738,False,False,False,False,0.3428282464363194,0.34078443029358274,False,False,False,False,-272214.0,-258045.7645405463,False,False,False,False,8219.247186242577,False,False,False,False
2025-07-23 14:00:00+00:00,81.48,82.47,81.31,82.3,17017.0,,,,,,,,,,,,,,,,,,,,,,77.77109238189752,76.43469167070981,78.01927443768966,"rgba(38, 166, 154, 1.0)",0.0,0.0,1.3936608639143584,76.52247287261932,4.145576070173492,0.0,0.0,0.0,0.0,0.0,0.0,0.0,0.0,72.51754984629137,16.142442039095258,True,False,True,False,True,18.48142342995669,0,1.0424672552074317,0.8632508222260691,False,False,False,False,0.3428282470748824,0.3418063386842326,False,False,False,False,-255197.0,-258001.5976484448,False,False,False,False,8355.646454672924,False,False,False,False
2025-07-23 15:00:00+00:00,82.29,82.78,81.81,82.66,16655.0,,,,,,,,,,,,,,,,,,,,,,77.86810088225214,76.51802127670847,78.03451031392332,"rgba(38, 166, 154, 1.0)",0.0,0.0,1.480179484491387,76.62082598012557,4.080028187898834,0.0,0.0,0.0,0.0,0.0,0.0,0.0,0.0,74.41534384816322,17.75159590907296,True,False,True,False,True,19.509755585202726,0,1.0446423441539785,0.8671646078713015,False,False,False,False,0.3428282473581513,0.34231729302119196,False,False,False,False,-238542.0,-257699.8984600968,False,False,False,False,8484.318602662492,False,False,False,False
2025-07-23 16:00:00+00:00,82.67,83.01,82.59,82.75,15525.0,,,,,,,,,,,,,,,,,,,,,,77.96194975023725,76.59833345443178,78.04979810773351,"rgba(38, 166, 154, 1.0)",0.0,0.0,1.5615517432508277,76.71444238688,3.8651025425230054,0.0,0.0,0.0,0.0,0.0,0.0,0.0,0.0,75.81939358967415,19.268053460771995,True,False,True,False,True,19.766122317255487,0,1.0493601462522852,0.8772188476735272,False,False,False,False,0.34282824768214293,0.34257277035166744,False,False,False,False,-223017.0,-257162.1791041263,False,False,False,False,8593.476453784004,False,False,False,False
2025-07-23 17:00:00+00:00,82.805,83.275,82.625,82.975,30303.0,,,,,,,,,,,,,,,,,,,,,,78.14146596506869,76.75357835678328,78.08044908594867,"rgba(38, 166, 154, 1.0)",0.0,0.0,1.624941232479447,76.88891809850267,3.7454166217511515,0.0,0.0,0.0,0.0,0.0,0.0,0.0,0.0,77.11894102275352,20.771640754219902,True,False,True,False,True,20.0,0,1.0405333648002832,0.8762758864829785,False,False,False,False,0.3428282477727248,0.3427005090621961,False,False,False,False,-192714.0,-256162.9825288685,False,False,False,False,8930.058214190452,False,False,False,False
2025-07-23 18:00:00+00:00,82.975,83.355,82.96,83.02,44647.0,,,,,,,,,,,,,,,,,,,,,,78.39134300052736,76.97430198550745,78.12631550543794,"rgba(38, 166, 154, 1.0)",1.0,83.4925,1.6734384276614267,77.57412477420034,3.2543027193477796,0.0,0.0,0.0,0.0,0.0,0.0,0.0,0.0,78.06204228815567,22.004909414459036,True,False,True,False,True,20.0,0,1.049252054632531,0.8690356530479514,False,False,False,False,0.34282824789408545,0.3427643784781408,False,False,False,False,-148067.0,-254487.07582299455,False,False,False,False,9483.809249629361,False,False,False,False
2025-07-23 19:00:00+00:00,83.065,83.325,82.925,83.01,55771.0,,,,,,,,,,,,,,,,,,,,,,78.66879127614622,77.22834745431146,78.18216672013352,"rgba(38, 166, 154, 1.0)",0.0,0.0,1.6951712688201648,77.81936152490819,3.062014187336061,0.0,0.0,0.0,0.0,0.0,0.0,0.0,0.0,78.61536988712649,22.930896701176323,True,False,True,False,True,20.0,0,1.0491580502215656,0.8663515509601183,False,False,False,False,0.3407103008006692,0.341737339639405,False,False,False,False,-203838.0,-253701.81883349075,False,False,False,False,10201.440113976192,False,False,False,False
2025-07-24 14:00:00+00:00,82.935,83.02,82.265,82.66,5134.0,,,,,,,,,,,,,,,,,,,,,,78.69032112874444,77.2490055043674,78.18679109084638,"rgba(38, 166, 154, 1.0)",0.0,0.0,1.712446127252311,77.83695774644958,2.816463640400284,0.0,0.0,0.0,0.0,0.0,0.0,0.0,0.0,76.32032323656462,22.930896701176323,True,False,True,False,True,18.6891641606438,0,1.0408223374175305,0.8726437323279927,False,False,False,False,0.30959942334263735,0.3256683814910212,False,False,False,False,-208972.0,-253008.3332701808,False,False,False,False,10122.875150968808,False,False,False,False
2025-07-24 15:00:00+00:00,82.71,82.79,82.35,82.63,8208.0,,,,,,,,,,,,,,,,,,,,,,78.72376203376348,77.28135417258524,78.1940680538215,"rgba(38, 166, 154, 1.0)",0.0,0.0,1.7223564493859578,77.86417426199948,2.7670379959384097,0.0,0.0,0.0,0.0,0.0,0.0,0.0,0.0,74.56137687260701,22.930896701176323,True,False,True,False,False,18.535080390386597,0,1.0378881621589768,0.8788521595663191,False,False,False,False,0.3049758394968333,0.3153221104939272,False,False,False,False,-217180.0,-252452.8552349842,False,False,False,False,10093.187164132083,False,False,False,False
2025-07-24 16:00:00+00:00,82.63,82.76,82.25,82.34,4782.0,,,,,,,,,,,,,,,,,,,,,,78.74228573037406,77.29952829733162,78.19816188396275,"rgba(38, 166, 154, 1.0)",0.0,0.0,1.7117996246516667,77.8789603704758,2.6060524638986196,0.0,0.0,0.0,0.0,0.0,0.0,0.0,0.0,71.15563235945322,26.417083395537233,True,False,True,False,False,17.04192876788675,0,1.050149075730471,0.8775193798449613,False,False,False,False,0.30084128975051544,0.30808170012222136,False,False,False,False,-221962.0,-251980.1287972325,False,False,False,False,10010.843177091276,False,False,False,False
2025-07-24 17:00:00+00:00,82.33,82.68,82.305,82.59,3519.0,,,,,,,,,,,,,,,,,,,,,,78.75607319689531,77.31301449822762,78.20122249526122,"rgba(38, 166, 154, 1.0)",0.0,0.0,1.7383173675347308,77.89017339477753,2.703664298014654,0.0,0.0,0.0,0.0,0.0,0.0,0.0,0.0,69.88101499836782,25.063734997110203,True,False,True,False,False,17.844536014228556,0,1.0557914249835554,0.8728697004126055,False,False,False,False,0.3000473315798419,0.30406451585103167,False,False,False,False,-218443.0,-251460.17331200407,False,False,False,False,9910.194445663503,False,False,False,False
2025-07-24 18:00:00+00:00,82.6,82.74,82.025,82.22,3990.0,,,,,,,,,,,,,,,,,,,,,,78.77077553907212,77.3276479669565,78.2045299134742,"rgba(38, 166, 154, 1.0)",0.0,0.0,1.7633179029969643,77.90174439627864,2.4489376512210166,0.0,0.0,0.0,0.0,0.0,0.0,0.0,0.0,66.28343180696281,21.568213460997356,True,False,True,False,False,15.942616060305628,0,1.0504592627937492,0.8730168197542646,False,False,False,False,0.2930761913943743,0.298570353622703,False,False,False,False,-222433.0,-251010.1396172443,False,False,False,False,9818.408485265618,False,False,False,False
2025-07-24 19:00:00+00:00,82.18,82.34,82.0,82.09,13012.0,,,,,,,,,,,,,,,,,,,,,,78.81544222340064,77.37303848286106,78.21479694558144,"rgba(38, 166, 154, 1.0)",0.0,0.0,1.7817079188550158,77.9360341079296,2.33145166394045,0.0,0.0,0.0,0.0,0.0,0.0,0.0,0.0,62.975879139193026,18.44534425323016,True,False,True,False,False,15.279574213088065,0,1.0554758488761355,0.8726685796269729,False,False,False,False,0.279686610683253,0.28912848215297804,False,False,False,False,-235445.0,-250768.8196231785,False,False,False,False,9867.921532005685,False,False,False,False
2025-07-25 14:00:00+00:00,79.54,80.61,79.025,80.26,14238.0,,,,,,,,,,,,,,,,,,,,,,78.83186367000464,77.39949814421804,78.21977474093329,"rgba(239, 83, 80, 1.0)",0.0,0.0,1.7639362539816048,78.20259090069256,1.1663738384328852,0.0,0.0,0.0,0.0,0.0,0.0,0.0,0.0,52.83708640556793,9.219849602807741,False,True,False,False,False,6.721224593677956,0,1.0323489696471555,0.8923853695767041,False,False,False,False,0.13675416868774493,0.21294132542036148,False,False,False,False,-249683.0,-250751.98521041605,False,False,False,False,9935.674686548231,False,False,False,False
2025-07-25 15:00:00+00:00,80.26,80.99,80.26,80.98,11079.0,,,,,,,,,,,,,,,,,,,,,,78.85287718911779,77.42585029201247,78.22534728477112,"rgba(239, 83, 80, 1.0)",0.0,0.0,1.7598777522047475,78.22895559638879,1.5632019895499853,0.0,0.0,0.0,0.0,0.0,0.0,0.0,0.0,49.618150112897595,6.652007184764557,False,True,False,True,False,9.224563181126179,0,1.0446055035059807,0.8842142478345414,False,False,False,False,0.18491202625766928,0.19892667583901538,False,False,False,False,-238604.0,-250563.64435444062,False,False,False,False,9953.400660400197,False,False,False,False
2025-07-25 16:00:00+00:00,80.93,81.4,80.6,81.37,11361.0,,,,,,,,,,,,,,,,,,,,,,78.87818718035012,77.45549162538751,78.23189470291307,"rgba(239, 83, 80, 1.0)",0.0,0.0,1.7580462384644746,78.25698858527588,1.770722149744546,0.0,0.0,0.0,0.0,0.0,0.0,0.0,0.0,49.130636019237826,6.348590297357468,False,True,False,True,False,10.531007157786679,0,1.048455303653236,0.8758956889463174,False,False,False,False,0.20755462550611734,0.20324065067256636,False,False,False,False,-227243.0,-250202.0839768524,False,False,False,False,9975.223905975388,False,False,False,False
2025-07-25 17:00:00+00:00,81.375,81.725,81.37,81.72,9076.0,,,,,,,,,,,,,,,,,,,,,,78.90225638033178,77.48189707995387,78.23797183203627,"rgba(239, 83, 80, 1.0)",0.0,0.0,1.7488685093698582,78.28490394394152,1.9641820054820456,0.0,0.0,0.0,0.0,0.0,0.0,0.0,0.0,50.20930825332883,6.348590297357468,False,True,False,False,False,11.68267429685341,0,1.06138648791674,0.8694067148821074,False,False,False,False,0.24100064017452807,0.2221206454235472,False,False,False,False,-218167.0,-249705.41600821904,False,False,False,False,9961.282450068793,False,False,False,False
2025-07-25 18:00:00+00:00,81.72,82.18,81.61,82.17,10645.0,,,,,,,,,,,,,,,,,,,,,,78.93386143919192,77.515269784302,78.24587649018846,"rgba(239, 83, 80, 1.0)",0.0,0.0,1.7528179576884915,78.32147968310731,2.1956189460586546,0.0,0.0,0.0,0.0,0.0,0.0,0.0,0.0,52.59771749307629,6.348590297357468,False,True,True,False,True,13.132634577525831,0,1.0632777647335052,0.8648156844329654,False,False,False,False,0.2625021418761222,0.2423113936498347,False,False,False,False,-207522.0,-249051.4095584792,False,False,False,False,9971.882722160748,False,False,False,False
2025-07-25 19:00:00+00:00,82.17,82.48,82.155,82.22,27721.0,,,,,,,,,,,,,,,,,,,,,,79.02095847267914,77.60554679182296,78.26793494552399,"rgba(239, 83, 80, 1.0)",0.0,0.0,1.7534640104771104,78.41514031025746,2.1699103414773,0.0,0.0,0.0,0.0,0.0,0.0,0.0,0.0,54.374292622272456,6.348590297357468,False,True,True,False,True,13.292848574628625,0,1.0686798660478232,0.8619352564479172,False,False,False,False,0.2889699020654365,0.2656406478576356,False,False,False,False,-179801.0,-247977.7597978826,False,False,False,False,10247.062834995464,False,False,False,False
2025-07-28 14:00:00+00:00,80.8,80.8,80.095,80.415,8990.0,,,,,,,,,,,,,,,,,,,,,,79.0327913487377,77.6228184804865,78.27176915736055,"rgba(239, 83, 80, 1.0)",0.0,0.0,1.7341991946859123,78.41571075371169,1.1528602091470885,0.0,0.0,0.0,0.0,0.0,0.0,0.0,0.0,48.89636878886944,5.970853060806036,False,True,False,False,False,5.603753584804611,0,1.061351460337577,0.8651420012673541,False,False,False,False,0.17426090878124842,0.219950778319442,False,False,False,False,-188791.0,-247060.13561496968,False,False,False,False,10227.573488716465,False,False,False,False
2025-07-28 15:00:00+00:00,80.415,80.48,80.04,80.27,5115.0,,,,,,,,,,,,,,,,,,,,,,79.03861557891086,77.63195217012111,78.27377046514704,"rgba(239, 83, 80, 1.0)",0.0,0.0,1.7118205892359557,78.41516119124546,1.0835474350629317,0.0,0.0,0.0,0.0,0.0,0.0,0.0,0.0,44.861989913733865,2.164714731127688,False,True,False,True,False,5.032432261355233,0,1.058185176633572,0.8732971600092357,False,False,False,False,0.16305203424841366,0.1915014062839278,False,False,False,False,-193906.0,-246236.0404891562,False,False,False,False,10148.308783465047,False,False,False,False
2025-07-28 16:00:00+00:00,80.255,80.29,79.92,79.92,2704.0,,,,,,,,,,,,,,,,,,,,,,79.04112320011075,77.636353572998,78.27471000666762,"rgba(239, 83, 80, 1.0)",0.0,0.0,1.6869347648629722,78.41411025783744,0.8926781127098816,0.0,0.0,0.0,0.0,0.0,0.0,0.0,0.0,41.241734699425166,-1.2395500053532729,False,True,False,True,False,3.659185515780589,0,1.0532962576758196,0.8795041130807553,False,False,False,False,0.153816716115078,0.17265906119950292,False,False,False,False,-196610.0,-245466.64451258015,False,False,False,False,10032.893143411324,False,False,False,False
2025-07-28 17:00:00+00:00,79.92,80.03,79.44,79.67,3764.0,,,,,,,,,,,,,,,,,,,,,,79.04345053889445,77.64161736113216,78.27577248270816,"rgba(239, 83, 80, 1.0)",0.0,0.0,1.6855236093986417,78.41096854790227,0.7469675565962113,0.0,0.0,0.0,0.0,0.0,0.0,0.0,0.0,38.17684269117225,-4.16046751878001,False,True,False,True,False,2.6876019342186623,0,1.0494718004964498,0.8766957224499221,False,False,False,False,0.13187296155043277,0.15226601137496784,False,False,False,False,-200374.0,-244767.53374494324,False,False,False,False,9935.701001653008,False,False,False,False
2025-07-28 18:00:00+00:00,79.68,79.725,79.305,79.42,4960.0,,,,,,,,,,,,,,,,,,,,,,79.04544831447708,77.64774753633012,78.27694654376228,"rgba(239, 83, 80, 1.0)",0.0,0.0,1.6834007434551783,78.40554409974095,0.6026229370535274,0.0,0.0,0.0,0.0,0.0,0.0,0.0,0.0,35.48483293999444,-6.79764020975319,False,True,False,True,False,1.72062354056278,0,1.0450367115684802,0.8860496039775684,False,False,False,False,0.11888625573178127,0.13557613355337456,False,False,False,False,-205334.0,-244156.1611287426,False,False,False,False,9858.55835046459,False,False,False,False
2025-07-28 19:00:00+00:00,79.415,79.425,78.98,79.14,12253.0,,,,,,,,,,,,,,,,,,,,,,79.04695964934679,77.66025752769333,78.27911432180542,"rgba(239, 83, 80, 1.0)",0.0,0.0,1.6834205766356256,78.3888648571135,0.4461957714617381,0.0,0.0,0.0,0.0,0.0,0.0,0.0,0.0,32.97695465034059,-9.328336025920791,False,True,False,True,False,0.6445678524754825,0,1.0446630026034134,0.8860283482788545,False,False,False,False,0.1005065503989729,0.11804134197617372,False,False,False,False,-217587.0,-243744.2361500024,False,False,False,False,9895.681476813974,False,False,False,False
2025-07-29 14:00:00+00:00,79.28,79.4,78.7,78.88,4820.0,,,,,,,,,,,,,,,,,,,,,,79.04672661694299,77.66452060228004,78.27978687621106,"rgba(239, 83, 80, 1.0)",0.0,0.0,1.6854777840015416,78.38181172877249,0.2955768838701285,0.0,0.0,0.0,0.0,0.0,0.0,0.0,0.0,30.660788679715658,-11.73527698940157,False,True,False,True,False,0.0,0,1.0488186240444752,0.8820940467917534,False,False,False,False,0.09156252462074205,0.10480193329845788,False,False,False,False,-222407.0,-243413.42628721165,False,False,False,False,9816.988740739338,False,False,False,False
2025-07-29 15:00:00+00:00,78.855,79.22,78.79,78.93,3825.0,,,,,,,,,,,,,,,,,,,,,,79.04649730493496,77.66785053756112,78.28030973720838,"rgba(239, 83, 80, 1.0)",0.0,0.0,1.6867786132425555,78.37644121921079,0.3281751241350464,0.0,0.0,0.0,0.0,0.0,0.0,0.0,0.0,29.479976912308977,-13.160260948730638,False,True,False,True,False,0.0,0,1.0522046468509185,0.8782084709426966,False,False,False,False,0.08892615640500728,0.09686404485173258,False,False,False,False,-218582.0,-243028.44293392153,False,False,False,False,9724.089690495317,False,False,False,False
2025-07-29 16:00:00+00:00,78.8,78.98,78.64,78.905,5173.0,,,,,,,,,,,,,,,,,,,,,,79.04554971628382,77.67185531708334,78.28087606485902,"rgba(239, 83, 80, 1.0)",0.0,0.0,1.6885433591347503,78.36860273957193,0.31766863286409025,0.0,0.0,0.0,0.0,0.0,0.0,0.0,0.0,28.61846703771769,-14.38628052425154,False,True,False,True,False,0.0,0,1.069634433962264,0.8762382075471696,False,False,False,False,0.07751565448706645,0.08718984966939952,False,False,False,False,-223755.0,-242729.62986517855,False,False,False,False,9653.530160410119,False,False,False,False
2025-07-29 17:00:00+00:00,78.925,79.22,78.915,79.125,3581.0,,,,,,,,,,,,,,,,,,,,,,79.04568097225588,77.6751889242077,78.28143841851494,"rgba(239, 83, 80, 1.0)",0.0,0.0,1.6860890644730846,78.36460151142721,0.450983583604713,0.0,0.0,0.0,0.0,0.0,0.0,0.0,0.0,29.877878460146412,-14.38628052425154,False,True,False,True,False,0.6215860539121536,0,1.0698239582715903,0.8695394463872916,False,False,False,False,0.0925881198011549,0.0898889847352772,False,False,False,False,-220174.0,-242379.9301773463,False,False,False,False,9559.382405985156,False,False,False,False
2025-07-29 18:00:00+00:00,79.12,79.43,79.115,79.405,5544.0,,,,,,,,,,,,,,,,,,,,,,79.04701364149781,77.68115499536391,78.28255572767145,"rgba(239, 83, 80, 1.0)",0.0,0.0,1.683760626350798,78.3604088642849,0.620391710892438,0.0,0.0,0.0,0.0,0.0,0.0,0.0,0.0,32.90933795270432,-14.38628052425154,False,True,False,True,True,1.7263025808805423,0,1.0716569939594929,0.8614828852303682,False,False,False,False,0.10461729176195309,0.09725313824861515,False,False,False,False,-214630.0,-241949.6987017285,False,False,False,False,9497.12841519469,False,False,False,False
2025-07-29 19:00:00+00:00,79.435,79.57,79.24,79.52,8710.0,,,,,,,,,,,,,,,,,,,,,,79.05005224480573,77.69116018637243,78.28452065013282,"rgba(239, 83, 80, 1.0)",0.0,0.0,1.6829816553529735,78.35587080320263,0.6917064087387259,0.0,0.0,0.0,0.0,0.0,0.0,0.0,0.0,35.805235442481916,-20.493796095143924,False,True,False,True,True,2.179587018593242,0,1.0746003552397867,0.8592066311426879,False,False,False,False,0.10789653821950188,0.10257483823405851,False,False,False,False,-205920.0,-241391.09872185675,False,False,False,False,9484.92487387384,False,False,False,False
2025-07-30 14:00:00+00:00,79.58,80.15,79.22,79.89,4361.0,,,,,,,,,,,,,,,,,,,,,,79.05274168099652,77.69700587571768,78.28576448524528,"rgba(239, 83, 80, 1.0)",0.0,0.0,1.6828404585733576,78.35554224856602,0.9118260400839339,0.0,0.0,0.0,0.0,0.0,0.0,0.0,0.0,40.35823178302837,-16.080068693584074,False,True,False,True,True,3.629098607979298,0,1.072864469728232,0.8571597005246712,False,False,False,False,0.11536237273750594,0.10896860548578222,False,False,False,False,-201559.0,-240773.54680368843,False,False,False,False,9405.484178154866,False,False,False,False
2025-07-30 15:00:00+00:00,79.955,79.995,79.57,79.72,6582.0,,,,,,,,,,,,,,,,,,,,,,79.05680990601637,77.70580170881975,78.28764844249085,"rgba(239, 83, 80, 1.0)",0.0,0.0,1.6828548325359995,78.35531749506178,0.8109329922900659,0.0,0.0,0.0,0.0,0.0,0.0,0.0,0.0,42.32026104221349,-14.145842462204406,False,True,False,True,True,2.9020912731692015,0,1.0703005303476723,0.863641720683559,False,False,False,False,0.10141511600884144,0.10519186074731182,False,False,False,False,-208141.0,-240267.6158454917,False,False,False,False,9361.70922965634,False,False,False,False
2025-07-30 16:00:00+00:00,79.715,80.07,79.695,79.895,6206.0,,,,,,,,,,,,,,,,,,,,,,79.06127590050343,77.7145267995092,78.28957064168179,"rgba(239, 83, 80, 1.0)",0.0,0.0,1.6830952690466046,78.35625295094368,0.9142364531319375,0.0,0.0,0.0,0.0,0.0,0.0,0.0,0.0,44.88440313784037,-11.597264373758975,False,True,False,True,True,3.5955867010699905,0,1.069880239520958,0.8795808383233533,False,False,False,False,0.07570047616048288,0.09044616845389736,False,False,False,False,-201935.0,-239673.31172385617,False,False,False,False,9312.783505165546,False,False,False,False
2025-07-30 17:00:00+00:00,79.89,79.96,79.605,79.74,5184.0,,,,,,,,,,,,,,,,,,,,,,79.06444018124427,77.72136756930873,78.29105405032692,"rgba(239, 83, 80, 1.0)",0.0,0.0,1.6784594046253676,78.35641450901001,0.824318709870021,0.0,0.0,0.0,0.0,0.0,0.0,0.0,0.0,45.505375978585654,-10.789083081220383,False,True,False,True,True,2.9182142976979186,0,1.0546484708175947,0.8949067868892407,False,False,False,False,0.0678910445194392,0.07916860648666828,False,False,False,False,-207119.0,-239168.5937126336,False,False,False,False,9248.771357798638,False,False,False,False
2025-07-30 18:00:00+00:00,79.715,80.09,78.77,78.795,6647.0,,,,,,,,,,,,,,,,,,,,,,79.06531822330565,77.72773357725956,78.29224522462562,"rgba(239, 83, 80, 1.0)",0.0,0.0,1.677872964406738,78.35247089998046,0.26374410304418416,0.0,0.0,0.0,0.0,0.0,0.0,0.0,0.0,41.09960322880547,-10.789083081220383,False,True,False,True,False,0.0,0,1.0317122162030554,0.8995678373607643,False,False,False,False,0.040422232754637986,0.05979541962065313,False,False,False,False,-213766.0,-238774.75505042222,False,False,False,False,9208.433817367651,False,False,False,False
2025-07-30 19:00:00+00:00,78.81,78.81,77.475,78.155,11539.0,,,,,,,,,,,,,,,,,,,,,,79.05630855153504,77.73080364605165,78.29192130500041,"rgba(239, 83, 80, 1.0)",0.0,0.0,1.681392998206186,78.33211057632889,-0.10533562142689921,0.0,0.0,0.0,0.0,0.0,0.0,0.0,0.0,36.109789826027495,-7.238171330780027,False,True,False,True,False,0.0,0,1.018010963194988,0.9045238238660319,False,False,False,False,-0.059700021324714074,4.769914796952726e-05,False,False,False,False,-225305.0,-238565.92163878775,False,False,False,False,9244.566626400712,False,False,False,False
2025-07-31 14:00:00+00:00,77.63,78.01,77.43,77.51,4820.0,,,,,,,,,,,,,,,,,,,,,,79.0505707954077,77.73055705014563,78.29132523530554,"rgba(239, 83, 80, 1.0)",0.0,0.0,1.6963617453755406,78.32133829038123,-0.4782814117289678,0.0,0.0,0.0,0.0,0.0,0.0,0.0,0.0,31.23469278527709,-11.707139882016122,False,True,False,True,False,0.0,0,1.0160816081608162,0.9114911491149114,False,False,False,False,-0.09271917470166592,-0.0463357377768482,False,False,False,False,-230125.0,-238435.054636636,False,False,False,False,9175.968694208452,False,False,False,False
2025-07-31 15:00:00+00:00,77.51,77.51,76.97,77.24,3812.0,,,,,,,,,,,,,,,,,,,,,,79.0447473002014,77.72937590480619,78.29055372918685,"rgba(239, 83, 80, 1.0)",0.0,0.0,1.715732047687473,78.31127103230546,-0.6243813151064932,0.0,0.0,0.0,0.0,0.0,0.0,0.0,0.0,27.431346009021507,-15.152556440665258,False,True,False,True,False,0.0,0,1.013435700575816,0.9158469289827255,False,False,False,False,-0.14527575974327056,-0.09580574876005937,False,False,False,False,-233937.0,-238365.31735544783,False,False,False,False,9092.806388871886,False,False,False,False
2025-07-31 16:00:00+00:00,77.31,77.89,77.22,77.84,8619.0,,,,,,,,,,,,,,,,,,,,,,79.03467750041882,77.72894612242129,78.28949266454764,"rgba(239, 83, 80, 1.0)",0.0,0.0,1.724015183040377,78.29319654661651,-0.26287271195447265,0.0,0.0,0.0,0.0,0.0,0.0,0.0,0.0,29.22200695523491,-15.152556440665258,False,True,False,True,False,0.0,0,1.0156146379694941,0.9239766081871345,False,False,False,False,-0.11958317274445496,-0.10769446075225717,False,False,False,False,-225318.0,-238163.03336544088,False,False,False,False,9085.460553385501,False,False,False,False
2025-07-31 17:00:00+00:00,77.88,77.88,76.82,76.99,5069.0,,,,,,,,,,,,,,,,,,,,,,79.02704705017811,77.72736233013966,78.28846150289193,"rgba(239, 83, 80, 1.0)",0.0,0.0,1.7382323966798177,78.2806345285415,-0.742498259154951,0.0,0.0,0.0,0.0,0.0,0.0,0.0,0.0,28.173304865773098,-15.152556440665258,False,True,False,True,False,0.0,0,1.0042150900222797,0.9344252423676763,False,False,False,False,-0.13628379193853896,-0.12198912634539806,False,False,False,False,-230387.0,-238042.47470861234,False,False,False,False,9023.189847131463,False,False,False,False
2025-07-31 18:00:00+00:00,76.86,77.11,76.41,76.82,16085.0,,,,,,,,,,,,,,,,,,,,,,78.99729798000581,77.71791504880703,78.28381717775055,"rgba(239, 83, 80, 1.0)",0.0,0.0,1.7558523943182223,78.23517412323788,-0.8059755636733837,0.0,0.0,0.0,0.0,0.0,0.0,0.0,0.0,27.09078053447469,-15.7742760317972,False,True,False,True,False,0.0,0,1.0007833212822366,0.9397445167510242,False,False,False,False,-0.1848078631829033,-0.15339849476415068,False,False,False,False,-246472.0,-238173.1650232075,False,False,False,False,9132.675275858108,False,False,False,False
2025-07-31 19:00:00+00:00,76.73,76.89,76.23,76.4,15733.0,,,,,,,,,,,,,,,,,,,,,,78.96545795695141,77.70621469871806,78.27848140686447,"rgba(239, 83, 80, 1.0)",0.0,0.0,1.7754704997543338,78.18945789763153,-1.0078781358964417,0.0,0.0,0.0,0.0,0.0,0.0,0.0,0.0,25.461740092121904,-17.697187110957834,False,True,False,True,False,0.0,0,0.9981399255970239,0.9377775111004439,False,False,False,False,-0.20144266319707543,-0.17742057898061306,False,False,False,False,-262205.0,-238545.75161199496,False,False,False,False,9235.005891736277,False,False,False,False
2025-08-01 14:00:00+00:00,75.79,75.955,74.795,74.93,6079.0,,,,,,,,,,,,,,,,,,,,75.22666666666667,,78.94708090563076,77.69699448820457,78.27494511421392,"rgba(239, 83, 80, 1.0)",0.0,0.0,1.8399171348366443,78.16781907477855,-1.7597635314516542,0.0,0.0,0.0,0.0,0.0,0.0,0.0,0.0,22.150157532237998,-21.13933153428718,False,True,False,True,False,0.0,0,0.9804467618652606,0.949161580849677,False,False,False,False,-0.3026480446187594,-0.2400343117996862,False,False,False,False,-268284.0,-239006.80972653767,False,False,False,False,9186.075567833388,False,False,False,False
2025-08-01 15:00:00+00:00,75.08,75.99,74.915,75.81,9817.0,,,,,,,,,,,,,,,,,,,,75.43973064502602,,78.92049908830779,77.6843080199974,78.26989599600512,"rgba(239, 83, 80, 1.0)",0.0,0.0,1.8769947899351975,78.14298927624233,-1.242938599911018,0.0,0.0,0.0,0.0,0.0,0.0,0.0,0.0,24.684417975838382,-21.13933153428718,False,True,False,True,False,0.0,0,0.9806535330895366,0.9519287483779638,False,False,False,False,-0.2958636811532741,-0.2679489964764802,False,False,False,False,-258467.0,-239308.5181028704,False,False,False,False,9195.857341975507,False,False,False,False
2025-08-01 16:00:00+00:00,75.81,76.65,75.81,76.27,6106.0,,,,,,,,,,,,,,,,,,,,75.66274664424448,,78.90744974078429,77.67897786622405,78.26754442246339,"rgba(239, 83, 80, 1.0)",0.0,0.0,1.8976640500492408,78.13674710201919,-0.9837078918003169,0.0,0.0,0.0,0.0,0.0,0.0,0.0,0.0,28.483942544091974,-21.13933153428718,False,True,False,True,True,0.0,0,0.9872916420380661,0.9518264570280174,False,False,False,False,-0.22913720086671457,-0.24854309867159738,False,False,False,False,-252361.0,-239510.882163291,False,False,False,False,9147.952576983638,False,False,False,False
2025-08-01 17:00:00+00:00,76.29,76.52,75.98,75.98,7157.0,,,,,,,,,,,,,,,,,,,,75.78479617499458,,78.89184188252638,77.67242048917582,78.264681832148,"rgba(239, 83, 80, 1.0)",0.0,0.0,1.93456265281332,78.12240265006712,-1.1074351336988453,0.0,0.0,0.0,0.0,0.0,0.0,0.0,0.0,30.294441919208676,-26.317926093295657,False,True,False,True,True,0.0,0,0.9844910956480718,0.9502889491685339,False,False,False,False,-0.2274492843416337,-0.23799619150661555,False,False,False,False,-259518.0,-239821.07003672834,False,False,False,False,9117.08509516994,False,False,False,False
2025-08-01 18:00:00+00:00,75.98,76.545,75.965,76.25,9437.0,,,,,,,,,,,,,,,,,,,,75.89935688499672,,78.87222481905138,77.66438845352467,78.26108603141749,"rgba(239, 83, 80, 1.0)",0.0,0.0,1.9613311277791046,78.10283257067968,-0.9446811629292392,0.0,0.0,0.0,0.0,0.0,0.0,0.0,0.0,32.80539906531164,-23.760297260648485,False,True,False,True,True,0.0,0,0.983482774893818,0.9539877300613495,False,False,False,False,-0.22702750457590185,-0.23251184804125868,False,False,False,False,-250081.0,-239980.13871832946,False,False,False,False,9122.045016175056,False,False,False,False
2025-08-01 19:00:00+00:00,76.25,76.395,75.99,75.99,13485.0,,,,,,,,,,,,,,,,,,,,75.95778121259833,,78.84334482930662,77.65203798610067,78.25564306084462,"rgba(239, 83, 80, 1.0)",0.0,0.0,1.995322248128444,78.069468949114,-1.0421719855349105,0.0,0.0,0.0,0.0,0.0,0.0,0.0,0.0,33.71950409020697,-22.645105005815992,False,True,False,True,True,0.0,0,0.9784535900898256,0.954206540245406,False,False,False,False,-0.23230551454260812,-0.2324086812919334,False,False,False,False,-263566.0,-240345.81098626234,False,False,False,False,9189.687729102574,False,False,False,False
2025-08-04 14:00:00+00:00,75.69,76.34,75.67,76.245,8660.0,,,,,,,,,,,,,,,,,,,,75.97591912107693,,78.82484804418054,77.64400550412884,78.25209686667256,"rgba(239, 83, 80, 1.0)",0.0,0.0,2.0207687481094454,78.04764278720944,-0.8920579303771994,0.0,0.0,0.0,0.0,0.0,0.0,0.0,0.0,35.668373273577885,-20.50784254978146,False,True,False,True,True,0.0,0,0.9748936913846333,0.9552047533057609,False,False,False,False,-0.24821739776667806,-0.24031303952930572,False,False,False,False,-254906.0,-240571.5503508164,False,False,False,False,9181.47551624827,False,False,False,False
2025-08-04 15:00:00+00:00,76.245,76.83,76.245,76.8,4442.0,,,,,,,,,,,,,,,,,,,,76.02015177781529,,78.81730737651152,77.64133331581952,78.25073453018084,"rgba(239, 83, 80, 1.0)",0.0,0.0,2.0392530384818475,78.04064099710293,-0.6083801145278875,0.0,0.0,0.0,0.0,0.0,0.0,0.0,0.0,39.63557541844789,-16.56974029195937,False,False,False,True,True,0.0,0,0.9817171950937283,0.9498380004628558,False,False,False,False,-0.20332081561104043,-0.22181692757017307,False,False,False,False,-250464.0,-240724.92166320683,False,False,False,False,9107.995275686282,False,False,False,False
2025-08-04 16:00:00+00:00,76.805,77.05,76.66,76.81,5110.0,,,,,,,,,,,,,,,,,,,,76.07975123174903,,78.80954089225045,77.63892320002638,78.2493770280639,"rgba(239, 83, 80, 1.0)",0.0,0.0,2.0558808155947235,78.03419010939916,-0.5954577230903473,0.0,0.0,0.0,0.0,0.0,0.0,0.0,0.0,42.327169036092535,-13.917717335373567,False,False,False,True,True,0.0,0,0.98657988710978,0.9475290865107706,False,False,False,False,-0.17694216222132164,-0.19937954489574736,False,False,False,False,-245354.0,-240796.6903195912,False,False,False,False,9046.010852807423,False,False,False,False
2025-08-04 17:00:00+00:00,76.83,76.915,76.52,76.54,10037.0,,,,,,,,,,,,,,,,,,,,76.15204338354289,,78.79307148699571,77.63316433281375,78.24637551473091,"rgba(239, 83, 80, 1.0)",0.0,0.0,2.0796242254122324,78.01812605495283,-0.7107659340041701,0.0,0.0,0.0,0.0,0.0,0.0,0.0,0.0,42.925470218086915,-13.154776039797639,True,False,False,True,True,0.0,0,0.9850352617395791,0.9493148328650879,False,False,False,False,-0.1883340068005458,-0.1938567758481466,False,False,False,False,-255391.0,-241022.9586867293,False,False,False,False,9061.375025632115,False,False,False,False
2025-08-04 18:00:00+00:00,76.57,77.345,76.57,77.29,7515.0,,,,,,,,,,,,,,,,,,,,76.23043053104902,,78.78324130674618,77.63069153981921,78.24471389717807,"rgba(239, 83, 80, 1.0)",0.0,0.0,2.093042782671346,78.01045757564069,-0.3442154081156245,0.0,0.0,0.0,0.0,0.0,0.0,0.0,0.0,46.868923543694876,-9.257088523742901,True,False,False,False,True,0.0,0,0.9853993864333599,0.9445517554823317,False,False,False,False,-0.16847968995896453,-0.18116823290355555,False,False,False,False,-247876.0,-241129.20738926064,False,False,False,False,9037.400219033167,False,False,False,False
2025-08-04 19:00:00+00:00,77.285,77.555,77.115,77.14,19510.0,,,,,,,,,,,,,,,,,,,,76.41935513017559,,78.76117672439779,77.62663808587926,78.2411576800975,"rgba(239, 83, 80, 1.0)",0.0,0.0,2.1067176916793953,77.99452423739747,-0.4056187693170583,0.0,0.0,0.0,0.0,0.0,0.0,0.0,0.0,48.748465190389624,-7.349750677134182,True,False,False,False,True,0.0,0,0.9916336913510458,0.9424533634821933,False,False,False,False,-0.13750864860549689,-0.15933844075452622,False,False,False,False,-267386.0,-241536.28944524107,False,False,False,False,9199.76610711017,False,False,False,False
2025-08-05 14:00:00+00:00,77.87,77.87,77.215,77.215,2906.0,,,,,,,,,,,,,,,,,,,,76.44607918182012,,78.75829912370452,77.62631505517511,78.2407189166539,"rgba(239, 83, 80, 1.0)",0.0,0.0,2.118697993861259,77.9926260543413,-0.36703015559291624,0.0,0.0,0.0,0.0,0.0,0.0,0.0,0.0,50.358872502674416,-5.63866589343197,True,False,False,False,True,0.0,0,0.9919825072886299,0.9385512446736937,False,False,False,False,-0.1205995121001307,-0.13996897642732847,False,False,False,False,-264480.0,-241892.0058879505,False,False,False,False,9102.188338007687,False,False,False,False
2025-08-05 15:00:00+00:00,77.215,77.695,77.01,77.27,2368.0,,,,,,,,,,,,,,,,,,,,76.46455829907633,,78.75577250128289,77.62590530683049,78.24031380979048,"rgba(239, 83, 80, 1.0)",0.0,0.0,2.1313269393795657,77.99071824233195,-0.33815470963913113,0.0,0.0,0.0,0.0,0.0,0.0,0.0,0.0,51.715390492195546,-4.113464585311554,True,False,True,False,True,0.0,0,0.9897624214098928,0.9409670060646527,False,False,False,False,-0.1360796887646568,-0.13802433259599262,False,False,False,False,-262112.0,-242205.49416875746,False,False,False,False,8997.782317263382,False,False,False,False
2025-08-05 16:00:00+00:00,77.275,77.74,77.275,77.555,4796.0,,,,,,,,,,,,,,,,,,,,76.5078019445036,,78.75138801523909,77.6256235800848,78.23967197497551,"rgba(239, 83, 80, 1.0)",0.0,0.0,2.140129759474864,77.98801985346223,-0.2023334573733882,0.0,0.0,0.0,0.0,0.0,0.0,0.0,0.0,54.08288458552161,-1.6416083743142664,True,False,True,False,True,0.0,0,1.007875787578758,0.9408190819081909,False,False,False,False,-0.12344658868487836,-0.13073546064043548,False,False,False,False,-257316.0,-242439.76557699378,False,False,False,False,8932.638405367825,False,False,False,False
2025-08-05 17:00:00+00:00,77.555,78.26,77.555,77.885,9247.0,,,,,,,,,,,,,,,,,,,,76.60943178708267,,78.74558793952077,77.62706893339943,78.23908671557271,"rgba(38, 166, 154, 1.0)",0.0,0.0,2.143498260506723,77.98687068192898,-0.04752543251651141,0.0,0.0,0.0,0.0,0.0,0.0,0.0,0.0,57.19156551763737,1.4519759382929394,True,False,True,False,True,0.0,0,1.0139856212087173,0.922096158166704,False,False,False,False,-0.09101551912691944,-0.11087548988367746,False,False,False,False,-248069.0,-242527.04052928844,False,False,False,False,8937.512228540416,False,False,False,False
2025-08-05 18:00:00+00:00,77.92,78.41,77.78,78.195,15241.0,,,,,,,,,,,,,,,,,,,,76.77255693041982,,78.73873410194763,77.63138364985893,78.23877307900915,"rgba(38, 166, 154, 1.0)",0.0,0.0,2.1438149501631654,77.98806983403462,0.096524266681518,0.0,0.0,0.0,0.0,0.0,0.0,0.0,0.0,60.54956527975142,4.694097470883875,True,False,True,False,True,0.0,0,1.0230253898553172,0.9167933344592691,False,False,False,False,-0.07588302402888873,-0.0933792569562831,False,False,False,False,-232828.0,-242376.6678079041,False,False,False,False,9035.240721121183,False,False,False,False
2025-08-05 19:00:00+00:00,78.22,78.52,78.12,78.15,13601.0,,,,,,,,,,,,,,,,,,,,76.90293779552538,,78.7340696082314,77.63620093126904,78.23883498943529,"rgba(38, 166, 154, 1.0)",0.0,0.0,2.1430311907873016,78.12150990432652,0.013294298186590333,0.0,0.0,0.0,0.0,0.0,0.0,0.0,0.0,62.40883209014123,6.527494245694626,True,False,True,False,True,0.0,0,1.026946107784431,0.9137950514066207,False,False,False,False,-0.057769099340697946,-0.07557417814849052,False,False,False,False,-246429.0,-242439.49466359548,False,False,False,False,9106.027686685195,False,False,False,False
2025-08-06 14:00:00+00:00,76.95,77.025,76.48,76.785,7181.0,,,,,,,,,,,,,,,,,,,76.76333333333334,76.8967759611543,,78.72391312767543,77.63270198255049,78.23687385618369,"rgba(38, 166, 154, 1.0)",0.0,0.0,2.1582311471867994,78.08427471806598,-0.6020090664336671,0.0,0.0,0.0,0.0,0.0,0.0,0.0,0.0,55.579553010719444,11.925122072100969,True,False,True,False,False,0.0,0,1.0222507966679713,0.9172583440487504,False,False,False,False,-0.1954709766762243,-0.1355225774123574,False,False,False,False,-253610.0,-242612.68079284206,False,False,False,False,9076.182296193952,False,False,False,False
2025-08-06 15:00:00+00:00,76.76,76.87,76.12,76.13,6405.0,,,,,,,,,,,,,,,,,,,76.57947126944404,76.87694952690715,,78.7131575887379,77.62821529023888,78.23466724457232,"rgba(239, 83, 80, 1.0)",0.0,0.0,2.18369298736467,78.05554194374521,-0.8817823544274891,0.0,0.0,0.0,0.0,0.0,0.0,0.0,0.0,48.72099165619501,5.795702069412066,True,False,False,True,False,0.0,0,1.0152807986169206,0.9196921532541408,False,False,False,False,-0.23949390957605712,-0.18750824349420725,False,False,False,False,-260015.0,-242882.48419140265,False,False,False,False,9034.768617183194,False,False,False,False
2025-08-06 16:00:00+00:00,76.13,76.42,75.76,75.88,13005.0,,,,,,,,,,,,,,,,,,,76.30584771789955,76.81575061091128,,78.68836659725326,77.6166653817997,78.22935541824751,"rgba(239, 83, 80, 1.0)",0.0,0.0,2.2137022676349942,78.00335510786987,-0.9591873030596626,0.0,0.0,0.0,0.0,0.0,0.0,0.0,0.0,43.376628401696536,1.1694371890094928,True,False,False,True,False,0.0,0,1.0111782306780333,0.9377858070343814,False,False,False,False,-0.2761778945694931,-0.23184306903185017,False,False,False,False,-273020.0,-243349.73249851266,False,False,False,False,9096.322592110586,False,False,False,False
2025-08-06 17:00:00+00:00,75.82,75.96,75.575,75.63,7347.0,,,,,,,,,,,,,,,,,,,76.17938245231501,76.77332173848784,,78.6730185613286,77.60900792646821,78.22596213092338,"rgba(239, 83, 80, 1.0)",0.0,0.0,2.2496001686792075,77.9753787617496,-1.042575829431337,0.0,0.0,0.0,0.0,0.0,0.0,0.0,0.0,39.05887927635181,-2.5686664158718955,False,False,False,True,False,0.0,0,0.9913611821540211,0.9515771526001705,False,False,False,False,-0.30591226732550564,-0.2688776681786779,False,False,False,False,-280367.0,-243923.6436225667,False,False,False,False,9069.201311612745,False,False,False,False
2025-08-06 18:00:00+00:00,75.565,75.76,74.605,74.685,16123.0,,,,,,,,,,,,,,,,,,,75.80490997649535,76.63554939397623,,78.63197356981756,77.58622186222885,78.21646035478147,"rgba(239, 83, 80, 1.0)",0.0,0.0,2.3066118243238782,77.90315009478486,-1.3951849465300368,0.0,0.0,0.0,0.0,0.0,0.0,0.0,0.0,33.872655009024776,-7.200193295680748,False,True,False,True,False,0.0,0,0.977306168647425,0.9549518958687039,False,False,False,False,-0.34282825441539394,-0.30585296129703593,False,False,False,False,-296490.0,-244738.62589198427,False,False,False,False,9178.56253158774,False,False,False,False
2025-08-06 19:00:00+00:00,74.685,74.685,73.705,73.82,29045.0,,,,,,,,,,,,,,,,,,,75.16791075687473,76.31794483277923,,78.54154711151541,77.53141234082779,78.19446211469183,"rgba(239, 83, 80, 1.0)",0.0,0.0,2.383959483678879,77.75839598631123,-1.6520398158082705,0.0,0.0,0.0,0.0,0.0,0.0,0.0,0.0,28.92803000153883,-11.652435542218235,False,True,False,True,False,0.0,0,0.9701568317725375,0.9633871149723569,False,False,False,False,-0.34282825441539394,-0.32434060785621494,False,False,False,False,-325535.0,-245991.28285489924,False,False,False,False,9486.569314043743,False,False,False,False
2025-08-07 14:00:00+00:00,74.34,74.45,73.53,73.93,2037.0,,,,,,,,,,,,,,,,,,,75.13783861002591,76.29773514692853,,78.53520078681844,77.52752325850479,78.1928908840927,"rgba(239, 83, 80, 1.0)",0.0,0.0,2.454566094387027,77.6533515925979,-1.5169082637914126,0.0,0.0,0.0,0.0,0.0,0.0,0.0,0.0,26.345203431451164,-14.038635866539842,False,True,False,True,False,0.0,0,0.9663028802880289,0.967765526552655,False,False,False,False,-0.34282825441539394,-0.33358443113580444,False,False,False,False,-323498.0,-247192.93738428067,False,False,False,False,9371.072115376399,False,False,False,False
2025-08-07 15:00:00+00:00,73.99,74.49,73.82,74.39,13960.0,,,,,,,,,,,,,,,,,,,75.00506789130381,76.1827427508908,,78.49465943295004,77.50305349055208,78.1828237937266,"rgba(239, 83, 80, 1.0)",0.0,0.0,2.5098276797391246,77.60985490777759,-1.2828987957102556,0.0,0.0,0.0,0.0,0.0,0.0,0.0,0.0,27.53007510077392,-14.038635866539842,False,True,False,True,False,0.0,0,0.9658350191054169,0.9699932569116654,False,False,False,False,-0.32955523597606723,-0.33156983355593583,False,False,False,False,-309538.0,-248159.52750235383,False,False,False,False,9442.218284130253,False,False,False,False
2025-08-07 16:00:00+00:00,74.395,75.1,74.31,74.65,6846.0,,,,,,,,,,,,,,,,,,,74.98368685976975,76.14296174595961,,78.4771413611979,77.49283125620855,78.17847009301663,"rgba(239, 83, 80, 1.0)",0.0,0.0,2.556031240557403,77.59570474473081,-1.1524525592607482,0.0,0.0,0.0,0.0,0.0,0.0,0.0,0.0,29.85577794348813,-14.038635866539842,False,True,False,True,False,0.0,0,0.9764374295377679,0.9634723788049605,False,False,False,False,-0.2860819637985203,-0.3088258986772281,False,False,False,False,-302692.0,-249004.9921922398,False,False,False,False,9401.966837864667,False,False,False,False
2025-08-07 17:00:00+00:00,74.595,74.785,74.17,74.635,6804.0,,,,,,,,,,,,,,,,,,,74.95530248973974,76.1014333231164,,78.4591766948459,77.48218188293446,78.17396017486766,"rgba(239, 83, 80, 1.0)",0.0,0.0,2.6008449198866197,77.57573251597788,-1.1306835303759935,0.0,0.0,0.0,0.0,0.0,0.0,0.0,0.0,31.3573876261343,-14.038635866539842,False,True,False,True,True,0.0,0,0.97728297632469,0.9594701240135286,False,False,False,False,-0.3039280521216368,-0.3063769753994324,False,False,False,False,-309496.0,-249942.83727453064,False,False,False,False,9361.688282238858,False,False,False,False
2025-08-07 18:00:00+00:00,74.62,74.78,74.435,74.55,4134.0,,,,,,,,,,,,,,,,,,,74.9418638254774,76.07812806211602,,78.44850216042464,77.47587591588439,78.17126924068172,"rgba(239, 83, 80, 1.0)",0.0,0.0,2.6442725578811137,77.56414134489614,-1.139875439811474,0.0,0.0,0.0,0.0,0.0,0.0,0.0,0.0,32.056485686891655,-14.038635866539842,False,True,False,True,True,0.0,0,0.9764566395663957,0.9617773261065942,False,False,False,False,-0.2937079657079399,-0.30004247055368616,False,False,False,False,-313630.0,-250930.23514624336,False,False,False,False,9280.638851506474,False,False,False,False
2025-08-07 19:00:00+00:00,74.57,74.62,74.08,74.51,9346.0,,,,,,,,,,,,,,,,,,,74.90068749846604,76.02177234437578,,78.42343898374074,77.46081349251102,78.16488718522156,"rgba(239, 83, 80, 1.0)",0.0,0.0,2.6850069823928373,77.53368477612112,-1.126136652883656,0.0,0.0,0.0,0.0,0.0,0.0,0.0,0.0,32.36903961919162,-14.038635866539842,False,True,False,True,True,0.0,0,0.9707559419635295,0.9660701179924347,False,False,False,False,-0.31401178606972535,-0.30702712831170575,False,False,False,False,-322976.0,-252047.22374862718,False,False,False,False,9281.652202645908,False,False,False,False
2025-08-08 14:00:00+00:00,74.85,75.3,74.775,75.06,3077.0,,,,,,,,,,75.045,,,,,,,,,74.904231106855,76.01106981003524,,78.41656145737608,77.45692069616695,78.16314836147849,"rgba(239, 83, 80, 1.0)",0.0,0.0,2.7067017044957025,77.5284255472211,-0.9119680765417058,0.0,0.0,0.0,0.0,0.0,0.0,0.0,0.0,36.498545276115294,-20.908644103851348,False,False,False,True,True,0.0,0,0.9751503907348064,0.9585652442795298,False,False,False,False,-0.2603114898953983,-0.28366930910355204,False,False,False,False,-319899.0,-253099.18927190427,False,False,False,False,9185.45604446535,False,False,False,False
2025-08-08 15:00:00+00:00,75.06,75.08,74.605,74.8,2856.0,,,,,,,,,,74.94070200573066,,,,,,,,,74.90253983115647,75.99916239542208,,78.4097942869859,77.4529951296749,78.16142413415389,"rgba(239, 83, 80, 1.0)",0.0,0.0,2.718559366103652,77.52199148608392,-1.0012624774809276,0.0,0.0,0.0,0.0,0.0,0.0,0.0,0.0,37.97756605216445,-19.087339940520845,False,False,False,True,True,0.0,0,0.9729183054275762,0.9614001573210471,False,False,False,False,-0.2753819211126334,-0.2795256151080927,False,False,False,False,-322755.0,-254179.12432195226,False,False,False,False,9087.324943000773,False,False,False,False
2025-08-08 16:00:00+00:00,74.835,75.23,74.655,74.94,2441.0,,,,,,,,,,74.94098320197436,,,,,,,,,74.90327109828212,75.99014052329844,,78.40421302718163,77.44979373635765,78.16000192446582,"rgba(239, 83, 80, 1.0)",0.0,0.0,2.7359350098972146,77.5170464641535,-0.941925321629008,0.0,0.0,0.0,0.0,0.0,0.0,0.0,0.0,39.93191745564016,-16.826766069825226,False,False,False,True,True,0.0,0,0.9701714285714286,0.9708571428571425,False,False,False,False,-0.2676386549304432,-0.273582135019268,False,False,False,False,-320314.0,-255204.47123168941,False,False,False,False,8984.281145434868,False,False,False,False
2025-08-08 17:00:00+00:00,74.92,74.945,74.46,74.52,3442.0,,,,,,,,,,74.85379231550439,,,,,,,,,74.89655383479175,75.97411137933139,,78.39569424107876,77.44475507237992,78.15781189295075,"rgba(239, 83, 80, 1.0)",0.0,0.0,2.7331873450361943,77.5078240571527,-1.093164748687632,0.0,0.0,0.0,0.0,0.0,0.0,0.0,0.0,39.15438094553487,-16.826766069825226,False,False,False,True,True,0.0,0,0.9613728978935888,0.9804855650576821,False,False,False,False,-0.2862770946922997,-0.2799296148557838,False,False,False,False,-323756.0,-256267.28563119812,False,False,False,False,8898.35430597076,False,False,False,False
2025-08-08 18:00:00+00:00,74.545,74.62,74.11,74.225,2557.0,,,,,,,,,,74.75853254945615,,,,,,,,,74.88573066580774,75.9596179366927,,78.38884779774017,77.44059321157398,78.15603727661728,"rgba(239, 83, 80, 1.0)",0.0,0.0,2.724328833785962,77.49932303579385,-1.2018824582359886,0.0,0.0,0.0,0.0,0.0,0.0,0.0,0.0,37.36870444204544,-16.826766069825226,False,False,False,True,True,0.0,0,0.9576018359150891,0.9794606999426274,False,False,False,False,-0.31282228593833894,-0.2963759503970614,False,False,False,False,-326313.0,-257353.26569893147,False,False,False,False,8800.038735335556,False,False,False,False
2025-08-08 19:00:00+00:00,74.21,74.485,73.98,74.19,11148.0,,,,,,,,,,74.52256448937476,,,,,,,,,74.83537571458866,75.89560907074491,,78.35853863270651,77.42200003692228,78.14811833300989,"rgba(239, 83, 80, 1.0)",0.0,0.0,2.709304599785238,77.46136889238039,-1.207457032568324,0.0,0.0,0.0,0.0,0.0,0.0,0.0,0.0,36.02822798923302,-16.826766069825226,False,False,False,True,False,0.0,0,0.9526511894525653,0.9840068787618228,False,False,False,False,-0.32335967123732223,-0.30986781081719184,False,False,False,False,-337461.0,-258595.2460756922,False,False,False,False,8836.441235562912,False,False,False,False
2025-08-11 14:00:00+00:00,74.03,74.28,72.84,72.92,2982.0,,,,,,,,,,74.39954139330362,,,,,,,,,74.80592468510066,75.87078965442178,,78.3488144851307,77.41571949682543,78.14553682267479,"rgba(239, 83, 80, 1.0)",0.0,0.0,2.711587248348925,77.44683178723092,-1.6694398419181564,0.0,0.0,0.0,0.0,0.0,0.0,0.0,0.0,31.219937923208246,-13.000997194379103,False,True,False,True,False,0.0,0,0.9401825707319841,0.9871293303849858,False,False,False,False,-0.34282825441539394,-0.32634803261629286,False,False,False,False,-340443.0,-259864.20350087527,False,False,False,False,8745.67470477899,False,False,False,False
2025-08-11 15:00:00+00:00,72.92,73.53,72.92,73.51,2969.0,,,,,,,,,,74.29769980723606,,,,,,,,,74.7772222330655,75.84629796896914,,78.33911873084027,77.40944468439032,78.14295505546916,"rgba(239, 83, 80, 1.0)",0.0,0.0,2.692448278005145,77.43253527419313,-1.4568655993270776,0.0,0.0,0.0,0.0,0.0,0.0,0.0,0.0,32.07656976601238,-13.000997194379103,False,True,False,True,False,0.0,0,0.9408066160643481,0.9964880480344396,False,False,False,False,-0.34282825441539394,-0.33458814351584343,False,False,False,False,-337474.0,-261067.45615977643,False,False,False,False,8656.113856642884,False,False,False,False
2025-08-11 16:00:00+00:00,73.51,73.61,73.03,73.18,3233.0,,,,,,,,,,74.20227330355856,,,,,,,,,74.74624138194702,75.81967501674924,,78.32850550404078,77.4025560306413,78.14011968876713,"rgba(239, 83, 80, 1.0)",0.0,0.0,2.6745616934846432,77.41704216045665,-1.5842005704255284,0.0,0.0,0.0,0.0,0.0,0.0,0.0,0.0,31.64412462980064,-13.000997194379103,False,True,False,True,False,0.0,0,0.9554551692589205,0.9917086001829823,False,False,False,False,-0.33576059412288556,-0.33517436881936447,False,False,False,False,-340707.0,-262302.17776970234,False,False,False,False,8572.034572043769,False,False,False,False
2025-08-11 17:00:00+00:00,73.1,73.1,72.13,72.32,6078.0,,,,,,,,,,73.95106282029275,,,,,,,,,74.66311239387545,75.75664897602529,,78.30570407825371,77.38730556662532,78.13397079573862,"rgba(239, 83, 80, 1.0)",0.0,0.0,2.680260663672187,77.38106285058684,-1.8882726292944807,0.0,0.0,0.0,0.0,0.0,0.0,0.0,0.0,29.230870907487244,-15.498987375870563,False,True,False,True,False,0.0,0,0.9384790011350737,0.9955732122587965,False,False,False,False,-0.34282825441539394,-0.33900131161737923,False,False,False,False,-346785.0,-263611.9889670713,False,False,False,False,8533.367369376423,False,False,False,False
2025-08-11 18:00:00+00:00,72.325,72.35,71.67,72.085,7863.0,,,,,,,,,,73.64135591826665,,,,,,,,,74.54217975877668,75.66699225575712,,78.27403804557247,77.3657798431905,78.12535562084322,"rgba(239, 83, 80, 1.0)",0.0,0.0,2.685702929444828,77.33067347493474,-1.9531845527007343,0.0,0.0,0.0,0.0,0.0,0.0,0.0,0.0,27.135095829396665,-17.684944795558778,False,True,False,True,False,0.0,0,0.9323466031529999,1.0075422479301348,False,False,False,False,-0.34282825441539394,-0.34091478301638656,False,False,False,False,-354648.0,-265023.3999908376,False,False,False,False,8522.97407682795,False,False,False,False
2025-08-11 19:00:00+00:00,72.11,72.205,71.65,71.89,18863.0,,,,,,,,,,73.15898687582396,,,,,,,,,74.28100146514741,75.46200282785334,,78.19792454739796,77.31369300710142,78.10438181187533,"rgba(239, 83, 80, 1.0)",0.0,0.0,2.6964604343244565,77.01196163752375,-1.8995129957495398,0.0,0.0,0.0,0.0,0.0,0.0,0.0,0.0,25.333175353964833,-19.5715882970717,False,True,False,True,False,0.0,0,0.9264181890164582,1.0117640404954467,True,False,False,False,-0.34282825441539394,-0.3418715187158903,False,False,False,False,-373511.0,-266705.3782855533,False,False,False,False,8683.284556256975,False,False,False,False
2025-08-12 14:00:00+00:00,72.065,73.2,72.065,72.49,10481.0,,,,,,,,,,73.08184933965893,,,,,,,,,74.1922214980297,75.37723833431254,,78.16084173587892,77.2887181745114,78.09404399023683,"rgba(239, 83, 80, 1.0)",0.0,0.0,2.6783292408749793,76.97603494141202,-1.6749378205446068,0.0,0.0,0.0,0.0,1.0,72.255,72.205,0.0,28.171379988915245,-19.5715882970717,False,True,False,True,True,0.0,0,0.928062797869358,1.0026913372581998,False,False,False,False,-0.29700167129886124,-0.31943659500737576,False,False,False,False,-363030.0,-268198.7832733742,False,False,False,False,8711.156113524308,False,False,False,False
2025-08-12 15:00:00+00:00,72.48,72.73,72.255,72.295,7168.0,,,,,,,,,,73.02670068186977,,,,,,,,,74.1311990957499,75.31895945219824,,78.1350493329953,77.27121928782039,78.08679362232537,"rgba(239, 83, 80, 1.0)",0.0,0.0,2.667892975351786,76.9456329792898,-1.7431857358058254,0.0,0.0,0.0,0.0,0.0,0.0,0.0,0.0,29.45904059983439,-19.5715882970717,False,True,False,True,True,0.0,0,0.9283067594879855,1.0103301145295303,False,False,False,False,-0.30600056281674937,-0.31271857891206256,False,False,False,False,-370198.0,-269780.1664784381,False,False,False,False,8687.231212539435,False,False,False,False
2025-08-12 16:00:00+00:00,72.37,72.84,72.37,72.58,5567.0,,,,,,,,,,73.00031325434004,,,,,,,,,74.09108441570639,75.27783012910977,,78.11576908862719,77.25818936355581,78.0813441777688,"rgba(239, 83, 80, 1.0)",0.0,0.0,2.6478235546539177,76.92444343660755,-1.640760174133048,0.0,0.0,0.0,0.0,0.0,0.0,0.0,0.0,32.15163367530903,-22.93849658251841,False,True,False,True,True,0.0,0,0.9385120597893781,1.004019929792775,False,False,False,False,-0.29876558417390175,-0.30574208154298216,False,False,False,False,-364631.0,-271250.72203691193,False,False,False,False,8638.855534825645,False,False,False,False
2025-08-12 17:00:00+00:00,72.58,73.01,72.455,72.88,5131.0,,,,,,,,,,72.98860949410226,,,,,,,,,74.06027762366129,75.24354824506229,,78.09870903120175,77.24671815691225,78.07650019093208,"rgba(239, 83, 80, 1.0)",0.0,0.0,2.656747627261297,76.90705795951463,-1.5157849086576285,0.0,0.0,0.0,0.0,0.0,0.0,0.0,0.0,35.76823638619338,-19.498301614124102,False,True,False,True,True,0.0,0,0.9418604651162787,0.9997163925127619,False,False,False,False,-0.29060246346875584,-0.298172272505869,False,False,False,False,-359500.0,-272618.92789680476,False,False,False,False,8584.470177696565,False,False,False,False
2025-08-12 18:00:00+00:00,72.875,73.275,72.84,73.165,4063.0,,,,,,,,,,72.99286787297711,,,,,,,,,74.04259290935937,75.22041583921597,,78.08606451755304,77.23830740277037,78.0728961514988,"rgba(239, 83, 80, 1.0)",0.0,0.0,2.642140089445651,76.89600508317083,-1.41211478455468,0.0,0.0,0.0,0.0,0.0,0.0,0.0,0.0,39.803865556176675,-15.768474796320064,False,False,False,True,True,0.0,0,0.9425926977457268,0.9981829538356705,False,False,False,False,-0.26996106128523367,-0.2840666668955513,False,False,False,False,-355437.0,-273902.92901468376,False,False,False,False,8514.36986486406,False,False,False,False
2025-08-12 19:00:00+00:00,73.165,73.73,73.16,73.64,14954.0,,,,,,,,,,73.06018738084667,,,,,,,,,74.00900289322075,75.15527000237721,,78.04390954083239,77.21072512365572,78.06078234246601,"rgba(239, 83, 80, 1.0)",0.0,0.0,2.6062106660896966,76.8658525198268,-1.2377558582655954,0.0,0.0,0.0,0.0,0.0,0.0,0.0,0.0,44.894994711945486,-11.159278447422992,True,False,False,True,True,0.0,0,0.9456854518652905,0.9925728540650864,False,False,False,False,-0.24563887489834313,-0.26485277089694725,False,False,False,False,-340483.0,-274935.1781772468,False,False,False,False,8614.209091765391,False,False,False,False
2025-08-13 14:00:00+00:00,73.97,74.38,73.83,73.99,4826.0,,,,,,,,,74.06666666666666,73.10076640851914,,,,,,,,,74.01015315598323,75.14205160365603,,78.03212047070683,77.20323647707359,78.05736318752142,"rgba(38, 166, 154, 1.0)",0.0,0.0,2.551295675068912,76.86042520136257,-1.125085277026955,0.0,0.0,0.0,0.0,0.0,0.0,0.0,0.0,49.82792161022828,-6.785910308991646,True,False,False,False,True,0.0,0,0.9495057893250491,0.9868398757413156,False,False,False,False,-0.2048436823780092,-0.23484822663747823,False,False,False,False,-335657.0,-275876.60177139804,False,False,False,False,8555.477167862053,False,False,False,False
2025-08-13 15:00:00+00:00,73.98,74.52,73.5,73.51,4392.0,,,,,,,,,73.96025746727418,73.12704836235771,,,,,,,,,74.00717872937,75.12785690170335,,78.0208513305054,77.19596915984259,78.05408274408427,"rgba(38, 166, 154, 1.0)",0.0,0.0,2.483897511341926,76.85316869504403,-1.3459366498732392,0.0,0.0,0.0,0.0,0.0,0.0,0.0,0.0,50.3934228197269,-6.370523549979019,True,False,False,False,True,0.0,0,0.9484362739603182,0.9823450285842391,False,False,False,False,-0.21067143455502393,-0.2227598305962511,False,False,False,False,-340049.0,-276871.52267416706,False,False,False,False,8490.92713425179,False,False,False,False
2025-08-13 16:00:00+00:00,73.5,74.3,73.38,74.26,3161.0,,,,,,,,,73.9652987586504,73.14823608535293,,,,,,,,,74.00683437213996,75.11889792732,,78.01304229438495,77.19097058899214,78.05180143724984,"rgba(38, 166, 154, 1.0)",0.0,0.0,2.397482891747099,76.84855650602552,-1.0796975923941519,0.0,0.0,0.0,0.0,0.0,0.0,0.0,0.0,53.90380659276344,-3.036693547768934,True,False,True,False,True,0.0,0,0.954627033090297,0.9844643858665167,False,False,False,False,-0.22113562219030108,-0.2219477263932761,False,False,False,False,-336888.0,-277802.0106947226,False,False,False,False,8408.292605038583,False,False,False,False
2025-08-13 17:00:00+00:00,74.17,74.175,73.735,73.935,5654.0,,,,,,,,,73.95997948206067,73.18227329842142,,,,,,,,,74.00553796166012,75.10278122486221,,77.99904040296343,77.18198062539871,78.0476956025178,"rgba(38, 166, 154, 1.0)",0.0,0.0,2.3609722916980656,76.83962219406868,-1.230265261596784,0.0,0.0,0.0,0.0,0.0,0.0,0.0,0.0,54.49006676327194,-2.3444338020189193,True,False,True,False,True,0.0,0,0.9580603617223805,0.9778823002407744,False,False,False,False,-0.21405182869192407,-0.21799977754260008,False,False,False,False,-342542.0,-278805.7314591455,False,False,False,False,8365.590394107752,False,False,False,False
2025-08-13 18:00:00+00:00,73.935,74.455,73.935,74.36,3577.0,,,,,,,,,74.00798519204072,73.21025669863644,,,,,,,,,74.0089178867948,75.09541720380788,,77.99088782291143,77.17684701715363,78.04529312760036,"rgba(38, 166, 154, 1.0)",0.0,0.0,2.319522026719368,76.83564132839817,-1.067306669167358,0.0,0.0,0.0,0.0,0.0,0.0,0.0,0.0,56.54706680676786,-0.15191401210638844,True,False,True,False,True,0.0,0,0.9659122816869767,0.9734374122536076,False,False,False,False,-0.1993352898683509,-0.20866753370547547,False,False,False,False,-338965.0,-279738.4332969882,False,False,False,False,8291.348682571199,False,False,False,False
2025-08-13 19:00:00+00:00,74.36,75.245,74.36,74.97,17576.0,,,,,,,,,74.38938974803928,73.3982794362333,,,,,,,,,74.06295248022624,75.08576706900786,,77.95777022319291,77.15707039892118,78.03541741318398,"rgba(38, 166, 154, 1.0)",0.0,0.0,2.2782912041296948,76.83063184601022,-0.8166786768248009,0.0,0.0,0.0,0.0,0.0,0.0,0.0,0.0,59.93784067649901,3.2544743411132444,True,False,True,False,True,0.0,0,0.9702843098921964,0.9611238339943021,False,False,False,False,-0.16244696356396787,-0.18555724863472167,False,False,False,False,-321389.0,-280384.1785171899,False,False,False,False,8435.296765011955,False,False,False,False
2025-08-14 14:00:00+00:00,73.17,74.13,73.11,74.01,6178.0,,,,,,,,,74.30231299415102,73.41184015968012,,,,,,,,73.75,74.05610778725766,75.06692535572077,,77.94219159538738,77.14688563066501,78.03075468457139,"rgba(38, 166, 154, 1.0)",0.0,0.0,2.248460911039467,76.81704983830397,-1.248431682544245,0.0,0.0,0.0,0.0,0.0,0.0,0.0,0.0,57.43359043865654,3.2544743411132444,True,False,True,False,True,0.0,0,0.9506484941745437,0.9668608485381398,False,False,False,False,-0.2347489641011862,-0.21015310636795392,False,False,False,False,-327567.0,-281115.69512932654,False,False,False,False,8400.299915942001,False,False,False,False
2025-08-14 15:00:00+00:00,74.01,74.01,73.68,73.8,3943.0,,,,,,,,,74.26454289789821,73.42188282169974,,,,,,,,73.781166880743,74.05299499906315,75.0558891513757,,77.93249756469015,77.14056949243673,78.02783959622312,"rgba(38, 166, 154, 1.0)",0.0,0.0,2.2237376862618703,76.80887988294654,-1.3530732071211635,0.0,0.0,0.0,0.0,0.0,0.0,0.0,0.0,54.88887553199493,3.2544743411132444,True,False,True,False,False,0.0,0,0.9583746283448957,0.967734830965752,False,False,False,False,-0.2208271815482798,-0.21549014395811686,False,False,False,False,-331510.0,-281897.002181585,False,False,False,False,8331.194490888636,False,False,False,False
2025-08-14 16:00:00+00:00,73.8,73.99,73.62,73.94,3555.0,,,,,,,,,74.23666464883408,73.43095639947933,,,,,,,,73.79905966656916,74.05050628575108,75.04626601074793,,77.9238389635333,77.13492973998007,78.02522733047587,"rgba(38, 166, 154, 1.0)",0.0,0.0,2.200546598765263,76.80162539655895,-1.3004157231501579,0.0,0.0,0.0,0.0,0.0,0.0,0.0,0.0,53.798201099478874,3.2544743411132444,True,False,True,False,False,0.0,0,0.957035385901365,0.9807745890220111,False,False,False,False,-0.22329586988476838,-0.21939300692144262,False,False,False,False,-327955.0,-282611.07966714184,False,False,False,False,8257.144963898114,False,False,False,False
2025-08-14 17:00:00+00:00,73.94,74.32,73.84,74.315,3246.0,,,,,,,,,74.23213296974882,73.44476533454983,,,,,,,,73.86797600756411,74.05169997567194,75.03984290037619,,77.91656093441267,77.13027882152731,78.02302090686949,"rgba(38, 166, 154, 1.0)",0.0,0.0,2.1765120497499586,76.79648294323798,-1.140119092620257,0.0,0.0,0.0,0.0,1.0,74.195,73.99,0.0,54.65745296853966,3.2544743411132444,True,False,True,False,False,0.0,0,0.9702414373947218,0.9709713644020208,False,False,False,False,-0.20637595593868382,-0.21288448143006322,False,False,False,False,-324709.0,-283263.760602535,False,False,False,False,8179.452793915198,False,False,False,False
2025-08-14 18:00:00+00:00,74.32,74.41,74.195,74.36,3308.0,,,,,,,,,74.23711777972265,73.46140889556999,,,,,,,,73.94216328884494,74.0547117245938,75.0345872858209,,77.90949387094608,77.1258136665843,78.02086985045776,"rgba(38, 166, 154, 1.0)",0.0,0.0,2.1490695619235027,76.79199988272072,-1.1316524722187125,0.0,0.0,0.0,0.0,1.0,74.36,74.32,0.0,55.420851395346,3.2544743411132444,True,False,True,False,False,0.0,0,0.969352112676056,0.9674366197183092,False,False,False,False,-0.19277140266261772,-0.20282794204634047,False,False,False,False,-321401.0,-283855.03563195304,False,False,False,False,8103.926394009535,False,False,False,False
2025-08-14 19:00:00+00:00,74.38,74.875,74.36,74.535,11243.0,,,,,,,,,74.29326709973253,73.52980006144492,,,,,,,,74.17358794310466,74.07426640456194,75.02379790220004,,77.88746210077416,77.11218546680514,78.0141066052153,"rgba(38, 166, 154, 1.0)",0.0,0.0,2.118747947460714,76.78068337753527,-1.059910585507204,0.0,0.0,0.0,0.0,1.0,74.73,74.41,0.0,56.70795862906672,3.2544743411132444,True,False,True,False,False,0.0,1,0.9690930586049652,0.9636322693238748,False,False,False,False,-0.17362964336232958,-0.188228792704335,False,False,False,False,-310158.0,-284262.83352913207,False,False,False,False,8152.594201854348,False,False,False,False
2025-08-15 14:00:00+00:00,75.18,75.415,74.73,75.34,1619.0,,,,,,,,,74.31271892323161,73.54391696188281,,,,,,,,74.2219289153471,74.07995674738622,75.02427802801189,,77.884859422166,77.11067712433098,78.01329712027345,"rgba(38, 166, 154, 1.0)",0.0,0.0,2.0782252520365416,76.78028417632643,-0.6930356441945036,0.0,0.0,0.0,0.0,0.0,0.0,0.0,0.0,60.54013642585199,5.099710164733352,True,False,True,False,True,0.0,1,0.9698805317179874,0.9579337035167416,False,False,False,False,-0.1461975046136536,-0.1672131486589943,False,False,False,False,-308539.0,-284639.20820309897,False,False,False,False,8051.298167717072,False,False,False,False
2025-08-15 15:00:00+00:00,75.32,75.5,75.295,75.325,1149.0,,,,,,,,,74.32931562413464,73.55507999645954,,,,,,,,74.2605657447699,74.08474235695833,75.02513859474833,,77.88315865853653,77.10972417351508,78.01276553130978,"rgba(38, 166, 154, 1.0)",0.0,0.0,2.0286201097183585,76.78032185676744,-0.7173949670495423,0.0,0.0,0.0,0.0,0.0,0.0,0.0,0.0,62.990967331818645,7.553187040681038,True,False,True,False,True,0.0,0,0.9740106651698004,0.9560482739264657,False,False,False,False,-0.12673836717666018,-0.14697575791782724,False,False,False,False,-309688.0,-285027.5615642912,False,False,False,False,7944.285793023784,False,False,False,False
2025-08-15 16:00:00+00:00,75.325,75.545,75.24,75.5,1052.0,,,,,,,,,74.34483901502438,73.56548739912967,,,,,,,,74.29537410629112,74.08927870404546,75.0260466696211,,77.88163757387562,77.10888019564685,78.01228914554001,"rgba(38, 166, 154, 1.0)",0.0,0.0,1.973056945887755,76.7804225736931,-0.6489536839581637,0.0,0.0,0.0,0.0,0.0,0.0,0.0,0.0,65.23078403157588,9.78822670289592,True,False,True,False,True,0.0,0,0.9724853405502929,0.9609269282814606,False,False,False,False,-0.12703697958487387,-0.13700636875135055,False,False,False,False,-308636.0,-285393.58386561996,False,False,False,False,7837.4286489458955,False,False,False,False
2025-08-15 17:00:00+00:00,75.62,75.91,75.465,75.72,4695.0,,,,,,,,,74.4251009169677,73.61709196740996,,,,,,,,74.46009586209195,74.11316422157584,75.03273684772027,,77.87561658837896,77.10572738456148,78.01038714151781,"rgba(38, 166, 154, 1.0)",0.0,0.0,1.903394473703954,76.78243758872779,-0.5581804525576427,0.0,0.0,0.0,0.0,0.0,0.0,0.0,0.0,67.47250137001444,12.020417296610717,True,False,True,False,True,0.0,0,0.9702678166137083,0.9645937358147973,False,False,False,False,-0.10945550909173059,-0.12323093892154058,False,False,False,False,-303941.0,-285681.14070491266,False,False,False,False,7788.70882493123,False,False,False,False
2025-08-15 18:00:00+00:00,75.7,76.11,75.68,75.895,8330.0,,,,,,,,,74.56502891296398,73.71085249311928,,,,,,,,74.70747264649474,74.15888891284929,75.0476968415104,,77.86597289531105,77.1009449688502,78.00730663071002,"rgba(38, 166, 154, 1.0)",0.0,0.0,1.8356035853437356,76.78747882353247,-0.48620455454457256,0.0,0.0,0.0,0.0,0.0,0.0,0.0,0.0,69.54856603651527,14.100861742774399,True,False,True,False,True,0.5223006398179777,0,0.9729374821581499,0.9613474165001419,False,False,False,False,-0.09712976825788595,-0.11018035358971326,False,False,False,False,-295611.0,-285835.0920118132,False,False,False,False,7797.1009361726055,False,False,False,False
2025-08-15 19:00:00+00:00,75.885,76.29,75.275,76.12,35253.0,,,,,,,,,74.9469661607892,74.03487619408324,,,,,,,,75.20841079242001,74.32896231343597,75.10565437210691,,77.82617898885722,77.08111693978111,77.99436846747692,"rgba(38, 166, 154, 1.0)",0.0,0.0,1.758894277972772,76.80022110458891,-0.38673222893925374,0.0,0.0,0.0,0.0,1.0,76.5,76.11,0.0,71.6563653344908,16.218592341686232,True,False,True,False,True,1.4068839242162667,0,0.9696574410163337,0.9522459165154256,False,False,False,False,-0.10380851073080667,-0.10699443216025997,False,False,False,False,-260358.0,-285440.0983372115,False,False,False,False,8222.773789875357,False,False,False,False
2025-08-18 14:00:00+00:00,76.76,77.65,76.5,77.38,4887.0,,,,,,,,77.17666666666668,75.0323328554417,74.09818693122544,,,,,,,,75.3171501541221,74.36711647703909,75.12510802848811,,77.82436616444434,77.08133422941653,77.9936747409997,"rgba(38, 166, 154, 1.0)",0.0,0.0,1.6980818537356424,76.8085957662196,0.33649981744010504,0.0,0.0,0.0,0.0,0.0,0.0,0.0,0.0,75.81345142441927,20.183836774933283,True,False,True,False,True,6.084164803057842,0,0.9778027535824667,0.9426805282382683,False,False,False,False,-0.02748243163965762,-0.06723843189995879,False,False,False,False,-255471.0,-284975.46115368884,False,False,False,False,8171.056366776514,False,False,False,False
2025-08-18 15:00:00+00:00,77.38,77.86,77.38,77.635,6528.0,,,,,,,,77.43305913272012,75.15847639596934,74.19063221506154,,,,,,,,75.47575925224068,74.42439825413842,75.15608665912417,,77.82362563649409,77.08298073077833,77.99325740810751,"rgba(38, 166, 154, 1.0)",0.0,0.0,1.6703983125371098,76.82269189909505,0.4862960497554446,0.0,0.0,0.0,0.0,0.0,0.0,0.0,0.0,78.96722036864315,23.124634750438105,True,False,True,False,True,6.97696813685673,0,0.9833763899809049,0.941424239020554,False,False,False,False,0.004554792543669455,-0.031341819678144665,False,False,False,False,-248943.0,-284416.8183451045,False,False,False,False,8145.582624655947,False,False,False,False
2025-08-18 16:00:00+00:00,77.635,77.93,77.54,77.67,4121.0,,,,,,,,77.50740323549606,75.23460870518873,74.24797424088017,,,,,,,,75.56880053881159,74.46050304254054,75.1759362645104,,77.82336762412957,77.0841835673162,77.99305751780908,"rgba(38, 166, 154, 1.0)",0.0,0.0,1.6598383102641416,76.83167434511219,0.5050646497937514,0.0,0.0,0.0,0.0,0.0,0.0,0.0,0.0,81.1239049213848,25.163052852653593,True,False,True,False,True,7.100167162425823,0,0.9915823964747752,0.9393254618383132,False,False,False,False,0.01131392580847623,-0.010013946934834218,False,False,False,False,-244822.0,-283802.94519246725,False,False,False,False,8083.185994816319,False,False,False,False
2025-08-18 17:00:00+00:00,77.745,78.13,77.745,77.89,2824.0,,,,,,,,77.5711221859114,75.28838147305663,74.28850124353816,,,,,,,,75.63398673285523,74.48634580216788,75.1904639113771,,77.82352495394153,77.08527725586582,77.99302260026938,"rgba(38, 166, 154, 1.0)",0.0,0.0,1.6674656634374934,76.83835979066667,0.6306817779775831,0.0,0.0,0.0,0.0,0.0,0.0,0.0,0.0,82.91311352655563,26.93608415171984,True,False,True,False,True,7.879876252013066,0,0.9946291270918134,0.9301786521935766,False,False,False,False,0.02321877219658241,0.006602412630874095,False,False,False,False,-241998.0,-283154.8065073127,False,False,False,False,8001.648227454825,False,False,False,False
2025-08-18 18:00:00+00:00,77.86,77.865,77.32,77.61,3114.0,,,,,,,,77.57506814442272,75.33825417790443,74.32827993135318,,,,,,,,75.69221868405603,74.51175830914215,75.20443073900707,,77.82312821751687,77.0860150096041,77.99280984704882,"rgba(38, 166, 154, 1.0)",0.0,0.0,1.6740228210540335,76.8444361403082,0.45731984657757824,0.0,0.0,0.0,0.0,0.0,0.0,0.0,0.0,81.39815757312441,26.93608415171984,True,False,True,False,True,6.662027583488975,0,0.992890995260663,0.9281764838636868,False,False,False,False,0.002938562928999557,0.004770487779936826,False,False,False,False,-245112.0,-282564.99555371096,False,False,False,False,7925.8707355563,False,False,False,False
2025-08-18 19:00:00+00:00,77.61,77.87,77.15,77.27,16085.0,,,,,,,,77.51294132786639,75.54812550421252,74.50957775686287,,,,,,,,75.92298077822726,74.62986932865654,75.26917291814365,,77.81958292382042,77.08855115812743,77.99124714052633,"rgba(38, 166, 154, 1.0)",0.0,0.0,1.6633024054260832,76.87086106511262,0.239967749451507,0.0,0.0,0.0,0.0,0.0,0.0,0.0,0.0,77.41771640787564,26.93608415171984,True,False,True,False,False,5.20179138397862,0,0.9918397208621754,0.9286397658844044,False,False,False,False,-0.0019100675774519945,0.0014302101012424158,False,False,False,False,-261197.0,-282233.70880094025,False,False,False,False,8052.36886368721,False,False,False,False
2025-08-19 14:00:00+00:00,78.46,79.32,78.46,78.93,6640.0,,,,,,,78.90333333333332,77.72181942276221,75.68156533258264,74.6130963338289,,,,,,,,76.07786487438366,74.70009568251079,75.31229632793402,,77.82360250235115,77.09405780103893,77.99229138245487,"rgba(38, 166, 154, 1.0)",0.0,0.0,1.7056084618779057,77.02808598623191,1.1150941475009162,0.0,0.0,0.0,0.0,0.0,0.0,0.0,0.0,78.6782597075989,26.93608415171984,True,False,True,False,False,10.911164520980297,0,0.9935359116022096,0.9124861878453028,False,False,False,False,0.0793603058663527,0.04039525798379756,False,False,False,False,-254557.0,-281804.61254046054,False,False,False,False,8030.471672002137,False,False,False,False
2025-08-19 15:00:00+00:00,78.835,79.06,77.855,77.96,6315.0,,,,,,,78.60517239161199,77.79305878898259,75.7766925605939,74.69371634206045,,,,,,,,76.18212827683932,74.7553638158734,75.34554429209867,,77.82524775526956,77.09750392742701,77.99261700452821,"rgba(38, 166, 154, 1.0)",0.0,0.0,1.72471951760821,77.02784681340283,0.540466537938786,0.0,0.0,0.0,0.0,0.0,0.0,0.0,0.0,74.0580810685858,30.224241679569644,True,False,True,False,False,6.9158614937212235,0,0.9857659038651043,0.9171137632760308,False,False,False,False,0.05382752413627385,0.0471113910600357,False,False,False,False,-260872.0,-281480.0759119263,False,False,False,False,8003.875211971096,False,False,False,False
2025-08-19 16:00:00+00:00,78.02,78.06,77.665,77.88,934.0,,,,,,,78.55562183502532,77.79442534209299,75.78790689130622,74.70397340856101,,,,,,,,76.1937926760925,74.76243270906932,75.34970128052457,,77.82527014284189,77.09783184387643,77.99259701439767,"rgba(38, 166, 154, 1.0)",0.0,0.0,1.746158091664484,77.02707818645344,0.48845623865221205,0.0,0.0,0.0,0.0,0.0,0.0,0.0,0.0,70.58095932299892,26.973691613002018,True,False,True,False,False,6.596513715515474,0,0.9809267300610122,0.9337657340735435,False,False,False,False,0.018808982233823286,0.03296018664692949,False,False,False,False,-261806.0,-281175.0514791832,False,False,False,False,7894.264743568444,False,False,False,False
2025-08-19 17:00:00+00:00,77.87,78.07,77.8,77.86,2039.0,,,,,,,78.4729734848485,77.79883121132238,75.81245778579697,74.72642860087181,,,,,,,,76.21932454386707,74.77795923551471,75.3588782526814,,77.82536614688888,77.09858540432167,77.99256802202308,"rgba(38, 166, 154, 1.0)",0.0,0.0,1.770609212103629,77.02673350023325,0.4706100556072233,0.0,0.0,0.0,0.0,0.0,0.0,0.0,0.0,68.15383634622904,24.67857751688132,True,False,True,False,False,6.515445663730635,0,0.9830061046032005,0.9319694219875697,False,False,False,False,0.023071765602028022,0.02801597612447876,False,False,False,False,-263845.0,-280906.3685105137,False,False,False,False,7803.485445218545,False,False,False,False
2025-08-19 18:00:00+00:00,77.875,77.93,77.515,77.92,4115.0,,,,,,,78.33241098305311,77.7980812587526,75.85753858508124,74.76910601380158,,,,,,,,76.26505900561723,74.80763283548723,75.37632602591022,,77.82528165783837,77.09987455206901,77.99242344675086,"rgba(38, 166, 154, 1.0)",0.0,0.0,1.7949560786628074,77.02669380209173,0.4976757974901325,0.0,0.0,0.0,0.0,0.0,0.0,0.0,0.0,66.74440850754053,23.23358849885105,True,False,True,False,False,6.723102908635084,0,0.9797646541295498,0.9345100626855809,False,False,False,False,0.010579198389808052,0.019297587257143405,False,False,False,False,-259730.0,-280578.052719653,False,False,False,False,7746.299624362442,False,False,False,False
2025-08-19 19:00:00+00:00,77.91,78.41,77.84,78.375,16349.0,,,,,,,78.27666946032096,77.88877930431413,76.05292028455037,74.94956607859059,,,,,,,,76.46674887740548,74.93579387325752,75.45489091247434,,77.8287225700521,77.10804489326793,77.99302898094773,"rgba(38, 166, 154, 1.0)",0.0,0.0,1.8256235464458594,77.05704600077176,0.7219199170574032,0.0,0.0,0.0,0.0,0.0,0.0,0.0,0.0,67.33225025128499,23.23358849885105,True,False,True,False,False,8.288375711511303,0,0.9827860314675728,0.9289512636368609,False,False,False,False,0.03424757421875906,0.026772580737951232,False,False,False,False,-243381.0,-280001.3542278754,False,False,False,False,7879.674823984729,False,False,False,False
2025-08-20 14:00:00+00:00,78.8,78.85,77.57,77.71,4239.0,,,,,,,78.25232568728312,77.89715831095197,76.0949082759799,74.9910912492348,,,,,,,,76.50806378958256,74.96586525679163,75.473376453992,,77.82922125884518,77.10982895233211,77.99306553438632,"rgba(38, 166, 154, 1.0)",0.0,0.0,1.8440805761070698,77.06327417288472,0.3507036707043142,0.0,0.0,0.0,0.0,0.0,0.0,0.0,0.0,63.77868103609519,20.00598326118154,True,False,True,False,False,5.534879707103926,0,0.9788331071913158,0.9268385345997276,False,False,False,False,0.039249881572996935,0.03301123115547408,False,False,False,False,-247620.0,-279499.3177282184,False,False,False,False,7823.230253070237,False,False,False,False
2025-08-20 15:00:00+00:00,77.71,77.87,77.445,77.47,3871.0,,,,,,,78.19514830794122,77.8829048309591,76.1232595686577,75.02262085367852,,,,,,,,76.53346667109415,74.98889496459424,75.4871231603391,,77.8287253023362,77.11067260260887,77.99280156782177,"rgba(38, 166, 154, 1.0)",0.0,0.0,1.8569447880726417,77.06534645630727,0.21791361072869,0.0,0.0,0.0,0.0,0.0,0.0,0.0,0.0,60.17135121541238,16.48575955841639,False,False,True,False,False,4.566173569022798,0,0.9815005696305537,0.9337601041610144,False,False,False,False,0.006758782017167817,0.019885006586320947,False,False,False,False,-251491.0,-279065.0802440599,False,False,False,False,7761.955365425738,False,False,False,False
2025-08-20 16:00:00+00:00,77.47,77.905,77.36,77.785,5464.0,,,,,,,78.13917910846043,77.87044600590309,76.16379676656426,75.06733224667211,,,,,,,,76.57018799387477,75.02180244366563,75.50702704585488,,77.8282920418189,77.1120747312117,77.99251217242093,"rgba(38, 166, 154, 1.0)",0.0,0.0,1.8758073529095187,77.0698069627017,0.3812721152782419,0.0,0.0,0.0,0.0,0.0,0.0,0.0,0.0,59.15029079208468,15.369976759168594,False,False,True,False,False,5.682836391298231,0,0.980050699878761,0.9507880524633519,False,False,False,False,0.005289449727481734,0.01258722815690134,False,False,False,False,-246027.0,-278552.8619457024,False,False,False,False,7726.328150457896,False,False,False,False
2025-08-20 17:00:00+00:00,77.84,77.9,77.63,77.67,3342.0,,,,,,,78.11373571196319,77.86540313498485,76.18835108258747,75.09445509903188,,,,,,,,76.592472311079,75.04190746492729,75.51929985286452,,77.82811927974795,77.11300371624515,77.99236401530631,"rgba(38, 166, 154, 1.0)",0.0,0.0,1.891142078312611,77.07303539427514,0.3156635413969061,0.0,0.0,0.0,0.0,0.0,0.0,0.0,0.0,57.803759927929846,13.848689222157027,False,False,True,False,False,5.2091120573751475,0,0.9817676486937185,0.9486381322957188,False,False,False,False,0.013077322960511195,0.012832275558706268,False,False,False,False,-249369.0,-278100.39896980004,False,False,False,False,7658.354070605836,False,False,False,False
2025-08-20 18:00:00+00:00,77.64,77.77,77.26,77.625,4209.0,,,,,,,78.07260441840383,77.85151406944621,76.21469325890322,75.12554081280973,,,,,,,,76.61507134180813,75.06512722951139,75.53331277756028,,77.8274872859569,77.11382827692333,77.99204696853397,"rgba(38, 166, 154, 1.0)",0.0,0.0,1.9013712642955505,77.07579283034683,0.2888479383097499,0.0,0.0,0.0,0.0,0.0,0.0,0.0,0.0,56.627506641900155,12.436419822332908,False,False,True,False,False,5.021509017594568,0,0.9726666666666666,0.9485555555555547,False,False,False,False,-0.0016162109209118176,0.005608032318897225,False,False,False,False,-253578.0,-277720.2067377101,False,False,False,False,7604.875712922024,False,False,False,False
2025-08-20 19:00:00+00:00,77.625,77.775,77.455,77.5,14488.0,,,,,,,77.97281765155198,77.81517011366265,76.29962863164903,75.2278234310885,,,,,,,,76.68720530544265,75.14264126974662,75.58068382721997,,77.82552897904826,77.11680370603244,77.99102088156775,"rgba(38, 166, 154, 1.0)",0.0,0.0,1.9095544501800332,77.08691694953382,0.2163243108502294,0.0,0.0,0.0,0.0,0.0,0.0,0.0,0.0,55.02480751969766,10.61058377230492,False,True,True,False,False,4.494492017545163,0,0.9718333519991039,0.9572740508455583,False,False,False,False,0.004260931091195412,0.004934481705046319,False,False,False,False,-268066.0,-277570.52911386965,False,False,False,False,7711.590818148039,False,False,False,False
2025-08-21 14:00:00+00:00,77.12,77.32,76.69,77.14,1822.0,,,,,,,77.95004314139813,77.80265381945068,76.30546769851473,75.23733590532623,,,,,,,77.04999999999998,76.69059585789002,75.15001573124474,75.58495512923812,,77.82476825127641,77.11674974133382,77.99072863960589,"rgba(38, 166, 154, 1.0)",0.0,0.0,1.9152724266987804,77.12195870592326,0.009419701252544406,0.0,0.0,0.0,0.0,0.0,0.0,0.0,0.0,51.74800807932896,7.29522559206049,False,True,False,False,False,2.985120851761497,0,0.95555306133902,0.9686289915258983,False,False,False,False,-0.03160000906311784,-0.013332763679035763,False,False,False,False,-269888.0,-277451.42013536004,False,False,False,False,7620.279332595356,False,False,False,False
2025-08-21 15:00:00+00:00,77.1,77.42,77.005,77.18,2288.0,,,,,,,77.92754711073157,77.79055731008557,76.31414043279717,75.25012935140697,,,,,,,77.1344314679643,76.69652417044792,75.15992874192868,75.59083547279953,,77.82400166134514,77.11683579527697,77.99042103506729,"rgba(38, 166, 154, 1.0)",0.0,0.0,1.9139211860237282,77.12662654217884,0.027886967452433395,0.0,0.0,0.0,0.0,0.0,0.0,0.0,0.0,49.85083191571421,5.341200750777475,False,True,False,False,False,3.1398167313122975,0,0.9587506365642503,0.9688224975952007,False,False,False,False,-0.019396914107162697,-0.01636483889309923,False,False,False,False,-267600.0,-277298.684939463,False,False,False,False,7537.608335190777,False,False,False,False
2025-08-21 16:00:00+00:00,77.18,77.28,76.98,77.02,2954.0,,,,,,,77.89638107222805,77.77289774611015,76.32375563771053,75.26549901013765,,,,,,,77.11724518686296,76.7023792160134,75.17191485953218,75.5978581683162,,77.82284291140637,77.11680508551174,77.9899697484356,"rgba(38, 166, 154, 1.0)",0.0,0.0,1.9125761410986133,77.12591081606203,-0.055375999828795645,0.0,0.0,0.0,0.0,0.0,0.0,0.0,0.0,47.571206113018896,3.0335396212414807,False,True,False,True,False,2.460657505560633,0,0.9555785718395764,0.9863053110075367,False,False,False,False,-0.024247852690251797,-0.020306345791675513,False,False,False,False,-270554.0,-277194.1161807116,False,False,False,False,7466.54464007154,False,False,False,False
2025-08-21 17:00:00+00:00,77.04,77.4,76.86,77.3,5514.0,,,,,,,77.8501145029143,77.74643282681906,76.34318442841064,75.29494354294759,,,,,,,77.14767848624582,76.71536021868654,75.19496304671809,75.61160001767269,,77.82096524062837,77.11697506630303,77.98921614017412,"rgba(38, 166, 154, 1.0)",0.0,0.0,1.9136356652883606,77.1286793660534,0.08952625468588184,0.0,0.0,0.0,0.0,0.0,0.0,0.0,0.0,48.238958595470116,3.0335396212414807,False,True,False,True,False,3.569311498378955,0,0.9481871277395476,0.9884346267275765,False,False,False,False,-0.024247852690251797,-0.022277099240963653,False,False,False,False,-265040.0,-277005.6802709331,False,False,False,False,7436.27263014795,False,False,False,False
2025-08-21 18:00:00+00:00,77.3,77.52,77.16,77.35,2971.0,,,,,,,77.83291772315752,77.73686061134069,76.35517233496054,75.31172061670846,,,,,,,77.18506291937317,76.72430056928178,75.20812412710461,75.61963289824979,,77.82020687068443,77.11727142979696,77.98888982568273,"rgba(38, 166, 154, 1.0)",0.0,0.0,1.9146613512823247,77.13198117250337,0.11386808813506649,0.0,0.0,0.0,0.0,0.0,0.0,0.0,0.0,49.06418275309537,3.0335396212414807,False,True,False,False,False,3.7676857777351955,0,0.9425959145882759,0.989699670157976,False,False,False,False,-0.011901722377884736,-0.017089410809424194,False,False,False,False,-262069.0,-276774.103832624,False,False,False,False,7367.0435971224,False,False,False,False
2025-08-21 19:00:00+00:00,77.39,77.515,77.28,77.435,4343.0,,,,,,,77.81293087188192,77.72589506601986,76.37333601625082,75.33654539172475,,,,,,,77.23417320195725,76.73827998328849,75.22766709787825,75.63169115879617,,77.81925698561822,77.11783060800776,77.9884626120442,"rgba(38, 166, 154, 1.0)",0.0,0.0,1.912965571902288,77.13698340117337,0.15578774819783184,0.0,0.0,0.0,0.0,1.0,78.59,77.52,0.0,50.29530645581263,3.0335396212414807,False,True,False,False,True,4.109203486076247,0,0.9433073613210837,0.9927898592859624,False,False,False,False,-0.008522025723277139,-0.012805718266350666,False,False,False,False,-257726.0,-276478.78439335845,False,False,False,False,7320.159200267788,False,False,False,False
2025-08-22 14:00:00+00:00,78.59,81.105,78.59,81.0,5083.0,,,,,,80.23166666666667,77.93970375335121,77.82056528837984,76.4495591005431,75.40340185059299,,,,,,,77.84423363363365,76.81969250225421,75.2791137542594,75.66766761653304,,77.82577738275083,77.1247767119833,77.9903984691692,"rgba(38, 166, 154, 1.0)",0.0,0.0,1.9975498437792552,77.19070245932105,1.9069849758902497,0.0,0.0,0.0,0.0,0.0,0.0,0.0,0.0,61.535904198370204,5.929143099663904,False,False,True,False,True,16.178611710092,0,0.9433708620399932,0.9648798521256922,False,False,False,False,0.13768191604307548,0.0624380988883624,False,False,False,False,-252643.0,-276109.2373485002,False,False,False,False,7285.474561503946,False,False,False,False
2025-08-22 15:00:00+00:00,81.105,81.4,80.52,81.29,3441.0,,,,,,80.570088182387,78.0469656745103,77.90160098081849,76.51053601266156,75.45531411126792,,,,,,,78.23485377956082,76.88570578181397,75.31913930362253,75.69611978851789,,77.83170260001006,77.13072547060607,77.99219655311968,"rgba(38, 166, 154, 1.0)",0.0,0.0,2.083382179608541,77.4471708169895,1.8445147609607373,0.0,0.0,0.0,0.0,0.0,0.0,0.0,0.0,69.33382461153992,12.67035114025223,True,False,True,False,True,16.99830093167898,0,0.965569112485375,0.9614463201292541,False,False,False,False,0.23035469971993053,0.14639639930414647,False,False,False,False,-249202.0,-275692.0708779808,False,False,False,False,7225.870304736442,False,False,False,False
2025-08-22 16:00:00+00:00,80.95,81.36,80.86,80.92,2668.0,,,,,,80.68369713485825,78.12459958547146,77.96126080712132,76.55648197642415,75.49474999867824,,,,,,,78.4761971325012,76.93521739162753,75.34967018706885,75.71788002489744,,77.83624888165232,77.13529829613222,77.99357870543984,"rgba(38, 166, 154, 1.0)",0.0,0.0,2.1530243279537897,77.47292547647142,1.6010383527828715,0.0,0.0,0.0,0.0,0.0,0.0,0.0,0.0,72.38809356184798,15.0094362159289,True,False,True,False,True,15.358983929509048,0,0.9766454352441611,0.9583752374566981,False,False,False,False,0.24419838463475363,0.19529739196945006,False,False,False,False,-251870.0,-275322.7364457641,False,False,False,False,7155.205648849055,False,False,False,False
2025-08-22 17:00:00+00:00,80.98,81.115,80.69,80.695,4529.0,,,,,,80.72680522867503,78.23859403941101,78.05085913517063,76.62877537627428,75.55791092291071,,,,,,,78.77596041707618,77.01239650182734,75.39884552048686,75.75295344513849,,77.84342607138205,77.14261433401826,77.99575834092863,"rgba(38, 166, 154, 1.0)",0.0,0.0,2.22783510436844,77.50525340820414,1.4317696069791042,0.0,0.0,0.0,0.0,0.0,0.0,0.0,0.0,73.13519702864332,15.519257950117378,True,False,True,False,True,14.370809646534838,0,0.9737915618887956,0.9585359038837655,False,False,False,False,0.2341994432741128,0.21474841762178143,False,False,False,False,-256399.0,-275029.345183039,False,False,False,False,7114.489282200232,False,False,False,False
2025-08-22 18:00:00+00:00,80.695,80.88,80.615,80.845,2897.0,,,,,,80.73508244709421,78.30521353059163,78.10425352638995,76.67317981201072,75.5971337260352,,,,,,,78.92671873106553,77.05951492585638,75.42953673716757,75.77490435616195,,77.84791743086653,77.14721151087318,77.99712463123116,"rgba(38, 166, 154, 1.0)",0.0,0.0,2.30628611595628,77.52442175216407,1.439794579199068,0.0,0.0,0.0,0.0,0.0,0.0,0.0,0.0,73.9346094341191,16.391506369318222,True,False,True,False,True,14.818530846811193,0,0.9739997758601365,0.9607194889611108,False,False,False,False,0.2246957647352704,0.21972209117852592,False,False,False,False,-253502.0,-274695.5878933795,False,False,False,False,7049.101851468446,False,False,False,False
2025-08-22 19:00:00+00:00,80.845,81.13,80.805,80.875,6416.0,,,,,,80.7867467577428,78.44960127482591,78.22188419962457,76.77184465476635,75.68450096909112,,,,,,,79.2137646722759,77.16400833539863,75.49823225489114,75.8243438224802,,77.85834460899295,77.15778895059351,78.00031587409161,"rgba(38, 166, 154, 1.0)",0.0,0.0,2.38163738815393,77.56941496004512,1.3879464004035995,0.0,0.0,0.0,0.0,0.0,0.0,0.0,0.0,74.53241725118953,17.277872576057703,True,False,True,False,True,14.909091298957925,0,0.975498990805113,0.9569970845481041,False,False,False,False,0.24548976310715334,0.23260592714283962,False,False,False,False,-247086.0,-274267.53226712556,False,False,False,False,7039.286318887539,False,False,False,False
2025-08-25 14:00:00+00:00,80.28,80.28,79.84,79.855,2635.0,,,,,,80.71102894936571,78.48358536986547,78.25156360647043,76.80215825478835,75.7132514133239,,,,,,79.99166666666669,79.25686241528425,77.19496389636721,75.52113452665571,75.84067224335394,,77.86129823242287,77.16103386754271,78.00120333784919,"rgba(38, 166, 154, 1.0)",0.0,0.0,2.4272319866714667,77.5750946906042,0.9393025973270486,0.0,0.0,0.0,0.0,0.0,0.0,0.0,0.0,69.04278564872337,17.277872576057703,True,False,True,False,False,10.448103200759768,0,0.9730167597765362,0.9606703910614515,False,False,False,False,0.18880978178022562,0.21070785446153262,False,False,False,False,-249721.0,-273886.96587538713,False,False,False,False,6971.002810067577,False,False,False,False
2025-08-25 15:00:00+00:00,79.855,79.9,79.66,79.85,3618.0,,,,,,80.6060638603893,78.52234728806773,78.28649080623522,76.84045896531455,75.75039729516479,,,,,,79.88269657231196,79.29549411542496,77.23359074797187,75.5508940670424,75.86187692273562,,77.8649830746723,77.16518159483081,78.00230541308449,"rgba(38, 166, 154, 1.0)",0.0,0.0,2.466667650353663,77.58128156823844,0.9197503487899046,0.0,0.0,0.0,0.0,0.0,0.0,0.0,0.0,65.35816609595283,22.809557345521497,False,False,True,False,False,10.426901735882428,0,0.9712527964205816,0.9604026845637573,False,False,False,False,0.1704428955742877,0.19057537501791016,False,False,False,False,-253339.0,-273568.39276104,False,False,False,False,6919.018270376607,False,False,False,False
2025-08-25 16:00:00+00:00,79.82,80.13,79.72,80.12,3903.0,,,,,,80.5377348678602,78.567420730156,78.32687318043966,76.88323046964254,75.79153116682745,,,,,,79.9239337993961,79.34470540890551,77.27693292562556,75.58392654209305,75.88557033365049,,77.86932383860798,77.16995704007797,78.00361585675232,"rgba(38, 166, 154, 1.0)",0.0,0.0,2.5012364726062617,77.59207459858942,1.0106702941111814,0.0,0.0,0.0,0.0,0.0,0.0,0.0,0.0,63.91557142602848,21.291721737780392,False,False,True,False,False,11.297835872055565,0,0.9903740849616691,0.9536572713124667,False,False,False,False,0.17993934061887484,0.1852573578183925,False,False,False,False,-249436.0,-273194.2471368378,False,False,False,False,6872.258297192473,False,False,False,False
2025-08-25 17:00:00+00:00,80.115,80.395,79.99,80.32,5778.0,,,,,,80.4950380785003,78.63994000175619,78.39156569301664,76.94928701609815,75.85445019940174,,,,,,80.03673287728547,79.42922926936139,77.34422445323726,75.6346045757612,75.92221508134284,,77.87645609138522,77.1776086593658,78.0057915535262,"rgba(38, 166, 154, 1.0)",0.0,0.0,2.538213960270487,77.61360223956703,1.066260686764387,0.0,0.0,0.0,0.0,0.0,0.0,0.0,0.0,63.69293629562928,20.748149907748314,False,True,True,False,False,11.940705563797415,0,0.9791714880814625,0.9548137005322832,False,False,False,False,0.1975445958880988,0.19140097685324564,False,False,False,False,-243658.0,-272736.32082463877,False,False,False,False,6855.29305227476,False,False,False,False
2025-08-25 18:00:00+00:00,80.325,80.33,79.905,80.25,3887.0,,,,,,80.4661491100955,78.68319312819315,78.43103757077867,76.99131954636651,75.89509230690805,,,,,,80.06123303566925,79.47320017401064,77.38669115461076,75.66754644554024,75.9461081290864,,77.8810815491766,77.18261168018027,78.00720474123594,"rgba(38, 166, 154, 1.0)",0.0,0.0,2.5751446421379462,77.62686153412653,1.0186373312590609,0.0,0.0,0.0,0.0,0.0,0.0,0.0,0.0,63.082539808535856,19.71118503711442,False,True,True,False,False,11.628477873146508,0,0.9741414376198502,0.9601371375443073,False,False,False,False,0.1925967894684953,0.19199888316087046,False,False,False,False,-247545.0,-272345.75771107845,False,False,False,False,6809.273004952671,False,False,False,False
2025-08-25 19:00:00+00:00,80.25,80.575,80.18,80.44,9335.0,,,,,,80.45446687580736,78.79279106514156,78.53103814766817,77.09511903168922,75.99487903812863,,,,,,80.16916386564229,79.58977529404353,77.49190032819767,75.74879973775353,76.00556471675469,,77.8932587910446,77.19550777198437,78.01096307904226,"rgba(38, 166, 154, 1.0)",0.0,0.0,2.6155323851295487,77.6642134311215,1.0612701967140872,0.0,0.0,0.0,0.0,0.0,0.0,0.0,0.0,63.472891978500975,19.60242284946702,False,True,True,False,False,12.252605545311269,0,0.968403322297729,0.9610849741534518,False,False,False,False,0.20979065785548007,0.20089477050817528,False,False,False,False,-238210.0,-271816.52115741826,False,False,False,False,6848.431563015421,False,False,False,False
2025-08-26 14:00:00+00:00,80.77,80.91,79.78,80.07,5225.0,,,,,,80.43677904008528,78.84322548773396,78.57868438422697,77.14807213515262,76.04704872516909,,,,,,80.18195539202854,79.63349262990657,77.54486017819083,75.79169153603266,76.03708002247315,,77.89963181622811,77.20235619521816,78.01293409558282,"rgba(38, 166, 154, 1.0)",0.0,0.0,2.645472874503442,77.68198596673682,0.9026794628205773,0.0,0.0,0.0,0.0,0.0,0.0,0.0,0.0,61.145877735361466,16.943495606930796,False,True,True,False,False,10.577807282065972,0,0.9612210744993941,0.9627214495931666,False,False,False,False,0.20763492753087284,0.20426484901952408,False,False,False,False,-243435.0,-271376.49757358234,False,False,False,False,6823.262081418282,False,False,False,False
2025-08-26 15:00:00+00:00,80.025,80.6,80.025,80.555,10902.0,,,,,,80.43004318538429,78.94740438556475,78.67771329625792,77.2577668537294,76.15537718838999,,,,,,80.2328451810466,79.7253214202574,77.65445859685283,75.88133390870735,76.10348829150062,,77.91360335338126,77.21719834194303,78.01729179085713,"rgba(38, 166, 154, 1.0)",0.0,0.0,2.6819107213180784,77.72125969609867,1.0566124671400838,0.0,0.0,0.0,0.0,0.0,0.0,0.0,0.0,61.78738068726253,16.943495606930796,False,True,True,False,False,12.190397716611194,0,0.957880200241671,0.9698486679325614,False,False,False,False,0.27975574553932464,0.24201029727942436,False,False,False,False,-232533.0,-270774.2728049996,False,False,False,False,6886.498328217998,False,False,False,False
2025-08-26 16:00:00+00:00,80.575,80.78,80.43,80.605,7335.0,,,,,,80.44656958824844,79.01911500510178,78.74597066908731,77.33219716651764,76.22876417875995,,,,,,80.28472392210524,79.79147046461084,77.72891262068009,75.94244477818678,76.14918970866754,,77.9237107040923,77.22776719761474,78.02047512122711,"rgba(38, 166, 154, 1.0)",0.0,0.0,2.716101674516256,77.74981503896666,1.0512069514267577,0.0,0.0,0.0,0.0,0.0,0.0,0.0,0.0,62.42719934157679,16.943495606930796,False,True,True,False,False,12.355356221130712,0,0.9708059210526315,0.9640507518796982,False,False,False,False,0.302613708616124,0.2723120029477742,False,False,False,False,-225198.0,-270067.6639243019,False,False,False,False,6893.451842509192,False,False,False,False
2025-08-26 17:00:00+00:00,80.6,81.03,80.55,81.03,4687.0,,,,,,80.47067260552919,79.06890435960422,78.79297520401016,77.38176100675932,76.27716707644956,,,,,,80.33259389814734,79.84091797008735,77.77875680229502,75.98284559707612,76.1796177749785,,77.93076394844233,77.23501335305696,78.0227132880083,"rgba(38, 166, 154, 1.0)",0.0,0.0,2.761098896657051,77.7700808307793,1.180660052838955,0.0,0.0,0.0,0.0,0.0,0.0,0.0,0.0,64.56538612969217,16.943495606930796,False,True,True,False,True,13.7505788330798,0,0.9728745890089242,0.9573743541568802,False,False,False,False,0.3172295489711951,0.29477077595948464,False,False,False,False,-220511.0,-269299.3435533825,False,False,False,False,6859.243286811375,False,False,False,False
2025-08-26 18:00:00+00:00,81.03,81.355,80.805,81.18,10543.0,,,,,,80.54362077689973,79.18555405827142,78.90300379002541,77.49576430161746,76.38801761571821,,,,,,80.45391414141413,79.95987336028989,77.89368130718614,76.07575291294016,76.25012761025599,,77.94781017630885,77.25229215518321,78.0281641881363,"rgba(38, 166, 154, 1.0)",0.0,0.0,2.804170321002777,77.81856154181264,1.1987283486351528,0.0,0.0,0.0,0.0,0.0,0.0,0.0,0.0,66.54327575200529,16.943495606930796,False,False,True,False,True,14.237959352329113,0,0.9773259901570189,0.9514295758143886,False,False,False,False,0.3404103816777692,0.31759057881862696,False,False,False,False,-209968.0,-268379.47776185715,False,False,False,False,6916.355793992593,False,False,False,False
2025-08-26 19:00:00+00:00,81.175,81.29,80.68,80.84,15768.0,,,,,,80.6006621721123,79.3232352183445,79.03767824694324,77.64611540021193,76.53878000964121,,,,,,80.54494985010842,80.07969471716117,78.04284271178855,76.20393161128197,76.34820195014353,,77.97156231908895,77.27667935731145,78.03581593149289,"rgba(38, 166, 154, 1.0)",0.0,0.0,2.838316532514006,77.87967702067247,1.0429854970070787,0.0,0.0,0.0,0.0,0.0,0.0,0.0,0.0,65.05520125553011,16.943495606930796,False,False,True,False,True,12.625246625832414,0,0.9814901593252109,0.9491565135895023,False,False,False,False,0.33277888207714584,0.3251847304478864,False,False,False,False,-225736.0,-267718.33857175085,False,False,False,False,7053.59058788418,False,False,False,False
2025-08-27 14:00:00+00:00,82.14,82.14,80.885,80.99,3557.0,,,,,,80.62404659839999,79.35835311899815,79.07154123028074,77.6821540896036,76.57439916362922,,,,,,80.57732300521187,80.11358579550185,78.0788846389574,76.23429283743901,76.37164839594561,,77.97758709235895,77.282735002181,78.03777471149532,"rgba(38, 166, 154, 1.0)",0.0,0.0,2.8686751030485134,77.89536990096022,1.0787663251760864,0.0,0.0,0.0,0.0,0.0,0.0,0.0,0.0,64.77051365155572,16.943495606930796,False,False,True,False,True,13.128612195659962,0,0.9850997217068644,0.935760667903524,False,False,False,False,0.3428282466881366,0.3340064885680115,False,False,False,False,-222179.0,-267012.3023148245,False,False,False,False,6999.379881095278,False,False,False,False
2025-08-27 15:00:00+00:00,81.05,81.28,80.89,81.015,4218.0,,,,,,80.63990128122539,79.39284096254836,79.10568111539051,77.72082287591985,76.61354469357127,,,,,,80.59967708344732,80.1429218659448,78.1170734330545,76.26790747136306,76.39763498270845,,77.98411771827705,77.28940433014112,78.03990003075984,"rgba(38, 166, 154, 1.0)",0.0,0.0,2.893116851618791,77.91144685911574,1.0727368786185465,0.0,0.0,0.0,0.0,0.0,0.0,0.0,0.0,64.7046300760125,16.943495606930796,False,False,True,False,True,13.213411356900501,0,0.98891918547311,0.9422173232000918,False,False,False,False,0.31013881126743953,0.32207264991772555,False,False,False,False,-217961.0,-266251.81700761785,False,False,False,False,6956.2577123961255,False,False,False,False
2025-08-27 16:00:00+00:00,81.07,81.41,80.98,81.34,1358.0,,,,,,80.64685865815383,79.40482574240112,79.11742251424735,77.7337515810982,76.62651160416526,,,,,,80.60910128411088,80.15377611524725,78.1299069657306,76.27903678459305,76.4062637793245,,77.98633816083156,77.2916497026346,78.04062474789147,"rgba(38, 166, 154, 1.0)",0.0,0.0,2.920356401797043,77.91699013067546,1.1721205902191232,0.0,0.0,0.0,0.0,0.0,0.0,0.0,0.0,66.21761352373014,16.943495606930796,False,False,True,False,True,14.316697549735313,0,0.9931909445382062,0.9402316242798106,False,False,False,False,0.3184864365803296,0.3202795432490276,False,False,False,False,-216603.0,-265482.0679067245,False,False,False,False,6869.463019180681,False,False,False,False
2025-08-27 17:00:00+00:00,81.25,81.62,81.095,81.51,2343.0,,,,,,80.66171085637858,79.42696587948791,79.13892888910259,77.75687444774792,76.64950736024566,,,,,,80.62879379968872,80.17476932727695,78.15296349825257,76.298756270049,76.42158466445042,,77.99035577452115,77.29567923115776,78.04193873281378,"rgba(38, 166, 154, 1.0)",0.0,0.0,2.926889121222622,77.92714353645681,1.2241175921438943,0.0,0.0,0.0,0.0,0.0,0.0,0.0,0.0,67.96439342312604,14.328440694449725,False,False,True,False,True,14.889603121096801,0,0.9934891291710264,0.9357632833391456,False,False,False,False,0.3308975855915889,0.32558856442030826,False,False,False,False,-214260.0,-264687.92731902335,False,False,False,False,6799.2852979530735,False,False,False,False
2025-08-27 18:00:00+00:00,81.49,81.58,81.23,81.545,3386.0,,,,,,80.68336697378932,79.45879201890357,79.16988509745634,77.79017158382686,76.6826508125458,,,,,,80.65708689588877,80.2049189353156,78.18615254596547,76.32722701419044,76.44375160463942,,77.99621861147463,77.30154982089888,78.04386025524467,"rgba(38, 166, 154, 1.0)",0.0,0.0,2.940442944815468,77.94183926513622,1.2253802581739601,0.0,0.0,0.0,0.0,0.0,0.0,0.0,0.0,69.28496486810897,15.731750454080895,True,False,True,False,True,15.008589147430722,0,0.9968030690537084,0.9334457102999293,False,False,False,False,0.33454396441093837,0.3300662644156233,False,False,False,False,-210874.0,-263853.60286446486,False,False,False,False,6746.366146046824,False,False,False,False
2025-08-27 19:00:00+00:00,81.54,82.15,81.455,81.78,9478.0,,,,,,80.76259141038173,79.55725293147226,79.26468874866958,77.88871122066377,76.77954577570877,,,,,,80.75699000827498,80.30349684724165,78.28500507682188,76.41050325213574,76.5089581262918,,78.01414476070985,77.31924697245272,78.04976816955259,"rgba(38, 166, 154, 1.0)",0.0,0.0,2.948644463338105,77.98702370969944,1.2863457556380333,0.0,0.0,0.0,0.0,0.0,0.0,0.0,0.0,71.19694694349329,17.647615419862774,True,False,True,False,True,15.811299588979459,0,0.9963541666666665,0.9300347222222212,False,False,False,False,0.34282824691506364,0.3364472556653435,False,False,False,False,-201396.0,-262885.2679363336,False,False,False,False,6788.717058511214,False,False,False,False
2025-08-28 14:00:00+00:00,81.495,81.57,80.79,80.87,462.0,,,,,,80.76367871344503,79.5603679625825,79.26787288075425,77.89253017083051,76.78351204770335,,,,,,80.75835224163269,80.3058262794762,78.28872751787749,76.41396482548696,76.51166957691163,,78.01484904385593,77.31996817134558,78.05000052921287,"rgba(38, 166, 154, 1.0)",0.0,0.0,2.917463931704387,77.98861096146605,0.9876348451892055,0.0,0.0,0.0,0.0,0.0,0.0,0.0,0.0,64.35851669703257,18.447232934509486,False,False,True,False,False,11.251119123771947,0,0.9840367499282228,0.9372380132070046,False,False,False,False,0.2968147013773887,0.3166309785213661,False,False,False,False,-201858.0,-261939.1087435222,False,False,False,False,6690.628421945149,False,False,False,False
2025-08-28 15:00:00+00:00,80.87,81.1,80.72,81.08,1142.0,,,,,,80.76540102084788,79.5674587216858,79.27522005933223,77.90160617999851,76.79303437782386,,,,,,80.76052360958988,80.31071138053501,78.29752504883194,76.42229801537502,76.51819694467859,,78.01652605109295,77.3216975230589,78.05055386826577,"rgba(38, 166, 154, 1.0)",0.0,0.0,2.8788353939099034,77.99231178901155,1.0725476758832289,0.0,0.0,0.0,0.0,0.0,0.0,0.0,0.0,61.07665485361112,15.675214842792798,False,True,True,False,False,11.99612759163757,0,0.9818077474892395,0.9442754662840736,False,False,False,False,0.2772406930842822,0.2969358358028241,False,False,False,False,-200716.0,-260989.9132591265,False,False,False,False,6604.603175093286,False,False,False,False
2025-08-28 16:00:00+00:00,81.04,81.25,80.955,81.11,1439.0,,,,,,80.76899340601177,79.57716574533117,79.28513780859724,77.91347928031887,76.80536728222681,,,,,,80.76498942933421,80.31804170808614,78.30909886552458,76.43307339972795,76.526649623623,,78.01873544553222,77.32395690570101,78.05128387682979,"rgba(38, 166, 154, 1.0)",0.0,0.0,2.8297300224585205,77.99727966897485,1.1000061158911396,0.0,0.0,0.0,0.0,0.0,0.0,0.0,0.0,59.07571501297031,14.016726587739868,False,True,True,False,False,12.103277682163576,1,0.9846224997109491,0.9488380159556008,False,False,False,False,0.2911741954139627,0.2940550156083934,False,False,False,False,-199277.0,-260033.12390627182,False,False,False,False,6524.516304161607,False,False,False,False
2025-08-28 17:00:00+00:00,81.105,81.2,80.915,81.05,943.0,,,,,,80.7709623948721,79.58325470166133,79.29140199625672,77.92109114509063,76.81331750194752,,,,,,80.7674324799152,80.32247187656714,78.31649704431106,76.4400325432371,76.53211161549687,,78.02015815517977,77.32541649260376,78.05175424427449,"rgba(38, 166, 154, 1.0)",0.0,0.0,2.789652159530684,78.00044075094937,1.093168278572649,0.0,0.0,0.0,0.0,0.0,0.0,0.0,0.0,57.24616576831856,12.391660819338739,False,True,True,False,False,11.802005537902875,1,0.980081065431384,0.9475390851187019,False,False,False,False,0.28790733488043524,0.29098117524441436,False,False,False,False,-200220.0,-259105.78865191102,False,False,False,False,6437.981167662977,False,False,False,False
2025-08-28 18:00:00+00:00,81.045,81.4,80.95,81.38,2553.0,,,,,,80.77960549419835,79.60156803182588,79.30992823639485,77.94274234487668,76.83564181215849,,,,,,80.77804407761622,80.33721873738926,78.33769144476341,76.45953300585622,76.54744605169552,,78.02424181082776,77.3295615858847,78.05310674971722,"rgba(38, 166, 154, 1.0)",0.0,0.0,2.7442346608620856,78.00972022075831,1.2281310440787634,0.0,0.0,0.0,0.0,0.0,0.0,0.0,0.0,58.24081583394975,12.391660819338739,False,True,True,False,False,13.00541888635578,1,0.9790569858258605,0.9461382701764524,False,False,False,False,0.2964502470090541,0.2937157111267342,False,False,False,False,-197667.0,-258153.24929296665,False,False,False,False,6377.748901497659,False,False,False,False
2025-08-28 19:00:00+00:00,81.375,81.97,81.375,81.845,7691.0,,,,,,80.8292555698954,79.67002728092663,79.37720104622979,78.01566520960131,76.9088326923401,,,,,,80.83796496052467,80.40131874630985,78.41011465744339,76.52321356847996,76.59776973258101,,78.03833209738606,77.34354216142984,78.05779480093948,"rgba(38, 166, 154, 1.0)",0.0,0.0,2.708833328206611,78.04297554014823,1.403565298854656,0.0,0.0,0.0,0.0,0.0,0.0,0.0,0.0,61.35549859587501,12.391660819338739,False,True,True,False,True,14.6575607174059,1,0.985057404950095,0.9384411238677656,False,False,False,False,0.3331087844249213,0.31341224777582777,False,False,False,False,-189976.0,-257096.23767602144,False,False,False,False,6398.109383644982,False,False,False,False
2025-08-29 14:00:00+00:00,82.57,82.57,81.76,82.03,2420.0,,,,,,80.85012967789362,79.69457397141362,79.4009834489447,78.04038193485349,76.93323832488915,,,,,,80.86286363952513,80.42585221865686,78.43486993578132,76.54441089595211,76.614590690936,,78.04320955710496,77.34831232934864,78.05942384016565,"rgba(38, 166, 154, 1.0)",0.0,0.0,2.678943448451803,78.30674714608372,1.3898213700882696,0.0,0.0,0.0,0.0,0.0,0.0,0.0,0.0,64.25794274967654,8.811917438374657,False,False,True,False,True,15.303416826099063,1,0.9991294759445186,0.9326214381057387,False,False,False,False,0.34282824718064325,0.32812024747823554,False,False,False,False,-187556.0,-256018.09445623815,False,False,False,False,6336.4332691698655,False,False,False,False
2025-08-29 15:00:00+00:00,82.03,82.24,81.72,82.195,1954.0,,,,,,80.86561711985084,79.71348949242477,79.41941232283699,78.05979232240487,76.95252075139456,,,,,,80.88121794669196,80.4443775876748,78.45425231038989,76.56120128368957,76.62793032715699,,78.04707343708019,77.35210193960911,78.0607161160041,"rgba(38, 166, 154, 1.0)",0.0,0.0,2.653892011897543,78.31415793062526,1.4623210183295738,0.0,0.0,0.0,0.0,0.0,0.0,0.0,0.0,66.9038013151596,11.311409797064748,True,False,True,False,True,15.879305551861304,0,1.0138270447621278,0.9208460276540885,False,False,False,False,0.3295020255473178,0.32881113651277666,False,False,False,False,-185602.0,-254926.37206156776,False,False,False,False,6268.488567322271,False,False,False,False
2025-08-29 16:00:00+00:00,82.195,82.32,82.09,82.1,1675.0,,,,,,80.87987206588852,79.7302726316047,79.43570813806114,78.07677112259816,76.96931558903697,,,,,,80.89805196189289,80.46106966926733,78.4712436981749,76.5758214413175,76.6395616308024,,78.05047738987808,77.35542727039227,78.06185603550078,"rgba(38, 166, 154, 1.0)",0.0,0.0,2.6333938845820364,78.32316756309116,1.4342071875466058,0.0,0.0,0.0,0.0,0.0,0.0,0.0,0.0,67.60624010902765,12.073625999922292,True,False,True,False,True,15.367136645568099,0,1.02050798514939,0.911721374270728,False,False,False,False,0.34282824720880084,0.33581969186078875,False,False,False,False,-187277.0,-253877.54458774498,False,False,False,False,6197.2716903095225,False,False,False,False
2025-08-29 17:00:00+00:00,82.08,82.19,82.025,82.12,2033.0,,,,,,80.895997025151,79.74985755740651,79.45481286449079,78.0969003022384,76.98932829939942,,,,,,80.91699198319363,80.48022365682233,78.4913370926536,76.59328034095486,76.65346527148542,,78.0545429346672,77.35940834075454,78.06321910852195,"rgba(38, 166, 154, 1.0)",0.0,0.0,2.6166695151191735,78.33247983394116,1.4474583603983866,0.0,0.0,0.0,0.0,0.0,0.0,0.0,0.0,68.18132683832388,12.850766162406387,True,False,True,False,True,15.439245519638192,0,1.0252752456493428,0.9069492127382491,False,False,False,False,0.33581795876180104,0.3358188253112949,False,False,False,False,-185244.0,-252813.45862514427,False,False,False,False,6132.709338521778,False,False,False,False
2025-08-29 18:00:00+00:00,82.12,82.14,81.88,82.07,1480.0,,,,,,80.90670185352911,79.76342770532828,79.46812792734252,78.11113271963393,77.00356889839934,,,,,,80.92949503344771,80.4932061499334,78.50549905491755,76.60573403642258,76.6633918215103,,78.05743801446178,77.36225259117442,78.06419082721109,"rgba(38, 166, 154, 1.0)",0.0,0.0,2.582142821292453,78.33838691535706,1.4451613806455241,0.0,0.0,0.0,0.0,0.0,0.0,0.0,0.0,67.91171248386205,12.896726996775307,True,False,True,False,True,15.161122909658285,0,1.0206995003568877,0.9116107542231727,False,False,False,False,0.32883934677867327,0.3323290860449841,False,False,False,False,-186724.0,-251788.81585576216,False,False,False,False,6060.574310017564,False,False,False,False
2025-08-29 19:00:00+00:00,82.06,82.445,82.045,82.445,8190.0,,,,,,80.97645103411489,79.84467564530298,79.547225643168,78.19359583078653,77.08527675867417,,,,,,81.01038789797389,80.57376911314985,78.58796623800593,76.67715728424609,76.7205159081507,,78.07451337308194,77.37887564589988,78.06994081768616,"rgba(38, 166, 154, 1.0)",0.0,0.0,2.568183459039058,78.38205067956378,1.582032352920947,0.0,0.0,0.0,0.0,0.0,0.0,0.0,0.0,69.82569732629608,15.02188089530108,True,False,True,False,True,16.537049559359392,0,1.0276378896882494,0.907134292565946,False,False,False,False,0.3428282472367402,0.33757866664086217,False,False,False,False,-178534.0,-250653.08227660306,False,False,False,False,6093.588661800238,False,False,False,False
2025-09-01 14:00:00+00:00,82.445,82.445,82.445,82.445,0.0,,,,,,80.97645103411489,79.84467564530298,79.547225643168,78.19359583078653,77.08527675867417,,,,,,81.01038789797389,80.57376911314985,78.58796623800593,76.67715728424609,76.7205159081507,,78.07451337308194,77.37887564589988,78.06994081768616,"rgba(38, 166, 154, 1.0)",0.0,0.0,2.5412284980461246,78.38205067956378,1.5988130636659,0.0,0.0,0.0,0.0,0.0,0.0,0.0,0.0,71.1016872212521,16.497572653900022,True,False,True,False,True,16.537049559359392,0,1.0376662636033855,0.8970374848851258,False,False,False,False,0.34282824737324896,0.34020345700705557,False,False,False,False,-178534.0,-249534.95696998906,False,False,False,False,5999.11441898163,False,False,False,False
2025-09-01 15:00:00+00:00,82.445,82.445,82.445,82.445,0.0,,,,,,80.97645103411489,79.84467564530298,79.547225643168,78.19359583078653,77.08527675867417,,,,,,81.01038789797389,80.57376911314985,78.58796623800593,76.67715728424609,76.7205159081507,,78.07451337308194,77.37887564589988,78.06994081768616,"rgba(38, 166, 154, 1.0)",0.0,0.0,2.5197729323558216,78.38205067956378,1.6124267660251546,0.0,0.0,0.0,0.0,0.0,0.0,0.0,0.0,71.9523471512228,17.575140366299195,True,False,True,False,True,16.537049559359392,0,1.0401633349585566,0.8935275475377853,False,False,False,False,0.34282824737324896,0.34151585219015224,False,False,False,False,-178534.0,-248434.1669394466,False,False,False,False,5906.104893105945,False,False,False,False
2025-09-01 16:00:00+00:00,82.445,82.445,82.445,82.445,0.0,,,,,,80.97645103411489,79.84467564530298,79.547225643168,78.19359583078653,77.08527675867417,,,,,,81.01038789797389,80.57376911314985,78.58796623800593,76.67715728424609,76.7205159081507,,78.07451337308194,77.37887564589988,78.06994081768616,"rgba(38, 166, 154, 1.0)",0.0,0.0,2.5078921374284318,78.38205067956378,1.6200654166101125,0.0,0.0,0.0,0.0,0.0,0.0,0.0,0.0,72.51945377120325,18.405845576432768,True,False,True,False,True,16.537049559359392,0,1.0574998445950143,0.8853111207807535,False,False,False,False,0.34282824737324896,0.34217204978170057,False,False,False,False,-178534.0,-247350.44342100553,False,False,False,False,5814.537375383372,False,False,False,False
2025-09-01 17:00:00+00:00,82.445,82.445,82.445,82.445,0.0,,,,,,80.97645103411489,79.84467564530298,79.547225643168,78.19359583078653,77.08527675867417,,,,,,81.01038789797389,80.57376911314985,78.58796623800593,76.67715728424609,76.7205159081507,,78.07451337308194,77.37887564589988,78.06994081768616,"rgba(38, 166, 154, 1.0)",0.0,0.0,2.4674909530950506,78.38205067956378,1.6465913746674266,0.0,0.0,0.0,0.0,0.0,0.0,0.0,0.0,72.89752485119021,19.079356973909853,True,False,True,False,True,16.537049559359392,0,1.0567666330645158,0.8841985887096763,False,False,False,False,0.34282824737324896,0.3425001485774748,False,False,False,False,-178534.0,-246283.52181757908,False,False,False,False,5724.389509098358,False,False,False,False
2025-09-01 18:00:00+00:00,82.445,82.445,82.445,82.445,0.0,,,,,,80.97645103411489,79.84467564530298,79.547225643168,78.19359583078653,77.08527675867417,,,,,,81.01038789797389,80.57376911314985,78.58796623800593,76.67715728424609,76.7205159081507,,78.07451337308194,77.37887564589988,78.06994081768616,"rgba(38, 166, 154, 1.0)",0.0,0.0,2.4148204697043547,78.38205067956378,1.6825057479049954,0.0,0.0,0.0,0.0,0.0,0.0,0.0,0.0,73.14957223784819,19.64800814018693,True,False,True,False,True,16.537049559359392,0,1.0459755476311765,0.8913652572592959,False,False,False,False,0.34282824737324896,0.34266419797536185,False,False,False,False,-178534.0,-245233.1416343608,False,False,False,False,5635.639284151096,False,False,False,False
2025-09-01 19:00:00+00:00,82.445,82.445,82.445,82.445,0.0,,,,,,80.97645103411489,79.84467564530298,79.547225643168,78.19359583078653,77.08527675867417,,,,,,81.01038789797389,80.57376911314985,78.58796623800593,76.67715728424609,76.7205159081507,,78.07451337308194,77.37887564589988,78.06994081768616,"rgba(38, 166, 154, 1.0)",0.0,0.0,2.359698700037179,78.38205067956378,1.7218085174908992,0.0,0.0,0.0,0.0,0.0,0.0,0.0,0.0,73.31760382895351,20.141925555044395,True,False,True,False,True,16.537049559359392,0,1.0441138753526542,0.888945883559886,False,False,False,False,0.34282824737324896,0.34274622267430543,False,False,False,False,-178534.0,-244199.04641522342,False,False,False,False,5548.265031683637,False,False,False,False
2025-09-02 14:00:00+00:00,81.44,81.91,81.335,81.34,4566.0,,,,,,80.99131433660891,79.87408096977579,79.57747955365883,78.22969867686545,77.1230816207748,,,,,81.52833333333335,81.02675380381628,80.59677782470217,78.62306018585079,76.71077682511782,76.74747228842871,,78.08222471522409,77.38663075584505,78.07254898139269,"rgba(239, 83, 80, 1.0)",0.0,0.0,2.293869509001433,78.60855632857604,1.1907580883330249,0.0,0.0,0.0,0.0,0.0,0.0,0.0,0.0,59.58185275079073,13.795512074358392,False,True,True,False,False,9.910014860174002,0,1.03668322506687,0.8900140109540176,False,False,False,False,0.2859316459172382,0.3143389342957718,False,False,False,False,-183100.0,-243251.77437777809,False,False,False,False,5533.036116463736,False,False,False,False
2025-09-02 15:00:00+00:00,81.32,81.64,81.14,81.52,6322.0,,,,,,81.00720449979151,79.91089641602898,79.61590763340278,78.27701158447277,77.17326968980338,,,,,81.47317260592702,81.04379593040989,80.6237951932377,78.66874581390826,76.75566098749357,76.78356862838274,,78.09255225506735,77.39707541119071,78.07605461518361,"rgba(239, 83, 80, 1.0)",0.0,0.0,2.225551631183866,78.61891909470899,1.3035334092643818,0.0,0.0,0.0,0.0,0.0,0.0,0.0,0.0,52.544671490292366,7.957810438748631,False,True,False,False,False,10.683987479467007,0,1.0338400865084916,0.8916735576617252,False,False,False,False,0.27018400970089995,0.29226147199833585,False,False,False,False,-176778.0,-242221.17322463423,False,False,False,False,5545.268114658096,False,False,False,False
2025-09-02 16:00:00+00:00,81.54,81.61,81.22,81.46,3882.0,,,,,,81.01633587772103,79.93260596477926,79.6386836751855,78.30534764037924,77.20348874783292,,,,,81.46182554728053,81.05348672983945,80.63947231767467,78.69603714481882,76.78278225752209,76.80544346885766,,78.09885606068718,77.40345696172453,78.0782014807199,"rgba(239, 83, 80, 1.0)",0.0,0.0,2.1558394865791723,78.6274705175089,1.313887003241451,0.0,0.0,0.0,0.0,0.0,0.0,0.0,0.0,47.41801482873208,3.894960845334822,False,True,False,True,False,10.338835153225418,0,1.0390679859559524,0.8909671241621439,False,False,False,False,0.2718709119262531,0.2820661919622945,False,False,False,False,-180660.0,-241266.73643045384,False,False,False,False,5519.481012105257,False,False,False,False
2025-09-02 17:00:00+00:00,81.46,81.46,80.635,80.645,10184.0,,,,,,81.01081279024463,79.96804568233728,79.67932789470501,78.36541862777698,77.27131683279113,,,,,81.23797988298469,81.0448306265111,80.65276479297931,78.75207580040355,76.84471209455594,76.85555943092554,,78.11273327487947,77.41796677081487,78.08295435479013,"rgba(239, 83, 80, 1.0)",0.0,0.0,2.097916330059412,78.62875431143492,0.9610705916512787,0.0,0.0,0.0,0.0,0.0,0.0,0.0,0.0,39.76959193434977,-2.5668610766596203,False,True,False,True,False,5.826068545234097,0,1.024183796856106,0.8994463183351354,False,False,False,False,0.24721962945543205,0.26464291070886325,False,False,False,False,-190844.0,-240484.98857881888,False,False,False,False,5591.799135948586,False,False,False,False
2025-09-02 18:00:00+00:00,80.65,80.85,80.44,80.515,6451.0,,,,,,80.99737230768709,79.98222486245726,79.69758880571747,78.39757724945574,77.30944548858278,,,,,81.10727278034284,81.02814566882414,80.65124060776164,78.78121989933337,76.88005736993263,76.88428726081078,,78.12048274761408,77.42628201240414,78.08562618786327,"rgba(239, 83, 80, 1.0)",0.0,0.0,2.034752885809059,78.62752173740499,0.9276203885782969,0.0,0.0,0.0,0.0,0.0,0.0,0.0,0.0,34.19959376011952,-7.126976690698228,False,True,False,True,False,5.136328767139602,0,1.0164153464401602,0.9100337214481125,False,False,False,False,0.22055333756535486,0.24259812413710907,False,False,False,False,-197295.0,-239815.37635279068,False,False,False,False,5605.120079577289,False,False,True,False
2025-09-02 19:00:00+00:00,80.55,81.025,80.525,80.94,8951.0,,,,,,80.99007593541391,80.00775580788967,79.7278656785669,78.44516340247836,77.3644973975712,,,,,81.04577340833251,81.01830839258841,80.65834510700648,78.82505499316771,76.9309550726244,76.92583006826547,,78.13213803859455,77.4385725194063,78.08965966662454,"rgba(239, 83, 80, 1.0)",0.0,0.0,1.974917872622949,78.63840558304729,1.1654127236672844,0.0,0.0,0.0,0.0,0.0,0.0,0.0,0.0,34.97887990013522,-7.126976690698228,False,True,False,True,False,7.070139831847506,0,1.0191232528589578,0.9060991105463775,False,False,False,False,0.22913062156767347,0.23586437285239126,False,False,False,False,-188344.0,-239017.3705178637,False,False,False,False,5656.994186870665,False,False,False,False
2025-09-03 14:00:00+00:00,80.66,80.7,80.37,80.68,978.0,,,,,,80.98814775947703,80.00964349788569,79.73035746550634,78.44972402088757,77.36998757103922,,,,,81.03483165594103,81.01596161201583,80.65802078267713,78.82915578231781,76.93609006049714,76.93003271694357,80.58333333333333,78.13328956086309,77.43981274256272,78.09006004783609,"rgba(239, 83, 80, 1.0)",0.0,0.0,1.9156136621732007,78.79611628637537,0.9834361441583357,1.0,80.7,80.37,0.0,0.0,0.0,0.0,0.0,34.188060532377,-7.126976690698228,False,True,False,True,False,5.676129369253005,0,1.0138915440005094,0.9127636525839533,False,False,True,False,0.21332054499307498,0.2245924589227331,False,False,False,False,-189322.0,-238246.89965712163,False,False,False,False,5584.451641337786,False,False,False,False
2025-09-03 15:00:00+00:00,80.68,80.75,80.38,80.54,5197.0,,,,,,80.97754551156879,80.01901356844651,79.7429523197804,78.47333713954234,77.39861094835884,,,,,80.98142589528129,81.0031607934831,80.65574442691789,78.85030357885978,76.9629387276655,76.95204232139406,80.56089014844804,78.13932413298754,77.44633102741432,78.09216274846814,"rgba(239, 83, 80, 1.0)",0.0,0.0,1.8567880530302217,78.79774975290148,0.9383140117986141,0.0,0.0,0.0,0.0,0.0,0.0,0.0,0.0,32.995824688252256,-8.262580512957356,False,True,False,True,False,4.930161430687338,0,1.0070795331334903,0.9147267045092149,False,False,False,False,0.21529091494271868,0.2199416869327259,False,False,False,False,-194519.0,-237568.94772445306,False,False,False,False,5578.444639146503,False,False,False,False
2025-09-03 16:00:00+00:00,80.575,81.235,80.485,81.16,890.0,,,,,,80.97747198981762,80.0217658045505,79.74612088963256,78.47810059491272,77.40408075184776,,,,,80.98102377287137,81.00295576940526,80.65691018217562,78.85471716969899,76.96800830682672,76.95620351381469,80.61116725642839,78.14052648266477,77.4475889662036,78.0925813549486,"rgba(239, 83, 80, 1.0)",0.0,0.0,1.8043373668289382,78.80193556755657,1.3068866586671903,0.0,0.0,0.0,0.0,1.0,81.125,80.75,0.0,37.60457421376967,-8.262580512957356,False,True,False,True,True,7.740547687527922,0,1.0080979404450674,0.9135369508384863,False,False,False,False,0.23475674024929638,0.22734921359101112,False,False,False,False,-193629.0,-236887.70822484914,False,False,False,False,5505.755574973688,False,False,False,False
2025-09-03 17:00:00+00:00,81.13,81.45,81.125,81.24,1165.0,,,,,,80.97907687841241,80.02653290446494,79.75130219660618,78.4850879437893,77.41184064877388,,,,,80.98799283744289,81.00461629111767,80.65997803955165,78.86131783817997,76.97514150650349,76.96206041885338,80.70466443904414,78.14227260143792,77.44938022284778,78.09318865955491,"rgba(239, 83, 80, 1.0)",0.0,0.0,1.7810870959178469,78.80989697689071,1.3643931443212094,0.0,0.0,0.0,0.0,0.0,0.0,0.0,0.0,41.25849516280754,-8.262580512957356,False,True,False,True,True,8.093871589211748,0,1.0189609890461848,0.9081416949586816,False,False,False,False,0.2632832685044523,0.2453162410477317,False,False,False,False,-192464.0,-236198.96856244837,False,False,False,False,5438.457038927585,False,False,False,False
2025-09-03 18:00:00+00:00,81.24,81.56,81.17,81.235,1341.0,,,,,,80.98121468689942,80.03219391169813,79.75741756811044,78.49323128428874,77.42084960379847,,,,,80.9969550543794,81.00685559037562,80.66375724935509,78.86902788098877,76.98341833305405,76.9688604821037,80.79111308466548,78.1443121769687,77.4514669580127,78.09389841640143,"rgba(239, 83, 80, 1.0)",0.0,0.0,1.761206251255446,78.8181692674391,1.3722587748244135,0.0,0.0,0.0,0.0,0.0,0.0,0.0,0.0,43.657192404823405,-14.884367050085864,False,True,False,True,True,8.06604261788896,0,1.0162231484450142,0.907277973709521,False,False,False,False,0.268498607478681,0.25690742426320634,False,False,False,False,-193805.0,-235541.6977320228,False,False,False,False,5374.930573207777,False,False,False,False
2025-09-03 19:00:00+00:00,81.245,81.73,81.175,81.57,17056.0,,,,,,81.01874898866878,80.10905855143709,79.83926165316866,78.598858491956,77.53675461835387,,,,,81.12292434896416,81.04681740052163,80.71982630327143,78.96955268228078,77.09002509217484,77.05684182113194,81.23985465880497,78.17140264218241,77.47897024326957,78.10337258839324,"rgba(38, 166, 154, 1.0)",0.0,0.0,1.7434978510908843,78.8952775568777,1.5341128418648478,0.0,0.0,0.0,0.0,0.0,0.0,0.0,0.0,47.79583082124836,-10.741391528922826,False,True,False,False,True,9.564317579030888,0,1.0127208480565366,0.9115965306778017,False,False,False,False,0.2744041031972447,0.2656557637302255,False,False,False,False,-176749.0,-234630.18303850305,False,False,False,False,5556.032424785951,False,False,False,False
2025-09-04 14:00:00+00:00,82.0,82.08,81.525,81.66,2537.0,,,,,,81.02671458585651,80.12185234490134,79.8526158361451,78.61531020501813,77.55454397988842,,,,,81.14599074606828,81.05539505931182,80.73015020598778,78.98534347517462,77.10637610278556,77.07039679488997,81.28466756960636,78.17571142644373,77.48329564259201,78.1048864882956,"rgba(38, 166, 154, 1.0)",0.0,0.0,1.7292697828805454,78.90675523286947,1.5921429926013537,0.0,0.0,0.0,0.0,0.0,0.0,0.0,0.0,51.181047054647294,-7.3504322778245665,False,True,True,False,True,9.9634108471435,0,1.0143408360128614,0.9089389067524104,False,False,False,False,0.29821852859991216,0.2819371461650688,False,False,False,False,-174212.0,-233693.4670224022,False,False,False,False,5509.225720525703,False,False,False,False
2025-09-04 15:00:00+00:00,81.57,81.9,81.5,81.89,1042.0,,,,,,81.02997337963946,80.12707611171007,79.85807069143448,78.6220354951782,77.56182146571082,,,,,81.1551071398203,81.05889943784642,80.73436503462189,78.99179670100611,77.11307063179245,77.07595134188351,81.30117984285683,78.17748224899351,77.48507310301035,78.10550933440959,"rgba(38, 166, 154, 1.0)",0.0,0.0,1.7103155180179146,78.91134397535845,1.7415827625147888,0.0,0.0,0.0,0.0,0.0,0.0,0.0,0.0,54.97234173351257,-3.593332362219371,False,True,True,False,True,10.981589307655817,0,1.0096463022508035,0.9126688102893878,False,False,False,False,0.29121133130760957,0.2865742387363392,False,False,False,False,-173170.0,-232755.11869647348,False,False,False,False,5439.96640702918,False,False,False,False
2025-09-04 16:00:00+00:00,81.89,81.985,81.63,81.72,1091.0,,,,,,81.03342382109525,80.13255982856553,79.86379348650527,78.62907979398769,77.56944136073936,,,,,81.16459648118943,81.0626089641494,80.738805166909,78.99855773279485,77.12008191862364,77.08177158374718,81.31781320893377,78.17934222003385,77.48693908647577,78.1061639159455,"rgba(38, 166, 154, 1.0)",0.0,0.0,1.6792040370961128,78.91612398038248,1.6697649348594517,0.0,0.0,0.0,0.0,0.0,0.0,0.0,0.0,55.76003580908406,-2.5636653788622112,False,False,True,False,True,9.97820178722824,0,1.0190357820370246,0.9052135801661532,False,False,False,False,0.2985610667290975,0.29256765273271834,False,False,False,False,-174261.0,-231848.23313528782,False,False,False,False,5372.540571261286,False,False,False,False
2025-09-04 17:00:00+00:00,81.72,82.18,81.71,82.13,2238.0,,,,,,81.0425425104209,80.14524047647843,79.87681412941862,78.6444726036975,77.58582972054302,,,,,81.19010098207721,81.07248976206847,80.74977103824081,79.01345549064301,77.13510038470234,77.0942441027985,81.36378470254958,78.18339330827641,77.49096515476087,78.10758939489057,"rgba(38, 166, 154, 1.0)",0.0,0.0,1.6819624102670105,78.92763825318465,1.9039437072240923,0.0,0.0,0.0,0.0,0.0,0.0,0.0,0.0,58.910431235484495,0.7595012133988632,False,False,True,False,True,11.793442501402883,0,1.0248834613616962,0.9002691878405871,False,False,False,False,0.3080078893752604,0.3002877710539894,False,False,False,False,-172023.0,-230920.71014094228,False,False,False,False,5323.943043024677,False,False,False,False
2025-09-04 18:00:00+00:00,82.13,82.4,82.13,82.375,2272.0,,,,,,81.05440611414076,80.15995197658685,79.89168028905182,78.66131496428487,77.60344565544429,,,,,81.22325982870073,81.0854128393668,80.76327886259531,79.02990516232828,77.15117044331332,77.10759815629153,81.42329451410805,78.18781382889514,77.49531158760976,78.10914487260109,"rgba(38, 166, 154, 1.0)",0.0,0.0,1.6710704208240241,78.94136673367356,2.054750789397178,0.0,0.0,0.0,0.0,0.0,0.0,0.0,0.0,62.29088934290334,4.238524257110058,True,False,True,False,True,12.851386894568165,0,1.0353065399590837,0.8909126905563243,False,False,False,False,0.3302045184760197,0.31524614476500457,False,False,False,False,-169751.0,-229972.34254185788,False,False,False,False,5276.626096621193,False,False,False,False
2025-09-04 19:00:00+00:00,82.375,83.02,82.28,82.92,10642.0,,,,,,81.1256520585015,80.23984417403315,79.97119024323709,78.7474384313181,77.69177410832444,,,,,81.40920705412515,81.16306955451768,80.84071230676545,79.1148502773929,77.23142499082438,77.17444998754564,81.72496688123893,78.21058656125594,77.51741326077249,78.11717550410125,"rgba(38, 166, 154, 1.0)",0.0,0.0,1.6654936854331839,79.01435132875658,2.3450396152223134,0.0,0.0,0.0,0.0,0.0,0.0,0.0,0.0,66.77764215240583,8.66177794832113,True,False,True,False,True,15.12618055576954,0,1.039542827115081,0.8772333158171297,False,False,False,False,0.3428282475078853,0.32903719613644494,False,False,False,False,-159109.0,-228873.6860683407,False,False,False,False,5359.810188146445,False,False,False,False
2025-09-05 14:00:00+00:00,85.275,85.53,84.155,84.155,2783.0,,,,,84.61333333333333,81.16378144641735,80.27497528793859,80.00483228997403,78.77965164218827,77.72276071376096,,,,,81.5087414050989,81.20490396149748,80.87896746364876,79.14757633338822,77.25904218517616,77.19746819243642,81.88824125230202,78.21895190165004,77.5252246051169,78.12012018415463,"rgba(38, 166, 154, 1.0)",0.0,0.0,1.6855649813364815,79.3909491295303,2.8263822060970294,0.0,0.0,0.0,0.0,0.0,0.0,0.0,0.0,72.64316599230366,14.22474453668606,True,False,True,False,True,19.798235163049537,0,1.0595552690944245,0.8579439252336439,False,False,False,False,0.3428282486805305,0.3359327224084877,False,False,False,False,-156326.0,-227748.91574169975,False,False,False,False,5319.859642593787,False,False,False,False
2025-09-05 15:00:00+00:00,84.155,84.89,84.155,84.7,3343.0,,,,,84.59605261725977,81.20808488721211,80.31613386220698,80.04433145566087,78.81767463348207,77.75944827562296,,,,,81.61928351859623,81.25337979006795,80.92352594539138,79.18615141670028,77.29180290908634,77.22481325843506,82.05950366143605,78.22892205546363,77.53454323615337,78.12363663683031,"rgba(38, 166, 154, 1.0)",0.0,0.0,1.718438199892084,79.4276341687294,3.0681148915344783,0.0,0.0,0.0,0.0,0.0,0.0,0.0,0.0,77.33508020538461,18.59056754570257,True,False,True,False,True,20.0,0,1.0713823871718606,0.8518686150265088,False,False,False,False,0.32458513064531963,0.3302589265269037,False,False,False,False,-152983.0,-226589.7542573323,False,False,False,False,5289.210655886905,False,False,False,False
2025-09-05 16:00:00+00:00,84.92,85.0,84.465,84.665,2083.0,,,,,84.62496629715353,81.23614212560163,80.34214370969897,80.06928661606436,78.84163741696752,77.78253653222168,,,,,81.68704155878783,81.28402494268333,80.951706886572,79.21047670289539,77.31242482478204,77.24204504068398,82.16051328259358,78.23524378219184,77.54044268677875,78.125869281667,"rgba(38, 166, 154, 1.0)",0.0,0.0,1.75434617835676,79.45228692957576,2.971313834597243,0.0,0.0,0.0,0.0,0.0,0.0,0.0,0.0,80.15301120188994,21.267787578343388,True,False,True,False,True,20.0,0,1.0780427578140228,0.8466437065436341,False,False,False,False,0.33653292095833615,0.33339592374261995,False,False,False,False,-155066.0,-225480.85884248995,False,False,False,False,5239.501963547574,False,False,False,False
2025-09-05 17:00:00+00:00,84.65,84.72,84.25,84.29,2703.0,,,,,84.57419431207234,81.26890317701414,80.37322910379994,80.09927546783291,78.87092126916062,77.81102458550008,,,,,81.76263932239698,81.31969236217768,80.98488249386901,79.24007701373647,77.33797212706953,77.26342415023178,82.26698619270933,78.24306219286018,77.54777458100708,78.12863670434535,"rgba(38, 166, 154, 1.0)",0.0,0.0,1.7608084317536485,79.47654660777405,2.7336610305938116,0.0,0.0,0.0,0.0,0.0,0.0,0.0,0.0,78.75812742591589,21.267787578343388,True,False,True,False,True,19.172333425108093,0,1.071665906573718,0.8504137077334017,False,False,False,False,0.3224610755459304,0.3279284996442752,False,False,False,False,-157769.0,-224431.06258136607,False,False,False,False,5200.176351709627,False,False,False,False
2025-09-05 18:00:00+00:00,84.32,84.59,84.205,84.57,3546.0,,,,,84.54496046018352,81.3113389924941,80.41364425686619,80.13830945948565,78.90911438241316,77.84822457858387,,,,,81.85691967121916,81.36578587291652,81.02788800078287,79.27866158106977,77.37137408224072,77.29141473706315,82.39437215755167,78.25334699736122,77.5574183152964,78.13228370732274,"rgba(38, 166, 154, 1.0)",0.0,0.0,1.7638862269497375,79.50913233012938,2.8691576545854103,0.0,0.0,0.0,0.0,0.0,0.0,0.0,0.0,78.53090784149455,21.267787578343388,True,False,True,False,True,20.0,0,1.0650379879486505,0.8593135970657573,False,False,False,False,0.31751582871745776,0.32272216418086647,False,False,False,False,-154223.0,-223342.56548708133,False,False,False,False,5174.530206721881,False,False,False,False
2025-09-05 19:00:00+00:00,84.56,84.845,84.43,84.73,13900.0,,,,,84.60543309354209,81.47790947221874,80.57260955598802,80.2920416749066,79.05949184869047,77.99469620371812,,,,,82.19625305002475,81.54573581313547,81.19654678856679,79.43057198243173,77.50319188238237,77.40227172723812,82.81690026780024,78.2947118308202,77.59612382519492,78.1470201654833,"rgba(38, 166, 154, 1.0)",0.0,0.0,1.7745169041867574,79.64013328382237,2.8683112029920457,0.0,0.0,0.0,0.0,0.0,0.0,0.0,0.0,78.76953883641919,21.267787578343388,True,False,True,False,True,20.0,0,1.0700026267402152,0.8514578408195419,False,False,False,False,0.3311166778654921,0.3269194210231793,False,False,False,False,-140323.0,-222055.44044076998,False,False,False,False,5309.8088081680535,False,False,False,False
2025-09-08 14:00:00+00:00,84.58,84.79,84.2,84.58,6346.0,,,,,84.59042026855694,81.54537035033155,80.63886946827424,80.35659899215507,79.12385777454362,78.05808791600552,,,,,82.31778850400657,81.61800986433198,81.26545556124941,79.49527297527432,77.56061624129927,77.45079484291368,82.95033987242203,78.31299435337914,77.6132955134936,78.15357687388816,"rgba(38, 166, 154, 1.0)",0.0,0.0,1.77322895530419,79.68973252774866,2.757831952621388,0.0,0.0,0.0,0.0,0.0,0.0,0.0,0.0,77.52065136271418,21.267787578343388,True,False,True,False,True,19.79536758062068,0,1.0632977678863649,0.8525888590691879,False,False,False,False,0.32302721455144734,0.3249733177873133,False,False,False,False,-146669.0,-220886.65841843246,False,False,False,False,5325.8737878863785,False,False,False,False
2025-09-08 15:00:00+00:00,84.6,85.0,84.535,84.535,1877.0,,,,,84.59552978322078,81.56583959291343,80.65886650186499,80.37606649130954,79.14318483603451,78.07707977340547,,,,,82.35387558826233,81.63990731949994,81.28630834279534,79.51472011195654,77.57782371087222,77.46535562208949,82.98966712834716,78.31852592197899,77.61848030901957,78.15556428871385,"rgba(38, 166, 154, 1.0)",0.0,0.0,1.7646985680385323,79.70508508051095,2.736963131815484,0.0,0.0,0.0,0.0,0.0,0.0,0.0,0.0,76.24614595119803,21.267787578343388,True,False,True,False,False,19.51489404572145,0,1.072402044293015,0.8475953348185025,False,False,False,False,0.33853317103769087,0.3317532444125021,False,False,False,False,-148546.0,-219765.09782279783,False,False,False,False,5272.40287644628,False,False,False,False
2025-09-08 16:00:00+00:00,84.535,84.615,84.255,84.415,1902.0,,,,,84.58726619546292,81.58459678678885,80.67762718376655,80.39442988830544,79.16171544021547,78.09545682943225,,,,,82.38536797884342,81.65990379902424,81.30557673871735,79.53328942200638,77.59453743623158,77.47951847392004,83.0218851748065,78.3238915887117,77.62353229625742,78.15749634653092,"rgba(38, 166, 154, 1.0)",0.0,0.0,1.7446603815207153,79.71855117405957,2.691898592806254,0.0,0.0,0.0,0.0,0.0,0.0,0.0,0.0,74.15972617348638,21.267787578343388,True,False,True,False,False,18.76003616073621,0,1.0634554559831308,0.860173958882445,False,False,False,False,0.3196333675270603,0.3256933059697812,False,False,False,False,-150448.0,-218690.41413562265,False,False,False,False,5220.148568284321,False,False,False,False
2025-09-08 17:00:00+00:00,84.41,84.825,84.3,84.39,2561.0,,,,,84.58213307669817,81.61013850896394,80.70310533083108,80.41935942521143,79.1868224092442,78.12033130425951,,,,,82.4278272675839,81.68711307867821,81.33177879290808,79.55846012702101,77.6171647083642,77.49870706394184,83.06529729997446,78.33119201730726,77.63039935948493,78.160127721693,"rgba(38, 166, 154, 1.0)",0.0,0.0,1.7070115686475607,79.73710245903672,2.7257563020792537,0.0,0.0,0.0,0.0,0.0,0.0,0.0,0.0,72.49671969051862,21.267787578343388,True,False,True,False,False,18.60111612339656,0,1.0662452258659287,0.854602923745554,False,False,False,False,0.3268539135996988,0.32627360978473996,False,False,False,False,-153009.0,-217672.09763739593,False,False,False,False,5178.921458698517,False,False,False,False
2025-09-08 18:00:00+00:00,84.4,85.03,84.22,84.995,2278.0,,,,,84.59087238200759,81.63436362599218,80.72691702239817,80.4425870460443,79.20997030639441,78.1431324680162,,,,,82.46844998860088,81.71293449107932,81.35648715360121,79.5817270552317,77.63787407776633,77.51627711011717,83.10800548061177,78.33792661601755,77.63671187913238,78.16255618185708,"rgba(38, 166, 154, 1.0)",0.0,0.0,1.6794981339623574,79.7552157989394,3.1198511597620153,0.0,0.0,0.0,0.0,0.0,0.0,0.0,0.0,73.86450342779759,21.267787578343388,True,False,True,False,False,20.0,0,1.064334011685157,0.8543294163986074,False,False,False,False,0.3304054140260242,0.3283395119053821,False,False,False,False,-150731.0,-216634.25116239753,False,False,False,False,5133.945932207067,False,False,False,False
2025-09-08 19:00:00+00:00,84.995,85.76,84.82,85.68,11605.0,,,,,84.76605081896578,81.77760372106874,80.86355297653544,80.57502210962339,79.33891144540843,78.26846535765344,,,,,82.71012256700439,81.86566816960747,81.50087675599211,79.71208902618213,77.75132754748708,77.61267136923382,83.3726706518308,78.37558886408242,77.67171813186425,78.17615885248226,"rgba(38, 166, 154, 1.0)",0.0,0.0,1.6592761039652775,80.21829128025979,3.2916213924180693,0.0,0.0,0.0,0.0,0.0,0.0,0.0,0.0,76.60828638431329,21.267787578343388,True,False,True,False,True,20.0,0,1.074327851735839,0.8419472722526744,False,False,False,False,0.3428282488725867,0.3355838803889844,False,False,False,False,-139126.0,-215432.5728498022,False,False,False,False,5234.272351862771,False,True,False,False
2025-09-09 14:00:00+00:00,84.59,84.74,83.73,83.985,8979.0,,,,,84.67972785549608,81.84512940724292,80.93599022277837,80.64716742036383,79.41500588722819,78.34583451845837,,,,84.15166666666666,82.79600630787843,81.93628936735836,81.57180409744468,79.7874856852843,77.82271699117929,77.67379855376343,83.43605341851297,78.39925778138009,77.69418943337426,78.18481189413168,"rgba(38, 166, 154, 1.0)",0.0,0.0,1.598363887579444,80.23492248121201,2.3461976011401835,0.0,0.0,0.0,0.0,0.0,0.0,0.0,0.0,67.61907876593908,23.711815027823846,True,False,True,False,False,13.370827610257255,0,1.0534844991032535,0.8417243146297709,False,False,False,False,0.28539564560667985,0.31048976299783215,False,False,False,False,-148105.0,-214388.7345110456,False,False,False,False,5292.3301448571465,False,False,False,False
2025-09-09 15:00:00+00:00,84.12,84.245,83.8,83.85,6364.0,,,,,84.61499855319956,81.88702036245228,80.98255840161957,80.69393274980085,79.46542932353522,78.39772634358434,,,,84.0742406960829,82.84336887898561,81.97975788377391,81.61634507909307,79.83717171207469,77.87089437237117,77.71520721461468,83.46489376194106,78.41537578073087,77.70956447929663,78.19073831700123,"rgba(38, 166, 154, 1.0)",0.0,0.0,1.5293528926546618,80.251704543094,2.3528222127072675,0.0,0.0,0.0,0.0,0.0,0.0,0.0,0.0,61.06019314552711,17.935473242436046,False,False,True,False,False,12.65335598419427,0,1.056089743589743,0.8462179487179475,False,False,False,False,0.27405685399917395,0.2922733084985031,False,False,False,False,-154469.0,-213459.74637909138,False,False,False,False,5308.945181370989,False,False,False,False
2025-09-09 16:00:00+00:00,83.925,84.09,83.52,83.59,3285.0,,,,,84.5756229805361,81.9056632814069,81.00421628170623,80.71588678314585,79.48970460021874,78.4230397654788,,,,84.01412255744042,82.86159994179762,81.9989404802341,81.63648940977453,79.86094560816603,77.89453408064718,77.73558472184283,83.47224205026498,78.42331338424091,77.71717855068249,78.19367014999236,"rgba(38, 166, 154, 1.0)",0.0,0.0,1.4511856041383988,80.2587146804365,2.295561167409295,0.0,0.0,0.0,0.0,0.0,0.0,0.0,0.0,55.58479796725593,13.233434432531098,False,True,True,False,False,11.276770478929649,0,1.0678724231816408,0.8438350836250476,False,False,False,False,0.2625220157772962,0.2773976621378996,False,False,False,False,-157754.0,-212596.0913964698,False,False,False,False,5277.5661863109735,False,False,False,False
2025-09-09 17:00:00+00:00,83.59,84.19,83.47,84.19,5974.0,,,,,84.5286279009334,81.94252608364071,81.04579942722525,80.75781860989693,79.53536858839786,78.47031702587273,,,,83.99855194699617,82.90069057839447,82.0369969449814,81.67584302871884,79.9058225693953,77.93861676567653,77.7736171300057,83.4948977996158,78.43827443048677,77.73147295353772,78.19920217360152,"rgba(38, 166, 154, 1.0)",0.0,0.0,1.4694777892073851,80.54053685303396,2.483510246816666,0.0,0.0,0.0,0.0,0.0,0.0,0.0,0.0,54.73855425491031,12.660817708563428,False,True,True,False,False,13.549319030359225,0,1.0660926980838938,0.833052822371827,False,False,False,False,0.2638443366747095,0.2706209994063046,False,False,False,False,-151780.0,-211653.20625854004,False,False,False,False,5288.36360977902,False,False,False,False
2025-09-09 18:00:00+00:00,84.24,84.28,83.64,83.79,3533.0,,,,,84.50203131395823,81.96321522682047,81.06945730303202,80.78175404645752,79.56165590101047,78.49766303379987,,,,83.98659504768675,82.92154416886937,82.05828054744116,81.69802807385503,79.93160114577893,77.96418630893587,77.79572278102602,83.50603973150285,78.4470096871142,77.73983258638472,78.20244228180303,"rgba(38, 166, 154, 1.0)",0.0,0.0,1.481538073443912,80.55096540942074,2.186264834254284,0.0,0.0,0.0,0.0,0.0,0.0,0.0,0.0,52.365610307549986,10.38339889035489,False,True,False,False,False,11.451959428081388,0,1.0668175937904265,0.8330530401034918,False,False,False,False,0.27073507900485905,0.2706780392055818,False,False,False,False,-155313.0,-210779.71468864018,False,False,False,False,5261.148670092523,False,False,False,False
2025-09-09 19:00:00+00:00,83.85,84.0,83.535,83.71,9952.0,,,,,84.42138966535502,82.01474063031422,81.13050815456346,80.844007254307,79.63144741632105,78.57106710616202,,,,83.92433809436291,82.96730243559728,82.1108811326518,81.7539797851833,79.99969525305144,78.03319858691695,77.8555842841995,83.52332966449883,78.47077157133995,77.76267016811913,78.2113018739872,"rgba(38, 166, 154, 1.0)",0.0,0.0,1.4883037627080393,80.57414501179572,2.10699930133781,0.0,0.0,0.0,0.0,0.0,0.0,0.0,0.0,50.42652312251977,8.378644963172647,False,True,False,False,False,11.036075454543365,0,1.0787329726911292,0.8298246757478971,False,False,False,False,0.2605402144367291,0.26560912682115545,False,False,False,False,-165265.0,-210074.06019734344,False,False,False,False,5333.875047300391,False,False,False,False
2025-09-10 14:00:00+00:00,83.94,84.465,83.94,84.0,4975.0,,,,,84.40684937424948,82.04489876565096,81.16435148518215,80.87817239887428,79.66866661184748,78.6096811661728,,,,83.94867609493289,82.99873903734249,82.1418912929226,81.78602447397324,80.03625068482845,78.06937664042773,77.8869940213761,83.54439794236974,78.48343490379816,77.77475499847459,78.21602871884355,"rgba(38, 166, 154, 1.0)",0.0,0.0,1.4960359422625302,80.5978083093465,2.274137669117889,0.0,0.0,0.0,0.0,0.0,0.0,0.0,0.0,50.63117337377,8.243648650944486,False,True,False,False,False,12.154365336280243,0,1.086925380908972,0.8111733298606579,False,False,False,False,0.28365690948405986,0.27463301815260766,False,False,False,False,-160290.0,-209302.214302811,False,False,False,False,5328.31109307868,False,False,False,False
2025-09-10 15:00:00+00:00,84.065,84.42,83.975,84.365,3888.0,,,,,84.40099063903857,82.06917784520088,81.19130678642851,80.90533521006257,79.69808756432242,78.64012559776522,,,,83.97390521831736,83.0245913317999,82.16687238553145,81.81170510459222,80.06518410122565,78.09789857840441,77.91178385564022,83.56298093388887,78.49349843634161,77.78434264487673,78.21979128326589,"rgba(38, 166, 154, 1.0)",0.0,0.0,1.5109165317007216,80.61756767248617,2.4802378218045087,0.0,0.0,0.0,0.0,0.0,0.0,0.0,0.0,52.50310805520811,8.243648650944486,False,True,True,False,False,13.53449390495657,0,1.0877673448095977,0.8095983307250904,False,False,False,False,0.2808125632923614,0.2777227907224845,False,False,False,False,-156402.0,-208482.0559415271,False,False,False,False,5305.980688534824,False,False,False,False
2025-09-10 16:00:00+00:00,84.385,84.64,84.1,84.405,2606.0,,,,,84.4005086632913,82.0860934289564,81.20985849453058,80.92398668494896,79.71814664194906,78.66081065861516,,,,83.99534815831248,83.04307936200912,82.18429781075966,81.82950992772427,80.08494347315148,78.1172645981826,77.9286259618237,83.57711640562196,78.50037391977109,77.79088023499283,78.22236416927082,"rgba(38, 166, 154, 1.0)",0.0,0.0,1.5253184071674974,80.63185155647916,2.473679217264244,0.0,0.0,0.0,0.0,0.0,0.0,0.0,0.0,53.93980213210597,8.243648650944486,False,True,True,False,True,13.685068508362718,0,1.087142668950072,0.8201817942300083,False,False,False,False,0.2904546602807119,0.2840887255015982,False,False,False,False,-153796.0,-207634.2101129763,False,False,False,False,5264.120522821106,False,False,False,False
2025-09-10 17:00:00+00:00,84.35,84.495,84.01,84.13,3575.0,,,,,84.3942609987229,82.10721123107352,81.23361475757015,80.94800808721192,79.74439349528143,78.68810978772105,,,,84.00990347756802,83.06451852498081,82.20594602465349,81.85193711973778,80.1106966832035,78.14292247342647,77.95098346750697,83.59179869951956,78.50950798195367,77.7995968878091,78.22579292716435,"rgba(38, 166, 154, 1.0)",0.0,0.0,1.5161556202664634,80.64809334297104,2.2965364573967775,0.0,0.0,0.0,0.0,0.0,0.0,0.0,0.0,53.17455548423825,8.243648650944486,False,True,True,False,True,12.18670510079836,0,1.0834430979978922,0.8159246575342456,False,False,False,False,0.2833675107782174,0.28372811813990784,False,False,False,False,-157371.0,-206854.9355375813,False,False,False,False,5237.932607738608,False,False,False,False
2025-09-10 18:00:00+00:00,84.09,84.36,83.91,84.31,5550.0,,,,,84.38444524153229,82.13889829449305,81.26953665717583,80.98440675893873,79.78437357310095,78.72982337184678,,,,84.02725212022062,83.09577858389095,82.23835374363527,81.88566544763033,80.14987054786782,78.1822106717647,77.98527808684194,83.61265700135993,78.52358498686917,77.81304368503065,78.23109184361009,"rgba(38, 166, 154, 1.0)",0.0,0.0,1.5077073012713693,80.67209433108691,2.41287262179167,0.0,0.0,0.0,0.0,0.0,0.0,0.0,0.0,53.67649586145841,8.243648650944486,False,True,True,False,True,12.887609254804225,0,1.0817012858555881,0.8199142762940974,False,False,False,False,0.27610379849497907,0.2799159583174434,False,False,False,False,-151821.0,-206001.6962269211,False,False,False,False,5242.770861882195,False,False,False,False
2025-09-10 19:00:00+00:00,84.325,84.485,84.075,84.19,4921.0,,,,,84.37886344270179,82.16695274538716,81.30126916455903,81.01656203352796,79.81967425893829,78.76666237903311,,,,84.04448652034003,83.1234404596089,82.2670247949443,81.91548336143873,80.184459259691,78.21694627308416,78.01564702797675,83.63166780823302,78.53613256993198,77.82502476495516,78.23582693108774,"rgba(38, 166, 154, 1.0)",0.0,0.0,1.5006209735662663,80.69380533179216,2.3298319361077793,0.0,0.0,0.0,0.0,0.0,0.0,0.0,0.0,53.191369619252114,8.243648650944486,False,True,True,False,True,12.225494653866164,0,1.082914904862579,0.820163847780126,False,False,False,False,0.2828121856155226,0.28136407196648305,False,False,False,False,-156742.0,-205237.9800063487,False,False,False,False,5237.782166349139,False,False,False,False
2025-09-11 14:00:00+00:00,85.365,85.79,84.7,84.795,3996.0,,,,85.09500000000001,84.40221934299122,82.19821220119941,81.3337869271849,81.04891375422326,79.85332102184306,78.80077142467908,,,,84.10658675799087,83.16107649803341,82.29937986016472,81.94771456863035,80.21786901946494,78.24877123182505,78.04340497415289,83.66627357857817,78.54778204009031,77.83599622788729,78.24020594995052,"rgba(38, 166, 154, 1.0)",0.0,0.0,1.5067232120859062,81.0336105383825,2.496403739881483,0.0,0.0,0.0,0.0,0.0,0.0,0.0,0.0,56.10491814698233,8.243648650944486,False,False,True,False,True,14.567688176138233,1,1.0781443164812279,0.8083154401717735,False,False,False,False,0.34001704004081024,0.31069055600364665,False,False,False,False,-152746.0,-204424.15085896343,False,False,False,False,5218.5297296615545,False,False,False,False
2025-09-11 15:00:00+00:00,84.76,85.11,84.68,85.11,4997.0,,,,85.02369101894067,84.42433743458645,82.23468465950786,81.37231335792325,81.08739398793787,79.89378167530202,78.84205170030654,,,,84.16578944830911,83.20317354634119,82.33700263456267,81.98550525938712,80.25793098170037,78.28741805181716,78.07718532539423,83.70362500071852,78.5620072024998,77.84942780531632,78.24557168170985,"rgba(38, 166, 154, 1.0)",0.0,0.0,1.51593579162342,81.06211670529373,2.6702208082120533,0.0,0.0,0.0,0.0,0.0,0.0,0.0,0.0,59.397241236670766,4.190608363906044,False,False,True,False,True,15.742350397111679,0,1.0738543771592461,0.8227625317775886,False,False,False,False,0.3179594297023529,0.31432499285299975,False,False,False,False,-147749.0,-203545.46634952212,False,False,False,False,5215.095160209437,False,False,False,False
2025-09-11 16:00:00+00:00,85.115,85.27,84.915,85.0,2923.0,,,,85.03300646189999,84.43861865153896,82.25630368825797,81.39505865967546,81.11009732683445,79.91759140810326,78.86631399904975,,,,84.20046527538689,83.22817872650556,82.35929955653609,82.00786613166085,80.28151996615419,78.31013772731286,78.09706316928822,83.72606530841446,78.57042202784909,77.85736574812684,78.24875071331022,"rgba(38, 166, 154, 1.0)",0.0,0.0,1.5236072151136977,81.08156102116553,2.571817027357713,0.0,0.0,0.0,0.0,0.0,0.0,0.0,0.0,60.709779923248774,5.606128177033696,False,False,True,False,True,15.118167020364893,0,1.0710167714884693,0.8281577568134163,False,False,False,False,0.33034454131781843,0.3223347670854091,False,False,False,False,-150672.0,-202725.72268518843,False,False,False,False,5179.5588011364225,False,False,False,False
2025-09-11 17:00:00+00:00,85.015,85.275,84.895,85.24,7282.0,,,,85.07232584991492,84.47552634317647,82.3101537211428,81.45165677539792,81.16659778531421,79.97681581081171,78.92666466205823,,,,84.28280124798712,83.29007462188018,82.41479050859242,82.06351866733758,80.34019774086309,78.36670291021814,78.14662379862654,83.78183804259695,78.59153235315245,77.87727065782222,78.25674472136232,"rgba(38, 166, 154, 1.0)",0.0,0.0,1.5263255146190524,81.13039548898338,2.6924823516707757,0.0,0.0,0.0,0.0,0.0,0.0,0.0,0.0,62.68039817851325,7.6497385976120995,True,False,True,False,True,16.02137813943148,0,1.0757135306553907,0.8284883720930223,False,False,False,False,0.32987245135268534,0.32610360921904724,False,False,False,False,-143390.0,-201805.78900014676,False,False,False,False,5212.154788715702,False,False,False,False
2025-09-11 18:00:00+00:00,85.26,85.3,84.92,85.23,4415.0,,,,85.08684884032807,84.49647582464483,82.34198239993502,81.4852665892711,81.20020030889259,80.01216401860094,78.96276958320462,,,,84.32670060578266,83.32594130956073,82.44752686248201,82.09644871289872,80.37518483522419,78.40061025642764,78.17639019708263,83.81386732841618,78.60429129254707,77.88930794410686,78.26159175075871,"rgba(38, 166, 154, 1.0)",0.0,0.0,1.5358652313954892,81.1583378548828,2.651054312504805,0.0,0.0,0.0,0.0,0.0,0.0,0.0,0.0,63.901218989818304,8.99641869682361,True,False,True,False,True,15.963044125882003,0,1.078187383550705,0.823995208943305,False,False,False,False,0.3314466378799927,0.32877512354952,False,False,False,False,-147805.0,-200968.56746526074,False,False,False,False,5199.795799743366,False,False,False,False
2025-09-11 19:00:00+00:00,85.26,85.425,84.79,84.82,8054.0,,,,85.06772744497427,84.52410204000105,82.39547265197747,81.54277489352798,81.25796446938347,80.07371531185319,79.02611689090169,,,,84.3846073399182,83.3832272789285,82.50231445936879,82.1521043501278,80.43590389972896,78.46034987972514,78.2289799956566,83.86292566130167,78.62694997964871,77.91074803477751,78.27023912152282,"rgba(38, 166, 154, 1.0)",0.0,0.0,1.535566039955152,81.2015338302021,2.356438001131869,0.0,0.0,0.0,0.0,0.0,0.0,0.0,0.0,61.1374041553757,8.99641869682361,False,False,True,False,False,13.587789900213078,0,1.0727574750830562,0.8220598006644511,False,False,False,False,0.3312891479956883,0.33003213577260415,False,False,False,False,-155859.0,-200269.19432626446,False,False,False,False,5244.047027654321,False,False,False,False
2025-09-12 14:00:00+00:00,85.15,85.76,85.15,85.58,2049.0,,,,85.09379508245344,84.53719136917468,82.41120037605215,81.5591112795974,81.27424461739751,80.09064770242367,79.04331053497042,,,,84.40802140063161,83.40134247368056,82.518503435465,82.16827038424461,80.45270889075796,78.4764886364781,78.24317784949618,83.87977335333059,78.633124925972,77.91655312292141,78.27259356328514,"rgba(38, 166, 154, 1.0)",0.0,0.0,1.5564854149163438,81.21652921759687,2.8034125733440614,0.0,0.0,0.0,0.0,0.0,0.0,0.0,0.0,63.02758279059501,8.99641869682361,True,False,True,False,False,16.478244287342243,0,1.070107043742566,0.8179595612528072,False,False,False,False,0.342828248157197,0.33643019196490054,False,False,False,False,-153810.0,-199548.89673981073,False,False,False,False,5194.51141482247,False,False,False,False
2025-09-12 15:00:00+00:00,85.715,85.77,85.145,85.31,4094.0,,,,85.12785272855506,84.56000368856566,82.44126600035287,81.59062789034152,81.30572869618705,80.12361703282252,79.07692551962796,,,,84.448403969287,83.43513570147732,82.54938706769485,82.19926236970649,80.48537178234317,78.50811095139665,78.27103688782645,83.91063279549743,78.64527121514406,77.92799054157982,78.27723579224686,"rgba(38, 166, 154, 1.0)",0.0,0.0,1.571051670490752,81.24396559359286,2.588097185331293,0.0,0.0,0.0,0.0,0.0,0.0,0.0,0.0,62.24807221601174,8.99641869682361,False,False,True,False,False,14.94360684901287,0,1.0646465985943503,0.8276753746187501,False,False,False,False,0.3428282481585186,0.3396292200617096,False,False,False,False,-157904.0,-198903.2394260152,False,False,False,False,5177.449222344602,False,False,False,False
2025-09-12 16:00:00+00:00,85.29,85.75,85.225,85.495,2971.0,,,,85.15423608216246,84.5773473521227,82.46329975163411,81.6136605007979,81.32872681112633,80.1476537037037,79.10141010632164,,,,84.4780503849605,83.45994118603092,82.57201753817915,82.2219474228056,80.50919555561961,78.53114855039466,78.29134859648457,83.9334376301077,78.65416460575287,77.9363591671081,78.2806393969534,"rgba(38, 166, 154, 1.0)",0.0,0.0,1.5819077973382902,81.2641644094128,2.6745146573687713,0.0,0.0,0.0,0.0,0.0,0.0,0.0,0.0,62.59251041841301,8.99641869682361,False,False,True,False,False,15.639856196290605,0,1.0888963887951393,0.8211272359095502,False,False,False,False,0.3428282480755043,0.341228734068607,False,False,False,False,-154933.0,-198221.53028762736,False,False,False,False,5143.240707269492,False,False,False,False
2025-09-12 17:00:00+00:00,85.49,85.72,85.425,85.505,2993.0,,,,85.1812960128539,84.5952838620769,82.48561064287097,81.63694508511915,81.35197139962516,80.17192113929856,79.12611756869427,,,,84.50792992226691,83.48505296899337,82.5949276863576,82.24490019709413,80.53325385460532,78.55440230913102,78.31186505406959,83.95661523402569,78.66317894683209,77.94483787084862,78.28409346789019,"rgba(38, 166, 154, 1.0)",0.0,0.0,1.5930894541768152,81.28463179652069,2.6491721431048383,0.0,0.0,0.0,0.0,0.0,0.0,0.0,0.0,62.8710219917799,8.99641869682361,False,False,True,False,False,15.677789884810249,0,1.0839411129119387,0.819827120475418,False,False,False,False,0.34282824812129903,0.34202849109495304,False,False,False,False,-151940.0,-197503.98718239283,False,False,False,False,5109.903642040507,False,False,False,False
2025-09-12 18:00:00+00:00,85.51,85.79,85.425,85.53,3745.0,,,,85.21284945670855,84.61753046307895,82.51336084884025,81.66592751539075,81.38091486518502,80.20215747962553,79.1569185529739,,,,84.54411699858711,83.51610586651795,82.62340424890932,82.27344875798747,80.56322333394623,78.58341325449248,78.33748515671708,83.98525478006746,78.67447673958057,77.95546437708198,78.28842957974197,"rgba(38, 166, 154, 1.0)",0.0,0.0,1.602853825957855,81.30990252203055,2.632864837470468,0.0,0.0,0.0,0.0,0.0,0.0,0.0,0.0,63.1921181324183,9.288860979413052,False,False,True,False,False,15.774340260856746,0,1.0847572094279725,0.8185993111366237,False,False,False,False,0.3428282479902574,0.34242836954260525,False,False,False,False,-148195.0,-196739.50676096036,False,False,False,False,5088.742345264685,False,False,False,False
2025-09-12 19:00:00+00:00,85.56,85.61,84.9,84.92,6885.0,,,,85.20405196921794,84.63846430891347,82.55599549496522,81.71227210432689,81.42765943477826,80.25241429724404,79.20897295305015,,,,84.57907797061165,83.5592395670509,82.6668136899222,82.31789110260414,80.61267013936254,78.63282640193398,78.38129663946812,84.02159947033027,78.69383918492211,77.9738052558049,78.29590957537778,"rgba(38, 166, 154, 1.0)",0.0,0.0,1.6046416540268933,81.34395819569096,2.228560996989493,0.0,0.0,0.0,0.0,0.0,0.0,0.0,0.0,58.433980867483015,12.444472408833015,False,True,True,False,False,12.239157581943882,0,1.0744630714333798,0.8260284117686654,False,False,False,False,0.31990454164165844,0.33116645559213187,False,False,False,False,-155080.0,-196093.62293520904,False,False,False,False,5116.591301152054,False,False,False,False
2025-09-15 14:00:00+00:00,85.07,85.36,84.785,85.115,2495.0,,,,85.19890466733452,84.64483880376375,82.57077534204893,81.72849071730283,81.44405940359871,80.27016693208991,79.2274357655653,,,,84.58958770743256,83.57377217970279,82.68182604331659,82.33334210100568,80.63010541491207,78.650395316071,78.39690233461873,84.0335761179993,78.70076580645397,77.9803762267553,78.29859376434085,"rgba(38, 166, 154, 1.0)",0.0,0.0,1.610516606166805,81.35555149398907,2.334312165187045,0.0,0.0,0.0,0.0,0.0,0.0,0.0,0.0,56.58190148611652,10.685811312489804,False,True,True,False,False,13.026446000026166,1,1.067805695142378,0.831423785594639,False,False,False,False,0.30718144548625204,0.31917395053919195,False,False,False,False,-152585.0,-195419.0706416399,False,False,False,False,5075.946474777604,False,False,False,False
2025-09-15 15:00:00+00:00,84.98,85.17,84.63,84.98,1887.0,,,,85.1901659692217,84.64783803776706,82.58113574711253,81.74007437457092,81.45582505293486,80.28306396792429,79.24094335898081,,,,84.59478485091128,83.58343790701197,82.69230972203663,82.34424138350884,80.64273175221412,78.66329076706035,78.40837582233395,84.04110754336413,78.7058635300288,77.98522616441267,78.30057462398855,"rgba(38, 166, 154, 1.0)",0.0,0.0,1.6133080362472956,81.6510757794363,2.0634151357152435,0.0,0.0,0.0,0.0,0.0,0.0,0.0,0.0,54.3435572675246,8.56693282511705,False,True,True,False,False,12.253232011252003,1,1.0634963161419952,0.8402545210984587,False,False,False,False,0.29385198290672176,0.30651296672295686,False,False,False,False,-154472.0,-194784.23233711836,False,False,False,False,5026.505444160896,False,False,False,False
2025-09-15 16:00:00+00:00,84.955,85.075,84.78,84.785,2839.0,,,,85.17587694388101,84.65149661770855,82.59624574295434,81.75709188575894,81.47314150784871,80.30213992473318,79.26097958074313,,,,84.601250915005,83.59722631565147,82.70757366524371,82.36017465541448,80.66138351644601,78.68244869108999,78.42543893090779,84.05161762347953,78.71345995285131,77.99246120161462,78.30353163305611,"rgba(38, 166, 154, 1.0)",0.0,0.0,1.6151695947547078,81.66032122605844,1.9345824637171256,0.0,0.0,0.0,0.0,0.0,0.0,0.0,0.0,51.44355908763376,5.86445750889186,False,True,False,False,False,11.138023173295796,1,1.0636602983865517,0.8501991493958003,False,False,False,False,0.29427483264711385,0.3003938996850354,False,False,False,False,-157311.0,-194203.25199080643,False,False,False,False,4992.59063107313,False,False,False,False
2025-09-15 17:00:00+00:00,84.785,85.48,84.705,85.36,4843.0,,,,85.17629879541033,84.66537583492345,82.62491318546131,81.78846341108175,81.50486075152028,80.3364388999115,79.29664983123094,,,,84.62286199738601,83.62545806015655,82.73667463285895,82.39009693079845,80.69507341734877,78.71643632802896,78.45569059433478,84.07526386284489,78.72700733268927,78.00530738134113,78.30880091731734,"rgba(38, 166, 154, 1.0)",0.0,0.0,1.6097710849515796,81.69001399327101,2.279818566153075,0.0,0.0,0.0,0.0,0.0,0.0,0.0,0.0,53.484195151225784,5.86445750889186,False,True,True,False,True,13.503046554294247,1,1.0545990487036907,0.8470556709318677,False,False,False,False,0.3059250051299817,0.3031594524075085,False,False,False,False,-152468.0,-193556.1938204063,False,False,False,False,4990.271396482848,False,False,False,False
2025-09-15 18:00:00+00:00,85.34,85.41,84.84,85.25,4402.0,,,,85.17570050797235,84.67702680584374,82.65027448984837,81.81635987316308,81.53310885123861,80.3671037397478,79.32861943280763,,,,84.64066368215438,83.65002106534784,82.76237938011546,82.41660594894174,80.72516186616893,78.74695117652432,78.48289268627914,84.09563441990888,78.73924345706128,78.01691971052708,78.31357294737452,"rgba(38, 166, 154, 1.0)",0.0,0.0,1.6044694753399056,81.71180783230196,2.2052100224271824,0.0,0.0,0.0,0.0,0.0,0.0,0.0,0.0,53.979687497284445,5.86445750889186,False,True,True,False,True,12.86783008860931,1,1.05694259012016,0.8491321762349793,False,False,False,False,0.3072115061640681,0.3051854792857883,False,False,False,False,-156870.0,-192987.4156216403,False,False,False,False,4981.150909715672,False,False,False,False
2025-09-15 19:00:00+00:00,85.225,85.625,85.035,85.56,10741.0,,,,85.206098463034,84.7161847040405,82.71578742335431,81.8872728788397,81.60467372352458,80.44397867107872,79.40833135735355,,,,84.6973227833137,83.71577628116889,82.82891351182097,82.48467638034317,80.80078333664186,78.82294912398872,78.5507005333941,84.15274076837707,78.7700132663813,78.04604251514482,78.32559580793036,"rgba(38, 166, 154, 1.0)",0.0,0.0,1.6030196027644312,81.77287263731216,2.3624959770653353,0.0,0.0,0.0,0.0,0.0,0.0,0.0,0.0,56.18684491042296,1.630732187963062,False,True,True,False,True,14.124295278723942,1,1.0564328069824767,0.8514224798454253,False,False,False,False,0.32204934403916796,0.31361741166247814,False,False,False,False,-146129.0,-192260.9285577389,False,False,False,False,5070.450895611553,False,False,False,False
2025-09-16 14:00:00+00:00,85.72,85.81,85.08,85.47,3373.0,,,,85.21591117151465,84.72840211681809,82.7360684362348,81.90925498351874,81.62687401025401,80.46786062391254,79.43312511551889,,,,84.71448472040882,83.73596373057592,82.84948770034586,82.50574889551092,80.82426478502464,78.84662483101472,78.57186414912998,84.17029103090337,78.7796849421446,78.05519834061421,78.32938777300426,"rgba(38, 166, 154, 1.0)",0.0,0.0,1.5965679604239884,81.7910165018064,2.304307482918925,0.0,0.0,0.0,0.0,0.0,0.0,0.0,0.0,56.86567298760531,2.413251041628982,False,True,True,False,True,13.593544357497656,1,1.0539518216205448,0.8522131528303132,False,False,False,False,0.33062690103666265,0.3221221563495704,False,False,False,False,-149502.0,-191597.9994328127,False,False,False,False,5044.133827462537,False,False,False,False
2025-09-16 15:00:00+00:00,85.48,85.755,85.42,85.745,6978.0,,,,85.24809067875863,84.75862255393344,82.7799036886251,81.95623221723976,81.67419944095558,80.51837447741786,79.48534837958213,,,,84.75599976001303,83.78065442634055,82.89402265148641,82.5511089506941,80.87402703756628,78.89644074057337,78.61641424163949,84.21020552139282,78.8001621105079,78.07454419133722,78.33742494538403,"rgba(38, 166, 154, 1.0)",0.0,0.0,1.59919387913511,81.83209745820592,2.446796847365557,0.0,0.0,0.0,0.0,0.0,0.0,0.0,0.0,58.97325512421098,4.554533939362628,False,True,True,False,True,14.712938101623209,1,1.0644210808276964,0.8540145985401454,False,False,False,False,0.34110726307930295,0.3316147097144367,False,False,False,False,-142524.0,-190837.16223230396,False,False,False,False,5074.116248742187,False,False,False,False
2025-09-16 16:00:00+00:00,85.76,85.83,84.895,85.03,2762.0,,,,85.24819494883381,84.76500833907768,82.79458448200477,81.97257545423368,81.69082046227048,80.53660170727818,79.50448822439816,,,,84.76464667837247,83.79419492786951,82.90882236050632,82.56649068303769,80.89185893172204,78.91483352351533,78.63292670056273,84.22128173830006,78.80777530210136,78.08178268903981,78.34043239152561,"rgba(38, 166, 154, 1.0)",0.0,0.0,1.5963869876738952,81.8433616282887,1.9961565687493896,0.0,0.0,0.0,0.0,0.0,0.0,0.0,0.0,54.94500274670631,4.554533939362628,False,True,True,False,False,10.574281633253971,1,1.046442554340488,0.8696503307681918,False,False,False,False,0.3218770040864429,0.3267458569004398,False,False,False,False,-145286.0,-190130.94266281085,False,False,False,False,5038.269485195797,False,False,False,False
2025-09-16 17:00:00+00:00,84.99,85.355,84.99,85.24,1945.0,,,,85.24712465561177,84.76889468458505,82.80458246515697,81.98379021493294,81.7022478179929,80.54920006080931,79.51775829145986,,,,84.76986931509755,83.80321657952626,82.91888391964841,82.57699139600753,80.9041671446064,78.92760671230117,78.64440640979977,84.22852004800362,78.81307868675637,78.08683106576377,78.34253131348505,"rgba(38, 166, 154, 1.0)",0.0,0.0,1.5977631520629678,81.85081753096799,2.1212045506594834,0.0,0.0,0.0,0.0,0.0,0.0,0.0,0.0,53.64995846784505,8.348647878361007,False,True,True,False,False,11.452873928636787,1,1.0359002095869103,0.8787100263673849,False,False,False,False,0.3058159854565979,0.3162809211785188,False,False,False,False,-143341.0,-189405.51719517037,False,False,False,False,4990.311818758652,False,False,False,False
2025-09-16 18:00:00+00:00,85.225,85.75,85.18,85.72,1850.0,,,,85.25281208024172,84.77555240469081,82.8154159796655,81.99555627387547,81.71414580829631,80.56203084072314,79.53110857296207,,,,84.77877156568242,83.81385181869743,82.92985206625042,82.58824548767487,80.91677221254267,78.94039333684012,78.65587792811318,84.23779809637301,78.81839501367476,78.09186570088615,78.34462988920244,"rgba(38, 166, 154, 1.0)",0.0,0.0,1.6075201846770768,81.86035075670989,2.4009958195737644,0.0,0.0,0.0,0.0,0.0,0.0,0.0,0.0,55.527656862602264,8.348647878361007,False,True,True,False,False,13.411815094126656,1,1.0362177109327573,0.8746206245363184,False,False,False,False,0.33060815362067475,0.3234445373995968,False,False,False,False,-141491.0,-188662.65646346228,False,False,False,False,4941.6248138166575,False,False,False,False
2025-09-16 19:00:00+00:00,85.72,86.05,85.55,85.79,7238.0,,,,85.29003344144282,84.80850508576846,82.8607425277747,82.04399707432448,81.76294574021072,80.61405547713595,79.58489516285572,,,,84.82227397618864,83.85998498831533,82.97585798621967,82.63506939809727,80.96802919792768,78.99179859026444,78.70198838696899,84.27947387051299,78.8398736220098,78.11214758386693,78.35310937008076,"rgba(38, 166, 154, 1.0)",0.0,0.0,1.6158018035849955,81.90273543299057,2.405780559462631,0.0,0.0,0.0,0.0,0.0,0.0,0.0,0.0,57.14356204666625,8.348647878361007,False,True,True,False,True,13.693047868408588,1,1.0394337714863493,0.8743511964947753,False,False,False,False,0.34282824599404543,0.3331363916968211,False,False,False,False,-134253.0,-187819.09589813728,False,False,False,False,4977.227529881516,False,False,False,False
2025-09-17 14:00:00+00:00,87.28,87.305,86.6,86.93,3692.0,,,86.94500000000002,85.3458597763951,84.8431046489866,82.89217331763089,82.07565007790286,81.79435053153449,80.64598835832531,79.61698324911835,,,,84.86756180740552,83.89616824923839,83.008084499433,82.66691640965188,80.99988189646956,79.02209887652198,78.7290500298776,84.3153344908968,78.85257877388699,78.12399185076657,78.35809332530576,"rgba(38, 166, 154, 1.0)",0.0,0.0,1.6473146234003069,81.9377335781073,3.030548233456408,0.0,0.0,0.0,0.0,0.0,0.0,0.0,0.0,62.57345375534271,7.469509653931141,True,False,True,False,True,18.017126728669425,0,1.0481230031948878,0.8598908413205533,False,False,False,False,0.342828246969728,0.33798231933327455,False,False,False,False,-130561.0,-186931.3734811119,False,False,False,False,4957.301521666298,False,False,False,False
2025-09-17 15:00:00+00:00,86.97,87.095,86.77,87.02,3009.0,,,86.95248395761828,85.38909336522673,84.87070253592915,82.91753789636346,82.10123389847811,81.81974737294871,80.67184478108385,79.64298801749324,,,,84.90335166041879,83.92519379027793,83.03407433785566,82.69262564921802,81.02566407872476,79.04667513130737,78.75101882144064,84.34403593381298,78.86292538416353,78.13363971885168,78.3621588769441,"rgba(38, 166, 154, 1.0)",0.0,0.0,1.6773309906670917,81.96537056086801,3.0134955278693734,0.0,0.0,0.0,0.0,0.0,0.0,0.0,0.0,66.44519908529085,10.931278369916697,True,False,True,False,True,18.33906985865456,0,1.0529274004683837,0.8620274339243891,False,False,False,False,0.3413398441367055,0.33966108173499,False,False,False,False,-127552.0,-186010.76303954425,False,False,False,False,4927.095296524185,False,False,False,False
2025-09-17 16:00:00+00:00,87.045,87.045,86.555,86.6,1861.0,,,86.90485030756055,85.41097625941444,84.88558931148218,82.93219086578972,82.11618621087602,81.8346382154797,80.68715402164382,79.65848051745247,,,,84.92249271680501,83.94154260505404,83.04905357154514,82.70753051268177,81.04088939519032,79.06136270155162,78.7641712249002,84.35995619955342,78.8691312864252,78.13944211500645,78.36460469579262,"rgba(38, 166, 154, 1.0)",0.0,0.0,1.6993711820595232,81.9806557939841,2.7182667652499335,0.0,0.0,0.0,0.0,0.0,0.0,0.0,0.0,65.81407033166309,10.931278369916697,True,False,True,False,True,15.89367394971637,0,1.049477209048042,0.8797239117064167,False,False,False,False,0.3315155114568715,0.33558829659593076,False,False,False,False,-129413.0,-185133.27834125675,False,False,False,False,4879.558935337764,False,False,False,False
2025-09-17 17:00:00+00:00,86.58,86.775,86.45,86.73,2459.0,,,86.84836010041438,85.43710153739003,84.9040451339456,82.95096830663022,82.1354489266487,81.85385038818782,80.70699278278327,79.67861262785313,,,,84.94606538973278,83.96223166683227,83.06822644374708,82.72666086757557,81.06059612928041,79.0804783304981,78.78130618381618,84.3799568953279,78.87723135503595,78.14702426917478,78.36780272928229,"rgba(38, 166, 154, 1.0)",0.0,0.0,1.7220991590246635,81.9998093730579,2.7467585720331678,0.0,0.0,0.0,0.0,0.0,0.0,0.0,0.0,65.90465256928985,10.931278369916697,True,False,True,False,True,16.37874882677439,0,1.0569966106384447,0.8783980078854532,False,False,False,False,0.3177174392971488,0.3266528679465398,False,False,False,False,-126954.0,-184231.27402588844,False,False,False,False,4842.030889828651,False,False,False,False
2025-09-17 18:00:00+00:00,86.91,87.81,85.255,85.78,2004.0,,,86.76116980166348,85.45135040101475,84.91567861722945,82.96461558383496,82.14975053572812,81.86819592192847,80.72206310706896,79.69406803796109,,,,84.96074071738748,83.97657266739894,83.08210356625163,82.74065794333765,81.07549828257001,79.09522800157126,78.79456171255904,84.39338735198761,78.88350659742898,78.15292508479513,78.37029086246982,"rgba(38, 166, 154, 1.0)",0.0,0.0,1.7259070653421975,82.01279414852857,2.1827396892453783,0.0,0.0,0.0,0.0,0.0,0.0,0.0,0.0,60.18451491540745,15.912981672784227,True,False,True,False,False,11.10914150568966,0,1.041842971321109,0.854590637383303,False,False,False,False,0.3118659794022843,0.31925942367441207,False,False,False,False,-128958.0,-183374.32404099096,False,False,False,False,4798.030410916579,False,False,False,False
2025-09-17 19:00:00+00:00,85.875,85.975,85.28,85.305,3885.0,,,86.47601636112755,85.45352460998748,84.925412562121,82.98475394528032,82.17213742370099,81.89098929891333,80.74707697586015,79.72038454144808,,,,84.9724051506155,83.99485375552719,83.10234387031929,82.7617117175085,81.0999556326723,79.12063820466147,78.81752549350826,84.40860364337988,78.89439232808935,78.16327058913399,78.37464600226977,"rgba(38, 166, 154, 1.0)",0.0,0.0,1.722923199493016,82.02842433710222,1.9017537542369518,0.0,0.0,0.0,0.0,0.0,0.0,0.0,0.0,54.28125362404222,10.536116748651331,False,True,True,False,False,8.6480222837471,0,1.040136236142647,0.8800587685321222,False,False,False,False,0.24699140200771574,0.2831254128410639,False,False,False,False,-132843.0,-182590.89266051046,False,False,False,False,4783.874900669811,False,False,False,False
2025-09-18 14:00:00+00:00,86.31,87.035,86.29,86.465,3447.0,,86.59666666666665,86.49644577622767,85.48476944140488,84.94896039671414,83.00983404509624,82.19806112181018,81.91690572626739,80.77401078142873,79.74783373634149,,,,85.0019167861435,84.02191214509267,83.12789603071228,82.78731462758952,81.12666257897581,79.1467808956867,78.84102133502971,84.43451384785568,78.90558558746568,78.17376525361938,78.3790872796173,"rgba(38, 166, 154, 1.0)",0.0,0.0,1.735520803522486,82.05318584520923,2.542069300371607,0.0,0.0,0.0,0.0,0.0,0.0,0.0,0.0,55.35241223618972,10.536116748651331,False,True,True,False,False,13.059616766847775,0,1.043512502461114,0.8617181859946187,False,False,False,False,0.3213852986906813,0.3022553557658726,False,False,False,False,-129396.0,-181766.16564251806,False,False,False,False,4763.148158023767,False,False,False,False
2025-09-18 15:00:00+00:00,86.465,87.08,86.25,87.08,4405.0,,86.7126074036339,86.55103909215734,85.52927080859237,84.98175934625723,83.04319972046126,82.2322866509651,81.95105670592427,80.80928013814264,79.78364325566403,,,,85.04279458859853,84.05839286830849,83.16192420971954,82.82128809570905,81.16169187730787,79.18084373249413,78.87163604234422,84.46982605012349,78.92022554034313,78.18746680214458,78.38489847283836,"rgba(38, 166, 154, 1.0)",0.0,0.0,1.7588514295844315,82.08655494448492,2.839037437457066,0.0,0.0,0.0,0.0,0.0,0.0,0.0,0.0,57.97568912908819,10.536116748651331,False,False,True,False,True,15.210217249933883,0,1.038589835829681,0.8678788671593958,False,False,False,False,0.3215689105878147,0.31191213317684363,False,False,False,False,-124991.0,-180885.93051627747,False,False,False,False,4757.595473403244,False,False,False,False
2025-09-18 16:00:00+00:00,87.1,87.635,87.065,87.43,5517.0,,86.98664547335876,86.70147296806367,85.60419276270008,85.03366241104108,83.09041629965519,82.27972846693935,81.99813626602578,80.85704499563863,79.8316045188231,,,,85.10729118871825,84.11202065207841,83.2102357568681,82.86904636213801,81.20935589384582,79.2262571363814,78.91239635589723,84.5231027737359,78.93981281521208,78.20570376869422,78.39266025405834,"rgba(38, 166, 154, 1.0)",0.0,0.0,1.787785640253135,82.1357037656146,2.961370823873374,0.0,0.0,0.0,0.0,0.0,0.0,0.0,0.0,60.698171115547375,4.02971643277052,True,False,True,False,True,16.391925205703544,0,1.0532778768072883,0.865121806298277,False,False,False,False,0.3428282472558231,0.3273701902163334,False,False,False,False,-119474.0,-179933.80756253673,False,False,False,False,4769.369186993891,False,False,False,False
2025-09-18 17:00:00+00:00,87.435,87.58,87.21,87.21,8100.0,,87.11744670610338,86.83482894291149,85.70136514588076,85.10457910900452,83.15722194144337,82.34723888506814,82.06525108272841,80.92546943105656,79.90053483459019,,,,85.19408773711758,84.18668409305522,83.27847552893837,82.93672074644947,81.27754329050444,79.2916784041885,78.97123450001077,84.59674184389364,78.96825992700582,78.23222241471434,78.40397691978619,"rgba(38, 166, 154, 1.0)",0.0,0.0,1.7889743651822008,82.20330311709648,2.798640930997129,0.0,0.0,0.0,0.0,0.0,0.0,0.0,0.0,61.340772901167405,4.816329426597065,True,False,True,False,True,15.247865515775501,0,1.0568842494714585,0.8528012684989432,False,False,False,False,0.3428282472868317,0.33509921875158255,False,False,False,False,-127574.0,-179122.02760032687,False,False,False,False,4821.006874017241,False,False,False,False
2025-09-18 18:00:00+00:00,87.24,87.68,87.22,87.66,5363.0,,87.19790635559532,86.91883452974258,85.76660530616705,85.15290951567252,83.20223416473486,82.3925902454681,82.1103081837145,80.97127984926084,79.94660948376591,,,,85.25262273913935,84.237064337308,83.32445093117153,82.98226505489808,81.32322674228196,79.33540790494196,79.01060040544786,84.64659424483617,78.98740679935568,78.25005413798552,78.41161022553247,"rgba(38, 166, 154, 1.0)",0.0,0.0,1.8010726983841057,82.2486239337715,3.0045295068230735,0.0,0.0,0.0,0.0,0.0,0.0,0.0,0.0,63.12737762530323,6.777418590554291,True,False,True,False,True,16.76931150662203,0,1.0580649427947884,0.8516632497850672,False,False,False,False,0.3428282473243685,0.33896373303797556,False,False,False,False,-122211.0,-178239.6860871435,False,False,False,False,4829.409868218524,False,True,False,False
2025-09-18 19:00:00+00:00,87.665,87.82,87.39,87.52,24271.0,,87.37779582411991,87.15358735339812,86.01942224396232,85.35416579712329,83.39737574652561,82.5904331080093,82.30729063850465,81.17261296254667,80.14985448068872,,,,85.490253420791,84.45087239033795,83.5232894223075,83.17999031859962,81.52369780157606,79.5289675712901,79.18547248920369,84.85653138911523,79.07356578054078,78.3303934492867,78.44621050375359,"rgba(38, 166, 154, 1.0)",0.0,0.0,1.8047246551983438,82.43900110506674,2.815387311464886,0.0,0.0,0.0,0.0,0.0,0.0,0.0,0.0,63.50124567795291,7.4795682408146575,True,False,True,False,True,16.033454237028998,0,1.0566224509998017,0.8500626938560024,False,False,False,False,0.3428282474280579,0.34089599023301675,False,False,False,False,-146482.0,-177747.3188609862,False,False,False,False,5130.829870261648,False,False,False,False
2025-09-19 14:00:00+00:00,87.77,88.07,87.47,87.65,7535.0,,87.42305416282956,87.21107754893136,86.09051351773715,85.41387187021266,83.45655934465894,82.65061361319516,82.36728490491143,81.23408153194396,80.21202557353871,,,,85.55916321297474,84.51477754873844,83.58348491926789,83.23998007009585,81.5848567906207,79.58833254237396,79.23928446435158,84.91905708625607,79.10043958003641,78.35546317461913,78.45707867839394,"rgba(38, 166, 154, 1.0)",0.0,0.0,1.7863143695964276,82.8970424563886,2.660762083375734,0.0,0.0,0.0,0.0,0.0,0.0,0.0,0.0,64.19114004239499,8.551440488768897,True,False,True,False,True,16.478089444286958,0,1.06248764089381,0.8452310328917014,False,False,False,False,0.3428282475351561,0.34186211888408646,False,False,False,False,-138947.0,-177145.76352980814,False,False,False,False,5168.103825761467,False,False,False,False
2025-09-19 15:00:00+00:00,87.74,88.035,87.37,87.46,7714.0,,87.44614460252392,87.24911752460106,86.15300096815665,85.46924836123144,83.51400293806523,82.70949783893458,82.42613133201988,81.29479813637806,80.2737238601441,,,,85.62214353385771,84.5755518870995,83.64178748097946,83.29833528136547,81.64515047974668,79.64742708679016,79.29298314534581,84.97795004383279,79.12743626596354,78.38069530399495,78.46804902802702,"rgba(38, 166, 154, 1.0)",0.0,0.0,1.7543900533972119,82.94662129306074,2.5726198676283616,0.0,0.0,0.0,0.0,0.0,0.0,0.0,0.0,63.39837320211602,8.551440488768897,True,False,True,False,True,15.460804124428417,0,1.0583333333333331,0.846456692913386,False,False,False,False,0.3381911603774977,0.34002663963079205,False,False,False,False,-146661.0,-176673.13153709794,False,False,False,False,5207.575084276793,False,False,False,False
2025-09-19 16:00:00+00:00,87.48,87.945,87.415,87.585,5277.0,,87.46104010479927,87.27291112767631,86.1936135844279,85.50600703268603,83.55264407198936,82.74919665782684,82.46583631339166,81.33584489143807,80.31549300838903,,,,85.6636025741443,84.61612708839013,83.6809716847552,83.33760846418726,81.68588815274805,79.68748775762128,79.32943916236368,85.01717251085988,79.14586353059396,78.39792669563622,78.47556033704616,"rgba(38, 166, 154, 1.0)",0.0,0.0,1.7328732896081611,82.98123637330838,2.656722597260775,0.0,0.0,0.0,0.0,0.0,0.0,0.0,0.0,63.38784831722582,8.597927686959629,True,False,True,False,True,15.901997345928695,0,1.0680321390937826,0.8434536354056904,False,False,False,False,0.3365761307475316,0.33830138518916186,False,False,False,False,-141384.0,-176126.01321869332,False,False,False,False,5208.651439559323,False,False,False,False
2025-09-19 17:00:00+00:00,87.62,87.91,87.54,87.58,5805.0,,87.47720499608269,87.29775426453546,86.23663747307612,85.54555346326462,83.59461401829454,82.79238522893816,82.50905744409975,81.38059030293451,80.36107373601718,,,,85.70791696213797,84.65994775570275,83.72350222691625,83.3802787598601,81.73027794087734,79.73125113000906,79.36931248422806,85.05946024467765,79.1661099697579,78.4168661755905,78.48383449790111,"rgba(38, 166, 154, 1.0)",0.0,0.0,1.6980537666970754,83.01913030770238,2.685939504241418,0.0,0.0,0.0,0.0,0.0,0.0,0.0,0.0,63.342223428003905,9.033098273094964,True,False,True,False,True,15.874511957835029,0,1.0655683690280062,0.8451400329489294,False,False,False,False,0.33969899153222255,0.33900018836069223,False,False,False,False,-147189.0,-175677.3773548376,False,False,False,False,5217.897153674682,False,False,False,False
2025-09-19 18:00:00+00:00,87.61,87.75,87.03,87.125,12347.0,,87.45306434546285,87.29820703402035,86.29853457473517,85.61106475173,83.67315655776996,82.87491100583857,82.59214297515244,81.46814769126603,80.45129472156708,,,,85.7792012497736,84.73802029926296,83.80271688003538,83.46062008210457,81.8167212419832,79.81843914857785,79.44909564997563,85.13281110734292,79.20697185843945,78.45527265937403,78.50066802367162,"rgba(38, 166, 154, 1.0)",0.0,0.0,1.6432986272670804,83.08115429569797,2.460810005681819,0.0,0.0,0.0,0.0,-1.0,87.54,87.49,852.0,59.988402150355114,9.033098273094964,True,False,True,False,False,13.392748406184413,0,1.0588505144504878,0.8462546693754507,False,False,False,False,0.3165990834484448,0.3277996359045685,False,False,False,False,-159536.0,-175427.1234423595,False,False,False,False,5328.425879974299,False,False,False,False
2025-09-19 19:00:00+00:00,87.12,87.49,86.595,86.605,21541.0,,87.3454004299839,87.23075443986939,86.35359854523078,85.68962287032154,83.78806340170502,82.99934886018032,82.71851247221467,81.60467382674766,80.59422500028305,,,,85.86008851634179,84.84386361135962,83.91777170394693,83.57919973768543,81.95060617887846,79.95785954642129,79.57752774602227,85.22804508058731,79.27376866217844,78.5184574400437,78.52853860260886,"rgba(38, 166, 154, 1.0)",0.0,0.0,1.5952126436239895,83.16394350487721,2.157114607182045,0.0,0.0,0.0,0.0,-1.0,87.03,85.72,847.0,54.759666034927044,9.187792622926253,False,True,True,False,False,10.66449296199697,0,1.0544683626875404,0.8519243313763865,False,False,False,False,0.29198906581084333,0.3098943508577059,False,False,False,False,-181077.0,-175514.7184277493,False,False,False,False,5579.783618269271,False,False,False,False
2025-09-22 14:00:00+00:00,85.46,85.72,85.05,85.7,4226.0,,87.27754185850614,87.17521662212424,86.33827806813174,85.6872581318817,83.79988285257754,83.01437630338835,82.73438330056355,81.62374985767958,80.61543184396989,,,85.49,85.85490658798766,84.8500198023969,83.92915882444682,83.59204963402517,81.9688126358208,79.97915484041387,79.59746314156519,85.23079071726612,79.28434408892608,78.52867985602026,78.53306919452997,"rgba(38, 166, 154, 1.0)",0.0,0.0,1.5360549181950314,83.44194915757103,1.4700326242777404,0.0,0.0,0.0,0.0,0.0,0.0,0.0,0.0,47.610255790445265,2.744962125452929,False,True,False,True,False,6.212927943561333,0,1.0410430984648977,0.8671077140471449,False,False,False,False,0.18016739033972107,0.24503087059871348,False,False,False,False,-185303.0,-175666.47473119502,False,False,False,False,5558.79472496277,False,False,False,False
2025-09-22 15:00:00+00:00,85.71,86.3,85.705,86.0,2887.0,,87.24644081845177,87.15018401123055,86.3342474208703,85.68978210072734,83.81027942879388,83.02663884564069,82.74711525552146,81.63838480266998,80.63132367359084,,,85.69767350859928,85.85629710582512,84.85746724054515,83.93936277301972,83.60306906119646,81.9829348523534,79.99495075678767,79.61218080766346,85.23627121092726,79.29214202689691,78.53615812968805,78.5363882753373,"rgba(38, 166, 154, 1.0)",0.0,0.0,1.4739856796397952,83.45667071975544,1.7254776049561682,0.0,0.0,0.0,0.0,1.0,85.83,85.72,849.0,44.726456470312556,0.3963655220185913,False,True,False,True,False,7.401150457318014,0,1.0476281805395724,0.8601841196777907,False,False,False,False,0.18611842815950785,0.21557464937911067,False,False,False,False,-182416.0,-175771.11853381214,False,False,False,False,5517.371550932339,False,False,False,False
2025-09-22 16:00:00+00:00,86.01,86.09,85.83,85.94,3188.0,,87.21254569448215,87.12264140433446,86.32927646785926,85.69209785963068,83.82139576513136,83.03984534878617,82.76085276745889,81.6542545685766,80.64860683330578,,,85.77679626573472,85.85730184610189,84.86523733534393,83.9502531257668,83.61487801975765,81.99822880909139,80.01215799072692,79.62823220417081,85.24185677844349,79.30067009461943,78.54434537034761,78.54002627195227,"rgba(38, 166, 154, 1.0)",0.0,0.0,1.4178637083637042,83.46523802690947,1.745415979330298,0.0,0.0,0.0,0.0,0.0,0.0,0.0,0.0,42.56111207371406,-1.4367110583013414,False,True,False,True,False,7.11168294665147,0,1.0493983957219246,0.8913101604278075,False,False,False,False,0.18248718231106523,0.19903091584508795,False,False,False,False,-185604.0,-175923.5663084817,False,False,False,False,5481.257263320985,False,False,False,False
2025-09-22 17:00:00+00:00,85.95,86.03,85.78,85.89,3202.0,,87.17887638694174,87.09502015498407,86.32372257823825,85.69391661498477,83.83216901263305,83.05274978688027,82.77430408312745,81.66988066625976,80.665679870252,,,85.80601187390457,85.85774132577293,84.87255429605781,83.96078529285404,83.62635218523106,82.01326623737447,80.02918678724407,79.64413724727703,85.24696593691664,79.30914516853981,78.55249132786577,78.54365039224368,"rgba(38, 166, 154, 1.0)",0.0,0.0,1.3597692901819332,83.47111098466867,1.7788966354782807,0.0,0.0,0.0,0.0,0.0,0.0,0.0,0.0,40.89801772636643,-2.9609316432153037,False,True,False,True,False,6.867132304646486,0,1.0231225562896047,0.8951732506404207,False,False,False,False,0.17779496413175214,0.18841293998842004,False,False,False,False,-188806.0,-176123.29396261377,False,False,False,False,5445.919941409031,False,False,False,False
2025-09-22 18:00:00+00:00,85.885,86.06,85.72,86.03,3534.0,,87.14467567525458,87.0668405624508,86.31827351881215,85.69623799795251,83.84413893323806,83.06703939407959,82.78918949601395,81.68714230902052,80.68452581127951,,,85.83311371329069,85.85862783986168,84.88079466137846,83.97249548603773,83.63908510130624,82.02988414059972,80.04798390163364,79.66170036027425,85.25282502091328,79.31852564482531,78.56150574248886,78.54766605525491,"rgba(38, 166, 154, 1.0)",0.0,0.0,1.3059468899149813,83.47786044911939,1.954244518356147,0.0,0.0,0.0,0.0,0.0,0.0,0.0,0.0,40.86038557527311,-3.151563396458478,False,True,False,True,False,7.442006155009402,0,1.0177678692068635,0.8940008107012566,False,False,False,False,0.17651662014108835,0.1824647800647542,False,False,False,False,-185272.0,-176265.1343662942,False,False,False,False,5416.277771774782,False,False,False,False
2025-09-22 19:00:00+00:00,86.06,86.205,85.79,85.9,12603.0,,87.03920432456975,86.97888008428768,86.3013849892589,85.70510136732278,83.8863028964589,83.11735819721368,82.84161969204945,81.74798298177429,80.75100774942112,,,85.88919208277103,85.86272466545041,84.90993179987905,84.01373623681573,83.6839188347988,82.08843961909346,80.11437329698653,79.72382303253337,85.2737662124044,79.35190560832268,78.59359746644812,78.56200609585493,"rgba(38, 166, 154, 1.0)",0.0,0.0,1.2399288776461865,83.50197416324211,1.934002731922961,0.0,0.0,0.0,0.0,0.0,0.0,0.0,0.0,40.14159657429102,-4.135915283849002,False,True,False,True,False,6.7881301422216325,0,1.0210135135135132,0.8887162162162162,False,False,False,False,0.18569097261646472,0.18407787634060946,False,False,False,False,-197875.0,-176600.17104278575,False,False,False,False,5527.699821824785,False,False,False,False
2025-09-23 14:00:00+00:00,87.52,87.53,86.78,87.39,3658.0,87.23333333333333,87.04411459917948,86.98464241936482,86.31413932090477,85.71959084554989,83.90550548704267,83.13799759877904,82.86256344987954,81.77053330351409,80.77460966305318,,,86.0368546659459,85.87787683583721,84.92791450231795,84.03296260713934,83.7036664461293,82.11056468223175,80.13748171699888,79.74524320701543,85.29034885621861,79.36337754078974,78.60445373250747,78.56686920769106,"rgba(38, 166, 154, 1.0)",0.0,0.0,1.2050027176520515,83.52606716104387,3.206576037010943,0.0,0.0,0.0,0.0,0.0,0.0,0.0,0.0,47.770684582837404,-8.315852586901414,False,True,False,False,True,12.578397394178356,0,1.0230876401512636,0.873615073309892,False,False,False,False,0.28681313344366055,0.235445504892135,False,False,False,False,-194217.0,-176873.30017390536,False,False,False,False,5498.712227687966,False,False,False,False
2025-09-23 15:00:00+00:00,87.39,87.46,87.02,87.06,3503.0,87.20724386724386,87.04732818896008,86.9887890906667,86.3253402882923,85.7327312606543,83.92339758788076,83.1573144741264,82.8821909120561,81.7917458535251,80.79686564694332,,,86.14566796192132,85.89151752533954,84.94448383194296,84.05085702683604,83.72208977066653,82.13135587029032,80.15930550874381,79.76549623268468,85.30553915921624,79.37425787711224,78.6147603454781,78.57149251730938,"rgba(38, 166, 154, 1.0)",0.0,0.0,1.167132267452573,83.54686460729724,3.010057635001958,0.0,0.0,0.0,0.0,0.0,0.0,0.0,0.0,50.966285081554204,-5.4293420291092005,False,True,True,False,True,10.929913811330714,0,1.0237148913619496,0.8780471648118708,False,False,False,False,0.29444437733838147,0.26494494111525824,False,False,False,False,-197720.0,-177196.50482237194,False,False,False,False,5467.770952840091,False,False,False,False
2025-09-23 16:00:00+00:00,87.15,87.385,87.01,87.24,3029.0,87.20855855413804,87.05062143846372,86.9928060378511,86.33514487672515,85.74414891881699,83.93886068439097,83.17399961776503,82.89914321835721,81.81006142214208,80.81608065972378,,,86.2267352498117,85.90336839339184,84.95881599057785,84.0663217846811,83.73800793001784,82.14930865042993,80.17815214073212,79.78299443685,85.31869708923871,79.38367964534687,78.62368526697277,78.57550092642434,"rgba(38, 166, 154, 1.0)",0.0,0.0,1.1465939689920581,83.56423317890183,3.205813845619159,0.0,0.0,0.0,0.0,0.0,0.0,0.0,0.0,53.84045839448006,-2.7845785252411304,False,True,True,False,True,11.594190744666275,0,1.0306067896284412,0.874565624164662,False,False,False,False,0.2906246394145847,0.2777847902649215,False,False,False,False,-194691.0,-177467.73730574604,False,False,False,False,5429.960550470477,False,False,False,False
2025-09-23 17:00:00+00:00,87.3,87.34,86.695,86.7,3462.0,87.13326997265358,87.04751006808354,86.99116833990189,86.34234305632195,85.75436075389709,83.95475330470397,83.19149804007478,82.9170204222932,81.82968995887974,80.83687841304533,,,86.28150824632726,85.9136086477374,84.97282460829717,84.0821446688073,83.75446868241048,82.16846623263544,80.19865641046839,79.80208998106909,85.33116684265707,79.3940089302594,78.63350780586197,78.57991880173238,"rgba(38, 166, 154, 1.0)",0.0,0.0,1.1434321536887562,83.57979588548321,2.728805643999862,0.0,0.0,0.0,0.0,-1.0,87.01,86.785,857.0,52.77526544417986,-2.7845785252411304,False,True,True,False,True,8.930351072006975,0,1.0286473911598533,0.870787637088734,False,False,False,False,0.27329929083126814,0.27554204054809484,False,False,False,False,-198153.0,-177788.43905294378,False,False,False,False,5399.449534184112,False,False,False,False
2025-09-23 18:00:00+00:00,86.695,86.785,86.41,86.58,7137.0,86.94733400676638,87.02739671882503,86.97520938164082,86.34859942057115,85.76919112190936,83.98349770794005,83.22400047904715,82.95046421102296,81.8671635957073,80.87707367808099,,,86.32540363679628,85.92751388330174,84.99641547831013,84.11058796391875,83.78448439803779,82.20484577180932,80.23853857765833,79.83937746349972,85.35118523900229,79.41431119488873,78.65290399638013,78.58866237183626,"rgba(38, 166, 154, 1.0)",0.0,0.0,1.1451579732870878,83.60329507448151,2.5993836614297745,0.0,0.0,0.0,0.0,0.0,0.0,0.0,0.0,51.454588767176354,-2.7845785252411304,False,True,False,False,True,8.348943299377353,0,1.0240723500465483,0.8811677084718714,False,False,False,False,0.23300319609056647,0.2542726183193307,False,False,False,False,-205290.0,-178214.8198428206,False,False,False,False,5426.388301095986,False,False,False,False
2025-09-23 19:00:00+00:00,86.56,87.165,86.55,87.0,8255.0,86.93530166873249,87.02145348791612,86.97210863881814,86.36429299935425,85.79199281618283,84.01987442789792,83.26425431020016,82.9916596313893,81.9126047048051,80.92538182541874,,,86.4069346840706,85.95016253362338,85.02805231318705,84.14674761930887,83.82220727145634,82.24913744692766,80.2862967435507,79.88397616273082,85.37921258047436,79.43867032841062,78.67610180212701,78.5991468580258,"rgba(38, 166, 154, 1.0)",0.0,0.0,1.1518104706762977,83.63680227661652,2.9199228597121034,0.0,0.0,0.0,0.0,0.0,0.0,0.0,0.0,52.7010144891893,-2.7845785252411304,False,True,True,False,True,9.958095095858301,0,1.0222811671087528,0.879973474801061,False,False,False,False,0.2568001963076165,0.2555364073134736,False,False,False,False,-197035.0,-178506.6055816916,False,False,False,False,5470.242746040234,False,False,False,False
2025-09-24 14:00:00+00:00,86.125,86.59,86.06,86.535,1951.0,86.90129203634994,87.01434583452065,86.96614709469273,86.36449634109918,85.79484034970099,84.0268433870232,83.27232495889636,83.00001818385519,81.92213991711215,80.93572199946507,,,86.40655067205408,85.95258524413825,85.03338659114034,84.15360239007589,83.82953694049937,82.25835040136738,80.29662214132304,79.89367486967743,85.38352457488583,79.44401260997068,78.68122675286995,78.60146900390056,"rgba(38, 166, 154, 1.0)",0.0,0.0,1.1463082262414117,83.64166012855102,2.524050517316655,0.0,0.0,0.0,0.0,0.0,0.0,0.0,0.0,51.05937794129385,-2.7845785252411304,False,True,False,False,False,7.702373306435046,0,1.0113943225976416,0.8821049858394259,False,False,False,False,0.20493698014667375,0.23023669373007366,False,False,False,False,-198986.0,-178824.11557267312,False,False,False,False,5415.6808430008505,False,False,False,False
2025-09-24 15:00:00+00:00,86.56,86.575,86.095,86.52,8556.0,86.79212729555931,86.98506892393716,86.9414667152932,86.36540421531764,85.80705072692311,84.05694974109831,83.3072510908482,83.036212235753,81.96349682780254,80.9806240750279,,,86.40532843866976,85.96294442384487,85.05632445386627,84.18319850197085,83.86121426792697,82.29829051952234,80.34150669286765,79.9358798275177,85.40204063941378,79.46734990619875,78.70362664262444,78.61163850256123,"rgba(38, 166, 154, 1.0)",0.0,0.0,1.1439180457946565,83.66287069528549,2.497669579755353,0.0,0.0,0.0,0.0,0.0,0.0,0.0,0.0,49.887658943562386,-2.7845785252411304,False,True,False,False,False,7.630157613953067,0,1.0082236842105257,0.8856578947368423,False,False,False,False,0.20585986077925597,0.2180482772546648,False,False,False,False,-207542.0,-179269.35409092624,False,False,False,False,5464.367961714015,False,False,False,False
2025-09-24 16:00:00+00:00,86.52,86.705,86.31,86.33,3295.0,86.76568839564952,86.97544723298225,86.9333714049894,86.36629580988118,85.81202250645488,84.06859251614136,83.32071559222457,83.05015719116503,81.97940385872602,80.99788307641997,,,86.40728331447912,85.96726610948532,85.06528613538778,84.19465021447485,83.8734503633699,82.31365831917294,80.35876249749876,79.95211643994891,85.40935321230327,79.47636229948323,78.71227611276743,78.61557374824405,"rgba(38, 166, 154, 1.0)",0.0,0.0,1.1412207901589653,83.671417743766,2.329595008397695,0.0,0.0,0.0,0.0,0.0,0.0,0.0,0.0,48.08131620040989,-2.7845785252411304,False,True,False,True,False,6.7079804784624955,0,1.016475121238291,0.8872649970105629,False,False,False,False,0.22183552303222695,0.2199419001434459,False,False,False,False,-210837.0,-179758.77495773358,False,False,False,False,5430.7343499044955,False,False,False,False
2025-09-24 17:00:00+00:00,86.29,86.41,86.12,86.2,1437.0,86.74873777747668,86.96976800993279,86.9284663335889,86.36572195410811,85.81347591655903,84.0732003303756,83.32616906565902,83.05583843646487,81.98598926554826,81.00509410021705,,,86.4040962668362,85.96833392550484,85.06858446372048,84.19915730228135,83.87832856569881,82.31999433563907,80.36600520440321,79.95894949375848,85.4118874791178,79.48017010489461,78.71594243260003,78.61724384703729,"rgba(38, 166, 154, 1.0)",0.0,0.0,1.135374220960108,83.67437058367567,2.224490718301305,0.0,0.0,0.0,0.0,-1.0,86.31,86.23,0.0,46.17401276705787,1.5292328250256944,False,True,False,True,False,6.076248170672137,0,1.010736196319018,0.8866364363830357,False,False,False,False,0.1951491834593625,0.2075455418014042,False,False,False,False,-212274.0,-180262.88697389275,False,False,False,False,5368.815987890472,False,False,False,False
2025-09-24 18:00:00+00:00,86.17,86.23,86.0,86.18,1548.0,86.72806430145533,86.96286389211588,86.92244921118817,86.36457615954674,85.81464487015636,84.07789936782169,83.33180708418053,83.06173190216445,81.99288346447004,81.01268225435237,,,86.3986109675681,85.9690324128429,85.07179621686866,84.20373820637046,83.8833251602926,82.32661200487307,80.37364620907232,79.96616911734543,85.41425229429349,79.48420263067749,78.71983205268292,78.6190169805507,"rgba(38, 166, 154, 1.0)",0.0,0.0,1.1283378391591854,83.67713352036294,2.218188908299086,0.0,0.0,0.0,0.0,0.0,0.0,0.0,0.0,44.787506711055826,-0.043350426879570136,False,True,False,True,False,5.977961184711017,0,1.0037403152551423,0.8912636922254878,False,False,False,False,0.1809758049568994,0.19426067337915182,False,False,False,False,-213822.0,-180783.1832998789,False,False,False,False,5309.578530713875,False,False,False,False
2025-09-24 19:00:00+00:00,86.13,86.19,85.88,85.89,8203.0,86.61551137555365,86.92179768644827,86.88622454453073,86.3548174165704,85.8178799015113,84.10065855922772,83.35973215484027,83.09108412392573,82.02772884930789,81.05135473506115,,,86.35822591246982,85.96941181767711,85.08614559611881,84.22579973903927,83.90769959309337,82.35993449286491,80.41275610131079,80.00322348956057,85.4239810887734,79.50501009756626,78.73996017754396,78.62821184466301,"rgba(38, 166, 154, 1.0)",0.0,0.0,1.1179725133202836,83.6889209025081,1.9688132501172866,0.0,0.0,0.0,0.0,-1.0,86.0,85.075,0.0,42.22109295111094,-2.678977930690621,False,True,False,True,False,4.551071707148388,0,1.000535546927299,0.8948989155174725,False,False,False,False,0.17344632584476333,0.18385349961195757,False,False,False,False,-222025.0,-181422.5913107335,False,False,False,False,5354.437778299706,False,False,False,False
2025-09-25 14:00:00+00:00,84.995,85.075,84.45,84.74,3770.0,86.49416807948698,86.88069997719262,86.84897090234115,86.33605359437271,85.80877216668716,84.10422474131622,83.36644465882969,83.09872294643779,82.03862115340608,81.06454175146973,,84.755,86.28910554183247,85.9575211257851,85.08377563198407,84.22879219444883,83.91218832747121,82.3699143074931,80.42661677495937,80.01662658153343,85.41879605244677,79.51271966716253,78.74760755777682,78.63172396043997,"rgba(239, 83, 80, 1.0)",0.0,0.0,1.1129533067753528,83.6833927922732,0.9493724501238873,0.0,0.0,0.0,0.0,-1.0,85.88,84.79,866.0,36.26434116432117,-8.288348499603686,False,True,False,True,False,0.0,0,0.9887536385287107,0.9044059274940464,False,False,False,False,0.05570370211311742,0.1197786008625375,False,False,False,False,-225795.0,-182110.5356314973,False,False,False,False,5329.872851504362,False,False,False,False
2025-09-25 15:00:00+00:00,84.735,84.79,84.27,84.51,2832.0,86.40212038502978,86.84758426009518,86.81882918855753,86.32022202519545,85.80055082047186,84.10593358826289,83.37061051011187,83.1036190197651,82.04605337120186,81.07376817559715,,84.65562405331717,86.23371244849129,85.94704944392451,85.0807786992297,84.23003804121356,83.91461079393427,82.37663367298441,80.43641658853439,80.02615544177358,85.41361263557512,79.51824089497221,78.75311840113042,78.6342598762438,"rgba(239, 83, 80, 1.0)",0.0,0.0,1.1187993564527698,83.67801323774412,0.7436425105693226,0.0,0.0,0.0,0.0,0.0,0.0,0.0,0.0,31.71094326565395,-12.381975042406111,False,True,False,True,False,0.0,0,0.9880116571731348,0.907206252483773,False,False,False,False,0.03445038312148763,0.07711449199201256,False,False,False,False,-228627.0,-182831.7211255826,False,False,False,False,5291.146140628325,False,False,False,False
2025-09-25 16:00:00+00:00,84.51,84.81,84.51,84.54,2659.0,86.32725415382994,86.81858576042274,86.79239356835932,86.30639345841847,85.79350387134,84.10789406412997,83.37482038590323,83.10849639403591,82.05326193884201,81.08262779099435,,84.64539574559981,86.18754188411255,85.93801387530321,85.07847678819924,84.2315806104172,83.91722629018028,82.38318688934368,80.44579180042288,80.03525712528645,85.40932272417407,79.52351368768828,78.7583695583754,78.63667794337552,"rgba(239, 83, 80, 1.0)",0.0,0.0,1.1273998307510593,83.67382629953536,0.768293268136832,0.0,0.0,0.0,0.0,0.0,0.0,0.0,0.0,28.944062818497898,-14.81419704477068,False,True,False,True,False,0.0,0,0.9889246878775668,0.9177070747751379,False,False,False,False,0.04632889701476055,0.061721694503386555,False,False,False,False,-225968.0,-183500.50064301543,False,False,False,False,5250.337673331762,False,False,False,False
2025-09-25 17:00:00+00:00,84.5,84.69,84.11,84.13,3406.0,86.22424568847043,86.77744100618149,86.75474419602234,86.28580884267248,85.78224685257511,84.10887656120059,83.37883942582411,83.11342635515096,82.0613287467374,81.09292300804886,,84.5552119681061,86.12116404230805,85.9239378031403,85.07359045657978,84.23197595625827,83.91908296647273,82.39036976252,80.45685229693557,80.04607846285073,85.4017631991946,79.52984202043667,78.76472721284843,78.63961214239997,"rgba(239, 83, 80, 1.0)",0.0,0.0,1.1244885724402394,83.66637486757847,0.4122986607284227,0.0,0.0,0.0,0.0,0.0,0.0,0.0,0.0,26.02229441014381,-17.47927681309207,False,True,False,True,False,0.0,0,0.9835297268344932,0.9080074986609538,False,False,False,False,0.022581579731583333,0.042151637117484944,False,False,False,False,-229374.0,-184211.71768730978,False,False,False,False,5221.743290799486,False,False,False,False
2025-09-25 18:00:00+00:00,84.12,84.81,84.12,84.79,2946.0,86.1544137100904,86.74660993436494,86.72649848291054,86.27067138047744,85.774364117263,84.11082130914852,83.38326314920528,83.11858924802948,82.06907137513797,81.10249954234173,,84.55863126881444,86.07523749332744,85.91391235257854,85.07085423280917,84.23345800149731,83.92174708651127,82.39738585190993,80.46701839884447,80.05596955190599,85.396864985864,79.53560298894733,78.77047507618909,78.64226536159536,"rgba(239, 83, 80, 1.0)",0.0,0.0,1.1083590784786213,83.66201654677421,1.0177057914968415,0.0,0.0,0.0,0.0,0.0,0.0,0.0,0.0,29.395626728758266,-17.47927681309207,False,True,False,True,True,0.0,0,0.9825193488123827,0.9084601014144652,False,False,False,False,0.028514977471384973,0.03533330729443496,False,False,False,False,-226428.0,-184866.23369215766,False,False,False,False,5186.460449081665,False,False,False,False
2025-09-25 19:00:00+00:00,84.78,84.795,84.1,84.175,11305.0,85.90335715403367,86.62485867648428,86.61431985478843,86.2078767885248,85.73975663809178,84.11470903093776,83.39690289263709,83.13516600086297,82.09581242029434,81.1365007229077,,84.47381033756841,85.89956074279033,85.8707830148079,85.05617216297067,84.23547708956353,83.92843857586203,82.42125624249658,80.50353413923085,80.09172645838846,85.37378730104531,79.5566429741221,78.7916071511829,78.65205372312859,"rgba(239, 83, 80, 1.0)",0.0,0.0,1.0949741862106144,83.6421459186009,0.48663620394846596,0.0,0.0,0.0,0.0,0.0,0.0,0.0,0.0,29.556521841465376,-17.47927681309207,False,True,False,True,True,0.0,0,0.9807615497270663,0.9116628944215155,False,False,False,False,0.026917344146067567,0.031125325720251264,False,False,False,False,-237733.0,-185685.87347987614,False,False,False,False,5281.321527390475,False,False,False,False
2025-09-26 14:00:00+00:00,85.065,85.065,83.58,83.8,3788.0,85.82490506254426,86.5832946761659,86.57581740254669,86.18548228554587,85.7268452281512,84.11488625827623,83.4004145097536,83.13969110117813,82.10382050075118,81.1470083962615,,84.43365835124513,85.84156415748674,85.85494539664198,85.04996144443263,84.23500119418162,83.92956638328005,82.42827798122859,80.51496341731276,80.10299623226753,85.36474464640878,79.56334768332117,78.79838848346795,78.65520653671128,"rgba(239, 83, 80, 1.0)",0.0,0.0,1.1033844657590617,83.63457928915975,0.14992118882737057,0.0,0.0,0.0,0.0,-1.0,84.1,83.71,872.0,28.605528780347125,-17.47927681309207,False,True,False,True,True,0.0,0,0.9724572103088721,0.9089120598072008,False,False,False,False,0.01550918608233287,0.023317255901292067,False,False,False,False,-241521.0,-186551.53435615712,False,False,False,False,5258.1692556479875,False,False,False,False
2025-09-26 15:00:00+00:00,83.71,83.71,82.645,83.35,3806.0,85.71358237526258,86.52776890130191,86.52421747464332,86.1535960483661,85.70669676342955,84.11025105389162,83.39964144414509,83.14011689048992,82.10823754771582,81.1543020239538,,84.30146973033534,85.75762373151926,85.8309625592565,85.03757107359105,84.22954414218331,83.9260054783781,82.4315600311987,80.52350646008689,80.11171435139744,85.34907073922031,79.56872655296644,78.80402451920853,78.65784459232245,"rgba(239, 83, 80, 1.0)",0.0,0.0,1.1150357405490807,83.7652692984306,-0.37242689478824154,0.0,0.0,0.0,0.0,0.0,0.0,0.0,0.0,26.854871550874734,-17.47927681309207,False,True,False,True,True,0.0,0,0.9563261847337194,0.9333811355191973,False,False,False,False,-0.08917829846042803,-0.032930521279567984,False,False,False,False,-245327.0,-187462.781885519,False,False,False,False,5235.655003622437,False,False,False,False
2025-09-26 16:00:00+00:00,83.35,84.03,83.19,84.015,2491.0,85.65971703812735,86.49788999090514,86.49640397360747,86.13667925127679,85.69636997080134,84.1089960531809,83.40069459729771,83.14188036713837,82.11240991555674,81.16021144328714,,84.26400881910476,85.71607939651578,85.81853958466819,85.03182144047621,84.22781970450716,83.92540015358507,82.43504807219053,80.53011504106783,80.11832150683246,85.34138135916129,79.57272698717526,78.80812919671897,78.65976173441847,"rgba(239, 83, 80, 1.0)",0.0,0.0,1.1080642157859977,83.76860253898118,0.22236749234252245,0.0,0.0,0.0,0.0,1.0,83.885,83.71,874.0,30.096739662897654,-17.47927681309207,False,True,False,True,True,0.0,0,0.9747893671216766,0.9242374763242116,False,False,False,False,-0.04952906164808544,-0.041229791463826715,False,False,False,False,-242836.0,-188321.28139116988,False,False,False,False,5193.102212868601,False,False,False,False
2025-09-26 17:00:00+00:00,84.015,84.155,83.885,84.125,3481.0,85.60061697242854,86.4617777942925,86.46273177093649,86.11644642656042,85.68438361346772,84.1087380265668,83.40347101846771,83.14558538648424,82.1193053887188,81.16940943529465,,84.24603728221848,85.66950795223292,85.80398381501792,85.02578695939468,84.22696447399534,83.92600299995321,82.44103763400884,80.54019092107004,80.12830018413254,85.33282146714457,79.57871890504754,78.81421325165901,78.66260155935541,"rgba(239, 83, 80, 1.0)",0.0,0.0,1.105495588184153,83.7726541956858,0.31872203569165536,0.0,0.0,0.0,0.0,0.0,0.0,0.0,0.0,32.91574048207126,-23.182665610382486,False,True,False,True,True,0.0,0,0.9847602851723457,0.9163450847014196,False,False,False,False,-0.012087669787031593,-0.026658730625429155,False,False,False,False,-239355.0,-189112.5018347176,False,False,False,False,5166.557992514049,False,False,False,False
2025-09-26 18:00:00+00:00,84.105,84.195,83.82,84.15,3714.0,85.54217958506393,86.42440740570414,86.42781503477751,86.09528854541753,85.67178649291897,84.10846543434307,83.40640741495804,83.1495053907954,82.12660863521538,81.17915885909183,,84.22998423759748,85.62261510208126,85.7887163866188,85.01943023416405,84.2260612831438,83.92664004419865,82.44737946037176,80.55087790472695,80.13889115226334,85.32381334715161,79.58509425147012,78.82068900287165,78.66562817284589,"rgba(239, 83, 80, 1.0)",0.0,0.0,1.1093978075941142,83.77102769589405,0.34160181452657845,0.0,0.0,0.0,0.0,0.0,0.0,0.0,0.0,34.95673169683927,-21.097009408729264,False,True,False,True,True,0.0,0,0.9808559294348246,0.9178699771316567,False,False,False,False,-0.013228142860546403,-0.019943436742987777,False,False,False,False,-235641.0,-189833.87389929564,False,False,False,False,5144.037713560342,False,False,False,False
2025-09-26 19:00:00+00:00,84.18,84.18,83.75,83.84,11676.0,85.3702025785202,86.30800233188504,86.31861222520972,86.02739768304968,85.63029827977009,84.1055594415309,83.41362931055112,83.15985146362621,82.14767025983812,81.20800046927685,,84.1659033420434,85.48043596707465,85.7388919313994,84.99732163412345,84.22114391073754,83.9265894911193,82.46538946948554,80.58280946731516,80.17071077534762,85.29344835334209,79.60443226591097,78.84043401303687,78.67488917013797,"rgba(239, 83, 80, 1.0)",0.0,0.0,1.1204724791692617,83.75126899253095,0.07919070670511884,0.0,0.0,0.0,0.0,0.0,0.0,0.0,0.0,35.02674757436809,-20.76325988312405,False,True,False,True,True,0.0,0,0.980500847789226,0.9175688013564631,False,False,False,False,-0.017106026464821657,-0.018524731603904717,False,False,False,False,-247317.0,-190725.0851566709,False,False,False,False,5245.308446683437,False,False,False,False
2025-09-29 14:00:00+00:00,83.71,84.19,83.61,83.82,6187.0,85.29043058127682,86.24940327761287,86.26339046308493,85.992300622733,85.60848136723047,84.10364380758104,83.41700749985844,83.16487065930173,82.15832304308101,81.22276206469749,,84.13673638302102,85.41220840338056,85.7128564382268,84.98543543546113,84.21817575085471,83.92616153108149,82.4744345713701,80.59923621325925,80.18713398376755,85.27731797080484,79.61449175474347,78.85073257890782,78.67973664738952,"rgba(239, 83, 80, 1.0)",0.0,0.0,1.1270292928873518,83.7397475701801,0.07120704876649073,0.0,0.0,0.0,0.0,0.0,0.0,0.0,0.0,34.98964305331474,-20.40368502321416,False,True,False,True,True,0.0,0,0.9782552083333328,0.9201822916666672,False,False,False,False,-0.023037942314147405,-0.02078133695902606,False,False,False,False,-253504.0,-191698.40166586978,False,False,False,False,5259.908315727104,False,False,False,False
2025-09-29 15:00:00+00:00,83.77,84.295,83.68,83.885,5967.0,85.2250665918413,86.19731430718615,86.21414988890234,85.96075589439904,85.58889414673492,84.10245742377285,83.42078185873862,83.17018404891806,82.16894664967283,81.23726973577786,,84.12064938946709,85.35482545824489,85.68948844814705,84.97501531238105,84.2160137882036,83.92637049672483,82.48354124872033,80.6153075537989,80.20317655247244,85.26297139176772,79.62433013606476,78.86078266515887,78.6844750813568,"rgba(239, 83, 80, 1.0)",0.0,0.0,1.1353126647959084,83.73072003270342,0.13589205166166526,0.0,0.0,0.0,0.0,0.0,0.0,0.0,0.0,35.517400720857964,-19.459095195547622,False,True,False,True,True,0.0,1,0.9736396771674038,0.926256183285603,False,False,False,False,-0.015052972586308699,-0.01791715477266738,False,False,False,False,-247537.0,-192564.1163687245,False,False,False,False,5270.870977498777,False,False,False,False
2025-09-29 16:00:00+00:00,83.89,84.11,83.22,83.24,8744.0,85.11131068146722,86.11128030158075,86.13264558319878,85.9067220919374,85.55368453406739,84.09583575572209,83.42182863706724,83.17363735657055,82.18059197203937,81.25493086251987,,84.05261766442626,85.25501264184419,85.64813619860402,84.95385131886889,84.20782568413348,83.92187902497089,82.49283991874007,80.63558391810065,80.22377245654832,85.23577968334666,79.6372428306646,78.87420117234728,78.69083795762859,"rgba(239, 83, 80, 1.0)",0.0,0.0,1.157760528537999,83.7072837810414,-0.4036100467438466,0.0,0.0,0.0,0.0,0.0,0.0,0.0,0.0,33.170610454546036,-19.459095195547622,False,True,False,True,True,0.0,0,0.9626788036410917,0.9365409622886869,False,False,False,False,-0.04450067571524277,-0.031208915243955075,False,False,False,False,-256281.0,-193551.9750296745,False,False,False,False,5324.717939087944,False,False,False,False
2025-09-29 17:00:00+00:00,83.235,83.79,83.07,83.735,10713.0,84.99173149895068,86.01344929393481,86.03957569421479,85.84392042743225,85.51231957548897,84.08804168482807,83.42318529061475,83.17787597477464,82.19467636241441,81.2762786233596,,83.98882446514641,85.14714682449262,85.59976555733331,84.92889421255119,84.19817283432388,83.9166230169008,82.50409855795574,80.6601145923682,80.24872337891331,85.20375840603657,79.65298080567119,78.89056566759758,78.69862427566022,"rgba(239, 83, 80, 1.0)",0.0,0.0,1.1754588906477146,83.68208114498391,0.04501974117268213,0.0,0.0,0.0,0.0,0.0,0.0,0.0,0.0,35.43144184572725,-19.202231945133917,False,True,False,True,True,0.0,1,0.9613488975356674,0.9365758754863815,False,False,False,False,-0.0660044651410612,-0.04860669019250814,False,False,False,False,-245568.0,-194358.42502921444,False,False,False,False,5408.25719584627,False,False,False,False
2025-09-29 18:00:00+00:00,83.735,84.18,83.705,84.06,15479.0,84.89214555811752,85.90789833646573,85.93840894654934,85.77538981488743,85.46837500958289,84.08595986638565,83.43297736068477,83.19139403737621,82.22119309441503,81.31244098470458,,83.98774840397292,85.0504866193737,85.54804095445196,84.90547081207936,84.19379719345065,83.91786472831168,82.52687962169806,80.70027411139888,80.28896825805876,85.17145547482234,79.67810921725105,78.91628130271417,78.71087382652972,"rgba(239, 83, 80, 1.0)",0.0,0.0,1.1887505743119902,83.66665411445396,0.3308901749836763,0.0,0.0,0.0,0.0,1.0,84.015,83.79,882.0,39.05949078561373,-15.680172958455735,False,True,False,True,True,0.0,1,0.9648975370095023,0.9327687633331181,False,False,False,False,-0.019159224544438205,-0.033882957368473174,False,False,False,False,-230089.0,-194912.38743186227,False,False,False,False,5564.392743197492,False,False,False,False
2025-09-29 19:00:00+00:00,84.09,84.475,84.015,84.335,21370.0,84.81820628326457,85.79862254825207,85.83268967106827,85.70284785115433,85.42287770177775,84.09093311855305,83.45287785150778,83.21598276912316,82.26242296185934,81.36612122604723,,84.03711998863277,84.97081589009397,85.4942337174981,84.88465740865185,84.19600140062248,83.92703563267422,82.5633140696166,80.75896387865805,80.34742642416356,85.13989362549255,79.71465758968009,78.9533912303261,78.72862825378601,"rgba(239, 83, 80, 1.0)",0.0,0.0,1.1963869519256307,83.85311025258986,0.4027875317718203,0.0,0.0,0.0,0.0,0.0,0.0,0.0,0.0,43.11776439912603,-11.905973726585202,False,False,False,True,True,0.0,1,0.9698608964451308,0.9275502318392586,False,False,False,False,0.008438343494582116,-0.012722306936945529,False,False,False,False,-208719.0,-195126.4434406706,False,False,False,False,5809.440917721561,False,False,False,False
2025-09-30 14:00:00+00:00,82.64,82.64,82.095,82.15,4032.0,84.76243014437135,85.75493588712753,85.79077036899889,85.67204168712496,85.40053880498846,84.0820627377241,83.44773757512765,83.21205652904992,82.26254588625561,81.36928598247506,82.295,83.98239967488796,84.91993450135196,85.4689226387981,84.86862717870066,84.18631502635111,83.91916651618916,82.56226308626118,80.76370732343075,80.3528006293595,85.12112033631912,79.718522560341,78.95775170400032,78.73077406210624,"rgba(239, 83, 80, 1.0)",0.0,0.0,1.2629729227512294,83.81956584888381,-1.321933209183032,0.0,0.0,0.0,0.0,-1.0,84.015,82.3,884.0,38.1339908613919,-11.905973726585202,False,True,False,True,False,0.0,0,0.9615674453654857,0.9304822908816885,False,False,False,False,-0.16429595078605427,-0.0885091288614999,False,False,False,False,-212751.0,-195399.69237957496,False,False,False,False,5781.883694190995,False,False,False,False
2025-09-30 15:00:00+00:00,82.16,82.3,81.82,82.3,4867.0,84.6942741557954,85.70133339325085,85.73928879379031,85.63391660530733,85.37267026678961,84.07055275681257,83.44076707271975,83.20656801569717,82.26199024763643,81.37244267944018,82.2102281155186,83.91509683536862,84.85755780895346,85.4374320081581,84.848390023315,84.17380583829878,83.90887134890193,82.56027594952373,80.76881858563628,80.3587338433257,85.09756176317451,79.7228928034357,78.962756304515,78.73324832370861,"rgba(239, 83, 80, 1.0)",0.0,0.0,1.3197191654571336,83.87751350364138,-1.1953403003698548,0.0,0.0,0.0,0.0,0.0,0.0,0.0,0.0,35.616112214867144,-8.542534627004493,False,True,False,True,False,0.0,0,0.9560853199498113,0.9386449184441661,False,False,False,False,-0.19325504996021167,-0.14088208941085578,False,False,False,False,-207884.0,-195593.24753648078,False,False,False,False,5767.699450870204,False,False,False,False
2025-09-30 16:00:00+00:00,82.3,82.6,82.18,82.2,3269.0,84.65365343907014,85.66805480475499,85.70726925998636,85.61011160040952,85.35528334503243,84.0636383066637,83.43679269318294,83.20355269323542,82.26218661650029,81.37506056361546,82.24150997150997,83.87705652664431,84.81998112873339,85.41779172227403,84.83589036273496,84.16625265030264,83.90274575232057,82.55953988184393,80.77269485610331,80.36311222410973,85.08293177289684,79.72604530903993,78.96630586709844,78.73499913578861,"rgba(239, 83, 80, 1.0)",0.0,0.0,1.3740987447631166,83.86125996298014,-1.208981501010342,0.0,0.0,0.0,0.0,0.0,0.0,0.0,0.0,33.68693485532945,-10.295885433283829,False,True,False,True,False,0.0,0,0.9558162755866199,0.9352221667498757,False,False,False,False,-0.16218824448162952,-0.15153516694624264,False,False,False,False,-211153.0,-195834.4840087834,False,False,False,False,5728.959924500123,False,False,False,False
2025-09-30 17:00:00+00:00,82.2,82.28,82.055,82.15,1905.0,84.6289849183213,85.64801998382339,85.68798829427777,85.59570747911503,85.34469537016251,84.05925379407597,83.4341473850006,83.20147618514548,82.26200907852758,81.3763161416115,82.23070193514769,83.85344632135659,84.79717823676948,85.40585550436941,84.82818796580206,84.16148722393184,83.89882647892469,82.55881066663585,80.77470595388746,80.36544108847438,85.07397109670536,79.7277625693217,78.96826951408856,78.73597179452304,"rgba(239, 83, 80, 1.0)",0.0,0.0,1.4294320771069517,83.84875089143594,-1.1884096618805853,0.0,0.0,0.0,0.0,0.0,0.0,0.0,0.0,32.2651994413775,-11.7036055002107,False,True,False,True,False,0.0,0,0.9543842180596177,0.9393863961665322,False,False,False,False,-0.1830971071319276,-0.1673161370390851,False,False,False,False,-213058.0,-196101.51526446117,False,False,False,False,5669.673724120275,False,False,False,False
2025-09-30 18:00:00+00:00,82.15,82.765,82.15,82.765,2931.0,84.59794569675628,85.62110927431264,85.66203418411446,85.57632264417724,85.33056287119285,84.05395501706042,83.43136610529987,83.19951515129388,82.26281665618757,81.37921600594449,82.28746343997491,83.82662344875405,84.76803681581428,85.38989462683271,84.81818087761948,84.15565094812332,83.89420553564788,82.55881401099197,80.77867424880138,80.36980448148297,85.06216228697869,79.73083163359433,78.97166230939348,78.73764111922728,"rgba(239, 83, 80, 1.0)",0.0,0.0,1.4641631591991389,83.83900081690189,-0.7335253657723081,0.0,0.0,0.0,0.0,1.0,82.74,82.28,888.0,35.05266607494984,-11.7036055002107,False,True,False,True,False,0.0,0,0.9559041501976282,0.9338562252964431,False,False,False,False,-0.15587361046223794,-0.1615948737506615,False,False,False,False,-210127.0,-196318.96464020593,False,False,False,False,5627.2136663819765,False,False,False,False
2025-09-30 19:00:00+00:00,82.76,83.415,82.74,83.32,14475.0,84.4986429239716,85.51949078178345,85.56347775973863,85.50240042789919,85.27745010599574,84.03859071221397,83.42714227493259,83.19890265279405,82.27464390348494,81.40048399164891,82.68791585925008,83.76453941583821,84.67074361030036,85.32975094244534,84.78278615272808,84.1380189386722,83.88187246769805,82.56702556311812,80.80451292512718,80.39691958856609,85.01899876368019,79.74907642108161,78.99110266532323,78.74715105298408,"rgba(239, 83, 80, 1.0)",0.0,0.0,1.4852814730054749,83.82659180842646,-0.34107461624857716,0.0,0.0,0.0,0.0,0.0,0.0,0.0,0.0,39.65826455222273,-16.66659244456678,False,False,False,True,True,0.0,0,0.9634960494885768,0.9264408648251365,False,False,False,False,-0.09838114659728384,-0.12998801017397266,False,False,False,False,-195652.0,-196308.62410314847,False,False,False,False,5764.388648298535,False,False,False,False
2025-10-01 14:00:00+00:00,82.72,83.26,82.3,83.03,2574.0,84.47882714828886,85.50014364490275,85.54470837507954,85.4881310051465,85.26699912038603,84.03501643319517,83.42559552345332,83.19801748697492,82.27602323113067,81.40358704412732,82.7011753247389,83.74989361500629,84.65152418192109,85.31798677048664,84.77553521704846,84.1340241099106,83.87884594442544,82.56774550689723,80.80848050985455,80.40117696236581,85.01034285033832,79.75202148444677,78.99429735085053,78.74872505642944,"rgba(239, 83, 80, 1.0)",0.0,0.0,1.5113672349625,83.81922075583498,-0.5221899334443078,0.0,0.0,0.0,0.0,0.0,0.0,0.0,0.0,41.49967655458347,-14.914531045937515,True,False,False,True,True,0.0,0,0.9578972838908715,0.9284979735043256,False,False,False,False,-0.12586432848985268,-0.12792616933191267,False,False,False,False,-198226.0,-196338.3508612392,False,False,False,False,5714.925258402434,False,False,False,False
2025-10-01 15:00:00+00:00,83.005,83.28,82.73,82.99,5373.0,84.44234433302417,85.46269961106341,85.50831243267511,85.46036181279248,85.24669651905486,84.02848719291386,83.42317218544916,83.1969331369721,82.27954690101471,81.41062463950635,82.74189933884577,83.72528944797264,84.61566152994335,85.29513544638624,84.76164391237853,84.12665366308008,83.87342840714788,82.56992676099811,80.81726098170981,80.41050733169311,84.99363252325827,79.75842038259069,79.00118397871552,78.75211577737706,"rgba(239, 83, 80, 1.0)",0.0,0.0,1.5370990343633457,83.80718232206723,-0.5316393438538004,0.0,0.0,0.0,0.0,0.0,0.0,0.0,0.0,42.55300768501696,-13.76714911091468,True,False,False,True,True,0.0,0,0.9633435490655609,0.9287302445766485,False,False,False,False,-0.10506352510528368,-0.11649484721859818,False,False,False,False,-203599.0,-196450.91906494088,False,False,False,False,5709.624091605497,False,False,False,False
2025-10-01 16:00:00+00:00,82.98,83.17,82.45,82.59,2988.0,84.41926018274437,85.44018261993749,85.48644107373309,85.44356120112877,85.2342575214781,84.02397112533542,83.42100522141723,83.1955357442238,82.28078083076615,81.41386756293767,82.74153070527028,83.70757406385684,84.59324162813172,85.28118558622998,84.75287163855242,84.12164779801441,83.86954479277784,82.57039336988389,80.8215281175504,80.41514243161835,84.98324766305969,79.76167980655161,79.00475196658344,78.7538823170721,"rgba(239, 83, 80, 1.0)",0.0,0.0,1.5698367390868035,83.79751235337014,-0.7691961356902385,0.0,0.0,0.0,0.0,0.0,0.0,0.0,0.0,41.54052104462932,-13.76714911091468,True,False,False,True,True,0.0,0,0.9667330797560828,0.9297228762905275,False,False,False,False,-0.1230850085407303,-0.11978992787966425,False,False,False,False,-206587.0,-196608.0676065697,False,False,False,False,5667.428369255024,False,False,False,False
2025-10-01 17:00:00+00:00,82.59,82.8,82.495,82.74,1956.0,84.40397202842203,85.42532923196774,85.47200987449969,85.43244041022518,85.2259926499762,84.02089869569055,83.41947379388621,83.19450986635619,82.28148208652645,81.41588862676387,82.73874472241005,83.69564076726101,84.57840055393102,85.2719283753569,84.74700523540278,84.1182531483011,83.86688667887337,82.5705907435106,80.82422643299512,80.41809067252032,84.97632596652568,79.76376786339766,79.00704749723982,78.7550209537488,"rgba(239, 83, 80, 1.0)",0.0,0.0,1.5984303956472563,83.79091398765843,-0.6574662184354193,0.0,0.0,0.0,0.0,0.0,0.0,0.0,0.0,41.799848193549664,-13.76714911091468,True,False,False,True,True,0.0,0,0.9695594287097553,0.930767368675866,False,False,False,False,-0.138163428122993,-0.12897667800132862,False,False,False,False,-204631.0,-196732.45415530505,False,False,False,False,5609.8868441502955,False,False,False,False
2025-10-01 18:00:00+00:00,82.74,83.54,82.74,83.395,2587.0,84.39043602204224,85.40978881769395,85.4568400935637,85.42076109409064,85.21747131195443,84.01850245948062,83.41894485523068,83.19458964454905,82.28367816402195,81.41970498130212,82.7655339636973,83.68853270165975,84.56466828780422,85.26234490561437,84.74133406213753,84.11548310050271,83.86499785778413,82.57216957151704,80.82883187414305,80.422918481991,84.96939760046408,79.76704206005603,79.01053058100219,78.75673559275279,"rgba(239, 83, 80, 1.0)",0.0,0.0,1.613434052399033,83.78752749487349,-0.24328697803906982,0.0,0.0,0.0,0.0,1.0,83.345,82.8,0.0,45.53818218455938,-10.133443811871075,True,False,False,True,True,0.0,0,0.9716969769962661,0.9218354811513916,False,False,False,False,-0.09262751827717336,-0.11080209813925099,False,False,False,False,-202044.0,-196814.80370328482,False,False,False,False,5563.020381450291,False,False,False,False
2025-10-01 19:00:00+00:00,83.415,83.63,83.345,83.435,11358.0,84.34626591967597,85.35144799127929,85.39964520366826,85.37647523945057,85.1853988100336,84.01134674832512,83.41954732307201,83.19771752390321,82.29567840574404,81.43851986016037,82.90274266197949,83.67494327918575,84.51798346368885,85.22624462536248,84.72087080963165,84.10681288316712,83.85995986195174,82.58157999467842,80.8508905338997,80.44575574421958,84.94379950347468,79.78235745800103,79.0266399738691,78.76465994299895,"rgba(239, 83, 80, 1.0)",0.0,0.0,1.6267538504916532,83.78092926910877,-0.21265003860554277,0.0,0.0,0.0,0.0,0.0,0.0,0.0,0.0,48.22742542191253,-7.433231348841559,True,False,False,False,True,0.0,0,0.9859376894168987,0.9184143532549406,False,False,False,False,-0.06073802497976531,-0.08577006155950814,False,False,False,False,-190686.0,-196719.7834908308,False,False,False,False,5652.8650266991235,False,False,False,False
