date,Open,High,Low,Close,Volume,Gap_Up_aVWAP_445,Gap_Up_aVWAP_444,Gap_Up_aVWAP_439,Gap_Up_aVWAP_438,Gap_Up_aVWAP_437,Gap_Up_aVWAP_433,Gap_Up_aVWAP_424,Gap_Up_aVWAP_417,Gap_Up_aVWAP_408,Gap_Up_aVWAP_407,Gap_Down_aVWAP_446,Gap_Down_aVWAP_442,Gap_Down_aVWAP_436,Gap_Down_aVWAP_434,Gap_Down_aVWAP_431,Gap_Down_aVWAP_428,Gap_Down_aVWAP_426,Gap_Down_aVWAP_419,Gap_Down_aVWAP_418,Gap_Down_aVWAP_414,aVWAP_OB_bear_370,aVWAP_OB_bear_201,color,Liquidity,Liquidity_Level,StDev,StDev_Mean,StdDev_ZScore,OB,OB_High,OB_Low,OB_Mitigated_Index,FVG,FVG_High,FVG_Low,FVG_Mitigated_Index,QQEMOD,QQE1_Value,QQE1_Above_Upper,QQE1_Below_Lower,QQE2_Above_Threshold,QQE2_Below_Threshold,QQE2_Above_TL,banker_RSI,TTM_squeeze_Active,VI_plus,VI_minus,VI_Regular_Bullish,VI_Regular_Bearish,VI_Hidden_Bullish,VI_Hidden_Bearish,Fisher,Fisher_Signal,Fisher_Regular_Bullish,Fisher_Regular_Bearish,Fisher_Hidden_Bullish,Fisher_Hidden_Bearish,OBV,OBV_Smoothed,OBV_Regular_Bullish,OBV_Regular_Bearish,OBV_Hidden_Bullish,OBV_Hidden_Bearish,Volume_MA,Vol_Regular_Bullish,Vol_Regular_Bearish,Vol_Hidden_Bullish,Vol_Hidden_Bearish
2024-01-31 17:00:00+00:00,8.565,8.6,8.315,8.34,7993.0,,,,,,,,,,,,,,,,,,,,,,,"rgba(38, 166, 154, 1.0)",0.0,0.0,,,,0.0,0.0,0.0,0.0,0.0,0.0,0.0,0.0,,,False,False,False,False,False,,0,,,False,False,False,False,,,False,False,False,False,0.0,0.0,False,False,False,False,7993.0,False,False,False,False
2024-02-01 17:00:00+00:00,8.365,8.425,8.335,8.4,7714.0,,,,,,,,,,,,,,,,,,,,,,,"rgba(38, 166, 154, 1.0)",0.0,0.0,,,,0.0,0.0,0.0,0.0,0.0,0.0,0.0,0.0,100.0,,False,False,True,False,False,,0,,,False,False,False,False,,,False,False,False,False,7714.0,119.5968992248062,False,False,False,False,7988.674418604651,False,False,False,False
2024-02-02 17:00:00+00:00,8.335,8.36,8.295,8.33,5249.0,,,,,,,,,,,,,,,,,,,,,,,"rgba(239, 83, 80, 1.0)",0.0,0.0,,,,0.0,0.0,0.0,0.0,0.0,0.0,0.0,0.0,81.08108108108112,-16.21621621621607,False,False,True,False,True,,0,,,False,False,False,False,,,False,False,False,False,2465.0,155.95973799651463,False,False,False,False,7946.198846223183,False,False,False,False
2024-02-05 17:00:00+00:00,8.205,8.34,8.205,8.295,13351.0,,,,,,,,,,,,,,,,,,,,,,,"rgba(239, 83, 80, 1.0)",0.0,0.0,,,,0.0,0.0,0.0,0.0,0.0,0.0,0.0,0.0,64.98021709289321,-16.21621621621607,False,False,True,False,True,,0,,,False,False,False,False,,,False,False,False,False,-10886.0,-15.233436235989473,False,False,False,False,8029.994212948404,False,False,False,False
2024-02-06 17:00:00+00:00,8.375,8.43,8.295,8.34,19202.0,,,,,,,,,,,,,,,,,,,,,,,"rgba(239, 83, 80, 1.0)",0.0,0.0,,,,0.0,0.0,0.0,0.0,0.0,0.0,0.0,0.0,60.05596768848482,-16.21621621621607,False,False,True,False,True,,0,,,False,False,False,False,,,False,False,False,False,8316.0,113.93297362813438,False,False,False,False,8203.203604995715,False,False,False,False
2024-02-07 17:00:00+00:00,8.305,8.335,8.24,8.325,34314.0,,,,,,,,,,,,,,,,,,,,,,,"rgba(239, 83, 80, 1.0)",0.0,0.0,,,,0.0,0.0,0.0,0.0,0.0,0.0,0.0,0.0,55.29012217215775,-16.21621621621607,False,False,False,False,True,,0,,,False,False,False,False,,,False,False,False,False,-25998.0,-290.90319650563515,False,False,False,False,8608.022153755472,False,False,False,False
2024-02-08 17:00:00+00:00,8.025,8.05,7.9,7.94,19285.0,,,,,,,,,,,,,,,,,,,,,,,"rgba(239, 83, 80, 1.0)",0.0,0.0,,,,0.0,0.0,0.0,0.0,0.0,0.0,0.0,0.0,41.14614114331485,-16.21621621621607,False,False,False,True,False,,0,,,False,False,False,False,,,False,False,False,False,-45283.0,-988.4550849319044,False,False,False,False,8773.556694007324,False,False,False,False
2024-02-09 17:00:00+00:00,8.09,8.27,8.065,8.2,23734.0,,,,,,,,,,,,,,,,,,,,,,,"rgba(38, 166, 154, 1.0)",0.0,0.0,,,,0.0,0.0,0.0,0.0,0.0,0.0,0.0,0.0,41.9784958158733,-16.21621621621607,False,False,False,True,False,,0,,,False,False,False,False,,,False,False,False,False,-21549.0,-1307.2232231500143,False,False,False,False,9005.501551464575,False,False,False,False
2024-02-12 17:00:00+00:00,8.115,8.14,8.03,8.05,9570.0,,,,,,,,,,,,,,,,,,,,,,,"rgba(239, 83, 80, 1.0)",0.0,0.0,,,,0.0,0.0,0.0,0.0,0.0,0.0,0.0,0.0,39.81993098322718,-16.21621621621607,False,False,False,True,False,,0,,,False,False,False,False,,,False,False,False,False,-31119.0,-1769.42131271358,False,False,False,False,9014.253465395355,False,False,False,False
2024-02-13 17:00:00+00:00,7.935,7.935,7.835,7.91,13109.0,,,,,,,,,,,,,,,,,,,,,,,"rgba(239, 83, 80, 1.0)",0.0,0.0,,7.8933333333333335,,0.0,0.0,0.0,0.0,0.0,0.0,0.0,0.0,36.442752493531124,-16.21621621621607,False,False,False,True,False,,0,,,False,False,False,False,,,False,False,False,False,-44228.0,-2427.693850500966,False,False,False,False,9077.737907792325,False,False,False,False
2024-02-14 17:00:00+00:00,8.12,8.205,8.085,8.14,19429.0,,,,,,,,,,,,,,,,,,,,,,,"rgba(239, 83, 80, 1.0)",0.0,0.0,,8.042612637531501,,0.0,0.0,0.0,0.0,0.0,0.0,0.0,0.0,39.637084261863706,-16.21621621621607,False,False,False,True,False,,0,,,False,False,False,False,,,False,False,False,False,-24799.0,-2774.5358063071526,False,False,False,False,9238.222591392443,False,False,False,False
2024-02-15 17:00:00+00:00,8.185,8.5,8.185,8.465,13761.0,,,,,,,,,,,,,,,,,,,,,,,"rgba(38, 166, 154, 1.0)",0.0,0.0,,8.143881725307242,,0.0,0.0,0.0,0.0,0.0,0.0,0.0,0.0,46.61960186165631,-16.21621621621607,False,False,False,True,False,,0,,,False,False,False,False,,,False,False,False,False,-11038.0,-2902.651530240375,False,False,False,False,9308.343171370854,False,False,False,False
2024-02-16 17:00:00+00:00,8.5,8.505,8.325,8.41,34122.0,,,,,,,,,,,,,,,,,,,,,,,"rgba(239, 83, 80, 1.0)",0.0,0.0,,8.258207930764351,,0.0,0.0,0.0,0.0,0.0,0.0,0.0,0.0,50.288184702826356,-16.21621621621607,False,False,False,False,False,,0,,,False,False,False,False,,,False,False,False,False,-45160.0,-3557.8042196940123,False,False,False,False,9693.051029179058,False,False,False,False
2024-02-19 17:00:00+00:00,8.41,8.41,8.41,8.41,0.0,,,,,,,,,,,,,,,,,,,,,,,"rgba(239, 83, 80, 1.0)",0.0,0.0,,8.258207930764351,,0.0,0.0,0.0,0.0,0.0,0.0,0.0,0.0,52.73390659693972,-16.21621621621607,False,False,True,False,False,,0,,,False,False,False,False,,,False,False,False,False,-45160.0,-4202.799503109609,False,False,False,False,9542.771168261554,False,False,False,False
2024-02-20 17:00:00+00:00,8.355,8.355,8.2,8.22,12009.0,,,,,,,,,,,,,,,,,,,,,,,"rgba(239, 83, 80, 1.0)",0.0,0.0,,8.258224223736882,,0.0,0.0,0.0,0.0,0.0,0.0,0.0,0.0,50.98411736251862,-16.21621621621607,False,False,False,False,False,,0,,,False,False,False,False,,,False,False,False,False,-57169.0,-5023.980906162173,False,False,False,False,9581.00727417998,False,False,False,False
2024-02-21 17:00:00+00:00,8.295,8.325,8.255,8.315,3298.0,,,,,,,,,,,,,,,,,,,,,,,"rgba(239, 83, 80, 1.0)",0.0,0.0,,8.259606053958437,,0.0,0.0,0.0,0.0,0.0,0.0,0.0,0.0,51.394311711927074,-16.21621621621607,False,False,False,False,False,,0,,,False,False,False,False,,,False,False,False,False,-53871.0,-5781.29903164803,False,False,False,False,9483.596308688817,False,False,False,False
2024-02-22 17:00:00+00:00,8.385,8.4,8.295,8.31,6462.0,,,,,,,,,,,,,,,,,,,,,,,"rgba(239, 83, 80, 1.0)",0.0,0.0,,8.26437360146133,,0.0,0.0,0.0,0.0,0.0,0.0,0.0,0.0,51.57544325406542,-14.805247511877809,False,False,False,False,False,,0,,,False,False,False,False,,,False,False,False,False,-60333.0,-6627.061837358913,False,False,False,False,9436.74985429054,False,False,False,False
2024-02-23 17:00:00+00:00,8.375,8.4,8.35,8.385,3851.0,,,,,,,,,,,,,,,,,,,,,,,"rgba(38, 166, 154, 1.0)",0.0,0.0,,8.26851217925142,,0.0,0.0,0.0,0.0,0.0,0.0,0.0,0.0,53.01254156929761,-11.51599854914349,False,False,True,False,False,,0,,,False,False,False,False,,,False,False,False,False,-56482.0,-7400.006615074279,False,False,False,False,9350.149081355803,False,False,False,False
2024-02-26 17:00:00+00:00,8.335,8.36,8.285,8.3,6530.0,,,,,,,,,,,,,,,,,,,,,,,"rgba(38, 166, 154, 1.0)",0.0,0.0,,8.27120883708948,,0.0,0.0,0.0,0.0,0.0,0.0,0.0,0.0,52.204098264779525,-10.638768164974366,False,False,True,False,False,,0,,,False,False,False,False,,,False,False,False,False,-63012.0,-8262.208062902584,False,False,False,False,9306.425839784395,False,False,False,False
2024-02-27 17:00:00+00:00,8.71,8.835,8.66,8.775,7867.0,,,,,,,,,,,,,,,,,,,,,,,"rgba(38, 166, 154, 1.0)",0.0,0.0,,8.529792784115756,,0.0,0.0,0.0,0.0,0.0,0.0,0.0,0.0,57.81690382853911,-3.994697339640773,False,False,True,False,True,,0,,,False,False,False,False,,,False,False,False,False,-55145.0,-8989.073054175413,False,False,False,False,9284.109160097814,False,False,False,False
2024-02-28 17:00:00+00:00,8.51,8.52,8.355,8.41,6519.0,,,,,,,,,,,,,,,,,,,,,,,"rgba(38, 166, 154, 1.0)",0.0,0.0,,8.45862073659006,,0.0,0.0,0.0,0.0,0.0,0.0,0.0,0.0,55.94169767783498,-3.994697339640773,False,False,True,False,True,,0,,,False,False,False,False,,,False,False,False,False,-61664.0,-9805.738588219203,False,False,False,False,9241.239250638933,False,False,False,False
2024-02-29 17:00:00+00:00,8.215,8.23,8.055,8.085,31594.0,,,,,,,,,,,,,,,,,,,,,,,"rgba(38, 166, 154, 1.0)",0.0,0.0,,8.27361338876567,,0.0,0.0,0.0,0.0,0.0,0.0,0.0,0.0,51.27378149222044,-3.994697339640773,False,False,False,False,False,,0,,,False,False,False,False,,,False,False,False,False,-93258.0,-11099.57209847937,False,False,False,False,9587.793680861585,False,False,False,False
2024-03-01 17:00:00+00:00,8.09,8.12,7.89,7.89,33003.0,,,,,,,,,,,,,,,,,,,,,,,"rgba(239, 83, 80, 1.0)",0.0,0.0,,8.182880090678836,,0.0,0.0,0.0,0.0,0.0,0.0,0.0,0.0,46.52510699422833,-3.994697339640773,False,False,False,True,False,,0,,,False,False,False,False,,,False,False,False,False,-126261.0,-12885.020593076588,False,False,False,False,9950.820135421869,False,False,False,False
2024-03-04 17:00:00+00:00,7.975,7.98,7.76,7.885,16222.0,,,,,,,,,,,,,,,,,,,,,,,"rgba(239, 83, 80, 1.0)",0.0,0.0,,8.146327903234399,,0.0,0.0,0.0,0.0,0.0,0.0,0.0,0.0,43.31777878329986,3.035338956999027,False,False,False,True,False,,0,,,False,False,False,False,,,False,False,False,False,-142483.0,-14894.291591633539,False,False,False,False,10048.04773022153,False,False,False,False
2024-03-05 17:00:00+00:00,7.705,7.755,7.535,7.59,27766.0,,,,,,,,,,,,,,,,,,,,,,,"rgba(239, 83, 80, 1.0)",0.0,0.0,,7.915245066448153,,0.0,0.0,0.0,0.0,0.0,0.0,0.0,0.0,38.93316495003947,-1.4742732568653025,False,False,False,True,False,,0,,,False,False,False,False,,,False,False,False,False,-170249.0,-17302.89172199581,False,False,False,False,10322.744664636699,False,False,False,False
2024-03-06 17:00:00+00:00,7.915,7.945,7.82,7.87,36512.0,,,,,,,,,,,,,,,,,,,,,,,"rgba(239, 83, 80, 1.0)",0.0,0.0,,7.943061168538766,,0.0,0.0,0.0,0.0,0.0,0.0,0.0,0.0,39.80869015268986,-1.4742732568653025,False,False,False,True,False,,0,,,False,False,False,False,,,False,False,False,False,-133737.0,-19108.071695298197,False,False,False,False,10728.77963107644,False,False,False,False
2024-03-07 17:00:00+00:00,7.995,8.105,7.975,8.065,22917.0,,,,,,,,,,,,,,,,,,,,,,,"rgba(239, 83, 80, 1.0)",0.0,0.0,,7.969742651776143,,0.0,0.0,0.0,0.0,0.0,0.0,0.0,0.0,42.6005540959871,-1.4742732568653025,False,False,False,True,False,,0,,,False,False,False,False,,,False,False,False,False,-110820.0,-20529.962056611403,False,False,False,False,10917.744287958976,False,False,False,False
2024-03-08 17:00:00+00:00,8.05,8.11,7.965,8.045,10392.0,,,,,,,,,,,,,,,,,,,,,,,"rgba(239, 83, 80, 1.0)",0.0,0.0,,7.97731173171985,,0.0,0.0,0.0,0.0,0.0,0.0,0.0,0.0,44.254433281687525,-1.4742732568653025,False,False,False,True,True,,0,,,False,False,False,False,,,False,False,False,False,-121212.0,-22090.92388519107,False,False,False,False,10909.593213727054,False,False,False,False
2024-03-11 17:00:00+00:00,7.9,7.905,7.74,7.74,11332.0,,,,,,,,,,,,,,,,,,,,,,,"rgba(239, 83, 80, 1.0)",0.0,0.0,,7.968001579845571,,0.0,0.0,0.0,0.0,0.0,0.0,0.0,0.0,42.482149764801804,-1.4742732568653025,False,False,False,True,True,,0,,,False,False,False,False,,,False,False,False,False,-132544.0,-23803.374677668726,False,False,False,False,10916.14215614989,False,False,False,False
2024-03-12 17:00:00+00:00,7.7,7.805,7.685,7.785,11402.0,,,,,,,,,,,,,,,,,,,,,,,"rgba(239, 83, 80, 1.0)",0.0,0.0,,7.957465942687719,,0.0,0.0,0.0,0.0,0.0,0.0,0.0,0.0,41.89535324086512,-1.4742732568653025,False,False,False,True,True,,0,,,False,False,False,False,,,False,False,False,False,-121142.0,-25312.50065165836,False,False,False,False,10923.674835899505,False,False,False,False
2024-03-13 17:00:00+00:00,7.895,7.965,7.885,7.93,8771.0,,,,,,,,,,,,,,,,,,,,,,,"rgba(239, 83, 80, 1.0)",0.0,0.0,,7.957631014561748,,0.0,0.0,0.0,0.0,0.0,0.0,0.0,0.0,43.39659924565166,-1.4742732568653025,False,False,False,True,True,,0,,,False,False,False,False,,,False,False,False,False,-112371.0,-26662.244827601644,False,False,False,False,10890.300032242147,False,False,False,False
2024-03-14 17:00:00+00:00,7.665,7.695,7.595,7.645,13434.0,,,,,,,,,,,,,,,,,,,,,,,"rgba(239, 83, 80, 1.0)",0.0,0.0,,7.939877158733054,,0.0,0.0,0.0,0.0,0.0,0.0,0.0,0.0,41.69444326007717,-1.6899406675335413,False,False,False,True,True,,0,,,False,False,False,False,,,False,False,False,False,-125805.0,-28199.34180701867,False,False,False,False,10929.737241044595,False,False,False,False
2024-03-15 17:00:00+00:00,7.74,7.855,7.74,7.76,15668.0,,,,,,,,,,,,,,,,,,,,,,,"rgba(239, 83, 80, 1.0)",0.0,0.0,,7.931360694133432,,0.0,0.0,0.0,0.0,0.0,0.0,0.0,0.0,42.071626537219935,-1.8124349297709017,False,False,False,True,True,,0,,,False,False,False,False,,,False,False,False,False,-110137.0,-29469.693096832336,False,False,False,False,11003.198679167934,False,False,False,False
2024-03-18 17:00:00+00:00,7.64,7.675,7.625,7.63,3098.0,,,,,,,,,,,,,,,,,,,,,,,"rgba(239, 83, 80, 1.0)",0.0,0.0,,7.927923313787414,,0.0,0.0,0.0,0.0,0.0,0.0,0.0,0.0,41.10274473515881,-3.2488597181495606,False,False,False,True,True,,0,,,False,False,False,False,,,False,False,False,False,-113235.0,-30768.380025563616,False,False,False,False,10880.637459335874,False,False,False,False
2024-03-19 17:00:00+00:00,7.815,7.83,7.73,7.74,6225.0,,,,,,,,,,,,,,,,,,,,,,,"rgba(239, 83, 80, 1.0)",0.0,0.0,,7.924469756728334,,0.0,0.0,0.0,0.0,0.0,0.0,0.0,0.0,41.982812117948654,-3.2488597181495606,False,False,False,True,True,,0,,,False,False,False,False,,,False,False,False,False,-107010.0,-31950.420645322316,False,False,False,False,10808.457033609737,False,False,False,False
2024-03-20 17:00:00+00:00,7.93,8.085,7.885,8.005,5916.0,,,,,,,,,,,,,,,,,,,,,,,"rgba(239, 83, 80, 1.0)",0.0,0.0,,7.926708284283534,,0.0,0.0,0.0,0.0,0.0,0.0,0.0,0.0,45.746190954136864,-3.2488597181495606,False,False,False,True,True,,0,,,False,False,False,False,,,False,False,False,False,-101094.0,-33022.414123689414,False,False,False,False,10732.604986577027,False,False,False,False
2024-03-21 17:00:00+00:00,8.09,8.09,8.01,8.03,9086.0,,,,,,,,,,,,,,,,,,,,,,,"rgba(239, 83, 80, 1.0)",0.0,0.0,,7.931694707610521,,0.0,0.0,0.0,0.0,0.0,0.0,0.0,0.0,48.530197776669425,-6.571965267132391,False,False,False,False,True,,0,,,False,False,False,False,,,False,False,False,False,-92008.0,-33936.919331074074,False,False,False,False,10707.076227095213,False,False,False,False
2024-03-22 17:00:00+00:00,7.945,8.005,7.895,7.9,4791.0,,,,,,,,,,,,,,,,,,,,,,,"rgba(239, 83, 80, 1.0)",0.0,0.0,,7.9321445655922345,,0.0,0.0,0.0,0.0,0.0,0.0,0.0,0.0,48.69754957307792,-6.219064360350323,False,False,False,False,True,,0,,,False,False,False,False,,,False,False,False,False,-96799.0,-34911.525232917884,False,False,False,False,10615.354115047225,False,False,False,False
2024-03-25 17:00:00+00:00,8.195,8.235,8.13,8.145,19006.0,,,,,,,,,,,,,,,,,,,,,,,"rgba(239, 83, 80, 1.0)",0.0,0.0,,7.949500765210122,,0.0,0.0,0.0,0.0,0.0,0.0,0.0,0.0,51.623444834038985,-3.2703426375091453,False,False,True,False,True,,0,,,False,False,False,False,,,False,False,False,False,-77793.0,-35576.3542990742,False,False,False,False,10745.441648147267,False,False,False,False
2024-03-26 17:00:00+00:00,8.495,8.505,8.375,8.385,15554.0,,,,,,,,,,,,,,,,,,,,,,,"rgba(38, 166, 154, 1.0)",0.0,0.0,,7.974854859022252,,0.0,0.0,0.0,0.0,0.0,0.0,0.0,0.0,55.762290763514144,0.6649791334836905,False,False,True,False,True,,0,,,False,False,False,False,,,False,False,False,False,-62239.0,-35989.72865102653,False,False,False,False,10819.992940424054,False,False,False,False
2024-03-27 17:00:00+00:00,8.405,8.485,8.35,8.43,9060.0,,,,,,,,,,,,,,,,,,,,,,,"rgba(38, 166, 154, 1.0)",0.0,0.0,,7.988328742655152,,0.0,0.0,0.0,0.0,0.0,0.0,0.0,0.0,58.89953878558935,3.562139357123911,False,False,True,False,True,,0,,,False,False,False,False,,,False,False,False,False,-53179.0,-36256.228982018365,False,False,False,False,10792.706228169418,False,False,False,False
2024-03-28 17:00:00+00:00,8.575,8.635,8.47,8.49,13709.0,,,,,,,,,,,,,,,,,,,,,,,"rgba(38, 166, 154, 1.0)",0.0,0.0,,8.011796746401965,,0.0,0.0,0.0,0.0,0.0,0.0,0.0,0.0,61.515377796826016,5.976234253377136,True,False,True,False,True,,0,,,False,False,False,False,,,False,False,False,False,-39470.0,-36306.05488927389,False,False,False,False,10837.920085097023,False,False,False,False
2024-03-29 17:00:00+00:00,8.49,8.49,8.49,8.49,0.0,,,,,,,,,,,,,,,,,,,,,,,"rgba(38, 166, 154, 1.0)",0.0,0.0,,8.011796746401965,,0.0,0.0,0.0,0.0,0.0,0.0,0.0,0.0,63.25927047098379,7.638187168267692,True,False,True,False,True,,0,,,False,False,False,False,,,False,False,False,False,-39470.0,-36355.108301843284,False,False,False,False,10669.890316335828,False,False,False,False
2024-04-01 17:00:00+00:00,8.555,8.62,8.525,8.615,4415.0,,,,,,,,,,,,,,,,,,,,,,,"rgba(38, 166, 154, 1.0)",0.0,0.0,,8.019641385884894,,0.0,0.0,0.0,0.0,0.0,0.0,0.0,0.0,65.60147134308032,9.918569839332179,True,False,True,False,True,,0,,,False,False,False,False,,,False,False,False,False,-35055.0,-36334.95158398525,False,False,False,False,10572.915272671707,False,False,False,False
2024-04-02 17:00:00+00:00,8.435,8.495,8.395,8.475,6469.0,,,,,,,,,,,,,,,,,,,,,,,"rgba(38, 166, 154, 1.0)",0.0,0.0,,8.028201560123653,,0.0,0.0,0.0,0.0,0.0,0.0,0.0,0.0,64.3928249301019,9.918569839332179,True,False,True,False,True,,0,,,False,False,False,False,,,False,False,False,False,-41524.0,-36415.401947024235,False,False,False,False,10509.288679296951,False,False,False,False
2024-04-03 17:00:00+00:00,8.645,8.665,8.59,8.625,5106.0,,,,,,,,,,,,,,,,,,,,,,,"rgba(38, 166, 154, 1.0)",0.0,0.0,,8.184624582810677,,0.0,0.0,0.0,0.0,0.0,0.0,0.0,0.0,65.16811129783014,9.918569839332179,True,False,True,False,True,,0,,,False,False,False,False,,,False,False,False,False,-36418.0,-36415.44222691534,False,False,False,False,10425.51676178847,False,False,False,False
2024-04-04 17:00:00+00:00,8.6,8.6,8.35,8.39,8231.0,,,,,,,,,,,,,,,,,,,,,,,"rgba(38, 166, 154, 1.0)",0.0,0.0,,8.164206450388452,,0.0,0.0,0.0,0.0,0.0,0.0,0.0,0.0,61.67674821156446,9.918569839332179,True,False,True,False,False,,0,,,False,False,False,False,,,False,False,False,False,-44649.0,-36543.09428541277,False,False,False,False,10391.493246101827,False,False,False,False
2024-04-05 17:00:00+00:00,8.305,8.305,8.225,8.245,3280.0,,,,,,,,,,,,,,,,,,,,,,,"rgba(38, 166, 154, 1.0)",0.0,0.0,,8.153030738600535,,0.0,0.0,0.0,0.0,0.0,0.0,0.0,0.0,57.32194180574787,12.983342281253975,True,False,True,False,False,,0,,,False,False,False,False,,,False,False,False,False,-47929.0,-36719.61995540637,False,False,False,False,10281.237536859937,False,False,False,False
2024-04-08 17:00:00+00:00,8.345,8.365,8.3,8.315,13466.0,,,,,,,,,,,,,,,,,,,,,,,"rgba(38, 166, 154, 1.0)",0.0,0.0,,8.14537601305576,,0.0,0.0,0.0,0.0,0.0,0.0,0.0,0.0,55.39426416467712,11.165824781719671,True,False,True,False,False,,0,,,False,False,False,False,,,False,False,False,False,-34463.0,-36684.6335995086,False,False,False,False,10330.613699079164,False,False,False,False
2024-04-09 17:00:00+00:00,8.265,8.31,8.185,8.31,13380.0,,,,,,,,,,,,,,,,,,,,,,,"rgba(38, 166, 154, 1.0)",0.0,0.0,,8.14065240054014,,0.0,0.0,0.0,0.0,0.0,0.0,0.0,0.0,54.03088265995346,9.778421493370004,True,False,True,False,False,1.1840341299312307,0,,,False,False,False,False,,,False,False,False,False,-47843.0,-36857.631528198384,False,False,False,False,10377.891006070184,False,False,False,False
2024-04-10 17:00:00+00:00,8.01,8.13,7.885,8.13,37359.0,,,,,,,,,,,,,,,,,,,,,,,"rgba(38, 166, 154, 1.0)",0.0,0.0,,8.103534860819847,,0.0,0.0,0.0,0.0,0.0,0.0,0.0,0.0,50.4582105200843,6.317741072630447,False,False,False,False,False,0.0,0,,,False,False,False,False,,,False,False,False,False,-85202.0,-37607.15662078445,False,False,False,False,10796.202773417934,False,False,False,False
2024-04-11 17:00:00+00:00,8.08,8.15,8.06,8.085,3263.0,,,,,,,,,,,,,,,,,,,,,,,"rgba(38, 166, 154, 1.0)",0.0,0.0,,8.102599112160668,,0.0,0.0,0.0,0.0,0.0,0.0,0.0,0.0,47.47048833199375,3.4660845814900583,False,False,False,True,False,0.0,0,,,False,False,False,False,,,False,False,False,False,-88465.0,-38395.650316586245,False,False,False,False,10679.408931969594,False,False,False,False
2024-04-12 17:00:00+00:00,7.745,7.825,7.72,7.745,5454.0,,,,,,,,,,,,,,,,,,,,,,,"rgba(239, 83, 80, 1.0)",0.0,0.0,,8.092924849156635,,0.0,0.0,0.0,0.0,0.0,0.0,0.0,0.0,41.8417736685971,-1.7525004194986806,False,True,False,True,False,0.0,0,,,False,False,False,False,,,False,False,False,False,-93919.0,-39256.47744346088,False,False,False,False,10598.394840001072,False,False,False,False
2024-04-15 17:00:00+00:00,7.75,7.755,7.6,7.74,16066.0,,,,,,,,,,,,,,,,,,,,,,,"rgba(239, 83, 80, 1.0)",0.0,0.0,,7.991439318830065,,0.0,0.0,0.0,0.0,0.0,0.0,0.0,0.0,38.045140916745375,-5.1632159487003335,False,True,False,True,False,0.0,0,,,False,False,False,False,,,False,False,False,False,-109985.0,-40353.04368464753,False,False,False,False,10683.163912249118,False,False,False,False
2024-04-16 17:00:00+00:00,7.725,7.765,7.63,7.66,4346.0,,,,,,,,,,,,,,,,,,,,,,,"rgba(239, 83, 80, 1.0)",0.0,0.0,,7.985424996063786,,0.0,0.0,0.0,0.0,0.0,0.0,0.0,0.0,34.779916661195294,-8.126596481581537,False,True,False,True,False,0.0,0,,,False,False,False,False,,,False,False,False,False,-114331.0,-41499.98874380028,False,False,False,False,10584.913308958434,False,False,False,False
2024-04-17 17:00:00+00:00,7.78,7.91,7.78,7.84,3354.0,,,,,,,,,,,,,,,,,,,,,,,"rgba(239, 83, 80, 1.0)",0.0,0.0,,7.987237191058663,,0.0,0.0,0.0,0.0,0.0,0.0,0.0,0.0,36.30403867558332,-8.126596481581537,False,True,False,True,False,0.0,0,,,False,False,False,False,,,False,False,False,False,-110977.0,-42577.15170901268,False,False,False,False,10472.806125873807,False,False,False,False
2024-04-18 17:00:00+00:00,7.845,7.865,7.78,7.855,3511.0,,,,,,,,,,,,,,,,,,,,,,,"rgba(239, 83, 80, 1.0)",0.0,0.0,,7.98777652574127,,0.0,0.0,0.0,0.0,0.0,0.0,0.0,0.0,37.609199569223875,-8.126596481581537,False,True,False,True,True,0.0,0,,,False,False,False,False,,,False,False,False,False,-107466.0,-43583.1803646869,False,False,False,False,10364.871147178088,False,False,False,False
2024-04-19 17:00:00+00:00,7.875,7.875,7.755,7.8,6026.0,,,,,,,,,,,,,,,,,,,,,,,"rgba(239, 83, 80, 1.0)",0.0,0.0,,7.986203802886246,,0.0,0.0,0.0,0.0,0.0,0.0,0.0,0.0,37.732559653789636,-8.126596481581537,False,True,False,True,True,0.0,0,,,False,False,False,False,,,False,False,False,False,-113492.0,-44667.03803345145,False,False,False,False,10297.6018270668,False,False,False,False
2024-04-22 17:00:00+00:00,7.795,7.825,7.785,7.81,6329.0,,,,,,,,,,,,,,,,,,,,,,,"rgba(239, 83, 80, 1.0)",0.0,0.0,,7.983769539076922,,0.0,0.0,0.0,0.0,0.0,0.0,0.0,0.0,38.04768565430342,-8.126596481581537,False,True,False,True,True,0.0,0,,,False,False,False,False,,,False,False,False,False,-107163.0,-45635.96767634367,False,False,False,False,10236.07311656964,False,False,False,False
2024-04-23 17:00:00+00:00,7.94,7.945,7.82,7.88,3781.0,,,,,,,,,,,,,,,,,,,,,,,"rgba(239, 83, 80, 1.0)",0.0,0.0,,7.984274542414363,,0.0,0.0,0.0,0.0,0.0,0.0,0.0,0.0,39.9233328289977,-8.126596481581537,False,True,False,True,True,0.0,0,,,False,False,False,False,,,False,False,False,False,-103382.0,-46531.25499919106,False,False,False,False,10135.994463599567,False,False,False,False
2024-04-24 17:00:00+00:00,7.72,7.74,7.685,7.715,1355.0,,,,,,,,,,,,,,,,,,,,,,,"rgba(239, 83, 80, 1.0)",0.0,0.0,,7.982735169345839,,0.0,0.0,0.0,0.0,0.0,0.0,0.0,0.0,38.587030608721975,-8.126596481581537,False,True,False,True,True,0.0,0,,,False,False,False,False,,,False,False,False,False,-104737.0,-47433.66965036639,False,False,False,False,9999.855014551511,False,False,False,False
2024-04-25 17:00:00+00:00,7.815,7.945,7.77,7.78,7287.0,,,,,,,,,,,,,,,,,,,,,,,"rgba(239, 83, 80, 1.0)",0.0,0.0,,7.955793427119062,,0.0,0.0,0.0,0.0,0.0,0.0,0.0,0.0,39.2555200869114,-8.126596481581537,False,True,False,True,True,0.0,0,,,False,False,False,False,,,False,False,False,False,-97450.0,-48209.11663253126,False,False,False,False,9957.795246884045,False,False,False,False
2024-04-26 17:00:00+00:00,7.845,7.92,7.795,7.855,3719.0,,,,,,,,,,,,,,,,,,,,,,,"rgba(239, 83, 80, 1.0)",0.0,0.0,,7.956711965109622,,0.0,0.0,0.0,0.0,0.0,0.0,0.0,0.0,41.41517569797766,-8.126596481581537,False,True,False,True,True,0.0,0,,,False,False,False,False,,,False,False,False,False,-93731.0,-48914.88226613542,False,False,False,False,9861.069739180415,False,False,False,False
2024-04-29 17:00:00+00:00,7.835,7.9,7.815,7.89,3026.0,,,,,,,,,,,,,,,,,,,,,,,"rgba(239, 83, 80, 1.0)",0.0,0.0,,7.95745336876071,,0.0,0.0,0.0,0.0,0.0,0.0,0.0,0.0,43.64118069658933,-11.20431200156034,False,True,False,True,True,0.0,0,,,False,False,False,False,,,False,False,False,False,-90705.0,-49562.79106821084,False,False,False,False,9755.099665704749,False,False,False,False
2024-04-30 17:00:00+00:00,7.745,7.775,7.65,7.655,1692.0,,,,,,,,,,,,,,,,,,,,,,,"rgba(239, 83, 80, 1.0)",0.0,0.0,,7.953092867236393,,0.0,0.0,0.0,0.0,0.0,0.0,0.0,0.0,41.162765522200104,-11.20431200156034,False,True,False,True,False,0.0,0,,,False,False,False,False,,,False,False,False,False,-92397.0,-50226.8873307192,False,False,False,False,9630.09036856204,False,False,False,False
2024-05-01 17:00:00+00:00,7.63,7.77,7.625,7.66,845.0,,,,,,,,,,,,,,,,,,,,,,,"rgba(239, 83, 80, 1.0)",0.0,0.0,,7.913030378928753,,0.0,0.0,0.0,0.0,0.0,0.0,0.0,0.0,39.635557783860975,-11.20431200156034,False,True,False,True,False,0.0,1,,,False,False,False,False,,,False,False,False,False,-91552.0,-50867.58675194835,False,False,False,False,9493.887417111464,False,False,False,False
2024-05-02 17:00:00+00:00,7.695,7.735,7.68,7.695,743.0,,,,,,,,,,,,,,,,,,,,,,,"rgba(239, 83, 80, 1.0)",0.0,0.0,,7.912966095478512,,0.0,0.0,0.0,0.0,0.0,0.0,0.0,0.0,39.553202419944306,-11.20431200156034,False,True,False,True,False,0.0,0,,,False,False,False,False,,,False,False,False,False,-90809.0,-51486.8334689724,False,False,False,False,9358.214743977953,False,False,False,False
2024-05-03 17:00:00+00:00,7.725,7.81,7.7,7.805,4529.0,,,,,,,,,,,,,,,,,,,,,,,"rgba(239, 83, 80, 1.0)",0.0,0.0,,7.917797846240783,,0.0,0.0,0.0,0.0,0.0,0.0,0.0,0.0,42.23254671224626,-11.20431200156034,False,True,False,True,True,0.0,0,,,False,False,False,False,,,False,False,False,False,-86280.0,-52026.26240743794,False,False,False,False,9283.34319755969,False,False,False,False
2024-05-06 17:00:00+00:00,7.695,7.77,7.68,7.765,3711.0,,,,,,,,,,,,,,,,,,,,,,,"rgba(239, 83, 80, 1.0)",0.0,0.0,,7.913546334079677,,0.0,0.0,0.0,0.0,0.0,0.0,0.0,0.0,43.18657662760372,-11.191333215946344,False,True,False,True,True,0.0,1,,,False,False,False,False,,,False,False,False,False,-89991.0,-52614.86299026836,False,False,False,False,9196.950279768067,False,False,False,False
2024-05-07 17:00:00+00:00,7.77,7.835,7.75,7.825,8262.0,,,,,,,,,,,,,,,,,,,,,,,"rgba(239, 83, 80, 1.0)",0.0,0.0,,7.914942843513721,,0.0,0.0,0.0,0.0,0.0,0.0,0.0,0.0,45.311000153854934,-9.02833454005826,False,True,False,True,True,0.0,1,,,False,False,False,False,,,False,False,False,False,-81729.0,-53066.24495941149,False,False,False,False,9182.45492659337,False,False,False,False
2024-05-08 17:00:00+00:00,7.7,7.75,7.665,7.71,4435.0,,,,,,,,,,,,,,,,,,,,,,,"rgba(239, 83, 80, 1.0)",0.0,0.0,,7.908908028546051,,0.0,0.0,0.0,0.0,0.0,0.0,0.0,0.0,44.26257872240051,-9.02833454005826,False,True,False,True,True,0.0,1,,,False,False,False,False,,,False,False,False,False,-86164.0,-53579.388448412865,False,False,False,False,9108.850974243085,False,False,False,False
2024-05-09 17:00:00+00:00,7.825,7.92,7.8,7.89,3173.0,,,,,,,,,,,,,,,,,,,,,,,"rgba(239, 83, 80, 1.0)",0.0,0.0,,7.911560685502187,,0.0,0.0,0.0,0.0,0.0,0.0,0.0,0.0,47.57453428510294,-6.772951632718076,False,False,False,False,True,0.0,1,,,False,False,False,False,,,False,False,False,False,-82991.0,-54035.38242595685,False,False,False,False,9016.822276967998,False,False,False,False
2024-05-10 17:00:00+00:00,7.76,7.775,7.72,7.775,2638.0,,,,,,,,,,,,,,,,,,,,,,,"rgba(239, 83, 80, 1.0)",0.0,0.0,,7.90987906808229,,0.0,0.0,0.0,0.0,0.0,0.0,0.0,0.0,47.43234301964344,-6.772951632718076,False,False,False,True,True,0.0,1,,,False,False,False,False,,,False,False,False,False,-85629.0,-54525.20595423659,False,False,False,False,8917.925807557642,False,False,False,False
2024-05-13 17:00:00+00:00,7.725,7.76,7.71,7.715,5212.0,,,,,,,,,,,,,,,,,,,,,,,"rgba(239, 83, 80, 1.0)",0.0,0.0,,7.9053190382472724,,0.0,0.0,0.0,0.0,0.0,0.0,0.0,0.0,46.22267899139544,-6.772951632718076,False,False,False,True,True,0.0,1,,,False,False,False,False,,,False,False,False,False,-90841.0,-55088.24152083757,False,False,False,False,8860.46959348698,False,False,False,False
2024-05-14 17:00:00+00:00,7.625,7.745,7.6,7.725,13638.0,,,,,,,,,,,,,,,,,,,,,,,"rgba(239, 83, 80, 1.0)",0.0,0.0,0.3005380010748897,7.866269470047811,-0.4700552660314306,0.0,0.0,0.0,0.0,0.0,0.0,0.0,0.0,45.66212269411979,-6.772951632718076,False,False,False,True,False,0.0,1,,,False,False,False,False,,,False,False,False,False,-77203.0,-55431.10599338272,False,False,False,False,8934.539832347646,False,False,False,False
2024-05-15 17:00:00+00:00,7.85,7.855,7.745,7.755,4157.0,,,,,,,,,,,,,,,,,,,,,,,"rgba(239, 83, 80, 1.0)",0.0,0.0,0.30051344950489933,7.868659443309161,-0.3782174924164521,0.0,0.0,0.0,0.0,0.0,0.0,0.0,0.0,46.07264925130541,-6.772951632718076,False,False,False,True,False,0.0,1,,,False,False,False,False,,,False,False,False,False,-73046.0,-55704.20512526826,False,False,False,False,8860.469447350008,False,False,False,False
2024-05-16 17:00:00+00:00,7.75,7.82,7.71,7.76,9774.0,,,,,,,,,,,,,,,,,,,,,,,"rgba(239, 83, 80, 1.0)",0.0,0.0,0.299313824882457,7.868546653307719,-0.3626516528274184,0.0,0.0,0.0,0.0,0.0,0.0,0.0,0.0,46.486027840319295,-6.772951632718076,False,False,False,True,False,0.0,1,,,False,False,False,False,,,False,False,False,False,-63272.0,-55821.53527836487,False,False,False,False,8874.632711732176,False,False,False,False
2024-05-17 17:00:00+00:00,7.93,7.965,7.9,7.95,2704.0,,,,,,,,,,,,,,,,,,,,,,,"rgba(239, 83, 80, 1.0)",0.0,0.0,0.2974482618346741,7.872963841506439,0.2589901114849305,0.0,0.0,0.0,0.0,0.0,0.0,0.0,0.0,51.19184483093015,-2.449269118131049,True,False,True,False,True,0.0,0,,,False,False,False,False,,,False,False,False,False,-60568.0,-55895.123878700295,False,False,False,False,8778.963987519273,False,False,False,False
2024-05-20 17:00:00+00:00,8.25,8.275,8.165,8.225,17708.0,,,,,,,,,,,,,,,,,,,,,,,"rgba(38, 166, 154, 1.0)",0.0,0.0,0.2967114502082538,7.962372865980388,0.8851263873884229,0.0,0.0,0.0,0.0,0.0,0.0,0.0,0.0,58.152560769909286,3.8539438638520807,True,False,True,False,True,2.819656961723627,0,,,False,False,False,False,,,False,False,False,False,-42860.0,-55693.02893484447,False,False,False,False,8917.398654379438,False,False,False,False
2024-05-21 17:00:00+00:00,8.19,8.21,8.145,8.205,18921.0,,,,,,,,,,,,,,,,,,,,,,,"rgba(38, 166, 154, 1.0)",0.0,0.0,0.2951995812883094,7.990084522877368,0.7280344917316576,0.0,0.0,0.0,0.0,0.0,0.0,0.0,0.0,62.23404325844431,7.278420887298445,True,False,True,False,True,2.4841069520652503,0,,,False,False,False,False,,,False,False,False,False,-61781.0,-55787.416083141456,False,False,False,False,9072.493248885183,False,False,False,False
2024-05-22 17:00:00+00:00,8.24,8.25,8.005,8.105,2988.0,,,,,,,,,,,,,,,,,,,,,,,"rgba(38, 166, 154, 1.0)",0.0,0.0,0.2932784858633014,7.9920764943302505,0.38503849110290406,0.0,0.0,0.0,0.0,0.0,0.0,0.0,0.0,62.23928380903729,7.278420887298445,True,False,True,False,True,0.816192233939887,0,,,False,False,False,False,,,False,False,False,False,-64769.0,-55926.665446193525,False,False,False,False,8978.160020220297,False,False,False,False
2024-05-23 17:00:00+00:00,7.88,7.88,7.745,7.855,4272.0,,,,,,,,,,,,,,,,,,,,,,,"rgba(38, 166, 154, 1.0)",0.0,0.0,0.29376895376843115,7.985323370133311,-0.4436254017367684,0.0,0.0,0.0,0.0,0.0,0.0,0.0,0.0,57.14728426694613,12.451177675966491,True,False,True,False,False,0.0,0,,,False,False,False,False,,,False,False,False,False,-69041.0,-56129.988462531604,False,False,False,False,8905.19629897657,False,False,False,False
2024-05-24 17:00:00+00:00,7.885,7.91,7.87,7.905,948.0,,,,,,,,,,,,,,,,,,,,,,,"rgba(38, 166, 154, 1.0)",0.0,0.0,0.29333166973320307,7.984443138559815,-0.27083041743181496,0.0,0.0,0.0,0.0,0.0,0.0,0.0,0.0,54.678277356261624,10.607878321722154,True,False,True,False,False,0.0,0,,,False,False,False,False,,,False,False,False,False,-68093.0,-56315.46150962413,False,False,False,False,8781.828914496315,False,False,False,False
2024-05-27 17:00:00+00:00,7.905,7.905,7.905,7.905,0.0,,,,,,,,,,,,,,,,,,,,,,,"rgba(38, 166, 154, 1.0)",0.0,0.0,0.2935978588183217,7.984443138559815,-0.27058487033781153,0.0,0.0,0.0,0.0,0.0,0.0,0.0,0.0,53.03227274913862,9.085482957402817,True,False,True,False,False,0.0,0,,,False,False,False,False,,,False,False,False,False,-68093.0,-56498.05900559895,False,False,False,False,8645.676528225054,False,False,False,False
2024-05-28 17:00:00+00:00,7.935,7.945,7.875,7.93,1469.0,,,,,,,,,,,,,,,,,,,,,,,"rgba(38, 166, 154, 1.0)",0.0,0.0,0.29350898201336695,7.983372880215146,-0.1818441120575854,0.0,0.0,0.0,0.0,0.0,0.0,0.0,0.0,52.47223198951446,8.418427780804862,True,False,False,False,False,0.0,0,,,False,False,False,False,,,False,False,False,False,-66624.0,-56655.050338845474,False,False,False,False,8534.410225461876,False,False,False,False
2024-05-29 17:00:00+00:00,7.675,7.76,7.64,7.725,3914.0,,,,,,,,,,,,,,,,,,,,,,,"rgba(239, 83, 80, 1.0)",0.0,0.0,0.2950602015225418,7.975059720551905,-0.8474871204641322,0.0,0.0,0.0,0.0,0.0,0.0,0.0,0.0,48.190810814735315,4.258811664988777,False,False,False,True,False,0.0,0,,,False,False,False,False,,,False,False,False,False,-70538.0,-56870.28986847578,False,False,False,False,8462.77595840045,False,False,False,False
2024-05-30 17:00:00+00:00,7.76,7.79,7.68,7.785,1649.0,,,,,,,,,,,,,,,,,,,,,,,"rgba(239, 83, 80, 1.0)",0.0,0.0,0.29134948519350945,7.972305913967389,-0.6428908355303381,0.0,0.0,0.0,0.0,0.0,0.0,0.0,0.0,46.74357889217654,2.7915381384121005,False,False,False,True,False,0.0,0,,,False,False,False,False,,,False,False,False,False,-68889.0,-57056.626459662206,False,False,False,False,8357.13602106091,False,False,False,False
2024-05-31 17:00:00+00:00,7.585,7.69,7.585,7.665,6650.0,,,,,,,,,,,,,,,,,,,,,,,"rgba(239, 83, 80, 1.0)",0.0,0.0,0.28995010443706265,7.957814814784955,-1.009880011436637,0.0,0.0,0.0,0.0,0.0,0.0,0.0,0.0,43.791911628302685,-0.11970739549524723,False,True,False,True,False,0.0,0,,,False,False,False,False,,,False,False,False,False,-75539.0,-57343.174886644185,False,False,False,False,8330.66879592818,False,False,False,False
2024-06-03 17:00:00+00:00,7.615,7.65,7.555,7.645,31159.0,,,,,,,,,,,,,,,,,,,,,,,"rgba(239, 83, 80, 1.0)",0.0,0.0,0.28850370428711636,7.9055460248358935,-0.9030942097596114,0.0,0.0,0.0,0.0,0.0,0.0,0.0,0.0,41.51023975211533,-2.3908774159333817,False,True,False,True,False,0.0,0,,,False,False,False,False,,,False,False,False,False,-106698.0,-58108.36597367295,False,False,False,False,8684.596411495186,False,False,False,False
2024-06-04 17:00:00+00:00,7.385,7.45,7.365,7.43,5556.0,,,,,,,,,,,,,,,,,,,,,,,"rgba(239, 83, 80, 1.0)",0.0,0.0,0.2940623669830538,7.8932744587235,-1.5754292651470012,0.0,0.0,0.0,0.0,0.0,0.0,0.0,0.0,37.14284927540622,-6.558762970570129,False,True,False,True,False,0.0,0,,,False,False,False,False,,,False,False,False,False,-112254.0,-58947.833167879566,False,False,False,False,8636.09104077433,False,False,False,False
2024-06-05 17:00:00+00:00,7.48,7.48,7.445,7.46,2223.0,,,,,,,,,,,,,,,,,,,,,,,"rgba(239, 83, 80, 1.0)",0.0,0.0,0.29711904975906595,7.889097472098764,-1.4441937413529007,0.0,0.0,0.0,0.0,0.0,0.0,0.0,0.0,35.06670805379645,-8.551542430053566,False,True,False,True,False,0.0,0,,,False,False,False,False,,,False,False,False,False,-110031.0,-59739.820250548095,False,False,False,False,8536.66327270031,False,False,False,False
2024-06-06 17:00:00+00:00,7.56,7.615,7.555,7.595,14547.0,,,,,,,,,,,,,,,,,,,,,,,"rgba(239, 83, 80, 1.0)",0.0,0.0,0.29720792309349725,7.872297449291371,-0.9330082670916462,0.0,0.0,0.0,0.0,0.0,0.0,0.0,0.0,37.14956507808497,-8.551542430053566,False,True,False,True,False,0.0,0,,,False,False,False,False,,,False,False,False,False,-95484.0,-60293.99357999695,False,False,False,False,8629.846787852242,False,False,False,False
2024-06-07 17:00:00+00:00,7.435,7.475,7.425,7.47,2669.0,,,,,,,,,,,,,,,,,,,,,,,"rgba(239, 83, 80, 1.0)",0.0,0.0,0.29790880762014793,7.868018168709925,-1.3360402865880463,0.0,0.0,0.0,0.0,0.0,0.0,0.0,0.0,36.671185888829285,-8.551542430053566,False,True,False,True,False,0.0,0,,,False,False,False,False,,,False,False,False,False,-98153.0,-60880.95491984196,False,False,False,False,8537.430558583215,False,False,False,False
2024-06-10 17:00:00+00:00,7.445,7.455,7.405,7.415,1249.0,,,,,,,,,,,,,,,,,,,,,,,"rgba(239, 83, 80, 1.0)",0.0,0.0,0.3008992977515702,7.865891893183814,-1.498481041840389,0.0,0.0,0.0,0.0,0.0,0.0,0.0,0.0,35.603641552403346,-8.551542430053566,False,True,False,True,False,0.0,0,,,False,False,False,False,,,False,False,False,False,-99402.0,-61478.180424960694,False,False,False,False,8424.431635194327,False,False,False,False
2024-06-11 17:00:00+00:00,7.305,7.33,7.265,7.29,5177.0,,,,,,,,,,,,,,,,,,,,,,,"rgba(239, 83, 80, 1.0)",0.0,0.0,0.2930655001657278,7.85462800325848,-1.9266273339549824,0.0,0.0,0.0,0.0,0.0,0.0,0.0,0.0,33.34666921727107,-10.924008320354865,False,True,False,True,False,0.0,0,,,False,False,False,False,,,False,False,False,False,-104579.0,-62146.41018581401,False,False,False,False,8374.083857904492,False,False,False,False
2024-06-12 17:00:00+00:00,7.205,7.255,7.17,7.23,11792.0,,,,,,,,,,,,,,,,,,,,,,,"rgba(239, 83, 80, 1.0)",0.0,0.0,0.2973221627603118,7.827624708786137,-2.010024087131087,0.0,0.0,0.0,0.0,0.0,0.0,0.0,0.0,31.17318112370371,-13.22723751243246,False,True,False,True,False,0.0,0,,,False,False,False,False,,,False,False,False,False,-116371.0,-62987.10150076263,False,False,False,False,8427.074805843957,False,False,False,False
2024-06-13 17:00:00+00:00,7.215,7.245,7.17,7.23,4610.0,,,,,,,,,,,,,,,,,,,,,,,"rgba(239, 83, 80, 1.0)",0.0,0.0,0.30604404087476667,7.817824530998702,-1.9207187609944,0.0,0.0,0.0,0.0,0.0,0.0,0.0,0.0,29.724189061325472,-14.838347926173974,False,True,False,True,False,0.0,0,,,False,False,False,False,,,False,False,False,False,-116371.0,-63814.75884183607,False,False,False,False,8367.895351489786,False,False,False,False
2024-06-14 17:00:00+00:00,7.205,7.23,7.175,7.2,3196.0,,,,,,,,,,,,,,,,,,,,,,,"rgba(239, 83, 80, 1.0)",0.0,0.0,0.3159363318229904,7.811114582156224,-1.9342966306851104,0.0,0.0,0.0,0.0,0.0,0.0,0.0,0.0,28.38100950935437,-16.368463788320483,False,True,False,True,False,0.0,0,,,False,False,False,False,,,False,False,False,False,-119567.0,-64679.13467374558,False,False,False,False,8287.71092743568,False,False,False,False
2024-06-17 17:00:00+00:00,7.29,7.385,7.29,7.37,3587.0,,,,,,,,,,,,,,,,,,,,,,,"rgba(239, 83, 80, 1.0)",0.0,0.0,0.3211665532943241,7.80572283150831,-1.356688070532063,0.0,0.0,0.0,0.0,0.0,0.0,0.0,0.0,32.73443684019029,-16.368463788320483,False,True,False,True,True,0.0,0,,,False,False,False,False,,,False,False,False,False,-115980.0,-65474.4969268658,False,False,False,False,8214.831688250631,False,False,False,False
2024-06-18 17:00:00+00:00,7.305,7.345,7.28,7.32,8473.0,,,,,,,,,,,,,,,,,,,,,,,"rgba(239, 83, 80, 1.0)",0.0,0.0,0.3257537759144527,7.792639569751259,-1.4509104872981737,0.0,0.0,0.0,0.0,0.0,0.0,0.0,0.0,34.73157074239858,-20.677740164419703,False,True,False,True,True,0.0,0,,,False,False,False,False,,,False,False,False,False,-124453.0,-66388.8923233485,False,False,False,False,8218.834297735119,False,False,False,False
2024-06-19 17:00:00+00:00,7.32,7.32,7.32,7.32,0.0,,,,,,,,,,,,,,,,,,,,,,,"rgba(239, 83, 80, 1.0)",0.0,0.0,0.3316598034511059,7.792639569751259,-1.4250734181024634,0.0,0.0,0.0,0.0,0.0,0.0,0.0,0.0,36.06299334387077,-19.297072524751485,False,True,False,True,True,0.0,0,,,False,False,False,False,,,False,False,False,False,-124453.0,-67289.1110470175,False,False,False,False,8091.410510173334,False,False,False,False
2024-06-20 17:00:00+00:00,7.24,7.25,7.09,7.115,27813.0,,,,,,,,,,,,,,,,,,,,,,,"rgba(239, 83, 80, 1.0)",0.0,0.0,0.34143276546537576,7.741227658051266,-1.8341170543421994,0.0,0.0,0.0,0.0,0.0,0.0,0.0,0.0,33.67518187598718,-19.297072524751485,False,True,False,True,False,0.0,0,,,False,False,False,False,,,False,False,False,False,-152266.0,-68606.58219357538,False,False,False,False,8397.171587534987,False,False,False,False
2024-06-21 17:00:00+00:00,6.865,7.02,6.845,7.005,18143.0,,,,,,,,,,,,,,,,,,,,,,,"rgba(239, 83, 80, 1.0)",0.0,0.0,0.3538809923643226,7.702589130537644,-1.9712534597491813,0.0,0.0,0.0,0.0,0.0,0.0,0.0,0.0,30.803762836200733,-19.297072524751485,False,True,False,True,False,0.0,0,,,False,False,False,False,,,False,False,False,False,-170409.0,-70184.9142525897,False,False,False,False,8548.269702456924,False,False,False,False
2024-06-24 17:00:00+00:00,7.09,7.14,7.02,7.1,8970.0,,,,,,,,,,,,,,,,,,,,,,,"rgba(239, 83, 80, 1.0)",0.0,0.0,0.3635665794014333,7.68847022578371,-1.6186037417205739,0.0,0.0,0.0,0.0,0.0,0.0,0.0,0.0,31.74471679561891,-19.297072524751485,False,True,False,True,False,0.0,0,,,False,False,False,False,,,False,False,False,False,-161439.0,-71599.70627968133,False,False,False,False,8554.808156682398,False,False,False,False
2024-06-25 17:00:00+00:00,6.965,7.02,6.93,6.995,12576.0,,,,,,,,,,,,,,,,,,,,,,,"rgba(239, 83, 80, 1.0)",0.0,0.0,0.3757594951537475,7.666383256240268,-1.7867366357982821,0.0,0.0,0.0,0.0,0.0,0.0,0.0,0.0,30.977190825562637,-19.297072524751485,False,True,False,True,False,0.0,0,,,False,False,False,False,,,False,False,False,False,-174015.0,-73187.54029084905,False,False,False,False,8617.152216268716,False,False,False,False
2024-06-26 17:00:00+00:00,6.865,6.9,6.83,6.865,5217.0,,,,,,,,,,,,,,,,,,,,,,,"rgba(239, 83, 80, 1.0)",0.0,0.0,0.3908655444956422,7.656082245446574,-2.023924228131583,0.0,0.0,0.0,0.0,0.0,0.0,0.0,0.0,29.015752033249306,-15.959320052935254,False,True,False,True,False,0.0,0,,,False,False,False,False,,,False,False,False,False,-179232.0,-74831.64044137852,False,False,False,False,8564.436678031992,False,False,False,False
2024-06-27 17:00:00+00:00,6.855,6.92,6.765,6.91,8458.0,,,,,,,,,,,,,,,,,,,,,,,"rgba(239, 83, 80, 1.0)",0.0,0.0,0.40362554004495005,7.562541769404197,-1.616700888976267,0.0,0.0,0.0,0.0,0.0,0.0,0.0,0.0,29.066373153543445,-16.18785727675612,False,True,False,True,False,0.0,0,,,False,False,False,False,,,False,False,False,False,-170774.0,-76319.11888414784,False,False,False,False,8562.786496977233,False,False,False,False
2024-06-28 17:00:00+00:00,6.955,6.975,6.905,6.96,3870.0,,,,,,,,,,,,,,,,,,,,,,,"rgba(239, 83, 80, 1.0)",0.0,0.0,0.41465981932876833,7.559465665035892,-1.44568062081896,0.0,0.0,0.0,0.0,0.0,0.0,0.0,0.0,30.603358209232624,-16.18785727675612,False,True,False,True,False,0.0,0,,,False,False,False,False,,,False,False,False,False,-166904.0,-77723.53564563392,False,False,False,False,8490.030117179136,False,False,False,False
2024-07-01 17:00:00+00:00,6.9,6.935,6.895,6.92,2463.0,,,,,,,,,,,,,,,,,,,,,,,"rgba(239, 83, 80, 1.0)",0.0,0.0,0.42590384018118704,7.556203788408387,-1.4937733084015732,0.0,0.0,0.0,0.0,0.0,0.0,0.0,0.0,31.01963142161957,-16.18785727675612,False,True,False,True,False,0.0,0,,,False,False,False,False,,,False,False,False,False,-169367.0,-79144.36455035277,False,False,False,False,8396.58778978101,False,False,False,False
2024-07-02 17:00:00+00:00,6.905,6.945,6.875,6.91,10284.0,,,,,,,,,,,,,,,,,,,,,,,"rgba(239, 83, 80, 1.0)",0.0,0.0,0.4371394215509223,7.541772047210929,-1.4452415317965877,0.0,0.0,0.0,0.0,0.0,0.0,0.0,0.0,31.137741983527746,-16.18785727675612,False,True,False,True,False,0.0,0,,,False,False,False,False,,,False,False,False,False,-179651.0,-80702.6069604248,False,False,False,False,8425.849994590606,False,False,False,False
2024-07-03 17:00:00+00:00,7.07,7.07,7.07,7.07,0.0,,,,,,,,,,,,,,,,,,,,,,,"rgba(239, 83, 80, 1.0)",0.0,0.0,0.4431106973320449,7.541772047210929,-1.064682143878388,0.0,0.0,0.0,0.0,0.0,0.0,0.0,0.0,36.0832071221471,-17.95799864135391,False,True,False,True,True,0.0,0,,,False,False,False,False,,,False,False,False,False,-179651.0,-82236.69057344146,False,False,False,False,8295.21666134114,False,False,False,False
2024-07-04 17:00:00+00:00,7.07,7.07,7.07,7.07,0.0,,,,,,,,,,,,,,,,,,,,,,,"rgba(239, 83, 80, 1.0)",0.0,0.0,0.44843253532581656,7.541772047210929,-1.052046874493963,0.0,0.0,0.0,0.0,0.0,0.0,0.0,0.0,39.38018388122667,-14.907781858449212,False,False,False,True,True,0.0,0,,,False,False,False,False,,,False,False,False,False,-179651.0,-83746.98994439584,False,False,False,False,8166.608651087788,False,False,False,False
2024-07-05 17:00:00+00:00,6.925,6.94,6.89,6.9,2938.0,,,,,,,,,,,,,,,,,,,,,,,"rgba(239, 83, 80, 1.0)",0.0,0.0,0.45796831984536107,7.537718387031229,-1.3924945447024866,0.0,0.0,0.0,0.0,0.0,0.0,0.0,0.0,38.16919207968668,-14.907781858449212,False,True,False,True,True,0.0,0,,,False,False,False,False,,,False,False,False,False,-182589.0,-85279.42420882381,False,False,False,False,8085.544951070922,False,False,False,False
2024-07-08 17:00:00+00:00,7.095,7.125,7.055,7.12,5574.0,,,,,,,,,,,,,,,,,,,,,,,"rgba(239, 83, 80, 1.0)",0.0,0.0,0.46019500371195077,7.535614899111688,-0.9031277953026913,0.0,0.0,0.0,0.0,0.0,0.0,0.0,0.0,42.60132343199419,-12.130347909835628,False,False,False,True,True,0.0,0,,,False,False,False,False,,,False,False,False,False,-177015.0,-86701.68119783429,False,False,False,False,8046.60626965897,False,False,False,False
2024-07-09 17:00:00+00:00,6.965,7.0,6.935,6.96,10423.0,,,,,,,,,,,,,,,,,,,,,,,"rgba(239, 83, 80, 1.0)",0.0,0.0,0.4609253129783014,7.523675789214403,-1.222922181409765,0.0,0.0,0.0,0.0,0.0,0.0,0.0,0.0,42.69503705392877,-12.071905943195738,False,False,False,True,True,0.0,0,,,False,False,False,False,,,False,False,False,False,-187438.0,-88263.48459011593,False,False,False,False,8083.449583307668,False,False,False,False
2024-07-10 17:00:00+00:00,7.045,7.085,7.01,7.045,2820.0,,,,,,,,,,,,,,,,,,,,,,,"rgba(239, 83, 80, 1.0)",0.0,0.0,0.45822660510016505,7.521478751509525,-1.0398321402690491,0.0,0.0,0.0,0.0,0.0,0.0,0.0,0.0,44.483208661794436,-10.294447635620266,False,False,False,True,True,0.0,0,,,False,False,False,False,,,False,False,False,False,-184618.0,-89757.35304608311,False,False,False,False,8001.845713799022,False,False,False,False
2024-07-11 17:00:00+00:00,7.315,7.37,7.3,7.33,1502.0,,,,,,,,,,,,,,,,,,,,,,,"rgba(38, 166, 154, 1.0)",0.0,0.0,0.44939296393695016,7.5220845255999205,-0.42743109263915813,0.0,0.0,0.0,0.0,0.0,0.0,0.0,0.0,50.086555703905546,-5.067185558009399,True,False,False,False,True,0.0,0,,,False,False,False,False,,,False,False,False,False,-183116.0,-91204.77392908957,False,False,False,False,7901.072912034696,False,False,False,False
2024-07-12 17:00:00+00:00,7.345,7.38,7.33,7.35,1649.0,,,,,,,,,,,,,,,,,,,,,,,"rgba(38, 166, 154, 1.0)",0.0,0.0,0.43965229914575116,7.52280555616471,-0.3930505003623843,0.0,0.0,0.0,0.0,0.0,0.0,0.0,0.0,54.076527739855294,-1.5107554524581843,True,False,True,False,True,0.0,0,,,False,False,False,False,,,False,False,False,False,-181467.0,-92604.1882867781,False,False,False,False,7804.141549057414,False,False,False,False
2024-07-15 17:00:00+00:00,8.32,8.47,8.3,8.355,52220.0,,,,,,,,,,,,,,,,,,,,,,,"rgba(38, 166, 154, 1.0)",0.0,0.0,0.43276231955338507,7.6754971008899275,1.5701526413189728,0.0,0.0,0.0,0.0,0.0,0.0,0.0,0.0,63.403398030382434,6.829452301253717,True,False,True,False,True,9.45284059394778,0,,,False,False,False,False,,,False,False,False,False,-129247.0,-93172.29389473502,False,False,False,False,8492.759509537143,False,False,False,False
2024-07-16 17:00:00+00:00,8.37,8.585,8.335,8.495,7040.0,,,,,,,,,,,,,,,,,,,,,,,"rgba(38, 166, 154, 1.0)",0.0,0.0,0.4332972057012016,7.691168284141933,1.8551509340043655,0.0,0.0,0.0,0.0,0.0,0.0,0.0,0.0,70.07768518491527,12.467804545936666,True,False,True,False,True,11.047590348046509,0,,,False,False,False,False,,,False,False,False,False,-122207.0,-93622.44437698719,False,False,False,False,8470.236106288507,False,False,False,False
2024-07-17 17:00:00+00:00,8.61,8.665,8.54,8.55,12352.0,,,,,,,,,,,,,,,,,,,,,,,"rgba(38, 166, 154, 1.0)",0.0,0.0,0.43104616086075254,7.720042005425732,1.9254503808059262,0.0,0.0,0.0,0.0,0.0,0.0,0.0,0.0,74.7074419988046,16.275982561692274,True,False,True,False,True,11.665306446803108,0,,,False,False,False,False,,,False,False,False,False,-109855.0,-93874.11190602614,False,False,False,False,8530.418492237523,False,False,False,False
2024-07-18 17:00:00+00:00,8.685,8.91,8.66,8.9,10840.0,,,,,,,,,,,,,,,,,,,,,,,"rgba(38, 166, 154, 1.0)",0.0,0.0,0.446972014763769,7.84715082539677,2.355514752214803,0.0,0.0,0.0,0.0,0.0,0.0,0.0,0.0,78.8058208178997,19.77597144555679,True,False,True,False,True,15.403259106638313,0,,,False,False,False,False,,,False,False,False,False,-99015.0,-93953.81559740558,False,False,False,False,8566.22595747415,False,False,False,False
2024-07-19 17:00:00+00:00,8.755,8.78,8.635,8.665,6673.0,,,,,,,,,,,,,,,,,,,,,,,"rgba(38, 166, 154, 1.0)",0.0,0.0,0.4572443705661289,7.856233855883912,1.7687831631797417,0.0,0.0,0.0,0.0,0.0,0.0,0.0,0.0,77.90944263195657,19.77597144555679,True,False,True,False,True,11.889801866171013,0,,,False,False,False,False,,,False,False,False,False,-105688.0,-94135.74093698068,False,False,False,False,8536.873617048193,False,False,False,False
2024-07-22 17:00:00+00:00,8.71,8.88,8.69,8.84,5372.0,,,,,,,,,,,,,,,,,,,,,,,"rgba(38, 166, 154, 1.0)",0.0,0.0,0.47152066629018463,7.868632326287841,2.0600744424515995,0.0,0.0,0.0,0.0,0.0,0.0,0.0,0.0,78.06718489495714,19.77597144555679,True,False,True,False,True,13.700117645109962,0,,,False,False,False,False,,,False,False,False,False,-100316.0,-94231.55890694997,False,False,False,False,8487.805809031941,False,False,False,False
2024-07-23 17:00:00+00:00,8.875,8.9,8.795,8.875,8501.0,,,,,,,,,,,,,,,,,,,,,,,"rgba(38, 166, 154, 1.0)",0.0,0.0,0.4865381664241648,7.889253547966578,2.0260413674804014,0.0,0.0,0.0,0.0,0.0,0.0,0.0,0.0,78.32295575632878,19.96748113817577,True,False,True,False,True,14.056883573458023,0,,,False,False,False,False,,,False,False,False,False,-91815.0,-94194.09287738486,False,False,False,False,8488.01037013222,False,False,False,False
2024-07-24 17:00:00+00:00,8.745,8.75,8.565,8.595,10834.0,,,,,,,,,,,,,,,,,,,,,,,"rgba(38, 166, 154, 1.0)",0.0,0.0,0.49556403391661974,7.903135844351983,1.3961145448348382,0.0,0.0,0.0,0.0,0.0,0.0,0.0,0.0,74.33290993248765,19.96748113817577,True,False,True,False,False,10.017669790455127,0,,,False,False,False,False,,,False,False,False,False,-102649.0,-94325.17670874322,False,False,False,False,8524.382302378232,False,False,False,False
2024-07-25 17:00:00+00:00,8.79,8.8,8.595,8.635,9472.0,,,,,,,,,,,,,,,,,,,,,,,"rgba(38, 166, 154, 1.0)",0.0,0.0,0.5058958871632083,7.9171329295582975,1.4190015943144234,0.0,0.0,0.0,0.0,0.0,0.0,0.0,0.0,71.95118761059402,19.96748113817577,True,False,True,False,False,10.444483724374727,0,,,False,False,False,False,,,False,False,False,False,-93177.0,-94307.37551946039,False,False,False,False,8539.074049628181,False,False,False,False
2024-07-26 17:00:00+00:00,8.665,8.73,8.63,8.635,4018.0,,,,,,,,,,,,,,,,,,,,,,,"rgba(38, 166, 154, 1.0)",0.0,0.0,0.5180287306373719,7.922809165568538,1.3748095275626826,0.0,0.0,0.0,0.0,0.0,0.0,0.0,0.0,70.3633727293316,19.96748113817577,True,False,True,False,False,10.444483724374727,0,,,False,False,False,False,0.28211649657956334,0.28211649657956334,False,False,False,False,-93177.0,-94289.85031760829,False,False,False,False,8468.979878316115,False,False,False,False
2024-07-29 17:00:00+00:00,8.435,8.57,8.415,8.525,3603.0,,,,,,,,,,,,,,,,,,,,,,,"rgba(38, 166, 154, 1.0)",0.0,0.0,0.527118949941461,7.973965249033506,1.0453707859064634,0.0,0.0,0.0,0.0,0.0,0.0,0.0,0.0,67.52438066830845,24.832287908124172,True,False,True,False,False,8.867177995311064,0,0.801926298157454,0.8555276381909549,False,False,False,False,0.21646070669486156,0.24928860163721245,False,False,False,False,-96780.0,-94328.4572894283,False,False,False,False,8393.53832981509,False,False,False,False
2024-07-30 17:00:00+00:00,8.56,8.605,8.5,8.56,21717.0,,,,,,,,,,,,,,,,,,,,,,,"rgba(38, 166, 154, 1.0)",0.0,0.0,0.5365876249777667,7.998233013150709,1.0469249768340598,0.0,0.0,0.0,0.0,0.0,0.0,0.0,0.0,65.98361726184328,23.012756007168434,True,False,True,False,False,9.261184154719516,0,0.8047708725674827,0.846829880728186,False,False,False,False,0.2372459365883505,0.24326726911278146,False,False,False,False,-75063.0,-94029.76802912708,False,False,False,False,8600.10362702726,False,False,False,False
2024-07-31 17:00:00+00:00,8.745,8.905,8.69,8.845,8198.0,,,,,,,,,,,,,,,,,,,,,,,"rgba(38, 166, 154, 1.0)",0.0,0.0,0.552397925836502,8.016674431782606,1.4995088313611102,0.0,0.0,0.0,0.0,0.0,0.0,0.0,0.0,67.4570459496353,23.012756007168434,True,False,True,False,False,12.361990500729132,0,0.812512948000829,0.8365444375388442,False,False,False,False,0.3244677889575233,0.2838675290351524,False,False,False,False,-66865.0,-93608.60883487706,False,False,False,False,8593.869462267146,False,False,False,False
2024-08-01 17:00:00+00:00,9.645,9.66,9.285,9.455,27169.0,,,,,,,,,,,,,,,,,,,,,,,"rgba(38, 166, 154, 1.0)",0.0,0.0,0.5876363173268332,8.230339594950458,2.0840447891657576,0.0,0.0,0.0,0.0,0.0,0.0,0.0,0.0,71.66991512834477,23.012756007168434,True,False,True,False,True,18.21214250478013,0,0.827523675196454,0.8226878903888779,False,False,False,False,0.34282822625350867,0.31334787764433053,False,False,False,False,-39696.0,-92772.75443433633,False,False,False,False,8881.855982231997,False,False,False,False
2024-08-02 17:00:00+00:00,9.415,9.475,9.4,9.45,19077.0,,,,,,,,,,,,,,,,,,,,,,,"rgba(38, 166, 154, 1.0)",0.0,0.0,0.6200328747459823,8.280619493314648,1.885997588699516,0.0,0.0,0.0,0.0,0.0,0.0,0.0,0.0,74.39811630128115,17.75261907319755,True,False,True,False,True,18.139385189961377,0,0.8281155322157141,0.8333669965663505,False,False,False,False,0.333003207205441,0.3231755424248858,False,False,False,False,-58773.0,-92245.62645861019,False,False,False,False,9039.920230569485,False,False,False,False
2024-08-05 17:00:00+00:00,9.165,9.205,9.04,9.145,11285.0,,,,,,,,,,,,,,,,,,,,,,,"rgba(38, 166, 154, 1.0)",0.0,0.0,0.6403560946285506,8.29280207360125,1.3308187952721553,0.0,0.0,0.0,0.0,0.0,0.0,0.0,0.0,71.65919576161355,17.75261907319755,True,False,True,False,True,13.823822872881738,0,0.8240574506283666,0.8328346299620988,False,False,False,False,0.24707513061045622,0.285125336517671,False,False,False,False,-70058.0,-91901.63224994957,False,False,False,False,9074.72766885523,False,False,False,False
2024-08-06 17:00:00+00:00,8.95,9.01,8.785,8.785,7735.0,,,,,,,,,,,,,,,,,,,,,,,"rgba(38, 166, 154, 1.0)",0.0,0.0,0.6507754072109916,8.293799257417175,0.7547930317280255,0.0,0.0,0.0,0.0,0.0,0.0,0.0,0.0,65.74662014226665,22.70570234584909,True,False,True,False,False,9.128927036851248,0,0.8198000000000001,0.8344000000000004,False,False,False,False,0.18788339796471618,0.2365043672411936,False,False,False,False,-77793.0,-91682.89376545422,False,False,False,False,9053.95669724507,False,False,False,False
2024-08-07 17:00:00+00:00,9.005,9.055,8.94,9.02,8196.0,,,,,,,,,,,,,,,,,,,,,,,"rgba(38, 166, 154, 1.0)",0.0,0.0,0.666049615336644,8.300185469024445,1.0807220879659782,0.0,0.0,0.0,0.0,0.0,0.0,0.0,0.0,63.64420132369118,20.74059758423212,True,False,True,False,False,11.36921112237172,0,0.8177626303127506,0.8386126704089817,False,False,False,False,0.2140067883415266,0.2252555777913601,False,False,False,False,-69597.0,-91340.47680785028,False,False,False,False,9040.655043024217,False,False,False,False
2024-08-08 17:00:00+00:00,9.145,9.145,8.945,8.955,14874.0,,,,,,,,,,,,,,,,,,,,,,,"rgba(38, 166, 154, 1.0)",0.0,0.0,0.6791221280924854,8.312995025397372,0.9453453923021005,0.0,0.0,0.0,0.0,0.0,0.0,0.0,0.0,61.530823175540824,18.642582396928617,True,False,True,False,False,10.548032189819732,0,0.8219863836603927,0.8323988786543857,False,False,False,False,0.22651479684557868,0.2258851873184694,False,False,False,False,-84471.0,-91233.97329144951,False,False,False,False,9131.094499721516,False,False,False,False
2024-08-09 17:00:00+00:00,9.015,9.145,9.015,9.07,11736.0,,,,,,,,,,,,,,,,,,,,,,,"rgba(38, 166, 154, 1.0)",0.0,0.0,0.6942525827453939,8.325462265816954,1.0724306292657948,0.0,0.0,0.0,0.0,0.0,0.0,0.0,0.0,61.07161915238631,17.954660702176028,True,False,True,False,False,11.635664594208308,0,0.8270194427741032,0.8262176788935661,False,False,False,False,0.2357758135296376,0.2308305004240535,False,False,False,False,-72735.0,-90947.16750398518,False,False,False,False,9171.480631508779,False,False,False,False
2024-08-12 17:00:00+00:00,8.84,9.005,8.825,8.905,13185.0,,,,,,,,,,,,,,,,,,,,,,,"rgba(38, 166, 154, 1.0)",0.0,0.0,0.7050921606109064,8.333134424754505,0.8110508202927947,0.0,0.0,0.0,0.0,0.0,0.0,0.0,0.0,58.815741741636,15.502670060686384,True,False,True,False,False,9.546833462708019,0,0.814219722835911,0.8347057642096809,False,False,False,False,0.19243576766279827,0.21163313404342587,False,False,False,False,-85920.0,-90869.22692252805,False,False,False,False,9233.705737997014,False,False,False,False
2024-08-13 17:00:00+00:00,9.085,9.125,8.98,9.07,10772.0,,,,,,,,,,,,,,,,,,,,,,,"rgba(38, 166, 154, 1.0)",0.0,0.0,0.7185700138920815,8.343794257930936,1.0106262827968904,0.0,0.0,0.0,0.0,0.0,0.0,0.0,0.0,58.81380076096002,15.107933577642811,False,False,True,False,False,11.118483198961822,0,0.814178953746718,0.8396283579074936,False,False,False,False,0.22849603555145528,0.22006458479744057,False,False,False,False,-75148.0,-90625.48697024079,False,False,False,False,9257.55526143892,False,False,False,False
2024-08-14 17:00:00+00:00,9.065,9.4,9.04,9.355,23392.0,,,,,,,,,,,,,,,,,,,,,,,"rgba(38, 166, 154, 1.0)",0.0,0.0,0.738254991471398,8.377526216636443,1.3240327456714893,0.0,0.0,0.0,0.0,0.0,0.0,0.0,0.0,61.02029163104608,15.107933577642811,True,False,True,False,False,13.7122654289461,0,0.8123120112291959,0.82995789051534,False,False,False,False,0.2732377176963891,0.24665115124691483,False,False,False,False,-51756.0,-90022.85926527581,False,False,False,False,9476.693939556146,False,False,False,False
2024-08-15 17:00:00+00:00,10.08,10.17,9.92,9.955,42228.0,,,,,,,,,,,,,,,,,,,,,,,"rgba(38, 166, 154, 1.0)",0.0,0.0,0.7752676492205318,8.60479757322699,1.7415952131248187,0.0,0.0,0.0,0.0,0.0,0.0,0.0,0.0,65.66916513895114,9.613918839623494,True,False,True,False,True,18.62918307641807,0,0.8271844660194175,0.8201941747572816,False,False,False,False,0.34282823128791273,0.2947396912674138,False,False,False,False,-9528.0,-88774.87695108549,False,False,False,False,9984.466126539772,False,False,False,False
2024-08-16 17:00:00+00:00,9.875,9.875,9.645,9.7,19121.0,,,,,,,,,,,,,,,,,,,,,,,"rgba(38, 166, 154, 1.0)",0.0,0.0,0.801798080667548,8.631959152849683,1.3320571262294665,0.0,0.0,0.0,0.0,0.0,0.0,0.0,0.0,65.85706568655809,9.997323133358805,True,False,True,False,True,15.481142678183094,0,0.8235976789168281,0.8292069632495167,False,False,False,False,0.2782283841238965,0.2864840376956551,False,False,False,False,-28649.0,-87842.69281230897,False,False,False,False,10126.117814500396,False,False,False,False
2024-08-19 17:00:00+00:00,9.655,9.735,9.64,9.68,26422.0,,,,,,,,,,,,,,,,,,,,,,,"rgba(38, 166, 154, 1.0)",0.0,0.0,0.8260112939044232,8.666290500335458,1.2272344302617204,0.0,0.0,0.0,0.0,0.0,0.0,0.0,0.0,65.75768668631434,10.247518332740817,True,False,True,False,True,15.23832303407887,0,0.8225619195046442,0.8347523219814242,False,False,False,False,0.26216901782111734,0.27432652775838623,False,False,False,False,-55071.0,-87334.60455165301,False,False,False,False,10378.767150709693,False,False,False,False
2024-08-20 17:00:00+00:00,9.515,9.535,9.495,9.525,6958.0,,,,,,,,,,,,,,,,,,,,,,,"rgba(38, 166, 154, 1.0)",0.0,0.0,0.8449818325249953,8.672401886041047,1.0090135446003596,0.0,0.0,0.0,0.0,0.0,0.0,0.0,0.0,63.910709371539355,10.247518332740817,True,False,True,False,True,13.363018044066084,0,0.8184799382716053,0.8402777777777779,False,False,False,False,0.22446837761894586,0.24939745268866603,False,False,False,False,-62029.0,-86942.26959736382,False,False,False,False,10325.732001086286,False,False,False,False
2024-08-21 17:00:00+00:00,9.655,9.76,9.585,9.75,9117.0,,,,,,,,,,,,,,,,,,,,,,,"rgba(38, 166, 154, 1.0)",0.0,0.0,0.868154130667243,8.684318486423043,1.2275257076273987,0.0,0.0,0.0,0.0,0.0,0.0,0.0,0.0,64.23682867449475,10.247518332740817,True,False,True,False,True,15.203704912345565,0,0.8200652215614811,0.8356032994436985,False,False,False,False,0.25886308644993916,0.2541302695693026,False,False,False,False,-52912.0,-86414.66851833492,False,False,False,False,10306.991970061692,False,False,False,False
2024-08-22 17:00:00+00:00,9.685,9.78,9.655,9.78,15754.0,,,,,,,,,,,,,,,,,,,,,,,"rgba(38, 166, 154, 1.0)",0.0,0.0,0.8913445810471751,8.70568069710944,1.2052794460571254,0.0,0.0,0.0,0.0,0.0,0.0,0.0,0.0,64.65685106518654,10.247518332740817,True,False,True,False,True,15.445676572783569,0,0.826370256803373,0.834419317746263,False,False,False,False,0.26879780469713654,0.2614640371332196,False,False,False,False,-37158.0,-85650.99923898089,False,False,False,False,10391.44170695996,False,False,False,False
2024-08-23 17:00:00+00:00,9.805,9.81,9.705,9.735,8214.0,,,,,,,,,,,,,,,,,,,,,,,"rgba(38, 166, 154, 1.0)",0.0,0.0,0.9117085584195737,8.71664834283409,1.1169706018019616,0.0,0.0,0.0,0.0,0.0,0.0,0.0,0.0,64.31717306316973,10.247518332740817,True,False,True,False,True,14.888924814360752,0,0.8248246297739673,0.8396336710833983,False,False,False,False,0.2776723217529259,0.26956817944307276,False,False,False,False,-45372.0,-85026.51863062459,False,False,False,False,10357.68292080554,False,False,False,False
2024-08-26 17:00:00+00:00,10.015,10.02,9.905,9.95,7166.0,,,,,,,,,,,,,,,,,,,,,,,"rgba(38, 166, 154, 1.0)",0.0,0.0,0.9359880215988762,8.729063961166583,1.3044355383392467,0.0,0.0,0.0,0.0,0.0,0.0,0.0,0.0,65.69514350434525,11.824353456316523,True,False,True,False,True,16.64032942137404,0,0.8360430950048974,0.8289911851126348,False,False,False,False,0.3238651725088988,0.2967166759759858,False,False,False,False,-38206.0,-84300.61911697149,False,False,False,False,10308.19946466902,False,False,False,False
2024-08-27 17:00:00+00:00,10.005,10.155,10.005,10.13,8609.0,,,,,,,,,,,,,,,,,,,,,,,"rgba(38, 166, 154, 1.0)",0.0,0.0,0.9635928825200221,8.745903402400513,1.4363914706174972,0.0,0.0,0.0,0.0,0.0,0.0,0.0,0.0,67.77956093728167,14.03154489105242,True,False,True,False,True,18.057673101005776,0,0.8459113300492611,0.8161576354679803,False,False,False,False,0.34282823153793945,0.3197724537569626,False,False,False,False,-29597.0,-83452.50099112696,False,False,False,False,10281.855286922213,False,False,False,False
2024-08-28 17:00:00+00:00,10.045,10.06,9.85,9.97,13400.0,,,,,,,,,,,,,,,,,,,,,,,"rgba(38, 166, 154, 1.0)",0.0,0.0,0.9854294349019482,8.767478248293553,1.2203022450066148,0.0,0.0,0.0,0.0,0.0,0.0,0.0,0.0,66.77589595132237,14.03154489105242,True,False,True,False,True,16.05194088928035,0,0.8438544739429696,0.8131760078662733,False,False,False,False,0.3144911752375547,0.3171318144972587,False,False,False,False,-42997.0,-82825.28392149709,False,False,False,False,10330.19861580714,False,False,False,False
2024-08-29 17:00:00+00:00,10.415,10.46,10.39,10.4,25282.0,,,,,,,,,,,,,,,,,,,,,,,"rgba(38, 166, 154, 1.0)",0.0,0.0,1.0173528093728057,8.82608539314903,1.5470686200014352,0.0,0.0,0.0,0.0,0.0,0.0,0.0,0.0,68.8287842811745,15.23040725085707,True,False,True,False,True,19.341764346379147,0,0.8552247518972563,0.8034637088927807,False,False,False,False,0.3428282337410718,0.32998002411916527,False,False,False,False,-17715.0,-81815.82215527233,False,False,False,False,10562.009489980672,False,False,False,False
2024-08-30 17:00:00+00:00,10.515,10.605,10.41,10.59,15577.0,,,,,,,,,,,,,,,,,,,,,,,"rgba(38, 166, 154, 1.0)",0.0,0.0,1.0535594408933449,8.862549903528008,1.639632306846622,0.0,0.0,0.0,0.0,0.0,0.0,0.0,0.0,71.12945160279939,17.45870900889659,True,False,True,False,True,20.0,0,0.8682974559686888,0.7925636007827788,False,False,False,False,0.3428282342064556,0.33640412916281043,False,False,False,False,-2138.0,-80580.50708309756,False,True,False,False,10639.761280833685,False,False,False,False
2024-09-02 17:00:00+00:00,10.59,10.59,10.59,10.59,0.0,,,,,,,,,,,,,,,,,,,,,,,"rgba(38, 166, 154, 1.0)",0.0,0.0,1.0880320982612823,8.862549903528008,1.5876830281317296,0.0,0.0,0.0,0.0,0.0,0.0,0.0,0.0,72.66322981721599,18.93962514493299,True,False,True,False,True,20.0,0,0.8714030561619369,0.8017463782496527,False,False,False,False,0.3428282346513488,0.33961618190707965,False,False,False,False,-2138.0,-79364.34418258442,False,True,False,False,10474.803741595953,False,False,False,False
2024-09-03 17:00:00+00:00,10.12,10.18,10.03,10.11,14356.0,,,,,,,,,,,,,,,,,,,,,,,"rgba(38, 166, 154, 1.0)",0.0,0.0,1.1085772271107097,8.884201860215862,1.1057399609217493,0.0,0.0,0.0,0.0,0.0,0.0,0.0,0.0,67.41757297409758,21.550630873964423,True,False,True,False,False,14.903213169244356,0,0.8652037617554859,0.8123040752351098,False,False,False,False,0.24964299177354238,0.29462958684031104,False,False,False,False,-16494.0,-78389.61016424978,False,False,False,False,10534.977326997567,False,False,False,False
2024-09-04 17:00:00+00:00,10.325,10.325,10.005,10.235,16240.0,,,,,,,,,,,,,,,,,,,,,,,"rgba(38, 166, 154, 1.0)",0.0,0.0,1.1307406366569608,8.90971025578243,1.1720545819736288,0.0,0.0,0.0,0.0,0.0,0.0,0.0,0.0,64.89412438379452,19.376254892350644,False,False,True,False,False,15.856409720857819,0,0.8655380424207044,0.8081338781864176,False,False,False,False,0.26091384558835423,0.2777717162143326,False,False,False,False,-254.0,-77178.20535550172,False,False,False,False,10623.427290920084,False,False,False,False
2024-09-05 17:00:00+00:00,10.095,10.19,10.08,10.165,8425.0,,,,,,,,,,,,,,,,,,,,,,,"rgba(38, 166, 154, 1.0)",0.0,0.0,1.1491572039017468,8.921892472855802,1.081755849350689,0.0,0.0,0.0,0.0,0.0,0.0,0.0,0.0,62.3944738327195,17.170690645602036,False,True,True,False,False,15.040334369712415,0,0.8755137991779214,0.8079859072225485,False,False,False,False,0.2552704833412933,0.26652109977781296,False,False,False,False,-8679.0,-76116.20217169549,False,False,False,False,10589.343146874811,False,False,False,False
2024-09-06 17:00:00+00:00,10.35,10.41,10.27,10.29,46899.0,,,,,,,,,,,,,,,,,,,,,,,"rgba(38, 166, 154, 1.0)",0.0,0.0,1.1694169641475354,8.996653088287585,1.1059758421199397,0.0,0.0,0.0,0.0,0.0,0.0,0.0,0.0,61.8080721055353,16.64009565338985,False,True,True,False,False,16.00587236832674,0,0.8815738215816129,0.7985975847292559,False,False,False,False,0.2941724858857321,0.28034679283177255,False,False,False,False,38220.0,-74343.5478744599,False,False,False,False,11152.283563202333,False,False,False,False
2024-09-09 17:00:00+00:00,10.585,10.65,10.53,10.575,27850.0,,,,,,,,,,,,,,,,,,,,,,,"rgba(38, 166, 154, 1.0)",0.0,0.0,1.1949787664440963,9.14909630390599,1.1932460526784732,0.0,0.0,0.0,0.0,0.0,0.0,0.0,0.0,63.558941903925245,16.64009565338985,False,True,True,False,False,18.136239798029493,0,0.8793036750483559,0.7945841392649902,False,False,False,False,0.3428282346513488,0.3115875137415607,False,False,False,False,66070.0,-72166.59364384811,False,False,False,False,11411.162887803846,False,False,False,False
2024-09-10 17:00:00+00:00,10.25,10.39,10.225,10.31,21734.0,,,,,,,,,,,,,,,,,,,,,,,"rgba(38, 166, 154, 1.0)",0.0,0.0,1.2132450344071124,9.167642012908876,0.9415723573510199,0.0,0.0,0.0,0.0,0.0,0.0,0.0,0.0,61.466081977711035,16.34214633356386,False,True,True,False,False,15.050860675223259,0,0.8768606224627876,0.7962497583607191,False,False,False,False,0.2879499038883641,0.2997687088149624,False,False,False,False,44336.0,-70360.35188192799,False,False,False,False,11571.206874039446,False,False,False,False
2024-09-11 17:00:00+00:00,10.185,10.2,10.05,10.15,22566.0,,,,,,,,,,,,,,,,,,,,,,,"rgba(38, 166, 154, 1.0)",0.0,0.0,1.2258563838696097,9.182328640451598,0.7893839541739751,0.0,0.0,0.0,0.0,0.0,0.0,0.0,0.0,58.34987084763384,13.359485556462758,False,True,True,False,False,13.249705483969155,0,0.8661007138722748,0.806096855103222,False,False,False,False,0.2533929103700604,0.2765808095925114,False,False,False,False,21770.0,-68931.97433337096,False,False,False,False,11741.668782969067,False,False,False,False
2024-09-12 17:00:00+00:00,10.055,10.09,10.0,10.035,9133.0,,,,,,,,,,,,,,,,,,,,,,,"rgba(38, 166, 154, 1.0)",0.0,0.0,1.2360003425755386,9.187408699157324,0.6857532895795906,0.0,0.0,0.0,0.0,0.0,0.0,0.0,0.0,55.09226780945295,10.312730459651505,False,True,True,False,False,11.973843460917514,0,0.8646355572695721,0.8044735827227151,False,False,False,False,0.23843393964557358,0.2575073746190425,False,False,False,False,12637.0,-67667.33907238847,False,False,False,False,11701.224305713731,False,False,False,False
2024-09-13 17:00:00+00:00,10.11,10.35,10.105,10.3,8870.0,,,,,,,,,,,,,,,,,,,,,,,"rgba(38, 166, 154, 1.0)",0.0,0.0,1.2489142780326743,9.1961824933915,0.883821672971235,0.0,0.0,0.0,0.0,0.0,0.0,0.0,0.0,55.48713250353487,10.312730459651505,False,True,True,False,False,14.04596333287936,0,0.8663851027068535,0.7993856786331349,False,False,False,False,0.2727237037747257,0.26511553919688413,False,False,False,False,21507.0,-66284.79117979329,False,False,False,False,11657.329355237549,False,False,False,False
2024-09-16 17:00:00+00:00,10.215,10.265,10.16,10.19,12742.0,,,,,,,,,,,,,,,,,,,,,,,"rgba(38, 166, 154, 1.0)",0.0,0.0,1.2585446227955406,9.20756586845445,0.7806112820722388,0.0,0.0,0.0,0.0,0.0,0.0,0.0,0.0,54.524411195624644,9.577304504009177,False,True,True,False,False,12.822973282997708,0,0.8657120743034056,0.8109520123839008,False,False,False,False,0.26988267534957994,0.267499107273232,False,False,False,False,8765.0,-65121.228525843006,False,False,False,False,11674.145954381152,False,False,False,False
2024-09-17 17:00:00+00:00,10.045,10.15,10.025,10.135,18969.0,,,,,,,,,,,,,,,,,,,,,,,"rgba(38, 166, 154, 1.0)",0.0,0.0,1.2637927080850764,9.221106597196098,0.7231355244869638,0.0,0.0,0.0,0.0,0.0,0.0,0.0,0.0,53.26091405759737,8.15280615532712,False,True,True,False,False,12.211850999468176,0,0.855516975308642,0.8148148148148147,False,False,False,False,0.24636744952820946,0.2569332784007207,False,False,False,False,-10204.0,-64269.79862621753,False,False,False,False,11787.244466716329,False,False,False,False
2024-09-18 17:00:00+00:00,10.155,10.37,9.92,9.955,14078.0,,,,,,,,,,,,,,,,,,,,,,,"rgba(38, 166, 154, 1.0)",0.0,0.0,1.2656961265187971,9.23068234712156,0.5722682069594556,0.0,0.0,0.0,0.0,0.0,0.0,0.0,0.0,50.46575964273642,5.338450723224014,False,True,False,False,False,10.231225096880816,0,0.8582046883933676,0.8063655422145987,False,False,False,False,0.25714981966845163,0.2570415490345862,False,False,False,False,-24282.0,-63649.832756043616,False,False,False,False,11822.760056379642,False,False,False,False
2024-09-19 17:00:00+00:00,10.055,10.08,9.945,9.965,20800.0,,,,,,,,,,,,,,,,,,,,,,,"rgba(38, 166, 154, 1.0)",0.0,0.0,1.268513530308833,9.242144033616773,0.5698449004381055,0.0,0.0,0.0,0.0,0.0,0.0,0.0,0.0,48.73398717591633,3.572659208831446,False,True,False,True,False,10.314504054725923,0,0.8578836182062608,0.824082965239101,False,False,False,False,0.2323870024523317,0.24471427574345894,False,False,False,False,-3482.0,-62716.998139670846,False,False,False,False,11961.942071009415,False,False,False,False
2024-09-20 17:00:00+00:00,9.845,9.875,9.715,9.79,10985.0,,,,,,,,,,,,,,,,,,,,,,,"rgba(239, 83, 80, 1.0)",0.0,0.0,1.266787246512977,9.279309335949197,0.4031384634290843,0.0,0.0,0.0,0.0,0.0,0.0,0.0,0.0,45.71388922363185,0.6392519800124248,False,True,False,True,False,8.399606373953354,0,0.8497589199614272,0.8362584378013498,False,False,False,False,0.1923233129392764,0.21851879434136767,False,False,False,False,-14467.0,-61968.93615300928,False,False,False,False,11946.795682311595,False,False,False,False
2024-09-23 17:00:00+00:00,9.805,9.915,9.805,9.84,25081.0,,,,,,,,,,,,,,,,,,,,,,,"rgba(239, 83, 80, 1.0)",0.0,0.0,1.2640957562942308,9.290508064730234,0.4346917015848803,0.0,0.0,0.0,0.0,0.0,0.0,0.0,0.0,44.46903177854788,-0.6226521678004744,False,True,False,True,False,8.832591232972359,0,0.8535597144510902,0.833301176924561,False,False,False,False,0.20422703854739355,0.2113729164443806,False,False,False,False,10614.0,-60843.619313427735,False,False,False,False,12150.426757004438,False,False,False,False
2024-09-24 17:00:00+00:00,10.315,10.335,10.2,10.205,21976.0,,,,,,,,,,,,,,,,,,,,,,,"rgba(239, 83, 80, 1.0)",0.0,0.0,1.2634869097743646,9.31832406606193,0.7017689910981462,0.0,0.0,0.0,0.0,0.0,0.0,0.0,0.0,48.25936648765577,-0.6226521678004744,False,True,False,False,True,11.888908195112705,0,0.8534630795649685,0.8343827513833236,False,False,False,False,0.2803209689926275,0.24584694271850405,False,False,False,False,32590.0,-59395.03606825831,False,False,False,False,12302.76122588809,False,False,False,False
2024-09-25 17:00:00+00:00,10.23,10.25,10.09,10.125,20279.0,,,,,,,,,,,,,,,,,,,,,,,"rgba(239, 83, 80, 1.0)",0.0,0.0,1.2595090992808164,9.334783260563892,0.6274005800254433,0.0,0.0,0.0,0.0,0.0,0.0,0.0,0.0,49.750828116088826,-5.38516696068919,False,True,False,False,True,11.000472197162686,0,0.849421581642329,0.8331120804096339,False,False,False,False,0.26185597891849366,0.25385146081849885,False,False,False,False,12311.0,-58283.31457882794,False,False,False,False,12426.42384254099,False,False,False,False
2024-09-26 17:00:00+00:00,10.32,10.34,10.23,10.31,5782.0,,,,,,,,,,,,,,,,,,,,,,,"rgba(239, 83, 80, 1.0)",0.0,0.0,1.2570083460271793,9.340657386710003,0.7711504990031612,0.0,0.0,0.0,0.0,0.0,0.0,0.0,0.0,52.73700251812878,-2.5279385696113366,False,True,True,False,True,12.508259539384557,0,0.8512287334593573,0.829867674858223,False,False,False,False,0.2836546673195747,0.26875306406903676,False,False,False,False,18093.0,-57099.18567062906,False,False,False,False,12323.409519400819,False,False,False,False
2024-09-27 17:00:00+00:00,10.375,10.375,10.19,10.3,12649.0,,,,,,,,,,,,,,,,,,,,,,,"rgba(239, 83, 80, 1.0)",0.0,0.0,1.2524409608282392,9.452154321885994,0.6769546067491491,0.0,0.0,0.0,0.0,0.0,0.0,0.0,0.0,54.57848156009833,-0.7425352353448744,False,True,True,False,True,12.394692950818701,0,0.8567102025364377,0.8281279575998484,False,False,False,False,0.28317805015616027,0.2759655571125985,False,False,False,False,5444.0,-56129.523877285974,False,False,False,False,12328.457433828713,False,False,False,False
2024-09-30 17:00:00+00:00,10.13,10.255,10.045,10.24,26596.0,,,,,,,,,,,,,,,,,,,,,,,"rgba(239, 83, 80, 1.0)",0.0,0.0,1.2486697498314545,9.464943865058729,0.6207054627902123,0.0,0.0,0.0,0.0,0.0,0.0,0.0,0.0,54.855002994433406,-0.3167137255555659,False,True,True,False,True,11.705763618287069,0,0.8468655589123868,0.8349697885196372,False,False,False,False,0.25809015401843777,0.2670278555655181,False,False,False,False,-21152.0,-55587.23668539007,False,False,False,False,12549.65964415695,False,False,False,False
2024-10-01 17:00:00+00:00,10.0,10.115,9.92,10.09,19013.0,,,,,,,,,,,,,,,,,,,,,,,"rgba(239, 83, 80, 1.0)",0.0,0.0,1.2408751634113617,9.469284763975994,0.5002237568504169,0.0,0.0,0.0,0.0,0.0,0.0,0.0,0.0,52.80330832442134,-0.3167137255555659,False,True,True,False,True,9.99651719920044,0,0.8476908576814327,0.8343072573044296,False,False,False,False,0.23331620403439982,0.25017202979995895,False,False,False,False,-40165.0,-55348.13224065534,False,False,False,False,12649.866471379324,False,False,False,False
2024-10-02 17:00:00+00:00,10.14,10.15,10.04,10.055,8091.0,,,,,,,,,,,,,,,,,,,,,,,"rgba(239, 83, 80, 1.0)",0.0,0.0,1.2315051692875612,9.472481354317916,0.4730135611359856,0.0,0.0,0.0,0.0,0.0,0.0,0.0,0.0,50.93550324500668,-0.3167137255555659,False,True,False,False,False,9.599440037078452,0,0.8564412542500945,0.8247072157159046,False,False,False,False,0.24777061498246103,0.24897132239121,False,False,False,False,-48256.0,-55238.176702040524,False,False,False,False,12579.186371047861,False,False,False,False
2024-10-03 17:00:00+00:00,9.94,9.99,9.905,9.99,8689.0,,,,,,,,,,,,,,,,,,,,,,,"rgba(239, 83, 80, 1.0)",0.0,0.0,1.2160826489219436,9.473713522330534,0.4245488397742977,0.0,0.0,0.0,0.0,0.0,0.0,0.0,0.0,48.73903281348667,3.7046644502841275,False,True,False,False,False,8.857049219252712,0,0.852075471698113,0.8328301886792451,False,False,False,False,0.22034257093574544,0.23465694666347772,False,False,False,False,-56945.0,-55264.639078753076,False,False,False,False,12518.873404054872,False,False,False,False
2024-10-04 17:00:00+00:00,10.0,10.02,9.93,9.98,12473.0,,,,,,,,,,,,,,,,,,,,,,,"rgba(239, 83, 80, 1.0)",0.0,0.0,1.1965934681118437,9.476368467740706,0.42088774983369803,0.0,0.0,0.0,0.0,0.0,0.0,0.0,0.0,47.12163340924118,2.0309269707890962,False,True,False,True,False,8.741685998757792,0,0.8573318216175357,0.8295540438397581,False,False,False,False,0.22543042357980003,0.23004368512163886,False,False,False,False,-69418.0,-55484.07103102047,False,False,False,False,12518.16218848813,False,False,False,False
2024-10-07 17:00:00+00:00,9.975,10.105,9.955,10.015,13585.0,,,,,,,,,,,,,,,,,,,,,,,"rgba(239, 83, 80, 1.0)",0.0,0.0,1.1780452200745704,9.480888402109603,0.4533880268675837,0.0,0.0,0.0,0.0,0.0,0.0,0.0,0.0,46.776203347954066,1.487611805009081,False,True,False,True,False,9.065638671573467,0,0.8709184647699064,0.8245178537330531,False,False,False,False,0.23564094417353407,0.23284231464758648,False,False,False,False,-55833.0,-55489.480782477505,False,False,False,False,12534.70230959684,False,False,False,False
2024-10-08 17:00:00+00:00,9.775,9.89,9.775,9.88,6987.0,,,,,,,,,,,,,,,,,,,,,,,"rgba(239, 83, 80, 1.0)",0.0,0.0,1.1540479793919927,9.546696662968237,0.2888123743411113,0.0,0.0,0.0,0.0,0.0,0.0,0.0,0.0,44.313719199821136,-1.043726733468219,False,True,False,True,False,7.478475920624824,0,0.858363394721853,0.8296943231441046,False,False,False,False,0.19918406621346268,0.21601319043052458,False,False,False,False,-62820.0,-55603.132243214284,False,False,False,False,12448.691421075959,False,False,False,False
2024-10-09 17:00:00+00:00,9.845,10.01,9.825,10.0,23589.0,,,,,,,,,,,,,,,,,,,,,,,"rgba(239, 83, 80, 1.0)",0.0,0.0,1.1256950085401705,9.55556420359646,0.3948101333236756,0.0,0.0,0.0,0.0,0.0,0.0,0.0,0.0,45.23536953730196,-1.043726733468219,False,True,False,True,False,8.61529763389386,0,0.8642706939399731,0.8214490537182183,False,False,False,False,0.21480495170374103,0.2154090710671328,False,False,False,False,-39231.0,-55349.30073556755,False,False,False,False,12621.409383539896,False,False,False,False
2024-10-10 17:00:00+00:00,9.955,9.975,9.865,9.945,13320.0,,,,,,,,,,,,,,,,,,,,,,,"rgba(239, 83, 80, 1.0)",0.0,0.0,1.095823611439081,9.557918073524931,0.35323378911934317,0.0,0.0,0.0,0.0,0.0,0.0,0.0,0.0,44.886229047542884,-1.043726733468219,False,True,False,True,False,7.962039372690036,0,0.8693323129902429,0.8190166443466615,False,False,False,False,0.21526592025250377,0.2153374956598183,False,False,False,False,-52551.0,-55305.91622803937,False,False,False,False,12632.240245810595,False,False,False,False
2024-10-11 17:00:00+00:00,10.02,10.035,9.96,9.975,16580.0,,,,,,,,,,,,,,,,,,,,,,,"rgba(239, 83, 80, 1.0)",0.0,0.0,1.0653073066761816,9.563523414022145,0.3862515383112175,0.0,0.0,0.0,0.0,0.0,0.0,0.0,0.0,45.32898711500651,-1.043726733468219,False,True,False,True,False,8.252286582003133,0,0.871023380605596,0.8162131084706783,False,False,False,False,0.22960175463176674,0.22246962514579252,False,False,False,False,-35971.0,-55006.15008496899,False,False,False,False,12693.445823394926,False,False,False,False
2024-10-14 17:00:00+00:00,9.865,10.04,9.86,10.04,17684.0,,,,,,,,,,,,,,,,,,,,,,,"rgba(239, 83, 80, 1.0)",0.0,0.0,1.0316192904169457,9.568574354054897,0.4569763771619349,0.0,0.0,0.0,0.0,0.0,0.0,0.0,0.0,47.08192570461383,-1.043726733468219,False,True,False,True,True,8.885153333393735,0,0.8656802459646424,0.8245580322828592,False,False,False,False,0.2208046356006174,0.22163713037320495,False,False,False,False,-18287.0,-54436.86093636482,False,False,False,False,12770.818756365547,False,False,False,False
2024-10-15 17:00:00+00:00,9.91,9.925,9.835,9.835,10545.0,,,,,,,,,,,,,,,,,,,,,,,"rgba(239, 83, 80, 1.0)",0.0,0.0,0.9931404507696567,9.568971994730939,0.2678654414518083,0.0,0.0,0.0,0.0,0.0,0.0,0.0,0.0,44.47501057905491,-1.6862648170329564,False,True,False,True,False,6.4013238160172214,0,0.8609410864575363,0.8236419280795715,False,False,False,False,0.20790108667289903,0.21476910852305198,False,False,False,False,-28832.0,-54039.88634820413,False,False,False,False,12736.309938437398,False,False,False,False
2024-10-16 17:00:00+00:00,9.925,9.97,9.875,9.9,9340.0,,,,,,,,,,,,,,,,,,,,,,,"rgba(239, 83, 80, 1.0)",0.0,0.0,0.9574017814748275,9.570423122708332,0.3442409275486955,0.0,0.0,0.0,0.0,0.0,0.0,0.0,0.0,44.234479845965566,-2.0536117456321605,False,True,False,True,False,7.052269952532036,0,0.8619766774995221,0.8208755496081054,False,False,False,False,0.2157269789160561,0.21524804371955403,False,False,False,False,-19492.0,-53504.26020327073,False,False,False,False,12683.653970399608,False,False,False,False
2024-10-17 17:00:00+00:00,10.0,10.07,9.96,10.07,11811.0,,,,,,,,,,,,,,,,,,,,,,,"rgba(239, 83, 80, 1.0)",0.0,0.0,0.920033376793699,9.574932335694298,0.5380975047133671,0.0,0.0,0.0,0.0,0.0,0.0,0.0,0.0,47.42493880719616,-2.0536117456321605,False,True,False,True,True,8.730503803938813,1,0.8624690888339357,0.8137721133726458,False,False,False,False,0.23285155387056758,0.22404979879506082,False,False,False,False,-7681.0,-52793.82206058436,False,False,False,False,12670.124451478683,False,False,False,False
2024-10-18 17:00:00+00:00,10.065,10.095,10.0,10.01,9620.0,,,,,,,,,,,,,,,,,,,,,,,"rgba(239, 83, 80, 1.0)",0.0,0.0,0.8721480523542017,9.578489357419986,0.49476765030344405,0.0,0.0,0.0,0.0,0.0,0.0,0.0,0.0,48.36350749720232,-5.436832955321535,False,True,False,False,True,7.992274223389877,1,0.8628310154315108,0.8174890455324824,False,False,False,False,0.23889979294496322,0.23147479587001202,False,False,False,False,-17301.0,-52243.545749567544,False,False,False,False,12622.835700292968,False,False,False,False
2024-10-21 17:00:00+00:00,9.895,9.9,9.75,9.785,7777.0,,,,,,,,,,,,,,,,,,,,,,,"rgba(239, 83, 80, 1.0)",0.0,0.0,0.8271333160516052,9.578268839756083,0.24993692822188193,0.0,0.0,0.0,0.0,0.0,0.0,0.0,0.0,45.33057201205624,-5.436832955321535,False,True,False,True,False,5.283702599124691,1,0.8614595210946409,0.8187001140250855,False,False,False,False,0.19781045410612286,0.21464262498806744,False,False,False,False,-25078.0,-51822.374497636265,False,False,False,False,12547.706464629511,False,False,False,False
2024-10-22 17:00:00+00:00,9.65,9.685,9.59,9.64,8229.0,,,,,,,,,,,,,,,,,,,,,,,"rgba(239, 83, 80, 1.0)",0.0,0.0,0.7704539728785402,9.575747808289272,0.08339523705831807,0.0,0.0,0.0,0.0,0.0,0.0,0.0,0.0,41.519034107909484,-4.21043593274311,False,True,False,True,False,3.5968877461234854,0,0.8551855375832541,0.8304471931493816,False,False,False,False,0.16369476932978883,0.18916869715892815,False,False,False,False,-33307.0,-51535.31442790547,False,False,False,False,12480.74977525541,False,False,False,False
2024-10-23 17:00:00+00:00,9.625,9.63,9.49,9.57,8740.0,,,,,,,,,,,,,,,,,,,,,,,"rgba(239, 83, 80, 1.0)",0.0,0.0,0.7116389217538323,9.612642548620329,-0.059921608159424614,0.0,0.0,0.0,0.0,0.0,0.0,0.0,0.0,38.19697426259829,-7.166609441333939,False,True,False,True,False,2.7917365334560067,0,0.8506752900894048,0.8318432566102341,False,False,False,False,0.14970754941343437,0.16943812328618124,False,False,False,False,-42047.0,-51388.20877786042,False,False,False,False,12422.753654708815,False,False,False,False
2024-10-24 17:00:00+00:00,9.625,9.76,9.605,9.73,11870.0,,,,,,,,,,,,,,,,,,,,,,,"rgba(239, 83, 80, 1.0)",0.0,0.0,0.6602110295985714,9.615420565304976,0.1735497129829712,0.0,0.0,0.0,0.0,0.0,0.0,0.0,0.0,39.42574924983296,-7.166609441333939,False,True,False,True,False,4.476738295004804,0,0.8535430087154227,0.8255020841227738,False,False,False,False,0.17184526599969496,0.1706416946429381,False,False,False,False,-30177.0,-51059.352827816074,False,False,False,False,12414.183830604801,False,False,False,False
2024-10-25 17:00:00+00:00,9.8,9.84,9.74,9.78,7515.0,,,,,,,,,,,,,,,,,,,,,,,"rgba(239, 83, 80, 1.0)",0.0,0.0,0.6038453877047122,9.617677594447867,0.26881451586330507,0.0,0.0,0.0,0.0,0.0,0.0,0.0,0.0,41.22102928913756,-7.166609441333939,False,True,False,True,True,4.997633222384405,0,0.8651942117288652,0.8208301599390709,False,False,False,False,0.19140990923396808,0.18102580193845308,False,False,False,False,-22662.0,-50619.083791725905,False,False,False,False,12338.227492145812,False,False,False,False
2024-10-28 17:00:00+00:00,10.31,10.7,10.305,10.55,53863.0,,,,,,,,,,,,,,,,,,,,,,,"rgba(38, 166, 154, 1.0)",0.0,0.0,0.5925296966747265,9.703683859989145,1.4283100826175932,0.0,0.0,0.0,0.0,0.0,0.0,0.0,0.0,50.991976461775494,-4.756041219626795,False,False,True,False,True,12.277684912334578,0,0.8714629184390603,0.8089513593489919,False,False,False,False,0.3256311321371174,0.2533284670377852,False,False,False,False,31201.0,-49350.55536084643,False,False,False,False,12982.022414748202,False,False,False,False
2024-10-29 17:00:00+00:00,10.385,10.59,10.385,10.58,18826.0,,,,,,,,,,,,,,,,,,,,,,,"rgba(38, 166, 154, 1.0)",0.0,0.0,0.5843064572944903,9.722626160262378,1.467335897172032,0.0,0.0,0.0,0.0,0.0,0.0,0.0,0.0,57.70257756509125,0.9739074761744888,True,False,True,False,True,12.535944450991433,0,0.8737345849438615,0.8133627829928217,False,False,False,False,0.3227019016437373,0.28801518434076123,False,False,False,False,50027.0,-47809.818068430206,False,False,False,False,13072.626718395517,False,False,False,False
2024-10-30 17:00:00+00:00,10.575,10.665,10.55,10.61,20130.0,,,,,,,,,,,,,,,,,,,,,,,"rgba(38, 166, 154, 1.0)",0.0,0.0,0.5767845164169892,9.743791219854966,1.5017892392915821,0.0,0.0,0.0,0.0,0.0,0.0,0.0,0.0,62.38832375702383,4.832608311661232,True,False,True,False,True,12.79729144628486,0,0.8792563960979201,0.8135468433646236,False,False,False,False,0.3428282347432136,0.31542170954198745,False,False,False,False,70157.0,-45980.87515264059,False,False,False,False,13182.043358420393,False,False,False,False
2024-10-31 17:00:00+00:00,10.315,10.43,10.21,10.355,22965.0,,,,,,,,,,,,,,,,,,,,,,,"rgba(38, 166, 154, 1.0)",0.0,0.0,0.572239554826569,9.755375314975744,1.04785605952386,0.0,0.0,0.0,0.0,0.0,0.0,0.0,0.0,61.35052966693395,4.832608311661232,True,False,True,False,True,9.722750849640338,0,0.8722667638483965,0.8172376093294461,False,False,False,False,0.2872498085976518,0.30133575906981963,False,False,False,False,47192.0,-44536.33445259965,False,False,False,False,13333.717104801472,False,False,False,False
2024-11-01 17:00:00+00:00,10.53,10.665,10.48,10.6,9791.0,,,,,,,,,,,,,,,,,,,,,,,"rgba(38, 166, 154, 1.0)",0.0,0.0,0.5653252113559026,9.763887601066862,1.4789936520392675,0.0,0.0,0.0,0.0,0.0,0.0,0.0,0.0,62.80741639517964,4.8788651838952575,True,False,True,False,True,11.889461065097656,0,0.8760166275076813,0.8116754021326587,False,False,False,False,0.3359584723957263,0.31864711573277293,False,False,False,False,56983.0,-42962.391282791905,False,False,False,False,13278.791258215402,False,False,False,False
2024-11-04 17:00:00+00:00,10.485,10.57,10.37,10.425,10806.0,,,,,,,,,,,,,,,,,,,,,,,"rgba(38, 166, 154, 1.0)",0.0,0.0,0.5586989551829534,9.770872170369259,1.170805535901779,0.0,0.0,0.0,0.0,0.0,0.0,0.0,0.0,61.30663736736146,4.8788651838952575,True,False,True,False,True,9.837021916656532,0,0.8770506580133406,0.8141337659996393,False,False,False,False,0.316011872989228,0.31732949436100044,False,False,False,False,46177.0,-41580.38521639203,False,False,False,False,13240.453409250822,False,False,False,False
2024-11-05 17:00:00+00:00,10.545,10.57,10.475,10.55,24721.0,,,,,,,,,,,,,,,,,,,,,,,"rgba(38, 166, 154, 1.0)",0.0,0.0,0.5539957394053499,9.78866959974157,1.3742531685814585,0.0,0.0,0.0,0.0,0.0,0.0,0.0,0.0,61.46159463570301,4.8788651838952575,True,False,True,False,True,10.939922920107978,0,0.8771232381640768,0.8176725695699315,False,False,False,False,0.3261971112254089,0.32176330279320464,False,False,False,False,70898.0,-39836.53428280456,False,False,False,False,13418.446379650035,False,False,False,False
2024-11-06 17:00:00+00:00,11.095,11.39,11.045,11.325,36698.0,,,,,,,,,,,,,,,,,,,,,,,"rgba(38, 166, 154, 1.0)",0.0,0.0,0.5607821114983762,9.846794017965687,2.6359720678047927,0.0,0.0,0.0,0.0,0.0,0.0,0.0,0.0,66.24207116703676,8.904431582158992,True,False,True,False,True,17.135908009100035,0,0.8877911079745944,0.808045165843331,False,False,False,False,0.34282823748607744,0.33229577013964107,False,False,False,False,107596.0,-37550.75855748976,False,False,False,False,13779.369691593445,False,False,False,False
2024-11-07 17:00:00+00:00,11.955,12.105,11.785,12.01,56684.0,,,,,,,,,,,,,,,,,,,,,,11.966666666666667,"rgba(38, 166, 154, 1.0)",0.0,0.0,0.5942917277378661,10.134733032853276,3.1554653709968483,-1.0,12.105,11.785,0.0,0.0,0.0,0.0,0.0,71.5856828062586,14.048753107118415,True,False,True,False,True,20.0,0,0.9010497332644984,0.7995181552228532,False,False,False,False,0.34282823989981137,0.3375620050197262,False,False,False,False,164280.0,-34421.59951008682,False,False,False,False,14444.557758390445,False,False,False,False
2024-11-08 17:00:00+00:00,12.0,12.02,11.56,11.615,39591.0,,,,,,,,,,,,,,,,,,,,,,11.870028027352202,"rgba(38, 166, 154, 1.0)",0.0,0.0,0.6066627586251712,10.189879093862837,2.3491155273265742,0.0,0.0,0.0,0.0,0.0,0.0,0.0,0.0,71.09429032301625,14.048753107118415,True,False,True,False,True,17.41558918278317,0,0.8981954375212803,0.8040517534899558,False,False,False,False,0.32049119167980505,0.32902659834976566,False,False,False,False,124689.0,-31954.768509930433,False,False,False,False,14834.425079965788,False,False,False,False
2024-11-11 17:00:00+00:00,11.77,11.97,11.64,11.705,39779.0,,,,,,,,,,,,,,,,,,,,,,11.84126947143536,"rgba(38, 166, 154, 1.0)",0.0,0.0,0.6160396836989412,10.245027628396418,2.3699323440291082,0.0,0.0,0.0,0.0,0.0,0.0,0.0,0.0,71.13040609784252,14.091009635606781,True,False,True,False,True,18.01290606143801,0,0.8966041561074507,0.810778847778341,False,False,False,False,0.3226390561991684,0.32583282727446705,False,False,False,False,164468.0,-28909.454269466394,False,False,False,False,15221.162675625232,False,False,False,False
2024-11-12 17:00:00+00:00,11.295,11.33,11.14,11.17,26836.0,,,,,,,,,,,,,,,,,,,,,,11.737817484191787,"rgba(38, 166, 154, 1.0)",0.0,0.0,0.607088955590529,10.259770239398595,1.4993350681466513,0.0,0.0,0.0,0.0,0.0,0.0,0.0,0.0,66.49708815169477,14.091009635606781,True,False,True,False,False,12.507011283688982,0,0.890848585690516,0.8212978369384358,False,False,False,False,0.2428253766870989,0.284329101980783,False,False,False,False,137632.0,-26327.416218776994,False,False,False,False,15401.23767290236,False,False,False,False
2024-11-13 17:00:00+00:00,10.925,11.09,10.8,11.0,35793.0,,,,,,,,,,,,,,,,,,,,,,11.59829316046164,"rgba(38, 166, 154, 1.0)",0.0,0.0,0.6008464374875169,10.269561099126264,1.2156831684450347,0.0,0.0,0.0,0.0,0.0,0.0,0.0,0.0,62.15772604540659,19.258605603901856,True,False,True,False,False,10.85907668704818,0,0.8791990733079598,0.8317061062386232,False,False,False,False,0.2034114285620786,0.2438702652714308,False,False,False,False,101839.0,-24340.339998330837,False,False,False,False,15717.38902681085,False,False,False,False
2024-11-14 17:00:00+00:00,10.86,10.895,10.76,10.83,14977.0,,,,,,,,,,,,,,,,,,,,,,11.544321016256358,"rgba(239, 83, 80, 1.0)",0.0,0.0,0.6029148416702853,10.271833662425701,0.9257797270804992,0.0,0.0,0.0,0.0,0.0,0.0,0.0,0.0,58.04052321391918,15.344787957181424,True,False,True,False,False,9.240285342013223,0,0.8723863259210092,0.8383670760039827,False,False,False,False,0.18762427045614316,0.21574726786378698,False,False,False,False,86862.0,-22616.27271153501,False,False,False,False,15705.910127170371,False,False,False,False
2024-11-15 17:00:00+00:00,10.82,10.885,10.77,10.83,26167.0,,,,,,,,,,,,,,,,,,,,,,11.466201164450487,"rgba(239, 83, 80, 1.0)",0.0,0.0,0.6043400987481748,10.276571129338187,0.9157573224218964,0.0,0.0,0.0,0.0,0.0,0.0,0.0,0.0,55.29572132626092,12.712462186809354,True,False,True,False,False,9.240285342013223,0,0.8740261892922262,0.837228576164429,False,False,False,False,0.18762427045614316,0.20168576915996506,False,False,False,False,86862.0,-20918.935150115864,False,False,False,False,15868.097567059202,False,False,False,False
2024-11-18 17:00:00+00:00,11.095,11.21,11.07,11.14,6600.0,,,,,,,,,,,,,,,,,,,,,,11.457464590595459,"rgba(239, 83, 80, 1.0)",0.0,0.0,0.6055047778804348,10.280165137216947,1.420029856399976,0.0,0.0,0.0,0.0,0.0,0.0,0.0,0.0,55.75499973557361,12.712462186809354,True,False,True,False,False,11.513026138087696,0,0.8811881188118813,0.8328382838283829,False,False,False,False,0.22983793398732857,0.2157618515736468,False,False,False,False,93462.0,-19145.58731833112,False,False,False,False,15724.406131910997,False,False,False,False
2024-11-19 17:00:00+00:00,11.16,11.375,11.13,11.375,14774.0,,,,,,,,,,,,,,,,,,,,,,11.448181030445264,"rgba(239, 83, 80, 1.0)",0.0,0.0,0.6016233894245644,10.290596077101943,1.8024630391036793,0.0,0.0,0.0,0.0,0.0,0.0,0.0,0.0,57.570240460093615,12.712462186809354,True,False,True,False,False,13.166116536832789,0,0.8905085307271825,0.821931422892165,False,False,False,False,0.24522646491090522,0.230494158242276,False,False,False,False,108236.0,-17170.678987814357,False,False,False,False,15709.671153121679,False,False,False,False
2024-11-20 17:00:00+00:00,11.675,11.7,11.235,11.26,37643.0,,,,,,,,,,,,,,,,,,,,,,11.44190211280802,"rgba(239, 83, 80, 1.0)",0.0,0.0,0.5996511899008853,10.32021474165099,1.5672198674438464,0.0,0.0,0.0,0.0,0.0,0.0,0.0,0.0,57.67071391590328,12.712462186809354,True,False,True,False,False,12.034479338630057,0,0.89181238764504,0.8151658767772512,False,False,False,False,0.2749622483930175,0.2527282033176468,False,False,False,False,70593.0,-15810.001794204833,False,False,False,False,16049.7227631508,False,False,False,False
2024-11-21 17:00:00+00:00,11.395,11.61,11.37,11.38,18197.0,,,,,,,,,,,,,,,,,,,,,,11.442558223279217,"rgba(239, 83, 80, 1.0)",0.0,0.0,0.597311295543439,10.334874978935073,1.7497158162965332,0.0,0.0,0.0,0.0,0.0,0.0,0.0,0.0,58.58058722018365,12.712462186809354,True,False,True,False,True,12.883406567051463,0,0.8927128776862174,0.8164485377282277,False,False,False,False,0.27810087210881507,0.2654145377132309,False,False,False,False,88790.0,-14188.296340031113,False,False,False,False,16083.013883101949,False,False,False,False
2024-11-22 17:00:00+00:00,11.295,11.34,11.19,11.25,12612.0,,,,,,,,,,,,,,,,,,,,,,11.435573835720186,"rgba(239, 83, 80, 1.0)",0.0,0.0,0.5933062272379052,10.34240258039949,1.529728457133789,0.0,0.0,0.0,0.0,0.0,0.0,0.0,0.0,57.81474212938634,12.712462186809354,True,False,True,False,True,11.59282457439943,0,0.888942539835828,0.825849026235313,False,False,False,False,0.2469432252726023,0.2561788814929166,False,False,False,False,76178.0,-12787.268489798073,False,False,False,False,16029.199714371685,False,False,False,False
2024-11-25 17:00:00+00:00,11.16,11.18,10.945,11.06,21659.0,,,,,,,,,,,,,,,,,,,,,,11.412521803980507,"rgba(239, 83, 80, 1.0)",0.0,0.0,0.5790311339246373,10.350989557628154,1.2244772359065008,0.0,0.0,0.0,0.0,0.0,0.0,0.0,0.0,55.41334304413273,10.852236679353297,False,False,True,False,True,9.737003954434886,0,0.8851351351351351,0.8283462033462032,False,False,False,False,0.21929925140120776,0.2377390664470622,False,False,False,False,54519.0,-11743.760451196551,False,False,False,False,16116.483439730264,False,False,False,False
2024-11-26 17:00:00+00:00,10.69,10.81,10.685,10.74,43405.0,,,,,,,,,,,,,,,,,,,,,,11.339117861657845,"rgba(239, 83, 80, 1.0)",0.0,0.0,0.5636127272394612,10.355528109357913,0.682156154502057,0.0,0.0,0.0,0.0,0.0,0.0,0.0,0.0,51.10740412385711,6.582412378344856,False,True,False,False,False,6.726847035716556,0,0.8771733928856276,0.8345828680810335,False,False,False,False,0.17692868046841984,0.207333873457741,False,False,False,False,11114.0,-11389.376568232263,False,False,False,False,16539.561215858477,False,False,False,False
2024-11-27 17:00:00+00:00,10.87,10.875,10.645,10.665,22804.0,,,,,,,,,,,,,,,,,,,,,,11.30575826924474,"rgba(239, 83, 80, 1.0)",0.0,0.0,0.5539436583052229,10.357847773992477,0.554482791530184,0.0,0.0,0.0,0.0,0.0,0.0,0.0,0.0,47.662197805081405,3.2858397175982077,False,True,False,True,False,6.038366103432864,0,0.8820717131474103,0.8325099601593626,False,False,False,False,0.17859716775363144,0.19296552060568622,False,False,False,False,-11690.0,-11394.037396631762,False,False,False,False,16636.68429778315,False,False,False,False
2024-11-28 17:00:00+00:00,10.665,10.665,10.665,10.665,0.0,,,,,,,,,,,,,,,,,,,,,,11.30575826924474,"rgba(239, 83, 80, 1.0)",0.0,0.0,0.5536202474425724,10.357847773992477,0.5548067062691444,0.0,0.0,0.0,0.0,0.0,0.0,0.0,0.0,45.365393592564274,1.0888957909707102,False,True,False,True,False,6.038366103432864,0,0.8837358068127299,0.8378378378378378,False,False,False,False,0.1659406295281586,0.17945307506692243,False,False,False,False,-11690.0,-11398.625964125842,False,False,False,False,16378.75120789504,False,False,False,False
2024-11-29 17:00:00+00:00,10.755,10.795,10.73,10.765,10652.0,,,,,,,,,,,,,,,,,,,,,,11.292263933036411,"rgba(239, 83, 80, 1.0)",0.0,0.0,0.5508055280493528,10.35930341564406,0.7365514028021692,0.0,0.0,0.0,0.0,0.0,0.0,0.0,0.0,45.09900241057149,0.6841142222103116,False,True,False,True,False,6.835573905055657,0,0.8887996143339224,0.8348063634902779,False,False,False,False,0.17893098302731747,0.17919202904711995,False,False,False,False,-1038.0,-11237.996104216914,False,False,False,False,16289.964367462559,False,False,False,False
2024-12-02 17:00:00+00:00,10.675,10.705,10.555,10.555,18298.0,,,,,,,,,,,,,,,,,,,,,,11.264097365786354,"rgba(239, 83, 80, 1.0)",0.0,0.0,0.5457171659616562,10.359413517538698,0.3584026573850604,0.0,0.0,0.0,0.0,0.0,0.0,0.0,0.0,42.968569351336896,-1.545249851097644,False,True,False,True,False,4.857364822199713,0,0.8813749000799358,0.8380495603517186,False,False,False,False,0.16129115035968639,0.17024158970340317,False,False,False,False,-19336.0,-11363.546552213551,False,False,False,False,16321.096702850735,False,False,False,False
2024-12-03 17:00:00+00:00,10.61,10.715,10.595,10.625,23662.0,,,,,,,,,,,,,,,,,,,,,,11.23293792394918,"rgba(239, 83, 80, 1.0)",0.0,0.0,0.5377155716882602,10.360540427752058,0.4918205575070494,0.0,0.0,0.0,0.0,0.0,0.0,0.0,0.0,42.50812254205305,-2.2424150603626742,False,True,False,True,False,5.4293813716689385,0,0.8809143222506393,0.83903452685422,False,False,False,False,0.16461148986752988,0.1674265397854665,False,False,False,False,4326.0,-11120.297768458302,False,False,False,False,16434.909157070102,False,False,False,False
2024-12-04 17:00:00+00:00,10.5,10.5,10.32,10.355,42630.0,,,,,,,,,,,,,,,,,,,,,,11.162996462303246,"rgba(239, 83, 80, 1.0)",0.0,0.0,0.5327440438111088,10.354483720914157,0.0009690940552806267,0.0,0.0,0.0,0.0,0.0,0.0,0.0,0.0,39.853710795565334,-4.99286390409295,False,True,False,True,False,2.928112815181919,0,0.8776062390577749,0.8419544803437847,False,False,False,False,0.13221532522121104,0.14982093250333878,False,False,False,False,-38304.0,-11541.750516234142,False,False,False,False,16841.03459649537,False,False,False,False
2024-12-05 17:00:00+00:00,10.24,10.38,10.16,10.22,22478.0,,,,,,,,,,,,,,,,,,,,,,11.124794217308963,"rgba(239, 83, 80, 1.0)",0.0,0.0,0.5284303460538835,10.349340264691467,-0.24476312849428483,0.0,0.0,0.0,0.0,0.0,0.0,0.0,0.0,37.08265676644088,-7.75441328455387,False,True,False,True,False,1.7109549408633349,0,0.874247703515996,0.8463731390560658,False,False,False,False,0.11383060548680661,0.1318257689950727,False,False,False,False,-60782.0,-12305.165236912682,False,False,False,False,16928.429408952805,False,False,False,False
2024-12-06 17:00:00+00:00,10.09,10.175,10.07,10.17,26035.0,,,,,,,,,,,,,,,,,,,,,,11.079036855308262,"rgba(239, 83, 80, 1.0)",0.0,0.0,0.5235322683808825,10.34158578032277,-0.3277463313836033,0.0,0.0,0.0,0.0,0.0,0.0,0.0,0.0,34.867630537517655,-9.948371113400313,False,True,False,True,False,1.2607976817980067,0,0.8723471650300916,0.8501742160278745,False,False,False,False,0.0945432942147868,0.11318453160492975,False,False,False,False,-86817.0,-13460.387481301632,False,False,False,False,17069.616549899274,False,False,False,False
2024-12-09 17:00:00+00:00,10.645,10.645,10.34,10.34,30728.0,,,,,,,,,,,,,,,,,,,,,,11.04595412080549,"rgba(239, 83, 80, 1.0)",0.0,0.0,0.52099668861668,10.339904564970961,0.0001831778034749509,0.0,0.0,0.0,0.0,0.0,0.0,0.0,0.0,36.12658336164676,-9.948371113400313,False,True,False,True,False,2.7321107100789632,0,0.8803445575567735,0.8408770555990602,False,False,False,False,0.1430901476985375,0.12813733965173363,False,False,False,False,-56089.0,-14121.29620252176,False,False,False,False,17281.374432846573,False,False,False,False
2024-12-10 17:00:00+00:00,10.24,10.29,10.105,10.18,10741.0,,,,,,,,,,,,,,,,,,,,,,11.030730599175438,"rgba(239, 83, 80, 1.0)",0.0,0.0,0.5206798916316492,10.33745040700652,-0.30239386912584465,0.0,0.0,0.0,0.0,0.0,0.0,0.0,0.0,35.535432024971584,-9.948371113400313,False,True,False,True,False,1.2705775742697192,0,0.8751753155680225,0.8508648901355774,False,False,False,False,0.10434074529524093,0.11623904247348728,False,False,False,False,-66830.0,-14938.485408684213,False,False,False,False,17179.973278848953,False,False,False,False
2024-12-11 17:00:00+00:00,10.19,10.2,10.065,10.115,24885.0,,,,,,,,,,,,,,,,,,,,,,10.99488522696493,"rgba(239, 83, 80, 1.0)",0.0,0.0,0.5193308931467229,10.330885771872023,-0.4156998451679433,0.0,0.0,0.0,0.0,0.0,0.0,0.0,0.0,34.5882382608096,-10.708118909091041,False,True,False,True,False,0.6807016731064337,0,0.8740867402456084,0.8535675423597077,False,False,False,False,0.09584853529512789,0.10604378888430759,False,False,False,False,-91715.0,-16128.818968239497,False,False,False,False,17299.431057471447,False,False,False,False
2024-12-12 17:00:00+00:00,10.005,10.07,9.97,9.975,16033.0,,,,,,,,,,,,,,,,,,,,,,10.97022817841013,"rgba(239, 83, 80, 1.0)",0.0,0.0,0.5216605761956267,10.325504340725939,-0.6719011493682382,0.0,0.0,0.0,0.0,0.0,0.0,0.0,0.0,32.81495538044669,-12.635157658067996,False,True,False,True,False,0.0,0,0.8687937743190662,0.8599221789883269,False,False,False,False,0.08118227826080614,0.09361303357255686,False,False,False,False,-107748.0,-17549.271387336557,False,False,False,False,17279.796467433127,False,False,False,False
2024-12-13 17:00:00+00:00,9.95,10.09,9.88,10.09,54114.0,,,,,,,,,,,,,,,,,,,,,,10.896536085310922,"rgba(239, 83, 80, 1.0)",0.0,0.0,0.5223397034170025,10.309205366251453,-0.41966054814036086,0.0,0.0,0.0,0.0,0.0,0.0,0.0,0.0,33.7140506795309,-12.635157658067996,False,True,False,True,False,0.46004960275860185,0,0.8675763684292139,0.8593580400062026,False,False,False,False,0.07662683354369779,0.08511993355812733,False,False,False,False,-53634.0,-18108.724544122037,False,False,False,False,17850.86939041866,False,False,False,False
2024-12-16 17:00:00+00:00,9.99,9.995,9.615,9.62,15516.0,,,,,,,,,,,,,,,,,,,,,,10.871450890447543,"rgba(239, 83, 80, 1.0)",0.0,0.0,0.5292618776514435,10.302035908913188,-1.288654894132311,0.0,0.0,0.0,0.0,0.0,0.0,0.0,0.0,30.895999652540574,-14.759087288876856,False,True,False,True,False,0.0,0,0.8572738386308066,0.8606356968215157,False,False,False,False,0.053244764380361534,0.06918234896924444,False,False,False,False,-69150.0,-18900.062148089135,False,False,False,False,17814.66986498581,False,False,False,False
2024-12-17 17:00:00+00:00,9.51,9.6,9.38,9.55,39826.0,,,,,,,,,,,,,,,,,,,,,,10.79945543798523,"rgba(239, 83, 80, 1.0)",0.0,0.0,0.5369622346510393,10.278593117201616,-1.356879627996768,0.0,0.0,0.0,0.0,0.0,0.0,0.0,0.0,28.628797625844726,-16.982635522247236,False,True,False,True,False,0.0,0,0.8553315001527648,0.872135655362053,False,False,False,False,0.01245041609341739,0.040816382531330915,False,False,False,False,-108976.0,-20296.588316335816,False,False,False,False,18155.930797311612,False,False,False,False
2024-12-18 17:00:00+00:00,9.695,9.81,9.47,9.515,28857.0,,,,,,,,,,,,,,,,,,,,,,10.75513082882339,"rgba(239, 83, 80, 1.0)",0.0,0.0,0.5457497776635517,10.264162993556077,-1.3727224897156565,0.0,0.0,0.0,0.0,0.0,0.0,0.0,0.0,26.91415400148959,-18.673419030514875,False,True,False,True,False,0.0,0,0.8644817073170732,0.861890243902439,False,False,False,False,0.03186280462836969,0.0363395935798503,False,False,False,False,-137833.0,-22118.858264919756,False,False,False,False,18321.838846965697,False,False,False,False
2024-12-19 17:00:00+00:00,9.505,9.53,9.345,9.365,32329.0,,,,,,,,,,,,,,,,,,,,,,10.70185966969788,"rgba(239, 83, 80, 1.0)",0.0,0.0,0.5572913337121141,10.223499575811168,-1.5404861405123733,0.0,0.0,0.0,0.0,0.0,0.0,0.0,0.0,24.920041304916946,-20.62934706185408,False,True,False,True,False,0.0,0,0.8560121765601219,0.8747336377473364,False,False,False,False,0.005659044521634487,0.020999319050742395,False,False,False,False,-170162.0,-24414.10077244038,False,False,False,False,18539.004136160027,False,False,False,False
2024-12-20 17:00:00+00:00,9.48,9.52,9.37,9.405,20459.0,,,,,,,,,,,,,,,,,,,,,,10.670728860691964,"rgba(239, 83, 80, 1.0)",0.0,0.0,0.5678160706514799,10.21277998549717,-1.4226085298543405,0.0,0.0,0.0,0.0,0.0,0.0,0.0,0.0,24.423039374234158,-21.23023507904835,False,True,False,True,False,0.0,0,0.8617329069590377,0.873610476625552,False,False,False,False,0.006629193890971478,0.013814256470856937,False,False,False,False,-149703.0,-26356.56432635603,False,False,False,False,18568.77151389398,False,False,False,False
2024-12-23 17:00:00+00:00,9.43,9.43,9.43,9.43,0.0,,,,,,,,,,,,,,,,,,,,,,10.670728860691964,"rgba(239, 83, 80, 1.0)",0.0,0.0,0.5766454482374497,10.21277998549717,-1.3574718882977093,0.0,0.0,0.0,0.0,0.0,0.0,0.0,0.0,24.646192016205866,-21.23023507904835,False,True,False,True,False,0.0,0,0.8663404190243157,0.874292705306622,False,False,False,False,0.004688905804540077,0.009251581137698507,False,False,False,False,-149703.0,-28268.912166257487,False,False,False,False,18280.883583446008,False,False,False,False
2024-12-24 17:00:00+00:00,9.72,9.805,9.7,9.79,4635.0,,,,,,,,,,,,,,,,,,,,,,10.665727599945518,"rgba(239, 83, 80, 1.0)",0.0,0.0,0.5799013041221055,10.21292863524496,-0.7293114056455171,0.0,0.0,0.0,0.0,0.0,0.0,0.0,0.0,31.294934879527432,-23.19393056679132,False,True,False,True,True,0.0,0,0.8692085675224063,0.872550508886526,False,False,False,False,0.04262758101159114,0.025939581074644825,False,False,False,False,-145068.0,-30079.750737323262,False,False,False,False,18069.31949688095,False,False,False,False
2024-12-25 17:00:00+00:00,9.79,9.79,9.79,9.79,0.0,,,,,,,,,,,,,,,,,,,,,,10.665727599945518,"rgba(239, 83, 80, 1.0)",0.0,0.0,0.5827638790614386,10.21292863524496,-0.7257289795072792,0.0,0.0,0.0,0.0,0.0,0.0,0.0,0.0,35.727430121741804,-19.25564591263532,False,True,False,True,True,0.0,0,0.8674075201704978,0.874410108083422,False,False,False,False,0.04755318254741241,0.03674638181102862,False,False,False,False,-145068.0,-31862.514291783365,False,False,False,False,17789.175008557217,False,False,False,False
2024-12-26 17:00:00+00:00,9.92,9.995,9.795,9.97,16682.0,,,,,,,,,,,,,,,,,,,,,,10.651195998587362,"rgba(239, 83, 80, 1.0)",0.0,0.0,0.583226023591704,10.223321866339859,-0.4343459586727905,0.0,0.0,0.0,0.0,0.0,0.0,0.0,0.0,41.2946116995125,-14.36215422762396,False,True,False,True,True,0.013966714196484986,0,0.869031377899045,0.8684250416856146,False,False,False,False,0.0613579091629225,0.04905214548697556,False,False,False,False,-128386.0,-33359.002442298355,False,False,False,False,17772.009504548576,False,False,False,False
2024-12-27 17:00:00+00:00,9.745,9.965,9.73,9.82,11327.0,,,,,,,,,,,,,,,,,,,,,,10.640581275862491,"rgba(239, 83, 80, 1.0)",0.0,0.0,0.5859511556066367,10.220320653392074,-0.6831979928047426,0.0,0.0,0.0,0.0,0.0,0.0,0.0,0.0,42.96007986920552,-13.068123769180765,False,True,False,True,True,0.0,0,0.8681948424068766,0.8701553310209621,False,False,False,False,0.05483620276745483,0.05194417412721519,False,False,False,False,-139713.0,-35007.901629239466,False,False,False,False,17672.086876571077,False,False,False,False
2024-12-30 17:00:00+00:00,9.69,9.75,9.66,9.665,15913.0,,,,,,,,,,,,,,,,,,,,,,10.623486609058315,"rgba(239, 83, 80, 1.0)",0.0,0.0,0.5904308779371364,10.211104420327676,-0.9249252380493225,0.0,0.0,0.0,0.0,0.0,0.0,0.0,0.0,42.221949420744764,-13.068123769180765,False,True,False,True,True,0.0,0,0.862916603830493,0.8755843764138137,False,False,False,False,0.036099164429897766,0.04402166927855648,False,False,False,False,-155626.0,-36877.949665995446,False,False,False,False,17644.814211818037,False,False,False,False
2024-12-31 17:00:00+00:00,9.705,9.81,9.675,9.79,8296.0,,,,,,,,,,,,,,,,,,,,,,10.615436839285627,"rgba(239, 83, 80, 1.0)",0.0,0.0,0.5930356171793052,10.208582540704423,-0.7058303558483656,0.0,0.0,0.0,0.0,0.0,0.0,0.0,0.0,43.66607343073983,-12.378062518327333,False,False,False,True,True,0.0,0,0.8636636636636635,0.8740240240240237,False,False,False,False,0.041026972316461595,0.042524320797509035,False,False,False,False,-147330.0,-38590.384554894736,False,False,False,False,17499.87135582086,False,False,False,False
2025-01-01 17:00:00+00:00,9.79,9.79,9.79,9.79,0.0,,,,,,,,,,,,,,,,,,,,,,10.615436839285627,"rgba(239, 83, 80, 1.0)",0.0,0.0,0.5946021608855167,10.208582540704423,-0.7039707694318607,0.0,0.0,0.0,0.0,0.0,0.0,0.0,0.0,44.62882277073654,-11.234960131116637,False,False,False,True,True,0.0,0,0.8679045893719805,0.8739432367149756,False,False,False,False,0.04428305964331737,0.0434036902204132,False,False,False,False,-147330.0,-40276.27006567156,False,False,False,False,17228.55552084689,False,False,False,False
2025-01-02 17:00:00+00:00,9.835,9.845,9.63,9.7,10091.0,,,,,,,,,,,,,,,,,,,,,,10.605471974667333,"rgba(239, 83, 80, 1.0)",0.0,0.0,0.5973321845830298,10.204942606047435,-0.8453296491966413,0.0,0.0,0.0,0.0,0.0,0.0,0.0,0.0,43.9981161499668,-11.234960131116637,False,False,False,True,True,0.0,0,0.8627302929628511,0.8755662941709452,False,False,False,False,0.0373101131124668,0.04035690166644,False,False,False,False,-157421.0,-42092.467428994474,False,False,False,False,17117.895745329883,False,False,False,False
2025-01-03 17:00:00+00:00,9.145,9.315,8.895,8.94,66741.0,,,,,,,,,,,,,,,,,,,,,,10.498276081996401,"rgba(239, 83, 80, 1.0)",0.0,0.0,0.6146643191411238,10.124143436788394,-1.9264880031478142,0.0,0.0,0.0,0.0,0.0,0.0,0.0,0.0,37.339553181553164,-6.824409502568983,False,True,False,True,False,0.0,0,0.8545804921434925,0.8820041506077675,False,False,False,False,-0.05277482753000289,-0.0062089629317814456,False,False,False,False,-224162.0,-44915.25087970773,False,False,False,False,17887.246198890658,False,False,False,False
2025-01-06 17:00:00+00:00,9.0,9.01,8.755,8.81,29096.0,,,,,,,,,,,,,,,,,,,,,,10.450442877263681,"rgba(239, 83, 80, 1.0)",0.0,0.0,0.635634924116629,10.09239369926033,-2.017500377347154,0.0,0.0,0.0,0.0,0.0,0.0,0.0,0.0,32.278190949694036,-11.4472139522045,False,True,False,True,False,0.0,0,0.8502658003544005,0.8948611931482575,False,False,False,False,-0.10887721763690518,-0.05754309028434331,False,False,False,False,-253258.0,-48145.37102110761,False,False,False,False,18061.025327590025,False,False,False,False
2025-01-07 17:00:00+00:00,8.7,8.79,8.55,8.625,30686.0,,,,,,,,,,,,,,,,,,,,,,10.39686059844529,"rgba(239, 83, 80, 1.0)",0.0,0.0,0.6630729512947535,10.05638169813092,-2.1587092269951955,0.0,0.0,0.0,0.0,0.0,0.0,0.0,0.0,28.086747713229038,-15.189819688323944,False,True,False,True,False,0.0,0,0.8422843615919515,0.9038319277999703,False,False,False,False,-0.1418590283808305,-0.09970105933258691,False,False,False,False,-283944.0,-51801.16371845478,False,False,False,False,18256.761369022737,False,False,False,False
2025-01-08 17:00:00+00:00,8.39,8.415,8.265,8.33,36867.0,,,,,,,,,,,,,,,,,,,,,,10.325549630174876,"rgba(239, 83, 80, 1.0)",0.0,0.0,0.6986797394932631,10.006810636589176,-2.399970318024864,0.0,0.0,0.0,0.0,0.0,0.0,0.0,0.0,24.204618487011388,-18.66541729563655,False,True,False,True,False,0.0,0,0.8362410203782437,0.9098372672628646,False,False,False,False,-0.34282825441539394,-0.22126465687399044,False,False,False,False,-320811.0,-55971.85885460277,False,False,False,False,18545.292200510754,False,False,False,False
2025-01-09 17:00:00+00:00,8.33,8.33,8.33,8.33,0.0,,,,,,,,,,,,,,,,,,,,,,10.325549630174876,"rgba(239, 83, 80, 1.0)",0.0,0.0,0.7316704139122957,10.006810636589176,-2.2917567865333592,0.0,0.0,0.0,0.0,0.0,0.0,0.0,0.0,21.616532336199622,-21.019713163962,False,True,False,True,False,0.0,0,0.8320448688797938,0.9154160982264664,False,False,False,False,-0.34282825441539394,-0.2820464556446922,False,False,False,False,-320811.0,-60077.892050655435,False,False,False,False,18257.768290425316,False,False,False,False
2025-01-10 17:00:00+00:00,8.19,8.27,8.13,8.23,35449.0,,,,,,,,,,,,,,,,,,,,,,10.25740704395178,"rgba(239, 83, 80, 1.0)",0.0,0.0,0.7656639055200471,9.960465102128625,-2.260084470030325,0.0,0.0,0.0,0.0,0.0,0.0,0.0,0.0,19.527567935060624,-23.044705524189386,False,True,False,True,False,0.0,0,0.8264763928950962,0.918779413997267,False,False,False,False,-0.34282825441539394,-0.3124373550300431,False,False,False,False,-356260.0,-64669.86271653674,False,False,False,False,18524.299014604767,False,False,False,False
2025-01-13 17:00:00+00:00,8.44,8.465,8.22,8.27,53893.0,,,,,,,,,,,,,,,,,,,,,,10.166884799845233,"rgba(239, 83, 80, 1.0)",0.0,0.0,0.796103217763456,9.902798303419864,-2.050988197242802,0.0,0.0,0.0,0.0,0.0,0.0,0.0,0.0,18.95291193744606,-23.818062877489062,False,True,False,True,False,0.0,0,0.8247500757346259,0.9168433807936985,False,False,False,False,-0.31489811827187564,-0.3136677366509594,False,False,False,False,-302367.0,-68355.08965116407,False,False,False,False,19072.65096786671,False,False,False,False
2025-01-14 17:00:00+00:00,8.005,8.205,8.0,8.175,28124.0,,,,,,,,,,,,,,,,,,,,,,10.118363878544134,"rgba(239, 83, 80, 1.0)",0.0,0.0,0.8276423858883221,9.773985506468913,-1.9319763387331774,0.0,0.0,0.0,0.0,0.0,0.0,0.0,0.0,18.14318718202315,-24.96314503241075,False,True,False,True,False,0.0,0,0.816221142162819,0.9333232077764275,False,False,False,False,-0.34282825441539394,-0.32824799553317663,False,False,False,False,-330491.0,-72419.2122922313,False,False,False,False,19212.981960612964,False,False,False,False
2025-01-15 17:00:00+00:00,8.425,8.47,8.39,8.4,22127.0,,,,,,,,,,,,,,,,,,,,,,10.087169408310235,"rgba(239, 83, 80, 1.0)",0.0,0.0,0.8508446412851166,9.763904023201572,-1.6030000743044346,0.0,0.0,0.0,0.0,0.0,0.0,0.0,0.0,22.076369419520823,-24.96314503241075,False,True,False,True,True,0.0,0,0.8261001517450683,0.9297420333839148,False,False,False,False,-0.2809105023027157,-0.3045792489179462,False,False,False,False,-308364.0,-76077.27101638274,False,False,False,False,19258.160534867027,False,False,False,False
2025-01-16 17:00:00+00:00,8.22,8.295,8.12,8.26,13697.0,,,,,,,,,,,,,,,,,,,,,,10.066235080012824,"rgba(239, 83, 80, 1.0)",0.0,0.0,0.8765749121304873,9.750666364720672,-1.7005578691473788,0.0,0.0,0.0,0.0,0.0,0.0,0.0,0.0,23.68897102082796,-24.96314503241075,False,True,False,True,True,0.0,0,0.8199303346963503,0.9357867635923065,False,False,False,False,-0.3227206445565133,-0.31364994673722973,False,False,False,False,-322061.0,-79890.97224093495,False,False,False,False,19171.940991690793,False,False,False,False
2025-01-17 17:00:00+00:00,8.345,8.42,8.295,8.32,23085.0,,,,,,,,,,,,,,,,,,,,,,10.034228977727798,"rgba(239, 83, 80, 1.0)",0.0,0.0,0.899386763049993,9.733284784511682,-1.5713871301807485,0.0,0.0,0.0,0.0,0.0,0.0,0.0,0.0,25.896839621689125,-30.57233996163734,False,True,False,True,True,0.0,0,0.8212881765951014,0.9316601149077713,False,False,False,False,-0.29442272776307116,-0.30403633725015045,False,False,False,False,-298976.0,-83287.6393379747,False,False,False,False,19232.608573214966,False,False,False,False
2025-01-20 17:00:00+00:00,8.32,8.32,8.32,8.32,0.0,,,,,,,,,,,,,,,,,,,,,,10.034228977727798,"rgba(239, 83, 80, 1.0)",0.0,0.0,0.9211066102180474,9.733284784511682,-1.5343335601262529,0.0,0.0,0.0,0.0,0.0,0.0,0.0,0.0,27.368752022263234,-28.889837157893595,False,True,False,True,True,0.0,0,0.8284493284493286,0.9333028083028082,False,False,False,False,-0.30145274569679803,-0.30274454147347424,False,False,False,False,-298976.0,-86631.644929634,False,False,False,False,18934.428595335663,False,False,False,False
2025-01-21 17:00:00+00:00,8.43,8.5,8.345,8.435,9060.0,,,,,,,,,,,,,,,,,,,,,,10.022582332226868,"rgba(239, 83, 80, 1.0)",0.0,0.0,0.9389990693564327,9.727443190078096,-1.376405187455516,0.0,0.0,0.0,0.0,0.0,0.0,0.0,0.0,30.704593339671156,-25.502458546991626,False,True,False,True,True,0.0,0,0.8274018634489079,0.9300442950969907,False,False,False,False,-0.28230361488478334,-0.2925240781791288,False,False,False,False,-289916.0,-89783.34035708153,False,False,False,False,18781.336679128908,False,False,False,False
2025-01-22 17:00:00+00:00,8.615,8.72,8.5,8.51,19852.0,,,,,,,,,,,,,,,,,,,,,,9.999987356851134,"rgba(239, 83, 80, 1.0)",0.0,0.0,0.9546325315377979,9.718091358737485,-1.2655040749464048,0.0,0.0,0.0,0.0,0.0,0.0,0.0,0.0,34.3734540435382,-21.91921797020858,False,False,False,True,True,0.0,0,0.8300425273390036,0.9196537059538273,False,False,False,False,-0.2477794615976101,-0.2701517698883694,False,False,False,False,-270064.0,-92578.38934379345,False,False,False,False,18797.936110460243,False,False,False,False
2025-01-23 17:00:00+00:00,8.66,8.8,8.6,8.64,9893.0,,,,,,,,,,,,,,,,,,,,,,9.989787513597303,"rgba(239, 83, 80, 1.0)",0.0,0.0,0.9670945061284227,9.714380084929813,-1.1109359820798554,0.0,0.0,0.0,0.0,0.0,0.0,0.0,0.0,39.130095168587985,-17.441330958447665,True,False,False,True,True,0.0,0,0.8355562291603519,0.911791451955138,False,False,False,False,-0.23141592184921164,-0.25078384586879054,False,False,False,False,-260171.0,-95176.72439272689,False,False,False,False,18659.875085491865,False,False,False,False
2025-01-24 17:00:00+00:00,8.845,8.9,8.78,8.855,14452.0,,,,,,,,,,,,,,,,,,,,,,9.977009197541825,"rgba(38, 166, 154, 1.0)",0.0,0.0,0.9755141310200554,9.660576672148913,-0.8257970300302612,0.0,0.0,0.0,0.0,0.0,0.0,0.0,0.0,45.40285545265617,-11.711392290209751,True,False,False,True,True,0.0,0,0.8349675667521497,0.9060190073917633,False,False,False,False,-0.2061981576210304,-0.22849100174491047,False,False,False,False,-245719.0,-97510.7131618319,False,False,False,False,18594.636712073385,False,False,False,False
2025-01-27 17:00:00+00:00,8.525,8.675,8.485,8.61,22190.0,,,,,,,,,,,,,,,,,,,,,,9.953638199991897,"rgba(38, 166, 154, 1.0)",0.0,0.0,0.9875891475326763,9.63993571879762,-1.0428787328928633,0.0,0.0,0.0,0.0,0.0,0.0,0.0,0.0,45.943761312749984,-11.287412940542055,True,False,False,True,True,0.0,0,0.8252939403075068,0.9152848959903527,False,False,False,False,-0.2532625901857783,-0.2408767959653444,False,False,False,False,-267909.0,-100152.54706629962,False,False,False,False,18650.37877855287,False,False,False,False
2025-01-28 17:00:00+00:00,8.335,8.45,8.23,8.45,19205.0,,,,,,,,,,,,,,,,,,,,,,9.930971354975515,"rgba(38, 166, 154, 1.0)",0.0,0.0,1.0022074734404116,9.619761839476872,-1.1671853089074213,0.0,0.0,0.0,0.0,0.0,0.0,0.0,0.0,44.39765276183334,-11.287412940542055,True,False,False,True,True,0.0,0,0.8076981823736061,0.9294333282419427,False,False,False,False,-0.29769984400344035,-0.2692883199843924,False,False,False,False,-287114.0,-103051.17424356629,False,False,False,False,18658.977557179955,False,False,False,False
2025-01-29 17:00:00+00:00,8.56,8.58,8.42,8.55,6447.0,,,,,,,,,,,,,,,,,,,,,,9.924179896248887,"rgba(38, 166, 154, 1.0)",0.0,0.0,1.0144441073054937,9.61576852667503,-1.0505936394128803,0.0,0.0,0.0,0.0,0.0,0.0,0.0,0.0,44.90840393422741,-11.287412940542055,True,False,False,True,True,0.0,0,0.8104814137720902,0.9200182815356489,False,False,False,False,-0.2679584401222868,-0.26862338005333963,False,False,False,False,-280667.0,-105804.90797622417,False,False,False,False,18469.64457179732,False,False,False,False
2025-01-30 17:00:00+00:00,8.63,8.68,8.535,8.645,9412.0,,,,,,,,,,,,,,,,,,,,,,9.91510069029416,"rgba(38, 166, 154, 1.0)",0.0,0.0,1.024367746114291,9.61184607435504,-0.9438466586072758,0.0,0.0,0.0,0.0,0.0,0.0,0.0,0.0,46.64870006169566,-9.971359824718661,True,False,False,True,True,0.0,0,0.8190754108431885,0.9155275687298418,False,False,False,False,-0.24823582743756506,-0.2584296037454523,False,False,False,False,-271255.0,-108370.02568201914,False,False,False,False,18329.215973784958,False,False,False,False
2025-01-31 17:00:00+00:00,8.47,8.625,8.155,8.155,30299.0,,,,,,,,,,,,,,,,,,,,,,9.87995416278721,"rgba(239, 83, 80, 1.0)",0.0,0.0,1.043243888460797,9.585107963127069,-1.370828028752751,0.0,0.0,0.0,0.0,0.0,0.0,0.0,0.0,42.6178271943017,-9.971359824718661,True,False,False,True,False,0.0,0,0.8176533578093927,0.9150986691142724,False,False,False,False,-0.28835286742971017,-0.27339123558758127,False,False,False,False,-301554.0,-111365.12605904209,False,False,False,False,18514.79402070302,False,False,False,False
2025-02-03 17:00:00+00:00,8.115,8.205,8.07,8.16,16358.0,,,,,,,,,,,,,,,,,,,,,,9.85966276549879,"rgba(239, 83, 80, 1.0)",0.0,0.0,1.0613007996733916,9.568504739453292,-1.327149418795077,0.0,0.0,0.0,0.0,0.0,0.0,0.0,0.0,40.00809884123392,-3.4383266624851387,True,False,False,True,False,0.0,0,0.8142857142857143,0.9337941628264206,False,False,False,False,-0.33609674575164017,-0.3047439906696107,False,False,False,False,-285196.0,-114060.17836820423,False,False,False,False,18481.355353715375,False,False,False,False
2025-02-04 17:00:00+00:00,8.47,8.535,8.39,8.41,16878.0,,,,,,,,,,,,,,,,,,,,,,9.842794974846678,"rgba(239, 83, 80, 1.0)",0.0,0.0,1.0736599357606906,9.558990428878488,-1.070162339683864,0.0,0.0,0.0,0.0,0.0,0.0,0.0,0.0,41.88946171306854,-3.4383266624851387,True,False,False,True,False,0.0,0,0.8178762414056532,0.9310924369747898,False,False,False,False,-0.2748858656400838,-0.2898149281548473,False,False,False,False,-268318.0,-116451.77250203052,False,False,False,False,18456.49713117715,False,False,False,False
2025-02-05 17:00:00+00:00,8.395,8.45,8.35,8.35,10928.0,,,,,,,,,,,,,,,,,,,,,,9.831614049920299,"rgba(239, 83, 80, 1.0)",0.0,0.0,1.0865183339870905,9.552112453017596,-1.106389478589212,0.0,0.0,0.0,0.0,0.0,0.0,0.0,0.0,42.48869838464246,-3.4383266624851387,True,False,False,True,False,0.0,0,0.8158418875440477,0.9353454879730349,False,False,False,False,-0.28648938954699243,-0.2881521588509198,False,False,False,False,-279246.0,-118975.71401362694,False,False,False,False,18339.77624542247,False,False,False,False
2025-02-06 17:00:00+00:00,8.52,8.62,8.445,8.605,14513.0,,,,,,,,,,,,,,,,,,,,,,9.818773088774146,"rgba(239, 83, 80, 1.0)",0.0,0.0,1.0951489141409658,9.546091387449167,-0.8593273255330375,0.0,0.0,0.0,0.0,0.0,0.0,0.0,0.0,46.09192466600959,-3.4383266624851387,True,False,False,True,True,0.0,0,0.8231781996325781,0.9249846907532148,False,False,False,False,-0.261974945976807,-0.2750635524138634,False,False,False,False,-264733.0,-121235.5168971366,False,False,False,False,18280.446381152353,False,False,False,False
2025-02-07 17:00:00+00:00,8.325,8.41,8.29,8.32,22418.0,,,,,,,,,,,,,,,,,,,,,,9.796119246018453,"rgba(239, 83, 80, 1.0)",0.0,0.0,1.1080358931643564,9.53147481743446,-1.0933534057048466,0.0,0.0,0.0,0.0,-1.0,8.445,8.365,0.0,45.35510286803642,-3.4383266624851387,True,False,False,True,True,0.0,0,0.8127003510914365,0.9316134941230346,False,False,False,False,-0.29582644972485084,-0.2854450010693571,False,False,False,False,-287151.0,-123807.8499684988,False,False,False,False,18344.59449927402,False,False,False,False
2025-02-10 17:00:00+00:00,8.295,8.365,8.17,8.21,19954.0,,,,,,,,,,,,,,,,,,,,,,9.775298202515232,"rgba(239, 83, 80, 1.0)",0.0,0.0,1.1183812989002102,9.51708848054014,-1.1687324187426054,0.0,0.0,0.0,0.0,0.0,0.0,0.0,0.0,43.821683383035335,-3.4383266624851387,True,False,False,True,True,0.0,0,0.8062289045719545,0.94108622276772,False,False,False,False,-0.3113437653318629,-0.29839438320061,False,False,False,False,-307105.0,-126649.66624805695,False,False,False,False,18369.546522541088,False,False,False,False
2025-02-11 17:00:00+00:00,8.21,8.32,8.055,8.105,15078.0,,,,,,,,,,,,,,,,,,,,,,9.75904399552414,"rgba(239, 83, 80, 1.0)",0.0,0.0,1.1293803491175878,9.50528854143506,-1.2398733009026937,0.0,0.0,0.0,0.0,0.0,0.0,0.0,0.0,41.833840639768084,-3.4383266624851387,True,False,False,True,False,0.0,0,0.7894818976279652,0.9506866416978776,False,False,False,False,-0.32653082230537295,-0.3124626027529915,False,False,False,False,-322183.0,-129681.19080235064,False,False,False,False,18318.514793509443,False,False,False,False
2025-02-12 17:00:00+00:00,8.125,8.205,8.0,8.06,20373.0,,,,,,,,,,,,,,,,,,,,,,9.736633033378254,"rgba(239, 83, 80, 1.0)",0.0,0.0,1.1398159998497586,9.48856292716011,-1.2533276663500177,0.0,0.0,0.0,0.0,0.0,0.0,0.0,0.0,40.090489978588735,-4.504384568990048,True,False,False,True,False,0.0,0,0.7953655863472678,0.9473931423203381,False,False,False,False,-0.34282825441539394,-0.3276454285841927,False,False,False,False,-342556.0,-132981.5754410739,False,False,False,False,18350.367277331003,False,False,False,False
2025-02-13 17:00:00+00:00,8.005,8.135,7.89,8.115,17990.0,,,,,,,,,,,,,,,,,,,,,,9.716849698469884,"rgba(239, 83, 80, 1.0)",0.0,0.0,1.1506967611130339,9.473707619809513,-1.1807694830871658,0.0,0.0,0.0,0.0,0.0,0.0,0.0,0.0,39.849048093356444,-5.0378579778078105,True,False,False,True,False,0.0,0,0.7930497117032882,0.945457378837463,False,False,False,False,-0.34282825441539394,-0.3352368414997933,False,False,False,False,-324566.0,-135951.87659702622,False,False,False,False,18344.78018775998,False,False,False,False
2025-02-14 17:00:00+00:00,8.11,8.125,7.98,7.995,11870.0,,,,,,,,,,,,,,,,,,,,,,9.703945924485712,"rgba(239, 83, 80, 1.0)",0.0,0.0,1.1603500170905985,9.464064131643976,-1.266052578968742,0.0,0.0,0.0,0.0,0.0,0.0,0.0,0.0,38.42024985309857,-6.715200326288034,True,False,False,True,False,0.0,0,0.7980964268996723,0.9439850210641285,False,False,False,False,-0.335313088952191,-0.33527496522599215,False,False,False,False,-336436.0,-139060.15758001804,False,False,False,False,18244.39599880246,False,False,False,False
2025-02-17 17:00:00+00:00,7.995,7.995,7.995,7.995,0.0,,,,,,,,,,,,,,,,,,,,,,9.703945924485712,"rgba(239, 83, 80, 1.0)",0.0,0.0,1.1707966103054332,9.464064131643976,-1.2547560513185394,0.0,0.0,0.0,0.0,0.0,0.0,0.0,0.0,37.46771769292665,-7.926129492529604,False,False,False,True,False,0.0,0,0.7961332914177931,0.953473750392958,False,False,False,False,-0.34282825441539394,-0.33905160982069305,False,False,False,False,-336436.0,-142120.2481601728,False,False,False,False,17961.53714610785,False,False,False,False
2025-02-18 17:00:00+00:00,8.1,8.115,8.03,8.065,11739.0,,,,,,,,,,,,,,,,,,,,,,9.691653491474092,"rgba(239, 83, 80, 1.0)",0.0,0.0,1.1776754397716847,9.4551237643331,-1.1803963277035,0.0,0.0,0.0,0.0,-1.0,7.995,7.96,0.0,38.26282715798723,-7.926129492529604,False,False,False,True,False,0.0,0,0.7939003301367711,0.9514227322747995,False,False,False,False,-0.32836471182953375,-0.3337081608251134,False,False,False,False,-324697.0,-144950.89547551898,False,False,False,False,17865.063701982148,False,False,False,False
2025-02-19 17:00:00+00:00,7.915,7.96,7.86,7.875,10868.0,,,,,,,,,,,,,,,,,,,,,,9.679249479713599,"rgba(239, 83, 80, 1.0)",0.0,0.0,1.1740462412428931,9.445414906019847,-1.3376090743728646,0.0,0.0,0.0,0.0,-1.0,8.03,7.915,0.0,36.54835292153566,-9.290467752793603,False,False,False,True,False,0.0,0,0.7887478451653345,0.9540824322206548,False,False,False,False,-0.34282825441539394,-0.33826820762025367,False,False,False,False,-335565.0,-147906.15291000705,False,False,False,False,17756.58209419948,False,False,False,False
2025-02-20 17:00:00+00:00,7.875,7.915,7.78,7.795,18932.0,,,,,,,,,,,,,,,,,,,,,,9.657233137464763,"rgba(239, 83, 80, 1.0)",0.0,0.0,1.152248006493592,9.427921977347653,-1.4171619027719569,0.0,0.0,0.0,0.0,-1.0,7.86,7.635,0.0,34.58728023467459,-11.333793456899564,False,False,False,True,False,0.0,0,0.7842859392221697,0.9612659423712799,False,False,False,False,-0.34282825441539394,-0.34054823101782383,False,False,False,False,-354497.0,-151109.11177961933,False,False,False,False,17774.805627622743,False,False,False,False
2025-02-21 17:00:00+00:00,7.635,7.635,7.515,7.57,19195.0,,,,,,,,,,,,,,,,,,,,,,9.632378515620221,"rgba(239, 83, 80, 1.0)",0.0,0.0,1.1431893902507888,9.406861012076853,-1.6067862663367514,0.0,0.0,0.0,0.0,-1.0,7.78,7.5,0.0,31.338438849739426,-14.473549686714968,False,True,False,True,False,0.0,0,0.77913917687716,0.9710964498900407,False,False,False,False,-0.34282825441539394,-0.3416882427166089,False,False,False,False,-373692.0,-154560.00927140817,False,False,False,False,17796.82414502394,False,False,False,False
2025-02-24 17:00:00+00:00,7.44,7.5,7.35,7.35,26737.0,,,,,,,,,,,,,,,,,,,,,,9.595897497566384,"rgba(239, 83, 80, 1.0)",0.0,0.0,1.1338228487079627,9.375265878029797,-1.7862277871165415,0.0,0.0,0.0,0.0,0.0,0.0,0.0,0.0,27.741542057475314,-17.808462759017843,False,True,False,True,False,0.0,0,0.7793515895498898,0.9723009128108278,False,False,False,False,-0.34282825441539394,-0.3422582485660014,False,False,False,False,-400429.0,-158371.93160828555,False,False,False,False,17935.431522620467,False,False,False,False
2025-02-25 17:00:00+00:00,7.13,7.175,6.91,7.05,138506.0,,,,,,,,,,,,,,,,,,,,,,9.396804390986986,"rgba(239, 83, 80, 1.0)",0.0,0.0,1.142617707383013,9.201526599052938,-1.8829802699108114,0.0,0.0,0.0,0.0,0.0,0.0,0.0,0.0,23.90826002874082,-21.268746811443975,False,True,False,True,False,0.0,0,0.7668663303909207,0.9820302648171502,False,False,False,False,-0.34282825441539394,-0.34254325149069764,False,False,False,False,-538935.0,-164272.13421900978,False,False,False,False,19804.742661804645,False,False,False,False
2025-02-26 17:00:00+00:00,7.02,7.255,6.945,7.215,52360.0,,,,,,,,,,,,,,,,,,,,,,9.33207815174039,"rgba(239, 83, 80, 1.0)",0.0,0.0,1.148404525833533,9.148412906989588,-1.6835643394789668,0.0,0.0,0.0,0.0,0.0,0.0,0.0,0.0,24.557431255021505,-21.268746811443975,False,True,False,True,False,0.0,0,0.768421052631579,0.984446190102121,False,False,False,False,-0.3341659113715315,-0.3383545814311146,False,False,False,False,-486575.0,-169269.077874529,False,False,False,False,20309.47533371465,False,False,False,False
2025-02-27 17:00:00+00:00,7.17,7.25,7.02,7.025,37321.0,,,,,,,,,,,,,,,,,,,,,,9.287361343474037,"rgba(239, 83, 80, 1.0)",0.0,0.0,1.1599430826359292,9.11189213741391,-1.7991332235643172,0.0,0.0,0.0,0.0,0.0,0.0,0.0,0.0,23.874549752910752,-21.268746811443975,False,True,False,True,False,0.0,0,0.7668070503821557,0.9842458274840119,False,False,False,False,-0.3289168357294643,-0.33363570858028946,False,False,False,False,-523896.0,-174767.16969042778,False,False,False,False,20573.21990218419,False,False,False,False
2025-02-28 17:00:00+00:00,7.125,7.35,7.05,7.34,46483.0,,,,,,,,,,,,,,,,,,,,,,9.237718050112758,"rgba(239, 83, 80, 1.0)",0.0,0.0,1.162090602133738,9.072769224315563,-1.4910792851555552,0.0,0.0,0.0,0.0,0.0,0.0,0.0,0.0,28.442860853901742,-21.268746811443975,False,True,False,True,True,0.0,0,0.7699560025141422,0.9802011313639221,False,False,False,False,-0.31921454152528633,-0.32642512505278787,False,False,False,False,-477413.0,-179459.35310608006,False,False,False,False,20974.921919204593,False,False,False,False
2025-03-03 17:00:00+00:00,7.02,7.09,6.75,6.805,44264.0,,,,,,,,,,,,,,,,,,,,,,9.184374982097621,"rgba(239, 83, 80, 1.0)",0.0,0.0,1.1677830810233167,9.028373569645003,-1.9039268557450613,0.0,0.0,0.0,0.0,0.0,0.0,0.0,0.0,28.094662626805167,-21.268746811443975,False,True,False,True,True,0.0,0,0.7555313181676534,0.9851978809598005,False,False,False,False,-0.34282825441539394,-0.33462668973409093,False,False,False,False,-521677.0,-184765.05305792377,False,False,False,False,21335.99289720142,False,False,False,False
2025-03-04 17:00:00+00:00,6.52,6.62,6.46,6.535,86843.0,,,,,,,,,,,,,,,,,,,,,,9.071837047945584,"rgba(239, 83, 80, 1.0)",0.0,0.0,1.171671044293586,8.932011700891996,-2.045806041351122,0.0,0.0,0.0,0.0,0.0,0.0,0.0,0.0,26.645012606783407,-21.268746811443975,False,True,False,True,True,0.0,0,0.7493804213135068,0.9913258983890954,False,False,False,False,-0.34282825441539394,-0.3387274720747424,False,False,False,False,-608520.0,-191334.8971965606,False,False,False,False,22351.605410423104,False,False,False,False
2025-03-05 17:00:00+00:00,6.72,6.93,6.695,6.82,38286.0,,,,,,,,,,,,,,,,,,,,,,9.030299590691877,"rgba(239, 83, 80, 1.0)",0.0,0.0,1.167704173168882,8.897891162926467,-1.7794671036308323,0.0,0.0,0.0,0.0,0.0,0.0,0.0,0.0,29.15254482020559,-25.850924218271615,False,True,False,True,True,0.0,0,0.750231267345051,0.9865864939870491,False,False,False,False,-0.30592484868256276,-0.3223261603786526,False,False,False,False,-570234.0,-197209.30189118756,False,False,False,False,22598.650287780885,False,False,False,False
2025-03-06 17:00:00+00:00,6.765,6.785,6.57,6.745,58817.0,,,,,,,,,,,,,,,,,,,,,,8.966222164095203,"rgba(239, 83, 80, 1.0)",0.0,0.0,1.1590720581724079,8.844693807408277,-1.8115300016109563,0.0,0.0,0.0,0.0,0.0,0.0,0.0,0.0,30.381320013874664,-24.546922652991228,False,True,False,True,True,0.0,0,0.7438118811881187,0.9973700495049505,False,False,False,False,-0.3241006060610137,-0.3232133832198332,False,False,False,False,-629051.0,-203904.52201690557,False,False,False,False,23160.175089520715,False,False,False,False
2025-03-07 17:00:00+00:00,6.495,6.66,6.37,6.375,89403.0,,,,,,,,,,,,,,,,,,,,,,8.866007186630863,"rgba(239, 83, 80, 1.0)",0.0,0.0,1.1605640210030779,8.759885463425551,-2.0549365827869535,0.0,0.0,0.0,0.0,0.0,0.0,0.0,0.0,29.25733247692329,-24.546922652991228,False,True,False,True,True,0.0,0,0.7416911423713094,0.9962899984541661,False,False,False,False,-0.34282825441539394,-0.3330208188176136,False,False,False,False,-718454.0,-211882.03330346517,False,False,False,False,24187.195630768456,False,False,False,False
2025-03-10 17:00:00+00:00,5.835,5.835,5.485,5.505,108442.0,,,,,,,,,,,,,,,,,,,,,,8.714833456648057,"rgba(239, 83, 80, 1.0)",0.0,0.0,1.191631076139594,8.62534879385652,-2.6185527184849837,0.0,0.0,0.0,0.0,0.0,0.0,0.0,0.0,25.631189139921766,-24.546922652991228,False,True,False,True,False,0.0,0,0.7429871114480666,1.0025777103866564,False,False,False,False,-0.34282825441539394,-0.3379245366165038,False,False,False,False,-826896.0,-221417.13356232617,False,False,False,False,25493.47166750073,False,False,False,False
2025-03-11 17:00:00+00:00,5.44,5.85,5.4,5.795,113225.0,,,,,,,,,,,,,,,,,,,,,,8.57466148163204,"rgba(239, 83, 80, 1.0)",0.0,0.0,1.2156007560865465,8.300415444696597,-2.0610512391933886,0.0,0.0,0.0,0.0,0.0,0.0,0.0,0.0,26.12502278943452,-24.546922652991228,False,True,False,True,False,0.0,0,0.7460555972952668,1.0006010518407213,False,False,False,False,-0.34282825441539394,-0.3403763955159489,False,False,False,False,-713671.0,-229048.97645283272,False,False,False,False,26853.650401337927,False,False,False,False
2025-03-12 17:00:00+00:00,6.0,6.055,5.8,5.815,201481.0,,,,,,,,,,,,,,,,,,,,,,8.370664083895736,"rgba(239, 83, 80, 1.0)",0.0,0.0,1.2366577559718737,8.141159195154971,-1.8810048163461943,0.0,0.0,0.0,0.0,0.0,0.0,0.0,0.0,26.65428885815448,-24.546922652991228,False,True,False,True,False,0.0,0,0.7564720048163758,1.0033112582781458,False,False,False,False,-0.3077730571829604,-0.32407472634945467,False,False,False,False,-512190.0,-233438.75976364152,False,False,False,False,29561.05117030943,False,False,False,False
2025-03-13 17:00:00+00:00,6.02,6.24,6.01,6.24,107404.0,,,,,,,,,,,,,,,,,,,,,,8.284734205549524,"rgba(239, 83, 80, 1.0)",0.0,0.0,1.2424274300412494,8.077624266658761,-1.4790596394010316,0.0,0.0,0.0,0.0,0.0,0.0,0.0,0.0,30.970011271908348,-23.745058808513086,False,True,False,True,True,0.0,0,0.7583942695120133,0.990449186688554,False,False,False,False,-0.28528005048304494,-0.3046773884162498,False,False,False,False,-404786.0,-236095.30612389513,False,False,False,False,30767.918594025563,False,False,False,False
2025-03-14 17:00:00+00:00,6.605,6.64,6.52,6.555,49970.0,,,,,,,,,,,,,,,,,,,,,,8.254259142040047,"rgba(239, 83, 80, 1.0)",0.0,0.0,1.2357484255183802,8.058549707036743,-1.2167118128481726,0.0,0.0,0.0,0.0,0.0,0.0,0.0,0.0,36.27510245009663,-18.859841226672025,False,False,False,True,True,0.0,0,0.7714878482513339,0.9847362181387079,False,False,False,False,-0.23447349853990782,-0.2695754434780788,False,False,False,False,-354816.0,-237935.93703670296,False,False,False,False,31065.62528249028,False,False,False,False
2025-03-17 17:00:00+00:00,6.325,6.38,6.29,6.335,19911.0,,,,,,,,,,,,,,,,,,,,,,8.240750246568364,"rgba(239, 83, 80, 1.0)",0.0,0.0,1.2363635759322078,8.048731784284934,-1.3861066579810835,0.0,0.0,0.0,0.0,0.0,0.0,0.0,0.0,38.45914501671888,-16.957524271303484,True,False,False,True,True,0.0,0,0.7696319475488005,0.9937416182387125,False,False,False,False,-0.2616673848282815,-0.2656214141531802,False,False,False,False,-374727.0,-240056.7287105525,False,False,False,False,30892.685355629965,False,False,False,False
2025-03-18 17:00:00+00:00,6.355,6.4,6.28,6.35,9905.0,,,,,,,,,,,,,,,,,,,,,,8.23412972210039,"rgba(239, 83, 80, 1.0)",0.0,0.0,1.2323479677077809,8.043911490072219,-1.3745399306520267,0.0,0.0,0.0,0.0,0.0,0.0,0.0,0.0,40.04086221821818,-15.497616409635583,True,False,False,True,True,0.0,0,0.7684853905784139,0.9844961240310078,False,False,False,False,-0.26110873763837505,-0.2633650758957776,False,False,False,False,-364822.0,-241991.07400186177,False,False,False,False,30567.29488500004,False,False,False,False
2025-03-19 17:00:00+00:00,6.53,6.6,6.44,6.515,14895.0,,,,,,,,,,,,,,,,,,,,,,8.225173835313845,"rgba(239, 83, 80, 1.0)",0.0,0.0,1.2286622037040102,8.037876141825246,-1.2394587684347071,0.0,0.0,0.0,0.0,0.0,0.0,0.0,0.0,42.52388929058002,-13.119310876887873,True,False,False,True,True,0.0,0,0.7759391771019678,0.9748062015503877,False,False,False,False,-0.24110035552726414,-0.2522327157115209,False,False,False,False,-349927.0,-243664.49921113523,False,False,False,False,30324.313568953527,False,False,False,False
2025-03-20 17:00:00+00:00,6.42,6.455,6.295,6.305,18952.0,,,,,,,,,,,,,,,,,,,,,,8.212813280293936,"rgba(239, 83, 80, 1.0)",0.0,0.0,1.230099545521368,8.028808253714116,-1.401356711324931,0.0,0.0,0.0,0.0,0.0,0.0,0.0,0.0,42.635716915553935,-12.859959793065684,True,False,False,True,True,0.0,0,0.7682473613795154,0.9790396907982757,False,False,False,False,-0.25720264516789637,-0.25471768043970866,False,False,False,False,-368879.0,-245605.80930088507,False,False,False,False,30147.998629899983,False,False,False,False
2025-03-21 17:00:00+00:00,6.125,6.19,6.095,6.155,15138.0,,,,,,,,,,,,,,,,,,,,,,8.201982130654397,"rgba(239, 83, 80, 1.0)",0.0,0.0,1.2336465648016173,8.020246811072782,-1.511978279915798,0.0,0.0,0.0,0.0,0.0,0.0,0.0,0.0,41.672212439807765,-12.859959793065684,True,False,False,True,True,0.0,0,0.7620689655172412,0.9896551724137931,False,False,False,False,-0.283300793056713,-0.26900923674821087,False,False,False,False,-384017.0,-247751.71923420468,False,False,False,False,29915.285472847267,False,False,False,False
2025-03-24 17:00:00+00:00,6.285,6.355,6.21,6.22,25414.0,,,,,,,,,,,,,,,,,,,,,,8.185054939113675,"rgba(239, 83, 80, 1.0)",0.0,0.0,1.2295237303946547,8.007309642733698,-1.4536601438021899,0.0,0.0,0.0,0.0,0.0,0.0,0.0,0.0,41.716982534529166,-12.859959793065684,True,False,False,True,True,0.0,0,0.7674453429170411,0.9817310572027553,False,False,False,False,-0.26754290493249355,-0.2682760708403522,False,False,False,False,-358603.0,-249470.34374220148,False,False,False,False,29845.498101175217,False,False,False,False
2025-03-25 17:00:00+00:00,6.165,6.22,6.135,6.135,7838.0,,,,,,,,,,,,,,,,,,,,,,8.179629945671046,"rgba(239, 83, 80, 1.0)",0.0,0.0,1.2284948382339878,8.003021839157608,-1.520577686629084,0.0,0.0,0.0,0.0,0.0,0.0,0.0,0.0,41.07908606505045,-12.859959793065684,True,False,False,True,True,0.0,0,0.7632291040288636,0.9915814792543596,False,False,False,False,-0.2793487384796732,-0.27381240466001266,False,False,False,False,-366441.0,-251283.842288834,False,False,False,False,29504.296580226764,False,False,False,False
2025-03-26 17:00:00+00:00,5.99,6.0,5.91,5.93,22388.0,,,,,,,,,,,,,,,,,,,,,,8.162645417142306,"rgba(239, 83, 80, 1.0)",0.0,0.0,1.2311160504719747,7.988828314080656,-1.6723267585467356,0.0,0.0,0.0,0.0,0.0,0.0,0.0,0.0,39.1273460196037,-12.859959793065684,True,False,False,True,False,0.0,0,0.7620120120120121,0.9951951951951951,False,False,False,False,-0.3046234433361597,-0.2892179239980862,False,False,False,False,-388829.0,-253416.3253541234,False,False,False,False,29393.966400688365,False,False,False,False
2025-03-27 17:00:00+00:00,5.755,5.835,5.75,5.78,20214.0,,,,,,,,,,,,,,,,,,,,,,8.14645066564897,"rgba(239, 83, 80, 1.0)",0.0,0.0,1.237826760936309,7.974865747021871,-1.7731606847485224,0.0,0.0,0.0,0.0,0.0,0.0,0.0,0.0,36.810405318023456,-8.908366710596034,False,False,False,True,False,0.0,0,0.764033107599699,0.9950338600451467,False,False,False,False,-0.323322350396982,-0.3062701371975341,False,False,False,False,-409043.0,-255829.14201529976,False,False,False,False,29251.641340212576,False,False,False,False
2025-03-28 17:00:00+00:00,5.845,5.85,5.67,5.695,27785.0,,,,,,,,,,,,,,,,,,,,,,8.12408305946115,"rgba(239, 83, 80, 1.0)",0.0,0.0,1.2413658817013768,7.95544550159786,-1.8209341298310573,0.0,0.0,0.0,0.0,0.0,0.0,0.0,0.0,34.705160167300804,-11.025806301165346,False,False,False,True,False,0.0,0,0.7681728880157171,0.9941060903732809,False,False,False,False,-0.3270881171628525,-0.3166791271801933,False,False,False,False,-436828.0,-258635.32586002376,False,False,False,False,29228.902714782926,False,False,False,False
2025-03-31 17:00:00+00:00,5.43,5.46,5.38,5.415,20670.0,,,,,,,,,,,,,,,,,,,,,,8.105514895994244,"rgba(239, 83, 80, 1.0)",0.0,0.0,1.2591610248441107,7.938581033160118,-2.0041765773941007,0.0,0.0,0.0,0.0,0.0,0.0,0.0,0.0,31.65218557865248,-13.952049213712044,False,True,False,True,False,0.0,0,0.7628416942024633,0.9998498047461699,False,False,False,False,-0.34282825441539394,-0.3297536907977936,False,False,False,False,-457498.0,-261718.46809475205,False,False,False,False,29096.20654866226,False,False,False,False
2025-04-01 17:00:00+00:00,5.45,5.47,5.36,5.43,16581.0,,,,,,,,,,,,,,,,,,,,,,8.090812269214803,"rgba(239, 83, 80, 1.0)",0.0,0.0,1.2751338809765815,7.925267956716036,-1.9568674269755861,0.0,0.0,0.0,0.0,0.0,0.0,0.0,0.0,29.857232551602618,-15.66222927365731,False,True,False,True,False,0.0,0,0.7649624060150377,0.9966917293233083,False,False,False,False,-0.34282825441539394,-0.3362909726065938,False,False,False,False,-440917.0,-264496.73990723654,False,False,False,False,28902.172338605476,False,False,False,False
2025-04-02 17:00:00+00:00,5.415,5.66,5.405,5.625,33286.0,,,,,,,,,,,,,,,,,,,,,,8.063335939561624,"rgba(239, 83, 80, 1.0)",0.0,0.0,1.284586125377936,7.900940704501528,-1.7717307228675903,0.0,0.0,0.0,0.0,0.0,0.0,0.0,0.0,31.709943215272666,-15.66222927365731,False,True,False,True,False,0.0,0,0.7667215322459974,0.9919197964985784,False,False,False,False,-0.3295585326337872,-0.3329247526201905,False,False,False,False,-407631.0,-266715.8757226282,False,False,False,False,28970.138658937176,False,False,False,False
2025-04-03 17:00:00+00:00,5.305,5.33,5.06,5.105,36651.0,,,,,,,,,,,,,,,,,,,,,,8.02905312554561,"rgba(239, 83, 80, 1.0)",0.0,0.0,1.3072767650886041,7.869226977810829,-2.11449254789094,0.0,0.0,0.0,0.0,0.0,0.0,0.0,0.0,29.74295489102061,-15.662542847484758,False,True,False,True,False,0.0,0,0.7543600354714751,0.9955660656222288,False,False,False,False,-0.34282825441539394,-0.3378765035177922,False,False,False,False,-444282.0,-269468.8388897192,False,False,False,False,29089.22178050404,False,False,False,False
2025-04-04 17:00:00+00:00,4.7,4.72,4.57,4.68,45205.0,,,,,,,,,,,,,,,,,,,,,,7.980560518662618,"rgba(239, 83, 80, 1.0)",0.0,0.0,1.3383334634759174,7.8227309211660545,-2.3482420539674465,0.0,0.0,0.0,0.0,0.0,0.0,0.0,0.0,26.714304309941863,-18.537766157920082,False,True,False,True,False,0.0,0,0.7558974358974361,0.9995604395604395,False,False,False,False,-0.34282825441539394,-0.3403523789665931,False,False,False,False,-489487.0,-272879.9731704988,False,False,False,False,29339.078807162892,False,False,False,False
2025-04-07 17:00:00+00:00,4.725,4.805,4.625,4.75,46053.0,,,,,,,,,,,,,,,,,,,,,,7.93358223203821,"rgba(239, 83, 80, 1.0)",0.0,0.0,1.3632971261078928,7.7782687217769855,-2.2212829938418905,0.0,0.0,0.0,0.0,0.0,0.0,0.0,0.0,25.638565225901093,-19.597655061630505,False,True,False,True,False,0.0,0,0.7560082063305981,1.0005861664712778,False,False,False,False,-0.33574254630153477,-0.33804746263406393,False,False,False,False,-443434.0,-275524.22164847556,False,False,False,False,29598.209368292148,False,False,False,False
2025-04-08 17:00:00+00:00,4.36,4.405,4.255,4.32,52332.0,,,,,,,,,,,,,,,,,,,,,,7.875362266204865,"rgba(239, 83, 80, 1.0)",0.0,0.0,1.3901715073399417,7.722152594316152,-2.4472898317604606,0.0,0.0,0.0,0.0,0.0,0.0,0.0,0.0,23.373195661126974,-21.816894743014522,False,True,False,True,False,0.0,0,0.7501450116009282,1.0018851508120652,False,False,False,False,-0.34282825441539394,-0.34043785852472896,False,False,False,False,-495766.0,-278938.82286322786,False,False,False,False,29950.671238551182,True,False,False,False
2025-04-09 17:00:00+00:00,4.265,4.955,4.25,4.9,32483.0,,,,,,,,,,,,,,,,,,,,,,7.843880398336289,"rgba(239, 83, 80, 1.0)",-1.0,4.07,1.3968798661160329,7.461542012554725,-1.8337597059631097,0.0,0.0,0.0,0.0,0.0,0.0,0.0,0.0,28.107084844678784,-21.816894743014522,False,True,False,True,True,0.0,0,0.7521014389514177,0.9883174241344922,True,False,False,False,-0.31654784868696245,-0.3284928536058457,False,False,False,False,-463283.0,-281796.8721211623,False,False,False,False,29989.932149581397,False,False,False,False
2025-04-10 17:00:00+00:00,4.485,4.62,4.415,4.595,22479.0,,,,,,,,,,,,,,,,,,,,,,7.821377890078513,"rgba(239, 83, 80, 1.0)",0.0,0.0,1.4039096567529945,7.437460849790935,-2.0246750466586763,0.0,0.0,0.0,0.0,0.0,0.0,0.0,0.0,29.75821721715372,-25.52123428794274,False,True,False,True,True,0.0,0,0.753813559322034,0.9901129943502822,False,False,False,False,-0.3246985545567862,-0.32659570408131594,False,False,False,False,-485762.0,-284959.1221657954,False,False,False,False,29873.48358912277,False,False,False,False
2025-04-11 17:00:00+00:00,4.67,4.755,4.63,4.64,11928.0,,,,,,,,,,,,,,,,,,,,,,7.810036188885729,"rgba(239, 83, 80, 1.0)",0.0,0.0,1.409764397925286,7.427911510468791,-1.9775726458773455,0.0,0.0,0.0,0.0,0.0,0.0,0.0,0.0,31.29523869189719,-24.02851370005213,False,False,False,True,True,0.0,0,0.7625512657332768,0.9858577287512372,False,False,False,False,-0.3079618114794676,-0.3172787577803918,False,False,False,False,-473834.0,-287887.4148453955,False,False,False,False,29595.259037353426,False,False,False,False
2025-04-14 17:00:00+00:00,4.6,4.615,4.555,4.59,16078.0,,,,,,,,,,,,,,,,,,,,,,7.794450114106665,"rgba(239, 83, 80, 1.0)",0.0,0.0,1.4171298013498483,7.413442934960297,-1.9923672004292783,0.0,0.0,0.0,0.0,0.0,0.0,0.0,0.0,32.04660478113324,-23.167686691647546,False,False,False,True,True,0.0,0,0.7602322617193034,0.9915026200254922,False,False,False,False,-0.31822257852392405,-0.3177506681521579,False,False,False,False,-489912.0,-291019.57895631954,False,False,False,False,29385.68912979756,False,False,False,False
2025-04-15 17:00:00+00:00,4.585,4.595,4.54,4.56,17416.0,,,,,,,,,,,,,,,,,,,,,,7.7776232630001845,"rgba(239, 83, 80, 1.0)",0.0,0.0,1.4189041482714644,7.397840219082505,-2.0000224980239967,0.0,0.0,0.0,0.0,0.0,0.0,0.0,0.0,32.370283298950206,-22.59774937843318,False,False,False,True,True,0.0,0,0.7583120204603581,0.9965899403239558,False,False,False,False,-0.3198990372858681,-0.318824852719013,False,False,False,False,-507328.0,-294373.19788722927,False,False,False,False,29200.112554141782,False,False,False,False
2025-04-16 17:00:00+00:00,4.605,4.735,4.58,4.715,28228.0,,,,,,,,,,,,,,,,,,,,,,7.751654612471384,"rgba(239, 83, 80, 1.0)",0.0,0.0,1.4135483178324095,7.375911376773809,-1.882433973572375,0.0,0.0,0.0,0.0,0.0,0.0,0.0,0.0,34.46933939104391,-20.352271959399175,True,False,False,True,True,0.0,0,0.7582931669974484,0.9927700595406863,False,False,False,False,-0.31129553357190415,-0.3150601931454586,False,False,False,False,-479100.0,-297237.17931533424,False,False,False,False,29185.041041674467,False,False,False,False
2025-04-17 17:00:00+00:00,4.875,4.89,4.76,4.79,21914.0,,,,,,,,,,,,,,,,,,,,,,7.732675311399916,"rgba(239, 83, 80, 1.0)",0.0,0.0,1.4055616747840025,7.361194967883712,-1.8293007087567583,0.0,0.0,0.0,0.0,0.0,0.0,0.0,0.0,36.76619864236476,-17.998524529950892,True,False,False,True,True,0.0,0,0.7660935057552934,0.9860736109137413,False,False,False,False,-0.2954005124620493,-0.30523035280375393,False,False,False,False,-457186.0,-299717.0059926159,False,False,False,False,29072.311723198894,False,False,False,False
2025-04-18 17:00:00+00:00,4.79,4.79,4.79,4.79,0.0,,,,,,,,,,,,,,,,,,,,,,7.732675311399916,"rgba(239, 83, 80, 1.0)",0.0,0.0,1.4115312495543475,7.361194967883712,-1.8215643250516038,0.0,0.0,0.0,0.0,0.0,0.0,0.0,0.0,38.29743814324534,-16.393411618264196,True,False,False,True,True,0.0,0,0.7693626750500144,0.9855673049442697,False,False,False,False,-0.29870964803463984,-0.30197000041919686,False,False,False,False,-457186.0,-302158.38574466837,False,False,False,False,28621.57820811054,False,False,False,False
2025-04-21 17:00:00+00:00,4.755,4.88,4.705,4.855,31985.0,,,,,,,,,,,,,,,,,,,,,,7.705409690767237,"rgba(239, 83, 80, 1.0)",0.0,0.0,1.4163846184519857,7.3394346492726,-1.7540677983272097,0.0,0.0,0.0,0.0,0.0,0.0,0.0,0.0,40.21624155227167,-14.431575576764196,True,False,False,True,True,0.0,0,0.7702413251463659,0.9817221190918177,False,False,False,False,-0.2984730711573386,-0.3002215357882677,False,False,False,False,-425201.0,-304066.02317498357,False,False,False,False,28673.7242824034,False,False,False,False
2025-04-22 17:00:00+00:00,5.025,5.1,4.83,4.885,25320.0,,,,,,,,,,,,,,,,,,,,,,7.685101568091831,"rgba(239, 83, 80, 1.0)",0.0,0.0,1.4218904748687615,7.324127893778667,-1.715411937057807,0.0,0.0,0.0,0.0,0.0,0.0,0.0,0.0,41.92991752055049,-12.675813635368677,True,False,False,True,True,0.0,0,0.7720473001852115,0.9801966092035899,False,False,False,False,-0.2822258351627638,-0.29122368547551575,False,False,False,False,-399881.0,-305551.52669165045,False,False,False,False,28621.728557094822,False,False,False,False
2025-04-23 17:00:00+00:00,4.98,5.04,4.895,4.93,22083.0,,,,,,,,,,,,,,,,,,,,,,7.66773752795297,"rgba(239, 83, 80, 1.0)",0.0,0.0,1.4293674969864927,7.310872247113083,-1.6656823749893774,0.0,0.0,0.0,0.0,0.0,0.0,0.0,0.0,43.761372967607514,-10.816339463985898,True,False,False,True,True,0.0,0,0.7703471826977805,0.9842060330108139,False,False,False,False,-0.2819914508578396,-0.28660756816667765,False,False,False,False,-377798.0,-306671.6270530202,False,False,False,False,28520.352920550715,False,False,False,False
2025-04-24 17:00:00+00:00,5.315,5.34,5.24,5.24,24986.0,,,,,,,,,,,,,,,,,,,,,,7.6506297354970245,"rgba(38, 166, 154, 1.0)",0.0,0.0,1.4303526245757097,7.300205971534352,-1.4403483002280486,0.0,0.0,0.0,0.0,0.0,0.0,0.0,0.0,48.95538068976883,-5.940692033208499,True,False,False,False,True,0.0,0,0.7668206757146984,0.9910482240831646,False,False,False,False,-0.2519979019303752,-0.2693027350485264,False,False,False,False,-352812.0,-307386.98167235317,False,False,False,False,28465.556751239852,False,False,False,False
2025-04-25 17:00:00+00:00,5.1,5.14,5.04,5.135,41554.0,,,,,,,,,,,,,,,,,,,,,,7.620736171072981,"rgba(38, 166, 154, 1.0)",0.0,0.0,1.4331277864350558,7.278111698606313,-1.495408657128449,0.0,0.0,0.0,0.0,0.0,0.0,0.0,0.0,50.84513414111295,-4.247821604565402,True,False,True,False,True,0.0,0,0.7615884476534297,0.9907581227436821,False,False,False,False,-0.27054298040152375,-0.2699228577250251,False,False,False,False,-394366.0,-308735.4935844097,False,False,False,False,28668.478351995822,False,False,False,False
2025-04-28 17:00:00+00:00,5.1,5.13,5.06,5.1,23159.0,,,,,,,,,,,,,,,,,,,,,,7.604324315762375,"rgba(38, 166, 154, 1.0)",0.0,0.0,1.434643462629254,7.265658194958874,-1.5095445324024261,0.0,0.0,0.0,0.0,0.0,0.0,0.0,0.0,51.57774847789581,-3.5107556061623484,True,False,True,False,True,0.0,0,0.7569755674425329,0.9930605753939569,False,False,False,False,-0.27007718222001187,-0.2700000199725185,False,False,False,False,-417525.0,-310422.15259860485,False,False,False,False,28583.06008297263,False,False,False,False
2025-04-29 17:00:00+00:00,5.105,5.125,5.045,5.08,35727.0,,,,,,,,,,,,,,,,,,,,,,7.579288034827364,"rgba(38, 166, 154, 1.0)",0.0,0.0,1.4365798661096785,7.246281522643539,-1.5079436749381185,0.0,0.0,0.0,0.0,0.0,0.0,0.0,0.0,51.74305795439089,-3.155587850517527,True,False,True,False,True,0.0,0,0.7624398073836277,0.9915365533343061,False,False,False,False,-0.2710088932267441,-0.2705044565996313,False,False,False,False,-453252.0,-312636.56883738615,False,False,False,False,28693.818841376156,False,False,False,False
2025-04-30 17:00:00+00:00,5.135,5.18,5.075,5.095,29970.0,,,,,,,,,,,,,,,,,,,,,,7.55894183475779,"rgba(38, 166, 154, 1.0)",0.0,0.0,1.4335859624423304,7.230605408993977,-1.4896946991275297,0.0,0.0,0.0,0.0,0.0,0.0,0.0,0.0,52.09584258384354,-2.5206265531579675,True,False,True,False,True,0.0,0,0.7576335877862596,0.9975044039929534,False,False,False,False,-0.26705227163454504,-0.26877836411708816,False,False,False,False,-423282.0,-314352.001878667,False,False,False,False,28713.604595773424,False,False,False,False
2025-05-01 17:00:00+00:00,5.295,5.37,5.25,5.34,31232.0,,,,,,,,,,,,,,,,,,,,,,7.53982929950035,"rgba(38, 166, 154, 1.0)",0.0,0.0,1.4283411123864371,7.217175458862318,-1.3142347038698479,0.0,0.0,0.0,0.0,0.0,0.0,0.0,0.0,55.76312349110657,1.1451780963192348,True,False,True,False,True,0.0,0,0.7626447734936227,0.9895909690661192,False,False,False,False,-0.2501528922466615,-0.2594656281818748,False,False,False,False,-392050.0,-315556.6220045791,False,False,False,False,28752.64948576143,False,False,False,False
2025-05-02 17:00:00+00:00,5.78,5.8,5.69,5.78,25206.0,,,,,,,,,,,,,,,,,,,,,,7.5276284850549455,"rgba(38, 166, 154, 1.0)",0.0,0.0,1.4168416945401412,7.211016635200429,-1.0100046044063435,0.0,0.0,0.0,0.0,0.0,0.0,0.0,0.0,61.97098036263814,6.916022291506209,True,False,True,False,True,0.0,0,0.7658338175479372,0.9870714700755373,False,False,False,False,-0.210411640912282,-0.23493863454707842,False,False,False,False,-366844.0,-316351.7751517949,False,False,False,False,28697.662672028695,False,False,False,False
2025-05-05 17:00:00+00:00,5.6,5.69,5.58,5.645,41682.0,,,,,,,,,,,,,,,,,,,,,,7.506490870159265,"rgba(38, 166, 154, 1.0)",0.0,0.0,1.4054714607657526,7.198369900890894,-1.1052304826200892,0.0,0.0,0.0,0.0,0.0,0.0,0.0,0.0,63.74137288496438,8.431885771584568,True,False,True,False,True,0.0,0,0.7532563647128477,0.9982238010657191,False,False,False,False,-0.22039476643844333,-0.2276667004927609,False,False,False,False,-408526.0,-317780.83290137944,False,False,False,False,28898.97022750112,False,False,False,False
2025-05-06 17:00:00+00:00,5.525,5.565,5.46,5.46,36652.0,,,,,,,,,,,,,,,,,,,,,,7.48689467882296,"rgba(38, 166, 154, 1.0)",0.0,0.0,1.3926400587852286,7.184960373133954,-1.2386261347663674,0.0,0.0,0.0,0.0,0.0,0.0,0.0,0.0,62.04321120820751,8.431885771584568,True,False,True,False,True,0.0,0,0.7352719602229925,1.0111496157902666,False,False,False,False,-0.2295401758123207,-0.2286034381525408,False,False,False,False,-445178.0,-319755.9827788774,False,False,False,False,29019.172239477844,False,False,False,False
2025-05-07 17:00:00+00:00,5.365,5.38,5.235,5.27,14274.0,,,,,,,,,,,,,,,,,,,,,,7.478609980653118,"rgba(38, 166, 154, 1.0)",0.0,0.0,1.3790400336518174,7.178618431952477,-1.3840195972398932,0.0,0.0,0.0,0.0,0.0,0.0,0.0,0.0,58.38656067248838,14.04186978719153,True,False,True,False,False,0.0,0,0.7358118361153262,1.0118361153262516,False,False,False,False,-0.24869580514630812,-0.23864962164942446,False,False,False,False,-459452.0,-321921.8125032359,False,False,False,False,28790.564917935553,False,False,False,False
2025-05-08 17:00:00+00:00,5.785,5.87,5.77,5.81,93988.0,,,,,,,,,,,,,,,,,,,,,,7.438252534590224,"rgba(38, 166, 154, 1.0)",0.0,0.0,1.3565059547990923,7.155631266935308,-0.9919833098960524,0.0,0.0,0.0,0.0,0.0,0.0,0.0,0.0,60.71489537218095,14.04186978719153,True,False,True,False,False,0.0,0,0.7371592107245067,1.004669377918361,False,False,False,False,-0.19509163409013086,-0.21687062786977768,False,False,False,False,-365464.0,-322596.88517760433,False,False,False,False,29801.377864944305,False,False,False,False
2025-05-09 17:00:00+00:00,5.885,6.04,5.885,5.995,51895.0,,,,,,,,,,,,,,,,,,,,,,7.41887091948009,"rgba(38, 166, 154, 1.0)",0.0,0.0,1.3264314280554894,7.145528237651181,-0.8673861409766372,0.0,0.0,0.0,0.0,0.0,0.0,0.0,0.0,63.435616927166826,14.04186978719153,True,False,True,False,True,0.0,0,0.7434570906877662,0.9901095556908094,False,False,False,False,-0.18148475729931277,-0.1991776925845452,False,False,False,False,-313569.0,-322456.9179655484,False,False,False,False,30143.914642231986,False,False,False,False
2025-05-12 17:00:00+00:00,6.205,6.265,6.13,6.265,70662.0,,,,,,,,,,,,,,,,,,,,,,7.39765533953512,"rgba(38, 166, 154, 1.0)",0.0,0.0,1.3001039563424492,7.0263437938150455,-0.5856022436520505,0.0,0.0,0.0,0.0,0.0,0.0,0.0,0.0,66.7280054683834,10.606503581128209,True,False,True,False,True,0.0,0,0.7557997557997556,0.9797008547008543,False,False,False,False,-0.1591872899647467,-0.17918249127464597,False,False,False,False,-242907.0,-321223.58590406703,False,False,False,False,30772.102012119864,False,False,False,False
2025-05-13 17:00:00+00:00,6.215,6.24,6.045,6.05,47645.0,,,,,,,,,,,,,,,,,,,,,,7.382491831207737,"rgba(38, 166, 154, 1.0)",0.0,0.0,1.276561269847894,7.017058753570274,-0.7575498148126507,0.0,0.0,0.0,0.0,0.0,0.0,0.0,0.0,66.15608577528039,10.606503581128209,True,False,True,False,True,0.0,0,0.7567196090409284,0.9769395235186314,False,False,False,False,-0.16439100162850528,-0.17178674645157563,False,False,False,False,-290552.0,-320748.0574404381,False,False,False,False,31033.697329761417,False,False,False,False
2025-05-14 17:00:00+00:00,5.825,5.875,5.755,5.815,17936.0,,,,,,,,,,,,,,,,,,,,,,7.375564713021836,"rgba(38, 166, 154, 1.0)",0.0,0.0,1.250175483177754,7.009889188916842,-0.955777172881056,0.0,0.0,0.0,0.0,0.0,0.0,0.0,0.0,63.12646524145932,10.606503581128209,True,False,True,False,False,0.0,0,0.7539489671931956,0.9825334143377885,False,False,False,False,-0.1955703377683384,-0.18367854210995702,False,False,False,False,-308488.0,-320557.97903050884,False,False,False,False,30830.63225488139,False,False,False,False
2025-05-15 17:00:00+00:00,5.765,5.775,5.72,5.74,12700.0,,,,,,,,,,,,,,,,,,,,,,7.3704783584877465,"rgba(38, 166, 154, 1.0)",0.0,0.0,1.2199948936534664,7.004600553693652,-1.0365621694584364,0.0,0.0,0.0,0.0,0.0,0.0,0.0,0.0,60.30713870972985,16.418113150887322,True,False,True,False,False,0.0,0,0.7476635514018691,0.9901945763750573,False,False,False,False,-0.20204160152753567,-0.19286007181874634,False,False,False,False,-321188.0,-320567.74679747765,False,False,False,False,30549.5371811623,False,False,False,False
2025-05-16 17:00:00+00:00,5.65,5.84,5.645,5.755,20281.0,,,,,,,,,,,,,,,,,,,,,,7.362429545084232,"rgba(38, 166, 154, 1.0)",0.0,0.0,1.199961474606803,6.996835916484564,-1.0348964885655867,0.0,0.0,0.0,0.0,0.0,0.0,0.0,0.0,58.56915715400818,14.640534975555497,True,False,True,False,False,0.0,0,0.743133343562989,0.9932484271904248,False,False,False,False,-0.20252161279639483,-0.19769084230757059,False,False,False,False,-300907.0,-320262.9290176718,False,False,False,False,30390.335054322575,False,False,False,False
2025-05-19 17:00:00+00:00,5.775,5.8,5.74,5.74,17622.0,,,,,,,,,,,,,,,,,,,,,,7.355557681397267,"rgba(38, 166, 154, 1.0)",0.0,0.0,1.1786640207768568,6.9907235121215905,-1.0611365835170221,0.0,0.0,0.0,0.0,0.0,0.0,0.0,0.0,57.21895977547311,13.157160385461538,True,False,True,False,False,0.0,0,0.7395898073337478,1.0045059042883777,False,False,False,False,-0.19988268378166907,-0.19878676304461984,False,False,False,False,-318529.0,-320236.04639724275,False,False,False,False,30192.37637130982,False,False,False,False
2025-05-20 17:00:00+00:00,5.68,5.695,5.56,5.595,23631.0,,,,,,,,,,,,,,,,,,,,,,7.345614977514719,"rgba(38, 166, 154, 1.0)",0.0,0.0,1.1505094758645176,6.980976273308859,-1.204663066566581,0.0,0.0,0.0,0.0,0.0,0.0,0.0,0.0,54.46751439095687,10.358098099599701,True,False,True,False,False,0.0,0,0.73320837238363,1.0070290534208055,False,False,False,False,-0.20953112528649978,-0.2041589441655598,False,False,False,False,-342160.0,-320575.95265464985,False,False,False,False,30090.649605863156,False,False,False,False
2025-05-21 17:00:00+00:00,5.605,5.615,5.465,5.47,9869.0,,,,,,,,,,,,,,,,,,,,,,7.341257965173616,"rgba(38, 166, 154, 1.0)",0.0,0.0,1.1228649891165796,6.976526945723147,-1.3416812887793532,0.0,0.0,0.0,0.0,0.0,0.0,0.0,0.0,51.165662345673994,7.120333093638216,True,False,False,False,False,0.0,0,0.7349077259931187,1.0023459493274944,False,False,False,False,-0.21461687552239483,-0.20938790984397732,False,False,False,False,-352029.0,-321063.596799539,False,False,False,False,29777.135658485433,False,False,False,False
2025-05-22 17:00:00+00:00,5.355,5.455,5.35,5.375,13125.0,,,,,,,,,,,,,,,,,,,,,,7.335106027724306,"rgba(239, 83, 80, 1.0)",0.0,0.0,1.086187024527657,6.969879573567047,-1.4683286925293566,0.0,0.0,0.0,0.0,0.0,0.0,0.0,0.0,47.90401213532151,3.9876767795680976,False,False,False,True,False,0.0,0,0.7391851502280951,1.0040899795501022,False,False,False,False,-0.2236111851898039,-0.2164995475168906,False,False,False,False,-365154.0,-321747.16894218174,False,False,False,False,29518.96301261744,False,False,False,False
2025-05-23 17:00:00+00:00,5.375,5.425,5.365,5.395,16242.0,,,,,,,,,,,,,,,,,,,,,,7.327553168209013,"rgba(239, 83, 80, 1.0)",0.0,0.0,1.0553010756937347,6.9619990498287425,-1.484883400501253,0.0,0.0,0.0,0.0,0.0,0.0,0.0,0.0,46.05446361643231,2.1622926204186754,False,False,False,True,False,0.0,0,0.7446774706069272,1.0012710517953605,False,False,False,False,-0.22441998255810167,-0.22045976503749615,False,False,False,False,-348912.0,-322168.32911362074,False,False,False,False,29313.11862482492,False,False,False,False
2025-05-26 17:00:00+00:00,5.395,5.395,5.395,5.395,0.0,,,,,,,,,,,,,,,,,,,,,,7.327553168209013,"rgba(239, 83, 80, 1.0)",0.0,0.0,1.025318948398955,6.9619990498287425,-1.5283039997218684,0.0,0.0,0.0,0.0,0.0,0.0,0.0,0.0,44.821431270506174,0.8237155391591529,False,False,False,True,False,0.0,0,0.7450384122919335,1.0043213828425095,False,False,False,False,-0.22441998255810167,-0.2224398737977989,False,False,False,False,-348912.0,-322582.9596699987,False,False,False,False,28858.65166940128,False,False,False,False
2025-05-27 17:00:00+00:00,5.49,5.54,5.48,5.52,8694.0,,,,,,,,,,,,,,,,,,,,,,7.323780471265783,"rgba(239, 83, 80, 1.0)",0.0,0.0,0.9953796414587872,6.958466151932921,-1.4451432318072779,0.0,0.0,0.0,0.0,0.0,0.0,0.0,0.0,46.23282945661247,0.8237155391591529,False,False,False,True,False,0.0,0,0.7455790982953641,0.9956985821252189,False,False,False,False,-0.21204944714587948,-0.21724466047183918,False,False,False,False,-340218.0,-322856.3711479832,False,False,False,False,28546.021410960948,False,False,False,False
2025-05-28 17:00:00+00:00,5.435,5.465,5.33,5.33,14084.0,,,,,,,,,,,,,,,,,,,,,,7.31723756438523,"rgba(239, 83, 80, 1.0)",0.0,0.0,0.9658902535909425,6.951849806619726,-1.6791243110592398,0.0,0.0,0.0,0.0,0.0,0.0,0.0,0.0,44.46254517506375,0.1353662087273122,False,False,False,True,False,0.0,0,0.7404992844649388,0.9984099220861821,False,False,False,False,-0.22219451149970218,-0.21971958598577068,False,False,False,False,-354302.0,-323343.90027747175,False,False,False,False,28321.8040247445,False,False,False,False
2025-05-29 17:00:00+00:00,5.415,5.45,5.365,5.44,44842.0,,,,,,,,,,,,,,,,,,,,,,7.297153482310533,"rgba(239, 83, 80, 1.0)",0.0,0.0,0.931505717052179,6.932920507961011,-1.6026960228279348,0.0,0.0,0.0,0.0,0.0,0.0,0.0,0.0,45.2017164904429,0.1353662087273122,False,False,False,True,False,0.0,0,0.7456546005421785,0.9968107159942592,False,False,False,False,-0.22109892493396163,-0.22040925545986617,False,False,False,False,-309460.0,-323128.646009604,False,False,False,False,28577.931094128304,False,False,False,False
2025-05-30 17:00:00+00:00,5.235,5.295,5.235,5.27,11047.0,,,,,,,,,,,,,,,,,,,,,,7.2918765885409496,"rgba(239, 83, 80, 1.0)",0.0,0.0,0.8995943880789032,6.9276648170340565,-1.8426802556805895,0.0,0.0,0.0,0.0,0.0,0.0,0.0,0.0,43.43980963945124,-1.3497587843207128,False,False,False,True,False,0.0,0,0.7417197452229302,0.9987261146496813,False,False,False,False,-0.23404383821896338,-0.2272265468394148,False,False,False,False,-320507.0,-323088.0003350364,False,False,False,False,28306.13371282399,False,False,False,False
2025-06-02 17:00:00+00:00,4.925,4.995,4.92,4.93,38264.0,,,,,,,,,,,,,,,,,,,,,,7.270968936182774,"rgba(239, 83, 80, 1.0)",0.0,0.0,0.8685801139874247,6.722881913612934,-2.0641526149870977,0.0,0.0,0.0,0.0,0.0,0.0,0.0,0.0,38.993826205844314,-5.6908234698995415,False,True,False,True,False,0.0,0,0.7452695182063921,0.9966608363809826,False,False,False,False,-0.2691085373123016,-0.2481675420758582,False,False,False,False,-358771.0,-323641.2251360436,False,False,False,False,28460.519236656175,False,False,False,False
2025-06-03 17:00:00+00:00,5.105,5.135,5.03,5.1,98927.0,,,,,,,,,,,,,,,,,,,,,,7.221761050972883,"rgba(239, 83, 80, 1.0)",0.0,0.0,0.8297856990249349,6.684165715515867,-1.9091263170447381,0.0,0.0,0.0,0.0,0.0,0.0,0.0,0.0,38.86067268368326,-5.956127654076752,False,True,False,True,False,0.0,0,0.7505567928730513,0.9874323894368436,False,False,False,False,-0.2547811347351514,-0.2514743384055048,False,False,False,False,-259844.0,-322652.12087036856,False,False,False,False,29553.022814382435,False,False,False,False
2025-06-04 17:00:00+00:00,5.22,5.375,5.205,5.3,33353.0,,,,,,,,,,,,,,,,,,,,,,7.207213553705918,"rgba(239, 83, 80, 1.0)",0.0,0.0,0.7927201885263746,6.675735014732998,-1.7354610550419032,0.0,0.0,0.0,0.0,0.0,0.0,0.0,0.0,41.60741216246667,-5.956127654076752,False,True,False,True,True,0.0,0,0.7580415148154017,0.9759150689272696,False,False,False,False,-0.23121882077990677,-0.24134657959270578,False,False,False,False,-226491.0,-321161.25077935506,False,False,False,False,29611.937189353248,False,False,False,False
2025-06-05 17:00:00+00:00,5.4,5.515,5.285,5.29,34428.0,,,,,,,,,,,,,,,,,,,,,,7.1929664748386735,"rgba(239, 83, 80, 1.0)",0.0,0.0,0.7554170317724412,6.6679609175252885,-1.8241062347934722,0.0,0.0,0.0,0.0,0.0,0.0,0.0,0.0,43.31717610527902,-5.956127654076752,False,True,False,True,True,0.0,0,0.7555094219099331,0.9811561801341425,False,False,False,False,-0.21279696270266626,-0.227071771147686,False,False,False,False,-260919.0,-320227.26239517896,False,False,False,False,29686.60482982839,False,False,False,False
2025-06-06 17:00:00+00:00,5.58,5.92,5.55,5.86,44434.0,,,,,,,,,,,,,,,,,,,,,,7.178982119236294,"rgba(38, 166, 154, 1.0)",0.0,0.0,0.7224690211258059,6.668318645419895,-1.1188281044359674,0.0,0.0,0.0,0.0,0.0,0.0,0.0,0.0,50.34207596164906,-5.245040664585872,False,False,False,False,True,0.0,0,0.7645481785207381,0.9530042580034694,False,False,False,False,-0.17186188799648655,-0.19946682957208628,False,False,False,False,-216485.0,-318618.8552262615,False,False,False,False,29915.246615412445,False,False,False,False
2025-06-09 17:00:00+00:00,5.915,6.08,5.865,5.87,75061.0,,,,,,,,,,,,,,,,,,,,,,7.158628064686678,"rgba(38, 166, 154, 1.0)",0.0,0.0,0.69510202115935,6.670829868120967,-1.1521040706877452,0.0,0.0,0.0,0.0,0.0,0.0,0.0,0.0,55.102489248616614,-1.0365999106326385,True,False,True,False,True,0.0,0,0.7761874803397296,0.9451085246932996,False,False,False,False,-0.14039680031881502,-0.16993181494545065,False,False,False,False,-141424.0,-315871.64816849,False,False,False,False,30615.180776413803,False,False,False,False
2025-06-10 17:00:00+00:00,6.005,6.135,5.97,6.095,28031.0,,,,,,,,,,,,,,,,,,,,,,7.151978687974487,"rgba(38, 166, 154, 1.0)",0.0,0.0,0.6772611643115811,6.672397045769989,-0.8525471061918907,0.0,0.0,0.0,0.0,0.0,0.0,0.0,0.0,59.94208937291345,3.211341346475322,True,False,True,False,True,0.0,0,0.7815731745534316,0.9377937950485742,False,False,False,False,-0.12968773112543522,-0.14980977303544293,False,False,False,False,-113393.0,-312732.4443209165,False,False,False,False,30575.11595817483,False,False,False,False
2025-06-11 17:00:00+00:00,6.365,6.405,6.27,6.345,72628.0,,,,,,,,,,,,,,,,,,,,,,7.139366652822571,"rgba(38, 166, 154, 1.0)",0.0,0.0,0.6566678236602006,6.683286842918937,-0.5151567211461047,0.0,0.0,0.0,0.0,0.0,0.0,0.0,0.0,64.6883602651082,7.373553395507244,True,False,True,False,True,0.4787016746965733,0,0.7889721961886911,0.9331458919087785,False,False,False,False,-0.09217390421279964,-0.12099183862412129,False,False,False,False,-40765.0,-308515.89479656116,False,False,False,False,31227.0986564977,False,False,False,False
2025-06-12 17:00:00+00:00,6.235,6.295,6.11,6.225,53076.0,,,,,,,,,,,,,,,,,,,,,,7.128935800092389,"rgba(38, 166, 154, 1.0)",0.0,0.0,0.6395806762570576,6.685807040630313,-0.7204830566912057,0.0,0.0,0.0,0.0,0.0,0.0,0.0,0.0,65.99867853265981,8.471634451463515,True,False,True,False,True,0.0,0,0.7920994649039976,0.9345294302801386,False,False,False,False,-0.10834650964181182,-0.11466917413296655,False,False,False,False,-93841.0,-305187.6018539788,False,False,False,False,31565.841312986107,False,False,False,False
2025-06-13 17:00:00+00:00,6.28,6.29,6.1,6.155,29236.0,,,,,,,,,,,,,,,,,,,,,,7.1231154488446595,"rgba(38, 166, 154, 1.0)",0.0,0.0,0.6098424549175087,6.686343592452927,-0.8712800956515884,0.0,0.0,0.0,0.0,0.0,0.0,0.0,0.0,65.79961297615324,8.471634451463515,True,False,True,False,True,0.0,0,0.7985498108448928,0.9227616645649432,False,False,False,False,-0.10924656775106682,-0.11195787094201669,False,False,False,False,-123077.0,-302364.1816701962,False,False,False,False,31529.719742242138,False,False,False,False
2025-06-16 17:00:00+00:00,6.465,6.71,6.465,6.565,77093.0,,,,,,,,,,,,,,,,,,,,,,7.114456107776015,"rgba(38, 166, 154, 1.0)",0.0,0.0,0.6039258351937001,6.698809043860443,-0.2215653579673826,0.0,0.0,0.0,0.0,0.0,0.0,0.0,0.0,68.38930797078646,11.136925580856584,True,False,True,False,True,2.3568248418423394,0,0.7988100829810554,0.917958352904337,False,False,False,False,-0.062344805851321405,-0.08715133839666905,False,False,False,False,-45984.0,-298389.29513267375,False,False,False,False,32236.127188098846,False,False,False,False
2025-06-17 17:00:00+00:00,6.745,6.84,6.695,6.81,55936.0,,,,,,,,,,,,,,,,,,,,,,7.110650329511992,"rgba(38, 166, 154, 1.0)",0.0,0.0,0.6106230166546806,6.7104310488454075,0.1630612480022192,0.0,0.0,0.0,0.0,0.0,0.0,0.0,0.0,71.32242070956899,14.149586052775803,True,False,True,False,True,4.346029618398106,0,0.8064012490242001,0.9013270882123342,False,False,False,False,-0.04093930370726589,-0.06404532105196747,False,False,False,False,9952.0,-293608.8099368183,False,False,False,False,32603.56707665545,False,False,False,False
2025-06-18 17:00:00+00:00,6.705,6.76,6.645,6.66,29083.0,,,,,,,,,,,,,,,,,,,,,,7.108154093464911,"rgba(38, 166, 154, 1.0)",0.0,0.0,0.6064976103426502,6.714867775141025,-0.09046659740345313,0.0,0.0,0.0,0.0,0.0,0.0,0.0,0.0,71.05991696353237,14.198655867614747,True,False,True,False,True,3.011457142095466,0,0.802715779616045,0.9021382862494146,False,False,False,False,-0.04866372008332806,-0.05635452056764777,False,False,False,False,-19131.0,-289353.34001531726,False,False,False,False,32548.984641358467,False,False,False,False
2025-06-19 17:00:00+00:00,6.66,6.66,6.66,6.66,0.0,,,,,,,,,,,,,,,,,,,,,,7.108154093464911,"rgba(38, 166, 154, 1.0)",0.0,0.0,0.6043627050697893,6.714867775141025,-0.09078616976322028,0.0,0.0,0.0,0.0,0.0,0.0,0.0,0.0,70.88491446617464,14.480010643318295,True,False,True,False,True,3.011457142095466,0,0.8019368947204,0.9031552639800062,False,False,False,False,-0.053717381783511764,-0.055035951175579766,False,False,False,False,-19131.0,-285163.8463716689,False,False,False,False,32044.34922056221,False,False,False,False
2025-06-20 17:00:00+00:00,6.875,6.89,6.785,6.82,33981.0,,,,,,,,,,,,,,,,,,,,,,7.106257691570949,"rgba(38, 166, 154, 1.0)",0.0,0.0,0.6144071851705373,6.72143684866491,0.1604199197438309,0.0,0.0,0.0,0.0,0.0,0.0,0.0,0.0,71.79206661143454,15.844712381725671,True,False,True,False,True,4.331593626662414,0,0.8010356190177311,0.9027145771222345,False,False,False,False,-0.03262613212606448,-0.04383104165082212,False,False,False,False,14850.0,-280512.46890854224,False,False,False,False,32074.374814041865,False,False,False,False
2025-06-23 17:00:00+00:00,6.68,6.95,6.67,6.875,35657.0,,,,,,,,,,,,,,,,,,,,,,7.104295526830221,"rgba(38, 166, 154, 1.0)",0.0,0.0,0.6321773684854741,6.727842060958876,0.23277951153752077,0.0,0.0,0.0,0.0,0.0,0.0,0.0,0.0,72.73775027566936,17.226553588339755,True,False,True,False,True,4.783254818646508,0,0.7963913516876654,0.9012288069684243,False,False,False,False,-0.035891419833855846,-0.03986123074233898,False,False,False,False,50507.0,-275380.3841192625,False,False,False,False,32129.919390568346,False,False,False,False
2025-06-24 17:00:00+00:00,6.975,6.98,6.88,6.91,32580.0,,,,,,,,,,,,,,,,,,,,,,7.103121665189316,"rgba(38, 166, 154, 1.0)",0.0,0.0,0.6496728351969061,6.734346140627168,0.27037279359170685,0.0,0.0,0.0,0.0,0.0,0.0,0.0,0.0,73.59648053218325,18.498999513818177,True,False,True,False,True,5.073462419166187,0,0.8021532220315183,0.9060695896395693,False,False,False,False,-0.018991867319601757,-0.02942654903097037,False,False,False,False,83087.0,-269822.75025694835,False,False,False,False,32136.89738451302,False,False,False,False
2025-06-25 17:00:00+00:00,6.78,6.82,6.68,6.69,19073.0,,,,,,,,,,,,,,,,,,,,,,7.101710098671771,"rgba(38, 166, 154, 1.0)",0.0,0.0,0.6610563618281781,6.736706042634111,-0.07065364669503123,0.0,0.0,0.0,0.0,0.0,0.0,0.0,0.0,70.14515278563003,18.498999513818177,True,False,True,False,False,3.0055963356953797,0,0.7989698766973623,0.9074449820508819,False,False,False,False,-0.0374900871498934,-0.033458318090431885,False,False,False,False,64014.0,-264646.98668707313,False,False,False,False,31934.356339791888,False,False,False,False
2025-06-26 17:00:00+00:00,6.96,7.01,6.865,6.88,32417.0,,,,,,,,,,,,,,,,,,,,,,7.100538536156969,"rgba(38, 166, 154, 1.0)",0.0,0.0,0.6730922456626318,6.7425716825878865,0.2041745664100183,0.0,0.0,0.0,0.0,0.0,0.0,0.0,0.0,69.49522671914454,18.498999513818177,True,False,True,False,False,4.607603296238718,0,0.8046280478335147,0.8948594502251903,False,False,False,False,-0.014808780507251568,-0.024133549298841726,False,False,False,False,96431.0,-259048.8783663433,False,False,False,False,31941.839187236972,False,False,False,False
2025-06-27 17:00:00+00:00,6.84,6.915,6.39,6.65,125948.0,,,,,,,,,,,,,,,,,,,,,,7.089666434741888,"rgba(38, 166, 154, 1.0)",0.0,0.0,0.6749320486317595,6.691501545468452,-0.061489961178440154,0.0,0.0,0.0,0.0,0.0,0.0,0.0,0.0,65.53739507579044,20.36730397432281,True,False,True,False,False,2.478030970878738,0,0.7921719109746741,0.9011511895625481,False,False,False,False,-0.049298144658072585,-0.03671584697845716,False,False,False,False,-29517.0,-255490.24459322167,False,False,False,False,33399.29904479919,False,False,False,False
2025-06-30 17:00:00+00:00,6.885,6.985,6.86,6.905,69756.0,,,,,,,,,,,,,,,,,,,,,,7.0873764124253515,"rgba(38, 166, 154, 1.0)",0.0,0.0,0.6860139664483191,6.707719923546401,0.2875744315745811,0.0,0.0,0.0,0.0,0.0,0.0,0.0,0.0,65.18798956648149,19.903806311203383,True,False,True,False,False,4.608352916657342,0,0.7986934062594958,0.8930416286842906,False,False,False,False,-0.013579203818914785,-0.02514752539868597,False,False,False,False,40239.0,-250905.29506464457,False,False,False,False,33962.96882705036,False,False,False,False
2025-07-01 17:00:00+00:00,6.865,6.99,6.82,6.9,11295.0,,,,,,,,,,,,,,,,,,,,,,7.086982782154351,"rgba(38, 166, 154, 1.0)",0.0,0.0,0.6965136023066539,6.709789727434999,0.2730890996745493,0.0,0.0,0.0,0.0,0.0,0.0,0.0,0.0,64.87848402371108,19.36359967448243,True,False,True,False,False,4.5615920160269425,0,0.8020690704396776,0.8944165525635175,False,False,False,False,0.02592202746775187,0.00038725103453294933,False,False,False,False,28944.0,-246566.5463039524,False,False,False,False,33611.527449886795,False,False,False,False
2025-07-02 17:00:00+00:00,7.095,7.125,7.04,7.12,21032.0,,,,,,,,,,,,,,,,,,,,,7.095000000000001,7.087014584624102,"rgba(38, 166, 154, 1.0)",0.0,0.0,0.7100144840547699,6.68593468148476,0.6113471320139392,0.0,0.0,0.0,0.0,0.0,0.0,0.0,0.0,66.45783636886978,19.36359967448243,True,False,True,False,False,6.371495291436627,0,0.8161684993030821,0.8826080223013782,False,False,False,False,0.06915450204621762,0.034770876540375285,False,False,False,False,49976.0,-241968.9874465268,False,False,False,False,33416.49601655522,False,False,False,False
2025-07-03 17:00:00+00:00,7.105,7.105,7.07,7.07,0.0,,,,,,,,,,,,,,,,,,,,,7.095000000000001,7.087014584624102,"rgba(38, 166, 154, 1.0)",0.0,0.0,0.7247449504779158,6.68593468148476,0.5299316928831002,0.0,0.0,0.0,0.0,0.0,0.0,0.0,0.0,66.65424352336191,19.36359967448243,True,False,True,False,False,5.889481864943949,0,0.8198254364089776,0.8725062344139651,False,False,False,False,0.07366956098259804,0.054220218761486666,False,False,False,False,49976.0,-237442.70857138684,False,False,False,False,32898.410806996224,False,False,False,False
2025-07-04 17:00:00+00:00,7.07,7.07,7.07,7.07,0.0,,,,,,,,,,,,,,,,,,,,,7.095000000000001,7.087014584624102,"rgba(38, 166, 154, 1.0)",0.0,0.0,0.7405418761084774,6.68593468148476,0.5186274144731569,0.0,0.0,0.0,0.0,0.0,0.0,0.0,0.0,66.78518162635666,19.36359967448243,True,False,True,False,False,5.889481864943949,0,0.8254242614707733,0.866279069767442,False,False,False,False,0.07109514310573056,0.06265768093360861,False,False,False,False,49976.0,-232986.60456252814,False,False,False,False,32388.3579262676,False,False,False,False
2025-07-07 17:00:00+00:00,6.9,7.03,6.885,7.005,15841.0,,,,,,,,,,,,,,,,,,,,,7.042730814778655,7.086675949177291,"rgba(38, 166, 154, 1.0)",0.0,0.0,0.7536711472507033,6.685885691863907,0.423413194601095,0.0,0.0,0.0,0.0,0.0,0.0,0.0,0.0,65.59298458394494,19.098717447754098,True,False,True,False,False,5.246051265302089,0,0.8269868857639439,0.8603254858587456,False,False,False,False,0.05456627881955589,0.05861197987658225,False,False,False,False,34135.0,-228845.18433675249,False,False,False,False,32131.809741364224,False,False,False,False
2025-07-08 17:00:00+00:00,7.085,7.115,6.99,7.015,15117.0,,,,,,,,,,,,,,,,,,,,,7.041936782714624,7.086543640921752,"rgba(38, 166, 154, 1.0)",0.0,0.0,0.7673697794273445,6.689297611838915,0.4244399465459041,0.0,0.0,0.0,0.0,0.0,0.0,0.0,0.0,64.91851279456782,18.202508016621536,True,False,True,False,False,5.333046816158465,0,0.8289266603714197,0.8555240793201134,False,False,False,False,0.06852166568693226,0.06356682278175725,False,False,False,False,49252.0,-224533.6000834695,False,False,False,False,31868.014241498113,False,False,False,False
2025-07-09 17:00:00+00:00,6.97,7.03,6.88,6.945,19869.0,,,,,,,,,,,,,,,,,,,,,7.016977112586223,7.086042999284613,"rgba(38, 166, 154, 1.0)",0.0,0.0,0.7802374609665241,6.691198039009899,0.3252880996968566,0.0,0.0,0.0,0.0,0.0,0.0,0.0,0.0,62.94904902386166,16.156718723380365,True,False,True,False,False,4.623725999384973,0,0.8296027742749055,0.8579760403530896,False,False,False,False,0.05419934208941435,0.0588830824355858,False,False,False,False,29383.0,-220596.9086093072,False,False,False,False,31681.983012947756,False,False,False,False
2025-07-10 17:00:00+00:00,7.025,7.05,6.96,6.99,17456.0,,,,,,,,,,,,,,,,,,,,,7.013659053163896,7.085763320539569,"rgba(38, 166, 154, 1.0)",0.0,0.0,0.7939197034306985,6.694313712981716,0.3724385296656076,0.0,0.0,0.0,0.0,0.0,0.0,0.0,0.0,62.30986013454494,15.404293600592155,True,False,True,False,False,5.029005754167539,0,0.8280557314756175,0.8624129195693478,False,False,False,False,0.061540979662277735,0.06021203104893177,False,False,False,False,46839.0,-216450.61545257375,False,False,False,False,31461.425136778023,False,False,False,False
2025-07-11 17:00:00+00:00,6.875,7.0,6.865,6.99,17659.0,,,,,,,,,,,,,,,,,,,,,7.003425505262961,7.085323821927056,"rgba(38, 166, 154, 1.0)",0.0,0.0,0.8070238506360814,6.696507026115441,0.36367323425848386,0.0,0.0,0.0,0.0,0.0,0.0,0.0,0.0,61.8837342083338,14.82453173893849,False,False,True,False,False,5.029005754167539,0,0.8324057878836063,0.8572110033391639,False,False,False,False,0.050897555673645505,0.055554793361288636,False,False,False,False,46839.0,-212368.60591067336,False,False,False,False,31247.434049386116,False,False,False,False
2025-07-14 17:00:00+00:00,6.825,6.84,6.695,6.7,36237.0,,,,,,,,,,,,,,,,,,,,,6.938035521014447,7.083050259047799,"rgba(38, 166, 154, 1.0)",0.0,0.0,0.8133936139232737,6.694625182961001,0.0066078918582533775,0.0,0.0,0.0,0.0,0.0,0.0,0.0,0.0,55.76417873226343,9.100972910567755,False,True,True,False,False,2.0515629658804535,0,0.8182540944506281,0.8610271903323264,False,False,False,False,0.026713661815929046,0.04113422758860884,False,False,False,False,10602.0,-208911.69729190323,False,False,False,False,31324.79166102354,False,False,False,False
2025-07-15 17:00:00+00:00,6.71,6.745,6.62,6.63,25538.0,,,,,,,,,,,,,,,,,,,,,6.896715091644987,7.0810912436787685,"rgba(38, 166, 154, 1.0)",0.0,0.0,0.8184246458293478,6.69271165529609,-0.07662483725980884,0.0,0.0,0.0,0.0,0.0,0.0,0.0,0.0,50.63604712964986,4.605620555611139,False,True,False,False,False,1.3518985115794209,0,0.8208692873122404,0.8611377436880794,False,False,False,False,0.014269253432424167,0.027701740510516503,False,False,False,False,-14936.0,-205904.32214009075,False,False,False,False,31235.073960852635,False,False,False,False
2025-07-16 17:00:00+00:00,6.825,7.03,6.78,6.955,65203.0,,,,,,,,,,,,,,,,,,,,,6.9036691572060365,7.07920637936958,"rgba(38, 166, 154, 1.0)",0.0,0.0,0.8292512741477507,6.7016398886076765,0.30552875743568836,0.0,0.0,0.0,0.0,0.0,0.0,0.0,0.0,52.66300897738229,4.605620555611139,False,True,False,False,True,4.389540859499483,0,0.8181097367586425,0.8556929908024105,False,False,False,False,0.046863536920178486,0.037282638715347496,False,False,False,False,50267.0,-201932.673734818,False,False,False,False,31761.708473087478,False,False,False,False
2025-07-17 17:00:00+00:00,6.74,6.965,6.74,6.91,41386.0,,,,,,,,,,,,,,,,,,,,,6.898858869220134,7.077660537764196,"rgba(38, 166, 154, 1.0)",0.0,0.0,0.8349050493567718,6.705538816175203,0.24489154063964344,0.0,0.0,0.0,0.0,0.0,0.0,0.0,0.0,53.24038418112715,4.605620555611139,False,True,True,False,True,3.9295830801320335,0,0.817351598173516,0.8556132892457883,False,False,False,False,0.03916634809350869,0.03822449340442809,False,False,False,False,8881.0,-198664.24468466578,False,False,False,False,31910.92229521015,False,False,False,False
2025-07-18 17:00:00+00:00,7.015,7.05,6.97,7.015,21711.0,,,,,,,,,,,,,,,,,,,,,6.907103872873947,7.077403675625447,"rgba(38, 166, 154, 1.0)",0.0,0.0,0.835104071844224,6.709305904012971,0.36605508977095674,0.0,0.0,0.0,0.0,0.0,0.0,0.0,0.0,55.10033983550599,0.403353872635968,False,True,True,False,True,4.896622834751351,0,0.8224814756424405,0.8560618004099008,False,False,False,False,0.06227549494353786,0.05024999417398297,False,False,False,False,30592.0,-195109.88430195776,False,False,False,False,31752.783965051854,False,False,False,False
2025-07-21 17:00:00+00:00,7.04,7.06,6.9,6.92,21330.0,,,,,,,,,,,,,,,,,,,,,6.910647681955572,7.076956444854481,"rgba(38, 166, 154, 1.0)",0.0,0.0,0.8337944417967553,6.682972579721179,0.2842756060691017,0.0,0.0,0.0,0.0,0.0,0.0,0.0,0.0,54.57792274524253,0.403353872635968,False,True,True,False,True,3.9054019768833292,0,0.8167141500474834,0.8641975308641976,False,False,False,False,0.0578693819569366,0.054059688065459785,False,False,False,False,9262.0,-191941.32795619097,False,False,False,False,31591.190415206085,False,False,False,False
2025-07-22 17:00:00+00:00,6.955,6.975,6.875,6.91,23337.0,,,,,,,,,,,,,,,,,,,,,6.911286384990264,7.076305000946449,"rgba(38, 166, 154, 1.0)",0.0,0.0,0.8215735944948344,6.684354502587965,0.27465037694009525,0.0,0.0,0.0,0.0,-1.0,6.9,6.78,0.0,54.04170117109416,0.403353872635968,False,True,True,False,True,3.800394379975266,0,0.8144904458598726,0.8714968152866243,False,False,False,False,0.049797210098387286,0.05192844908192354,False,False,False,False,-14075.0,-189183.7104684981,False,False,False,False,31463.218470784283,False,False,False,False
2025-07-23 17:00:00+00:00,6.715,6.78,6.625,6.775,47996.0,,,,,,,,,,,,,,,,,,,,,6.888549061015998,7.0733457247530005,"rgba(38, 166, 154, 1.0)",0.0,0.0,0.8185992870707768,6.678176229768981,0.11827981255332758,0.0,0.0,0.0,0.0,0.0,0.0,0.0,0.0,51.24937105601289,0.403353872635968,False,True,False,False,False,2.381792722773344,0,0.8073190135242642,0.8813046937151949,False,False,False,False,0.036082269860319933,0.04400535947112173,False,False,False,False,-62071.0,-187212.97077131207,False,False,False,False,31719.54066503569,False,False,False,False
2025-07-24 17:00:00+00:00,6.185,6.24,5.97,6.015,91583.0,,,,,,,,,,,,,,,,,,,,,6.73374324825038,7.057478558938529,"rgba(239, 83, 80, 1.0)",0.0,0.0,0.8032002880369838,6.6302816990362725,-0.766037697197566,0.0,0.0,0.0,0.0,-1.0,6.625,6.225,0.0,42.29145131298405,-2.5485627971401428,False,True,False,True,False,0.0,0,0.8050847457627119,0.881669805398619,False,False,False,False,-0.05618412288517779,-0.006089381707028028,False,False,False,False,-153654.0,-186692.67665082662,False,False,False,False,32647.656313639785,False,False,False,False
2025-07-25 17:00:00+00:00,6.105,6.225,6.1,6.225,47132.0,,,,,,,,,,,,,,,,,,,,,6.684650525679674,7.050386616724956,"rgba(239, 83, 80, 1.0)",0.0,0.0,0.7885799473314828,6.61848186560826,-0.4989752363597174,0.0,0.0,0.0,0.0,0.0,0.0,0.0,0.0,39.510303861513165,-4.802679209128826,False,True,False,True,False,0.0,0,0.8163458504260018,0.876775007888924,False,False,False,False,-0.047288291908668484,-0.026688836807848254,False,False,False,False,-106522.0,-185449.720423682,False,False,False,False,32872.21978164537,False,False,False,False
2025-07-28 17:00:00+00:00,6.075,6.12,6.035,6.12,27022.0,,,,,,,,,,,,,,,,,,,,,6.655802494918525,7.0459478778981675,"rgba(239, 83, 80, 1.0)",0.0,0.0,0.7715763494710383,6.611054783423641,-0.6364305797608858,0.0,0.0,0.0,0.0,0.0,0.0,0.0,0.0,36.90405677399,-7.038482399805375,False,True,False,True,False,0.0,0,0.8051702395964692,0.8809899117276166,False,False,False,False,-0.060441706515446614,-0.043565271661647434,False,False,False,False,-133544.0,-184644.98057215207,False,False,False,False,32781.51869975939,False,False,False,False
2025-07-29 17:00:00+00:00,5.855,5.96,5.825,5.85,71215.0,,,,,,,,,,,,,,,,,,,,,6.567449779041612,7.031872688988688,"rgba(239, 83, 80, 1.0)",0.0,0.0,0.7530457495404189,6.5856203427580855,-0.9768600954285078,0.0,0.0,0.0,0.0,-1.0,6.035,5.68,0.0,33.46290527131043,-10.140733091283344,False,True,False,True,False,0.0,0,0.7955757765924067,0.8846877941637905,False,False,False,False,-0.0848131345833837,-0.06418920312251557,False,False,False,False,-204759.0,-184956.8258345993,False,False,False,False,33377.386626894906,False,False,False,False
2025-07-30 17:00:00+00:00,5.395,5.68,5.37,5.63,49275.0,,,,,,,,,,,,,,,,,,,,,6.494008110692433,7.0196975821975105,"rgba(239, 83, 80, 1.0)",0.0,0.0,0.7388310587227123,6.562350749566653,-1.261926848579561,0.0,0.0,0.0,0.0,0.0,0.0,0.0,0.0,30.027673823093718,-13.271399341005612,False,True,False,True,False,0.0,0,0.7975517890772128,0.8870056497175142,False,False,False,False,-0.143298870749737,-0.10374403693612627,False,False,False,False,-254034.0,-186027.78977514812,False,False,False,False,33623.86125283452,False,False,False,False
2025-07-31 17:00:00+00:00,5.435,5.47,5.3,5.35,55881.0,,,,,,,,,,,,,,,,,,,,,6.408434571798165,7.004396894386827,"rgba(239, 83, 80, 1.0)",0.0,0.0,0.7288293835118481,6.533836256954366,-1.6242982016587724,0.0,0.0,0.0,0.0,0.0,0.0,0.0,0.0,26.535688828275404,-16.487301182741675,False,True,False,True,False,0.0,0,0.7942598658555607,0.8761503665574795,False,False,False,False,-0.1658160862206314,-0.13478006157837885,False,False,False,False,-309915.0,-187948.52171661868,False,False,False,False,33968.93317139523,False,False,False,False
2025-08-01 17:00:00+00:00,5.13,5.18,5.075,5.14,75198.0,,,,,,,,,,,,,,,,,,,,,6.289465239106604,6.981265348626941,"rgba(239, 83, 80, 1.0)",0.0,0.0,0.7217805935498789,6.491836860078064,-1.87291937765939,0.0,0.0,0.0,0.0,0.0,0.0,0.0,0.0,23.45095029562153,-19.365953043716836,False,True,False,True,False,0.0,0,0.7859489907682679,0.8854639336567047,False,False,False,False,-0.20768867535864102,-0.17123436846850992,False,False,False,False,-385113.0,-191005.33533341528,False,False,False,False,34608.14350982321,False,False,False,False
2025-08-04 17:00:00+00:00,5.065,5.11,5.0,5.02,34648.0,,,,,,,,,,,,,,,,,,,,,6.238167006468916,6.970298667462391,"rgba(239, 83, 80, 1.0)",0.0,0.0,0.7183375953553394,6.472947813740596,-2.022653169115934,0.0,0.0,0.0,0.0,0.0,0.0,0.0,0.0,20.994331965190796,-21.732337937656588,False,True,False,True,False,0.0,0,0.7841850289107672,0.8842006563525551,False,False,False,False,-0.2196025438838874,-0.19541845617619866,False,False,False,False,-419761.0,-194551.93478561039,False,False,False,False,34608.761439903465,False,False,False,False
2025-08-05 17:00:00+00:00,4.985,4.995,4.95,4.96,20659.0,,,,,,,,,,,,,,,,,,,,,6.207745188878902,6.963566398810109,"rgba(239, 83, 80, 1.0)",0.0,0.0,0.7167436560364234,6.461505570242693,-2.0948990027285146,0.0,0.0,0.0,0.0,0.0,0.0,0.0,0.0,19.155024385844257,-23.620898563600345,False,True,False,True,False,0.0,0,0.7807831420034598,0.8946375216228968,False,False,False,False,-0.22840566724770975,-0.2119120617119542,False,False,False,False,-440420.0,-198363.84277343037,False,False,False,False,34392.48606874217,False,False,False,False
2025-08-06 17:00:00+00:00,4.815,4.85,4.77,4.79,38014.0,,,,,,,,,,,,,,,,,,,,,6.148448288181821,6.950281424948236,"rgba(239, 83, 80, 1.0)",0.0,0.0,0.7198792879290108,6.4387242235068065,-2.290278733049744,0.0,0.0,0.0,0.0,0.0,0.0,0.0,0.0,17.37667731706301,-25.541895957347904,False,True,False,True,False,0.0,0,0.7859172718661195,0.8948531733501738,False,False,False,False,-0.2549252544116304,-0.2334186580617923,False,False,False,False,-478434.0,-202706.01575368724,False,False,False,False,34448.63357155237,False,False,False,False
2025-08-07 17:00:00+00:00,4.725,4.735,4.66,4.715,58689.0,,,,,,,,,,,,,,,,,,,,,6.06001254742649,6.92914836884351,"rgba(239, 83, 80, 1.0)",0.0,0.0,0.7303346881784729,6.403563979570311,-2.3120413242067923,0.0,0.0,0.0,0.0,0.0,0.0,0.0,0.0,15.958745485246414,-27.192587882984846,False,True,False,True,False,0.0,0,0.7862679955703212,0.8951115329852872,False,False,False,False,-0.2737626366566713,-0.25359064735923176,False,False,False,False,-537123.0,-207890.7751993665,False,False,False,False,34824.45320610194,False,False,False,False
2025-08-08 17:00:00+00:00,4.575,4.605,4.535,4.535,23838.0,,,,,,,,,,,,,,,,,,,,,6.0235914797473225,6.9201259262298365,"rgba(239, 83, 80, 1.0)",0.0,0.0,0.7435768921870725,6.388695127975172,-2.4929434298622755,0.0,0.0,0.0,0.0,0.0,0.0,0.0,0.0,14.4891232053249,-28.93816106022998,False,True,False,True,False,0.0,0,0.7853743654822336,0.8940355329949239,False,False,False,False,-0.29639700619610887,-0.2749938267776703,False,False,False,False,-560961.0,-213364.73217301973,False,False,False,False,34654.1205982554,False,False,False,False
2025-08-11 17:00:00+00:00,4.385,4.405,4.305,4.36,42554.0,,,,,,,,,,,,,,,,,,,,,5.954415611814345,6.9028284388338,"rgba(239, 83, 80, 1.0)",0.0,0.0,0.7608547351025152,6.184266230077801,-2.397653777934371,0.0,0.0,0.0,0.0,0.0,0.0,0.0,0.0,13.063131639620432,-30.66107067302892,False,True,False,True,False,0.0,0,0.7841179267712792,0.8926929782849898,False,False,False,False,-0.3378886665796383,-0.3064412466786543,False,False,False,False,-603515.0,-219413.57353467832,False,False,False,False,34776.599348670046,False,False,False,False
2025-08-12 17:00:00+00:00,4.545,4.615,4.535,4.6,45924.0,,,,,,,,,,,,,,,,,,,,,5.895643095650571,6.886059782219412,"rgba(239, 83, 80, 1.0)",0.0,0.0,0.7708618085804476,6.167207066195561,-2.0330583883531532,0.0,0.0,0.0,0.0,0.0,0.0,0.0,0.0,16.652839820885784,-30.66107067302892,False,True,False,True,True,0.0,0,0.7894153066075108,0.8865472983679291,False,False,False,False,-0.2950689683758247,-0.3007551075272395,False,False,False,False,-557591.0,-224656.63441010966,False,False,False,False,34949.427265744926,False,False,False,False
2025-08-13 17:00:00+00:00,4.665,4.72,4.665,4.705,63701.0,,,,,,,,,,,,,,,,,,,,,5.828354135739111,6.864322676530246,"rgba(239, 83, 80, 1.0)",0.0,0.0,0.7784525421375096,6.143756451306472,-1.8482262866736494,0.0,0.0,0.0,0.0,0.0,0.0,0.0,0.0,20.8099724991254,-35.49916472534245,False,True,False,True,True,0.0,0,0.7884554392641929,0.8839200761179831,False,False,False,False,-0.2726319281023487,-0.28669351781479413,False,False,False,False,-493890.0,-228830.79511692966,False,False,False,False,35395.18808333028,False,False,False,False
2025-08-14 17:00:00+00:00,4.575,4.715,4.575,4.67,59089.0,,,,,,,,,,,,,,,,,,,,,5.7702109087701485,6.844146277554259,"rgba(239, 83, 80, 1.0)",0.0,0.0,0.7900397868872526,6.118953896046785,-1.83402648840718,0.0,0.0,0.0,0.0,0.0,0.0,0.0,0.0,23.33488033476918,-33.04825621732444,False,True,False,True,True,0.0,0,0.7860751499842122,0.8804862646037261,False,False,False,False,-0.2816688116365736,-0.2841811647256839,False,False,False,False,-552979.0,-233856.34868100827,False,False,False,False,35762.53400451896,False,False,False,False
2025-08-15 17:00:00+00:00,4.635,4.645,4.55,4.55,23684.0,,,,,,,,,,,,,,,,,,,,,5.747096221821869,6.8359010151210216,"rgba(239, 83, 80, 1.0)",0.0,0.0,0.807333883842361,6.108214013341222,-1.9300738449440291,0.0,0.0,0.0,0.0,0.0,0.0,0.0,0.0,24.174123819162823,-32.08497118896692,False,True,False,True,True,0.0,0,0.7844963688032841,0.8845910956741397,False,False,False,False,-0.2884248039707227,-0.2863029843482033,False,False,False,False,-576663.0,-239171.1804844035,False,False,False,False,35575.26991142564,False,False,False,False
2025-08-18 17:00:00+00:00,4.555,4.595,4.485,4.535,35426.0,,,,,,,,,,,,,,,,,,,,,5.712927588987725,6.823444567097167,"rgba(239, 83, 80, 1.0)",0.0,0.0,0.823711114408438,6.091763740816226,-1.8899389768878405,0.0,0.0,0.0,0.0,0.0,0.0,0.0,0.0,24.626855287778127,-31.34776247875106,False,True,False,True,True,0.0,0,0.7860649247822645,0.8842438638163104,False,False,False,False,-0.29921822239673124,-0.29276060337246723,False,False,False,False,-612089.0,-244952.85210480035,False,False,False,False,35572.955649232994,False,False,False,False
2025-08-19 17:00:00+00:00,4.415,4.47,4.395,4.41,29295.0,,,,,,,,,,,,,,,,,,,,,5.6835095060137215,6.812739626602582,"rgba(239, 83, 80, 1.0)",0.0,0.0,0.8412836074167255,6.076877866228287,-1.9813507021094345,0.0,0.0,0.0,0.0,0.0,0.0,0.0,0.0,24.043029126070515,-31.34776247875106,False,True,False,True,True,0.0,0,0.7846738442051933,0.8847371754274859,False,False,False,False,-0.3196081253132345,-0.3061843643428509,False,False,False,False,-641384.0,-251099.07145201272,False,False,False,False,35475.62300350845,False,False,False,False
2025-08-20 17:00:00+00:00,4.43,4.435,4.345,4.35,82582.0,,,,,,,,,,,,,,,,,,,,,5.60445300086952,6.782470032703719,"rgba(239, 83, 80, 1.0)",0.0,0.0,0.8580066044811803,6.035765293682824,-1.9647462908542224,0.0,0.0,0.0,0.0,0.0,0.0,0.0,0.0,23.248126607007723,-31.34776247875106,False,True,False,True,True,0.0,0,0.7860783689072954,0.8813316342784326,False,False,False,False,-0.3285365282258281,-0.31736044628433946,False,False,False,False,-723966.0,-258430.34166205904,False,False,False,False,36205.95442981065,False,False,False,False
2025-08-21 17:00:00+00:00,4.555,4.6,4.51,4.575,46772.0,,,,,,,,,,,,,,,,,,,,,5.569908455055257,6.766950404154284,"rgba(239, 83, 80, 1.0)",0.0,0.0,0.872396471567598,6.017961148880426,-1.6540199277601242,0.0,0.0,0.0,0.0,0.0,0.0,0.0,0.0,27.505101402057495,-27.704716343407352,False,True,False,True,True,0.0,0,0.7929662635264164,0.8738064926798218,False,False,False,False,-0.2857927073169049,-0.3015765768006222,False,False,False,False,-677194.0,-264922.8014812519,False,False,False,False,36369.76908981358,False,False,False,False
2025-08-22 17:00:00+00:00,4.805,4.97,4.8,4.93,46034.0,,,,,,,,,,4.8999999999999995,,,,,,,,,,,5.548756116275597,6.754197182593498,"rgba(38, 166, 154, 1.0)",0.0,0.0,0.879963256808672,6.007648341784474,-1.2246515220337029,0.0,0.0,0.0,0.0,0.0,0.0,0.0,0.0,35.578765534295826,-20.21400190450972,False,True,False,True,True,0.0,0,0.803187250996016,0.8626294820717132,False,False,False,False,-0.20520184297069857,-0.2533892098856604,False,False,False,False,-631160.0,-270600.89758231776,False,False,False,False,36519.602127180806,False,False,False,False
2025-08-25 17:00:00+00:00,5.035,5.105,5.025,5.05,49114.0,,,,,,,,,5.06,4.982589649808719,,,,,,,,,,,5.532827705638621,6.741939059657839,"rgba(38, 166, 154, 1.0)",0.0,0.0,0.884624280198723,5.880711027182235,-0.9390551964000166,0.0,0.0,0.0,0.0,0.0,0.0,0.0,0.0,42.33518119422398,-14.274604916760211,False,False,False,True,True,0.0,0,0.8053777208706786,0.8607554417413572,False,False,False,False,-0.1623881044750336,-0.207888657180347,False,False,False,False,-582046.0,-275429.50382135157,False,False,False,False,36714.86410970513,False,False,False,False
2025-08-26 17:00:00+00:00,4.995,4.995,4.935,4.97,35398.0,,,,,,,,,5.0209071690016405,4.9782720777861185,,,,,,,,,,,5.519834667691882,6.732729484773001,"rgba(38, 166, 154, 1.0)",0.0,0.0,0.890915173766189,5.8718341798502145,-1.0122559435573057,0.0,0.0,0.0,0.0,0.0,0.0,0.0,0.0,45.71904838765513,-11.487624948427133,False,False,False,True,True,0.0,0,0.7995180722891567,0.861847389558233,False,False,False,False,-0.1860908843034291,-0.19698977074188806,False,False,False,False,-617444.0,-280732.0541497027,False,False,False,False,36694.44761188024,False,False,False,False
2025-08-27 17:00:00+00:00,4.875,4.93,4.865,4.93,52055.0,,,,,,,,,4.9779976006892825,4.958334282579686,,,,,,,,,,,5.499871154527182,6.7189168391509115,"rgba(38, 166, 154, 1.0)",0.0,0.0,0.8976961252747643,5.858606472564011,-1.034432973941807,0.0,0.0,0.0,0.0,0.0,0.0,0.0,0.0,47.402055144457435,-10.06665975792454,True,False,False,False,True,0.0,0,0.7946934153049668,0.8657175214366608,False,False,False,False,-0.19666739688238416,-0.1968285838121361,False,False,False,False,-669499.0,-286759.44865900965,False,False,False,False,36932.59571092086,False,False,False,False
2025-08-28 17:00:00+00:00,4.905,5.105,4.89,5.07,36867.0,,,,,,,,,4.987280367940158,4.968973077320308,,,,,,,,,,,5.489064248603874,6.709864591383505,"rgba(38, 166, 154, 1.0)",0.0,0.0,0.9023658443874686,5.853325511661426,-0.8680797445221919,0.0,0.0,0.0,0.0,0.0,0.0,0.0,0.0,50.39832271275209,-7.2389769527958805,True,False,True,False,True,0.0,0,0.8110055682934819,0.8580085162135604,False,False,False,False,-0.1719094153159603,-0.1843689995640482,False,False,False,False,-632632.0,-292121.81379607925,False,False,False,False,36931.57872315465,False,False,False,False
2025-08-29 17:00:00+00:00,4.975,4.98,4.84,4.865,35919.0,,,,,,,,,4.971447690423989,4.9585691062322415,,,,,,,,,,,5.476266042096508,6.7004827012908015,"rgba(38, 166, 154, 1.0)",0.0,0.0,0.9096510220859284,5.845051334141143,-1.0773926597628383,0.0,0.0,0.0,0.0,0.0,0.0,0.0,0.0,49.4193558063336,-7.2389769527958805,True,False,False,False,True,0.0,0,0.8127568633897748,0.8492520138089759,False,False,False,False,-0.1935602040892648,-0.1889646018266565,False,False,False,False,-668551.0,-297957.9252100935,False,False,False,False,36915.879828222016,False,False,False,False
2025-09-01 17:00:00+00:00,4.865,4.865,4.865,4.865,0.0,,,,,,,,,4.971447690423989,4.9585691062322415,,,,,,,,,,,5.476266042096508,6.7004827012908015,"rgba(38, 166, 154, 1.0)",0.0,0.0,0.9167019469050187,5.845051334141143,-1.0691057627291018,0.0,0.0,0.0,0.0,0.0,0.0,0.0,0.0,48.76671120205461,-7.2389769527958805,True,False,False,False,True,0.0,0,0.8086275816122587,0.8617588274483677,False,False,False,False,-0.20476383383220517,-0.19686421782943084,False,False,False,False,-668551.0,-303703.5542766036,False,False,False,False,36343.54060607904,False,False,False,False
2025-09-02 17:00:00+00:00,4.735,4.825,4.735,4.82,25420.0,,,,,,,,,4.95216239374488,4.943611169474646,,,,,,,,,,4.793333333333334,5.466010149465351,6.693530918656001,"rgba(38, 166, 154, 1.0)",0.0,0.0,0.923854796320654,5.8378661229043844,-1.1017598511780637,0.0,0.0,0.0,0.0,0.0,0.0,0.0,0.0,47.6649598389081,-7.2389769527958805,True,False,False,True,False,0.0,0,0.8102006688963211,0.8575250836120402,False,False,False,False,-0.22606780478437646,-0.21146601130690365,False,False,False,False,-693971.0,-309754.21234983456,False,False,False,False,36174.183387380144,False,False,False,False
2025-09-03 17:00:00+00:00,4.775,4.84,4.765,4.79,31272.0,,,,,,,,,4.934080706897956,4.92905354627087,,,,,,,,,,4.79609139443543,5.453898822022631,6.685070283995368,"rgba(38, 166, 154, 1.0)",0.0,0.0,0.9307551569355684,5.829548342683761,-1.1168870082937656,0.0,0.0,0.0,0.0,0.0,0.0,0.0,0.0,46.46620889986909,-7.2389769527958805,True,False,False,True,False,0.0,0,0.8189189189189189,0.854222972972973,False,False,False,False,-0.220409611414122,-0.21593781136051282,False,False,False,False,-725243.0,-316195.8989800697,False,False,False,False,36098.18054416495,False,False,False,False
2025-09-04 17:00:00+00:00,4.805,5.03,4.795,4.96,69433.0,,,,,,,,,4.932891188095792,4.928922471639162,,,,,,,,,,4.8688918268913115,5.433551165706203,6.667828509944794,"rgba(38, 166, 154, 1.0)",0.0,0.0,0.9346726169632303,5.816871436891242,-0.9167610362601981,0.0,0.0,0.0,0.0,0.0,0.0,0.0,0.0,48.71329092713927,-7.2389769527958805,True,False,False,False,False,0.0,0,0.8279792746113991,0.8343696027633853,False,False,False,False,-0.19293921011521298,-0.2044385107378629,False,False,False,False,-655810.0,-321461.23387960345,False,False,False,False,36614.99945045696,False,False,False,False
2025-09-05 17:00:00+00:00,5.175,5.195,5.115,5.125,79938.0,,,,,,,,5.1450000000000005,4.973707031024323,4.96635405786109,,,,,,,,,,4.976002444236309,5.421238309446446,6.650813440324556,"rgba(38, 166, 154, 1.0)",0.0,0.0,0.936834568645394,5.705622359008441,-0.6197704252608712,-1.0,5.195,5.115,0.0,0.0,0.0,0.0,0.0,52.57279341116385,-3.571310909264959,True,False,True,False,True,0.0,0,0.8353923786323298,0.8284322255089612,False,False,False,False,-0.13332290009234568,-0.1688807054151043,False,False,False,False,-575872.0,-325405.5868427104,False,False,False,False,37286.67387758166,False,False,False,False
2025-09-08 17:00:00+00:00,4.955,4.995,4.935,4.98,34361.0,,,,,,,,5.0923908345654825,4.973423830031327,4.966606731193943,,,,,,,,,4.970000000000001,4.975144584844553,5.413110738528269,6.642779401618763,"rgba(38, 166, 154, 1.0)",0.0,0.0,0.9405530192296311,5.697275520543458,-0.762610406727469,0.0,0.0,0.0,0.0,0.0,0.0,0.0,0.0,52.52929904210202,-3.345075367215891,True,False,True,False,True,0.0,0,0.8187685330542476,0.8377812663526951,False,False,False,False,-0.17993147084604644,-0.17440608813057537,False,False,False,False,-610233.0,-329821.51572886994,False,False,False,False,37241.31459265792,False,False,False,False
2025-09-09 17:00:00+00:00,4.745,4.825,4.655,4.685,55036.0,,,,,,,,4.971900827747758,4.945976622366434,4.942134379721895,,,,,,,,4.721666666666666,4.8171170919232935,4.927928681829464,5.393722375352823,6.6281833268380765,"rgba(38, 166, 154, 1.0)",0.0,0.0,0.9489026379013861,5.676176514919469,-1.044550278742587,0.0,0.0,0.0,0.0,0.0,0.0,0.0,0.0,48.48718770483303,-3.345075367215891,True,False,False,False,False,0.0,0,0.810082268510415,0.8510414843339752,False,False,False,False,-0.23616231773507104,-0.2052842029328232,False,False,False,False,-665269.0,-335022.25191912,False,False,False,False,37517.20118812058,False,False,False,False
2025-09-10 17:00:00+00:00,4.735,4.77,4.645,4.65,44110.0,,,,,,,,4.913299491672327,4.925273089303964,4.9233176179118825,,,,,,,,4.706836685292397,4.774567625667568,4.896805346958408,5.378218122098478,6.6164423290704875,"rgba(38, 166, 154, 1.0)",0.0,0.0,0.9566325699420164,5.661589331853578,-1.0574481401097309,0.0,0.0,0.0,0.0,0.0,0.0,0.0,0.0,45.39203795520021,1.3355267858978195,True,False,False,True,False,0.0,0,0.7997525627430188,0.8557794273594911,False,False,False,False,-0.24439895768575404,-0.22484158030928864,False,False,False,False,-709379.0,-340826.23250952124,False,False,False,False,37619.415123188475,False,False,False,False
2025-09-11 17:00:00+00:00,4.635,4.655,4.545,4.615,42780.0,,,,,,,,4.8618249975607375,4.902117413634881,4.9019645716024,,,,,,,,4.676140594394261,4.733418232768156,4.864156117867573,5.362079467188386,6.6047039995900265,"rgba(239, 83, 80, 1.0)",0.0,0.0,0.9653789668050277,5.646846581669737,-1.0688513186533237,0.0,0.0,0.0,0.0,0.0,0.0,0.0,0.0,42.90568320351562,-1.0935285832788608,True,False,False,True,False,0.0,0,0.7995379420650436,0.856051181802026,False,False,False,False,-0.27188316105618365,-0.24836237068273614,False,False,False,False,-752159.0,-347203.4847186759,False,False,False,False,37699.42419104602,False,False,False,False
2025-09-12 17:00:00+00:00,4.545,4.635,4.53,4.56,35113.0,,,,,,,,4.827255919241568,4.883792939235756,4.8849017685962695,,,,,,,,4.656080891780906,4.707105368968779,4.839835067219529,5.34882281093321,6.595028279061461,"rgba(239, 83, 80, 1.0)",0.0,0.0,0.9738512891264901,5.635182568835203,-1.1040521082018633,0.0,0.0,0.0,0.0,0.0,0.0,0.0,0.0,40.563800732527675,-3.404582730891171,True,False,False,True,False,0.0,0,0.7992532005689902,0.8573968705547654,False,False,False,False,-0.27639448872622185,-0.262378429704479,False,False,False,False,-787272.0,-354026.2523974561,False,False,False,False,37659.324591184835,False,False,False,False
2025-09-15 17:00:00+00:00,4.575,4.625,4.55,4.565,84917.0,,,,,,,,4.771452724880732,4.8475473457040765,4.850733820554339,,,,,,,,4.631418119836919,4.670680166848341,4.795915296521889,5.318732323651324,6.572062547459354,"rgba(239, 83, 80, 1.0)",0.0,0.0,0.9789863621610316,5.610057001347535,-1.0674888249113679,0.0,0.0,0.0,0.0,0.0,0.0,0.0,0.0,39.12019619852762,-4.925361345994055,True,False,False,True,False,0.0,0,0.7962068348541779,0.8643764537484344,False,False,False,False,-0.27510442540019175,-0.2687414275523354,False,False,False,False,-702355.0,-359426.6980967203,False,False,False,False,38392.001729306,False,False,False,False
2025-09-16 17:00:00+00:00,4.645,4.755,4.635,4.69,75163.0,,,,,,,4.693333333333333,4.75844551686759,4.8328170791735285,4.836530114575454,,,,,,,,4.645222542583875,4.675263670543053,4.782565003817897,5.297792203067531,6.553299060728929,"rgba(239, 83, 80, 1.0)",0.0,0.0,0.9838632394158587,5.594119691661892,-0.9189485443105768,0.0,0.0,0.0,0.0,0.0,0.0,0.0,0.0,41.007343657565244,-4.925361345994055,True,False,False,True,False,0.0,0,0.8038688876947878,0.8547375962744046,False,False,False,False,-0.24757551669579755,-0.25815847212406645,False,False,False,False,-627192.0,-363578.09812622855,False,False,False,False,38962.09472575087,False,False,False,False
2025-09-17 17:00:00+00:00,4.665,4.84,4.58,4.595,49084.0,,,,,,,4.68477387784011,4.749935155104275,4.8233552417521945,4.827355478484468,,,,,,,,4.648583426332784,4.674843864429671,4.773878282721086,5.284394647792317,6.541106450849201,"rgba(239, 83, 80, 1.0)",0.0,0.0,0.9916173975193541,5.583757344156565,-0.9971157692776027,0.0,0.0,0.0,0.0,-1.0,4.635,4.545,0.0,40.73040513152533,-4.925361345994055,True,False,False,True,False,0.0,0,0.8060075093867334,0.8465939567316288,False,False,False,False,-0.2437642277598952,-0.2509613499419808,False,False,False,False,-676276.0,-368426.12761264364,False,False,False,False,39119.023489692714,False,False,False,False
2025-09-18 17:00:00+00:00,4.545,4.545,4.485,4.51,26252.0,,,,,,,4.654868980303302,4.7381435578404085,4.8139161405128394,4.818279162345244,,,,,,,4.513333333333334,4.639975007374542,4.66535455683473,4.76340187589635,5.275670288113874,6.534103175580462,"rgba(239, 83, 80, 1.0)",0.0,0.0,1.0005226111865184,5.576565875758272,-1.0660087676513705,0.0,0.0,0.0,0.0,-1.0,4.58,4.485,0.0,39.2895693863334,-5.3766568141771245,True,False,False,True,False,0.0,0,0.8005381165919283,0.8613452914798205,False,False,False,False,-0.29390038568955656,-0.2724308678157687,False,False,False,False,-702528.0,-373606.00160314527,False,False,False,False,38919.53475341841,False,False,False,False
2025-09-19 17:00:00+00:00,4.45,4.485,4.385,4.385,40134.0,,,,,,,4.605071087727029,4.715501936302527,4.796322037473338,4.801354419724447,,,,,,,4.455900591490174,4.62032060360872,4.644995280145121,4.74341815136705,5.2610922838817045,6.522990637115344,"rgba(239, 83, 80, 1.0)",0.0,0.0,1.0124840116633287,5.56432901882159,-1.1647877944108624,0.0,0.0,0.0,0.0,-1.0,4.485,4.265,429.0,36.69867716709608,-8.083102173146962,False,False,False,True,False,0.0,0,0.7990327780763031,0.8579616693533944,False,False,False,False,-0.31487830153124924,-0.29365458467350897,False,False,False,False,-742662.0,-379327.8000279027,False,False,False,False,38938.36367197006,False,False,False,False
2025-09-22 17:00:00+00:00,4.245,4.265,4.165,4.175,65879.0,,,,,,,4.501466266685379,4.662005224671956,4.755861925442424,4.762403766616482,,,,,,4.201666666666666,4.329270895550599,4.567124451267966,4.592165117965953,4.696389000894286,5.232325197196791,6.503148567429824,"rgba(239, 83, 80, 1.0)",0.0,0.0,1.0278163987549254,5.539603547900353,-1.3276724807596032,0.0,0.0,0.0,0.0,-1.0,4.385,4.29,445.0,32.84414267935642,-11.83486604793174,False,False,False,True,False,0.0,0,0.7986384808312434,0.8584736653529202,False,False,False,False,-0.34282825441539394,-0.31824141954445145,False,False,False,False,-808541.0,-385982.26824452437,False,False,False,False,39356.047956125556,False,False,False,False
2025-09-23 17:00:00+00:00,4.215,4.29,4.125,4.16,62797.0,,,,,,,4.440539435677248,4.619542057476619,4.721498854233549,4.729127955377955,,,,,,4.196786424818924,4.284971479153636,4.526561846432637,4.551312227986905,4.6578159538868515,5.206069251967381,6.484467169078808,"rgba(239, 83, 80, 1.0)",0.0,0.0,1.0418069973943418,5.517344417019535,-1.3028751202616051,0.0,0.0,0.0,0.0,0.0,0.0,0.0,0.0,30.14030793382681,-14.415383777525747,False,True,False,True,False,0.0,0,0.8008603692417998,0.8549919340383583,False,False,False,False,-0.34282825441539394,-0.3305348369799227,False,False,False,False,-871338.0,-393507.1633105007,False,False,False,False,39719.47356920888,False,False,False,False
2025-09-24 17:00:00+00:00,4.205,4.225,4.14,4.16,58260.0,,,,,,,4.399565924815508,4.585185204592407,4.692270023984778,4.700692765548407,,,,,,4.1899965228741385,4.259679801464802,4.494534962146385,4.518778608943748,4.625849490519716,5.182486725771416,6.467279458572346,"rgba(239, 83, 80, 1.0)",0.0,0.0,1.0531164732859806,5.497496334248934,-1.2700364757144278,0.0,0.0,0.0,0.0,-1.0,4.125,4.09,433.0,28.33775143680707,-16.176534066190627,False,True,False,True,False,0.0,0,0.8035971223021585,0.8573741007194247,False,False,False,False,-0.34282825441539394,-0.3366815456976583,False,False,False,False,-871338.0,-400915.39333669445,False,False,False,False,40006.923591391685,False,False,False,False
2025-09-25 17:00:00+00:00,4.075,4.09,3.975,3.975,56702.0,,,,,,,4.349136215251153,4.5451801402217,4.658677586058455,4.667996950041301,,,,,4.013333333333333,4.148881605770309,4.214624136625981,4.45534502157103,4.479550264079527,4.588769627107642,5.1570277809460645,6.449632706332469,"rgba(239, 83, 80, 1.0)",0.0,0.0,1.0681419752445245,5.475893224549201,-1.4051439409125444,0.0,0.0,0.0,0.0,-1.0,4.14,4.0,433.0,25.487625564015282,-18.934575958236213,False,True,False,True,False,0.0,0,0.8015901698590532,0.8534513913986268,False,False,False,False,-0.34282825441539394,-0.3397549000565261,False,False,False,False,-928040.0,-409087.86785860616,False,False,False,False,40265.761985323596,False,False,False,False
2025-09-26 17:00:00+00:00,3.975,4.0,3.94,3.945,50491.0,,,,,,,4.308778833736968,4.510962257423489,4.629264359650479,4.639294744830904,,,,,3.988996840589715,4.1167437700238105,4.179196829535526,4.421963860520304,4.446072906837849,4.556694144982856,5.134290259172555,6.43380245968452,"rgba(239, 83, 80, 1.0)",0.0,0.0,1.0832562689152274,5.456644570050593,-1.3954634867374032,0.0,0.0,0.0,0.0,0.0,0.0,0.0,0.0,23.355413237466042,-21.0177452435629,False,True,False,True,False,0.0,0,0.8006879073135411,0.8568066618392471,False,False,False,False,-0.34282825441539394,-0.34129157723596004,False,False,False,False,-978531.0,-417916.4435507208,False,False,False,False,40424.29280725656,False,False,False,False
2025-09-29 17:00:00+00:00,4.225,4.24,4.075,4.075,69396.0,,,,,,4.130000000000001,4.286390749569618,4.482547718056391,4.60189474449222,4.612354928825961,,,,,4.04440830591562,4.119274350686564,4.1712555040461865,4.397137520003334,4.420282383373997,4.528667829899793,5.1087034810451115,6.413830186004755,"rgba(239, 83, 80, 1.0)",0.0,0.0,1.090780396722397,5.4353219561274155,-1.24710891414527,0.0,0.0,0.0,0.0,-1.0,3.94,3.57,438.0,25.883457236731168,-21.0177452435629,False,True,False,True,True,0.0,0,0.7995300072306581,0.8559291395516994,False,False,False,False,-0.2988990096426932,-0.32009529343932663,False,False,False,False,-909135.0,-425532.2351235778,False,False,False,False,40873.46656218282,False,False,False,False
2025-09-30 17:00:00+00:00,3.535,3.57,3.425,3.555,75918.0,,,,,,3.8095694840139287,4.193646520419759,4.4096812778300585,4.540493796061884,4.552418421968478,,,,3.5166666666666666,3.885739081820834,4.015168083991173,4.073010691360124,4.322203452342517,4.34623098404241,4.460824925353981,5.065533606859123,6.386611563070034,"rgba(239, 83, 80, 1.0)",0.0,0.0,1.1044963060554283,5.398421833398832,-1.6690158430519195,0.0,0.0,0.0,0.0,0.0,0.0,0.0,0.0,23.472167840171387,-21.0177452435629,False,True,False,True,True,0.0,0,0.8125788430347811,0.8610560461344388,False,False,False,False,-0.34282825441539394,-0.3314617739273603,False,False,False,False,-985053.0,-434206.9756642975,False,False,False,False,41416.79266199394,False,False,False,False
2025-10-01 17:00:00+00:00,3.465,3.485,3.38,3.385,67872.0,,,,,,3.684481063484469,4.118089062508955,4.346939051557294,4.4863848203955365,4.499464551783831,,,,3.469464496835663,3.7863665169481564,3.935096554080469,3.9953615646477867,4.258175598809881,4.282775678516291,4.401783472239811,5.0265073881553315,6.3618741136281365,"rgba(239, 83, 80, 1.0)",0.0,0.0,1.122727121427636,5.3651966924799375,-1.763738182401759,0.0,0.0,0.0,0.0,-1.0,3.425,3.235,437.0,21.07220956598048,-23.1468311938966,False,True,False,True,False,0.0,0,0.8130363337593572,0.8515610735804273,False,False,False,False,-0.34282825441539394,-0.3371450141713771,False,False,False,False,-1052925.0,-443799.5031733782,False,False,False,False,41826.95091529636,False,False,False,False
2025-10-02 17:00:00+00:00,3.185,3.235,3.12,3.18,78373.0,,,,,,3.5484251843823493,4.023216611856865,4.267476060870028,4.4174922135442225,4.4319710201327,,,3.1783333333333332,3.366761424419608,3.6668601954765534,3.833831368692319,3.897162658430383,4.176665098363282,4.202078873145771,4.326796858687059,4.977339744101088,6.331546676708401,"rgba(239, 83, 80, 1.0)",0.0,0.0,1.1441446114420541,5.119292231293933,-1.6949712579161584,0.0,0.0,0.0,0.0,-1.0,3.38,3.375,438.0,18.67253810739131,-25.509951037592046,False,True,False,True,False,0.0,0,0.8072442664725156,0.8587550054605025,False,False,False,False,-0.34282825441539394,-0.3399866342933855,False,False,False,False,-1131298.0,-454458.3945970467,False,False,False,False,42393.556327462305,False,False,False,False
2025-10-03 17:00:00+00:00,3.375,3.375,3.265,3.305,43367.0,,,,,3.3150000000000004,3.5182007468316385,3.9857471969009346,4.232937600983772,4.386271680572054,4.401263531025185,,,3.2270176058266253,3.358307623746218,3.6323465891912963,3.798063176775746,3.860859581665926,4.142117844071926,4.167607746679749,4.293607495983566,4.953223887505458,6.315728917395498,"rgba(239, 83, 80, 1.0)",0.0,0.0,1.157643392943277,5.102928401402737,-1.5530934762488064,0.0,0.0,0.0,0.0,0.0,0.0,0.0,0.0,19.70959728098329,-25.509951037592046,False,True,False,True,False,0.0,0,0.8174457121825545,0.8490982701509019,False,False,False,False,-0.31606691938661985,-0.3280267768400027,False,False,False,False,-1087931.0,-464279.67530096846,False,False,False,False,42408.64847742413,False,False,False,False
2025-10-06 17:00:00+00:00,3.485,3.585,3.465,3.575,165207.0,,,,3.5416666666666665,3.4945378139173626,3.525952153393864,3.91125680740925,4.149035902239529,4.304029338389638,4.319772444876478,,,3.4081738032923616,3.428634058214951,3.607679510949089,3.744732539976314,3.799588418648894,4.062558427858128,4.086895227591791,4.210081659410668,4.8792993137436715,6.261400091849174,"rgba(239, 83, 80, 1.0)",0.0,0.0,1.1622235717066784,5.055336466421342,-1.273710585862174,0.0,0.0,0.0,0.0,1.0,3.635,3.375,442.0,25.15821285037,-30.80249675408947,False,True,False,True,True,0.0,0,0.8162273322116286,0.8601607777154611,False,False,False,False,-0.2783126832915522,-0.3031697300657774,False,False,False,False,-922724.0,-471387.33924979065,False,False,False,False,44312.49888862686,False,False,False,False
2025-10-07 17:00:00+00:00,3.805,3.845,3.635,3.67,140973.0,,,3.7166666666666663,3.6222410836762684,3.5841228218236743,3.5678884277067024,3.8868916456754556,4.108458407422917,4.258969350981706,4.274635446003781,,,3.509802996666043,3.499657515756823,3.628211739781379,3.7405020199914105,3.7879176088893236,4.027423281578453,4.050196604754891,4.167362005050829,4.829565306884562,6.219572191166573,"rgba(239, 83, 80, 1.0)",0.0,0.0,1.1626203202288385,5.022121500148192,-1.1629948974933224,0.0,0.0,0.0,0.0,0.0,0.0,0.0,0.0,30.22640310902247,-26.161929286085346,False,True,False,True,True,0.0,0,0.8232189973614777,0.8486618921975123,False,False,False,False,-0.23952935169907869,-0.271349540882428,False,False,False,False,-781751.0,-476199.1789513443,False,False,False,False,45811.11130895822,False,False,False,False
2025-10-08 17:00:00+00:00,3.685,3.755,3.645,3.69,63648.0,,,3.710445604312363,3.6350498474966737,3.6014589237527073,3.579518694939416,3.876713186988098,4.091719228631349,4.240145177371999,4.255744223275884,,,3.5339980192635263,3.51939322135447,3.6335778772095546,3.7377088674716323,3.7824655212282843,4.012919386893674,4.035052592272035,4.149654760103459,4.808099705602405,6.200987193682909,"rgba(239, 83, 80, 1.0)",0.0,0.0,1.1650215440918665,5.006431375510905,-1.1299631171516769,0.0,0.0,0.0,0.0,0.0,0.0,0.0,0.0,33.917363333651565,-22.858210374129794,False,False,False,True,True,0.0,0,0.8164652567975833,0.8574395770392752,False,False,False,False,-0.24668826995820642,-0.25901890542031725,False,False,False,False,-718103.0,-479949.6257893079,False,False,False,False,46087.65221889685,False,False,False,False
2025-10-09 17:00:00+00:00,3.755,3.805,3.705,3.79,45805.0,,,3.7207289046132055,3.6495547313776013,3.6179455047204065,3.5909399327701084,3.8726327246116607,4.082480425992943,4.229006460529601,4.244504279289224,,,3.5538304027184093,3.536021194633296,3.640684980429463,3.738978540323363,3.7818141995942662,4.0053859740048114,4.027026271873642,4.139559369918455,4.79408998268517,6.188149969556346,"rgba(239, 83, 80, 1.0)",0.0,0.0,1.1608324405162675,4.996413867826975,-1.0392661556653566,0.0,0.0,0.0,0.0,0.0,0.0,0.0,0.0,37.966090053989916,-19.19116781762509,False,False,False,True,True,0.0,0,0.8210109392682009,0.8508110147114297,False,False,False,False,-0.23685099368232188,-0.24793494955131956,False,False,False,False,-672298.0,-482931.7711259077,False,False,False,False,46083.27001395271,False,False,False,False
2025-10-10 17:00:00+00:00,3.675,3.685,3.52,3.525,103325.0,,,3.67865063278973,3.6350426527772957,3.6103606811007865,3.5892127833913428,3.8497882288023377,4.052004493748231,4.19613302142352,4.211588855980827,,3.5766666666666667,3.5575131939436884,3.541374614185728,3.6338023973798834,3.724369930189525,3.764359583080464,3.9777104978835056,3.9985648288880755,4.107967807081487,4.7582349962251484,6.157450035662597,"rgba(239, 83, 80, 1.0)",0.0,0.0,1.164080165036167,4.967602096083947,-1.2392635313386058,0.0,0.0,0.0,0.0,0.0,0.0,0.0,0.0,37.67381998056616,-19.19116781762509,False,False,False,True,True,0.0,0,0.8136576239476149,0.8518241347053321,False,False,False,False,-0.2642440915357844,-0.25608952054355194,False,False,False,False,-775623.0,-487469.61963558354,False,False,False,False,46970.738695906926,False,False,False,False
2025-10-13 17:00:00+00:00,3.525,3.81,3.525,3.79,53475.0,,,3.6825484251987834,3.6418892516678807,3.618868455667424,3.596233126395763,3.844354577176362,4.041612012000465,4.183734305390648,4.199071185723784,,3.6215702062074824,3.5691314893165442,3.552029162783241,3.6377307734514015,3.7236561843869156,3.7619965693226085,3.969001747399507,3.9893728246659546,4.096687552553417,4.74247223837363,6.142639500026795,"rgba(239, 83, 80, 1.0)",0.0,0.0,1.156381288626154,4.955494613805845,-1.0078808998980935,0.0,0.0,0.0,0.0,1.0,3.955,3.685,446.0,41.24888185536638,-15.959135180594146,True,False,False,True,True,0.0,0,0.8138624930128565,0.8537357928079004,False,False,False,False,-0.2525231645042169,-0.2543063425238844,False,False,False,False,-722148.0,-491108.04413735744,False,False,False,False,47071.579956435504,False,False,False,False
2025-10-14 17:00:00+00:00,3.975,4.065,3.955,4.015,67945.0,,4.011666666666667,3.7296092494421305,3.681123151742668,3.6579015373665134,3.625174494311517,3.852140540222155,4.040504015910074,4.178351148057441,4.193329905813467,,3.739504327126298,3.608584766401004,3.5865029395921,3.661201576848095,3.739071627516642,3.7746957709090823,3.970685156751773,3.9902352533587497,4.093743907687991,4.728792256862731,6.1263906850673795,"rgba(38, 166, 154, 1.0)",0.0,0.0,1.1441048351763372,4.9467279946384,-0.814372919326747,0.0,0.0,0.0,0.0,1.0,4.255,3.81,446.0,46.153008826508625,-11.297768773616795,True,False,False,True,True,0.0,0,0.8193799888620756,0.8550213476888809,False,False,False,False,-0.19179329645820395,-0.2230498194910442,False,False,False,False,-654203.0,-493636.6481042201,False,False,False,False,47395.1988718396,False,False,False,False
2025-10-15 17:00:00+00:00,4.315,4.42,4.255,4.42,95265.0,4.365,4.2179058676960155,3.835721941929798,3.7696844891702446,3.7443724877301534,3.6910081554761995,3.88355350404512,4.056508019834479,4.186194377397375,4.200400143011667,,3.925710524671104,3.692631099520285,3.6605795701641974,3.7181293405062585,3.782765592338622,3.8139913904424887,3.991355751733216,4.009516436169294,4.106302139448479,4.719488430531332,6.107758794207355,"rgba(38, 166, 154, 1.0)",0.0,0.0,1.1211708085666439,4.9440537592134515,-0.4674165213803826,0.0,0.0,0.0,0.0,0.0,0.0,0.0,0.0,52.78188632652535,-5.189114680662257,True,False,True,False,True,0.0,0,0.823152889539137,0.8456474030724216,False,False,False,False,-0.1350087256001619,-0.17902927254560302,False,False,False,False,-558938.0,-494649.07216461975,False,False,False,False,48137.366331190926,False,False,False,False
2025-10-16 17:00:00+00:00,4.03,4.07,3.89,3.89,40774.0,4.240615007461096,4.164354638925929,3.843345465006571,3.7791538653412613,3.7545998844411046,3.700510292501954,3.8852509421372656,4.054306211847736,4.182021385383204,4.196062687350884,3.9500000000000006,3.9284555994722608,3.704314980565759,3.6719053176409164,3.725888072517621,3.787617212106205,3.8177591554348305,3.990448225327371,4.008234098948332,4.103265156370748,4.711156757878767,6.098033734404294,"rgba(38, 166, 154, 1.0)",0.0,0.0,1.1033546308605597,4.937800092960637,-0.9496494269874107,0.0,0.0,0.0,0.0,0.0,0.0,0.0,0.0,51.65351923669487,-5.189114680662257,True,False,True,False,True,0.0,0,0.8160317746885721,0.8508756093157611,False,False,False,False,-0.19705108657699616,-0.1880401795612996,False,False,False,False,-599712.0,-496277.95476671867,False,False,False,False,48023.205612877886,False,False,False,False
