date,Open,High,Low,Close,Volume,Gap_Up_aVWAP_445,Gap_Up_aVWAP_409,Gap_Up_aVWAP_406,Gap_Up_aVWAP_396,Gap_Up_aVWAP_391,Gap_Up_aVWAP_388,Gap_Up_aVWAP_384,Gap_Up_aVWAP_377,Gap_Up_aVWAP_369,Gap_Up_aVWAP_368,Gap_Down_aVWAP_440,Gap_Down_aVWAP_437,Gap_Down_aVWAP_435,Gap_Down_aVWAP_426,Gap_Down_aVWAP_417,Gap_Down_aVWAP_415,Gap_Down_aVWAP_408,Gap_Down_aVWAP_404,Gap_Down_aVWAP_401,Gap_Down_aVWAP_393,aVWAP_OB_bull_299,aVWAP_OB_bull_254,aVWAP_OB_bear_400,color,Liquidity,Liquidity_Level,StDev,StDev_Mean,StdDev_ZScore,OB,OB_High,OB_Low,OB_Mitigated_Index,FVG,FVG_High,FVG_Low,FVG_Mitigated_Index,QQEMOD,QQE1_Value,QQE1_Above_Upper,QQE1_Below_Lower,QQE2_Above_Threshold,QQE2_Below_Threshold,QQE2_Above_TL,banker_RSI,TTM_squeeze_Active,VI_plus,VI_minus,VI_Regular_Bullish,VI_Regular_Bearish,VI_Hidden_Bullish,VI_Hidden_Bearish,Fisher,Fisher_Signal,Fisher_Regular_Bullish,Fisher_Regular_Bearish,Fisher_Hidden_Bullish,Fisher_Hidden_Bearish,OBV,OBV_Smoothed,OBV_Regular_Bullish,OBV_Regular_Bearish,OBV_Hidden_Bullish,OBV_Hidden_Bearish,Volume_MA,Vol_Regular_Bullish,Vol_Regular_Bearish,Vol_Hidden_Bullish,Vol_Hidden_Bearish
2024-02-22 17:00:00+00:00,8.62,8.745,8.485,8.5,64583.0,,,,,,,,,,,,,,,,,,,,,,,,"rgba(38, 166, 154, 1.0)",0.0,0.0,,,,0.0,0.0,0.0,0.0,0.0,0.0,0.0,0.0,,,False,False,False,False,False,,0,,,False,False,False,False,,,False,False,False,False,0.0,0.0,False,False,False,False,64583.0,False,False,False,False
2024-02-23 17:00:00+00:00,8.675,8.8,8.59,8.655,71964.0,,,,,,,,,,,,,,,,,,,,,,,,"rgba(38, 166, 154, 1.0)",0.0,0.0,,,,0.0,0.0,0.0,0.0,0.0,0.0,0.0,0.0,100.0,,False,False,True,False,False,,0,,,False,False,False,False,,,False,False,False,False,71964.0,1115.7209302325582,False,False,False,False,64697.43410852713,False,False,False,False
2024-02-26 17:00:00+00:00,8.91,8.925,8.65,8.695,27701.0,,,,,,,,,,,,,,,,,,,,,,,,"rgba(239, 83, 80, 1.0)",0.0,0.0,,,,0.0,0.0,0.0,0.0,0.0,0.0,0.0,0.0,100.0,50.0,False,False,True,False,True,,0,,,False,False,False,False,,,False,False,False,False,99665.0,2643.6167297638362,False,False,False,False,64123.84598281353,False,False,False,False
2024-02-27 17:00:00+00:00,8.665,8.92,8.645,8.755,21595.0,,,,,,,,,,,,,,,,,,,,,,,,"rgba(239, 83, 80, 1.0)",0.0,0.0,,,,0.0,0.0,0.0,0.0,0.0,0.0,0.0,0.0,100.0,50.0,False,False,True,False,True,,0,,,False,False,False,False,,,False,False,False,False,121260.0,4482.630423876025,False,False,False,False,63464.484029591615,False,False,False,False
2024-02-28 17:00:00+00:00,8.735,8.795,8.675,8.69,27892.0,,,,,,,,,,,,,,,,,,,,,,,,"rgba(239, 83, 80, 1.0)",0.0,0.0,,,,0.0,0.0,0.0,0.0,0.0,0.0,0.0,0.0,91.62801791535252,42.46521612381727,False,False,True,False,False,,0,,,False,False,False,False,,,False,False,False,False,93368.0,5860.698169242288,False,False,False,False,62912.97264928786,False,False,False,False
2024-02-29 17:00:00+00:00,8.84,8.865,8.795,8.835,40001.0,,,,,,,,,,,,,,,,,,,,,,,,"rgba(38, 166, 154, 1.0)",0.0,0.0,,,,0.0,0.0,0.0,0.0,0.0,0.0,0.0,0.0,89.28348141760614,40.85745220092437,False,False,True,False,False,,0,,,False,False,False,False,,,False,False,False,False,133369.0,7837.571065843182,False,False,False,False,62557.74826712836,False,False,False,False
2024-03-01 17:00:00+00:00,8.745,8.8,8.695,8.745,55255.0,,,,,,,,,,,,,,,,,,,,,,,,"rgba(239, 83, 80, 1.0)",0.0,0.0,,,,0.0,0.0,0.0,0.0,0.0,0.0,0.0,0.0,81.72613407958586,34.46441521327962,False,False,True,False,False,,0,,,False,False,False,False,,,False,False,False,False,78114.0,8927.128103582047,False,False,False,False,62444.52736376202,False,False,False,False
2024-03-04 17:00:00+00:00,8.615,8.63,8.375,8.4,27104.0,,,,,,,,,,,,,,,,,,,,,,,,"rgba(239, 83, 80, 1.0)",0.0,0.0,,,,0.0,0.0,0.0,0.0,0.0,0.0,0.0,0.0,66.06821032295814,21.007911211207258,False,False,True,False,False,,0,,,False,False,False,False,,,False,False,False,False,51010.0,9579.5757298831,False,False,False,False,61896.612210835476,False,False,False,False
2024-03-05 17:00:00+00:00,8.445,8.57,8.38,8.43,40257.0,,,,,,,,,,,,,,,,,,,,,,,,"rgba(239, 83, 80, 1.0)",0.0,0.0,,,,0.0,0.0,0.0,0.0,0.0,0.0,0.0,0.0,56.60172291158406,13.699393148356066,False,False,False,False,False,,0,,,False,False,False,False,,,False,False,False,False,91267.0,10846.04742399344,False,False,False,False,61561.11434710159,False,False,False,False
2024-03-06 17:00:00+00:00,8.305,8.495,8.205,8.31,25953.0,,,,,,,,,,,,,,,,,,,,,,,,"rgba(239, 83, 80, 1.0)",0.0,0.0,,8.336666666666666,,0.0,0.0,0.0,0.0,0.0,0.0,0.0,0.0,48.188115621455765,7.2243401608243545,False,False,False,True,False,,0,,,False,False,False,False,,,False,False,False,False,65314.0,11690.511805016797,False,False,False,False,61009.050558774434,False,False,False,False
2024-03-07 17:00:00+00:00,8.645,8.65,8.53,8.625,27369.0,,,,,,,,,,,,,,,,,,,,,,,,"rgba(38, 166, 154, 1.0)",0.0,0.0,,8.472685289373992,,0.0,0.0,0.0,0.0,0.0,0.0,0.0,0.0,50.149657474177296,7.2243401608243545,False,False,False,True,False,,0,,,False,False,False,False,,,False,False,False,False,92683.0,12946.209296411886,False,False,False,False,60487.49938732057,False,False,False,False
2024-03-08 17:00:00+00:00,9.185,9.225,9.09,9.21,25905.0,,,,,,,,,,,,,,,,,,,,,,,,"rgba(38, 166, 154, 1.0)",0.0,0.0,,8.702322440582124,,0.0,0.0,0.0,0.0,0.0,0.0,0.0,0.0,57.714872663027776,-3.4370323454258767,False,False,True,False,True,,0,,,False,False,False,False,,,False,False,False,False,118588.0,14584.066516622554,False,False,False,False,59951.3366061218,False,False,False,False
2024-03-11 17:00:00+00:00,9.65,9.745,9.55,9.605,29487.0,,,,,,,,,,,,,,,,,,,,,,,,"rgba(239, 83, 80, 1.0)",0.0,0.0,,9.294089077763674,,0.0,0.0,0.0,0.0,0.0,0.0,0.0,0.0,64.90290335517611,2.8124791503412254,False,False,True,False,True,,0,,,False,False,False,False,,,False,False,False,False,148075.0,16653.693392333833,False,False,False,False,59479.02130990285,False,False,False,False
2024-03-12 17:00:00+00:00,9.04,9.1,8.815,8.91,32049.0,,,,,,,,,,,,,,,,,,,,,,,,"rgba(239, 83, 80, 1.0)",0.0,0.0,,9.112472965024862,,0.0,0.0,0.0,0.0,0.0,0.0,0.0,0.0,61.25818529323223,2.8124791503412254,False,False,True,False,True,,0,,,False,False,False,False,,,False,False,False,False,116026.0,18194.34930873176,False,False,False,False,59053.749661687296,False,False,False,False
2024-03-13 17:00:00+00:00,9.44,9.545,9.345,9.38,21130.0,,,,,,,,,,,,,,,,,,,,,,,,"rgba(38, 166, 154, 1.0)",0.0,0.0,,9.162442076827173,,0.0,0.0,0.0,0.0,0.0,0.0,0.0,0.0,61.82686933727564,2.8124791503412254,False,False,True,False,True,,0,,,False,False,False,False,,,False,False,False,False,137156.0,20038.71598611576,False,False,False,False,58465.784550653385,False,False,False,False
2024-03-14 17:00:00+00:00,8.945,9.045,8.84,9.005,57433.0,,,,,,,,,,,,,,,,,,,,,,,,"rgba(239, 83, 80, 1.0)",0.0,0.0,,9.084524020130736,,0.0,0.0,0.0,0.0,0.0,0.0,0.0,0.0,59.07385554305146,2.8124791503412254,False,False,True,False,False,,0,,,False,False,False,False,,,False,False,False,False,79723.0,20964.05372276513,False,False,False,False,58449.77238707736,False,False,False,False
2024-03-15 17:00:00+00:00,8.835,9.0,8.805,8.955,22600.0,,,,,,,,,,,,,,,,,,,,,,,,"rgba(239, 83, 80, 1.0)",0.0,0.0,,9.063496392936921,,0.0,0.0,0.0,0.0,0.0,0.0,0.0,0.0,56.84755734771127,2.8124791503412254,False,False,True,False,False,,0,,,False,False,False,False,,,False,False,False,False,57123.0,21524.657541016833,False,False,False,False,57893.961962471505,False,False,False,False
2024-03-18 17:00:00+00:00,9.065,9.08,8.9,8.995,28122.0,,,,,,,,,,,,,,,,,,,,,,,,"rgba(239, 83, 80, 1.0)",0.0,0.0,,9.052934588409595,,0.0,0.0,0.0,0.0,0.0,0.0,0.0,0.0,55.67000938604373,2.8124791503412254,False,False,True,False,False,,0,,,False,False,False,False,,,False,False,False,False,85245.0,22512.56982720262,False,False,False,False,57432.38115685179,False,False,False,False
2024-03-19 17:00:00+00:00,8.84,8.885,8.7,8.7,24745.0,,,,,,,,,,,,,,,,,,,,,,,,"rgba(239, 83, 80, 1.0)",0.0,0.0,,9.02306286517613,,0.0,0.0,0.0,0.0,0.0,0.0,0.0,0.0,52.42930025488456,12.919773745264948,False,False,False,False,False,,0,,,False,False,False,False,,,False,False,False,False,60500.0,23101.522232982425,False,False,False,False,56925.60005364478,False,False,False,False
2024-03-20 17:00:00+00:00,8.75,8.945,8.705,8.885,41369.0,,,,,,,,,,,,,,,,,,,,,,,,"rgba(239, 83, 80, 1.0)",0.0,0.0,,8.996826795019954,,0.0,0.0,0.0,0.0,0.0,0.0,0.0,0.0,51.869263038598206,11.657760539920389,False,False,False,False,False,,0,,,False,False,False,False,,,False,False,False,False,101869.0,24322.72343867262,False,False,False,False,56684.41245591385,False,False,False,False
2024-03-21 17:00:00+00:00,9.055,9.22,8.99,9.12,30838.0,,,,,,,,,,,,,,,,,,,,,,,,"rgba(239, 83, 80, 1.0)",0.0,0.0,,9.007190436978554,,0.0,0.0,0.0,0.0,0.0,0.0,0.0,0.0,53.34511846838165,11.657760539920389,False,False,True,False,False,,0,,,False,False,False,False,,,False,False,False,False,132707.0,26003.099819468393,False,False,False,False,56283.69288295395,False,False,False,False
2024-03-22 17:00:00+00:00,9.25,9.275,9.055,9.07,15646.0,,,,,,,,,,,,,,,,,,,,,,,,"rgba(239, 83, 80, 1.0)",0.0,0.0,,9.012824759032945,,0.0,0.0,0.0,0.0,0.0,0.0,0.0,0.0,53.83634998139105,11.657760539920389,False,False,True,False,False,,0,,,False,False,False,False,,,False,False,False,False,117061.0,27414.85020986423,False,False,False,False,55653.65113283063,False,False,False,False
2024-03-25 17:00:00+00:00,9.54,9.59,9.33,9.335,60597.0,,,,,,,,,,,,,,,,,,,,,,,,"rgba(38, 166, 154, 1.0)",0.0,0.0,,9.073762497645362,,0.0,0.0,0.0,0.0,0.0,0.0,0.0,0.0,56.20228563320751,11.657760539920389,False,False,True,False,False,,0,,,False,False,False,False,,,False,False,False,False,177658.0,29744.20136940122,False,False,False,False,55730.29220053868,False,False,False,False
2024-03-26 17:00:00+00:00,9.345,9.38,9.255,9.285,14099.0,,,,,,,,,,,,,,,,,,,,,,,,"rgba(38, 166, 154, 1.0)",0.0,0.0,,9.08157697876091,,0.0,0.0,0.0,0.0,0.0,0.0,0.0,0.0,57.212321592369804,11.657760539920389,False,False,True,False,True,,0,,,False,False,False,False,,,False,False,False,False,163559.0,31818.8494101857,False,False,False,False,55084.84580983265,False,False,False,False
2024-03-27 17:00:00+00:00,9.425,9.535,9.41,9.475,34661.0,,,,,,,,,,,,,,,,,,,,,,,,"rgba(38, 166, 154, 1.0)",0.0,0.0,,9.11158118373902,,0.0,0.0,0.0,0.0,0.0,0.0,0.0,0.0,59.335072489320204,11.657760539920389,False,False,True,False,True,,0,,,False,False,False,False,,,False,False,False,False,198220.0,34398.71221002778,False,False,False,False,54768.19703758718,False,False,False,False
2024-03-28 17:00:00+00:00,9.8,10.095,9.8,10.05,25672.0,,,,,,,,,,,,,,,,,,,,,,,,"rgba(38, 166, 154, 1.0)",0.0,0.0,,9.432867168290558,,0.0,0.0,0.0,0.0,0.0,0.0,0.0,0.0,63.98419869254934,7.348505458732724,False,False,True,False,True,,0,,,False,False,False,False,,,False,False,False,False,223892.0,37336.59264088006,False,False,False,False,54317.09320754707,False,False,False,False
2024-03-29 17:00:00+00:00,10.05,10.05,10.05,10.05,0.0,,,,,,,,,,,,,,,,,,,,,,,,"rgba(38, 166, 154, 1.0)",0.0,0.0,,9.432867168290558,,0.0,0.0,0.0,0.0,0.0,0.0,0.0,0.0,67.08361616136877,10.461138455280626,False,False,True,False,True,,0,,,False,False,False,False,,,False,False,False,False,223892.0,40228.92453792068,False,False,False,False,53474.96773146107,False,False,False,False
2024-04-01 17:00:00+00:00,9.32,9.46,9.11,9.125,23790.0,,,,,,,,,,,,,,,,,,,,,,,,"rgba(38, 166, 154, 1.0)",0.0,0.0,,9.314856283016232,,0.0,0.0,0.0,0.0,0.0,0.0,0.0,0.0,60.5599635577017,10.461138455280626,False,False,True,False,False,,0,,,False,False,False,False,,,False,False,False,False,200102.0,42707.5768706661,False,False,False,False,53014.73567360896,False,False,False,False
2024-04-02 17:00:00+00:00,8.705,8.71,8.175,8.345,82537.0,,,,,,,,,,,,,,,,,,,,,,,,"rgba(239, 83, 80, 1.0)",0.0,0.0,,8.991114389933934,,0.0,0.0,0.0,0.0,0.0,0.0,0.0,0.0,52.249164892109405,10.044236499516373,False,False,False,False,False,,0,,,False,False,False,False,,,False,False,False,False,117565.0,43868.15707422166,False,False,False,False,53472.44519804912,False,False,False,False
2024-04-03 17:00:00+00:00,8.195,8.335,8.12,8.135,51158.0,,,,,,,,,,,,,,,,,,,,,,,,"rgba(239, 83, 80, 1.0)",0.0,0.0,,8.882696176351217,,0.0,0.0,0.0,0.0,0.0,0.0,0.0,0.0,45.872225231824906,4.501082780606843,False,False,False,True,False,,0,,,False,False,False,False,,,False,False,False,False,66407.0,44217.59649942753,False,False,False,False,53436.56232676153,False,False,False,False
2024-04-04 17:00:00+00:00,8.285,8.31,7.465,7.645,140414.0,,,,,,,,,,,,,,,,,,,,,,,,"rgba(239, 83, 80, 1.0)",0.0,0.0,,8.614069522665986,,0.0,0.0,0.0,0.0,0.0,0.0,0.0,0.0,39.89844339834713,-0.6868521689944487,False,False,False,True,False,,0,,,False,False,False,False,,,False,False,False,False,-74007.0,42384.65701881625,False,False,False,False,54785.04973254817,False,False,False,False
2024-04-05 17:00:00+00:00,7.405,7.94,7.395,7.915,107578.0,,,,,,,,,,,,,,,,,,,,,,,,"rgba(239, 83, 80, 1.0)",0.0,0.0,,8.301459147851867,,0.0,0.0,0.0,0.0,0.0,0.0,0.0,0.0,38.03398938189427,-2.238506955427411,False,False,False,True,False,,0,,,False,False,False,False,,,False,False,False,False,33571.0,42248.01117356328,False,False,False,False,55603.54508553192,False,False,False,False
2024-04-08 17:00:00+00:00,7.975,8.275,7.93,8.09,25984.0,,,,,,,,,,,,,,,,,,,,,,,,"rgba(239, 83, 80, 1.0)",0.0,0.0,,8.309643528124369,,0.0,0.0,0.0,0.0,0.0,0.0,0.0,0.0,38.11415050216196,-2.339238362427345,False,False,False,True,False,,0,,,False,False,False,False,,,False,False,False,False,59555.0,42516.336581725096,False,False,False,False,55144.327332267865,False,False,False,False
2024-04-09 17:00:00+00:00,8.71,8.85,8.645,8.835,55619.0,,,,,,,,,,,,,,,,,,,,,,,,"rgba(239, 83, 80, 1.0)",0.0,0.0,,8.401085587296194,,0.0,0.0,0.0,0.0,0.0,0.0,0.0,0.0,42.785302544297394,-2.339238362427345,False,False,False,True,True,,0,,,False,False,False,False,,,False,False,False,False,115174.0,43642.81198355881,False,False,False,False,55151.68659843426,False,False,False,False
2024-04-10 17:00:00+00:00,8.35,8.615,8.305,8.605,37111.0,,,,,,,,,,,,,,,,,,,,,,,,"rgba(239, 83, 80, 1.0)",0.0,0.0,,8.42017789563625,,0.0,0.0,0.0,0.0,0.0,0.0,0.0,0.0,44.64292309659088,-2.339238362427345,False,False,False,True,True,,0,,,False,False,False,False,,,False,False,False,False,78063.0,44176.45830939511,False,False,False,False,54871.98603101668,False,False,False,False
2024-04-11 17:00:00+00:00,8.35,8.51,8.285,8.295,33336.0,,,,,,,,,,,,,,,,,,,,,,,,"rgba(239, 83, 80, 1.0)",0.0,0.0,,8.423812204404186,,0.0,0.0,0.0,0.0,0.0,0.0,0.0,0.0,44.288543131554356,-2.339238362427345,False,False,False,True,True,,0,,,False,False,False,False,,,False,False,False,False,44727.0,44184.993839482006,False,False,False,False,54538.094774721845,False,False,False,False
2024-04-12 17:00:00+00:00,8.205,8.23,8.02,8.145,26486.0,,,,,,,,,,,,,,,,,,,,,,,,"rgba(239, 83, 80, 1.0)",0.0,0.0,,8.414945153924032,,0.0,0.0,0.0,0.0,0.0,0.0,0.0,0.0,43.31080335655429,-2.339238362427345,False,False,False,True,True,,0,,,False,False,False,False,,,False,False,False,False,18241.0,43782.76137685438,False,False,False,False,54103.17857666414,False,False,False,False
2024-04-15 17:00:00+00:00,8.355,8.43,8.285,8.29,26854.0,,,,,,,,,,,,,,,,,,,,,,,,"rgba(239, 83, 80, 1.0)",0.0,0.0,,8.415630584847957,,0.0,0.0,0.0,0.0,0.0,0.0,0.0,0.0,43.68702581003714,-2.339238362427345,False,False,False,True,True,,0,,,False,False,False,False,,,False,False,False,False,45095.0,43803.10616170935,False,False,False,False,53680.71069175462,False,False,False,False
2024-04-16 17:00:00+00:00,8.165,8.25,8.085,8.205,12993.0,,,,,,,,,,,,,,,,,,,,,,,,"rgba(239, 83, 80, 1.0)",0.0,0.0,,8.412571442443713,,0.0,0.0,0.0,0.0,0.0,0.0,0.0,0.0,43.44130511681168,-2.339238362427345,False,False,False,True,True,,0,,,False,False,False,False,,,False,False,False,False,32102.0,43621.69366307819,False,False,False,False,53049.89347172741,False,False,False,False
2024-04-17 17:00:00+00:00,8.235,8.405,8.205,8.23,19198.0,,,,,,,,,,,,,,,,,,,,,,,,"rgba(239, 83, 80, 1.0)",0.0,0.0,,8.411175121815637,,0.0,0.0,0.0,0.0,0.0,0.0,0.0,0.0,43.48609480277142,-2.339238362427345,False,False,False,True,True,,0,,,False,False,False,False,,,False,False,False,False,51300.0,43740.73717217776,False,False,False,False,52525.057914026205,False,False,False,False
2024-04-18 17:00:00+00:00,8.6,8.67,8.505,8.585,17441.0,,,,,,,,,,,,,,,,,,,,,,,,"rgba(239, 83, 80, 1.0)",0.0,0.0,,8.4178602703476,,0.0,0.0,0.0,0.0,0.0,0.0,0.0,0.0,46.32039670639269,-2.339238362427345,False,False,False,True,True,,0,,,False,False,False,False,,,False,False,False,False,68741.0,44128.33814625252,False,False,False,False,51981.1190316382,False,False,False,False
2024-04-19 17:00:00+00:00,8.845,8.885,8.725,8.845,31331.0,,,,,,,,,,,,,,,,,,,,,,,,"rgba(239, 83, 80, 1.0)",0.0,0.0,,8.438827964449327,,0.0,0.0,0.0,0.0,0.0,0.0,0.0,0.0,49.96096308810182,-5.679693046891842,False,True,False,False,True,,0,,,False,False,False,False,,,False,False,False,False,100072.0,44995.68174088426,False,False,False,False,51660.962147426755,False,False,False,False
2024-04-22 17:00:00+00:00,9.055,9.135,8.995,9.115,26703.0,,,,,,,,,,,,,,,,,,,,,,,,"rgba(38, 166, 154, 1.0)",0.0,0.0,,8.464255585439341,,0.0,0.0,0.0,0.0,0.0,0.0,0.0,0.0,54.00337254114356,-1.7271169074501884,False,True,True,False,True,,0,,,False,False,False,False,,,False,False,False,False,126775.0,46263.578148002336,False,False,False,False,51274.01699785425,False,False,False,False
2024-04-23 17:00:00+00:00,9.33,9.38,9.21,9.25,20723.0,,,,,,,,,,,,,,,,,,,,,,,,"rgba(38, 166, 154, 1.0)",0.0,0.0,,8.487767080994221,,0.0,0.0,0.0,0.0,0.0,0.0,0.0,0.0,57.455686706586604,1.5516920986882425,False,False,True,False,True,,0,,,False,False,False,False,,,False,False,False,False,147498.0,47833.104068188346,False,False,False,False,50800.357819592944,False,False,False,False
2024-04-24 17:00:00+00:00,9.095,9.27,9.095,9.2,19080.0,,,,,,,,,,,,,,,,,,,,,,,,"rgba(38, 166, 154, 1.0)",0.0,0.0,,8.505827014328318,,0.0,0.0,0.0,0.0,0.0,0.0,0.0,0.0,59.234555016731406,3.277790060179548,True,False,True,False,True,,0,,,False,False,False,False,,,False,False,False,False,128418.0,49082.4822996893,False,False,False,False,50308.56932626592,False,False,False,False
2024-04-25 17:00:00+00:00,8.8,9.005,8.8,8.875,13458.0,,,,,,,,,,,,,,,,,,,,,,,,"rgba(38, 166, 154, 1.0)",0.0,0.0,,8.512994664308458,,0.0,0.0,0.0,0.0,0.0,0.0,0.0,0.0,57.255402713766,3.277790060179548,False,False,True,False,True,,0,,,False,False,False,False,,,False,False,False,False,114960.0,50103.83916326001,False,False,False,False,49737.24267004474,False,False,False,False
2024-04-26 17:00:00+00:00,8.84,8.91,8.77,8.805,15886.0,,,,,,,,,,,,,,,,,,,,,,,,"rgba(38, 166, 154, 1.0)",0.0,0.0,,8.519820126848696,,0.0,0.0,0.0,0.0,0.0,0.0,0.0,0.0,55.30802703451148,3.277790060179548,False,False,True,False,False,,0,,,False,False,False,False,,,False,False,False,False,99074.0,50863.06646305443,False,False,False,False,49212.417202292105,False,False,False,False
2024-04-29 17:00:00+00:00,8.715,8.885,8.71,8.885,41373.0,,,,,,,,,,,,,,,,,,,,,,,,"rgba(38, 166, 154, 1.0)",0.0,0.0,,8.536041724299114,,0.0,0.0,0.0,0.0,0.0,0.0,0.0,0.0,54.71378244041678,3.277790060179548,False,False,True,False,False,,0,,,False,False,False,False,,,False,False,False,False,140447.0,52251.96465742568,False,False,False,False,49090.87585031858,False,False,False,False
2024-04-30 17:00:00+00:00,8.845,8.925,8.615,8.655,58144.0,,,,,,,,,,,,,,,,,,,,,,,,"rgba(38, 166, 154, 1.0)",0.0,0.0,,8.549969564565357,,0.0,0.0,0.0,0.0,0.0,0.0,0.0,0.0,52.118359421261076,7.713178198849647,False,False,False,False,False,,0,,,False,False,False,False,,,False,False,False,False,82303.0,52717.87218211675,False,False,False,False,49231.234364267126,False,False,False,False
2024-05-01 17:00:00+00:00,8.535,8.9,8.515,8.675,39988.0,,,,,,,,,,,,,,,,,,,,,,,,"rgba(38, 166, 154, 1.0)",0.0,0.0,,8.584882942489633,,0.0,0.0,0.0,0.0,0.0,0.0,0.0,0.0,50.598860617025764,6.057318706651969,False,True,False,False,False,0.009008472583563076,0,,,False,False,False,False,,,False,False,False,False,122291.0,53796.52532658006,False,False,False,False,49087.9284051312,False,False,False,False
2024-05-02 17:00:00+00:00,9.445,9.61,9.15,9.385,59388.0,,,,,,,,,,,,,,,,,,,,,,,,"rgba(38, 166, 154, 1.0)",0.0,0.0,,8.70503197890445,,0.0,0.0,0.0,0.0,0.0,0.0,0.0,0.0,55.22184201421153,6.057318706651969,True,False,True,False,True,6.48579679058701,0,,,False,False,False,False,,,False,False,False,False,181679.0,55779.19935252455,False,False,False,False,49247.619437609785,False,False,False,False
2024-05-03 17:00:00+00:00,9.485,9.62,9.44,9.585,88259.0,,,,,,,,,,,,,,,,,,,,,,,,"rgba(38, 166, 154, 1.0)",0.0,0.0,,8.80556963016222,,0.0,0.0,0.0,0.0,0.0,0.0,0.0,0.0,59.401825533233854,3.4930050539502773,True,False,True,False,True,8.145486537699473,0,,,False,False,False,False,,,False,False,False,False,269938.0,59099.49083543115,False,False,False,False,49852.44704322824,False,False,False,False
2024-05-06 17:00:00+00:00,9.615,10.06,9.515,9.715,51059.0,,,,,,,,,,,,,,,,,,,,,,,,"rgba(38, 166, 154, 1.0)",0.0,0.0,,8.861837611092811,,0.0,0.0,0.0,0.0,0.0,0.0,0.0,0.0,62.8707092926365,6.663402271739358,True,False,True,False,True,9.202649613507297,0,,,False,False,False,False,,,False,False,False,False,320997.0,63159.917334106634,False,False,False,False,49871.15329062005,False,False,False,False
2024-05-07 17:00:00+00:00,9.84,10.07,9.835,10.065,23144.0,,,,,,,,,,,,,,,,,,,,,,,,"rgba(38, 166, 154, 1.0)",0.0,0.0,,8.891196292467866,,0.0,0.0,0.0,0.0,0.0,0.0,0.0,0.0,66.80637487634402,10.262762191279336,True,False,True,False,True,11.942014967588815,0,,,False,False,False,False,,,False,False,False,False,344141.0,67516.2131893918,False,False,False,False,49456.778820998035,False,False,False,False
2024-05-08 17:00:00+00:00,10.085,10.345,10.055,10.305,24714.0,,,,,,,,,,,,,,,,,,,,,,,,"rgba(38, 166, 154, 1.0)",0.0,0.0,,8.927965175503452,,0.0,0.0,0.0,0.0,0.0,0.0,0.0,0.0,70.36410763709509,13.511230558290649,True,False,True,False,True,13.726973005903591,0,,,False,False,False,False,,,False,False,False,False,368855.0,72188.13236475007,False,False,False,False,49073.16984702907,False,False,False,False
2024-05-09 17:00:00+00:00,10.54,10.715,10.505,10.585,34302.0,,,,,,,,,,,,,,,,,,,,,,,,"rgba(38, 166, 154, 1.0)",0.0,0.0,,8.989626941860834,,0.0,0.0,0.0,0.0,0.0,0.0,0.0,0.0,73.68786610365828,16.578799049356263,True,False,True,False,True,15.724460866032793,0,,,False,False,False,False,,,False,False,False,False,403157.0,77319.4326381648,False,False,False,False,48844.159461803814,False,False,False,False
2024-05-10 17:00:00+00:00,10.67,10.685,10.565,10.63,24829.0,,,,,,,,,,,,,,,,,,,,,,,,"rgba(38, 166, 154, 1.0)",0.0,0.0,,9.03081121953991,,0.0,0.0,0.0,0.0,0.0,0.0,0.0,0.0,76.05062443009507,18.825682641003,True,False,True,False,True,16.03967312697526,0,,,False,False,False,False,,,False,False,False,False,427986.0,82756.12360501496,False,False,False,False,48471.831408132435,False,False,False,False
2024-05-13 17:00:00+00:00,11.07,11.085,10.795,10.865,19271.0,,,,,,,,,,,,,,,,,,,,,,,,"rgba(38, 166, 154, 1.0)",0.0,0.0,,9.067079813695237,,0.0,0.0,0.0,0.0,0.0,0.0,0.0,0.0,78.37141738259963,21.12923413955515,True,False,True,False,True,17.66440312865747,0,,,False,False,False,False,,,False,False,False,False,447257.0,88407.29998323179,False,False,False,False,48019.1053397893,False,False,False,False
2024-05-14 17:00:00+00:00,11.18,11.365,10.895,11.29,25619.0,,,,,,,,,,,,,,,,,,,,,,,,"rgba(38, 166, 154, 1.0)",0.0,0.0,,9.119809202244005,,0.0,0.0,0.0,0.0,0.0,0.0,0.0,0.0,81.00251233257225,23.77587239372275,True,False,True,False,True,20.0,0,,,False,False,False,False,,,False,False,False,False,472876.0,94368.05502225144,False,False,False,False,47671.81688490884,False,False,False,False
2024-05-15 17:00:00+00:00,11.23,11.275,11.09,11.21,21048.0,,,,,,,,,,,,,,,,,,,,,,,,"rgba(38, 166, 154, 1.0)",0.0,0.0,,9.160596716859356,,0.0,0.0,0.0,0.0,0.0,0.0,0.0,0.0,81.63635950890067,24.645348164657094,True,False,True,False,True,19.56005672440531,0,,,False,False,False,False,,,False,False,False,False,451828.0,99910.06967306924,False,False,False,False,47259.04453010405,False,False,False,False
2024-05-16 17:00:00+00:00,11.3,11.305,11.01,11.08,12127.0,,,,,,,,,,,,,,,,,,,,,,,,"rgba(38, 166, 154, 1.0)",0.0,0.0,,9.18233564402932,,0.0,0.0,0.0,0.0,0.0,0.0,0.0,0.0,80.22165810670299,24.645348164657094,True,False,True,False,True,18.137779087124123,0,,,False,False,False,False,,,False,False,False,False,439701.0,105178.14611224647,False,False,False,False,46714.361669172205,False,False,False,False
2024-05-17 17:00:00+00:00,10.95,10.96,10.78,10.895,20508.0,,,,,,,,,,,,,,,,,,,,,,,,"rgba(38, 166, 154, 1.0)",0.0,0.0,,9.212381653958087,,0.0,0.0,0.0,0.0,0.0,0.0,0.0,0.0,76.79683422185089,24.645348164657094,True,False,True,False,False,16.147007774261443,0,,,False,False,False,False,,,False,False,False,False,419193.0,110046.59345934342,False,False,False,False,46308.0614882548,False,False,False,False
2024-05-20 17:00:00+00:00,10.975,11.01,10.885,10.895,9702.0,,,,,,,,,,,,,,,,,,,,,,,,"rgba(38, 166, 154, 1.0)",0.0,0.0,,9.22660594209361,,0.0,0.0,0.0,0.0,0.0,0.0,0.0,0.0,74.51361829861615,30.9990304578905,True,False,True,False,False,16.147007774261443,0,,,False,False,False,False,,,False,False,False,False,419193.0,114839.56100260942,False,False,False,False,45740.525651227596,False,False,False,False
2024-05-21 17:00:00+00:00,10.935,11.275,10.925,11.235,47314.0,,,,,,,,,,,,,,,,,,,,,,,,"rgba(38, 166, 154, 1.0)",0.0,0.0,,9.301320854967708,,0.0,0.0,0.0,0.0,0.0,0.0,0.0,0.0,74.82315979994954,30.9990304578905,True,False,True,False,False,18.459652941283373,0,,,False,False,False,False,,,False,False,False,False,466507.0,120291.76935915812,False,False,False,False,45764.920602371356,False,False,False,False
2024-05-22 17:00:00+00:00,11.475,11.485,11.15,11.285,22757.0,,,,,,,,,,,,,,,,,,,,,,,,"rgba(38, 166, 154, 1.0)",0.0,0.0,,9.666117564942757,,0.0,0.0,0.0,0.0,0.0,0.0,0.0,0.0,75.26987698046833,30.9990304578905,True,False,True,False,False,18.791097256165028,0,,,False,False,False,False,,,False,False,False,False,489264.0,126012.26905901614,False,False,False,False,45408.20865504777,False,False,False,False
2024-05-23 17:00:00+00:00,11.045,11.05,10.745,10.865,26187.0,,,,,,,,,,,,,,,,,,,,,,,,"rgba(38, 166, 154, 1.0)",0.0,0.0,,9.654025372776696,,0.0,0.0,0.0,0.0,0.0,0.0,0.0,0.0,70.05335883428432,25.888409836176066,True,False,True,False,False,14.303894308419352,0,,,False,False,False,False,,,False,False,False,False,463077.0,131238.0788410469,False,False,False,False,45110.20542008579,False,False,False,False
2024-05-24 17:00:00+00:00,10.955,11.01,10.745,10.75,20124.0,,,,,,,,,,,,,,,,,,,,,,,,"rgba(38, 166, 154, 1.0)",0.0,0.0,,9.659956902325922,,0.0,0.0,0.0,0.0,0.0,0.0,0.0,0.0,65.32939934476269,21.42811902323399,True,False,True,False,False,13.125908182260936,0,,,False,False,False,False,,,False,False,False,False,442953.0,136070.8683163795,False,False,False,False,44722.822390317015,False,False,False,False
2024-05-27 17:00:00+00:00,10.75,10.75,10.75,10.75,0.0,,,,,,,,,,,,,,,,,,,,,,,,"rgba(38, 166, 154, 1.0)",0.0,0.0,,9.659956902325922,,0.0,0.0,0.0,0.0,0.0,0.0,0.0,0.0,62.18009301841494,18.518542495393092,False,False,True,False,False,13.125908182260936,0,,,False,False,False,False,,,False,False,False,False,442953.0,140828.7308231023,False,False,False,False,44029.445298994266,False,False,False,False
2024-05-28 17:00:00+00:00,10.91,10.91,10.745,10.815,13232.0,,,,,,,,,,,,,,,,,,,,,,,,"rgba(38, 166, 154, 1.0)",0.0,0.0,,9.666287907054905,,0.0,0.0,0.0,0.0,0.0,0.0,0.0,0.0,60.711955747591944,17.097108043617652,False,False,True,False,False,13.602540563102437,0,,,False,False,False,False,,,False,False,False,False,456185.0,145717.97530646503,False,False,False,False,43551.96552691683,False,False,False,False
2024-05-29 17:00:00+00:00,10.445,10.46,10.22,10.255,40950.0,,,,,,,,,,,,,,,,,,,,,,,,"rgba(239, 83, 80, 1.0)",0.0,0.0,,9.648530109703417,,0.0,0.0,0.0,0.0,0.0,0.0,0.0,0.0,54.074036885306455,10.897464779910123,False,True,False,False,False,7.982859156628233,0,,,False,False,False,False,,,False,False,False,False,415235.0,149896.5338288454,False,False,False,False,43511.62497611191,False,False,False,False
2024-05-30 17:00:00+00:00,10.48,10.52,10.18,10.185,19611.0,,,,,,,,,,,,,,,,,,,,,,,,"rgba(239, 83, 80, 1.0)",0.0,0.0,,9.646573229282037,,0.0,0.0,0.0,0.0,0.0,0.0,0.0,0.0,49.10909163774707,6.4365733244124215,False,True,False,True,False,7.316913888240698,0,,,False,False,False,False,,,False,False,False,False,395624.0,153706.2619865377,False,False,False,False,43141.072650900875,False,False,False,False
2024-05-31 17:00:00+00:00,10.08,10.325,10.065,10.3,22418.0,,,,,,,,,,,,,,,,,,,,,,,,"rgba(239, 83, 80, 1.0)",0.0,0.0,,9.728341219851844,,0.0,0.0,0.0,0.0,0.0,0.0,0.0,0.0,47.18444797694753,4.7338891891457,False,True,False,True,False,8.215377195325672,0,,,False,False,False,False,,,False,False,False,False,418042.0,157804.49048287043,False,False,False,False,42819.784702824894,False,False,False,False
2024-06-03 17:00:00+00:00,10.16,10.39,10.13,10.39,24831.0,,,,,,,,,,,,,,,,,,,,,,,,"rgba(239, 83, 80, 1.0)",0.0,0.0,,9.736709495201088,,0.0,0.0,0.0,0.0,0.0,0.0,0.0,0.0,46.9732092979865,4.383850825933848,False,True,False,True,False,8.915921528300668,0,,,False,False,False,False,,,False,False,False,False,442873.0,162224.1572970895,False,False,False,False,42540.88881595939,False,False,False,False
2024-06-04 17:00:00+00:00,10.645,10.87,10.605,10.845,35870.0,,,,,,,,,,,,,,,,,,,,,,,,"rgba(239, 83, 80, 1.0)",0.0,0.0,,9.793428196638002,,0.0,0.0,0.0,0.0,0.0,0.0,0.0,0.0,51.179574443869456,4.383850825933848,False,True,False,False,True,12.308357107591053,0,,,False,False,False,False,,,False,False,False,False,478743.0,167131.4261762044,False,False,False,False,42437.46418315382,False,False,False,False
2024-06-05 17:00:00+00:00,10.93,11.265,10.88,11.235,48040.0,,,,,,,,,,,,,,,,,,,,,,,,"rgba(38, 166, 154, 1.0)",0.0,0.0,1.0031737609181146,9.875271774734202,1.3554264258480613,0.0,0.0,0.0,0.0,0.0,0.0,0.0,0.0,56.54930391148044,-1.1584913909899157,False,True,True,False,True,15.002229492326414,0,,,False,False,False,False,,,False,False,False,False,526783.0,172707.41956882138,False,False,False,False,42524.325203570035,False,False,False,False
2024-06-06 17:00:00+00:00,11.16,11.465,11.155,11.43,24428.0,,,,,,,,,,,,,,,,,,,,,,,,"rgba(38, 166, 154, 1.0)",0.0,0.0,1.0245617960249511,9.916776950788472,1.4769465883682782,0.0,0.0,0.0,0.0,0.0,0.0,0.0,0.0,61.18429432381099,3.1537759720635847,False,False,True,False,True,16.289376027347295,0,,,False,False,False,False,,,False,False,False,False,551211.0,178575.69213364585,False,False,False,False,42243.762022119336,False,False,False,False
2024-06-07 17:00:00+00:00,11.215,11.255,11.12,11.23,31150.0,,,,,,,,,,,,,,,,,,,,,,,,"rgba(38, 166, 154, 1.0)",0.0,0.0,1.041019458758343,9.953964249809319,1.225755906342663,0.0,0.0,0.0,0.0,0.0,0.0,0.0,0.0,61.915389024048224,3.926439184809688,False,False,True,False,True,14.284722415610243,0,,,False,False,False,False,,,False,False,False,False,520061.0,183870.03799203894,False,False,False,False,42071.76571169888,False,False,False,False
2024-06-10 17:00:00+00:00,11.315,11.535,11.3,11.44,31949.0,,,,,,,,,,,,,,,,,,,,,,,,"rgba(38, 166, 154, 1.0)",0.0,0.0,1.0614155005768782,9.998234479311284,1.3583422513663288,0.0,0.0,0.0,0.0,0.0,0.0,0.0,0.0,63.6975682728823,5.876562350335568,False,False,True,False,True,15.68038566982931,0,,,False,False,False,False,,,False,False,False,False,552010.0,189577.6343022399,False,False,False,False,41914.823607641534,False,False,False,False
2024-06-11 17:00:00+00:00,11.645,11.725,11.575,11.7,23582.0,,,,,,,,,,,,,,,,,,,,,,,,"rgba(38, 166, 154, 1.0)",0.0,0.0,1.0873474087831299,10.239477646590384,1.3431975297059038,0.0,0.0,0.0,0.0,0.0,0.0,0.0,0.0,66.29033950247185,8.630380800550789,True,False,True,False,True,17.35446603724422,0,,,False,False,False,False,,,False,False,False,False,575592.0,195562.35315026718,False,False,False,False,41630.59378426725,False,False,False,False
2024-06-12 17:00:00+00:00,11.57,11.63,11.33,11.34,38946.0,,,,,,,,,,,,,,,,,,,,,,,,"rgba(38, 166, 154, 1.0)",0.0,0.0,1.1020767741932573,10.259121958550516,0.9807647404970573,0.0,0.0,0.0,0.0,0.0,0.0,0.0,0.0,64.03967083923024,8.630380800550789,False,False,True,False,True,13.813199799442387,0,,,False,False,False,False,,,False,False,False,False,536646.0,200850.471706077,False,False,False,False,41588.972175208844,False,False,False,False
2024-06-13 17:00:00+00:00,11.315,11.445,11.135,11.225,51716.0,,,,,,,,,,,,,,,,,,,,,,,,"rgba(38, 166, 154, 1.0)",0.0,0.0,1.1146553501192866,10.28042469370315,0.8474146795202341,0.0,0.0,0.0,0.0,0.0,0.0,0.0,0.0,61.41548873225037,8.630380800550789,False,False,True,False,False,12.716840458353538,0,,,False,False,False,False,,,False,False,False,False,484930.0,205254.8054780758,False,False,False,False,41745.98035853894,False,False,False,False
2024-06-14 17:00:00+00:00,11.0,11.065,10.9,10.985,48071.0,,,,,,,,,,,,,,,,,,,,,,,,"rgba(38, 166, 154, 1.0)",0.0,0.0,1.1210405920433963,10.281917838478417,0.627169226976899,0.0,0.0,0.0,0.0,0.0,0.0,0.0,0.0,57.46914031366066,14.792916019887713,False,True,True,False,False,10.469978837662705,0,,,False,False,False,False,,,False,False,False,False,436859.0,208845.56818384206,False,False,False,False,41844.04267856159,False,False,False,False
2024-06-17 17:00:00+00:00,10.945,11.2,10.945,11.195,20327.0,,,,,,,,,,,,,,,,,,,,,,,,"rgba(38, 166, 154, 1.0)",0.0,0.0,1.1255708941856297,10.289074510096071,0.8048586673515414,0.0,0.0,0.0,0.0,0.0,0.0,0.0,0.0,56.578639306324604,13.700331599538465,False,True,True,False,False,11.912813226082527,0,,,False,False,False,False,,,False,False,False,False,457186.0,212695.80743680574,False,False,False,False,41510.44511765366,False,False,False,False
2024-06-18 17:00:00+00:00,11.42,11.48,11.335,11.45,28543.0,,,,,,,,,,,,,,,,,,,,,,,,"rgba(38, 166, 154, 1.0)",0.0,0.0,1.1341842327743203,10.312294502017489,1.003104667748358,0.0,0.0,0.0,0.0,0.0,0.0,0.0,0.0,57.852176509139554,13.700331599538465,False,True,True,False,False,13.613492475891992,0,,,False,False,False,False,,,False,False,False,False,485729.0,216928.88018972348,False,False,False,False,41309.39945691484,False,False,False,False
2024-06-19 17:00:00+00:00,11.45,11.45,11.45,11.45,0.0,,,,,,,,,,,,,,,,,,,,,,,,"rgba(38, 166, 154, 1.0)",0.0,0.0,1.139313085287054,10.312294502017489,0.9985889854814243,0.0,0.0,0.0,0.0,0.0,0.0,0.0,0.0,58.701201311016185,13.700331599538465,False,True,True,False,False,13.613492475891992,0,,,False,False,False,False,,,False,False,False,False,485729.0,221096.32390771224,False,False,False,False,40668.943651381276,False,False,False,False
2024-06-20 17:00:00+00:00,11.46,11.55,11.28,11.355,60666.0,,,,,,,,,,,,,,,,,,,,,,,,"rgba(38, 166, 154, 1.0)",0.0,0.0,1.1460370888452993,10.354329014934766,0.8731575921975352,0.0,0.0,0.0,0.0,0.0,0.0,0.0,0.0,58.15577179602205,13.700331599538465,False,True,True,False,False,12.696439371322832,0,,,False,False,False,False,,,False,False,False,False,425063.0,224258.5979556547,False,False,False,False,40978.97553275521,False,False,False,False
2024-06-21 17:00:00+00:00,11.275,11.355,11.145,11.185,34590.0,,,,,,,,,,,,,,,,,,,,,,,,"rgba(38, 166, 154, 1.0)",0.0,0.0,1.1549543963540974,10.369321704461012,0.7062428595569502,0.0,0.0,0.0,0.0,0.0,0.0,0.0,0.0,55.88960029673157,11.613125872992562,False,True,True,False,False,11.06997134304373,0,,,False,False,False,False,,,False,False,False,False,390473.0,226835.56542921043,False,False,False,False,40879.92164852645,False,False,False,False
2024-06-24 17:00:00+00:00,11.075,11.31,11.03,11.185,36866.0,,,,,,,,,,,,,,,,,,,,,,,,"rgba(38, 166, 154, 1.0)",0.0,0.0,1.1652280061457096,10.38263674583564,0.6885890571909463,0.0,0.0,0.0,0.0,0.0,0.0,0.0,0.0,54.378819297204586,9.834305492659453,False,True,True,False,False,11.06997134304373,0,,,False,False,False,False,,,False,False,False,False,390473.0,229372.57991868,False,False,False,False,40817.69030513844,False,False,False,False
2024-06-25 17:00:00+00:00,10.975,11.015,10.84,10.865,51674.0,,,,,,,,,,,,,,,,,,,,,,,,"rgba(38, 166, 154, 1.0)",0.0,0.0,1.1658430310178864,10.38687366816025,0.41011209838626594,0.0,0.0,0.0,0.0,0.0,0.0,0.0,0.0,50.07739347965942,5.573257605334696,False,True,False,False,False,8.051011059923166,0,,,False,False,False,False,,,False,False,False,False,338799.0,231069.11356335162,False,False,False,False,40986.00518412854,False,False,False,False
2024-06-26 17:00:00+00:00,10.725,10.735,10.62,10.635,74487.0,,,,,,,,,,,,,,,,,,,,,,,,"rgba(239, 83, 80, 1.0)",0.0,0.0,1.1676706349445083,10.3787812081551,0.21942728041377513,0.0,0.0,0.0,0.0,0.0,0.0,0.0,0.0,45.348296600201635,1.123077724136735,False,True,False,True,False,5.968096514601871,0,,,False,False,False,False,,,False,False,False,False,264312.0,231584.5071515167,False,False,False,False,41505.40045259166,False,False,False,False
2024-06-27 17:00:00+00:00,10.5,10.605,10.485,10.59,52950.0,,,,,,,,,,,,,,,,,,,,,,,,"rgba(239, 83, 80, 1.0)",0.0,0.0,1.1657760706271363,10.371070034739391,0.18779761463351516,0.0,0.0,0.0,0.0,0.0,0.0,0.0,0.0,41.8512118992861,-2.0767828727583577,False,True,False,True,False,5.564702048444936,0,,,False,False,False,False,,,False,False,False,False,211362.0,231270.97990885752,False,False,False,False,41682.83610448946,False,False,False,False
2024-06-28 17:00:00+00:00,10.385,10.41,10.265,10.385,38629.0,,,,,,,,,,,,,,,,,,,,,,,,"rgba(239, 83, 80, 1.0)",0.0,0.0,1.1616112799752611,10.360299850580667,0.021263696251175447,0.0,0.0,0.0,0.0,0.0,0.0,0.0,0.0,38.02615211915758,-5.571993457419168,False,True,False,True,False,3.741088983381548,0,,,False,False,False,False,,,False,False,False,False,172733.0,230363.41432887522,False,False,False,False,41635.489808295824,False,False,False,False
2024-07-01 17:00:00+00:00,10.195,10.345,10.105,10.335,65949.0,,,,,,,,,,,,,,,,,,,,,,,,"rgba(239, 83, 80, 1.0)",0.0,0.0,1.1573278985943714,10.340477938956282,-0.004733264412733758,0.0,0.0,0.0,0.0,0.0,0.0,0.0,0.0,35.13112064445917,-8.222492476485328,False,True,False,True,False,3.299986356950754,0,,,False,False,False,False,,,False,False,False,False,106784.0,228447.45441679962,False,False,False,False,42012.44345467883,False,False,False,False
2024-07-02 17:00:00+00:00,10.79,11.23,10.705,11.145,101732.0,,,,,,,,,,,,,,,,,,,,,,,,"rgba(38, 166, 154, 1.0)",0.0,0.0,1.156128219298992,10.37029663035467,0.6700843009567439,0.0,0.0,0.0,0.0,0.0,0.0,0.0,0.0,42.22384808814866,-15.022456831718209,False,True,False,True,True,9.376910800723238,0,,,False,False,False,False,,,False,False,False,False,208516.0,228138.43961963992,False,False,False,False,42938.32805228071,False,False,False,False
2024-07-03 17:00:00+00:00,11.36,11.36,11.36,11.36,0.0,,,,,,,,,,,,,,,,,,,,,,,,"rgba(38, 166, 154, 1.0)",0.0,0.0,1.1597445082104603,10.37029663035467,0.8533805184147741,0.0,0.0,0.0,0.0,0.0,0.0,0.0,0.0,48.44386709555905,-9.518535074373453,False,True,False,False,True,10.84953446829164,0,,,False,False,False,False,,,False,False,False,False,208516.0,227834.21574956796,False,False,False,False,42272.61753984225,False,False,False,False
2024-07-04 17:00:00+00:00,11.36,11.36,11.36,11.36,0.0,,,,,,,,,,,,,,,,,,,,,,,,"rgba(38, 166, 154, 1.0)",0.0,0.0,1.1652456919133065,10.37029663035467,0.8493516659308646,0.0,0.0,0.0,0.0,0.0,0.0,0.0,0.0,52.59054643383264,-5.926329823171926,False,True,True,False,True,10.84953446829164,0,,,False,False,False,False,,,False,False,False,False,208516.0,227534.7085286444,False,False,False,False,41617.22812061989,False,False,False,False
2024-07-05 17:00:00+00:00,11.14,11.26,11.02,11.225,32353.0,,,,,,,,,,,,,,,,,,,,,,,,"rgba(38, 166, 154, 1.0)",0.0,0.0,1.1674794864798905,10.469577387887094,0.6470542916266627,0.0,0.0,0.0,0.0,0.0,0.0,0.0,0.0,53.82431625850139,-4.830125346415997,False,True,True,False,True,9.60819463815713,0,,,False,False,False,False,,,False,False,False,False,176163.0,226738.24793130107,False,False,False,False,41473.59667688935,False,False,False,False
2024-07-08 17:00:00+00:00,11.06,11.06,10.705,10.72,34366.0,,,,,,,,,,,,,,,,,,,,,,,,"rgba(38, 166, 154, 1.0)",0.0,0.0,1.1666113358822663,10.454211447029568,0.22782956482196903,0.0,0.0,0.0,0.0,0.0,0.0,0.0,0.0,50.12599013931633,-4.830125346415997,False,True,False,False,True,5.182669702593341,0,,,False,False,False,False,,,False,False,False,False,141797.0,225421.32935872275,False,False,False,False,41363.40137957323,False,False,False,False
2024-07-09 17:00:00+00:00,10.26,10.36,9.75,9.755,79760.0,,,,,,,,,,,,,,,,,,,,,,,,"rgba(239, 83, 80, 1.0)",0.0,0.0,1.1634821260585204,10.322099055093426,-0.48741535636182337,0.0,0.0,0.0,0.0,0.0,0.0,0.0,0.0,42.80048452193354,2.0200138570101345,False,True,False,True,False,0.0,0,,,False,False,False,False,,,False,False,False,False,62037.0,222888.23898106813,False,False,False,False,41958.69748221551,False,False,False,False
2024-07-10 17:00:00+00:00,9.935,9.94,9.805,9.905,26799.0,,,,,,,,,,,,,,,,,,,,,,,,"rgba(239, 83, 80, 1.0)",0.0,0.0,1.161432646688042,10.30317538783856,-0.3428312343156567,0.0,0.0,0.0,0.0,0.0,0.0,0.0,0.0,39.265412222569026,-1.2401621715661477,False,True,False,True,False,0.0,0,,,False,False,False,False,,,False,False,False,False,88836.0,220809.90969453994,False,False,False,False,41723.66341272379,False,False,False,False
2024-07-11 17:00:00+00:00,10.485,10.605,10.36,10.595,50543.0,,,,,,,,,,,,,,,,,,,,,,,,"rgba(239, 83, 80, 1.0)",0.0,0.0,1.1628015369848854,10.325481386030585,0.23178384736940605,0.0,0.0,0.0,0.0,0.0,0.0,0.0,0.0,42.00861750301672,-1.2401621715661477,False,True,False,True,False,3.719626299249736,0,,,False,False,False,False,,,False,False,False,False,139379.0,219547.41497059359,False,False,False,False,41860.39731330172,False,False,False,False
2024-07-12 17:00:00+00:00,10.595,10.83,10.57,10.785,27508.0,,,,,,,,,,,,,,,,,,,,,,,,"rgba(239, 83, 80, 1.0)",0.0,0.0,1.1653822865797603,10.34073023981693,0.3812223381968009,0.0,0.0,0.0,0.0,0.0,0.0,0.0,0.0,44.98087148177099,-1.2401621715661477,False,True,False,True,True,4.970886717910606,0,,,False,False,False,False,,,False,False,False,False,166887.0,218730.97442841384,False,False,False,False,41637.87952549859,False,False,False,False
2024-07-15 17:00:00+00:00,11.195,11.425,11.155,11.265,41778.0,,,,,,,,,,,,,,,,,,,,,,,,"rgba(38, 166, 154, 1.0)",0.0,0.0,1.1668900609802155,10.386607811677859,0.7527634502125001,0.0,0.0,0.0,0.0,0.0,0.0,0.0,0.0,49.52416969506372,-10.04804217058124,False,True,False,False,True,8.002660924024113,0,,,False,False,False,False,,,False,False,False,False,208665.0,218574.91280936866,False,False,False,False,41640.05193595598,False,False,False,False
2024-07-16 17:00:00+00:00,11.395,11.48,11.165,11.36,31376.0,,,,,,,,,,,,,,,,,,,,,,,,"rgba(38, 166, 154, 1.0)",0.0,0.0,1.1558015626621414,10.416277596045003,0.8165090223457859,0.0,0.0,0.0,0.0,0.0,0.0,0.0,0.0,53.01789741871475,-6.551246423873266,False,False,True,False,True,8.583360377323388,0,,,False,False,False,False,,,False,False,False,False,240041.0,218907.72036271176,False,False,False,False,41480.91934780162,False,False,False,False
2024-07-17 17:00:00+00:00,11.54,11.85,11.5,11.715,35685.0,,,,,,,,,,,,,,,,,,,,,,,,"rgba(38, 166, 154, 1.0)",0.0,0.0,1.1437029594520838,10.458188325520556,1.0988969330651617,0.0,0.0,0.0,0.0,0.0,0.0,0.0,0.0,57.0011546882146,-2.5815855928634406,False,False,True,False,True,10.70820930086888,0,,,False,False,False,False,,,False,False,False,False,275726.0,219788.62392297978,False,False,False,False,41391.060133107014,False,False,False,False
2024-07-18 17:00:00+00:00,11.665,11.665,11.4,11.57,29922.0,,,,,,,,,,,,,,,,,,,,,,,,"rgba(38, 166, 154, 1.0)",0.0,0.0,1.112908926767718,10.48471662385821,0.9751771686240651,0.0,0.0,0.0,0.0,0.0,0.0,0.0,0.0,58.48858539975714,-0.8682900618656433,True,False,True,False,True,9.580403087919368,0,,,False,False,False,False,,,False,False,False,False,245804.0,220191.9630869646,False,False,False,False,41213.245247322404,False,False,False,False
2024-07-19 17:00:00+00:00,11.18,11.215,10.995,11.165,23180.0,,,,,,,,,,,,,,,,,,,,,,,,"rgba(38, 166, 154, 1.0)",0.0,0.0,1.082079483683617,10.494267411881783,0.6198551938485215,0.0,0.0,0.0,0.0,0.0,0.0,0.0,0.0,56.51103948473856,-0.8682900618656433,True,False,True,False,True,6.522996880462134,0,,,False,False,False,False,,,False,False,False,False,222624.0,220229.66908561627,False,False,False,False,40933.6600496895,False,False,False,False
2024-07-22 17:00:00+00:00,11.185,11.685,11.185,11.66,42721.0,,,,,,,,,,,,,,,,,,,,,,,,"rgba(38, 166, 154, 1.0)",0.0,0.0,1.060423912345373,10.524709238960527,1.0706008680325911,0.0,0.0,0.0,0.0,0.0,0.0,0.0,0.0,57.82043244698071,-0.779389034138319,True,False,True,False,True,9.476936975930364,0,,,False,False,False,False,,,False,False,False,False,265345.0,220929.1315804129,False,False,False,False,40961.37074659354,False,False,False,False
2024-07-23 17:00:00+00:00,11.835,11.875,11.645,11.705,26685.0,,,,,,,,,,,,,,,,,,,,,,,,"rgba(38, 166, 154, 1.0)",0.0,0.0,1.0557026907094458,10.547156301301554,1.0967516791307603,0.0,0.0,0.0,0.0,0.0,0.0,0.0,0.0,58.91370949062714,0.8275804086054137,True,False,True,False,True,9.738091735971008,0,,,False,False,False,False,,,False,False,False,False,292030.0,222031.47062567782,False,False,False,False,40740.031665251,False,False,False,False
2024-07-24 17:00:00+00:00,11.73,11.825,11.675,11.7,11327.0,,,,,,,,,,,,,,,,,,,,,,,,"rgba(38, 166, 154, 1.0)",0.0,0.0,1.0443079436071878,10.556138486038924,1.0953297070689856,0.0,0.0,0.0,0.0,0.0,0.0,0.0,0.0,59.60010945736474,2.0975486773723873,True,False,True,False,True,9.699816520944843,0,,,False,False,False,False,,,False,False,False,False,280703.0,222941.1067400084,False,False,False,False,40284.01567044091,False,False,False,False
2024-07-25 17:00:00+00:00,11.825,12.035,11.795,11.835,52348.0,,,,,,,,,,,,,,,,,,,,,,,,"rgba(38, 166, 154, 1.0)",0.0,0.0,1.0249906261931254,10.600868094543609,1.2040421384535287,0.0,0.0,0.0,0.0,0.0,0.0,0.0,0.0,60.83229716676141,3.8801037603278914,True,False,True,False,True,10.502454737000015,0,,,False,False,False,False,,,False,False,False,False,333051.0,224648.23686807026,False,False,False,False,40471.05418717826,False,False,False,False
2024-07-26 17:00:00+00:00,12.145,12.51,12.105,12.495,36822.0,,,,,,,,,,,,,,,,,,,,,,,,"rgba(38, 166, 154, 1.0)",0.0,0.0,1.0125619634025962,10.642412677776324,1.8296039049287134,0.0,0.0,0.0,0.0,0.0,0.0,0.0,0.0,64.67192558420783,7.966092191364659,True,False,True,False,True,14.228834311394472,0,,,False,False,False,False,,,False,False,False,False,369873.0,226899.783583294,False,False,False,False,40414.479703656114,False,True,False,False
2024-07-29 17:00:00+00:00,12.35,12.48,12.315,12.36,21123.0,,,,,,,,,,,,,,,,,,,,,,,,"rgba(38, 166, 154, 1.0)",0.0,0.0,0.9979794903018064,10.665040713089601,1.6983909021996164,0.0,0.0,0.0,0.0,0.0,0.0,0.0,0.0,65.93615023253888,9.529798119274162,True,False,True,False,True,13.165653589088372,0,,,False,False,False,False,,,False,False,False,False,348750.0,228788.93422541345,False,False,False,False,40115.386995072295,False,False,False,False
2024-07-30 17:00:00+00:00,12.26,12.415,12.08,12.395,39207.0,,,,,,,,,,,,,,,,,,,,,,,,"rgba(38, 166, 154, 1.0)",0.0,0.0,0.9781170456315258,10.70222299917285,1.7306487075217059,0.0,0.0,0.0,0.0,0.0,0.0,0.0,0.0,66.94112321430984,10.882195906328818,True,False,True,False,True,13.359953691913802,0,,,False,False,False,False,,,False,False,False,False,387957.0,231256.65617540703,False,False,False,False,40101.30347576885,False,False,False,False
2024-07-31 17:00:00+00:00,12.53,12.79,12.245,12.25,62218.0,,,,,,,,,,,,,,,,,,,,,,,,"rgba(38, 166, 154, 1.0)",0.0,0.0,0.952150046847502,10.912932079584236,1.4042617808429425,0.0,0.0,0.0,0.0,-1.0,12.08,11.37,0.0,66.06948769523021,10.882195906328818,True,False,True,False,True,12.20159893567148,0,,,False,False,False,False,,,False,False,False,False,325739.0,232721.4987153232,False,False,False,False,40444.19799552437,False,False,False,False
2024-08-01 17:00:00+00:00,11.07,11.37,10.88,11.24,92845.0,,,,,,,,,,,,,,,,,,,,,,,,"rgba(239, 83, 80, 1.0)",0.0,0.0,0.9202132439898931,10.851199113471722,0.4225117265673134,0.0,0.0,0.0,0.0,0.0,0.0,0.0,0.0,58.101087840742295,14.110425376584317,True,False,True,False,False,4.768892738188502,0,,,False,False,False,False,,,False,False,False,False,232894.0,232724.1731538453,False,False,False,False,41256.61353047748,False,False,False,False
2024-08-02 17:00:00+00:00,10.555,10.56,10.225,10.525,92300.0,,,,,,,,,,,,,,,,,,,,,,,,"rgba(239, 83, 80, 1.0)",0.0,0.0,0.8929236421053138,10.782871811173512,-0.2887949193119225,0.0,0.0,0.0,0.0,0.0,0.0,0.0,0.0,49.76274144342665,6.575431729505013,False,True,False,True,False,0.14225662258020222,0,,,False,False,False,False,,,False,False,False,False,140594.0,231295.7983762663,False,False,False,False,42047.98386333829,False,False,False,False
2024-08-05 17:00:00+00:00,9.695,9.695,9.3,9.58,148821.0,,,,,,,,,,,,,,,,,,,,,,,,"rgba(239, 83, 80, 1.0)",0.0,0.0,0.8827208296302126,10.629694883748627,-1.18915839358675,0.0,0.0,0.0,0.0,0.0,0.0,0.0,0.0,41.52936004188972,-0.5929733831700972,False,True,False,True,False,0.0,0,,,False,False,False,False,,,False,False,False,False,-8227.0,227582.26661849473,False,False,False,False,43703.3794623563,False,False,False,False
2024-08-06 17:00:00+00:00,9.91,9.94,9.455,9.545,71335.0,,,,,,,,,,,,,,,,,,,,,,,,"rgba(239, 83, 80, 1.0)",0.0,0.0,0.8763908996612166,10.581512929752034,-1.182706176151207,0.0,0.0,0.0,0.0,0.0,0.0,0.0,0.0,35.9568703985409,-5.241735900310076,False,True,False,True,False,0.0,0,,,False,False,False,False,,,False,False,False,False,-79562.0,222820.3400042545,False,False,False,False,44131.77667999418,False,False,False,False
2024-08-07 17:00:00+00:00,9.27,9.34,9.14,9.145,66911.0,,,,,,,,,,,,,,,,,,,,,,,,"rgba(239, 83, 80, 1.0)",0.0,0.0,0.8777664119080096,10.525077660312531,-1.5722607308619194,0.0,0.0,0.0,0.0,0.0,0.0,0.0,0.0,31.29938658975273,-9.194341715491731,False,True,False,True,False,0.0,0,,,False,False,False,False,,,False,False,False,False,-146473.0,217094.86186465365,False,False,False,False,44484.942933017526,False,False,False,False
2024-08-08 17:00:00+00:00,9.04,9.165,9.005,9.135,29049.0,,,,,,,,,,,,,,,,,,,,,,,,"rgba(239, 83, 80, 1.0)",0.0,0.0,0.8705635950193189,10.500886876762307,-1.5689685217448086,0.0,0.0,0.0,0.0,0.0,0.0,0.0,0.0,28.170985571314898,-11.939031583967832,False,True,False,True,False,0.0,0,,,False,False,False,False,,,False,False,False,False,-175522.0,211007.7787349691,False,False,False,False,44245.62598831958,False,False,False,False
2024-08-09 17:00:00+00:00,9.005,9.08,8.805,8.83,36281.0,,,,,,,,,,,,,,,,,,,,,,,,"rgba(239, 83, 80, 1.0)",0.0,0.0,0.8697943114001907,10.468340400920617,-1.8835952126235738,0.0,0.0,0.0,0.0,0.0,0.0,0.0,0.0,25.363740825655974,-14.615576032874053,False,True,False,True,False,0.0,0,,,False,False,False,False,,,False,False,False,False,-211803.0,204452.57286310912,False,False,False,False,44122.14341485726,False,False,False,False
2024-08-12 17:00:00+00:00,8.385,8.39,8.045,8.065,61690.0,,,,,,,,,,,,,,,,,,,,,,,,"rgba(239, 83, 80, 1.0)",0.0,0.0,0.8988486028307541,10.393091167427366,-2.5900815333032536,0.0,0.0,0.0,0.0,0.0,0.0,0.0,0.0,22.05717500419236,-17.90866440792837,False,True,False,True,False,0.0,0,,,False,False,False,False,,,False,False,False,False,-273493.0,197042.56398151052,False,False,False,False,44394.51328439435,False,False,False,False
2024-08-13 17:00:00+00:00,7.945,7.95,7.67,7.675,64926.0,,,,,,,,,,,,,,,,,,,,,,,,"rgba(239, 83, 80, 1.0)",0.0,0.0,0.9366083050651991,10.095958714388788,-2.584814485731322,0.0,0.0,0.0,0.0,0.0,0.0,0.0,0.0,19.280691768502546,-20.800240177862424,False,True,False,True,False,0.0,0,,,False,False,False,False,,,False,False,False,False,-338419.0,188740.83430737857,False,False,False,False,44712.830907892116,False,False,False,False
2024-08-14 17:00:00+00:00,7.975,8.06,7.84,7.98,54815.0,,,,,,,,,,,,,,,,,,,,,,,,"rgba(239, 83, 80, 1.0)",0.0,0.0,0.9607933705541942,10.047360782625043,-2.1517225721827895,0.0,0.0,0.0,0.0,0.0,0.0,0.0,0.0,19.99100895553241,-20.800240177862424,False,True,False,True,False,0.0,0,,,False,False,False,False,,,False,False,False,False,-283604.0,181417.65858168277,False,False,False,False,44869.453684513945,False,False,False,False
2024-08-15 17:00:00+00:00,8.6,8.63,8.43,8.455,83104.0,,,,,,,,,,,,,,,,,,,,,,,,"rgba(239, 83, 80, 1.0)",0.0,0.0,0.984562934083525,10.010638740850103,-1.5800297644742851,0.0,0.0,0.0,0.0,0.0,0.0,0.0,0.0,24.000607941807274,-20.800240177862424,False,True,False,True,True,0.0,0,,,False,False,False,False,,,False,False,False,False,-200500.0,175496.45457266446,False,False,False,False,45462.237348319926,False,False,False,False
2024-08-16 17:00:00+00:00,8.525,8.59,8.19,8.27,43276.0,,,,,,,,,,,,,,,,,,,,,,,,"rgba(239, 83, 80, 1.0)",0.0,0.0,1.0168325532954923,9.98269873806541,-1.6843468794489898,0.0,0.0,0.0,0.0,0.0,0.0,0.0,0.0,26.077662041420428,-20.800240177862424,False,True,False,True,True,0.0,0,,,False,False,False,False,,,False,False,False,False,-243776.0,168996.10643975492,False,False,False,False,45428.342195632795,False,False,False,False
2024-08-19 17:00:00+00:00,8.47,8.5,8.34,8.4,39892.0,,,,,,,,,,,,,,,,,,,,,,,,"rgba(239, 83, 80, 1.0)",0.0,0.0,1.045604751948501,9.959066077356987,-1.491066365614389,0.0,0.0,0.0,0.0,0.0,0.0,0.0,0.0,28.445599620689975,-20.800240177862424,False,True,False,True,True,0.0,0,,,False,False,False,False,-0.23165471382489553,-0.23165471382489553,False,False,False,False,-203884.0,163215.01951820834,False,False,False,False,45342.507432909806,False,False,False,False
2024-08-20 17:00:00+00:00,8.115,8.235,8.1,8.135,33000.0,,,,,,,,,,,,,,,,,,,,,,,,"rgba(239, 83, 80, 1.0)",0.0,0.0,1.0849135391299052,9.934244649476133,-1.6584221549296156,0.0,0.0,0.0,0.0,0.0,0.0,0.0,0.0,29.046625162389134,-20.800240177862424,False,True,False,True,True,0.0,0,0.8830361691288843,0.8619460010188489,False,False,False,False,-0.26821033484594015,-0.24993252433541785,False,False,False,False,-236884.0,157011.93394428265,False,False,False,False,45151.1507285236,False,False,False,False
2024-08-21 17:00:00+00:00,8.23,8.46,8.23,8.38,25128.0,,,,,,,,,,,,,,,,,,,,,,,,"rgba(239, 83, 80, 1.0)",0.0,0.0,1.1165190839680503,9.919100674850148,-1.3784812968715803,0.0,0.0,0.0,0.0,0.0,0.0,0.0,0.0,31.404780638084553,-26.34371686872344,False,True,False,True,True,0.0,0,0.8835030549898166,0.8584521384928719,False,False,False,False,-0.24244532333168925,-0.24618892383355356,False,False,False,False,-211756.0,151294.60163506895,False,False,False,False,44840.714283120134,False,False,False,False
2024-08-22 17:00:00+00:00,8.38,8.53,8.32,8.38,41868.0,,,,,,,,,,,,,,,,,,,,,,,,"rgba(239, 83, 80, 1.0)",0.0,0.0,1.1473136544213232,9.895781536554718,-1.321157061727153,0.0,0.0,0.0,0.0,0.0,0.0,0.0,0.0,32.97688428854816,-24.359290318163964,False,True,False,True,True,0.0,0,0.8839604364229631,0.8593861527480373,False,False,False,False,-0.23093724709141822,-0.2385630854624859,False,False,False,False,-211756.0,145665.9101368508,False,False,False,False,44794.625689583394,False,False,False,False
2024-08-23 17:00:00+00:00,8.71,8.73,8.505,8.64,62646.0,,,,,,,,,,,,,,,,,,,,,,,,"rgba(239, 83, 80, 1.0)",0.0,0.0,1.1702729218911723,9.869508688750512,-1.0506170532969472,0.0,0.0,0.0,0.0,0.0,0.0,0.0,0.0,36.18810721375014,-20.911856045152344,False,True,False,True,True,0.0,0,0.8854612095296273,0.8528812869069438,False,False,False,False,-0.20348438821927997,-0.22102373684088295,False,False,False,False,-149110.0,141095.7409874423,False,False,False,False,45071.391182768144,False,False,False,False
2024-08-26 17:00:00+00:00,8.69,8.76,8.61,8.62,64194.0,,,,,,,,,,,,,,,,,,,,,,,,"rgba(239, 83, 80, 1.0)",0.0,0.0,1.1921960696414238,9.844441099506888,-1.027046750686876,0.0,0.0,0.0,0.0,0.0,0.0,0.0,0.0,38.2051412461737,-18.66135162301687,False,True,False,True,True,0.0,0,0.887057387057387,0.8498168498168499,False,False,False,False,-0.1939312680658428,-0.20747750245336288,False,False,False,False,-213304.0,135601.17135973,False,False,False,False,45367.86573807406,False,False,False,False
2024-08-27 17:00:00+00:00,8.355,8.45,8.31,8.385,67431.0,,,,,,,,,,,,,,,,,,,,,,,,"rgba(239, 83, 80, 1.0)",0.0,0.0,1.2158109183541577,9.809567673090351,-1.1717016614876163,0.0,0.0,0.0,0.0,0.0,0.0,0.0,0.0,38.09540527284956,-18.35798042949018,False,True,False,True,True,0.0,0,0.8840182648401828,0.8566210045662104,False,False,False,False,-0.23740295780550014,-0.2224402301294315,False,False,False,False,-280735.0,129146.34699756365,False,False,False,False,45709.92983515818,False,False,False,False
2024-08-28 17:00:00+00:00,8.43,8.59,8.395,8.485,37003.0,,,,,,,,,,,,,,,,,,,,,,,,"rgba(239, 83, 80, 1.0)",0.0,0.0,1.2361378097464197,9.793120935304541,-1.0582322820243553,0.0,0.0,0.0,0.0,0.0,0.0,0.0,0.0,38.998040995008324,-17.023084264669173,False,True,False,True,True,0.0,0,0.8884272395622212,0.8531617349006893,False,False,False,False,-0.22127395833445893,-0.22185709423194522,False,False,False,False,-243732.0,123365.28735419057,False,False,False,False,45574.93867492317,False,False,False,False
2024-08-29 17:00:00+00:00,8.715,8.79,8.445,8.48,19273.0,,,,,,,,,,,,,,,,,,,,,,,,"rgba(239, 83, 80, 1.0)",0.0,0.0,1.2561208411484779,9.692088790183702,-0.9649460071655861,0.0,0.0,0.0,0.0,0.0,0.0,0.0,0.0,39.56384257341458,-15.9963711504126,False,False,False,True,True,0.0,0,0.8955692994018045,0.8479164554395217,False,False,False,False,-0.20348438821927997,-0.21267074122561258,False,False,False,False,-263005.0,117375.0503409473,False,False,False,False,45167.156679963125,False,False,False,False
2024-08-30 17:00:00+00:00,8.365,8.41,8.115,8.14,80587.0,,,,,,,,,,,,,,,,,,,,,,,,"rgba(239, 83, 80, 1.0)",0.0,0.0,1.2835493266228089,9.630231915819959,-1.1610242667813624,0.0,0.0,0.0,0.0,0.0,0.0,0.0,0.0,37.659182998208586,-15.9963711504126,False,True,False,True,True,0.0,0,0.8891695291978179,0.8535057587391395,False,False,False,False,-0.25437940337203424,-0.2335250722988234,False,False,False,False,-343592.0,110228.27436666905,False,False,False,False,45716.301537638115,False,False,False,False
2024-09-02 17:00:00+00:00,8.14,8.14,8.14,8.14,0.0,,,,,,,,,,,,,,,,,,,,,,,,"rgba(239, 83, 80, 1.0)",0.0,0.0,1.3093597809754312,9.630231915819959,-1.138137842228347,0.0,0.0,0.0,0.0,0.0,0.0,0.0,0.0,36.38940994807125,-15.9963711504126,False,True,False,True,False,0.0,0,0.892581300813008,0.8566056910569108,False,False,False,False,-0.27223258233320474,-0.2528788273160141,False,False,False,False,-343592.0,103192.30112067418,False,False,False,False,45007.52166883752,False,False,False,False
2024-09-03 17:00:00+00:00,7.965,8.07,7.91,8.05,26180.0,,,,,,,,,,,,,,,,,,,,,,,,"rgba(239, 83, 80, 1.0)",0.0,0.0,1.3332755775779286,9.611096010406204,-1.1708727262837444,0.0,0.0,0.0,0.0,0.0,0.0,0.0,0.0,34.94094663538956,-15.9963711504126,False,True,False,True,False,0.0,0,0.8869423507842737,0.8624974536565492,False,False,False,False,-0.2943279807901846,-0.27360340405309935,False,False,False,False,-369772.0,95859.52125833815,False,False,False,False,44715.622108080344,False,False,False,False
2024-09-04 17:00:00+00:00,8.22,8.225,7.98,8.215,19076.0,,,,,,,,,,,,,,,,,,,,,,,,"rgba(239, 83, 80, 1.0)",0.0,0.0,1.3513559690011172,9.600672687498204,-1.0253942849140278,0.0,0.0,0.0,0.0,0.0,0.0,0.0,0.0,36.220676546177344,-15.9963711504126,False,True,False,True,False,0.0,0,0.8856058274340822,0.8615984405458091,False,False,False,False,-0.27773138116279333,-0.27566739260794637,False,False,False,False,-350696.0,88936.17984348019,False,False,False,False,44318.108587024835,False,False,False,False
2024-09-05 17:00:00+00:00,7.965,8.13,7.905,7.955,20199.0,,,,,,,,,,,,,,,,,,,,,,,,"rgba(239, 83, 80, 1.0)",0.0,0.0,1.3768723599141242,9.587555644028443,-1.1856986105308018,0.0,0.0,0.0,0.0,0.0,0.0,0.0,0.0,35.14182767328721,-15.9963711504126,False,True,False,True,False,0.0,0,0.8793032364460935,0.865491651205937,False,False,False,False,-0.29025677908777303,-0.2829620858478597,False,False,False,False,-370895.0,81807.01426451151,False,False,False,False,43944.168919008946,False,False,False,False
2024-09-06 17:00:00+00:00,7.76,7.83,7.505,7.54,44266.0,,,,,,,,,,,,,,,,,,,,,,,,"rgba(239, 83, 80, 1.0)",0.0,0.0,1.4113892651064242,9.548600302947964,-1.4231370130171055,0.0,0.0,0.0,0.0,0.0,0.0,0.0,0.0,32.09620842588825,-13.623031833387977,False,True,False,True,False,0.0,0,0.8777247249325305,0.8652688395266764,False,False,False,False,-0.34282825441539394,-0.3128951701316268,False,False,False,False,-415161.0,74102.08381079815,False,False,False,False,43949.158548171596,False,False,False,False
2024-09-09 17:00:00+00:00,7.115,7.135,6.82,6.82,48125.0,,,,,,,,,,,,,,,,,,,,,,,,"rgba(239, 83, 80, 1.0)",0.0,0.0,1.4639094209659245,9.305565517719787,-1.6978957045578322,0.0,0.0,0.0,0.0,0.0,0.0,0.0,0.0,27.53222873224623,-17.901796835470194,False,True,False,True,False,0.0,0,0.868718267537043,0.879597969122371,False,False,False,False,-0.34282825441539394,-0.32786171227351035,False,False,False,False,-463286.0,65770.48561218112,False,False,False,False,44013.90027610691,False,False,False,False
2024-09-10 17:00:00+00:00,6.905,7.235,6.9,7.195,50465.0,,,,,,,,,,,,,,,,,,,,,,,,"rgba(239, 83, 80, 1.0)",0.0,0.0,1.5018925658246252,9.26630555454925,-1.3791303064423814,0.0,0.0,0.0,0.0,0.0,0.0,0.0,0.0,28.466455820521418,-17.901796835470194,False,True,False,True,False,0.0,0,0.873363806357781,0.8721171826303762,False,False,False,False,-0.3308429244153642,-0.3293523183444373,False,False,False,False,-412821.0,58350.46257943412,False,False,False,False,44113.917326089744,False,False,False,False
2024-09-11 17:00:00+00:00,7.055,7.19,6.985,7.185,38632.0,,,,,,,,,,,,,,,,,,,,,,,,"rgba(239, 83, 80, 1.0)",0.0,0.0,1.5398581308234405,9.23611733884764,-1.3320170850744564,0.0,0.0,0.0,0.0,0.0,0.0,0.0,0.0,29.045112952928005,-17.901796835470194,False,True,False,True,False,0.0,0,0.8758828417116743,0.8721437474034068,False,False,False,False,-0.3281920366927299,-0.32877217751858356,False,False,False,False,-451453.0,50446.53292703979,False,False,False,False,44028.926359793775,False,False,False,False
2024-09-12 17:00:00+00:00,7.255,7.38,7.225,7.295,53701.0,,,,,,,,,,,,,,,,,,,,,,,,"rgba(239, 83, 80, 1.0)",0.0,0.0,1.5732794634998157,9.204226126521117,-1.2135327326233425,0.0,0.0,0.0,0.0,0.0,0.0,0.0,0.0,30.62383237059699,-17.901796835470194,False,True,False,True,True,0.0,0,0.8781019624130412,0.8705222718305473,False,False,False,False,-0.29996610015769654,-0.31436913883814005,False,False,False,False,-397752.0,43497.718463054676,False,False,False,False,44178.880989874495,False,False,False,False
2024-09-13 17:00:00+00:00,7.435,7.445,7.29,7.37,47625.0,,,,,,,,,,,,,,,,,,,,,,,,"rgba(239, 83, 80, 1.0)",0.0,0.0,1.6031525304960954,9.178417852901259,-1.1280385481109796,0.0,0.0,0.0,0.0,0.0,0.0,0.0,0.0,32.51158736800461,-21.972453345619304,False,True,False,True,True,0.0,0,0.8849317921482869,0.8670207226908259,False,False,False,False,-0.29152509691620576,-0.3029471178771729,False,False,False,False,-350127.0,37395.00964967398,False,False,False,False,44232.309191581866,False,False,False,False
2024-09-16 17:00:00+00:00,7.12,7.235,7.06,7.065,22726.0,,,,,,,,,,,,,,,,,,,,,,,,"rgba(239, 83, 80, 1.0)",0.0,0.0,1.6381981614616148,9.162000460621346,-1.2800652020939784,0.0,0.0,0.0,0.0,0.0,0.0,0.0,0.0,31.985051842173775,-21.972453345619304,False,True,False,True,True,0.0,0,0.879783693843594,0.8701123128119802,False,False,False,False,-0.32026585921620926,-0.31160648854669104,False,False,False,False,-372853.0,31034.5753915395,False,False,False,False,43898.87804132478,False,False,False,False
2024-09-17 17:00:00+00:00,7.075,7.2,7.07,7.095,22156.0,,,,,,,,,,,,,,,,,,,,,,,,"rgba(239, 83, 80, 1.0)",0.0,0.0,1.6680677363263676,9.146454759816368,-1.2298390018227587,0.0,0.0,0.0,0.0,0.0,0.0,0.0,0.0,32.003951356023826,-21.972453345619304,False,True,False,True,True,0.0,0,0.8756265664160401,0.8762531328320804,False,False,False,False,-0.3219139099716346,-0.3167601992591628,False,False,False,False,-350697.0,25116.256393221058,False,False,False,False,43561.77915696315,False,False,False,False
2024-09-18 17:00:00+00:00,7.105,7.38,7.0,7.005,39403.0,,,,,,,,,,,,,,,,,,,,,,,,"rgba(239, 83, 80, 1.0)",0.0,0.0,1.694289494712132,9.119924166346838,-1.248266115647594,0.0,0.0,0.0,0.0,0.0,0.0,0.0,0.0,31.467149685365467,-21.972453345619304,False,True,False,True,True,0.0,0,0.8732306411323896,0.8740632805995004,False,False,False,False,-0.31467499102449836,-0.3157175951418306,False,False,False,False,-390100.0,18678.795053791277,False,False,False,False,43497.30196073116,False,False,False,False
2024-09-19 17:00:00+00:00,7.155,7.205,7.02,7.025,17456.0,,,,,,,,,,,,,,,,,,,,,,,,"rgba(239, 83, 80, 1.0)",0.0,0.0,1.7154531536951172,9.108017771003247,-1.2142667764003867,0.0,0.0,0.0,0.0,0.0,0.0,0.0,0.0,31.403868961954846,-21.972453345619304,False,True,False,True,True,0.0,0,0.8721709974853309,0.8863160100586757,False,False,False,False,-0.3248846740208722,-0.3203011345813514,False,False,False,False,-372644.0,12611.774975437924,False,False,False,False,43093.5608450609,False,False,False,False
2024-09-20 17:00:00+00:00,7.115,7.29,7.085,7.205,53703.0,,,,,,,,,,,,,,,,,,,,,,,,"rgba(239, 83, 80, 1.0)",0.0,0.0,1.7331160345427512,9.076210604743823,-1.0796799333966725,0.0,0.0,0.0,0.0,0.0,0.0,0.0,0.0,33.971063409238496,-19.401101551829832,False,False,False,True,True,0.0,0,0.8742164646886752,0.8792310906811537,False,False,False,False,-0.3150033357973243,-0.31765223518933783,False,False,False,False,-318941.0,7471.4218750435375,False,False,False,False,43258.048273819644,False,False,False,False
2024-09-23 17:00:00+00:00,7.355,7.585,7.35,7.555,79324.0,,,,,,,,,,,,,,,,,,,,,,,,"rgba(239, 83, 80, 1.0)",0.0,0.0,1.739984824413475,9.044534556774732,-0.8560618092039013,0.0,0.0,0.0,0.0,0.0,0.0,0.0,0.0,39.73145537093568,-14.024648261530857,True,False,False,True,True,0.0,0,0.8764325901229423,0.8774744738487187,False,False,False,False,-0.2786169457530882,-0.29813459047121305,False,False,False,False,-239617.0,3640.593628918831,False,False,False,False,43817.210316086006,False,False,False,False
2024-09-24 17:00:00+00:00,7.535,7.63,7.45,7.595,30110.0,,,,,,,,,,,,,,,,,,,,,,,,"rgba(239, 83, 80, 1.0)",0.0,0.0,1.7407476828924688,8.935256578078342,-0.769931559438493,0.0,0.0,0.0,0.0,0.0,0.0,0.0,0.0,43.978032005948634,-10.29820589441539,True,False,False,True,True,0.0,0,0.8760252365930599,0.8828601472134598,False,False,False,False,-0.26931504212872254,-0.2837248162999678,False,False,False,False,-209507.0,335.9797742069113,False,False,False,False,43604.69542746452,False,False,False,False
2024-09-25 17:00:00+00:00,7.275,7.39,7.215,7.305,13422.0,,,,,,,,,,,,,,,,,,,,,,,,"rgba(239, 83, 80, 1.0)",0.0,0.0,1.7499534536924388,8.923851274205932,-0.925082476216794,0.0,0.0,0.0,0.0,0.0,0.0,0.0,0.0,43.84621674500465,-10.29820589441539,True,False,False,True,True,0.0,0,0.8651157938660546,0.8835802211558524,False,False,False,False,-0.29996610015769654,-0.2918454582288322,False,False,False,False,-222929.0,-3125.4927804319555,False,False,False,False,43136.74666114724,False,False,False,False
2024-09-26 17:00:00+00:00,7.455,7.5,7.355,7.385,24727.0,,,,,,,,,,,,,,,,,,,,,,,,"rgba(239, 83, 80, 1.0)",0.0,0.0,1.7576365606345599,8.912302131645424,-0.8689521860503526,0.0,0.0,0.0,0.0,0.0,0.0,0.0,0.0,44.69762393134656,-9.772733878091856,True,False,False,True,True,0.0,0,0.8723111158207058,0.878351170922963,False,False,False,False,-0.28376912709834057,-0.2878072926635864,False,False,False,False,-198202.0,-6149.934752828359,False,False,False,False,42851.324232292245,False,False,False,False
2024-09-27 17:00:00+00:00,7.495,7.505,7.375,7.42,25406.0,,,,,,,,,,,,,,,,,,,,,,,,"rgba(239, 83, 80, 1.0)",0.0,0.0,1.766189395841224,8.90203837511454,-0.8391163363364295,0.0,0.0,0.0,0.0,0.0,0.0,0.0,0.0,45.693903980670896,-8.709492780548125,True,False,False,True,True,0.0,0,0.8823465976490887,0.8688666019626875,False,False,False,False,-0.28215750550456736,-0.28498239908407685,False,False,False,False,-172796.0,-8733.594679141097,False,False,False,False,42580.854089155924,False,False,False,False
2024-09-30 17:00:00+00:00,7.295,7.335,7.175,7.205,24660.0,,,,,,,,,,,,,,,,,,,,,,,,"rgba(239, 83, 80, 1.0)",0.0,0.0,1.774258949482805,8.887509037623056,-0.9482883195339138,0.0,0.0,0.0,0.0,0.0,0.0,0.0,0.0,44.09731553562713,-8.709492780548125,True,False,False,True,True,0.0,0,0.8793791096259566,0.8628867090654306,False,False,False,False,-0.306160818744035,-0.2955716089140559,False,False,False,False,-197456.0,-11659.523443805576,False,False,False,False,42303.011390099244,False,False,False,False
2024-10-01 17:00:00+00:00,7.02,7.17,6.96,7.015,37062.0,,,,,,,,,,,,,,,,,,,,,,,,"rgba(239, 83, 80, 1.0)",0.0,0.0,1.780203078303149,8.861750106787579,-1.0373817062196415,0.0,0.0,0.0,0.0,0.0,0.0,0.0,0.0,41.3438087853618,-8.709492780548125,True,False,False,True,False,0.0,0,0.8868625095555313,0.8633832041061484,False,False,False,False,-0.33117460042665764,-0.3133731046703568,False,False,False,False,-234518.0,-15114.693622971381,False,False,False,False,42221.75539955507,False,False,False,False
2024-10-02 17:00:00+00:00,6.85,6.945,6.815,6.83,23090.0,,,,,,,,,,,,,,,,,,,,,,,,"rgba(239, 83, 80, 1.0)",0.0,0.0,1.78749680778396,8.843805268639898,-1.1266063580479913,0.0,0.0,0.0,0.0,0.0,0.0,0.0,0.0,38.08079723855636,-7.3208146545336135,True,False,False,True,False,0.0,0,0.8834727112676056,0.8576144366197184,False,False,False,False,-0.34282825441539394,-0.32810067954287536,False,False,False,False,-257608.0,-18874.27976835167,False,False,False,False,41925.13903677127,False,False,False,False
2024-10-03 17:00:00+00:00,6.82,6.85,6.76,6.8,14365.0,,,,,,,,,,,,,,,,,,,,,,,,"rgba(239, 83, 80, 1.0)",0.0,0.0,1.7947046307712369,8.70577761885865,-1.0618892859487874,0.0,0.0,0.0,0.0,0.0,0.0,0.0,0.0,35.68106783132744,-9.542453591875457,True,False,False,True,False,0.0,0,0.8700464910338719,0.8666150099623644,False,False,False,False,-0.34282825441539394,-0.3354644669791347,False,False,False,False,-271973.0,-22798.290934733814,False,False,False,False,41497.85005945698,False,False,False,False
2024-10-04 17:00:00+00:00,6.975,7.005,6.885,6.985,9093.0,,,,,,,,,,,,,,,,,,,,,,,,"rgba(239, 83, 80, 1.0)",0.0,0.0,1.7992485994221403,8.704086164927942,-0.9554467156345463,0.0,0.0,0.0,0.0,0.0,0.0,0.0,0.0,37.051479652620515,-9.542453591875457,True,False,False,True,False,0.0,0,0.8657402218984646,0.8698868093690464,False,False,False,False,-0.32478259554083316,-0.33012353125998395,False,False,False,False,-262880.0,-26520.487974505384,False,False,False,False,40995.44928334136,False,False,False,False
2024-10-07 17:00:00+00:00,6.945,6.995,6.86,6.965,34179.0,,,,,,,,,,,,,,,,,,,,,,,,"rgba(239, 83, 80, 1.0)",0.0,0.0,1.802343586946012,8.686881497373815,-0.9553569640356218,0.0,0.0,0.0,0.0,0.0,0.0,0.0,0.0,37.76032527832456,-9.542453591875457,True,False,False,True,True,0.0,0,0.8752826775214835,0.8686114880144731,False,False,False,False,-0.32702694170701824,-0.32857523648350107,False,False,False,False,-297059.0,-30714.88350978437,False,False,False,False,40889.767899103506,False,False,False,False
2024-10-08 17:00:00+00:00,7.06,7.175,7.055,7.12,27515.0,,,,,,,,,,,,,,,,,,,,,,,,"rgba(239, 83, 80, 1.0)",0.0,0.0,1.8059098428106461,8.678723794855975,-0.8631238159874243,0.0,0.0,0.0,0.0,0.0,0.0,0.0,0.0,40.63794437668644,-14.158080722460085,True,False,False,True,True,0.0,0,0.879959192926774,0.8646565404670146,False,False,False,False,-0.3031403295830783,-0.3158577830332897,False,False,False,False,-269544.0,-34417.660509632675,False,False,False,False,40682.40715648175,False,False,False,False
2024-10-09 17:00:00+00:00,7.225,7.285,7.125,7.13,55353.0,,,,,,,,,,,,,,,,,,,,,,,,"rgba(239, 83, 80, 1.0)",0.0,0.0,1.810854862581026,8.661712756488578,-0.8458506466417832,0.0,0.0,0.0,0.0,0.0,0.0,0.0,0.0,42.70889651329478,-12.130405323031304,True,False,False,True,True,0.0,0,0.8861363636363636,0.856818181818182,False,False,False,False,-0.2917944195051518,-0.3038261012692207,False,False,False,False,-214191.0,-37204.844067622864,False,False,False,False,40909.85820831924,False,False,False,False
2024-10-10 17:00:00+00:00,7.075,7.22,7.025,7.18,53971.0,,,,,,,,,,,,,,,,,,,,,,,,"rgba(239, 83, 80, 1.0)",0.0,0.0,1.8144190443413237,8.641345357091202,-0.8054067563106432,0.0,0.0,0.0,0.0,0.0,0.0,0.0,0.0,44.90126287045274,-9.991400639931015,True,False,False,True,True,0.0,0,0.8807788658619904,0.8632429970393989,False,False,False,False,-0.3021919758708542,-0.30300903857003747,False,False,False,False,-160220.0,-39112.05578750468,False,False,False,False,41112.35653067088,False,False,False,False
2024-10-11 17:00:00+00:00,6.925,7.01,6.845,6.85,21255.0,,,,,,,,,,,,,,,,,,,,,,,,"rgba(239, 83, 80, 1.0)",0.0,0.0,1.8239092137000223,8.629313429044146,-0.9755493396705814,0.0,0.0,0.0,0.0,0.0,0.0,0.0,0.0,42.19254977543606,-9.991400639931015,True,False,False,True,False,0.0,0,0.877724795640327,0.8613760217983654,False,False,False,False,-0.32702694170701824,-0.3150179901385278,False,False,False,False,-181475.0,-41319.23321715577,False,False,False,False,40804.4905379473,False,False,False,False
2024-10-14 17:00:00+00:00,6.87,6.885,6.785,6.79,21772.0,,,,,,,,,,,,,,,,,,,,,,,,"rgba(239, 83, 80, 1.0)",0.0,0.0,1.8335806966619128,8.616111912316732,-0.9959266672261671,0.0,0.0,0.0,0.0,0.0,0.0,0.0,0.0,39.78167454861169,-5.105374973964302,True,False,False,True,False,0.0,0,0.873350022758307,0.8674328629949932,False,False,False,False,-0.33894355328672354,-0.3269807717126257,False,False,False,False,-203247.0,-43829.74122929289,False,False,False,False,40509.41316526595,False,False,False,False
2024-10-15 17:00:00+00:00,6.925,6.94,6.81,6.855,19028.0,,,,,,,,,,,,,,,,,,,,,,,,"rgba(239, 83, 80, 1.0)",0.0,0.0,1.8297657827765375,8.605659322178369,-0.9567668926029806,0.0,0.0,0.0,0.0,0.0,0.0,0.0,0.0,39.404620999749504,-5.578219922040738,True,False,False,True,False,0.0,0,0.8720504009163804,0.8726231386025202,False,False,False,False,-0.3337792171265085,-0.3303799944195671,False,False,False,False,-184219.0,-46006.3188846527,False,False,False,False,40176.36799991299,False,False,False,False
2024-10-16 17:00:00+00:00,6.925,7.03,6.915,7.005,24471.0,,,,,,,,,,,,,,,,,,,,,,,,"rgba(239, 83, 80, 1.0)",0.0,0.0,1.8181285373642848,8.5945735798785,-0.8742910895523822,0.0,0.0,0.0,0.0,0.0,0.0,0.0,0.0,41.77899606653881,-5.578219922040738,True,False,False,True,False,0.0,0,0.8708788052843194,0.8744399770246983,False,False,False,False,-0.3212621332383762,-0.3258210638289717,False,False,False,False,-159748.0,-47769.75580116971,False,False,False,False,39932.87392239495,False,False,False,False
2024-10-17 17:00:00+00:00,6.81,6.9,6.735,6.895,25104.0,,,,,,,,,,,,,,,,,,,,,,,,"rgba(239, 83, 80, 1.0)",0.0,0.0,1.8059925573260631,8.581152105475898,-0.9336428871957259,0.0,0.0,0.0,0.0,0.0,0.0,0.0,0.0,41.87638760781939,-5.578219922040738,True,False,False,True,False,0.0,0,0.8621997471554994,0.8790943569704632,False,False,False,False,-0.3412084243607017,-0.3335147440948367,False,False,False,False,-184852.0,-49895.06191277948,False,False,False,False,39702.96890034231,False,False,False,False
2024-10-18 17:00:00+00:00,7.005,7.025,6.95,6.995,33650.0,,,,,,,,,,,,,,,,,,,,,,,,"rgba(239, 83, 80, 1.0)",0.0,0.0,1.7931300531158927,8.566895565322259,-0.8766210585734157,0.0,0.0,0.0,0.0,0.0,0.0,0.0,0.0,43.66411997616143,-5.578219922040738,True,False,False,True,True,0.0,0,0.8626931058335255,0.8812543232649297,False,False,False,False,-0.3193451266606583,-0.3264299353777475,False,False,False,False,-151202.0,-51465.712115682116,False,False,False,False,39609.12442126723,False,False,False,False
2024-10-21 17:00:00+00:00,6.875,6.905,6.74,6.825,56003.0,,,,,,,,,,,,,,,,,,,,,,,,"rgba(239, 83, 80, 1.0)",0.0,0.0,1.7895570743964944,8.538585610853934,-0.9575473369195665,0.0,0.0,0.0,0.0,0.0,0.0,0.0,0.0,42.56070262460845,-5.578219922040738,True,False,False,True,True,0.0,0,0.8607594936708861,0.879631760644419,False,False,False,False,-0.34056097522009554,-0.33349545529892155,False,False,False,False,-207205.0,-53880.27471853975,False,False,False,False,39863.293034890994,False,False,False,False
2024-10-22 17:00:00+00:00,6.745,6.855,6.74,6.825,19479.0,,,,,,,,,,,,,,,,,,,,,,,,"rgba(239, 83, 80, 1.0)",0.0,0.0,1.7965218598149064,8.528946584445016,-0.9484697194948531,0.0,0.0,0.0,0.0,0.0,0.0,0.0,0.0,41.825091056906466,-5.578219922040738,True,False,False,True,True,0.0,0,0.8670218927371715,0.8783736823815593,False,False,False,False,-0.34282825441539394,-0.3381618548571578,False,False,False,False,-207205.0,-56257.40224228332,False,False,False,False,39547.25748396245,False,False,False,False
2024-10-23 17:00:00+00:00,6.755,7.045,6.74,6.985,23369.0,,,,,,,,,,,,,,,,,,,,,,,,"rgba(239, 83, 80, 1.0)",0.0,0.0,1.7991863576488032,8.51911850382282,-0.8526734861571669,0.0,0.0,0.0,0.0,0.0,0.0,0.0,0.0,44.27605460662819,-5.578219922040738,True,False,False,True,True,0.0,1,0.8682206323563352,0.8722594045695825,False,False,False,False,-0.3305762429070602,-0.334369048882109,False,False,False,False,-183836.0,-58235.36499821691,False,False,False,False,39296.431786536676,False,False,False,False
2024-10-24 17:00:00+00:00,6.84,6.99,6.8,6.92,40597.0,,,,,,,,,,,,,,,,,,,,,,,,"rgba(239, 83, 80, 1.0)",0.0,0.0,1.7926861721204106,8.502025297068908,-0.8824887041983871,0.0,0.0,0.0,0.0,0.0,0.0,0.0,0.0,44.8718566181701,-9.180791252132238,True,False,False,True,True,0.0,1,0.8710347214211558,0.8729957319183296,False,False,False,False,-0.3302551258423826,-0.3323120873622458,False,False,False,False,-224433.0,-60812.0725176244,False,False,False,False,39316.59563480742,False,False,False,False
2024-10-25 17:00:00+00:00,6.795,6.8,6.71,6.72,21231.0,,,,,,,,,,,,,,,,,,,,,,,,"rgba(239, 83, 80, 1.0)",0.0,0.0,1.784034316217449,8.335879037946654,-0.905744370081781,0.0,0.0,0.0,0.0,0.0,0.0,0.0,0.0,42.50821792717217,-9.180791252132238,True,False,False,True,False,0.0,1,0.8680772343623538,0.8752456931437161,False,False,False,False,-0.34282825441539394,-0.3375701708888199,False,False,False,False,-245664.0,-63677.9938739403,False,False,False,False,39036.19880326001,False,False,False,False
2024-10-28 17:00:00+00:00,7.065,7.065,6.895,6.92,50546.0,,,,,,,,,,,,,,,,,,,,,,,,"rgba(239, 83, 80, 1.0)",0.0,0.0,1.7615875134569918,8.327762489778193,-0.7991442258894979,0.0,0.0,0.0,0.0,0.0,0.0,0.0,0.0,44.421885622476594,-9.180791252132238,True,False,False,True,False,0.0,1,0.8705010994097906,0.8687651892142113,False,False,False,False,-0.3141744094549284,-0.32587229017187413,False,False,False,False,-195118.0,-65715.82342628231,False,False,False,False,39214.64533344202,False,False,False,False
2024-10-29 17:00:00+00:00,6.98,7.03,6.93,6.985,42914.0,,,,,,,,,,,,,,,,,,,,,,,,"rgba(239, 83, 80, 1.0)",0.0,0.0,1.7339895751840226,8.315628960273568,-0.7673800231078967,0.0,0.0,0.0,0.0,0.0,0.0,0.0,0.0,46.69733464236987,-7.428474847085752,True,False,False,True,True,0.0,1,0.864794714487966,0.8829636621047664,False,False,False,False,-0.3141744094549284,-0.3200233498134013,False,False,False,False,-152204.0,-67056.72538866554,False,False,False,False,39271.999669357654,False,False,False,False
2024-10-30 17:00:00+00:00,6.865,6.925,6.745,6.835,57663.0,,,,,,,,,,,,,,,,,,,,,,,,"rgba(239, 83, 80, 1.0)",0.0,0.0,1.6963068708226179,8.291525677870242,-0.858645156087769,0.0,0.0,0.0,0.0,0.0,0.0,0.0,0.0,45.98030849505974,-7.428474847085752,True,False,False,True,True,0.0,1,0.8537218355550312,0.8855727262003067,False,False,False,False,-0.3325802199065828,-0.32630178485999206,False,False,False,False,-209867.0,-69270.8381733374,False,False,False,False,39557.13145742963,False,False,False,False
2024-10-31 17:00:00+00:00,7.595,7.8,7.49,7.54,142655.0,,,,,,,,,,,,,,,,,,,,,,,,"rgba(38, 166, 154, 1.0)",0.0,0.0,1.65340319254474,8.303965679979248,-0.4620564925869256,0.0,0.0,0.0,0.0,0.0,0.0,0.0,0.0,53.058766540525696,-1.5388439739466833,True,False,True,False,True,0.0,0,0.8555075341665692,0.887629949772223,False,False,False,False,-0.2321474266103109,-0.2792246057351515,False,False,False,False,-67212.0,-69238.91820165775,False,False,False,False,41155.5480239811,False,False,False,False
2024-11-01 17:00:00+00:00,7.92,8.015,7.755,7.855,97492.0,,,,,,,,,,,,,,,,,,,,,,,,"rgba(38, 166, 154, 1.0)",0.0,0.0,1.617204831945691,8.31605694743331,-0.28509496034500653,0.0,0.0,0.0,0.0,0.0,0.0,0.0,0.0,59.64053803212859,4.238297173083446,True,False,True,False,True,0.0,0,0.8524170064065228,0.8809551543389633,False,False,False,False,-0.203333677172525,-0.24127914145383828,False,False,False,False,30280.0,-67695.98923729097,False,False,False,False,42028.981387950385,False,False,False,False
2024-11-04 17:00:00+00:00,7.98,8.3,7.98,8.245,118339.0,,,,,,,,,,,,,,,,,,,,,,,,"rgba(38, 166, 154, 1.0)",0.0,0.0,1.564680694479132,8.339854895890719,-0.06062252587726592,0.0,0.0,0.0,0.0,0.0,0.0,0.0,0.0,65.76775230551806,9.453916232969199,True,False,True,False,True,0.11929477099325325,0,0.8501624883936862,0.8782497678737236,False,False,False,False,-0.17307873796826673,-0.2071789397110525,False,False,False,False,148619.0,-64342.26847392212,False,False,False,False,43212.08245170309,False,False,False,False
2024-11-05 17:00:00+00:00,8.155,8.225,7.985,8.205,87474.0,,,,,,,,,,,,,,,,,,,,,,,,"rgba(38, 166, 154, 1.0)",0.0,0.0,1.5074291999270868,8.351099416439233,-0.09691958763058296,0.0,0.0,0.0,0.0,0.0,0.0,0.0,0.0,69.28925701721838,12.292402979759068,True,False,True,False,True,0.0,0,0.843466107617051,0.8849289541113441,False,False,False,False,-0.17721165211564577,-0.19219529591334913,False,False,False,False,61145.0,-62396.729427814804,False,False,False,False,43898.313731521645,False,False,False,False
2024-11-06 17:00:00+00:00,8.39,8.555,8.3,8.45,110690.0,,,,,,,,,,,,,,,,,,,,,,,,"rgba(38, 166, 154, 1.0)",0.0,0.0,1.4472490213262381,8.374694361501405,0.05203364271726065,0.0,0.0,0.0,0.0,0.0,0.0,0.0,0.0,72.66146306738153,15.170131088861595,True,False,True,False,True,1.6419182739524203,0,0.8480074142724746,0.8784754402224284,False,False,False,False,-0.13933731066910265,-0.16576630329122588,False,False,False,False,171835.0,-58765.229746763405,False,False,False,False,44933.843751187975,False,False,False,False
2024-11-07 17:00:00+00:00,8.415,8.52,8.315,8.375,102456.0,,,,,,,,,,,,,,,,,,,,,,,,"rgba(38, 166, 154, 1.0)",0.0,0.0,1.377765811243208,8.391146214298544,-0.011719128292184085,0.0,0.0,0.0,0.0,0.0,0.0,0.0,0.0,73.77649723725898,16.15684923861329,True,False,True,False,True,1.0663870819401993,0,0.8459566534607318,0.8866231647634587,False,False,False,False,-0.14050521706338184,-0.15313576017730385,False,False,False,False,69379.0,-56778.49750262754,False,False,False,False,45825.660127138544,False,False,False,False
2024-11-08 17:00:00+00:00,8.385,8.62,8.38,8.525,52806.0,,,,,,,,,,,,,,,,,,,,,,,,"rgba(38, 166, 154, 1.0)",0.0,0.0,1.274458415269905,8.400478514566739,0.09770541270025673,0.0,0.0,0.0,0.0,0.0,0.0,0.0,0.0,75.2225276414981,17.680940269493846,True,False,True,False,True,2.1823330818649396,0,0.8448013128589847,0.8907513773297385,False,False,False,False,-0.13088107132012186,-0.14200841574871287,False,False,False,False,122185.0,-54003.869634369745,False,False,False,False,45933.882450748795,False,False,False,False
2024-11-11 17:00:00+00:00,8.785,8.815,8.655,8.67,67816.0,,,,,,,,,,,,,,,,,,,,,,,,"rgba(38, 166, 154, 1.0)",0.0,0.0,1.1678967852087472,8.393646284686811,0.23662511860052232,0.0,0.0,0.0,0.0,0.0,0.0,0.0,0.0,76.82277922825477,19.47278899350553,True,False,True,False,True,3.2505767621326846,0,0.8443092759387064,0.8832612001403676,False,False,False,False,-0.1035924109207167,-0.12280041333471478,False,False,False,False,190001.0,-50220.848399728355,False,True,False,False,46273.14008717129,False,False,False,False
2024-11-12 17:00:00+00:00,8.365,8.38,8.18,8.18,59131.0,,,,,,,,,,,,,,,,,,,,,,,,"rgba(38, 166, 154, 1.0)",0.0,0.0,1.0424037233829075,8.383686273771577,-0.1954005623757321,0.0,0.0,0.0,0.0,0.0,0.0,0.0,0.0,71.24764936924488,19.47278899350553,True,False,True,False,False,0.0,0,0.8418723800652073,0.8878667908709829,False,False,False,False,-0.15660402157904824,-0.1397022174568815,False,False,False,False,130870.0,-47413.23834701939,False,False,False,False,46472.48675248646,False,False,False,False
2024-11-13 17:00:00+00:00,8.22,8.35,8.18,8.2,42784.0,,,,,,,,,,,,,,,,,,,,,,,,"rgba(38, 166, 154, 1.0)",0.0,0.0,0.906033295929769,8.382018500449941,-0.20089603910544507,0.0,0.0,0.0,0.0,0.0,0.0,0.0,0.0,67.68125549590593,25.31931144246758,True,False,True,False,False,0.0,0,0.8472319551506655,0.882971268395235,False,False,False,False,-0.15836498858837283,-0.14903360302262716,False,False,False,False,173654.0,-43985.83930287955,False,False,False,False,46415.30091136264,False,False,False,False
2024-11-14 17:00:00+00:00,8.095,8.105,7.66,7.71,73659.0,,,,,,,,,,,,,,,,,,,,,,,,"rgba(239, 83, 80, 1.0)",0.0,0.0,0.8099603649517798,8.364436172168638,-0.8079854280370858,0.0,0.0,0.0,0.0,0.0,0.0,0.0,0.0,60.50901649570347,18.65296578643546,True,False,True,False,False,0.0,0,0.8355118565644881,0.8887218045112782,False,False,False,False,-0.20363203150125175,-0.17633281726193945,False,False,False,False,99995.0,-41753.57822841629,False,False,False,False,46837.68384296942,False,False,False,False
2024-11-15 17:00:00+00:00,7.945,8.02,7.82,7.925,54039.0,,,,,,,,,,,,,,,,,,,,,,,,"rgba(239, 83, 80, 1.0)",0.0,0.0,0.7411508764223715,8.357924901244317,-0.5841251963892968,0.0,0.0,0.0,0.0,0.0,0.0,0.0,0.0,57.611000230141386,16.042764916069316,True,False,True,False,False,0.0,0,0.8361719383617192,0.8947978218051211,False,False,False,False,-0.19916043853364068,-0.18774662789779006,False,False,False,False,154034.0,-38718.11189929355,False,False,False,False,46949.33215548152,False,False,False,False
2024-11-18 17:00:00+00:00,7.745,7.995,7.74,7.87,60222.0,,,,,,,,,,,,,,,,,,,,,,,,"rgba(239, 83, 80, 1.0)",0.0,0.0,0.7077347762499322,8.35046549274157,-0.6788778916410015,0.0,0.0,0.0,0.0,0.0,0.0,0.0,0.0,55.17258232456394,13.695120066537896,True,False,True,False,False,0.0,0,0.8287869994196168,0.9000580383052815,False,False,False,False,-0.20542291060650195,-0.19658476925214602,False,False,False,False,93812.0,-36663.38148225024,False,False,False,False,47155.109951520564,False,False,False,False
2024-11-19 17:00:00+00:00,7.815,7.825,7.615,7.75,41495.0,,,,,,,,,,,,,,,,,,,,,,,,"rgba(239, 83, 80, 1.0)",0.0,0.0,0.6728238662198178,8.262874727444162,-0.7622719008552543,0.0,0.0,0.0,0.0,0.0,0.0,0.0,0.0,52.4214193022705,10.936266592664303,False,False,False,False,False,0.0,0,0.8339565318999765,0.8976396354288386,False,False,False,False,-0.2231045325138204,-0.2098446508829832,False,False,False,False,52317.0,-35283.84068407581,False,False,False,False,47067.35630886133,False,False,False,False
2024-11-20 17:00:00+00:00,8.125,8.495,8.07,8.415,107163.0,,,,,,,,,,,,,,,,,,,,,,,,"rgba(239, 83, 80, 1.0)",0.0,0.0,0.6558542672117399,8.300186604730555,0.175059309681028,0.0,0.0,0.0,0.0,0.0,0.0,0.0,0.0,55.8079095285823,10.936266592664303,True,False,True,False,False,1.4318001964114693,0,0.8389184192281027,0.886295354749249,False,False,False,False,-0.15631062100595208,-0.18307763594446763,False,False,False,False,159480.0,-32264.246254865328,False,False,False,False,47999.07171492549,False,False,False,False
2024-11-21 17:00:00+00:00,8.26,8.545,8.215,8.5,85225.0,,,,,,,,,,,,,,,,,,,,,,,,"rgba(239, 83, 80, 1.0)",0.0,0.0,0.6401032292874117,8.31582402910519,0.2877285451283251,0.0,0.0,0.0,0.0,0.0,0.0,0.0,0.0,58.573236948345325,10.936266592664303,True,False,True,False,True,2.0332512784431636,0,0.8433486238532109,0.8800458715596331,False,False,False,False,-0.14488828621851355,-0.16398296108149057,False,False,False,False,244705.0,-27970.149413704625,False,False,False,False,48576.21788988789,False,False,False,False
2024-11-22 17:00:00+00:00,8.47,8.695,8.415,8.43,68680.0,,,,,,,,,,,,,,,,,,,,,,,,"rgba(239, 83, 80, 1.0)",0.0,0.0,0.6315268784447949,8.328612452781417,0.16054351869909392,0.0,0.0,0.0,0.0,0.0,0.0,0.0,0.0,59.64031550048179,10.936266592664303,True,False,True,False,True,1.5076359731706894,0,0.8484501887224064,0.8805901864348623,False,False,False,False,-0.12447844937074007,-0.1442307052261153,False,False,False,False,176025.0,-24807.43391891851,False,False,False,False,48887.90443423072,False,False,False,False
2024-11-25 17:00:00+00:00,8.745,8.83,8.595,8.65,28234.0,,,,,,,,,,,,,,,,,,,,,,,,"rgba(239, 83, 80, 1.0)",0.0,0.0,0.6406623121412923,8.314888807376096,0.5230699329009354,0.0,0.0,0.0,0.0,0.0,0.0,0.0,0.0,61.80240324534155,3.923219258004181,True,False,True,False,True,3.0813643635521544,0,0.8552389705882352,0.8709788602941178,False,True,False,False,-0.10619787773740212,-0.12521429148175872,False,False,False,False,204259.0,-21256.01633878024,False,False,False,False,48567.688861606985,False,False,False,False
2024-11-26 17:00:00+00:00,8.065,8.12,7.855,7.915,44081.0,,,,,,,,,,,,,,,,,,,,,,,,"rgba(239, 83, 80, 1.0)",0.0,0.0,0.6415075010269968,8.281777184070531,-0.5717426273010889,0.0,0.0,0.0,0.0,0.0,0.0,0.0,0.0,56.638170024003415,3.923219258004181,True,False,True,False,False,0.0,0,0.8503695281409892,0.877771461057419,False,False,False,False,-0.19113121267824604,-0.15817275208000237,False,False,False,False,160178.0,-18443.085852907676,False,False,False,False,48498.127793985164,False,False,False,False
2024-11-27 17:00:00+00:00,8.03,8.1,7.93,8.05,45972.0,,,,,,,,,,,,,,,,,,,,,,,,"rgba(239, 83, 80, 1.0)",0.0,0.0,0.6420749584373158,8.272926352801957,-0.34719677176713876,0.0,0.0,0.0,0.0,0.0,0.0,0.0,0.0,54.23896029050651,3.923219258004181,False,False,True,False,False,0.0,0,0.8541002277904327,0.8732346241457861,False,False,False,False,-0.1878670705849518,-0.17301991133247707,False,False,False,False,206150.0,-14961.022506350968,False,False,False,False,48458.96302198539,False,False,False,False
2024-11-28 17:00:00+00:00,8.05,8.05,8.05,8.05,0.0,,,,,,,,,,,,,,,,,,,,,,,,"rgba(239, 83, 80, 1.0)",0.0,0.0,0.6367275358856278,8.272926352801957,-0.350112630973131,0.0,0.0,0.0,0.0,0.0,0.0,0.0,0.0,52.63948713484191,10.27791446318249,False,False,False,False,False,0.0,0,0.8544912923923007,0.8751145737855179,False,False,False,False,-0.18371841369786207,-0.17836916251516957,False,False,False,False,206150.0,-11532.94463803545,False,False,False,False,47707.66126970655,False,False,False,False
2024-11-29 17:00:00+00:00,7.925,7.925,7.725,7.81,23245.0,,,,,,,,,,,,,,,,,,,,,,,,"rgba(239, 83, 80, 1.0)",0.0,0.0,0.6326335417903692,8.265655691598354,-0.7202521862954616,0.0,0.0,0.0,0.0,0.0,0.0,0.0,0.0,49.66169847592933,7.167850280929457,False,False,False,False,False,0.0,0,0.8433942738875474,0.8807634816603428,False,False,False,False,-0.2105041729649363,-0.19443666774005292,False,False,False,False,182905.0,-8518.402860701566,False,False,False,False,47328.39520350954,False,False,False,False
2024-12-02 17:00:00+00:00,7.775,7.975,7.735,7.905,47828.0,,,,,,,,,,,,,,,,,,,,,,,,"rgba(239, 83, 80, 1.0)",0.0,0.0,0.6269312504516117,8.25589157305783,-0.5596970525955831,0.0,0.0,0.0,0.0,0.0,0.0,0.0,0.0,48.59810037723205,5.825709584964017,False,True,False,True,False,0.0,0,0.8374321671862374,0.8885809952661357,False,False,False,False,-0.2069163026750669,-0.2006764852075599,False,False,False,False,230733.0,-4809.0787853418515,False,False,False,False,47336.14101430785,False,False,False,False
2024-12-03 17:00:00+00:00,7.735,7.835,7.69,7.795,54233.0,,,,,,,,,,,,,,,,,,,,,,,,"rgba(239, 83, 80, 1.0)",0.0,0.0,0.624324629694578,8.243703078321936,-0.7187015488103408,0.0,0.0,0.0,0.0,0.0,0.0,0.0,0.0,46.95760705438951,3.881893963844824,False,True,False,True,False,0.0,0,0.8280490627169638,0.8945845869011803,False,False,False,False,-0.21799620409476972,-0.2093363446511648,False,False,False,False,176500.0,-1998.085315801668,False,False,False,False,47443.06906059765,False,False,False,False
2024-12-04 17:00:00+00:00,7.865,7.96,7.825,7.94,24376.0,,,,,,,,,,,,,,,,,,,,,,,,"rgba(239, 83, 80, 1.0)",0.0,0.0,0.6190150706224256,8.241070799852654,-0.4863707107323317,0.0,0.0,0.0,0.0,0.0,0.0,0.0,0.0,47.40099886301513,3.881893963844824,False,True,False,True,False,0.0,0,0.8347846278880761,0.8898177174039242,False,False,False,False,-0.2024388281758487,-0.20588758641350674,False,False,False,False,200876.0,1147.2493402572725,False,False,False,False,47085.44008291396,False,False,False,False
2024-12-05 17:00:00+00:00,8.14,8.375,8.12,8.15,64307.0,,,,,,,,,,,,,,,,,,,,,,,,"rgba(239, 83, 80, 1.0)",0.0,0.0,0.6156690347584399,8.246044058779233,-0.1559994954381883,0.0,0.0,0.0,0.0,0.0,0.0,0.0,0.0,49.72529309987159,3.881893963844824,False,True,False,False,False,0.0,0,0.8353976154647529,0.8898020604236601,False,False,False,False,-0.16042068270025078,-0.18315413455687876,False,False,False,False,265183.0,5240.826869865687,False,False,False,False,47352.44101186103,False,False,False,False
2024-12-06 17:00:00+00:00,7.995,8.025,7.725,7.92,42115.0,,,,,,,,,,,,,,,,,,,,,,,,"rgba(239, 83, 80, 1.0)",0.0,0.0,0.6047317326455569,8.241301979720646,-0.5313132458173256,0.0,0.0,0.0,0.0,0.0,0.0,0.0,0.0,48.97938447891319,3.881893963844824,False,True,False,False,False,0.0,0,0.8250836506288219,0.9010038075458636,False,False,False,False,-0.2045273093104436,-0.1938407219336612,False,False,False,False,223068.0,8617.99234475149,False,False,False,False,47271.24037601822,False,False,False,False
2024-12-09 17:00:00+00:00,8.155,8.195,7.885,7.95,91838.0,,,,,,,,,,,,,,,,,,,,,,,,"rgba(239, 83, 80, 1.0)",0.0,0.0,0.5941558475443965,8.237525987254433,-0.483923516772168,0.0,0.0,0.0,0.0,0.0,0.0,0.0,0.0,48.80147640498064,3.881893963844824,False,True,False,False,False,0.0,0,0.8358174465626804,0.8963604852686307,False,False,False,False,-0.18490310019041387,-0.18937191106203755,False,False,False,False,314906.0,13366.643626228211,False,False,False,False,47962.19788956833,False,False,False,False
2024-12-10 17:00:00+00:00,7.865,8.0,7.795,7.835,68388.0,,,,,,,,,,,,,,,,,,,,,,,,"rgba(239, 83, 80, 1.0)",0.0,0.0,0.5874463747809431,8.230814444722942,-0.6737882157678472,0.0,0.0,0.0,0.0,0.0,0.0,0.0,0.0,47.50495347097713,2.513437679728895,False,True,False,True,False,0.0,0,0.8378503590456335,0.8963400509613156,False,False,False,False,-0.20184243990818126,-0.19560717548510942,False,False,False,False,246518.0,16981.39333744948,False,False,False,False,48278.87699205564,False,False,False,False
2024-12-11 17:00:00+00:00,7.605,7.805,7.575,7.675,96599.0,,,,,,,,,,,,,,,,,,,,,,,,"rgba(239, 83, 80, 1.0)",0.0,0.0,0.5778199008669284,8.214654386270098,-0.9339491171218424,0.0,0.0,0.0,0.0,0.0,0.0,0.0,0.0,45.10653788665086,-0.08438180327247835,False,True,False,True,False,0.0,0,0.8377218420136874,0.8949077833198005,False,False,False,False,-0.22671730527355208,-0.21116224037933073,False,False,False,False,149919.0,19042.44150276034,False,False,False,False,49028.02618597725,False,False,False,False
2024-12-12 17:00:00+00:00,7.645,7.72,7.56,7.59,232561.0,,,,,,,,,,,,,,,,,,,,,,,,"rgba(239, 83, 80, 1.0)",0.0,0.0,0.567767875421276,8.177608927501165,-1.0349457109829738,0.0,0.0,0.0,0.0,0.0,0.0,0.0,0.0,42.732188206175216,-2.541278223255688,False,True,False,True,False,0.0,0,0.8359683794466402,0.8997907463380609,False,False,False,False,-0.23275159891589778,-0.22195691964761427,False,False,False,False,-82642.0,17465.938533725293,False,False,False,False,51873.49864821017,False,False,False,False
2024-12-13 17:00:00+00:00,7.28,7.48,7.255,7.47,50942.0,,,,,,,,,,,,,,,,,,,,,,,,"rgba(239, 83, 80, 1.0)",0.0,0.0,0.5636203917052462,8.166693294248859,-1.236103775700871,0.0,0.0,0.0,0.0,0.0,0.0,0.0,0.0,40.086262557632466,-5.1645025630517765,False,True,False,True,False,0.0,1,0.8244310264746865,0.9064096609382255,False,False,False,False,-0.2659455624154866,-0.24395124103155044,False,False,False,False,-133584.0,15124.079021574513,False,False,False,False,51859.05680870303,False,False,False,False
2024-12-16 17:00:00+00:00,7.335,7.35,7.185,7.21,35802.0,,,,,,,,,,,,,,,,,,,,,,,,"rgba(239, 83, 80, 1.0)",0.0,0.0,0.5604944728131434,8.157472789297417,-1.6904230732945762,0.0,0.0,0.0,0.0,0.0,0.0,0.0,0.0,36.351969824086915,-8.700806580817535,False,True,False,True,False,0.0,0,0.8185488522320913,0.9065636174875993,False,False,False,False,-0.27826821682076536,-0.2611097289261579,False,False,False,False,-169386.0,12263.457641395062,False,False,False,False,51610.11019151384,False,False,False,False
2024-12-17 17:00:00+00:00,7.105,7.12,7.0,7.09,37679.0,,,,,,,,,,,,,,,,,,,,,,,,"rgba(239, 83, 80, 1.0)",0.0,0.0,0.5593962962124845,8.14586548630662,-1.887508897458903,0.0,0.0,0.0,0.0,0.0,0.0,0.0,0.0,33.08202150281727,-11.714936235664972,False,True,False,True,False,0.0,0,0.8188748989257247,0.9119787455238535,False,False,False,False,-0.30410774286576675,-0.28260873589596236,False,False,False,False,-207065.0,8863.016437652503,False,False,False,False,51394.123986994244,False,False,False,False
2024-12-18 17:00:00+00:00,7.315,7.495,7.035,7.105,45234.0,,,,,,,,,,,,,,,,,,,,,,,,"rgba(239, 83, 80, 1.0)",0.0,0.0,0.5553271254101009,8.134529091836805,-1.8539146472928238,0.0,0.0,0.0,0.0,0.0,0.0,0.0,0.0,31.178023891612135,-13.472931829700087,False,True,False,True,False,0.0,0,0.8238199150109106,0.899391294360859,False,False,False,False,-0.27857732678251096,-0.28059303133923663,False,False,False,False,-161831.0,6216.597578154015,False,False,False,False,51298.61818874627,False,False,False,False
2024-12-19 17:00:00+00:00,6.535,6.6,6.435,6.475,75037.0,,,,,,,,,,,,,,,,,,,,,,,,"rgba(239, 83, 80, 1.0)",0.0,0.0,0.5651986814825203,8.100020627660982,-2.8751316676793035,0.0,0.0,0.0,0.0,0.0,0.0,0.0,0.0,26.738477971061357,-17.58904363835449,False,True,False,True,False,0.0,0,0.822652248150256,0.908138873079112,False,False,False,False,-0.34282825441539394,-0.3117106428773153,False,False,False,False,-236868.0,2447.8441273299213,False,False,False,False,51666.655116052534,False,False,False,False
2024-12-20 17:00:00+00:00,6.605,6.735,6.465,6.48,67323.0,,,,,,,,,,,,,,,,,,,,,,,,"rgba(239, 83, 80, 1.0)",0.0,0.0,0.5768532843901834,8.07205062269146,-2.759888286628177,0.0,0.0,0.0,0.0,0.0,0.0,0.0,0.0,23.8634659741915,-20.196455739547044,False,True,False,True,False,0.0,0,0.830558722919042,0.9020524515393386,False,False,False,False,-0.3326779750324429,-0.3221943089548791,False,False,False,False,-169545.0,-218.71159557441842,False,False,False,False,51909.38914526102,False,False,False,False
2024-12-23 17:00:00+00:00,6.28,6.28,6.28,6.28,0.0,,,,,,,,,,,,,,,,,,,,,,,,"rgba(239, 83, 80, 1.0)",0.0,0.0,0.5883011118451403,8.07205062269146,-3.0461452249697345,0.0,0.0,0.0,0.0,0.0,0.0,0.0,0.0,21.209107417629212,-22.651717638670085,False,True,False,True,False,0.0,0,0.8332382148156603,0.9043488186280104,False,False,False,False,-0.34282825441539394,-0.33251128168513655,False,False,False,False,-169545.0,-2843.9253692864427,False,False,False,False,51104.59241432674,False,False,False,False
2024-12-24 17:00:00+00:00,6.335,6.37,6.315,6.345,13209.0,,,,,,,,,,,,,,,,,,,,,,,,"rgba(239, 83, 80, 1.0)",0.0,0.0,0.601520595679863,7.909462260385686,-2.6008457093933206,0.0,0.0,0.0,0.0,0.0,0.0,0.0,0.0,20.638260169730327,-23.283625298765998,False,True,False,True,False,0.0,0,0.8360955537775745,0.9006743627843181,False,False,False,False,-0.3354248314520082,-0.33396805656857237,False,False,False,False,-156336.0,-5223.647456584327,False,False,False,False,50517.06384976354,False,False,False,False
2024-12-25 17:00:00+00:00,6.345,6.345,6.345,6.345,0.0,,,,,,,,,,,,,,,,,,,,,,,,"rgba(239, 83, 80, 1.0)",0.0,0.0,0.6141893360687491,7.909462260385686,-2.5471986706890144,0.0,0.0,0.0,0.0,0.0,0.0,0.0,0.0,20.257695337797735,-23.90833689257157,False,True,False,True,False,0.0,0,0.8413173652694609,0.9001612160294792,False,False,False,False,-0.3351294354389075,-0.33454874600373996,False,False,False,False,-156336.0,-7566.474627800074,False,False,False,False,49733.85355751914,False,False,False,False
2024-12-26 17:00:00+00:00,6.765,6.78,6.6,6.61,46320.0,,,,,,,,,,,,,,,,,,,,,,,,"rgba(239, 83, 80, 1.0)",0.0,0.0,0.6213924714732502,7.909091566655072,-2.090613623906764,0.0,0.0,0.0,0.0,0.0,0.0,0.0,0.0,24.85452404519024,-23.90833689257157,False,True,False,True,True,0.0,0,0.846471600688468,0.8958118187033848,False,False,False,False,-0.2948768206707355,-0.31471278333723773,False,False,False,False,-110016.0,-9154.839362252786,False,False,False,False,49680.92559538706,False,False,False,False
2024-12-27 17:00:00+00:00,6.705,6.82,6.65,6.705,24259.0,,,,,,,,,,,,,,,,,,,,,,,,"rgba(239, 83, 80, 1.0)",0.0,0.0,0.6269604065261073,7.903801857732836,-1.9120854287676887,0.0,0.0,0.0,0.0,0.0,0.0,0.0,0.0,29.41281087897719,-26.755739235015476,False,True,False,True,True,0.0,0,0.8388901841921192,0.9047563534623453,False,False,False,False,-0.2896967876757118,-0.3022047855064748,False,False,False,False,-85757.0,-10342.469759737238,False,False,False,False,49286.78721406323,False,False,False,False
2024-12-30 17:00:00+00:00,6.725,6.835,6.725,6.725,21796.0,,,,,,,,,,,,,,,,,,,,,,,,"rgba(239, 83, 80, 1.0)",0.0,0.0,0.6307780980733554,7.89892679230211,-1.8610772883328455,0.0,0.0,0.0,0.0,0.0,0.0,0.0,0.0,32.77618750254155,-23.6512460209321,False,True,False,True,True,0.0,0,0.8295759841140053,0.9057353112954093,False,False,False,False,-0.2845318366981575,-0.29336831110231615,False,False,False,False,-63961.0,-11173.764802221933,False,False,False,False,48860.57345880644,False,False,False,False
2024-12-31 17:00:00+00:00,6.71,6.76,6.67,6.69,39297.0,,,,,,,,,,,,,,,,,,,,,,,,"rgba(239, 83, 80, 1.0)",0.0,0.0,0.6352744529970186,7.887585123519893,-1.8851460465159184,0.0,0.0,0.0,0.0,0.0,0.0,0.0,0.0,34.62027871136054,-21.9001519741239,False,True,False,True,True,0.0,0,0.8286513579671292,0.9076815479659633,False,False,False,False,-0.29199714217727807,-0.2926827266397971,False,False,False,False,-103258.0,-12601.427363427794,False,False,False,False,48712.301002080756,False,False,False,False
2025-01-01 17:00:00+00:00,6.69,6.69,6.69,6.69,0.0,,,,,,,,,,,,,,,,,,,,,,,,"rgba(239, 83, 80, 1.0)",0.0,0.0,0.6390175807194188,7.887585123519893,-1.874103560924923,0.0,0.0,0.0,0.0,0.0,0.0,0.0,0.0,35.8496728505732,-20.592398205100032,False,True,False,True,True,0.0,0,0.8333920808365645,0.9085888849723887,False,False,False,False,-0.2948768206707355,-0.2937797736552663,False,False,False,False,-103258.0,-14006.955621359146,False,False,False,False,47957.07152918028,False,False,False,False
2025-01-02 17:00:00+00:00,6.8,6.835,6.65,6.68,19156.0,,,,,,,,,,,,,,,,,,,,,,,,"rgba(239, 83, 80, 1.0)",0.0,0.0,0.6430240492609577,7.8822264556525194,-1.8696446222101122,0.0,0.0,0.0,0.0,0.0,0.0,0.0,0.0,36.53115520266434,-19.671231082911905,False,True,False,True,True,0.0,0,0.8424917100900048,0.9036001894836568,False,False,False,False,-0.28883492440060204,-0.2913073490279342,False,False,False,False,-122414.0,-15687.684991570632,False,False,False,False,47510.54328841779,False,False,False,False
2025-01-03 17:00:00+00:00,6.83,6.875,6.735,6.74,27808.0,,,,,,,,,,,,,,,,,,,,,,,,"rgba(239, 83, 80, 1.0)",0.0,0.0,0.6471684548933451,7.875480032383352,-1.7545355058606515,0.0,0.0,0.0,0.0,0.0,0.0,0.0,0.0,38.3940386656982,-17.59314226189631,False,True,False,True,True,0.0,0,0.8553504644709854,0.8913017251779466,False,False,False,False,-0.2816688109944768,-0.2864880800112055,False,False,False,False,-94606.0,-16911.22475914318,False,False,False,False,47205.07750100046,False,False,False,False
2025-01-06 17:00:00+00:00,6.995,7.0,6.71,6.76,33514.0,,,,,,,,,,,,,,,,,,,,,,,,"rgba(239, 83, 80, 1.0)",0.0,0.0,0.6510094517795705,7.750926501120099,-1.522138424275326,0.0,0.0,0.0,0.0,0.0,0.0,0.0,0.0,40.11598441195844,-15.666172424049996,False,True,False,True,True,0.0,0,0.8549939831528278,0.8796630565583634,False,False,False,False,-0.27595617908203257,-0.28122212954661907,False,False,False,False,-61092.0,-17596.19801869135,False,False,False,False,46992.81273354309,False,False,False,False
2025-01-07 17:00:00+00:00,6.825,6.865,6.64,6.685,53780.0,,,,,,,,,,,,,,,,,,,,,,,,"rgba(239, 83, 80, 1.0)",0.0,0.0,0.6554935077777426,7.733514060134258,-1.5995796261795727,0.0,0.0,0.0,0.0,0.0,0.0,0.0,0.0,39.88466001667479,-15.55812756680659,False,True,False,True,True,0.0,0,0.8491783323189288,0.8883749239196591,False,False,False,False,-0.2876864223025336,-0.28445427592457634,False,False,False,False,-114872.0,-19104.34998739381,False,False,False,False,47098.04044310056,False,False,False,False
2025-01-08 17:00:00+00:00,6.585,6.7,6.55,6.64,48193.0,,,,,,,,,,,,,,,,,,,,,,,,"rgba(239, 83, 80, 1.0)",0.0,0.0,0.6608892930421013,7.7163564168018866,-1.6286485923343876,0.0,0.0,0.0,0.0,0.0,0.0,0.0,0.0,38.93863491511098,-15.55812756680659,False,True,False,True,True,0.0,0,0.8414500183083119,0.8975955083607956,False,False,False,False,-0.30238641812439276,-0.29342034702448455,False,False,False,False,-163065.0,-21336.298049604757,False,False,False,False,47115.016560261785,False,False,False,False
2025-01-09 17:00:00+00:00,6.64,6.64,6.64,6.64,0.0,,,,,,,,,,,,,,,,,,,,,,,,"rgba(239, 83, 80, 1.0)",0.0,0.0,0.6661361627981311,7.7163564168018866,-1.6158204236812628,0.0,0.0,0.0,0.0,0.0,0.0,0.0,0.0,38.307951514068435,-15.55812756680659,False,True,False,True,True,0.0,0,0.8358338499690017,0.9052696838189709,False,False,False,False,-0.30065052193649666,-0.29703543448049063,False,False,False,False,-163065.0,-23533.642265889954,False,False,False,False,46384.55118723447,False,False,False,False
2025-01-10 17:00:00+00:00,6.595,6.615,6.505,6.6,35446.0,,,,,,,,,,,,,,,,,,,,,,,,"rgba(239, 83, 80, 1.0)",0.0,0.0,0.6717330148528315,7.703653131394312,-1.6429937296384183,0.0,0.0,0.0,0.0,0.0,0.0,0.0,0.0,37.10353019689847,-15.55812756680659,False,True,False,True,False,0.0,0,0.8321086063021544,0.9062149707310996,False,False,False,False,-0.3099292655181672,-0.3034823499993289,False,False,False,False,-198511.0,-26246.46951758158,False,False,False,False,46214.96124634711,False,False,False,False
2025-01-13 17:00:00+00:00,6.465,6.57,6.41,6.48,32785.0,,,,,,,,,,,,,,,,,,,,,,,,"rgba(239, 83, 80, 1.0)",0.0,0.0,0.6789152184727524,7.690801389993794,-1.7834353348530632,0.0,0.0,0.0,0.0,0.0,0.0,0.0,0.0,34.2599094343144,-11.380143562002665,False,True,False,True,False,0.0,0,0.8228134019324882,0.9176810139289746,False,False,False,False,-0.31809076236988465,-0.31078655618460677,False,False,False,False,-231296.0,-29425.53200568109,False,False,False,False,46006.74479291537,False,False,False,False
2025-01-14 17:00:00+00:00,6.085,6.23,6.05,6.185,70795.0,,,,,,,,,,,,,,,,,,,,,,,,"rgba(239, 83, 80, 1.0)",0.0,0.0,0.6908246801749124,7.499923107506565,-1.9034107281367476,0.0,0.0,0.0,0.0,0.0,0.0,0.0,0.0,29.240601701037914,-16.126162205352472,False,True,False,True,False,0.0,0,0.8208208208208205,0.9167917917917916,False,False,False,False,-0.34282825441539394,-0.32680740530000035,False,False,False,False,-302091.0,-33652.90360249223,False,False,False,False,46391.05882713374,False,False,False,False
2025-01-15 17:00:00+00:00,6.305,6.42,6.24,6.415,32540.0,,,,,,,,,,,,,,,,,,,,,,,,"rgba(239, 83, 80, 1.0)",0.0,0.0,0.696455103873712,7.492455906992001,-1.5470572345570401,0.0,0.0,0.0,0.0,0.0,0.0,0.0,0.0,31.91107946725291,-16.126162205352472,False,True,False,True,True,0.0,0,0.8325340737001513,0.9080010095911155,False,False,False,False,-0.3209184173817234,-0.32386291134086187,False,False,False,False,-269551.0,-37310.23843036057,False,False,False,False,46176.313729038644,False,False,False,False
2025-01-16 17:00:00+00:00,6.35,6.515,6.32,6.5,36286.0,,,,,,,,,,,,,,,,,,,,,,,,"rgba(239, 83, 80, 1.0)",0.0,0.0,0.7003103430455728,7.485597721579436,-1.4073727903163322,0.0,0.0,0.0,0.0,0.0,0.0,0.0,0.0,35.468970368024685,-19.745322732606027,False,True,False,True,True,0.0,0,0.8288586334139201,0.9172922763710396,False,False,False,False,-0.31092882780523673,-0.3173958695730493,False,False,False,False,-233265.0,-40348.29674926971,False,False,False,False,46022.97553168921,False,False,False,False
2025-01-17 17:00:00+00:00,6.525,6.575,6.5,6.565,19977.0,,,,,,,,,,,,,,,,,,,,,,,,"rgba(239, 83, 80, 1.0)",0.0,0.0,0.7046275484126443,7.483094915781427,-1.302950640873569,0.0,0.0,0.0,0.0,0.0,0.0,0.0,0.0,39.14483372587393,-16.436111526734656,False,False,False,True,True,0.0,0,0.8210270822687785,0.9202861522738884,False,False,False,False,-0.29732551686437253,-0.30736069321871096,False,False,False,False,-213288.0,-43029.53245858336,False,False,False,False,45619.16195755449,False,False,False,False
2025-01-20 17:00:00+00:00,6.565,6.565,6.565,6.565,0.0,,,,,,,,,,,,,,,,,,,,,,,,"rgba(239, 83, 80, 1.0)",0.0,0.0,0.7087492981073061,7.483094915781427,-1.2953732980521768,0.0,0.0,0.0,0.0,0.0,0.0,0.0,0.0,41.59540929777342,-14.242013079186613,False,False,False,True,True,0.0,0,0.8212362144139521,0.9189535778404718,False,False,False,False,-0.2942232567279797,-0.3007919749733453,False,False,False,False,-213288.0,-45669.19862201618,False,False,False,False,44911.88812875519,False,False,False,False
2025-01-21 17:00:00+00:00,6.685,6.75,6.6,6.6,49472.0,,,,,,,,,,,,,,,,,,,,,,,,"rgba(239, 83, 80, 1.0)",0.0,0.0,0.7130760797387099,7.365247740896407,-1.0731642283903493,0.0,0.0,0.0,0.0,0.0,0.0,0.0,0.0,44.02046031857164,-11.990115624974749,True,False,False,True,True,0.0,0,0.8199021627188464,0.9226313079299691,False,False,False,False,-0.2818684365985302,-0.29133020578593777,False,False,False,False,-163816.0,-47500.931976713604,False,False,False,False,44982.5875376117,False,False,False,False
2025-01-22 17:00:00+00:00,6.53,6.565,6.485,6.53,29315.0,,,,,,,,,,,,,,,,,,,,,,,,"rgba(239, 83, 80, 1.0)",0.0,0.0,0.7182905256783713,7.3570392704227565,-1.1513993862604273,0.0,0.0,0.0,0.0,0.0,0.0,0.0,0.0,44.1584595020158,-11.736311604748401,True,False,False,True,True,0.0,0,0.8141327063740856,0.9412225705329151,False,False,False,False,-0.2987374719427035,-0.29503383886432066,False,False,False,False,-193131.0,-49758.76248870254,False,False,False,False,44739.67920369523,False,False,False,False
2025-01-23 17:00:00+00:00,6.48,6.495,6.36,6.465,56681.0,,,,,,,,,,,,,,,,,,,,,,,,"rgba(239, 83, 80, 1.0)",0.0,0.0,0.7244385026654614,7.339073853301416,-1.2065535584944675,0.0,0.0,0.0,0.0,0.0,0.0,0.0,0.0,42.967607873706484,-11.736311604748401,True,False,False,True,True,0.0,0,0.8048079435589233,0.9417298144760908,False,False,False,False,-0.3097910136060458,-0.3024124262351832,False,False,False,False,-249812.0,-52860.363070273044,False,False,False,False,44924.81596022709,False,False,False,False
2025-01-24 17:00:00+00:00,6.535,6.585,6.445,6.455,41664.0,,,,,,,,,,,,,,,,,,,,,,,,"rgba(239, 83, 80, 1.0)",0.0,0.0,0.7290042140784755,7.3301162243587665,-1.2004268390478225,0.0,0.0,0.0,0.0,0.0,0.0,0.0,0.0,41.97390067633518,-11.736311604748401,True,False,False,True,True,0.0,0,0.8122127380170714,0.9373604727511489,False,False,False,False,-0.29986786933449033,-0.3011401477848368,False,False,False,False,-291476.0,-56559.83030949361,False,False,False,False,44874.260674022014,False,False,False,False
2025-01-27 17:00:00+00:00,6.575,6.64,6.485,6.52,43597.0,,,,,,,,,,,,,,,,,,,,,,,,"rgba(239, 83, 80, 1.0)",0.0,0.0,0.7320741421123828,7.323042138249734,-1.0969409955289167,0.0,0.0,0.0,0.0,0.0,0.0,0.0,0.0,43.26131427459481,-11.736311604748401,True,False,False,True,True,0.0,0,0.8063104865438152,0.9444518096248176,False,False,False,False,-0.28125064734290856,-0.2911953975638727,False,False,False,False,-247879.0,-59526.018986865805,False,False,False,False,44854.4581829519,False,False,False,False
2025-01-28 17:00:00+00:00,6.155,6.17,5.96,5.96,72163.0,,,,,,,,,,,,,,,,,,,,,,,,"rgba(239, 83, 80, 1.0)",0.0,0.0,0.7460561592754426,7.284439061375294,-1.7752538396862343,0.0,0.0,0.0,0.0,0.0,0.0,0.0,0.0,36.697340518867094,-7.8112886085375735,False,False,False,True,False,0.0,0,0.8088334913968295,0.9318520525674026,False,False,False,False,-0.34282825441539394,-0.3170118259896333,False,False,False,False,-320042.0,-63565.02644443377,False,False,False,False,45277.84642817745,False,False,False,False
2025-01-29 17:00:00+00:00,5.875,5.88,5.68,5.775,60274.0,,,,,,,,,,,,,,,,,,,,,,,,"rgba(239, 83, 80, 1.0)",0.0,0.0,0.7649272060991572,7.247192962902977,-1.9246183835068573,0.0,0.0,0.0,0.0,0.0,0.0,0.0,0.0,31.11984176754958,-12.866182021175135,False,True,False,True,False,0.0,0,0.8186342272601601,0.9326790157589162,False,False,False,False,-0.34282825441539394,-0.32992004020251364,False,False,False,False,-380316.0,-68475.89425149681,False,False,False,False,45510.34493316695,False,False,False,False
2025-01-30 17:00:00+00:00,5.795,5.88,5.655,5.69,55027.0,,,,,,,,,,,,,,,,,,,,,,,,"rgba(239, 83, 80, 1.0)",0.0,0.0,0.7846620779524193,7.215920845102676,-1.9446853466967287,0.0,0.0,0.0,0.0,0.0,0.0,0.0,0.0,26.913974824960107,-16.5575539012015,False,True,False,True,False,0.0,0,0.832527722490759,0.9297696900767698,False,False,False,False,-0.34282825441539394,-0.33637414730895376,False,False,False,False,-435343.0,-74163.75635612477,False,False,False,False,45657.8899729628,False,False,False,False
2025-01-31 17:00:00+00:00,5.52,5.66,5.415,5.44,69463.0,,,,,,,,,,,,,,,,,,,,,,,,"rgba(239, 83, 80, 1.0)",0.0,0.0,0.8108863574414833,7.171518632696179,-2.135340688378928,0.0,0.0,0.0,0.0,0.0,0.0,0.0,0.0,22.90675899425827,-20.095910159746303,False,True,False,True,False,0.0,0,0.8193649885583524,0.9417906178489703,False,False,False,False,-0.34282825441539394,-0.3396012008621738,False,False,False,False,-504806.0,-80840.38028858794,False,False,False,False,46026.9614462502,False,False,False,False
2025-02-03 17:00:00+00:00,5.385,5.42,5.28,5.295,74643.0,,,,,,,,,,,,,,,,,,,,,,,,"rgba(239, 83, 80, 1.0)",0.0,0.0,0.8392666253750954,7.122486962788964,-2.177480799945073,0.0,0.0,0.0,0.0,0.0,0.0,0.0,0.0,19.674683150000682,-22.984601527237448,False,True,False,True,False,0.0,0,0.821978971626098,0.9363387584617598,False,False,False,False,-0.34282825441539394,-0.3412147276387839,False,False,False,False,-579449.0,-88570.7464856641,False,False,False,False,46470.620958711435,False,False,False,False
2025-02-04 17:00:00+00:00,5.285,5.41,5.265,5.39,34630.0,,,,,,,,,,,,,,,,,,,,,,,,"rgba(239, 83, 80, 1.0)",0.0,0.0,0.8635296987021194,7.101902728713524,-1.9824480053048614,0.0,0.0,0.0,0.0,0.0,0.0,0.0,0.0,19.7429734668599,-22.984601527237448,False,True,False,True,False,0.0,0,0.8253602305475501,0.9315561959654177,False,False,False,False,-0.34282825441539394,-0.3420214910270889,False,False,False,False,-544819.0,-95644.36281921969,False,False,False,False,46287.04543997172,False,False,False,False
2025-02-05 17:00:00+00:00,5.475,5.475,5.4,5.4,25810.0,,,,,,,,,,,,,,,,,,,,,,,,"rgba(239, 83, 80, 1.0)",0.0,0.0,0.8870251273648392,7.0880281655869055,-1.903021812472972,0.0,0.0,0.0,0.0,0.0,0.0,0.0,0.0,20.0293312026893,-23.00219993962681,False,True,False,True,False,0.0,0,0.8351472935713247,0.9280220577564938,False,False,False,False,-0.32118050730361736,-0.3316009991653531,False,False,False,False,-519009.0,-102208.15564372792,False,False,False,False,45969.57186725898,False,False,False,False
2025-02-06 17:00:00+00:00,5.52,5.55,5.36,5.38,25672.0,,,,,,,,,,,,,,,,,,,,,,,,"rgba(239, 83, 80, 1.0)",0.0,0.0,0.9097679290262531,7.074714990103079,-1.862799221683901,0.0,0.0,0.0,0.0,0.0,0.0,0.0,0.0,20.08367173418393,-23.4165003966398,False,True,False,True,False,0.0,0,0.8419964559952745,0.9171588895451859,False,False,False,False,-0.3174224089438134,-0.3245117040545833,False,False,False,False,-544681.0,-109068.19974227478,False,False,False,False,45654.88083055729,False,False,False,False
2025-02-07 17:00:00+00:00,5.265,5.385,5.265,5.34,30129.0,,,,,,,,,,,,,,,,,,,,,,,,"rgba(239, 83, 80, 1.0)",0.0,0.0,0.9316897513619143,7.0582159131316375,-1.8441932098319258,0.0,0.0,0.0,0.0,0.0,0.0,0.0,0.0,19.831636655073904,-24.20325531525075,False,True,False,True,False,0.0,0,0.8468066100937917,0.9117165401220781,False,False,False,False,-0.34282825441539394,-0.33366997923498865,False,False,False,False,-574810.0,-116289.0028470457,False,False,False,False,45414.16949985098,False,False,False,False
2025-02-10 17:00:00+00:00,5.255,5.31,5.18,5.24,47783.0,,,,,,,,,,,,,,,,,,,,,,,,"rgba(239, 83, 80, 1.0)",0.0,0.0,0.956029830097403,7.0313683210682125,-1.8737577685057196,0.0,0.0,0.0,0.0,0.0,0.0,0.0,0.0,18.971021972218864,-25.558633548287894,False,True,False,True,False,0.0,0,0.8421762589928056,0.9207134292565945,False,False,False,False,-0.34282825441539394,-0.3382491168251913,False,False,False,False,-622593.0,-124138.67722151011,False,False,False,False,45450.895554116854,False,False,False,False
2025-02-11 17:00:00+00:00,5.205,5.27,5.165,5.235,49794.0,,,,,,,,,,,,,,,,,,,,,,,,"rgba(239, 83, 80, 1.0)",0.0,0.0,0.9794663329065123,7.004427619233452,-1.8065221435256205,0.0,0.0,0.0,0.0,0.0,0.0,0.0,0.0,18.36271771773502,-26.64156982861963,False,True,False,True,False,0.0,0,0.8348316318756666,0.9291482553710193,False,False,False,False,-0.34282825441539394,-0.34053868562029266,False,False,False,False,-672387.0,-132638.65121807583,False,False,False,False,45518.2305067662,False,False,False,False
2025-02-12 17:00:00+00:00,5.125,5.19,5.1,5.1,39675.0,,,,,,,,,,,,,,,,,,,,,,5.13,,"rgba(239, 83, 80, 1.0)",0.0,0.0,1.0049474550380337,6.806470091426497,-1.6980689715383308,1.0,5.19,5.1,0.0,0.0,0.0,0.0,0.0,17.074798375797997,-28.304290231051414,False,True,False,True,False,0.0,0,0.8374807987711211,0.9284178187403992,True,False,False,False,-0.34282825441539394,-0.34168347001784327,False,False,False,False,-712062.0,-141621.9589511289,False,False,False,False,45427.63778573107,False,False,False,False
2025-02-13 17:00:00+00:00,5.135,5.225,5.115,5.21,75313.0,,,,,,,,,,,,,,,,,,,,,,5.164931413132964,,"rgba(239, 83, 80, 1.0)",0.0,0.0,1.0249181377989285,6.772472540830908,-1.5244852083371347,0.0,0.0,0.0,0.0,1.0,5.515,5.19,0.0,19.74956378643367,-28.304290231051414,False,True,False,True,True,0.0,0,0.8344891354600091,0.9260286638927416,False,False,False,False,-0.33767919020692544,-0.3396813301123843,False,False,False,False,-636749.0,-149298.34718444475,False,False,False,False,45890.9767347895,False,False,False,False
2025-02-14 17:00:00+00:00,5.675,5.745,5.515,5.62,136196.0,,,,,,,,,,,,,,,,,,,,,,5.415291685245344,,"rgba(239, 83, 80, 1.0)",0.0,0.0,1.032282357141155,6.7498678964575465,-1.094533766504204,0.0,0.0,0.0,0.0,0.0,0.0,0.0,0.0,30.07252389733948,-25.1442749017691,False,False,False,True,True,0.0,0,0.8445532435740511,0.916003671970624,False,False,False,False,-0.24566103453744678,-0.29267118232491557,False,False,False,False,-500553.0,-154744.15575522854,False,False,False,False,47291.054614870285,False,False,False,False
2025-02-17 17:00:00+00:00,5.62,5.62,5.62,5.62,0.0,,,,,,,,,,,,,,,,,,,,,,5.415291685245344,,"rgba(239, 83, 80, 1.0)",0.0,0.0,1.033086153232166,6.7498678964575465,-1.0936821608948915,0.0,0.0,0.0,0.0,0.0,0.0,0.0,0.0,36.954497304610015,-19.22382368283702,True,False,False,True,True,0.0,0,0.8451553082985626,0.9289136145881625,False,False,False,False,-0.24761359340863992,-0.27014238786677774,False,False,False,False,-500553.0,-160105.53318538005,False,False,False,False,46557.859969678495,False,False,False,False
2025-02-18 17:00:00+00:00,5.995,6.1,5.78,5.785,66129.0,,,,,,,,,,,,,,,,,,,,,,5.5138750119492945,,"rgba(38, 166, 154, 1.0)",0.0,0.0,1.0307811828156748,6.744495579121037,-0.930843126666404,0.0,0.0,0.0,0.0,0.0,0.0,0.0,0.0,43.97973813250555,-13.269348298769764,True,False,False,True,True,0.0,0,0.8436781609195402,0.92183908045977,False,False,False,False,-0.18595828416728646,-0.22805033601703212,False,False,False,False,-434424.0,-164358.53267087802,False,False,False,False,46861.28849728038,False,False,False,False
2025-02-19 17:00:00+00:00,5.63,5.74,5.57,5.625,92473.0,,,,,,,,,,,,,,,,,,,,,,5.543464897938599,,"rgba(38, 166, 154, 1.0)",0.0,0.0,1.02520333294128,6.72342277980942,-1.0714194389693168,0.0,0.0,0.0,0.0,0.0,0.0,0.0,0.0,45.96854757923362,-11.874746223513583,True,False,False,False,True,0.0,0,0.8357956294244381,0.9412126808248692,False,False,False,False,-0.24078762585806332,-0.2344189809375477,False,False,False,False,-526897.0,-169979.28410233726,False,False,False,False,47568.446815152,False,False,False,False
2025-02-20 17:00:00+00:00,7.83,8.395,7.75,8.0,340919.0,,,,,,,,,,,,,,,,,,,,,,6.68100526616092,,"rgba(38, 166, 154, 1.0)",0.0,0.0,1.018650065014964,6.946567455867097,1.0341456603327543,0.0,0.0,0.0,0.0,0.0,0.0,0.0,0.0,58.96310818711072,-0.2462026420563248,True,False,True,False,True,9.042242304402226,0,0.8466248931928225,0.9248077470806038,False,False,False,False,0.2112925249247702,-0.01156322800638876,False,False,False,False,-185978.0,-170227.3262092778,False,False,False,False,52116.51740716515,False,False,False,False
2025-02-21 17:00:00+00:00,7.915,8.35,7.875,8.32,145077.0,,,,,,,,,,,,,,,,,,,,,,6.924045932306447,,"rgba(38, 166, 154, 1.0)",0.0,0.0,1.0143976022721715,7.017679975516833,1.2838358662974678,0.0,0.0,0.0,0.0,0.0,0.0,0.0,0.0,68.10691803724882,7.477347759325951,True,False,True,False,True,11.23180261662339,0,0.8551381998582563,0.9224663359319629,False,False,False,False,0.21899197972382015,0.1037143758587157,False,False,False,False,-40901.0,-168222.2668882037,False,False,False,False,53557.76519930212,False,False,False,False
2025-02-24 17:00:00+00:00,8.655,8.875,8.615,8.695,88924.0,,,,,,,,,,,,,,,,,,,,,,7.086982334490363,,"rgba(38, 166, 154, 1.0)",0.0,0.0,1.0150040917682754,7.127330456627069,1.5444957868512994,0.0,0.0,0.0,0.0,0.0,0.0,0.0,0.0,74.7115752798708,12.937756041598924,True,False,True,False,True,13.666494622621954,0,0.8669473684210526,0.9192982456140351,False,False,False,False,0.34282823384157196,0.22327130485014382,False,False,False,False,48023.0,-164869.62709148737,False,False,False,False,54106.0789171424,False,False,False,False
2025-02-25 17:00:00+00:00,8.095,8.34,8.02,8.265,86458.0,,,,,,,,,,,,,,,,,,,,,,7.177491131143317,,"rgba(38, 166, 154, 1.0)",0.0,0.0,1.0165429757868858,7.145078517141673,1.101696150122348,0.0,0.0,0.0,0.0,0.0,0.0,0.0,0.0,75.40955957025666,13.304575337853706,True,False,True,False,True,9.87482997923572,0,0.8556528994576552,0.9306077040745375,False,False,False,False,0.23040924259091283,0.22684027372052834,False,False,False,False,-38435.0,-162909.40031487515,False,False,False,False,54607.659088969645,False,False,False,False
2025-02-26 17:00:00+00:00,8.485,8.62,8.35,8.62,48409.0,,,,,,,,,,,,,,,,,,,,,,7.2359720000393,,"rgba(38, 166, 154, 1.0)",0.0,0.0,1.0251328984378048,7.168130835482632,1.4162740916127692,0.0,0.0,0.0,0.0,0.0,0.0,0.0,0.0,76.68732101033757,14.726814406978747,True,False,True,False,True,12.13938474874838,0,0.8716094032549726,0.9123661148977605,False,False,False,False,0.29021568421142474,0.25852797896597657,False,False,False,False,9974.0,-160229.0375192957,False,False,False,False,54511.55584728019,False,False,False,False
2025-02-27 17:00:00+00:00,8.335,8.42,8.16,8.25,54850.0,,,,,,,,,,,,,,,,,,,,,,7.284576380628331,,"rgba(38, 166, 154, 1.0)",0.0,0.0,1.0329942047403082,7.185717802072286,1.0302886434830205,0.0,0.0,0.0,0.0,0.0,0.0,0.0,0.0,74.64161662302737,14.726814406978747,True,False,True,False,True,9.031786619839693,0,0.8618321659112756,0.9060568603213842,False,False,False,False,0.251771651765459,0.2551498153657178,False,False,False,False,-44876.0,-158440.61833295002,False,False,False,False,54516.80304344639,False,False,False,False
2025-02-28 17:00:00+00:00,8.245,8.32,8.095,8.31,28598.0,,,,,,,,,,,,,,,,,,,,,,7.307328159691311,,"rgba(38, 166, 154, 1.0)",0.0,0.0,1.0392203982005315,7.19439172713202,1.0735049800790275,0.0,0.0,0.0,0.0,0.0,0.0,0.0,0.0,73.4704105265908,14.726814406978747,True,False,True,False,True,9.418788653221522,0,0.864423076923077,0.908791208791209,False,False,False,False,0.23572978513495974,0.24543980025033876,False,False,False,False,-16278.0,-156236.54673088877,False,False,False,False,54114.96113579605,False,False,False,False
2025-03-03 17:00:00+00:00,8.435,8.535,8.1,8.115,95708.0,,,,,,,,,,,,,,,,,,,,,,7.37679703001935,,"rgba(38, 166, 154, 1.0)",0.0,0.0,1.0427530349473584,7.223325033281684,0.8551161558243087,0.0,0.0,0.0,0.0,0.0,0.0,0.0,0.0,71.10268137136433,14.726814406978747,True,False,True,False,False,7.807746965552219,0,0.8633506422519812,0.9076250341623393,False,False,False,False,0.2571468811428951,0.2512933406966169,False,False,False,False,-111986.0,-155550.49174281297,False,False,False,False,54759.81445152015,False,False,False,False
2025-03-04 17:00:00+00:00,7.935,8.295,7.835,8.125,45874.0,,,,,,,,,,,,,,,,,,,,,,7.400958885262043,,"rgba(38, 166, 154, 1.0)",0.0,0.0,1.0478511344652135,7.233691102206876,0.8506064158130789,0.0,0.0,0.0,0.0,0.0,0.0,0.0,0.0,69.56731962990634,14.726814406978747,True,False,True,False,False,7.874780588717417,0,0.8610506260206858,0.9142623843222646,False,False,False,False,0.20829433113848467,0.2297938359175508,False,False,False,False,-66112.0,-154163.84845997865,False,False,False,False,54622.0498863803,False,False,False,False
2025-03-05 17:00:00+00:00,8.37,8.695,8.37,8.645,51353.0,,,,,,,,,,,,,,,,,,,,,,7.443964372802581,,"rgba(38, 166, 154, 1.0)",0.0,0.0,1.0527046162191196,7.254803496994075,1.3205950478292157,0.0,0.0,0.0,0.0,0.0,0.0,0.0,0.0,70.59518430980407,14.726814406978747,True,False,True,False,False,11.249475525420884,0,0.8795442213781876,0.8963646228974496,False,False,False,False,0.2997039353829485,0.2647488856502496,False,False,False,False,-14759.0,-152002.53297997898,False,False,False,False,54571.36694240541,False,False,False,False
2025-03-06 17:00:00+00:00,8.635,8.825,8.485,8.81,35759.0,,,,,,,,,,,,,,,,,,,,,,7.475502054063368,,"rgba(38, 166, 154, 1.0)",0.0,0.0,1.0596911074663586,7.270734716896371,1.4525603473109223,0.0,0.0,0.0,0.0,0.0,0.0,0.0,0.0,71.84142697469113,14.726814406978747,True,False,True,False,False,12.270590224018118,0,0.8910361842105262,0.8837719298245613,False,False,False,False,0.32442217213550867,0.29458552889287914,False,False,False,False,21000.0,-149320.3231663359,False,False,False,False,54279.702338647185,False,False,False,False
2025-03-07 17:00:00+00:00,9.095,9.215,8.835,8.855,48811.0,,,,,,,,,,,,,,,,,,,,,,7.524718742978284,,"rgba(38, 166, 154, 1.0)",0.0,0.0,1.0691016983624504,7.380299324881266,1.3793829692512345,0.0,0.0,0.0,0.0,0.0,0.0,0.0,0.0,72.83079475721293,15.079854423209923,True,False,True,False,False,12.54896692676434,0,0.8999177406087195,0.877844803948451,False,False,False,False,0.3428282353262808,0.31870688210958,False,False,False,False,69811.0,-145922.93831104386,False,False,False,False,54194.91625587746,False,False,False,False
2025-03-10 17:00:00+00:00,9.135,9.135,8.66,8.91,46951.0,,,,,,,,,,,,,,,,,,,,,,7.567042838179124,,"rgba(38, 166, 154, 1.0)",0.0,0.0,1.075252608074589,7.400053910346625,1.4042710320481562,0.0,0.0,0.0,0.0,0.0,0.0,0.0,0.0,73.69900920373786,16.603885159271286,True,False,True,False,False,12.892705599424747,0,0.8936981080713216,0.8798148904314688,False,False,False,False,0.3186788467243578,0.31869286441696887,False,False,False,False,116762.0,-141850.30360854705,False,True,False,False,54082.60747671657,False,False,False,False
2025-03-11 17:00:00+00:00,8.45,8.57,8.38,8.52,31400.0,,,,,,,,,,,,,,,,,,,,,,7.585633692288317,,"rgba(38, 166, 154, 1.0)",0.0,0.0,1.0851579284738992,7.402935450043191,1.0294027446565133,0.0,0.0,0.0,0.0,0.0,0.0,0.0,0.0,70.11824101431338,16.603885159271286,True,False,True,False,False,9.526374329346893,0,0.8773941192338818,0.8912867547882384,False,False,False,False,0.24100340619993896,0.2798481353084539,False,False,False,False,85362.0,-138327.63223477112,False,False,False,False,53730.93914374422,False,False,False,False
2025-03-12 17:00:00+00:00,8.32,8.75,8.295,8.56,49975.0,,,,,,,,,,,,,,,,,,,,,,7.615123403727213,,"rgba(38, 166, 154, 1.0)",0.0,0.0,1.093942708119892,7.413639727459908,1.0479161879604169,0.0,0.0,0.0,0.0,0.0,0.0,0.0,0.0,67.96233259226193,16.603885159271286,True,False,True,False,False,9.787772390526282,0,0.8743644634733744,0.889082151458389,False,False,False,False,0.2495793251439975,0.2647137302262257,False,False,False,False,135337.0,-134084.76971950335,False,False,False,False,53672.70752911252,False,False,False,False
2025-03-13 17:00:00+00:00,8.205,8.205,8.005,8.065,22628.0,,,,,,,,,,,,,,,,,,,,,,7.621732875466856,,"rgba(38, 166, 154, 1.0)",0.0,0.0,1.0941535170710521,7.412829010744963,0.5960507178195966,0.0,0.0,0.0,0.0,0.0,0.0,0.0,0.0,62.13692492606647,18.75837709322839,True,False,True,False,False,5.718398096535488,0,0.8695998936594441,0.8928618902033763,False,False,False,False,0.17527835026141228,0.21999604024381897,False,False,False,False,112709.0,-130258.50972385214,False,False,False,False,53191.39423408752,False,False,False,False
2025-03-14 17:00:00+00:00,7.985,8.07,7.94,8.06,27652.0,,,,,,,,,,,,,,,,,,,,,,7.628426168020386,,"rgba(38, 166, 154, 1.0)",0.0,0.0,1.097278504809582,7.41194685075269,0.5906004231439597,0.0,0.0,0.0,0.0,0.0,0.0,0.0,0.0,58.21386065711076,15.057009581308733,True,False,True,False,False,5.67848725471713,0,0.8677213507045997,0.8956394575910661,False,False,False,False,0.15779149293615685,0.1888937665899879,False,False,False,False,85057.0,-126920.28476689318,False,False,False,False,52795.43463355903,False,False,False,False
2025-03-17 17:00:00+00:00,8.415,8.55,8.385,8.445,35356.0,,,,,,,,,,,,,,,,,,,,,,7.645777205267904,,"rgba(38, 166, 154, 1.0)",0.0,0.0,1.1055487610517671,7.420690916585377,0.9265164228849968,0.0,0.0,0.0,0.0,0.0,0.0,0.0,0.0,58.391519643761356,15.057009581308733,True,False,True,False,False,8.270866228988574,0,0.8731442205726404,0.8960763520678686,False,False,False,False,0.23965251775893245,0.2142731421744602,False,False,False,False,120413.0,-123085.66019686383,False,False,False,False,52525.055802030976,False,False,False,False
2025-03-18 17:00:00+00:00,8.43,8.49,8.16,8.205,25325.0,,,,,,,,,,,,,,,,,,,,,,7.655190041010273,,"rgba(38, 166, 154, 1.0)",0.0,0.0,1.110882909148337,7.424687346580257,0.7024256534993167,0.0,0.0,0.0,0.0,0.0,0.0,0.0,0.0,56.436935327968804,13.019298112698458,True,False,True,False,False,6.336057608619374,0,0.8675033025099075,0.8937912813738442,False,False,False,False,0.2141421704578268,0.2142076563161435,False,False,False,False,95088.0,-119703.12282947058,False,False,False,False,52103.34951052661,False,False,False,False
2025-03-19 17:00:00+00:00,7.83,7.93,7.76,7.845,23097.0,,,,,,,,,,,,,,,,,,,,,,7.657705397869081,,"rgba(38, 166, 154, 1.0)",0.0,0.0,1.10977602236661,7.448118174950536,0.3576233555696301,0.0,0.0,0.0,0.0,0.0,0.0,0.0,0.0,52.48006572792575,9.10092527764266,True,False,False,False,False,3.542765817243062,0,0.8623455166973442,0.9056008414409678,False,False,False,False,0.130005852886624,0.17210675460138375,False,False,False,False,71991.0,-116731.1209251377,False,False,False,False,51653.63866540217,False,False,False,False
2025-03-20 17:00:00+00:00,7.915,8.075,7.9,8.0,21449.0,,,,,,,,,,,,,,,,,,,,,,7.661765305889182,,"rgba(38, 166, 154, 1.0)",0.0,0.0,1.107689149649976,7.453201170412347,0.4936392396372559,0.0,0.0,0.0,0.0,0.0,0.0,0.0,0.0,51.10592600303134,7.624003072840864,False,False,False,False,False,4.6048984408880855,0,0.8608764519535373,0.9083949313621964,False,False,False,False,0.15474140189720023,0.163424078249292,False,False,False,False,93440.0,-113472.65393405028,False,False,False,False,51185.34969384555,False,False,False,False
2025-03-21 17:00:00+00:00,8.505,8.54,8.28,8.43,20866.0,,,,,,,,,,,,,,,,,,,,,,7.670588715708103,,"rgba(38, 166, 154, 1.0)",0.0,0.0,1.1153718121233447,7.468146735140985,0.8623611018355615,0.0,0.0,0.0,0.0,0.0,0.0,0.0,0.0,53.21791189785768,7.624003072840864,False,False,True,False,False,7.447303184378423,0,0.8621861924686189,0.9016736401673638,False,False,False,False,0.22932378216999588,0.19637393020964394,False,False,False,False,114306.0,-109941.20193507275,False,False,False,False,50715.28225673166,False,False,False,False
2025-03-24 17:00:00+00:00,8.21,8.26,8.09,8.095,33961.0,,,,,,,,,,,,,,,,,,,,,,7.6795073666647236,,"rgba(38, 166, 154, 1.0)",0.0,0.0,1.1172713785528419,7.473662912894404,0.5561201146228151,0.0,0.0,0.0,0.0,0.0,0.0,0.0,0.0,52.06821535552942,7.624003072840864,False,False,False,False,False,4.883121566447862,0,0.8620418848167538,0.9035340314136127,False,False,False,False,0.18758197484935957,0.19197795252950176,False,False,False,False,80345.0,-106991.02826166076,False,False,False,False,50455.525942673805,False,False,False,False
2025-03-25 17:00:00+00:00,8.195,8.28,8.125,8.28,18878.0,,,,,,,,,,,,,,,,,,,,,,7.685144132630854,,"rgba(38, 166, 154, 1.0)",0.0,0.0,1.123247355492839,7.477876937887415,0.714110795088979,0.0,0.0,0.0,0.0,0.0,0.0,0.0,0.0,52.58481283446359,7.624003072840864,False,False,True,False,False,6.090797460374976,0,0.8597800471327571,0.9063891070960985,False,False,False,False,0.19243074156621862,0.19220434704786019,False,False,False,False,99223.0,-103793.9115444257,False,False,False,False,49965.95189705095,False,False,False,False
2025-03-26 17:00:00+00:00,8.205,8.37,8.2,8.37,16016.0,,,,,,,,,,,,,,,,,,,,,,7.690570585771199,,"rgba(38, 166, 154, 1.0)",0.0,0.0,1.1321642075215181,7.482393564003434,0.7839908999946855,0.0,0.0,0.0,0.0,0.0,0.0,0.0,0.0,53.551518040638705,7.624003072840864,False,False,True,False,False,6.67498496776312,0,0.8613654198273604,0.9042636672770075,False,False,False,False,0.20703179231710112,0.19961806968248064,False,False,False,False,115239.0,-100398.05245071367,False,False,False,False,49439.59605368582,False,False,False,False
2025-03-27 17:00:00+00:00,8.525,8.66,8.475,8.625,24687.0,,,,,,,,,,,,,,,,,,,,,,7.702345289046839,,"rgba(38, 166, 154, 1.0)",0.0,0.0,1.1462114131361796,7.494188821718383,0.986564228310704,0.0,0.0,0.0,0.0,0.0,0.0,0.0,0.0,55.88327101783156,7.624003072840864,True,False,True,False,True,8.309579686323655,0,0.8713259307642063,0.8973220117570218,False,False,False,False,0.2577371739945357,0.22867762183850818,False,False,False,False,139926.0,-96672.09814915223,False,False,False,False,49055.8348745589,False,False,False,False
2025-03-28 17:00:00+00:00,8.425,8.57,8.38,8.555,20687.0,,,,,,,,,,,,,,,,,,,,,,7.711050717732568,,"rgba(38, 166, 154, 1.0)",0.0,0.0,1.1593753832470797,7.501712636247063,0.9084955390401501,0.0,0.0,0.0,0.0,0.0,0.0,0.0,0.0,56.75308463020865,7.624003072840864,True,False,True,False,True,7.7550096090938965,1,0.8736773350751142,0.8948399738732856,False,False,False,False,0.24100340619993896,0.23484051401922357,False,False,False,False,119239.0,-93324.63926311885,False,False,False,False,48616.00797727892,False,False,False,False
2025-03-31 17:00:00+00:00,8.475,8.855,8.455,8.63,52838.0,,,,,,,,,,,,,,,,,,,,,,7.736372788155323,,"rgba(38, 166, 154, 1.0)",0.0,0.0,1.1745986471906118,7.523857779872303,0.941719303673091,0.0,0.0,0.0,0.0,0.0,0.0,0.0,0.0,57.8765064111311,3.0999791179479814,True,False,True,False,True,8.2408675678899,0,0.881091617933723,0.8839506172839506,False,False,False,False,0.27369732761930615,0.2542689208192649,False,False,False,False,172077.0,-89209.88516601623,False,False,False,False,48681.46521794126,False,False,False,False
2025-04-01 17:00:00+00:00,8.645,8.77,8.56,8.765,27458.0,,,,,,,,,,,,,,,,,,,,,,7.74971463063518,,"rgba(38, 166, 154, 1.0)",0.0,0.0,1.1920564787998436,7.535016540355485,1.0318164294386927,0.0,0.0,0.0,0.0,0.0,0.0,0.0,0.0,59.60497035962771,5.01010515034811,True,False,True,False,True,9.115208858496015,0,0.8856069439046509,0.8840523383858012,False,False,False,False,0.27552989535159406,0.26489940808542944,False,False,False,False,199535.0,-84733.2202797214,False,False,False,False,48352.419245570076,False,False,False,False
2025-04-02 17:00:00+00:00,8.895,8.935,8.75,8.82,24410.0,,,,,,,,,,,,,,,,,,,,,,7.762933044267921,,"rgba(38, 166, 154, 1.0)",0.0,0.0,1.2099077397631488,7.635319799479472,0.9791492041801807,0.0,0.0,0.0,0.0,0.0,0.0,0.0,0.0,61.159554518926534,6.7092892357865,True,False,True,False,True,9.47198856033922,0,0.8894361633182111,0.8841218405703176,False,False,False,False,0.30837293165243856,0.28663616986893403,False,False,False,False,223945.0,-79947.51143817532,False,False,False,False,47981.21894718914,False,False,False,False
2025-04-03 17:00:00+00:00,8.345,8.52,8.345,8.465,28544.0,,,,,,,,,,,,,,,,,,,,,,7.772487483011133,,"rgba(38, 166, 154, 1.0)",0.0,0.0,1.2189394371138311,7.628127690037964,0.6865577439544968,0.0,0.0,0.0,0.0,0.0,0.0,0.0,0.0,58.08811594238561,6.7092892357865,False,False,True,False,False,6.562962937417041,0,0.8847488115122701,0.8878324553514069,False,False,False,False,0.23335962088314124,0.2599978953760376,False,False,False,False,195401.0,-75678.5422685912,False,False,False,False,47679.866715449774,False,False,False,False
2025-04-04 17:00:00+00:00,8.095,8.35,8.065,8.27,45613.0,,,,,,,,,,,,,,,,,,,,,,7.782491970666649,,"rgba(38, 166, 154, 1.0)",0.0,0.0,1.2246347203138697,7.621041352815196,0.5299201765392362,0.0,0.0,0.0,0.0,0.0,0.0,0.0,0.0,54.20613327932926,8.925129087208006,False,False,True,False,False,5.018402565032545,0,0.8725226953075053,0.8936197417210074,False,False,False,False,0.19331329017452195,0.2266555927752798,False,False,False,False,149788.0,-72182.93696210142,False,False,False,False,47647.822270249,False,False,False,False
2025-04-07 17:00:00+00:00,7.535,7.815,7.53,7.75,25943.0,,,,,,,,,,,,,,,,,,,,,,7.781454395686209,,"rgba(239, 83, 80, 1.0)",0.0,0.0,1.2231079081401552,7.6072359942107735,0.11672233074374604,0.0,0.0,0.0,0.0,0.0,0.0,0.0,0.0,47.884647085377054,3.195602068265181,False,True,False,True,False,1.0971660835826924,0,0.8603830645161289,0.9000756048387097,False,False,False,False,0.10027025313400607,0.16346292295464293,False,False,False,False,123845.0,-69143.74414098356,False,False,False,False,47311.31339784204,False,False,False,False
2025-04-08 17:00:00+00:00,7.29,7.375,7.03,7.07,22165.0,,,,,,,,,,,,,,,,,,,,,,7.7749592320443925,,"rgba(239, 83, 80, 1.0)",0.0,0.0,1.2197695211328718,7.587743587874396,-0.4244601778486289,0.0,0.0,0.0,0.0,0.0,0.0,0.0,0.0,40.59392102641659,-3.1996357121087655,False,True,False,True,False,0.0,0,0.8506404676035315,0.9013804253202337,False,False,False,False,0.01998976653164183,0.09172634474314238,False,False,False,False,101680.0,-66495.31399926289,False,False,False,False,46921.44807384448,False,False,False,False
2025-04-09 17:00:00+00:00,6.935,7.59,6.855,7.325,29434.0,,,,,,,,,,,,,,,,,,,,,,7.767882969928304,,"rgba(239, 83, 80, 1.0)",0.0,0.0,1.2165072843896183,7.569339071111642,-0.20085294535185538,0.0,0.0,0.0,0.0,0.0,0.0,0.0,0.0,38.18711365880388,-5.040907575123811,False,True,False,True,False,0.0,0,0.8556827976850138,0.8960719123260681,False,False,False,False,0.023393432588795712,0.05755988866596905,False,False,False,False,131114.0,-63431.60370470067,False,False,False,False,46650.32484789341,False,False,False,False
2025-04-10 17:00:00+00:00,6.92,7.035,6.725,6.795,27420.0,,,,,,,,,,,,,,,,,,,,,,7.756376125848627,,"rgba(239, 83, 80, 1.0)",0.0,0.0,1.215602034510611,7.546923350937247,-0.6185604577734716,0.0,0.0,0.0,0.0,0.0,0.0,0.0,0.0,34.4830770645831,-8.283476937622908,False,True,False,True,False,0.0,0,0.8486802092202893,0.9007420021895148,False,False,False,False,-0.03488528634402684,0.011337301160971102,False,False,False,False,103694.0,-60840.509073620036,False,False,False,False,46352.18027660825,False,False,False,False
2025-04-11 17:00:00+00:00,6.605,6.825,6.56,6.695,46024.0,,,,,,,,,,,,,,,,,,,,,,7.734429588530585,,"rgba(239, 83, 80, 1.0)",0.0,0.0,1.2156513917675318,7.511045601839283,-0.6712825793361442,0.0,0.0,0.0,0.0,0.0,0.0,0.0,0.0,31.66610269828236,-10.81275267890345,False,True,False,True,False,0.0,0,0.8449781659388642,0.9079330422125181,False,False,False,False,-0.06686494209392836,-0.027763820466478628,False,False,False,False,57670.0,-59003.136839920495,False,False,False,False,46347.09221030425,False,False,False,False
2025-04-14 17:00:00+00:00,6.715,6.815,6.59,6.6,36240.0,,,,,,,,,,,,,,,,,,,,,,7.717376136758382,,"rgba(239, 83, 80, 1.0)",0.0,0.0,1.2163190185781794,7.486849033348765,-0.7291253526442847,0.0,0.0,0.0,0.0,0.0,0.0,0.0,0.0,29.445037223770445,-12.928430270863814,False,True,False,True,False,0.0,0,0.8448025199903076,0.9119214926096441,False,False,False,False,-0.06515648793104702,-0.04646015419876282,False,False,False,False,21430.0,-57756.11146255738,False,False,False,False,46190.39310626852,False,False,False,False
2025-04-15 17:00:00+00:00,6.71,6.755,6.525,6.55,36080.0,,,,,,,,,,,,,,,,,,,,,,7.700017024942833,,"rgba(239, 83, 80, 1.0)",0.0,0.0,1.217129642876057,7.464438407749547,-0.7513073180838361,0.0,0.0,0.0,0.0,0.0,0.0,0.0,0.0,27.773680716114857,-14.670264183135487,False,True,False,True,False,0.0,0,0.8492602473926749,0.9126849381518312,False,False,False,False,-0.0758409576984932,-0.061150555948628005,False,False,False,False,-14650.0,-57087.79965693633,False,False,False,False,46033.64282555118,False,False,False,False
2025-04-16 17:00:00+00:00,6.33,6.45,6.235,6.25,39544.0,,,,,,,,,,,,,,,,,,,,,6.311666666666668,7.6765667855674815,,"rgba(239, 83, 80, 1.0)",0.0,0.0,1.220386008199471,7.369127101677573,-0.9170271489171747,1.0,6.45,6.235,0.0,0.0,0.0,0.0,0.0,25.57020272502094,-17.000742118104284,False,True,False,True,False,0.0,0,0.8402752625860193,0.9199565374864181,True,False,False,False,-0.1269796446693605,-0.09406510030899425,True,False,False,False,-54194.0,-57042.93454597607,False,False,False,False,45933.028208100775,False,False,False,False
2025-04-17 17:00:00+00:00,6.37,6.45,6.31,6.43,33362.0,,,,,,,,,,,,,,,,,,,,,6.350562916632376,7.658584260289092,,"rgba(239, 83, 80, 1.0)",0.0,0.0,1.2219846617341579,7.351625447342136,-0.7542037770214136,0.0,0.0,0.0,0.0,0.0,0.0,0.0,0.0,26.277303770525837,-17.000742118104284,False,True,False,True,False,0.0,0,0.845502901353965,0.9176740812379112,False,False,False,False,-0.12050258538322815,-0.1072838428461112,False,False,False,False,-20832.0,-56481.52470805396,False,False,False,False,45738.12854595968,False,False,False,False
2025-04-18 17:00:00+00:00,6.43,6.43,6.43,6.43,0.0,,,,,,,,,,,,,,,,,,,,,6.350562916632376,7.658584260289092,,"rgba(239, 83, 80, 1.0)",0.0,0.0,1.2238486297203994,7.351625447342136,-0.7530550959988336,0.0,0.0,0.0,0.0,0.0,0.0,0.0,0.0,26.748704467529098,-17.000742118104284,False,True,False,True,False,0.0,0,0.8479815735240632,0.916717177839738,False,False,False,False,-0.11188203691182308,-0.10958293987896714,False,False,False,False,-20832.0,-55928.81889862677,False,False,False,False,45029.01027392929,False,False,False,False
2025-04-21 17:00:00+00:00,6.385,6.59,6.375,6.5,50331.0,,,,,,,,,,,,,,,,,,,,,6.406829483028637,7.634294239667444,,"rgba(239, 83, 80, 1.0)",0.0,0.0,1.2252698434178573,7.330257081497099,-0.6776116183363491,0.0,0.0,0.0,0.0,0.0,0.0,0.0,0.0,28.006854398313767,-17.000742118104284,False,True,False,True,False,0.0,0,0.8463127202041063,0.9172640019438707,False,False,False,False,-0.10284822599734578,-0.10621558293815646,False,False,False,False,29499.0,-54604.35659012092,False,False,False,False,45111.211665031165,False,False,False,False
2025-04-22 17:00:00+00:00,6.84,6.87,6.745,6.86,53763.0,,,,,,,,,,,,,,,,,,,,,6.533847005649719,7.616740103275084,,"rgba(239, 83, 80, 1.0)",0.0,0.0,1.2245897529634544,7.32286349771236,-0.3779743351536709,0.0,0.0,0.0,0.0,0.0,0.0,0.0,0.0,33.12354088670646,-23.13558739862733,False,True,False,True,True,0.0,0,0.8485544937704124,0.9110922946655378,False,False,False,False,-0.04723872188672959,-0.07672715241244302,False,False,False,False,83262.0,-52466.89369725083,False,False,False,False,45245.3479182865,False,False,False,False
2025-04-23 17:00:00+00:00,6.745,6.82,6.515,6.53,72058.0,,,,,,,,,,,,,,,,,,,,,6.559255180185606,7.5886287864561135,,"rgba(239, 83, 80, 1.0)",0.0,0.0,1.2252453073009886,7.299749571170257,-0.6282411910361747,0.0,0.0,0.0,0.0,0.0,0.0,0.0,0.0,34.22213066383856,-21.891564316767568,False,True,False,True,True,0.0,0,0.8476006751868821,0.9099348926935136,False,False,False,False,-0.07113780519269991,-0.07393247880257146,False,False,False,False,11204.0,-51479.74805853376,False,False,False,False,45661.04795056112,False,False,False,False
2025-04-24 17:00:00+00:00,6.805,6.99,6.785,6.965,70497.0,,,,,,,,,,,,,,,,,,,,,6.637368329917125,7.570466607634685,,"rgba(239, 83, 80, 1.0)",0.0,0.0,1.224082899948356,7.291574788153852,-0.266791398007137,0.0,0.0,0.0,0.0,0.0,0.0,0.0,0.0,39.01906505510766,-17.236698250375433,False,True,False,True,True,0.0,0,0.8481423590236863,0.9059757123962968,False,False,False,False,-0.03360801615392407,-0.05377024747824777,False,False,False,False,81701.0,-49414.930259176646,False,False,False,False,46046.10147070746,False,False,False,False
2025-04-25 17:00:00+00:00,6.655,6.7,6.565,6.67,47744.0,,,,,,,,,,,,,,,,,,,,,6.638360345839947,7.553911055349938,,"rgba(239, 83, 80, 1.0)",0.0,0.0,1.2237008812805839,7.278455098999153,-0.4972253500074416,0.0,0.0,0.0,0.0,0.0,0.0,0.0,0.0,40.14869562880385,-16.0607239297508,False,True,False,True,True,0.0,0,0.8410746268656715,0.9066268656716416,False,False,False,False,-0.07712420834138449,-0.06544722790981614,False,False,False,False,33957.0,-48122.3421931429,False,False,False,False,46072.42547891354,False,False,False,False
2025-04-28 17:00:00+00:00,6.73,6.92,6.66,6.895,58188.0,,,,,,,,,,,,,,,,,,,,,6.663884482173761,7.538358372660681,,"rgba(239, 83, 80, 1.0)",0.0,0.0,1.2216597851409619,7.269071340573415,-0.3061992750545137,0.0,0.0,0.0,0.0,0.0,0.0,0.0,0.0,42.79677164617753,-13.399418733738088,False,True,False,True,True,0.0,0,0.8490273302303376,0.9003461033536223,False,False,False,False,-0.050222602678593034,-0.057834915294204585,False,False,False,False,92145.0,-45947.65471728021,False,False,False,False,46260.26384358154,False,False,False,False
2025-04-29 17:00:00+00:00,6.895,7.09,6.865,7.055,92302.0,,,,,,,,,,,,,,,,,,,,,6.724395245939949,7.52084270585498,,"rgba(239, 83, 80, 1.0)",0.0,0.0,1.2166349175173927,7.262815891067218,-0.17081203907189968,0.0,0.0,0.0,0.0,0.0,0.0,0.0,0.0,45.8285001764355,-10.414548766980317,False,True,False,True,True,0.0,0,0.8491070343822134,0.904142874498846,False,False,False,False,-0.018288129091494233,-0.03806152219284941,False,False,False,False,184447.0,-42375.6445666247,False,False,False,False,46974.089210347716,False,False,False,False
2025-04-30 17:00:00+00:00,7.035,7.32,7.035,7.23,139031.0,,,,,,,,,,,,,,,,,,,,,6.82400952315703,7.505529841203634,,"rgba(239, 83, 80, 1.0)",0.0,0.0,1.2136457510365368,7.264357156035057,-0.028309048176301425,0.0,0.0,0.0,0.0,0.0,0.0,0.0,0.0,49.17449549083494,-7.183420506924314,False,False,False,False,True,0.0,0,0.8513365067740754,0.9085804955449777,False,False,False,False,0.015735825858375692,-0.01116284816723686,False,False,False,False,323478.0,-36703.49503845998,False,False,False,False,48401.32813731907,False,False,False,False
2025-05-01 17:00:00+00:00,6.545,6.695,6.54,6.625,96880.0,,,,,,,,,,,,,,,,,,,,,6.797786300915484,7.4774509339929045,,"rgba(239, 83, 80, 1.0)",0.0,0.0,1.2128158435105887,7.242381383785592,-0.5090479210747559,0.0,0.0,0.0,0.0,0.0,0.0,0.0,0.0,46.87660143759126,-7.183420506924314,False,False,False,True,True,0.0,0,0.8413006551807812,0.9212569764620236,False,False,False,False,-0.07969147459335335,-0.04542716138029511,False,False,False,False,226598.0,-32621.30131693347,False,False,False,False,49152.93545301955,False,False,False,False
2025-05-02 17:00:00+00:00,7.155,7.345,7.045,7.31,83164.0,,,,,,,,,,,,,,,,,,,,,6.841069120350898,7.47098227691666,,"rgba(239, 83, 80, 1.0)",0.0,0.0,1.2109311620729353,7.244312443670795,0.05424549172287972,0.0,0.0,0.0,0.0,0.0,0.0,0.0,0.0,49.89483123379599,-6.588971391983442,False,False,False,False,True,0.0,0,0.845452363810895,0.911927045836333,False,False,False,False,0.0187135153767697,-0.013356823001762705,False,False,False,False,309762.0,-27313.03307946163,False,False,False,False,49680.238779329324,False,False,False,False
2025-05-05 17:00:00+00:00,7.465,7.53,7.26,7.275,98258.0,,,,,,,,,,,,,,,,,,,,,6.89507043822446,7.467461398205091,,"rgba(239, 83, 80, 1.0)",0.0,0.0,1.2089164346413592,7.251169123586757,0.019712591979373074,0.0,0.0,0.0,0.0,0.0,0.0,0.0,0.0,51.65693431925217,-4.792941836650584,False,False,True,False,True,0.0,0,0.845034864150036,0.9139216157730223,False,False,False,False,0.052780907119135696,0.019712042058686496,False,False,False,False,211504.0,-23610.44341931494,False,False,False,False,50433.38236414592,False,False,False,False
2025-05-06 17:00:00+00:00,6.785,6.88,6.725,6.855,38557.0,,,,,,,,,,,,,,,,,,,,,6.892097701946262,7.459839453990299,,"rgba(239, 83, 80, 1.0)",0.0,0.0,1.2076244941698344,7.236828296712499,-0.3161813117868079,0.0,0.0,0.0,0.0,0.0,0.0,0.0,0.0,50.01183295250185,-4.792941836650584,False,False,False,False,True,0.0,0,0.8418981757481815,0.9198759985692141,False,False,False,False,-0.048091171169935755,-0.01418956455562463,False,False,False,False,172947.0,-20563.04119575967,False,False,False,False,50249.25240501187,False,False,False,False
2025-05-07 17:00:00+00:00,6.655,6.84,6.635,6.79,62452.0,,,,,,,,,,,,,,,,,,,,,6.883834243289057,7.44665135397436,,"rgba(239, 83, 80, 1.0)",0.0,0.0,1.206099177192844,7.219080819072785,-0.35575915081167375,0.0,0.0,0.0,0.0,0.0,0.0,0.0,0.0,48.51021718962411,-4.792941836650584,False,False,False,False,False,0.0,0,0.8378668575518967,0.922930088284419,False,False,False,False,-0.059179822615143464,-0.036684693585384044,False,False,False,False,110495.0,-18531.133580321537,False,False,False,False,50438.44229020549,False,False,False,False
2025-05-08 17:00:00+00:00,7.055,7.08,6.945,6.99,44829.0,,,,,,,,,,,,,,,,,,,,,6.888859165309848,7.440798197215955,,"rgba(239, 83, 80, 1.0)",0.0,0.0,1.2033804674954547,7.215853862366521,-0.18768283885858755,0.0,0.0,0.0,0.0,0.0,0.0,0.0,0.0,49.00881427977107,-4.792941836650584,False,False,False,False,False,0.0,0,0.838105464089716,0.924600334049153,False,False,False,False,-0.012333107687424698,-0.02450890063640437,False,False,False,False,155324.0,-15835.705152719653,False,False,False,False,50351.47419268292,False,False,False,False
2025-05-09 17:00:00+00:00,6.895,6.94,6.695,6.73,46748.0,,,,,,,,,,,,,,,,,,,,,6.884691968133595,7.431903917994503,,"rgba(239, 83, 80, 1.0)",0.0,0.0,1.2015199645554189,7.207448819652745,-0.39737069190473934,0.0,0.0,0.0,0.0,0.0,0.0,0.0,0.0,47.545375311198114,-4.792941836650584,False,False,False,True,False,0.0,1,0.835550761117104,0.9229294018938031,False,False,False,False,-0.04553402786571963,-0.035021464251062,False,False,False,False,108576.0,-13906.841506941053,False,False,False,False,50295.6063757421,False,False,False,False
2025-05-12 17:00:00+00:00,7.16,7.18,7.035,7.08,43057.0,,,,,,,,,,,,,,,,,,,,,6.892549015672089,7.427767701458863,,"rgba(239, 83, 80, 1.0)",0.0,0.0,1.1989975655363907,7.207126647911049,-0.1060274445629727,0.0,0.0,0.0,0.0,0.0,0.0,0.0,0.0,49.15925756414383,-4.792941836650584,True,False,False,False,False,0.0,1,0.8374806524586261,0.9142755089891655,False,False,False,False,0.0038273296718748864,-0.015597067289593557,False,False,False,False,151633.0,-11340.332336290805,False,False,False,False,50183.379920304236,False,False,False,False
2025-05-13 17:00:00+00:00,6.835,6.88,6.79,6.81,78015.0,,,,,,,,,,,,,,,,,,,,,6.888433149420502,7.414559370678015,,"rgba(239, 83, 80, 1.0)",0.0,0.0,1.191072924598549,7.196723392677725,-0.324684899380171,0.0,0.0,0.0,0.0,0.0,0.0,0.0,0.0,48.34007297193506,-4.792941836650584,False,False,False,False,False,0.0,1,0.8444125044915558,0.9125643789675408,False,False,False,False,-0.042551443592918924,-0.02907425544125624,False,False,False,False,73618.0,-10023.148889216529,False,False,False,False,50614.87790603595,False,False,False,False
2025-05-14 17:00:00+00:00,6.695,6.81,6.635,6.725,43209.0,,,,,,,,,,,,,,,,,,,,,6.882911586966556,7.40624818242296,,"rgba(239, 83, 80, 1.0)",0.0,0.0,1.1805556524995668,7.189592991924981,-0.39353756084374975,0.0,0.0,0.0,0.0,0.0,0.0,0.0,0.0,47.217753605873014,-4.792941836650584,False,False,False,True,False,0.0,1,0.8389810141792837,0.914563806777217,False,False,False,False,-0.06174070872973996,-0.0454074820854981,False,False,False,False,30409.0,-9396.293867678287,False,False,False,False,50500.058093539265,False,False,False,False
2025-05-15 17:00:00+00:00,6.975,7.07,6.94,7.05,64836.0,,,,,,,,,,,,,,,,,,,,,6.889462368642481,7.3994029881887995,,"rgba(239, 83, 80, 1.0)",0.0,0.0,1.166982622596185,7.1874304512718705,-0.11776563644635027,0.0,0.0,0.0,0.0,0.0,0.0,0.0,0.0,48.988764440127575,-4.792941836650584,True,False,False,False,False,0.0,1,0.8434052757793764,0.9089928057553958,False,False,False,False,-0.01360909568366547,-0.029508288884581783,False,False,False,False,95245.0,-7773.948226318934,False,False,False,False,50722.320758755704,False,False,False,False
2025-05-16 17:00:00+00:00,7.08,7.11,7.01,7.06,41998.0,,,,,,,,,,,,,,,,,,,,,6.894582558574841,7.395550953407599,,"rgba(239, 83, 80, 1.0)",0.0,0.0,1.1479415694393489,7.1866685562025445,-0.11034407985104107,0.0,0.0,0.0,0.0,0.0,0.0,0.0,0.0,50.24430924790869,-4.1490726401414335,True,False,False,False,True,0.0,1,0.8485979058851847,0.9046816704777951,False,False,False,False,-0.004252611350692166,-0.016880450117636975,False,False,False,False,137243.0,-5525.623447616314,False,False,False,False,50587.05997179825,False,False,False,False
2025-05-19 17:00:00+00:00,6.945,6.99,6.92,6.935,29706.0,,,,,,,,,,,,,,,,,,,,,6.895700296132129,7.391989423844748,,"rgba(239, 83, 80, 1.0)",0.0,0.0,1.1252555145268124,7.184846700376979,-0.22203552628848372,0.0,0.0,0.0,0.0,0.0,0.0,0.0,0.0,49.98422125610702,-4.1458699739502975,True,False,False,False,True,0.0,1,0.8401319003419636,0.9167073766487543,False,False,False,False,-0.022117015562233576,-0.019498732839935275,False,False,False,False,107537.0,-3772.714556955596,False,False,False,False,50263.3226078944,False,False,False,False
2025-05-20 17:00:00+00:00,6.955,6.97,6.86,6.91,30849.0,,,,,,,,,,,,,,,,,,,,,6.896073031341664,7.38806332498538,,"rgba(239, 83, 80, 1.0)",0.0,0.0,1.1040724165112217,7.182595196877943,-0.2468997438948087,0.0,0.0,0.0,0.0,0.0,0.0,0.0,0.0,49.582582563524895,-4.1458699739502975,True,False,False,False,True,0.0,1,0.8342337917485265,0.9179764243614931,False,False,False,False,-0.02892559808910586,-0.02421216546452057,False,False,False,False,76688.0,-2525.261618088067,False,False,False,False,49962.3253581596,False,False,False,False
2025-05-21 17:00:00+00:00,6.905,6.905,6.75,6.77,46949.0,,,,,,,,,,,,,,,,,,,,,6.893338372079901,7.380915714492051,,"rgba(239, 83, 80, 1.0)",0.0,0.0,1.0831860204761612,7.177507226489306,-0.37621167443627906,0.0,0.0,0.0,0.0,0.0,0.0,0.0,0.0,48.010525640261136,-4.1458699739502975,True,False,False,True,False,0.0,1,0.8259852216748768,0.9229064039408866,False,False,False,False,-0.043829598263302315,-0.034020881863911445,False,False,False,False,29739.0,-2025.0405077301123,False,False,False,False,49915.60713555247,False,False,False,False
2025-05-22 17:00:00+00:00,6.9,6.985,6.9,6.95,30774.0,,,,,,,,,,,,,,,,,,,,,6.894372679479098,7.377421097479267,,"rgba(239, 83, 80, 1.0)",0.0,0.0,1.0599536493350858,7.175773627490592,-0.21300330220309263,0.0,0.0,0.0,0.0,0.0,0.0,0.0,0.0,48.873131203571646,-4.1458699739502975,True,False,False,False,False,0.0,1,0.8253123840158356,0.9247804033156006,False,False,False,False,-0.024244447726343214,-0.029132664795127328,False,False,False,False,60513.0,-1055.4584843544517,False,False,False,False,49618.83803267569,False,False,False,False
2025-05-23 17:00:00+00:00,6.705,6.8,6.63,6.66,33994.0,,,,,,,,,,,,,,,,,,,,,6.890094887111643,7.371445561403302,,"rgba(239, 83, 80, 1.0)",0.0,0.0,1.0368539256149296,7.132881063036825,-0.4560729832376069,0.0,0.0,0.0,0.0,0.0,0.0,0.0,0.0,46.77395098158909,-4.1458699739502975,True,False,False,True,False,0.0,1,0.8257386079118676,0.9202553830746119,False,False,False,False,-0.06302145305151316,-0.046077058923320244,False,False,False,False,26519.0,-627.9475001008943,False,False,False,False,49376.59248178149,False,False,False,False
2025-05-26 17:00:00+00:00,6.66,6.66,6.66,6.66,0.0,,,,,,,,,,,,,,,,,,,,,6.890094887111643,7.371445561403302,,"rgba(239, 83, 80, 1.0)",0.0,0.0,1.0101193266412047,7.132881063036825,-0.4681437633801383,0.0,0.0,0.0,0.0,0.0,0.0,0.0,0.0,45.37449750026738,-1.2182589285163488,True,False,False,True,False,0.0,1,0.8241730599924537,0.9232800905546471,False,False,False,False,-0.07242016289237098,-0.05924861090784561,False,False,False,False,26519.0,-207.06459312258596,False,False,False,False,48611.06391617247,False,False,False,False
2025-05-27 17:00:00+00:00,7.4,7.665,7.375,7.64,62989.0,,,,,,,,,,,,,,,,,,,,,6.915917704760996,7.3744632798291825,,"rgba(38, 166, 154, 1.0)",0.0,0.0,0.9786140134840772,7.177381039738124,0.47272873051843184,0.0,0.0,0.0,0.0,0.0,0.0,0.0,0.0,52.176646614477804,-1.7587043938091185,True,False,True,False,True,2.7212379273709786,0,0.8255642787046122,0.9168302257114819,False,False,False,False,0.07413032672234134,0.007440857907247862,False,False,False,False,89508.0,1183.8666408793147,False,False,False,False,48833.97765390623,False,False,False,False
2025-05-28 17:00:00+00:00,7.745,7.78,7.665,7.685,34000.0,,,,,,,,,,,,,,,,,,,,,6.932103219422204,7.377337106155863,,"rgba(38, 166, 154, 1.0)",0.0,0.0,0.9406764721333529,7.19112664916181,0.5250193509338421,0.0,0.0,0.0,0.0,0.0,0.0,0.0,0.0,56.94465360338286,2.351927176811685,True,False,True,False,True,3.002443341460644,0,0.8362292051756006,0.9130006161429451,False,False,False,False,0.10886880032934661,0.05815482911829724,False,False,False,False,123508.0,3080.364832493589,False,False,False,False,48603.99350423326,False,False,False,False
2025-05-29 17:00:00+00:00,7.895,7.975,7.86,7.935,39020.0,,,,,,,,,,,,,,,,,,,,,6.954760186452222,7.382651704227635,,"rgba(38, 166, 154, 1.0)",0.0,0.0,0.9048564517083487,7.20861532556544,0.8027623310450638,0.0,0.0,0.0,0.0,0.0,0.0,0.0,0.0,61.38945754788155,6.115239516221429,True,False,True,False,True,4.5561095650396375,0,0.8366769230769228,0.9091692307692306,False,False,False,False,0.14256897126196194,0.10036190019012958,False,False,False,False,162528.0,5552.421191679735,False,False,False,False,48455.404457656,False,False,False,False
2025-05-30 17:00:00+00:00,7.855,7.91,7.805,7.805,23087.0,,,,,,,,,,,,,,,,,,,,,6.966572484386599,7.385270575064558,,"rgba(38, 166, 154, 1.0)",0.0,0.0,0.8786881191929451,7.216053147904407,0.6702569879248242,0.0,0.0,0.0,0.0,0.0,0.0,0.0,0.0,62.89623043286831,7.2461492067189965,True,False,True,False,True,3.6554799584581943,0,0.8371978293043907,0.9082387765170205,False,False,False,False,0.13216888998864712,0.11626539508938835,False,False,False,False,139441.0,7628.2131111885765,False,False,False,False,48062.09586141327,False,False,False,False
2025-06-02 17:00:00+00:00,7.695,7.73,7.655,7.725,27711.0,,,,,,,,,,,,,,,,,,,,,6.978186544718269,7.387441724914451,,"rgba(38, 166, 154, 1.0)",0.0,0.0,0.8504272270268001,7.221897682933521,0.5915877350556938,0.0,0.0,0.0,0.0,0.0,0.0,0.0,0.0,62.99415530308989,7.319732394491311,True,False,True,False,True,3.100284560531346,0,0.8326958667489202,0.9146206045650832,False,False,False,False,0.10370782849494276,0.10998661179216555,False,False,False,False,111730.0,9242.194303263172,False,False,False,False,47746.57499534484,False,False,False,False
2025-06-03 17:00:00+00:00,7.705,7.93,7.665,7.9,48286.0,,,,,,,,,,,,,,,,,,,,,7.001003184607583,7.392663446541236,,"rgba(38, 166, 154, 1.0)",0.0,0.0,0.8259766264171226,7.234412315720602,0.8058190304567683,0.0,0.0,0.0,0.0,0.0,0.0,0.0,0.0,64.19059611983035,8.607927369134131,True,False,True,False,True,4.215546146479234,0,0.8293891711064303,0.9161194399702641,False,False,False,False,0.12179715814216253,0.11589188496716404,False,False,False,False,160016.0,11579.772686158316,False,False,False,False,47754.93817371159,False,False,False,False
2025-06-04 17:00:00+00:00,7.665,7.72,7.59,7.66,48208.0,,,,,,,,,,,,,,,,,,,,,7.018048209048481,7.395725768257235,,"rgba(38, 166, 154, 1.0)",0.0,0.0,0.793899901784902,7.241432398430932,0.5272296930986066,0.0,0.0,0.0,0.0,0.0,0.0,0.0,0.0,62.2245014034237,8.607927369134131,True,False,True,False,True,2.5325589675118323,0,0.8307654075546718,0.9110337972166999,False,False,False,False,0.0972643136899019,0.10657809932853297,False,False,False,False,111808.0,13133.69869102408,False,False,False,False,47761.96238807265,False,False,False,False
2025-06-05 17:00:00+00:00,7.565,7.63,7.435,7.44,22367.0,,,,,,,,,,,,,,,,,,,,,7.0238119064580875,7.39629287241533,,"rgba(38, 166, 154, 1.0)",0.0,0.0,0.7927272175480444,7.242911341086557,0.24862103199011062,0.0,0.0,0.0,0.0,0.0,0.0,0.0,0.0,58.70253830039498,8.607927369134131,True,False,True,False,False,1.02180437363182,0,0.8218154650728425,0.9165732785456358,False,False,False,False,0.07626866289626448,0.09142338111239873,False,False,False,False,89441.0,14316.757626046961,False,False,False,False,47368.24204097075,False,False,False,False
2025-06-06 17:00:00+00:00,7.62,7.755,7.58,7.695,32237.0,,,,,,,,,,,,,,,,,,,,,7.034836568011175,7.398439445500899,,"rgba(38, 166, 154, 1.0)",0.0,0.0,0.7882575721171495,7.247610620661273,0.5675674997159896,0.0,0.0,0.0,0.0,0.0,0.0,0.0,0.0,58.436759514680205,13.864916406626271,True,False,True,False,False,2.6883210898902625,0,0.8246616167887741,0.905376878182044,False,False,False,False,0.09941123134718759,0.09541730622979316,False,False,False,False,121678.0,15981.273011689644,False,False,False,False,47133.649141110734,False,False,False,False
2025-06-09 17:00:00+00:00,7.94,7.98,7.86,7.945,27530.0,,,,,,,,,,,,,,,,,,,,,7.047538651608805,7.4018815059295875,,"rgba(38, 166, 154, 1.0)",0.0,0.0,0.7786847886019242,7.254493200622273,0.8867603547482746,0.0,0.0,0.0,0.0,0.0,0.0,0.0,0.0,60.00990205825066,13.864916406626271,True,False,True,False,False,4.282031712687729,0,0.8338297344254155,0.8968726731198808,False,False,False,False,0.1430029581540141,0.11921013219190363,False,False,False,False,149208.0,18046.8036626712,False,False,False,False,46829.71659628731,False,False,False,False
2025-06-10 17:00:00+00:00,8.31,8.395,8.245,8.285,58799.0,,,,,,,,,,,,,,,,,,,,,7.084692156865693,7.41428528912277,,"rgba(38, 166, 154, 1.0)",0.0,0.0,0.778927664360645,7.337142502367929,1.2168748665642612,0.0,0.0,0.0,0.0,0.0,0.0,0.0,0.0,63.02694966038163,13.864916406626271,True,False,True,False,True,6.380776612009534,0,0.8374815179891573,0.8909561360276,False,False,False,False,0.21325222006752226,0.16623117612971294,False,False,False,False,208007.0,20991.92298573056,False,False,False,False,47015.28688161619,False,False,False,False
2025-06-11 17:00:00+00:00,8.115,8.145,7.855,8.03,46449.0,,,,,,,,,,,,,,,,,,,,,7.105742253402019,7.42065595409373,,"rgba(38, 166, 154, 1.0)",0.0,0.0,0.7711746743626906,7.339833576495576,0.8949547313321541,0.0,0.0,0.0,0.0,0.0,0.0,0.0,0.0,62.29618245192385,13.864916406626271,True,False,True,False,True,4.573463791093523,0,0.836017209588199,0.890719114935464,False,False,False,False,0.15691974361727878,0.16157545987349586,False,False,False,False,161558.0,23171.242009207606,False,False,False,False,47006.507240040744,False,False,False,False
2025-06-12 17:00:00+00:00,8.175,8.26,8.13,8.255,55989.0,,,,,,,,,,,,,,,,,,,,,7.135348130496221,7.430765203054666,,"rgba(38, 166, 154, 1.0)",0.0,0.0,0.7712346951187936,7.357198327489837,1.1641095482249728,0.0,0.0,0.0,0.0,0.0,0.0,0.0,0.0,63.18944067919919,13.864916406626271,True,False,True,False,True,5.954057604851766,0,0.8447808961102902,0.8850320039389461,False,False,False,False,0.19110747321606922,0.17634146654478255,False,False,False,False,217547.0,26184.819652475704,False,False,False,False,47145.770693683524,False,False,False,False
2025-06-13 17:00:00+00:00,7.955,8.07,7.795,7.865,32950.0,,,,,,,,,,,,,,,,,,,,,7.1473275623495125,7.434327832852774,,"rgba(38, 166, 154, 1.0)",0.0,0.0,0.7671458921351554,7.359850569700466,0.6584789614053452,0.0,0.0,0.0,0.0,0.0,0.0,0.0,0.0,60.0825278743669,13.864916406626271,True,False,True,False,False,3.241235551496832,0,0.839491069243944,0.8824321017861512,False,False,False,False,0.14517369873636435,0.16075758264057344,False,False,False,False,184597.0,28640.82244856135,False,False,False,False,46925.6812255644,False,False,False,False
2025-06-16 17:00:00+00:00,8.075,8.195,8.07,8.095,34213.0,,,,,,,,,,,,,,,,,,,,,7.162698979489714,7.439579959460162,,"rgba(38, 166, 154, 1.0)",0.0,0.0,0.7669543545622552,7.3677872938474245,0.9481825115493843,0.0,0.0,0.0,0.0,0.0,0.0,0.0,0.0,59.57759694360777,13.864916406626271,True,False,True,False,False,4.659717928827643,0,0.8398379970544917,0.8831615120274915,False,False,False,False,0.18010545465575425,0.17043151864816386,False,False,False,False,218810.0,31589.18179044412,False,False,False,False,46728.585392609915,False,False,False,False
2025-06-17 17:00:00+00:00,7.885,7.95,7.795,7.895,49889.0,,,,,,,,,,,,,,,,,,,,,7.178856250405413,7.444444876446251,,"rgba(38, 166, 154, 1.0)",0.0,0.0,0.7651274580271255,7.372242176753153,0.6832297256652803,0.0,0.0,0.0,0.0,0.0,0.0,0.0,0.0,57.471881654627815,12.133979335430105,True,False,True,False,False,3.2865854877425953,0,0.8397324746098587,0.8749071092395342,False,False,False,False,0.13476616040340655,0.1525988395257852,False,False,False,False,168921.0,33718.35726656127,False,False,False,False,46777.58406869348,False,False,False,False
2025-06-18 17:00:00+00:00,8.07,8.2,7.98,8.095,47689.0,,,,,,,,,,,,,,,,,,,,,7.198096410414166,7.45120746935908,,"rgba(38, 166, 154, 1.0)",0.0,0.0,0.7571645958609322,7.3822747710998184,0.9413081815979254,0.0,0.0,0.0,0.0,0.0,0.0,0.0,0.0,57.50942234782032,11.937761238988045,True,False,True,False,False,4.5261680951207985,0,0.8416037619106547,0.8715505506744216,False,False,False,False,0.17264880216657003,0.1626238208461776,False,False,False,False,216610.0,36553.88661126574,False,False,False,False,46791.71454824862,False,False,False,False
2025-06-19 17:00:00+00:00,8.095,8.095,8.095,8.095,0.0,,,,,,,,,,,,,,,,,,,,,7.198096410414166,7.45120746935908,,"rgba(38, 166, 154, 1.0)",0.0,0.0,0.7455083216555544,7.3822747710998184,0.9560258526926023,0.0,0.0,0.0,0.0,0.0,0.0,0.0,0.0,57.53444947661532,11.638551899649713,True,False,True,False,False,4.5261680951207985,0,0.8440492476060188,0.867180698918045,False,False,False,False,0.17352505380155786,0.16807443732386773,False,False,False,False,216610.0,39345.45426070348,False,False,False,False,46066.261609516085,False,False,False,False
2025-06-20 17:00:00+00:00,8.07,8.15,8.025,8.04,18735.0,,,,,,,,,,,,,,,,,,,,,7.205270717908323,7.453743939563872,,"rgba(38, 166, 154, 1.0)",0.0,0.0,0.7319172219724331,7.3859087616516845,0.893668325750846,0.0,0.0,0.0,0.0,0.0,0.0,0.0,0.0,56.95235727161992,10.742993478627142,True,False,True,False,False,4.134497054573938,0,0.8424453280318088,0.8672962226640158,False,False,False,False,0.1722107748568275,0.17014260609034762,False,False,False,False,197875.0,41803.27667526622,False,False,False,False,45642.521119446064,False,False,False,False
2025-06-23 17:00:00+00:00,7.65,8.17,7.64,8.155,38391.0,,,,,,,,,,,,,,,,,,,,,7.2182307611172005,7.458185030248982,,"rgba(38, 166, 154, 1.0)",0.0,0.0,0.7177417475779435,7.433408648709002,1.0053634942178638,0.0,0.0,0.0,0.0,0.0,0.0,0.0,0.0,57.57176720151888,10.742993478627142,True,False,True,False,False,4.871408994743135,0,0.8343144468972282,0.8679175864606327,False,False,False,False,0.1403998333899024,0.155271219740125,False,False,False,False,236266.0,44818.20261828535,False,False,False,False,45530.09443542364,False,False,False,False
2025-06-24 17:00:00+00:00,8.3,8.385,8.18,8.38,52027.0,,,,,,,,,,,,,,,,,,,,,7.242290529014617,7.467723828325718,,"rgba(38, 166, 154, 1.0)",0.0,0.0,0.7152847539821491,7.460035835404974,1.2861509482389801,0.0,0.0,0.0,0.0,0.0,0.0,0.0,0.0,59.78043865534282,10.742993478627142,True,False,True,False,True,6.297707898323289,0,0.8461728090718598,0.8662640207075064,False,False,False,False,0.20658808537613793,0.18092965255813148,False,False,False,False,288293.0,48593.00567846697,False,False,False,False,45630.82165347909,False,False,False,False
2025-06-25 17:00:00+00:00,8.21,8.27,8.115,8.245,34074.0,,,,,,,,,,,,,,,,,,,,,7.255996831876052,7.4730967611414565,,"rgba(38, 166, 154, 1.0)",0.0,0.0,0.7099920694900494,7.468299735931591,1.0939562530976883,0.0,0.0,0.0,0.0,0.0,0.0,0.0,0.0,59.51693536592281,10.742993478627142,True,False,True,False,True,5.2978357987816445,1,0.8418266863613982,0.8685376661742983,False,False,False,False,0.19066653088865,0.18579809172339073,False,False,False,False,254219.0,51781.00559042873,False,False,False,False,45451.64612396779,False,False,False,False
2025-06-26 17:00:00+00:00,8.2,8.35,8.15,8.33,51621.0,,,,,,,,,,,,,,,,,,,,,7.27743776169726,7.481813143813689,,"rgba(38, 166, 154, 1.0)",0.0,0.0,0.7134206585430928,7.482505661041885,1.1879307513870148,0.0,0.0,0.0,0.0,0.0,0.0,0.0,0.0,60.084082240236505,10.742993478627142,True,False,True,False,True,5.84428938258225,1,0.8416072745146226,0.8676579012042269,False,False,False,False,0.20082712136638872,0.19331260654488974,False,False,False,False,305840.0,55719.90472856162,False,False,False,False,45547.29502127061,False,False,False,False
2025-06-27 17:00:00+00:00,8.505,8.83,8.405,8.75,79544.0,,,,,,,,,,,,,,,,,,,,,7.320839986466422,7.501209614311362,,"rgba(38, 166, 154, 1.0)",0.0,0.0,0.7248634975566877,7.520839283523908,1.6957133593004055,0.0,0.0,0.0,0.0,0.0,0.0,0.0,0.0,63.46112242464803,10.329526301408464,True,False,True,False,True,8.473969456402255,0,0.8489051094890511,0.8563260340632602,False,False,False,False,0.2668410373807222,0.23007682196280596,False,False,False,False,385384.0,60830.975973080036,False,False,False,False,46074.37571861525,False,False,False,False
2025-06-30 17:00:00+00:00,8.605,8.695,8.56,8.615,39995.0,,,,,,,,,,,,,,,,,,,,,7.3410554866742075,7.510408993742224,,"rgba(38, 166, 154, 1.0)",0.0,0.0,0.7280315617849126,7.536430086824037,1.4814878499657858,0.0,0.0,0.0,0.0,0.0,0.0,0.0,0.0,63.90103476342615,10.788050763115265,True,False,True,False,True,7.445713227526465,0,0.8515379026398642,0.8572293533543228,False,False,False,False,0.26866696162603876,0.24937189179442237,False,False,False,False,345389.0,65242.72828357492,False,False,False,False,45980.12183150494,False,False,False,False
2025-07-01 17:00:00+00:00,9.095,9.27,9.05,9.26,60217.0,,,,,,,,,,,,,,,,,,,,,7.383351231068936,7.530928550867106,,"rgba(38, 166, 154, 1.0)",0.0,0.0,0.7510898208063684,7.575926891285001,2.2421727229733737,0.0,0.0,0.0,0.0,0.0,0.0,0.0,0.0,67.64327097388558,14.292494471215548,True,False,True,False,True,11.272855542198467,0,0.8554837164750957,0.855124521072797,False,False,False,False,0.34282823596813133,0.29610006388127685,False,False,False,False,405606.0,70519.67823266679,False,False,False,False,46200.84862481494,False,False,False,False
2025-07-02 17:00:00+00:00,9.67,9.87,9.625,9.715,83515.0,,,,,,,,,,,,,,,,,,,,,7.455590879724905,7.567607772080905,,"rgba(38, 166, 154, 1.0)",0.0,0.0,0.7912043220807774,7.645044056671002,2.616209094871031,0.0,0.0,0.0,0.0,0.0,0.0,0.0,0.0,71.70561525772757,17.93044818527028,True,False,True,False,True,13.769822656053464,0,0.8611736810906935,0.8527563722584469,False,False,False,False,0.3428282383228878,0.3194641511020823,False,False,False,False,489121.0,77009.62120580373,False,False,False,False,46779.362599624015,False,False,False,False
2025-07-03 17:00:00+00:00,9.96,9.96,9.96,9.96,0.0,,,,,,,,,,,,,,,,,,,,,7.455590879724905,7.567607772080905,,"rgba(38, 166, 154, 1.0)",0.0,0.0,0.8367151721340433,7.645044056671002,2.766719213928798,0.0,0.0,0.0,0.0,0.0,0.0,0.0,0.0,75.10473971725185,20.869056917076577,True,False,True,False,True,15.0602451890725,0,0.8637550439117017,0.8518870163778779,False,False,False,False,0.3428282390330969,0.3311461950675896,False,False,False,False,489121.0,83398.94490803932,False,False,False,False,46054.101163970925,False,False,False,False
2025-07-04 17:00:00+00:00,9.96,9.96,9.96,9.96,0.0,,,,,,,,,,,,,,,,,,,,,7.455590879724905,7.567607772080905,,"rgba(38, 166, 154, 1.0)",0.0,0.0,0.8751312539909278,7.645044056671002,2.645267133097954,0.0,0.0,0.0,0.0,0.0,0.0,0.0,0.0,77.37082269026804,22.78322883905865,True,False,True,False,True,15.0602451890725,0,0.8646939506025532,0.847870182555781,False,False,False,False,0.3428282390330969,0.33698721705034324,False,False,False,False,489121.0,89689.20932806972,False,False,False,False,45340.084091661294,False,False,False,False
2025-07-07 17:00:00+00:00,9.795,9.885,9.635,9.65,13279.0,,,,,,,,,,,,,,,,,,,,,7.466605652010956,7.573292553109446,,"rgba(38, 166, 154, 1.0)",0.0,0.0,0.904584778570612,7.655015795855602,2.205414297703296,0.0,0.0,0.0,0.0,0.0,0.0,0.0,0.0,75.02365560573817,22.78322883905865,True,False,True,False,False,12.627207422822853,0,0.8614543726235738,0.8445817490494295,False,False,False,False,0.31236341689692826,0.3246753169736357,False,False,False,False,475842.0,95676.07429972754,False,False,False,False,44843.01302047274,False,False,False,False
2025-07-08 17:00:00+00:00,9.84,10.105,9.81,10.015,33460.0,,,,,,,,,,,,,,,,,,,,,7.496954598102791,7.589157037691998,,"rgba(38, 166, 154, 1.0)",0.0,0.0,0.9426701915782164,7.683045424233907,2.47377566045866,0.0,0.0,0.0,0.0,0.0,0.0,0.0,0.0,75.0182336261048,22.78322883905865,True,False,True,False,False,14.588054136644807,0,0.8611731515222757,0.8358998471846714,False,False,False,False,0.34244373038961945,0.33355952368162756,False,False,False,False,509302.0,102088.87934934416,False,False,False,False,44666.5321984499,False,False,False,False
2025-07-09 17:00:00+00:00,9.97,10.015,9.875,9.995,31237.0,,,,,,,,,,,,,,,,,,,,,7.524464827630069,7.60368778265904,,"rgba(38, 166, 154, 1.0)",0.0,0.0,0.9772786125187162,7.707728033831894,2.3404502430204372,0.0,0.0,0.0,0.0,0.0,0.0,0.0,0.0,74.7739550861272,22.78322883905865,True,False,True,False,False,14.430856178781372,0,0.8653032440056416,0.8380347907851433,False,False,False,False,0.3405226459566574,0.33704108481914247,False,False,False,False,478065.0,107917.96649121479,False,False,False,False,44458.32239692355,False,False,False,False
2025-07-10 17:00:00+00:00,10.41,10.495,10.23,10.38,45232.0,,,,,,,,,,,,,,,,,,,,,7.569697360547757,7.62799085685537,,"rgba(38, 166, 154, 1.0)",0.0,0.0,1.0202672013556948,7.934645217190432,2.3967787845774797,0.0,0.0,0.0,0.0,0.0,0.0,0.0,0.0,76.08966498171029,22.78322883905865,True,False,True,False,False,16.448926593417813,0,0.8719953325554257,0.8322053675612603,False,False,False,False,0.3428282402197522,0.3399346625194474,False,False,False,False,523297.0,114357.95150685486,False,False,False,False,44470.317398521634,False,False,False,False
2025-07-11 17:00:00+00:00,10.255,10.365,10.13,10.175,49526.0,,,,,,,,,,,,,,,,,,,,,7.615119959106381,7.652733364530089,,"rgba(38, 166, 154, 1.0)",0.0,0.0,1.0550857400794205,7.968596401138349,2.0912078659081934,0.0,0.0,0.0,0.0,0.0,0.0,0.0,0.0,74.50931876315404,22.78322883905865,True,False,True,False,False,14.822858204476333,0,0.8746191703773141,0.8320834309819546,False,False,False,False,0.3265893007424676,0.3332619816309575,False,False,False,False,473771.0,119930.24683232997,False,False,False,False,44548.70007451355,False,False,False,False
2025-07-14 17:00:00+00:00,9.44,9.69,9.36,9.69,40377.0,,,,,,,,,,,,,,,,,,,,,7.642162578935133,7.667597142775824,,"rgba(38, 166, 154, 1.0)",0.0,0.0,1.074291775924883,7.97517969505014,1.5962332984198178,0.0,0.0,0.0,0.0,0.0,0.0,0.0,0.0,68.71037041717084,23.396896463529814,True,False,True,False,False,11.12580834316243,0,0.8645086705202311,0.8439306358381501,False,False,False,False,0.22792500632039117,0.28059349397567435,False,False,False,False,433394.0,124790.14998221632,False,False,False,False,44484.02255397846,False,False,False,False
2025-07-15 17:00:00+00:00,9.255,9.38,9.15,9.275,31323.0,,,,,,,,,,,,,,,,,,,,,7.659341499213674,7.677117337968252,,"rgba(239, 83, 80, 1.0)",0.0,0.0,1.082453523542997,7.976885138236875,1.1992338086851468,0.0,0.0,0.0,0.0,0.0,0.0,0.0,0.0,61.77698776969064,17.175140646657653,False,False,True,False,False,8.138029506205022,0,0.8518178690216767,0.8473448789998851,False,False,False,False,0.19355036808702744,0.23707193103135088,False,False,False,False,402071.0,129089.07788946878,False,False,False,False,44279.97569267646,False,False,False,False
2025-07-16 17:00:00+00:00,9.15,9.27,9.015,9.08,33383.0,,,,,,,,,,,,,,,,,,,,,7.675622210497622,7.686215975823196,,"rgba(239, 83, 80, 1.0)",0.0,0.0,1.0863478488259033,8.085264591365771,0.9156693316135466,0.0,0.0,0.0,0.0,0.0,0.0,0.0,0.0,55.90127379713845,12.12651312787115,False,True,True,False,False,6.777803677858557,0,0.8451347647327546,0.8517587939698492,False,False,False,False,0.1775145783518907,0.2072932546916208,False,False,False,False,368688.0,132803.78986017467,False,False,False,False,44111.03033310008,False,False,False,False
2025-07-17 17:00:00+00:00,9.115,9.24,9.05,9.17,31598.0,,,,,,,,,,,,,,,,,,,,,7.691032134208039,7.69491081585208,,"rgba(239, 83, 80, 1.0)",0.0,0.0,1.0956304614732684,8.089870018248734,0.9858524564010763,0.0,0.0,0.0,0.0,0.0,0.0,0.0,0.0,52.713116616430185,9.537497422414432,False,True,False,False,False,7.29946091811318,0,0.8451216738685466,0.8528542187855355,False,False,False,False,0.177840910870586,0.1925670827811034,False,False,False,False,400286.0,136950.80087009445,False,False,False,False,43917.02986281946,False,False,False,False
2025-07-18 17:00:00+00:00,9.075,9.26,9.035,9.26,27380.0,,,,,,,,,,,,,,,,,,,,,7.7044110005095785,7.7025238591950576,,"rgba(239, 83, 80, 1.0)",0.0,0.0,1.1077641714099071,8.095341663524056,1.051359455861101,0.0,0.0,0.0,0.0,0.0,0.0,0.0,0.0,51.34242537234823,8.414350614662304,False,True,False,False,False,7.823604370423329,0,0.8449216087252894,0.8559418314019539,False,False,False,False,0.1781672808768469,0.18536718182897516,False,False,False,False,427666.0,141458.0132597054,False,False,False,False,43660.64180293078,False,False,False,False
2025-07-21 17:00:00+00:00,9.25,9.32,9.185,9.245,19596.0,,,,,,,,,,,,,,,,,,,,,7.714254089511337,7.708161778226132,,"rgba(239, 83, 80, 1.0)",0.0,0.0,1.1207304366848123,8.10074149697108,1.020993510637316,0.0,0.0,0.0,0.0,0.0,0.0,0.0,0.0,50.30147155882898,7.353043612053497,False,True,False,False,False,7.714695466548154,0,0.8502157619804679,0.851237792414263,False,False,False,False,0.19190968580651113,0.18863843381774315,False,False,False,False,408070.0,145591.5324339735,False,False,False,False,43287.546581179915,False,False,False,False
2025-07-22 17:00:00+00:00,9.485,9.68,9.485,9.59,31001.0,,,,,,,,,,9.585,,,,,,,,,,,7.732913883409335,7.718917362738603,,"rgba(239, 83, 80, 1.0)",0.0,0.0,1.1364470752987017,8.119041830421677,1.294348150081427,0.0,0.0,0.0,0.0,0.0,0.0,0.0,0.0,52.52122926108214,7.353043612053497,False,True,True,False,False,9.72902770299796,0,0.8560785641720281,0.8452421266508633,False,False,False,False,0.23559636860221242,0.2121174012099778,False,False,False,False,439071.0,150141.60169856308,False,False,False,False,43097.057486898055,False,False,False,False
2025-07-23 17:00:00+00:00,10.365,10.83,10.36,10.825,127153.0,,,,,,,,,10.671666666666667,10.45866065143257,,,,,,,,,,,7.848416624113544,7.786727518657751,,"rgba(38, 166, 154, 1.0)",0.0,0.0,1.1863640683629624,8.47210258901137,1.9832844518254331,0.0,0.0,0.0,0.0,0.0,0.0,0.0,0.0,59.80712263974399,2.4260051754558276,False,True,True,False,True,16.16305343876127,0,0.860006608657341,0.8386386165877299,False,False,False,False,0.3428282408253462,0.277472821017662,False,False,False,False,566224.0,156592.49159470937,False,False,False,False,44400.250394077935,False,True,False,False
2025-07-24 17:00:00+00:00,10.235,10.26,9.86,9.87,48298.0,,,,,,,,,10.485853248675317,10.350580393182597,,,,,,,,,,,7.880016175976431,7.805838326834184,,"rgba(38, 166, 154, 1.0)",0.0,0.0,1.2016561094611975,8.483002814464442,1.1542380341722425,0.0,0.0,0.0,0.0,0.0,0.0,0.0,0.0,58.20848791710404,2.4260051754558276,False,True,True,False,True,9.58403014783838,0,0.8434217650243637,0.843313481321061,False,False,False,False,0.2717053993719572,0.2745891101948096,False,False,False,False,517926.0,162194.56149246581,False,False,False,False,44460.68062052634,False,False,False,False
2025-07-25 17:00:00+00:00,9.68,9.76,9.655,9.75,23034.0,,,,,,,,,10.39717010521366,10.287454979098218,,,,,,,,,,,7.892845610751819,7.813707119744847,,"rgba(38, 166, 154, 1.0)",0.0,0.0,1.211528332685999,8.48405237696209,1.0449178850248277,0.0,0.0,0.0,0.0,0.0,0.0,0.0,0.0,56.4917186299613,2.4260051754558276,False,True,True,False,False,8.808528765406734,0,0.845079642155793,0.8480253109317041,False,False,False,False,0.22630890849586632,0.250449009345338,False,False,False,False,494892.0,167352.66131428804,False,False,False,False,44128.48402175849,False,False,False,False
2025-07-28 17:00:00+00:00,9.835,9.86,9.71,9.75,51334.0,,,,,,,,,10.268981149018556,10.193473351850534,,,,,,,,,,,7.921594155723613,7.831481860492836,,"rgba(38, 166, 154, 1.0)",0.0,0.0,1.2185235121037117,8.492279750351223,1.0321674035467683,0.0,0.0,0.0,0.0,0.0,0.0,0.0,0.0,55.34720577186614,2.4260051754558276,False,True,True,False,False,8.808528765406734,0,0.850218818380744,0.8408096280087529,False,False,False,False,0.236205234755397,0.2433271220503675,False,False,False,False,494892.0,172430.79059623706,False,False,False,False,44240.19744777774,False,False,False,False
2025-07-29 17:00:00+00:00,9.46,9.505,9.37,9.43,33080.0,,,,,,,,,10.171461905721358,10.113542486991612,,,,,,,,,,,7.936358141561272,7.840800085878458,,"rgba(38, 166, 154, 1.0)",0.0,0.0,1.2177077194836634,8.490629367762619,0.7714253734350112,0.0,0.0,0.0,0.0,0.0,0.0,0.0,0.0,52.69178496515119,2.4260051754558276,False,True,True,False,False,6.727962954512858,0,0.8474539308690434,0.8437465925198997,False,False,False,False,0.19215632527635074,0.21774172366335912,False,False,False,False,461812.0,176917.32097458997,False,False,False,False,44067.17113075793,False,False,False,False
2025-07-30 17:00:00+00:00,9.43,9.495,9.06,9.155,41503.0,,,,,,,,,10.051867061033327,10.011143303048463,,,,,,,,,,,7.952080777192929,7.850903365640952,,"rgba(239, 83, 80, 1.0)",0.0,0.0,1.2063195011019063,8.485069201014452,0.5553510478555658,0.0,0.0,0.0,0.0,0.0,0.0,0.0,0.0,49.440860348137676,6.454623123252993,False,True,False,False,False,4.986687052022717,0,0.8471150711724436,0.8403781375638376,False,False,False,False,0.17212961017193568,0.1949356669176474,False,False,False,False,420309.0,180690.8353780847,False,False,False,False,44027.416539583384,False,False,False,False
2025-07-31 17:00:00+00:00,9.275,9.335,9.135,9.19,45770.0,,,,,,,,,9.949010671615717,9.920881423558747,,,,,,,,,,,7.968765502910372,7.861745159676991,,"rgba(239, 83, 80, 1.0)",0.0,0.0,1.1975729660480072,8.481236836662012,0.591832968371779,0.0,0.0,0.0,0.0,0.0,0.0,0.0,0.0,47.5255092473576,4.4108042220354164,False,True,False,True,False,5.179878008911963,0,0.8522418847030723,0.8392139832808598,False,False,False,False,0.16683355262925295,0.18088460977345017,False,False,False,False,466079.0,185115.45808540122,False,False,False,False,44054.4333374193,False,False,False,False
2025-08-01 17:00:00+00:00,9.16,9.19,9.045,9.14,51546.0,,,,,,,,,9.848293002274822,9.830263393701907,,,,,,,,,,,7.985650404926296,7.872911634392887,,"rgba(239, 83, 80, 1.0)",0.0,0.0,1.1870274479396734,8.476460802782437,0.558992294886921,0.0,0.0,0.0,0.0,0.0,0.0,0.0,0.0,45.9450234531669,2.6307358159966796,False,True,False,True,False,4.858656919034562,0,0.8506133970252959,0.8421452611008577,False,False,False,False,0.15223871003437422,0.1665616599039122,False,False,False,False,414533.0,188672.31920035623,False,False,False,False,44170.581657769384,False,False,False,False
2025-08-04 17:00:00+00:00,9.465,9.63,9.46,9.55,42612.0,,,,,,,,9.546666666666669,9.820612470297705,9.805866326422805,,,,,,,,,,,8.004270653100615,7.8850536823010575,,"rgba(239, 83, 80, 1.0)",0.0,0.0,1.1820959092809473,8.484483453073157,0.9013791000892499,0.0,0.0,0.0,0.0,0.0,0.0,0.0,0.0,47.96714524665424,2.6307358159966796,False,True,False,True,False,7.133654304106511,0,0.8512699095996555,0.8404003443822641,False,False,False,False,0.20569684713360162,0.18612925351875692,False,False,False,False,457145.0,192834.68634453672,False,False,False,False,44146.41760105978,False,False,False,False
2025-08-05 17:00:00+00:00,9.44,9.495,9.36,9.465,35889.0,,,,,,,,9.497900918459637,9.793304829151499,9.78114855113387,,,,,,,,,,,8.018551000054133,7.894496454033911,,"rgba(239, 83, 80, 1.0)",0.0,0.0,1.1808464783389143,8.489283653129265,0.8262855204033518,0.0,0.0,0.0,0.0,0.0,0.0,0.0,0.0,48.68675095682765,2.6307358159966796,False,True,False,False,False,6.573938911056878,0,0.8487946620749032,0.8437365475678003,False,False,False,False,0.19090034654088844,0.18851480002982268,False,False,False,False,421256.0,196376.1020601253,False,False,False,False,44018.39562274877,False,False,False,False
2025-08-06 17:00:00+00:00,9.165,9.26,8.93,9.26,93728.0,,,,,,,,9.308571262679338,9.691787900828412,9.686490609352033,,,,,,,,,,,8.047197522433574,7.914097368812773,,"rgba(239, 83, 80, 1.0)",0.0,0.0,1.1700183759240748,8.489199564798653,0.6587934438145657,0.0,0.0,0.0,0.0,0.0,0.0,0.0,0.0,47.670262266152264,2.6307358159966796,False,True,False,True,False,5.228440117068001,0,0.8428799999999999,0.8422399999999998,False,False,False,False,0.14945146598950096,0.16898313300966183,False,False,False,False,327528.0,198409.46481888305,False,False,False,False,44789.087163481345,False,False,False,False
2025-08-07 17:00:00+00:00,9.04,9.05,8.37,8.62,134555.0,,,,,,,,9.032880854281839,9.504909730286716,9.508178813425799,,,,,,,,,,,8.069391259251109,7.930886813397227,,"rgba(239, 83, 80, 1.0)",0.0,0.0,1.1608698664565533,8.530774992145972,0.07686047371216424,0.0,0.0,0.0,0.0,0.0,0.0,0.0,0.0,43.352874559919535,-0.8328085494239446,False,True,False,True,False,1.223282917268378,0,0.8315303014389244,0.8437138955992016,False,False,False,False,0.10207783763453501,0.13553048532209844,False,False,False,False,192973.0,198325.1785426213,False,False,False,False,46180.8067423421,False,False,False,False
2025-08-08 17:00:00+00:00,8.925,9.0,8.835,8.89,71708.0,,,,,,,,9.009284441062603,9.451449638219966,9.456430557343444,,,,,,,,,,,8.084784128565648,7.942173835221833,,"rgba(239, 83, 80, 1.0)",0.0,0.0,1.1474819592685783,8.532896073691033,0.3112065714188578,0.0,0.0,0.0,0.0,0.0,0.0,0.0,0.0,42.69366349476806,-1.6730102112574912,False,True,False,True,False,2.775433584952104,0,0.838032581453634,0.8403299916457811,False,False,False,False,0.12754027804329474,0.13153538168269657,False,False,False,False,264681.0,199353.95096831708,False,False,False,False,46576.577180445325,False,False,False,False
2025-08-11 17:00:00+00:00,8.97,9.09,8.86,8.94,53491.0,,,,,,,,9.00359447015276,9.42086535957359,9.426616830676695,,,,,,,,,,,8.096646268119233,7.950894871689656,,"rgba(239, 83, 80, 1.0)",0.0,0.0,1.1376621278381052,8.535338234255368,0.35569590992152333,0.0,0.0,0.0,0.0,0.0,0.0,0.0,0.0,42.66071115471098,-2.0438343509443655,False,True,False,True,False,3.0614273276401534,0,0.8411672746221989,0.83804064616988,False,False,False,False,0.13370350019343386,0.13261944093806521,False,False,False,False,318172.0,201196.0912633819,False,False,False,False,46683.77753423687,False,False,False,False
2025-08-12 17:00:00+00:00,9.165,9.265,9.045,9.16,43307.0,,,,,,,,9.017541949827123,9.408110007565893,9.414019181566847,,,,,,,,,,,8.108108438886095,7.959174760239849,,"rgba(239, 83, 80, 1.0)",0.0,0.0,1.1315531182668654,8.541944729368684,0.5462008461237383,0.0,0.0,0.0,0.0,0.0,0.0,0.0,0.0,44.42520431815992,-2.0438343509443655,False,True,False,True,False,4.3180551742788005,0,0.8434872859366889,0.833938764919564,False,False,False,False,0.13986985117403378,0.1362446460560495,False,False,False,False,361479.0,203681.09760038374,False,False,False,False,46631.424394171176,False,False,False,False
2025-08-13 17:00:00+00:00,9.58,9.8,9.555,9.755,72265.0,,,,,,,9.703333333333333,9.108051057275828,9.43012064196568,9.43492074171677,,,,,,,,,,,8.13638184363543,7.978933860225442,,"rgba(239, 83, 80, 1.0)",0.0,0.0,1.1348793165191926,8.696965063979391,0.9322885003012711,0.0,0.0,0.0,0.0,0.0,0.0,0.0,0.0,49.439397358639766,-5.743087355671946,False,True,False,False,True,7.568736306120414,0,0.8442419221209608,0.8321251035625516,False,False,False,False,0.21137413241264502,0.17380938923434724,False,False,False,False,433744.0,207247.96430425375,False,False,False,False,47028.84417100572,False,False,False,False
2025-08-14 17:00:00+00:00,9.345,9.585,9.33,9.355,49561.0,,,,,,,9.589424315553876,9.134219682607734,9.429790474535924,9.43437371904474,,,,,,,,,,,8.151837349993645,7.990069607218461,,"rgba(239, 83, 80, 1.0)",0.0,0.0,1.1209105532862442,8.700558555152,0.5838480536465048,0.0,0.0,0.0,0.0,0.0,0.0,0.0,0.0,49.941036478875205,-5.1730404613893555,False,True,False,False,True,5.043461244704545,0,0.835335181192896,0.8319474386613284,False,False,False,False,0.17994365094975934,0.1768765200920533,False,False,False,False,384183.0,209991.14315224983,False,False,False,False,47068.102400912605,False,False,False,False
2025-08-15 17:00:00+00:00,9.325,9.74,9.325,9.61,36459.0,,,,,,,9.582262890777184,9.158625253521683,9.434231463047071,9.438534142997508,,,,,,,,,,,8.164154331535403,7.99891383027568,,"rgba(239, 83, 80, 1.0)",0.0,0.0,1.121171170157705,8.709833291357686,0.802880713134726,0.0,0.0,0.0,0.0,0.0,0.0,0.0,0.0,51.79965944553759,-3.251935738392447,False,True,True,False,True,6.4081070782211995,0,0.8350123355263157,0.8351151315789475,False,False,False,False,0.19031133401456443,0.18359392705330885,False,False,False,False,420642.0,213257.04790957927,False,False,False,False,46903.62019314652,False,False,False,False
2025-08-18 17:00:00+00:00,9.215,9.39,9.17,9.17,30191.0,,,,,,,9.527971510077322,9.162478149930347,9.428921937126665,9.43325569532954,,,,,,,,,,,8.171923848629651,8.004698209087856,,"rgba(239, 83, 80, 1.0)",0.0,0.0,1.1153071447036602,8.709655612781834,0.4127512223016205,0.0,0.0,0.0,0.0,0.0,0.0,0.0,0.0,50.2033459878225,-3.251935738392447,False,True,False,False,True,3.70489689658762,0,0.8316791159316482,0.832088406835158,False,False,False,False,0.12658001647562747,0.15508697176446817,False,False,False,False,390451.0,216004.2409652447,False,False,False,False,46644.5098025551,False,False,False,False
2025-08-19 17:00:00+00:00,9.525,9.6,9.485,9.59,31973.0,,,,,,9.558333333333334,9.532375061805677,9.180669853685554,9.432624693090354,9.436737849069507,,,,,,,,,,,8.182414423053558,8.012308692064673,,"rgba(239, 83, 80, 1.0)",0.0,0.0,1.1057577606443594,8.717826382090578,0.7887564970841162,0.0,0.0,0.0,0.0,0.0,0.0,0.0,0.0,51.63472528139563,-3.226070767510862,False,True,True,False,True,5.938563265227685,0,0.8220311660397635,0.8327780763030629,False,False,False,False,0.16821796576328016,0.16165246876387418,False,False,False,False,422424.0,219204.54730686883,False,False,False,False,46417.044534298424,False,False,False,False
2025-08-20 17:00:00+00:00,9.52,9.54,9.34,9.43,29464.0,,,,,,9.499984347108963,9.52109132644827,9.191070651941594,9.432728529980125,9.43673606854557,,,,,,,,,,,8.191099689615676,8.018709497389608,,"rgba(239, 83, 80, 1.0)",0.0,0.0,1.091624184580189,8.722535067093183,0.6480847006691132,0.0,0.0,0.0,0.0,0.0,0.0,0.0,0.0,51.55180190898121,-3.0534924916048567,False,True,False,False,True,4.964692138707566,0,0.8142548596112309,0.8312095032397407,False,False,False,False,0.1518983016998235,0.15677538523184884,False,False,False,False,392960.0,221898.43029435925,False,False,False,False,46154.20663454186,False,False,False,False
2025-08-21 17:00:00+00:00,9.3,9.32,9.16,9.185,28445.0,,,,,,9.411905016206434,9.490493555062185,9.192225439904748,9.42762062767399,9.431664934192222,,,,,,,,,,,8.197943453989462,8.02390586414878,,"rgba(239, 83, 80, 1.0)",0.0,0.0,1.0782274534816128,8.723059619491888,0.4284257268876802,0.0,0.0,0.0,0.0,0.0,0.0,0.0,0.0,49.962692326654256,-3.0534924916048567,False,True,False,False,True,3.489069846713406,0,0.798000651961317,0.8388568944909267,False,False,False,False,0.12027682460154401,0.13852610491669642,False,False,False,False,364515.0,224109.53990219865,False,False,False,False,45879.64529137067,False,False,False,False
2025-08-22 17:00:00+00:00,9.635,9.755,9.6,9.745,24235.0,,,,,9.7,9.473087679019486,9.507273152386208,9.208045192314698,9.433123385747985,9.436949421231779,,,,,,,,,,,8.206394139145665,8.030051823887643,,"rgba(239, 83, 80, 1.0)",0.0,0.0,1.0639730911723002,8.731070927765227,0.9529649580870612,0.0,0.0,0.0,0.0,0.0,0.0,0.0,0.0,52.22334824272999,-2.121684977094901,False,True,True,False,True,6.439900224689197,0,0.8067959050315835,0.828250925724243,False,False,False,False,0.18984990637856733,0.16418800564763186,False,False,False,False,388750.0,226662.10517503278,False,False,False,False,45544.06939538042,False,False,False,False
2025-08-25 17:00:00+00:00,9.465,9.555,9.42,9.46,31779.0,,,,,9.574239565108725,9.474230285043229,9.504522687306352,9.218653923900755,9.434290147368536,9.43799121395733,,,,,,,,,,,8.215709013314205,8.036982223770172,,"rgba(239, 83, 80, 1.0)",0.0,0.0,1.052478636020361,8.73683085552403,0.6871105215117933,0.0,0.0,0.0,0.0,0.0,0.0,0.0,0.0,51.899692772276126,-2.121684977094901,False,True,True,False,True,4.731334810438717,0,0.7952266782911943,0.8358761987794244,False,False,False,False,0.15945057702099652,0.1618192913343142,False,False,False,False,356971.0,228682.39811805554,False,False,False,False,45330.65746676987,False,False,False,False
2025-08-26 17:00:00+00:00,9.185,9.315,9.15,9.225,47368.0,,,,,9.416514431912711,9.414370713980185,9.47045868916016,9.219281020889973,9.426722733225521,9.430469064428886,,,,,,,,,,9.229999999999999,8.2266612556962,8.045431322286325,,"rgba(239, 83, 80, 1.0)",0.0,0.0,1.0317261491533722,8.738546341000882,0.4714949402012329,0.0,0.0,0.0,0.0,0.0,0.0,0.0,0.0,50.27640079047052,-2.121684977094901,False,True,False,False,True,3.348338268328302,0,0.798600481084627,0.8374152635031707,False,False,False,False,0.11909604914160339,0.1404576702379588,False,False,False,False,309603.0,229936.9810929694,False,False,False,False,45362.24417271142,False,False,False,False
2025-08-27 17:00:00+00:00,9.22,9.5,9.205,9.47,49674.0,,,,,9.408450142431528,9.40972837376889,9.461386394507363,9.228725210579565,9.425411873385618,9.429051205303036,,,,,,,,,,9.312754168298262,8.239705603357883,8.055355967480663,,"rgba(239, 83, 80, 1.0)",0.0,0.0,1.0092963742980405,8.745073928355133,0.7182489604691679,0.0,0.0,0.0,0.0,0.0,0.0,0.0,0.0,50.750039355276684,-2.121684977094901,False,True,False,False,True,4.6465619624178025,0,0.8015283842794759,0.8314410480349343,False,False,False,False,0.13803045755937024,0.1392440638986645,False,False,False,False,359277.0,231942.2527039311,False,False,False,False,45429.09310026628,False,False,False,False
2025-08-28 17:00:00+00:00,9.125,9.225,9.06,9.175,38221.0,,,,,9.357472661811578,9.374873808058785,9.436315656485002,9.225675706184795,9.41780263389927,9.421511221741733,,,,,,,,,,9.26770693636348,8.247509492337072,8.061549005834314,,"rgba(239, 83, 80, 1.0)",0.0,0.0,0.9910783916413357,8.827862503884322,0.35026240007188547,0.0,0.0,0.0,0.0,0.0,0.0,0.0,0.0,49.228253440735166,-2.121684977094901,False,True,False,False,False,2.9121263686267937,1,0.7927908246859637,0.8367012561441833,False,False,False,False,0.10495154176000057,0.12209780282933254,False,False,False,False,321056.0,233323.86118914146,False,False,False,False,45317.3397188668,False,False,False,False
2025-08-29 17:00:00+00:00,9.795,9.84,9.58,9.78,38285.0,,,,9.733333333333334,9.420156493670554,9.417834774378816,9.4587036738069,9.245443275936303,9.426401005365875,9.429825079559413,,,,,,,,,,9.370424954479452,8.260114286001286,8.070941273134862,,"rgba(239, 83, 80, 1.0)",0.0,0.0,0.977660739992417,8.85687183938309,0.9442213672445006,0.0,0.0,0.0,0.0,0.0,0.0,0.0,0.0,51.75562246595898,-1.984197666658794,False,True,True,False,True,6.054130001754867,1,0.8019791213571116,0.8254675946063504,False,False,False,False,0.1950831773810995,0.15859049010521603,False,False,False,False,359341.0,235277.6152792323,False,False,False,False,45208.31119609367,False,False,False,False
2025-09-01 17:00:00+00:00,9.78,9.78,9.78,9.78,0.0,,,,9.733333333333334,9.420156493670554,9.417834774378816,9.4587036738069,9.245443275936303,9.426401005365875,9.429825079559413,,,,,,,,,,9.370424954479452,8.260114286001286,8.070941273134862,,"rgba(239, 83, 80, 1.0)",0.0,0.0,0.9594437296007865,8.85687183938309,0.9621493498123264,0.0,0.0,0.0,0.0,0.0,0.0,0.0,0.0,53.44053514944152,-0.333564890999142,False,False,True,False,True,6.054130001754867,1,0.7975115613301031,0.8354987888130366,False,False,False,False,0.20639117010624058,0.1824908301057283,False,False,False,False,359341.0,237201.07860823645,False,False,False,False,44507.40714654183,False,False,False,False
2025-09-02 17:00:00+00:00,9.75,9.865,9.7,9.79,30067.0,,,,9.756060710245007,9.46240812852185,9.449420495110788,9.476939712297881,9.26145355942485,9.43391461758868,9.4371095771521,,,,,,,,,,9.431643567517128,8.270206427201556,8.078470759905402,,"rgba(239, 83, 80, 1.0)",0.0,0.0,0.9387519892374628,8.871782912432055,0.9781253175439886,0.0,0.0,0.0,0.0,0.0,0.0,0.0,0.0,54.62303030113884,0.8597056061394213,False,False,True,False,True,6.105809649181801,1,0.7924173759257211,0.8358571902288051,False,False,False,False,0.20679597459860566,0.19464340235216698,False,False,False,False,389408.0,239560.87583911652,False,False,False,False,44283.524865200096,False,False,False,False
2025-09-03 17:00:00+00:00,9.92,10.02,9.84,9.955,34581.0,,,,9.817296364301697,9.51834765983481,9.493438841909402,9.504806188959215,9.283791681061112,9.445784234137376,9.448660346431186,,,,,,,,,,9.505204159599657,8.282808131052802,8.087820064964744,,"rgba(239, 83, 80, 1.0)",0.0,0.0,0.9140099847661665,8.890112555713355,1.1650720036270483,0.0,0.0,0.0,0.0,0.0,0.0,0.0,0.0,56.42844890370805,2.6420115573340865,True,False,True,False,True,6.9644378181155915,0,0.7863959165557032,0.8394363071460273,False,False,False,False,0.23080291654978344,0.2127231594509752,False,False,False,False,423989.0,242420.22660130076,False,False,False,False,44133.09812310396,False,False,False,False
2025-09-04 17:00:00+00:00,9.975,10.14,9.93,10.095,37154.0,,,,9.880340336124455,9.578519498195336,9.542968673095212,9.538332781169123,9.310200120674551,9.460806701709444,9.463310466308263,,,,,,,,,,9.579390157980752,8.297076299635506,8.098387542148778,10.055,"rgba(38, 166, 154, 1.0)",0.0,0.0,0.894517701847713,9.032300288224448,1.1880141774505337,-1.0,10.14,9.93,0.0,0.0,0.0,0.0,0.0,58.476841410591106,4.622230210504085,True,False,True,False,True,7.690736714910962,0,0.791048108047773,0.8340216542024778,False,False,False,False,0.2480517497536558,0.2303874546023155,False,False,False,False,461143.0,245811.27735166816,False,False,False,False,44024.895051427935,False,False,False,False
2025-09-05 17:00:00+00:00,9.92,9.92,9.63,9.855,32514.0,,,,9.865520052993126,9.598458617998338,9.561505579307708,9.551664388168835,9.324499155575204,9.468006808320624,9.470316579047646,,,,,,,,,9.801666666666668,9.602865128758154,8.307602979789749,8.106357224980613,9.936769535511282,"rgba(38, 166, 154, 1.0)",0.0,0.0,0.8589623060665919,9.033736588829926,0.9561111184620538,0.0,0.0,0.0,0.0,-1.0,9.93,9.91,0.0,57.56930750419322,4.622230210504085,True,False,True,False,True,6.174879861338923,0,0.7904091213950367,0.8297563156718084,False,False,False,False,0.2055817610302502,0.21798460781628284,False,False,False,False,428629.0,248645.66064854153,False,False,False,False,43846.43156225851,False,False,False,False
2025-09-08 17:00:00+00:00,9.72,9.91,9.655,9.87,46057.0,,,,9.854176651818516,9.622412959778174,9.58455735465847,9.569062393002204,9.34378224415448,9.47799099561114,9.480043450007077,,,,,,,,,9.807528498640295,9.630037216403284,8.322362821698354,8.117585541916966,9.886980269316625,"rgba(38, 166, 154, 1.0)",0.0,0.0,0.8198317065270289,9.042634937777976,1.0091889050338239,0.0,0.0,0.0,0.0,0.0,0.0,0.0,0.0,57.0764406964384,4.622230210504085,True,False,True,False,True,6.255250016897396,0,0.7919380193128227,0.833258477430945,False,False,False,False,0.20679597459860566,0.21239029120744424,False,False,False,False,474686.0,252150.16203383546,False,False,False,False,43880.70394113823,False,False,False,False
2025-09-09 17:00:00+00:00,9.605,9.655,9.395,9.48,56547.0,,,,9.783457888967618,9.60878624827253,9.57697959129874,9.564578475466766,9.351485616286793,9.479093419934937,9.481056065630154,,,,,,,,,9.68301256432649,9.61350061799377,8.336501600641306,8.1287515310003,9.76323930567165,"rgba(38, 166, 154, 1.0)",0.0,0.0,0.8046519195973528,9.038565261511565,0.5486033497680953,0.0,0.0,0.0,0.0,0.0,0.0,0.0,0.0,53.34580139375526,7.213440049846632,True,False,True,False,False,3.8135298952556766,0,0.7913385826771653,0.8295838020247469,False,False,False,False,0.16542562466961253,0.18890795793852838,False,False,False,False,418139.0,254723.6323899,False,False,False,False,44077.08062422135,False,False,False,False
2025-09-10 17:00:00+00:00,9.33,9.36,9.245,9.285,44349.0,,,,9.715899029063424,9.581688849475984,9.556284853721047,9.549522993435877,9.34956295438675,9.474295377902664,9.476293955812514,,,,,,,,9.296666666666665,9.587540671358335,9.5826062826734,8.345383628591893,8.13605100162691,9.66771749584143,"rgba(38, 166, 154, 1.0)",0.0,0.0,0.7885346370793527,9.030707686859664,0.3224871821511958,0.0,0.0,0.0,0.0,0.0,0.0,0.0,0.0,49.438605637999785,3.6380054522627887,False,True,False,False,False,2.6234359587691998,0,0.7888003591067216,0.8308831780944896,False,False,False,False,0.13012993181381635,0.15951894487617235,False,False,False,False,373790.0,256569.62258540545,False,False,False,False,44081.29642849699,False,False,False,False
2025-09-11 17:00:00+00:00,9.34,9.435,9.275,9.34,50344.0,,,,9.666099298545365,9.560903633744672,9.54033355502411,9.537558263542548,9.349579688672927,9.47069193490585,9.472696789288932,,,,,,,,9.325021596105307,9.535503355656024,9.559424899520485,8.355823463499949,8.144603126358966,9.607802639547005,"rgba(38, 166, 154, 1.0)",0.0,0.0,0.7773472040701425,9.027166677991124,0.4024370582037213,0.0,0.0,0.0,0.0,0.0,0.0,0.0,0.0,47.39068229320352,1.8392255906054658,False,True,False,True,False,2.936618183471065,0,0.7851893725268512,0.8318824194460145,False,False,False,False,0.13842592561134592,0.14897243524375914,False,False,False,False,424134.0,259167.51990966272,False,False,False,False,44178.39260790014,False,False,False,False
2025-09-12 17:00:00+00:00,9.56,9.59,9.455,9.565,31851.0,,,9.536666666666667,9.655837770183208,9.559601883672329,9.540162530433577,9.53752567371752,9.354004595767055,9.471880224143367,9.473829118115574,,,,,,,,9.378292451637375,9.535644960547067,9.55807507405173,8.363536315608611,8.150780112400316,9.600220207976369,"rgba(38, 166, 154, 1.0)",0.0,0.0,0.7639240505148052,9.030103901419412,0.7001953901308944,0.0,0.0,0.0,0.0,0.0,0.0,0.0,0.0,48.22520413925474,1.8392255906054658,False,True,False,True,False,4.215212670317882,0,0.7913693510023783,0.8250084947332651,False,False,False,False,0.16502692839237854,0.15699968181806884,False,False,False,False,455985.0,262218.9537095129,False,False,False,False,43987.27024188618,False,False,False,False
2025-09-15 17:00:00+00:00,9.41,9.48,9.27,9.3,25020.0,,,9.454543967927414,9.637907552641671,9.551116691422106,9.533441696519041,9.53229154674306,9.353931551060223,9.47017986571593,9.472130925581729,,,,,,,,9.373621968277426,9.519442907704937,9.548812188036745,8.36857184939119,8.154945634634045,9.58088786196305,"rgba(38, 166, 154, 1.0)",0.0,0.0,0.7461746287408649,9.029279491286655,0.3628111949747933,0.0,0.0,0.0,0.0,0.0,0.0,0.0,0.0,46.559548291561754,1.1006550929056758,False,True,False,True,False,2.561344841499821,0,0.789407887259916,0.8185021025116489,False,False,False,False,0.14159123004819482,0.14929545593313182,False,False,False,False,430965.0,264835.1714814584,False,False,False,False,43693.204036585616,False,False,False,False
2025-09-16 17:00:00+00:00,9.16,9.22,9.11,9.2,50815.0,,,9.323418890725504,9.588831462109285,9.522668810609877,9.509547541130527,9.513213510638336,9.347599278223665,9.462092535246477,9.464124423803401,,,,,,,9.176666666666666,9.324168795510733,9.46783304246655,9.517955261808142,8.37686371093035,8.162103022538725,9.526062170749132,"rgba(38, 166, 154, 1.0)",0.0,0.0,0.7316401419395248,9.022815177337048,0.24217482407847044,0.0,0.0,0.0,0.0,0.0,0.0,0.0,0.0,44.675701920266974,-0.7587861312180166,False,True,False,True,False,1.9427759034907233,0,0.7840973723125921,0.8269821408258444,False,False,False,False,0.10848352974792552,0.12888949284052867,False,False,False,False,380150.0,266622.9982801955,False,False,False,False,43803.61947787886,False,False,False,False
2025-09-17 17:00:00+00:00,9.365,9.615,9.26,9.315,11697.0,,9.396666666666667,9.3305956180249,9.584237472944995,9.52050316553965,9.50783375733347,9.511791854900046,9.347999458701658,9.46168018733526,9.463706254885597,,,,,,,9.217832202883713,9.328130041044613,9.46544917247528,9.515683664134686,8.37926676736618,8.164090574636575,9.522144616597815,"rgba(38, 166, 154, 1.0)",0.0,0.0,0.7101237488908034,9.023153792906285,0.4109793645819776,0.0,0.0,0.0,0.0,0.0,0.0,0.0,0.0,44.698785364762756,-0.9003955260237646,False,True,False,True,False,2.620155618004631,0,0.7832534793520417,0.8255760894364589,False,False,False,False,0.15150129680415114,0.1401953948223399,False,False,False,False,391847.0,268564.4556712002,False,False,False,False,43305.8424317102,False,False,False,False
2025-09-18 17:00:00+00:00,9.21,9.305,9.16,9.305,24461.0,,9.301956229142467,9.318023831372875,9.568640715248769,9.511349221321222,9.50010474679656,9.505445746307538,9.346467860724896,9.459013267673024,9.461056661675526,,,,,,,9.228754326055213,9.320801762410024,9.451781407091211,9.505921312881513,8.383569161265468,8.167756610960877,9.50633713396412,"rgba(38, 166, 154, 1.0)",0.0,0.0,0.6799547348474241,9.021866313029369,0.4164007873761827,0.0,0.0,0.0,0.0,0.0,0.0,0.0,0.0,44.62003213906246,-1.2527096106755522,False,True,False,True,False,2.5563494793932016,0,0.787146293962653,0.8291900561347231,False,False,False,False,0.11909604914160339,0.12964572198197163,False,False,False,False,367386.0,270096.57263753813,False,False,False,False,43013.67433199377,False,False,False,False
2025-09-19 17:00:00+00:00,9.185,9.185,9.005,9.12,28986.0,,9.213578431372548,9.2820172423769,9.54378959319094,9.495236594664432,9.486145531284425,9.493932454728855,9.3417305346072,9.453613720609214,9.455712857294033,,,,,,,9.197403133866281,9.297239153269064,9.426696738947763,9.488709557599831,8.387727316061401,8.171461841006881,9.47977596759096,"rgba(38, 166, 154, 1.0)",0.0,0.0,0.6563523759699742,9.018012732824133,0.15538492875133914,0.0,0.0,0.0,0.0,0.0,0.0,0.0,0.0,42.84663180181561,-3.188939193937145,False,True,False,True,False,1.371226626884141,0,0.7813071297989028,0.8307815356489943,False,False,False,False,0.09750357374372477,0.11357464786284821,False,False,False,False,338400.0,271155.54050362285,False,False,False,False,42796.191009017115,False,False,False,False
2025-09-22 17:00:00+00:00,9.205,9.22,9.09,9.115,22402.0,,9.195177049779543,9.265912640687318,9.527849264770937,9.484765150683867,9.477026878524946,9.48630612586755,9.338762542865439,9.449996195205133,9.452128510465293,,,,,,,9.188378854349613,9.28521833807594,9.41167415610499,9.477609425470177,8.391078595108683,8.174422377702385,9.463388313496912,"rgba(38, 166, 154, 1.0)",0.0,0.0,0.6389280366645562,9.015802666279965,0.15525587863992035,0.0,0.0,0.0,0.0,0.0,0.0,0.0,0.0,41.618278597321364,-4.557244955601291,False,True,False,True,False,1.339055594577193,0,0.7813357731015552,0.8318847209515094,False,False,False,False,0.106913429628671,0.11024403874575961,False,False,False,False,315998.0,271850.7724337992,False,False,False,False,42480.00200112538,False,False,False,False
2025-09-23 17:00:00+00:00,9.135,9.135,9.01,9.03,20819.0,,9.168886740798843,9.245909985759534,9.511167177803301,9.473342624925053,9.466974173536242,9.477865333313126,9.334948867988702,9.445820192680637,9.447995393544277,,,,,,,9.171370324998954,9.270017661912485,9.395175323306315,9.46550631437081,8.393823634471538,8.176921910070588,9.445929596535102,"rgba(239, 83, 80, 1.0)",0.0,0.0,0.6294188510761958,9.01295820922594,0.027075437516560028,0.0,0.0,0.0,0.0,-1.0,9.09,9.03,424.0,39.97644562179968,-6.277443328042644,False,True,False,True,False,0.7852684502156677,0,0.7747675353001952,0.8374469062105382,False,False,False,False,0.09397939909872824,0.10211171892224392,False,False,False,False,295179.0,272212.45038056205,False,False,False,False,42144.17251273584,False,False,False,False
2025-09-24 17:00:00+00:00,9.01,9.03,8.89,8.975,32875.0,,9.121430095345984,9.208810945153713,9.482152068547222,9.452713390058769,9.448637826121898,9.462375133101018,9.32717136083434,9.437858859737618,9.440120994564095,,,,,,,9.13604490033237,9.240835760925133,9.36563506685299,9.443686358470575,8.397510190794016,8.18042531579543,9.415282501536176,"rgba(239, 83, 80, 1.0)",0.0,0.0,0.6136959880639221,9.00720040509005,-0.05246963597014094,0.0,0.0,0.0,0.0,-1.0,9.01,8.86,416.0,38.34523677638685,-7.945529584949078,False,True,False,True,False,0.4240055469673827,0,0.7749136939010354,0.8386651323360181,False,False,False,False,0.07639162969995132,0.08925167431109762,False,False,False,False,262304.0,272058.8309948169,False,False,False,False,42000.46441176318,False,False,False,False
2025-09-25 17:00:00+00:00,8.755,8.86,8.74,8.755,38173.0,,9.049849184098514,9.152460573994802,9.441645968956733,9.422665760119958,9.421634804517227,9.439424035532456,9.314251688492535,9.425543635066845,9.427949557449049,,,,,,8.785000000000002,9.077839829791918,9.195259587244713,9.322756069722002,9.411949259081615,8.400392620917845,8.183530058682912,9.371858323226196,"rgba(239, 83, 80, 1.0)",0.0,0.0,0.6051321574068887,8.997598013003032,-0.4009008776572234,0.0,0.0,0.0,0.0,0.0,0.0,0.0,0.0,35.3295084711136,-10.83165594859748,False,True,False,True,False,0.0,0,0.7675869238766315,0.8459050479380846,False,False,False,False,0.0514562921941957,0.07035398325264666,False,False,False,False,224131.0,271315.76384761045,False,False,False,False,41941.123878247476,False,False,False,False
2025-09-26 17:00:00+00:00,8.81,8.88,8.77,8.875,26554.0,,9.023009551691938,9.126148626029401,9.418338490227258,9.405030465036171,9.405670966749936,9.42565969120911,9.306545696712757,9.417981292664663,9.420469164750703,,,,,,8.808247279599962,9.053417003528287,9.17226608072566,9.299249732579648,9.393455090736927,8.402664258597563,8.18587275890962,9.34761052304039,"rgba(239, 83, 80, 1.0)",0.0,0.0,0.5840723992516295,8.992167901916336,-0.20060509975554844,0.0,0.0,0.0,0.0,0.0,0.0,0.0,0.0,35.48449997933412,-10.83165594859748,False,True,False,True,False,0.0,0,0.7650462962962961,0.8428240740740738,False,False,False,False,0.05534744306735486,0.06285071316000077,False,False,False,False,250685.0,270995.9070437715,False,False,False,False,41702.563818119605,False,False,False,False
2025-09-29 17:00:00+00:00,8.615,8.65,8.505,8.51,32996.0,,8.958386814416178,9.071783489927851,9.378582944780081,9.374135043429854,9.377537689793717,9.401440568704185,9.291620376389131,9.404312385492124,9.406961860746422,,,,,8.555,8.722738778656678,8.996664015211646,9.126117489384649,9.256649614312643,9.360976411014976,8.403632524395245,8.187498275462909,9.304989303807712,"rgba(239, 83, 80, 1.0)",0.0,0.0,0.57444443979762,8.981232356210505,-0.8203271257643697,0.0,0.0,0.0,0.0,-1.0,8.77,8.57,419.0,32.73372957204078,-13.394085677751882,False,True,False,True,False,0.0,0,0.7559064192693327,0.8474127002420189,False,False,False,False,0.016879901741456708,0.039865307450728735,False,False,False,False,217689.0,270169.44336867426,False,False,False,False,41567.57833256736,False,False,False,False
2025-09-30 17:00:00+00:00,8.44,8.57,8.42,8.445,51571.0,,8.873175313962106,8.994929444360737,9.318140704509808,9.32598241600175,9.33334262226911,9.362979289890633,9.267136445689534,9.381942824825202,9.384849411738998,,,,,8.50824681416313,8.638313194100233,8.918354626301333,9.058343101791458,9.192737882365678,9.310589269643705,8.404367324523754,8.189486326044172,9.240899651976514,"rgba(239, 83, 80, 1.0)",0.0,0.0,0.5595878631426556,8.963631728453503,-0.9268101805154559,0.0,0.0,0.0,0.0,0.0,0.0,0.0,0.0,30.4847576709821,-15.516434530925451,False,True,False,True,False,0.0,0,0.7577798420808174,0.8454482117974917,False,False,False,False,0.004074088758825129,0.021969698104776933,False,False,False,False,166118.0,268556.2426962917,False,False,False,False,41722.67014136477,False,False,False,False
2025-10-01 17:00:00+00:00,8.355,8.57,8.345,8.565,30403.0,,8.837192128050054,8.95935033039913,9.286736873544966,9.300406460038646,9.30968857439241,9.342130241337292,9.253642516984565,9.369465065925723,9.37250755066218,,,,,8.504303050071034,8.613783999361889,8.88359510282841,9.025517826068125,9.160443079083603,9.283980297727668,8.404880265865982,8.19070587682377,9.208224765713801,"rgba(239, 83, 80, 1.0)",0.0,0.0,0.5483496944353796,8.962502388542184,-0.7249067384846116,0.0,0.0,0.0,0.0,0.0,0.0,0.0,0.0,31.12546943107637,-15.516434530925451,False,True,False,True,False,0.0,0,0.7642532353969919,0.843535035560219,False,False,False,False,-0.001746041239473588,0.010111828432651673,False,False,False,False,196521.0,267439.41722813214,False,False,False,False,41547.171379483145,False,False,False,False
2025-10-02 17:00:00+00:00,8.555,8.705,8.5,8.69,31436.0,,8.818856732307337,8.936959585618366,9.26192500133541,9.279821066148077,9.290505791774514,9.324944745479096,9.242626329525008,9.358906279401502,9.362052772616524,,,,,8.531650308047483,8.616446584222583,8.86395259779557,9.003199555837563,9.136347792579278,9.26273526415394,8.406224237468008,8.19252833308923,9.183294804114672,"rgba(239, 83, 80, 1.0)",0.0,0.0,0.534617249631538,8.959520259837147,-0.5041368568315044,0.0,0.0,0.0,0.0,1.0,8.595,8.57,426.0,33.63158722393259,-15.516434530925451,False,True,False,True,True,0.0,0,0.7765053128689491,0.8364817001180633,False,False,False,False,0.020761351610090798,0.015436590021371235,False,False,False,False,227957.0,266827.28672847117,False,False,False,False,41390.409032514406,False,False,False,False
2025-10-03 17:00:00+00:00,8.865,8.935,8.595,8.675,47975.0,,8.808807907953414,8.917888005527189,9.233130941044788,9.255375152721934,9.267513299933595,9.30394200560467,9.22926632752871,9.345571058366657,9.348832885974074,,,,,8.581838862851821,8.638397277068508,8.850240256847304,8.98185179193897,9.11025198607657,9.237746886499309,8.409171036199142,8.19592842982284,9.155543873820049,"rgba(239, 83, 80, 1.0)",0.0,0.0,0.5188474059206781,8.955755150027988,-0.5411131419840028,0.0,0.0,0.0,0.0,0.0,0.0,0.0,0.0,35.14384872103033,-18.96279068291309,False,True,False,True,True,0.0,0,0.7902072909220872,0.8279723612103883,False,False,False,False,0.04601126884969417,0.030723929435532704,False,False,False,False,179982.0,265480.8481745414,False,False,False,False,41492.49571418085,False,False,False,False
2025-10-06 17:00:00+00:00,8.765,8.85,8.765,8.795,28396.0,,8.808445323238733,8.911824037308376,9.21966502929035,9.243680436040286,9.25641351161458,9.29361085290811,9.22273302640608,9.33879693654986,9.342109711692101,,,,,8.610071386782897,8.65468756956425,8.847462769614028,8.97381974406468,9.098877937881161,9.225903843255175,8.411251068421729,8.198173482338186,9.143094990633497,"rgba(239, 83, 80, 1.0)",0.0,0.0,0.5043255419391707,8.95398170589689,-0.31523627632578977,0.0,0.0,0.0,0.0,0.0,0.0,0.0,0.0,38.20672535919039,-16.06812490355852,False,True,False,True,True,0.0,0,0.7935281333011348,0.8307172180632695,False,False,False,False,0.05262346865182974,0.04167369904368122,False,False,False,False,208378.0,264595.5326989671,False,False,False,False,41289.44926899975,False,False,False,False
2025-10-07 17:00:00+00:00,8.715,8.865,8.695,8.865,29293.0,,8.808438161109256,8.90646531370771,9.206786802562148,9.23236386375105,9.245626341655843,9.283495091523063,9.216277980792105,9.33204754971628,9.335408410532025,,,,,8.633111364568045,8.668894602326832,8.845210211744607,8.966479532092903,9.088179560312108,9.21448160429452,8.413400998616888,8.200491121131398,9.13131846301776,"rgba(239, 83, 80, 1.0)",0.0,0.0,0.4948934456249227,8.951695859908881,-0.17518086100212185,0.0,0.0,0.0,0.0,1.0,8.86,8.85,425.0,41.38807261964038,-13.141573308279085,False,True,False,True,True,0.0,0,0.799902391410444,0.8221083455344067,False,False,False,False,0.04834449766623115,0.04500909835495619,False,False,False,False,237671.0,264178.0980834792,False,False,False,False,41103.45780746487,False,False,False,False
2025-10-08 17:00:00+00:00,8.865,9.16,8.86,9.16,51028.0,,8.833654385982145,8.919168281310718,9.199195210252075,9.224897025223427,9.238155067644309,9.275663852884009,9.212149455142113,9.32614856124952,9.329514193515648,,,,,8.704980110943216,8.723152268968486,8.864786358981688,8.973187245470713,9.086480988200902,9.207455306952179,8.419442524880926,8.206140920430336,9.127200354337063,"rgba(38, 166, 154, 1.0)",0.0,0.0,0.4784207504011504,8.998935575205838,0.3366585263266935,0.0,0.0,0.0,0.0,0.0,0.0,0.0,0.0,47.43607873710576,-7.680251191152628,False,False,False,False,True,1.985485124028731,0,0.8081189808606605,0.8099475801536021,False,False,False,False,0.08420195126168388,0.06460552480832003,False,False,False,False,288699.0,264558.2671054408,False,False,False,False,41257.326678666956,False,False,False,False
2025-10-09 17:00:00+00:00,8.735,9.075,8.725,9.02,39277.0,,8.841271779291027,8.920415495476819,9.189272067381077,9.215703899294803,9.229195714127236,9.266848519273594,9.206725801020305,9.319809451681436,9.323201626113544,,,,,8.731941414141415,8.744073631014668,8.869716896684286,8.971450920737087,9.07998620328675,9.198408681388933,8.423159570395015,8.209835230039275,9.119234239407376,"rgba(38, 166, 154, 1.0)",0.0,0.0,0.4648478197168195,8.994394110357671,0.0550844567969087,0.0,0.0,0.0,0.0,0.0,0.0,0.0,0.0,49.33584678859081,-6.141284507902654,True,False,False,False,True,0.9808144825820335,0,0.8030321406913279,0.8106731352334747,False,False,False,False,0.06703142294258797,0.065818473875454,False,False,False,False,249422.0,264323.5962976045,False,False,False,False,41226.623939462814,False,False,False,False
2025-10-10 17:00:00+00:00,8.61,8.715,8.55,8.6,23929.0,,8.83208918793136,8.909901947230976,9.17633482401538,9.204250873396221,9.218273543078181,9.25668816510803,9.199707543354824,9.312896200065827,9.31634277548905,,,,8.621666666666668,8.724737658702427,8.737278119207204,8.860190773558278,8.960646057359236,9.067931340737417,9.186763545908509,8.42401938787891,8.211094435017342,9.106660559159042,"rgba(38, 166, 154, 1.0)",0.0,0.0,0.4678475535185779,8.983923792580761,-0.8206172923067683,0.0,0.0,0.0,0.0,-1.0,8.725,8.64,428.0,45.88868338119702,-6.141284507902654,False,False,False,True,False,0.0,0,0.7946460870613768,0.8116483781502472,False,False,False,False,0.025419927529747765,0.045619200702600886,False,False,False,False,225493.0,263721.5715488044,False,False,False,False,40958.44372334711,False,False,False,False
2025-10-13 17:00:00+00:00,8.6,8.64,8.49,8.56,27472.0,,8.81977848011565,8.896443447563877,9.160703194109123,9.190371611892546,9.205029006555826,9.24437509992704,9.191062492046823,9.304470568378502,9.307984424868012,,,,8.59048958191475,8.713477196849649,8.726855916609779,8.847654969528723,8.947038432640753,9.053140767928527,9.172639336736516,8.424708732311965,8.212326569608985,9.091342027283964,"rgba(38, 166, 154, 1.0)",0.0,0.0,0.46907914390135547,8.972746630976086,-0.8799082976558089,0.0,0.0,0.0,0.0,0.0,0.0,0.0,0.0,43.23021942407383,-0.6754177922999887,False,True,False,True,False,0.0,0,0.7981840193704599,0.8077481840193701,False,False,False,False,0.012135818944667752,0.02887750982363432,False,False,False,False,198021.0,262702.9580364198,False,False,False,False,40749.35157259754,False,False,False,False
2025-10-14 17:00:00+00:00,8.525,8.735,8.52,8.725,26456.0,,8.813028070948693,8.88791983984775,9.148702099959863,9.179536969973075,9.19461753271978,9.234549212817784,9.184204614160082,9.29756887880876,9.30113110636449,,,,8.614109392861272,8.710110502452615,8.72320872142456,8.84032188649964,8.937873467152961,9.04234801569513,9.161693507209039,8.425824610621772,8.21382955768909,9.079940134219246,"rgba(38, 166, 154, 1.0)",0.0,0.0,0.4747069461095658,8.966057437355698,-0.5078026334589596,0.0,0.0,0.0,0.0,1.0,8.68,8.64,430.0,43.81699046524066,-0.6754177922999887,False,True,False,True,False,0.0,0,0.798620355802977,0.806970833837589,False,False,False,False,0.018225298601179052,0.023551404212406687,False,False,False,False,224477.0,262110.30752422728,False,False,False,False,40527.74922263478,False,False,False,False
2025-10-15 17:00:00+00:00,8.715,8.76,8.68,8.735,33162.0,,8.808600774082787,8.88087627181472,9.136343710557677,9.16818844916989,9.183635646609837,9.224031422856834,9.176889967513183,9.289984751884099,9.293593134823833,,,,8.647233041191148,8.711199545354962,8.723323371052965,8.834936877149701,8.929681541609611,9.031790950499802,9.150310439278272,8.42759259869766,8.21597172140832,9.068556780127631,"rgba(38, 166, 154, 1.0)",0.0,0.0,0.47817406081093355,8.960482975187693,-0.4715499933335948,0.0,0.0,0.0,0.0,0.0,0.0,0.0,0.0,44.34958366525154,-0.6754177922999887,False,False,False,True,False,0.0,0,0.7999758424930545,0.8062567942988281,False,False,False,False,0.029096345348023762,0.026323874780215223,False,False,False,False,257639.0,262040.98492695243,False,False,False,False,40413.551560268344,False,False,False,False
2025-10-16 17:00:00+00:00,8.71,8.725,8.545,8.61,32482.0,,8.80005897532629,8.870548645931958,9.122186922883312,9.155261530060907,9.171163813566837,9.212193187322992,9.168437092467734,9.281488969810248,9.285154293226277,,,,8.642577763685736,8.705548315482416,8.71762125342579,8.825827660017577,8.91867473438736,9.019006790759127,9.137273628218196,8.428738279404637,8.217650638692495,9.055098219024202,"rgba(38, 166, 154, 1.0)",0.0,0.0,0.4800474638695158,8.953050348180282,-0.7146175618032824,0.0,0.0,0.0,0.0,0.0,0.0,0.0,0.0,43.22351479129455,-1.1531685493078712,False,True,False,True,False,0.0,0,0.7976794778825234,0.8106115542663763,False,False,False,False,0.00477061231213399,0.015547243546174606,False,False,False,False,225157.0,261469.14019940275,False,False,False,False,40290.58176863628,False,False,False,False
2025-10-17 17:00:00+00:00,8.605,8.775,8.605,8.77,26041.0,,8.797033947452979,8.865694738180892,9.113353434247784,9.147025373566635,9.16314854620248,9.204443512903806,9.162940646881205,9.275748181219837,9.279445327981723,,,,8.65395753461286,8.706113901276966,8.71757814469008,8.822129643722706,8.91295844231486,9.011546698933055,9.129042794273722,8.430060637645575,8.219280753973848,9.047031570308196,"rgba(38, 166, 154, 1.0)",0.0,0.0,0.47844577577855923,8.949295219575749,-0.37474511982886266,0.0,0.0,0.0,0.0,0.0,0.0,0.0,0.0,44.902642522130066,-1.1531685493078712,False,False,False,True,False,0.0,0,0.7951178042263781,0.8136992956035946,False,False,False,False,0.013897806243352762,0.014722524894763684,False,False,False,False,251198.0,261309.89771569107,False,False,False,False,40069.65802028533,False,False,False,False
2025-10-20 17:00:00+00:00,8.715,8.735,8.58,8.605,28904.0,,8.790956038840116,8.85806023939874,9.102178882997432,9.136673187821744,9.153104856913163,9.194812693611459,9.15597291657159,9.26865610902806,9.272396352018195,,,,8.651924595775846,8.702580465625411,8.713875186883065,8.815529524086545,8.904646321458712,9.00164230499054,9.118646406327187,8.43112539481837,8.220800687785177,9.036540727285805,"rgba(38, 166, 154, 1.0)",0.0,0.0,0.4835795303382367,8.943815178990713,-0.7006400348536882,0.0,0.0,0.0,0.0,0.0,0.0,0.0,0.0,44.006117017613725,-1.1531685493078712,False,True,False,True,False,0.0,0,0.7994636108740701,0.8128733390223085,False,False,False,False,0.008504281982287906,0.011613403438525795,False,False,False,False,222294.0,260705.0000766881,False,False,False,False,39896.547043226645,False,False,False,False
2025-10-21 17:00:00+00:00,8.68,8.78,8.665,8.68,41006.0,,8.78665538833756,8.851203914846414,9.089415874149857,9.124615079296971,9.141311863214392,9.183315043364708,9.147668214116647,9.259926469051731,9.263710742907872,,,,8.661584555568549,8.702985916203042,8.713523709285433,8.810287883467344,8.896516418511379,8.990954022855718,9.106633836460114,8.433105727486215,8.223286711343158,9.024962998966258,"rgba(38, 166, 154, 1.0)",0.0,0.0,0.4812984689526907,8.938413458161266,-0.5369089553174271,0.0,0.0,0.0,0.0,0.0,0.0,0.0,0.0,44.56845895293763,-1.1531685493078712,False,False,False,True,False,0.0,0,0.7983059170144854,0.8194205745150993,False,False,False,False,0.01929213915868431,0.015452771298605051,False,False,False,False,263300.0,260745.23263363866,False,False,False,False,39913.74786426189,False,False,False,False
2025-10-22 17:00:00+00:00,8.775,8.89,8.73,8.735,36053.0,,8.786582945619758,8.848641633379243,9.080982768199004,9.116412441906474,9.133194718783765,9.175206676845093,9.141847552955396,9.253508909423054,9.257316345414635,,,,8.677734886844162,8.707771398437671,8.717298845944056,8.809245533322207,8.89259866410193,8.984560344164462,9.098562622474466,8.43530216791869,8.225793787501312,9.01774447544621,"rgba(38, 166, 154, 1.0)",0.0,0.0,0.4778973088832227,8.960931552046347,-0.47276171647485726,0.0,0.0,0.0,0.0,0.0,0.0,0.0,0.0,45.80017067829503,-1.1531685493078712,False,False,False,True,False,0.0,0,0.8055007400098665,0.8140108534780462,False,False,False,False,0.033821806578822104,0.02463728893871358,False,False,False,False,299353.0,261343.80267032643,False,False,False,False,39853.89130822682,False,False,False,False
2025-10-23 17:00:00+00:00,8.665,8.705,8.5,8.505,18513.0,,8.781822985421911,8.843211904125344,9.073815930827367,9.109718693250908,9.126682693118429,9.168945879636123,9.137173280956501,9.248798918479098,9.25263414652994,,,8.57,8.670951302301223,8.70376355752918,8.713409435379583,8.804286647820044,8.886882146322352,8.97805552565551,9.091838300896939,8.435732509682275,8.22658085634682,9.010933449519628,"rgba(38, 166, 154, 1.0)",0.0,0.0,0.46748756306623906,8.952558772455768,-0.9573704368095721,0.0,0.0,0.0,0.0,-1.0,8.73,8.525,445.0,43.691366035282485,-1.909328360850708,False,True,False,True,False,0.0,0,0.7978526471677154,0.8231519190423298,False,False,False,False,-0.0006222585184721414,0.01200751521012072,False,False,False,False,280840.0,261646.0692955927,False,False,False,False,39523.02477631633,False,False,False,False
2025-10-24 17:00:00+00:00,8.525,8.525,8.32,8.33,24135.0,,8.770955729692613,8.832025025808003,9.061566894505455,9.098431287814247,9.115767607575012,9.158602664661204,9.129312743300872,9.241167414069022,9.245055171510764,,,8.469079089289064,8.649764845844611,8.692359864633548,8.702702495444132,8.793430357966955,8.875700261833169,8.966300883505317,9.080415220640887,8.435549733181107,8.227071517360546,8.998891349876109,"rgba(239, 83, 80, 1.0)",0.0,0.0,0.46593834414064966,8.939191283352077,-1.3074504191657266,0.0,0.0,0.0,0.0,-1.0,8.5,8.31,439.0,40.51092334694566,-5.041400421805783,False,True,False,True,False,0.0,0,0.7882454624027656,0.8317076182244719,False,False,False,False,-0.030499718992257112,-0.009246101891068196,False,False,False,False,256705.0,261569.46357007962,False,False,False,False,39284.45074877654,False,False,False,False
2025-10-27 17:00:00+00:00,8.155,8.31,8.125,8.195,43657.0,,8.744048527059217,8.80534519409441,9.034777320758414,9.073867687177579,9.092073428825659,9.136306017124921,9.112107312921452,9.224823375795417,9.228832105493687,,8.21,8.338025085452754,8.596701597523564,8.662455244952204,8.674728016123215,8.766924953371621,8.849577415520708,8.939836847810028,9.055464634798403,8.433870075010255,8.226980227635371,8.972085193864999,"rgba(239, 83, 80, 1.0)",0.0,0.0,0.4770249110536642,8.913665610237562,-1.5065578203246357,0.0,0.0,0.0,0.0,0.0,0.0,0.0,0.0,37.19786581297864,-8.170102050101725,False,True,False,True,False,0.0,0,0.7787950018557466,0.8418903872324629,False,False,False,False,-0.06459630320896066,-0.03692120255001443,False,False,False,False,213048.0,260817.19281705513,False,False,False,False,39352.242210035816,False,False,False,False
2025-10-28 17:00:00+00:00,8.215,8.265,8.08,8.14,28254.0,,8.726513880985417,8.78796001849423,9.01735568047797,9.057832188636567,9.07658409190943,9.121702127057784,9.100733015236326,9.214028409423738,9.218115824588416,,8.191009720348763,8.294529325500397,8.56519016110177,8.643137212336683,8.656543553454782,8.7496376458513,8.832539822724412,8.922604800939675,9.039185299453624,8.432564475036033,8.226754970383679,8.954646830513324,"rgba(239, 83, 80, 1.0)",0.0,0.0,0.49209808221787804,8.899355331818622,-1.5430975231527413,0.0,0.0,0.0,0.0,0.0,0.0,0.0,0.0,34.52218652082915,-10.645506918883562,False,True,False,True,False,0.0,0,0.7836381859183161,0.8387622149837132,False,False,False,False,-0.07646380009327679,-0.056692501321645605,False,False,False,False,184794.0,259638.5386648527,False,False,False,False,39180.176439337585,False,False,False,False
2025-10-29 17:00:00+00:00,8.125,8.335,7.985,8.02,38687.0,,8.702235623084668,8.76390047957541,8.993313289937674,9.035632402242102,9.055115887483995,9.101429549885882,9.084813903861281,9.198935264935091,9.203131283844515,,8.16383864687125,8.248786341350943,8.524418279296533,8.616557220653089,8.631401364833291,8.725689291583814,8.808949655721658,8.898788793464123,9.016657131715663,8.430481596121696,8.226221868314619,8.930568384250273,"rgba(239, 83, 80, 1.0)",0.0,0.0,0.5097999077539513,8.880786490586786,-1.6884791022799368,0.0,0.0,0.0,0.0,-1.0,8.08,7.955,441.0,31.75529214858204,-13.200828485362159,False,True,False,True,False,0.0,0,0.7770612038442083,0.8448406676783003,False,False,False,False,-0.07857299381152541,-0.06763274756658551,False,False,False,False,146107.0,257878.35977082397,False,False,False,False,39172.530292991265,False,False,False,False
2025-10-30 17:00:00+00:00,7.955,7.955,7.76,7.775,48395.0,,8.66107293470686,8.72401594841863,8.955857634675295,9.001196415260374,9.021886174865623,9.070238484478436,9.060007207252843,9.175849480407173,9.180222219847332,7.830000000000001,8.062223347359108,8.148275210233368,8.453986225739433,8.570108823731585,8.587540571197222,8.685415425148248,8.770365453533106,8.860839708434064,8.981604305590736,8.425620170898643,8.223905848203746,8.892527870447148,"rgba(239, 83, 80, 1.0)",0.0,0.0,0.5343606687662521,8.85037299789227,-2.0124478853863312,0.0,0.0,0.0,0.0,0.0,0.0,0.0,0.0,28.26345517028948,-16.40983034477584,False,True,False,True,False,0.0,0,0.7657475335188464,0.8574500379458636,False,False,False,False,-0.1298739834221294,-0.09875336549435745,False,False,False,False,97712.0,255395.1603945321,False,False,False,False,39315.51431945652,False,False,False,False
2025-10-31 17:00:00+00:00,7.985,8.01,7.85,7.99,44843.0,,8.631281549041061,8.6945518598911,8.926718002388158,8.974092564248224,8.995606980180499,9.045339545488343,9.040039598744139,9.156988724076404,9.161493396216702,7.887714236684614,8.037534717452592,8.112202867799398,8.410689807001043,8.53793772453889,8.556769385345461,8.656000671039575,8.741460480654144,8.831827083990374,8.954120443589447,8.422078790635076,8.222430299808584,8.863277833218683,"rgba(239, 83, 80, 1.0)",0.0,0.0,0.550494724263034,8.829453423792783,-1.5249073002771965,0.0,0.0,0.0,0.0,0.0,0.0,0.0,0.0,30.05184635060241,-16.40983034477584,False,True,False,True,False,0.0,0,0.7685834502103787,0.8464873135279867,False,False,False,False,-0.11752671018664484,-0.10814003784050115,False,False,False,False,142555.0,253645.7005434541,False,False,False,False,39401.211771868046,False,False,False,False
2025-11-03 17:00:00+00:00,7.905,8.08,7.895,8.075,47236.0,,8.605303734213104,8.668418004281564,8.89976934054101,8.94877669946209,8.970962212178867,9.021806650503573,9.021008654859148,9.138802363815087,9.143424321857442,7.931075976099967,8.033608659401818,8.09683875232648,8.377992583483392,8.510927237823607,8.530638496801448,8.630153318863181,8.715522782750206,8.805364387179305,8.928530286201259,8.418923825714778,8.221269274271854,8.836478447965824,"rgba(239, 83, 80, 1.0)",0.0,0.0,0.5635141748219099,8.811466128452075,-1.3069167757578142,0.0,0.0,0.0,0.0,0.0,0.0,0.0,0.0,32.687026155034175,-16.40983034477584,False,True,False,True,True,0.0,0,0.7722052067381316,0.8439254721796833,False,False,False,False,-0.10775952832659834,-0.10794978308354974,False,False,False,False,189791.0,252655.70518619125,False,False,False,False,39522.68135680033,False,False,False,False
2025-11-04 17:00:00+00:00,8.125,8.155,7.98,7.98,34202.0,,8.588467440085644,8.651307304879225,8.881686804516884,8.931673288001038,8.954266283069668,9.005781425779155,9.007952776144098,9.126239516007367,9.130937913053765,7.952077236330884,8.034175108842726,8.09073668433347,8.358740833605392,8.493837342981582,8.513976113830807,8.61332170697986,8.698418866820074,8.78774900073817,8.911276381565923,8.416791302118353,8.220524919702699,8.818594668134152,"rgba(239, 83, 80, 1.0)",0.0,0.0,0.5755525899375115,8.799762265288514,-1.4243047110213098,0.0,0.0,0.0,0.0,0.0,0.0,0.0,0.0,33.484885908674904,-16.40983034477584,False,True,False,True,True,0.0,0,0.7697427364648661,0.8462818379623702,False,False,False,False,-0.09420399045888848,-0.10107688677121912,False,False,False,False,155589.0,251150.7950282658,False,False,False,False,39440.19017297396,False,False,False,False
2025-11-05 17:00:00+00:00,8.195,8.365,8.115,8.355,86162.0,,8.566881604602088,8.627425187355191,8.851383285291393,8.902150887459143,8.925097908655427,8.977097636317875,8.984323049320166,9.102536223537754,9.10734062303489,8.059848641685646,8.090812486314377,8.129771523813204,8.348694166621955,8.475844218725975,8.495462737452936,8.590925309047194,8.673288575607566,8.759888462056024,8.881810049611568,8.414864084931114,8.221111472440073,8.789727920812707,"rgba(239, 83, 80, 1.0)",0.0,0.0,0.5447413056580935,8.78399586589496,-0.7875221897790484,0.0,0.0,0.0,0.0,1.0,8.93,8.155,0.0,39.465999372154954,-16.42998427342411,False,True,False,True,True,0.0,0,0.7776784574128462,0.8355254756736046,False,False,False,False,-0.06508540099674705,-0.08308114388398308,False,False,False,False,241751.0,251005.0617720136,False,False,False,False,40164.55931757902,False,False,False,False
2025-11-06 17:00:00+00:00,8.955,9.245,8.93,9.21,156633.0,9.128333333333334,8.6299420798663,8.679652676540742,8.874554272240582,8.919320222445688,8.939881390190376,8.98721321958525,8.99233021236345,9.103783812128253,9.108346237823897,8.460738674063588,8.398556366055699,8.403826321393382,8.493002896009166,8.561829062611912,8.574555150942611,8.649163204483623,8.717920741900828,8.793207511167331,8.901045612981097,8.432471801057009,8.237542296583278,8.819705499331622,"rgba(38, 166, 154, 1.0)",0.0,0.0,0.5366930355560886,8.82070678970925,0.7253554350437743,0.0,0.0,0.0,0.0,1.0,8.94,8.365,0.0,49.80709617177429,-7.1047613245828956,True,False,True,False,True,3.5399158366157373,0,0.7853264301048112,0.8381108725849221,False,False,False,False,0.07730737818401029,-0.002886882849986394,False,False,False,False,398384.0,253290.00655074208,False,False,False,False,41970.2715762212,False,False,False,False
2025-11-07 17:00:00+00:00,9.065,9.195,8.94,9.07,89070.0,9.106582683158122,8.656260908463048,8.701408065840516,8.883354875218696,8.92548636814487,8.94498366093956,8.990185578889388,8.994659622163583,9.102834982190265,9.107285179226379,8.567577915706725,8.495223461273177,8.493533514098743,8.547792931690497,8.597138995006782,8.607318127166836,8.673494728943961,8.736432609554809,8.806663685918254,8.908152911951024,8.44127186984012,8.246011370372818,8.831622552514817,"rgba(38, 166, 154, 1.0)",0.0,0.0,0.5303743960637569,8.834075667377643,0.44482602171843205,0.0,0.0,0.0,0.0,0.0,0.0,0.0,0.0,55.117116584714985,-2.6994279175799747,True,False,True,False,True,2.4816252494759112,0,0.7885028427037271,0.8363866077068857,False,False,False,False,0.07393364508916112,0.03552338111958736,False,False,False,False,309314.0,254158.595596467,False,False,False,False,42700.49992387668,False,False,False,False
