date,Open,High,Low,Close,Volume,Gap_Up_aVWAP_882,Gap_Up_aVWAP_852,Gap_Up_aVWAP_810,Gap_Up_aVWAP_774,Gap_Up_aVWAP_744,Gap_Up_aVWAP_648,Gap_Up_aVWAP_624,Gap_Up_aVWAP_576,Gap_Up_aVWAP_558,Gap_Up_aVWAP_552,Gap_Down_aVWAP_858,Gap_Down_aVWAP_846,Gap_Down_aVWAP_828,Gap_Down_aVWAP_804,Gap_Down_aVWAP_786,Gap_Down_aVWAP_738,Gap_Down_aVWAP_726,Gap_Down_aVWAP_702,Gap_Down_aVWAP_672,Gap_Down_aVWAP_654,aVWAP_OB_bull_130,aVWAP_OB_bear_653,aVWAP_OB_bear_600,color,Liquidity,Liquidity_Level,StDev,StDev_Mean,StdDev_ZScore,OB,OB_High,OB_Low,OB_Mitigated_Index,FVG,FVG_High,FVG_Low,FVG_Mitigated_Index,QQEMOD,QQE1_Value,QQE1_Above_Upper,QQE1_Below_Lower,QQE2_Above_Threshold,QQE2_Below_Threshold,QQE2_Above_TL,banker_RSI,TTM_squeeze_Active,VI_plus,VI_minus,VI_Regular_Bullish,VI_Regular_Bearish,VI_Hidden_Bullish,VI_Hidden_Bearish,Fisher,Fisher_Signal,Fisher_Regular_Bullish,Fisher_Regular_Bearish,Fisher_Hidden_Bullish,Fisher_Hidden_Bearish,OBV,OBV_Smoothed,OBV_Regular_Bullish,OBV_Regular_Bearish,OBV_Hidden_Bullish,OBV_Hidden_Bearish,Volume_MA,Vol_Regular_Bullish,Vol_Regular_Bearish,Vol_Hidden_Bullish,Vol_Hidden_Bearish
2025-03-21 14:00:00+00:00,174.96,174.96,173.85,174.3,8474.0,,,,,,,,,,,,,,,,,,,,,,,,"rgba(38, 166, 154, 1.0)",0.0,0.0,,,,0.0,0.0,0.0,0.0,0.0,0.0,0.0,0.0,,,False,False,False,False,False,,0,,,False,False,False,False,,,False,False,False,False,0.0,0.0,False,False,False,False,8474.0,False,False,False,False
2025-03-21 15:00:00+00:00,174.37,174.37,173.11,173.44,11102.0,,,,,,,,,,,,,,,,,,,,,,,,"rgba(239, 83, 80, 1.0)",0.0,0.0,,,,0.0,0.0,0.0,0.0,0.0,0.0,0.0,0.0,0.0,,False,False,False,True,False,,0,,,False,False,False,False,,,False,False,False,False,-11102.0,-172.12403100775194,False,False,False,False,8514.744186046511,False,False,False,False
2025-03-21 16:00:00+00:00,173.46,174.665,173.415,174.585,11463.0,,,,,,,,,,,,,,,,,,,,,,,,"rgba(38, 166, 154, 1.0)",0.0,0.0,,,,0.0,0.0,0.0,0.0,0.0,0.0,0.0,0.0,19.98836194355537,-79.98254291533306,False,False,False,True,True,,0,,,False,False,False,False,,,False,False,False,False,361.0,-163.85854215491855,False,False,False,False,8560.453578510906,False,False,False,False
2025-03-21 17:00:00+00:00,174.57,174.57,173.73,174.06,10222.0,,,,,,,,,,,,,,,,,,,,,,,,"rgba(239, 83, 80, 1.0)",0.0,0.0,,,,0.0,0.0,0.0,0.0,0.0,0.0,0.0,0.0,28.591817233408975,-70.24059696010927,False,False,False,True,True,,0,,,False,False,False,False,,,False,False,False,False,-9861.0,-314.20182057112135,False,False,False,False,8586.213988146395,False,False,False,False
2025-03-21 18:00:00+00:00,174.03,174.09,173.56,173.91,10749.0,,,,,,,,,,,,,,,,,,,,,,,,"rgba(239, 83, 80, 1.0)",0.0,0.0,,,,0.0,0.0,0.0,0.0,0.0,0.0,0.0,0.0,33.25002127859841,-63.36628272586114,False,False,False,True,True,,0,,,False,False,False,False,,,False,False,False,False,-20610.0,-628.8653582366853,False,False,False,False,8619.745554221645,False,False,False,False
2025-03-21 19:00:00+00:00,173.85,174.86,173.78,174.385,28678.0,,,,,,,,,,,,,,,,,,,,,,,,"rgba(38, 166, 154, 1.0)",0.0,0.0,,,,0.0,0.0,0.0,0.0,0.0,0.0,0.0,0.0,40.201866789112614,-53.8266590852224,False,False,False,True,True,,0,,,False,False,False,False,,,False,False,False,False,8068.0,-494.03023640355843,False,False,False,False,8930.72624330348,False,False,False,False
2025-03-24 14:00:00+00:00,174.55,175.36,174.41,175.29,24684.0,,,,,,,,,,,,,,,,,,,,,,,,"rgba(38, 166, 154, 1.0)",0.0,0.0,,,,0.0,0.0,0.0,0.0,0.0,0.0,0.0,0.0,49.44136080250846,-42.09379543491305,False,False,True,False,True,,0,,,False,False,False,False,,,False,False,False,False,32752.0,21.412092843008395,False,False,False,False,9174.963045732882,False,False,False,False
2025-03-24 15:00:00+00:00,175.29,175.92,175.155,175.89,19449.0,,,,,,,,,,,,,,,,,,,,,,,,"rgba(38, 166, 154, 1.0)",0.0,0.0,,,,0.0,0.0,0.0,0.0,0.0,0.0,0.0,0.0,57.5616044364783,-31.528413347218688,False,False,True,False,True,,0,,,False,False,False,False,,,False,False,False,False,52201.0,830.3979518686982,False,False,False,False,9334.250440372682,False,False,False,False
2025-03-24 16:00:00+00:00,175.95,176.16,175.63,175.68,9849.0,,,,,,,,,,,,,,,,,,,,,,,,"rgba(239, 83, 80, 1.0)",0.0,0.0,,,,0.0,0.0,0.0,0.0,0.0,0.0,0.0,0.0,61.3186770598368,-25.018558664464457,False,False,True,False,True,,0,,,False,False,False,False,,,False,False,False,False,42352.0,1474.1437200567802,False,False,False,False,9342.231053700238,False,False,False,False
2025-03-24 17:00:00+00:00,175.685,175.84,175.48,175.565,8657.0,,,,,,,,,,,,,,,,,,,,,,,,"rgba(239, 83, 80, 1.0)",0.0,0.0,,,,0.0,0.0,0.0,0.0,0.0,0.0,0.0,0.0,62.909536322258944,-20.37151538129922,False,False,True,False,True,,0,,,False,False,False,False,,,False,False,False,False,33695.0,1973.6918794357448,False,False,False,False,9331.607316433568,False,False,False,False
2025-03-24 18:00:00+00:00,175.565,175.61,174.86,175.38,11604.0,,,,,,,,,,,,,,,,,,,,,,,,"rgba(239, 83, 80, 1.0)",0.0,0.0,,,,0.0,0.0,0.0,0.0,0.0,0.0,0.0,0.0,62.488872985271314,-17.547045210567703,False,False,True,False,True,,0,,,False,False,False,False,,,False,False,False,False,22091.0,2285.5881293669736,False,False,False,False,9366.838210752427,False,False,False,False
2025-03-24 19:00:00+00:00,175.38,175.82,175.21,175.27,24123.0,,,,,,,,,,,,,,,,,,,,,,,,"rgba(239, 83, 80, 1.0)",0.0,0.0,,,,0.0,0.0,0.0,0.0,0.0,0.0,0.0,0.0,61.32400064816198,-15.550082608614154,False,False,True,False,True,,0,,,False,False,False,False,,,False,False,False,False,-2032.0,2218.6487785240747,False,False,False,False,9595.615912911304,False,False,False,False
2025-03-25 14:00:00+00:00,175.355,176.29,175.335,175.835,16021.0,,,,,,,,,,,,,,,,,,,,,,,,"rgba(239, 83, 80, 1.0)",0.0,0.0,,,,0.0,0.0,0.0,0.0,0.0,0.0,0.0,0.0,63.26975868753201,-10.700362681909837,False,False,True,False,True,,0,,,False,False,False,False,,,False,False,False,False,13989.0,2401.1348439733138,False,False,False,False,9695.234270850664,False,False,False,False
2025-03-25 15:00:00+00:00,175.84,175.96,174.94,175.04,15233.0,,,,,,,,,,,,,,,,,,,,,,,,"rgba(239, 83, 80, 1.0)",0.0,0.0,,,,0.0,0.0,0.0,0.0,0.0,0.0,0.0,0.0,59.20067892728696,-10.700362681909837,False,False,True,False,True,,0,,,False,False,False,False,,,False,False,False,False,-1244.0,2344.6211254620994,False,False,False,False,9781.09110386073,False,False,False,False
2025-03-25 16:00:00+00:00,175.005,175.17,174.75,175.17,10782.0,,,,,,,,,,,,,,,,,,,,,,,,"rgba(239, 83, 80, 1.0)",0.0,0.0,,,,0.0,0.0,0.0,0.0,0.0,0.0,0.0,0.0,57.17689990027921,-10.700362681909837,False,False,True,False,True,,0,,,False,False,False,False,,,False,False,False,False,9538.0,2456.146379330904,False,False,False,False,9796.609071242734,False,False,False,False
2025-03-25 17:00:00+00:00,175.13,175.425,174.99,175.2,8793.0,,,,,,,,,,,,,,,,,,,,,,,,"rgba(239, 83, 80, 1.0)",0.0,0.0,,,,0.0,0.0,0.0,0.0,0.0,0.0,0.0,0.0,55.99716164655321,-10.700362681909837,False,False,True,False,True,,0,,,False,False,False,False,,,False,False,False,False,18331.0,2702.268140891665,False,False,False,False,9781.049240680832,False,False,False,False
2025-03-25 18:00:00+00:00,175.18,175.29,174.97,175.01,11467.0,,,,,,,,,,,,,,,,,,,,,,,,"rgba(239, 83, 80, 1.0)",0.0,0.0,,,,0.0,0.0,0.0,0.0,0.0,0.0,0.0,0.0,53.92815295525499,-10.700362681909837,False,False,True,False,True,,0,,,False,False,False,False,,,False,False,False,False,6864.0,2766.791115451484,False,False,False,False,9807.188012143144,False,False,False,False
2025-03-25 19:00:00+00:00,175.01,175.72,174.76,175.58,27533.0,,,,,,,,,,,,,,,,,,,,,,,,"rgba(38, 166, 154, 1.0)",0.0,0.0,,,,0.0,0.0,0.0,0.0,0.0,0.0,0.0,0.0,55.810938347235606,-8.08548662262556,False,False,True,False,True,,0,,,False,False,False,False,,,False,False,False,False,34397.0,3257.181950870841,False,False,False,False,10082.006802652551,False,False,False,False
2025-03-26 14:00:00+00:00,176.27,176.81,175.68,176.13,11735.0,,,,,,,,,,,,,,,,,,,,,,,,"rgba(38, 166, 154, 1.0)",0.0,0.0,,,,0.0,0.0,0.0,0.0,0.0,0.0,0.0,0.0,59.41919308013191,-3.266163701028411,False,False,True,False,True,,1,,,False,False,False,False,,,False,False,False,False,46132.0,3921.907812097649,False,False,False,False,10107.634604161814,False,False,False,False
2025-03-26 15:00:00+00:00,176.07,176.16,175.235,175.36,13765.0,,,,,,,,,,,,,,,,,,,,,,,,"rgba(38, 166, 154, 1.0)",0.0,0.0,,,,0.0,0.0,0.0,0.0,0.0,0.0,0.0,0.0,57.03329595359335,-3.266163701028411,False,False,True,False,True,,1,,,False,False,False,False,,,False,False,False,False,32367.0,4362.916993305437,False,False,False,False,10164.337943632172,False,False,False,False
2025-03-26 16:00:00+00:00,175.32,175.5,175.08,175.165,12923.0,,,,,,,,,,,,,,,,,,,,,,,,"rgba(38, 166, 154, 1.0)",0.0,0.0,,,,0.0,0.0,0.0,0.0,0.0,0.0,0.0,0.0,54.43406931680604,-3.266163701028411,False,False,True,False,True,,1,,,False,False,False,False,,,False,False,False,False,19444.0,4596.732233719306,False,False,False,False,10207.107897994463,False,False,False,False
2025-03-26 17:00:00+00:00,175.17,175.625,175.045,175.195,18817.0,,,,,,,,,,,,,,,,,,,,,,,,"rgba(38, 166, 154, 1.0)",0.0,0.0,,,,0.0,0.0,0.0,0.0,0.0,0.0,0.0,0.0,52.869138636142814,-3.266163701028411,False,False,True,False,False,,1,,,False,False,False,False,,,False,False,False,False,38261.0,5118.658865754666,False,False,False,False,10340.594597250363,False,False,False,False
2025-03-26 18:00:00+00:00,175.17,175.715,175.17,175.28,12865.0,,,,,,,,,,,,,,,,,,,,,,,,"rgba(38, 166, 154, 1.0)",0.0,0.0,,,,0.0,0.0,0.0,0.0,0.0,0.0,0.0,0.0,52.33943995751254,-3.266163701028411,False,False,False,False,False,,1,,,False,False,False,False,,,False,False,False,False,51126.0,5831.95097636312,False,False,False,False,10379.732665510048,False,False,False,False
2025-03-26 19:00:00+00:00,175.28,176.0,175.02,175.69,39420.0,,,,,,,,,,,,,,,,,,,,,,,,"rgba(38, 166, 154, 1.0)",0.0,0.0,,,,0.0,0.0,0.0,0.0,0.0,0.0,0.0,0.0,54.30253721210247,-3.266163701028411,False,False,True,False,False,,1,,,False,False,False,False,,,False,False,False,False,90546.0,7145.347085256715,False,False,False,False,10829.969368370355,False,False,False,False
2025-03-27 14:00:00+00:00,176.48,176.85,175.885,176.66,25825.0,,,,,,,,,,,,,,,,,,,,,,,,"rgba(38, 166, 154, 1.0)",0.0,0.0,,,,0.0,0.0,0.0,0.0,0.0,0.0,0.0,0.0,59.44248617187617,1.3988057627521613,False,False,True,False,True,,1,,,False,False,False,False,,,False,False,False,False,116371.0,8838.768060679091,False,False,False,False,11062.450463434381,False,False,False,False
2025-03-27 15:00:00+00:00,176.67,177.14,176.23,176.45,9207.0,,,,,,,,,,,,,,,,,,,,,,,,"rgba(38, 166, 154, 1.0)",0.0,0.0,,,,0.0,0.0,0.0,0.0,0.0,0.0,0.0,0.0,61.40942960362648,3.673141438021723,False,False,True,False,True,,0,,,False,False,False,False,,,False,False,False,False,107164.0,10363.190261288717,False,False,False,False,11033.683789582685,False,False,False,False
2025-03-27 16:00:00+00:00,176.45,176.74,176.17,176.345,32030.0,,,,,,,,,,,,,,,,,,,,,,,,"rgba(38, 166, 154, 1.0)",0.0,0.0,,,,0.0,0.0,0.0,0.0,0.0,0.0,0.0,0.0,61.97747770529561,4.690567292000452,False,False,True,False,True,,0,,,False,False,False,False,,,False,False,False,False,75134.0,11367.388861888892,False,False,False,False,11359.208071914736,False,False,False,False
2025-03-27 17:00:00+00:00,176.39,176.76,176.1,176.17,6977.0,,,,,,,,,,,,,,,,,,,,,,,,"rgba(38, 166, 154, 1.0)",0.0,0.0,,,,0.0,0.0,0.0,0.0,0.0,0.0,0.0,0.0,61.091084059669875,4.690567292000452,False,False,True,False,True,,0,,,False,False,False,False,,,False,False,False,False,68157.0,12247.847949301467,False,False,False,False,11291.266861497452,False,False,False,False
2025-03-27 18:00:00+00:00,176.165,176.62,176.165,176.275,8761.0,,,,,,,,,,,,,,,,,,,,,,,,"rgba(38, 166, 154, 1.0)",0.0,0.0,,,,0.0,0.0,0.0,0.0,0.0,0.0,0.0,0.0,61.0291145659443,4.812185721324191,False,False,True,False,True,,0,,,False,False,False,False,,,False,False,False,False,76918.0,13250.485965591368,False,False,False,False,11252.037917908345,False,False,False,False
2025-03-27 19:00:00+00:00,176.31,177.425,176.31,176.55,40555.0,,,,,,,,,,,,,,,,,,,,,,,,"rgba(38, 166, 154, 1.0)",0.0,0.0,,176.7616666666667,,0.0,0.0,0.0,0.0,0.0,0.0,0.0,0.0,62.33115480436603,6.60360645303426,False,False,True,False,True,,0,,,False,False,False,False,,,False,False,False,False,117473.0,14866.338896357393,False,False,False,False,11706.347407553176,False,False,False,False
2025-03-28 14:00:00+00:00,175.76,176.53,175.195,175.44,12897.0,,,,,,,,,,,,,,,,,,,,,,,,"rgba(38, 166, 154, 1.0)",0.0,0.0,,176.51073349297815,,0.0,0.0,0.0,0.0,0.0,0.0,0.0,0.0,56.29774189599743,12.08632608840825,False,False,True,False,False,,1,,,False,False,False,False,,,False,False,False,False,104576.0,16257.186355328597,False,False,False,False,11724.807137668631,False,False,False,False
2025-03-28 15:00:00+00:00,175.28,176.435,175.15,175.98,20206.0,,,,,,,,,,,,,,,,,,,,,,,,"rgba(38, 166, 154, 1.0)",0.0,0.0,,176.33085145763758,,0.0,0.0,0.0,0.0,0.0,0.0,0.0,0.0,55.03745486466835,10.759587330806234,False,False,True,False,False,,1,,,False,False,False,False,,,False,False,False,False,124782.0,17939.74160563358,False,False,False,False,11856.29849987532,False,False,False,False
2025-03-28 16:00:00+00:00,175.98,176.34,175.805,176.17,7682.0,,,,,,,,,,,,,,,,,,,,,,,,"rgba(38, 166, 154, 1.0)",0.0,0.0,,176.309521350709,,0.0,0.0,0.0,0.0,0.0,0.0,0.0,0.0,55.07641008195443,10.531023666360731,False,False,True,False,False,,1,,,False,False,False,False,,,False,False,False,False,132464.0,19715.31150322065,False,False,False,False,11791.580693675702,False,False,False,False
2025-03-28 17:00:00+00:00,176.155,176.16,175.55,176.0,8622.0,,,,,,,,,,,,,,,,,,,,,,,,"rgba(38, 166, 154, 1.0)",0.0,0.0,,176.2705921018504,,0.0,0.0,0.0,0.0,0.0,0.0,0.0,0.0,54.128910528461624,9.288877440532744,False,False,True,False,False,,1,,,False,False,False,False,,,False,False,False,False,123842.0,21329.67876673661,False,False,False,False,11742.439907727241,False,False,False,False
2025-03-28 18:00:00+00:00,176.0,176.09,175.41,175.88,7911.0,,,,,,,,,,,,,,,,,,,,,,,,"rgba(38, 166, 154, 1.0)",0.0,0.0,,176.23201563931488,,0.0,0.0,0.0,0.0,0.0,0.0,0.0,0.0,52.79466959574194,7.693088054307658,False,False,True,False,False,,1,,,False,False,False,False,,,False,False,False,False,115931.0,22796.36591763992,False,False,False,False,11683.03773861519,False,False,False,False
2025-03-28 19:00:00+00:00,175.88,175.895,174.515,174.65,30963.0,,,,,,,,,,,,,,,,,,,,,,,,"rgba(38, 166, 154, 1.0)",0.0,0.0,,175.9407333871485,,0.0,0.0,0.0,0.0,0.0,0.0,0.0,0.0,46.59935003772502,1.7539727035063493,False,False,False,True,False,,0,,,False,False,False,False,,,False,False,False,False,84968.0,23760.2672212424,False,False,False,False,11981.951882202551,False,False,False,False
2025-03-31 14:00:00+00:00,172.39,172.61,171.68,172.535,44027.0,,,,,,,,,,,,,,,,,,,,,,,,"rgba(239, 83, 80, 1.0)",0.0,0.0,,175.00709667000262,,0.0,0.0,0.0,0.0,0.0,0.0,0.0,0.0,38.12999806020043,-5.910658290279045,False,False,False,True,False,,0,,,False,False,False,False,,,False,False,False,False,40941.0,24026.635171300655,False,False,False,False,12478.774333641271,False,False,False,False
2025-03-31 15:00:00+00:00,172.535,172.92,172.11,172.22,36040.0,,,,,,,,,,,,,,,,,,,,,,,,"rgba(239, 83, 80, 1.0)",0.0,0.0,,174.56019501076256,,0.0,0.0,0.0,0.0,0.0,0.0,0.0,0.0,32.060380010016914,-11.096666851831941,False,False,False,True,False,,0,,,False,False,False,False,,,False,False,False,False,4901.0,23730.113695776614,False,False,False,False,12844.064654049933,False,False,False,False
2025-03-31 16:00:00+00:00,172.235,172.3,171.545,172.04,23665.0,,,,,,,,,,,,,,,,,,,,,,,,"rgba(239, 83, 80, 1.0)",0.0,0.0,,174.29578127687384,,0.0,0.0,0.0,0.0,0.0,0.0,0.0,0.0,27.767599260001937,-14.668377579647867,False,False,False,True,False,,0,,,False,False,False,False,,,False,False,False,False,-18764.0,23071.290227625035,False,False,False,False,13011.831093522027,False,False,False,False
2025-03-31 17:00:00+00:00,172.04,172.39,171.71,171.845,14260.0,,,,,,,,,,,,,,,,,,,,,,,,"rgba(239, 83, 80, 1.0)",0.0,0.0,,174.1620878776584,,0.0,0.0,0.0,0.0,0.0,0.0,0.0,0.0,24.62913155264334,-17.334074628477225,False,False,False,True,False,,0,,,False,False,False,False,,,False,False,False,False,-33024.0,22201.595805491314,False,False,False,False,13031.182549436415,False,False,False,False
2025-03-31 18:00:00+00:00,171.815,172.73,171.4,171.4,24067.0,,,,,,,,,,,,,,,,,,,,,,,,"rgba(239, 83, 80, 1.0)",0.0,0.0,,173.9560838332195,,0.0,0.0,0.0,0.0,0.0,0.0,0.0,0.0,21.925306883823307,-19.786415361711718,False,False,False,True,False,,0,,,False,False,False,False,,,False,False,False,False,-57091.0,20972.25323486354,False,False,False,False,13202.280494406392,False,False,False,False
2025-03-31 19:00:00+00:00,171.37,173.115,171.325,172.555,81168.0,,,,,,,,,,,,,,,,,,,,,,,,"rgba(239, 83, 80, 1.0)",0.0,0.0,,173.5815750306053,,0.0,0.0,0.0,0.0,0.0,0.0,0.0,0.0,26.410032394925672,-19.786415361711718,False,True,False,True,True,,0,,,False,False,False,False,,,False,False,False,False,24077.0,21020.388843625347,False,False,False,False,14256.012579764432,False,False,False,False
2025-04-01 14:00:00+00:00,171.15,172.25,170.63,172.13,24027.0,,,,,,,,,,,,,,,,,,,,,,,,"rgba(239, 83, 80, 1.0)",0.0,0.0,,173.45945156744398,,0.0,0.0,0.0,0.0,0.0,0.0,0.0,0.0,28.39118125713363,-19.786415361711718,False,True,False,True,True,,0,,,False,False,False,False,,,False,False,False,False,50.0,20695.26653597224,False,False,False,False,14407.500756822348,False,False,False,False
2025-04-01 15:00:00+00:00,172.11,172.69,172.08,172.4,31240.0,,,,,,,,,,,,,,,,,,,,,,,,"rgba(239, 83, 80, 1.0)",0.0,0.0,,173.37743043723762,,0.0,0.0,0.0,0.0,0.0,0.0,0.0,0.0,31.01092447368581,-27.527881560559553,False,True,False,True,True,,0,,,False,False,False,False,,,False,False,False,False,31290.0,20859.52596952306,False,False,False,False,14668.46973733673,False,False,False,False
2025-04-01 16:00:00+00:00,172.4,172.48,171.53,171.705,32799.0,,,,,,,,,,,,,,,,,,,,,,,,"rgba(239, 83, 80, 1.0)",0.0,0.0,,173.26770295754199,,0.0,0.0,0.0,0.0,0.0,0.0,0.0,0.0,31.02983930482858,-27.130469906014355,False,True,False,True,True,,0,,,False,False,False,False,,,False,False,False,False,-1509.0,20512.72711728239,False,False,False,False,14949.563229781123,False,False,False,False
2025-04-01 17:00:00+00:00,171.7,171.87,171.21,171.555,13612.0,,,,,,,,,,,,,,,,,,,,,,,,"rgba(239, 83, 80, 1.0)",0.0,0.0,,173.2160227420489,,0.0,0.0,0.0,0.0,0.0,0.0,0.0,0.0,30.69501489772983,-26.930126418411707,False,True,False,True,True,,0,,,False,False,False,False,,,False,False,False,False,-15121.0,19960.266231743124,False,False,False,False,14928.82581536591,False,False,False,False
2025-04-01 18:00:00+00:00,171.6,171.6,170.68,170.975,15248.0,,,,,,,,,,,,,,,,,,,,,,,,"rgba(239, 83, 80, 1.0)",0.0,0.0,,173.14673788724255,,0.0,0.0,0.0,0.0,0.0,0.0,0.0,0.0,29.197181701143958,-26.930126418411707,False,True,False,True,True,,0,,,False,False,False,False,,,False,False,False,False,-30369.0,19179.96753047579,False,False,False,False,14933.774252336982,False,False,False,False
2025-04-01 19:00:00+00:00,170.96,171.79,170.89,171.47,52716.0,,,,,,,,,,,,,,,,,,,,,,,,"rgba(239, 83, 80, 1.0)",0.0,0.0,,172.9685535982979,,0.0,0.0,0.0,0.0,0.0,0.0,0.0,0.0,30.878835744925855,-25.81309766599466,False,True,False,True,True,,0,,,False,False,False,False,,,False,False,False,False,22347.0,19229.068809073065,False,False,False,False,15519.545194161214,False,False,False,False
2025-04-02 14:00:00+00:00,170.06,171.89,170.06,171.89,13060.0,,,,,,,,,,,,,,,,,,,,,,,,"rgba(239, 83, 80, 1.0)",0.0,0.0,,172.92731583966787,,0.0,0.0,0.0,0.0,0.0,0.0,0.0,0.0,34.06482375925533,-22.399325120101278,False,True,False,True,True,,0,,,False,False,False,False,,,False,False,False,False,35407.0,19479.889447692087,False,False,False,False,15481.412710530807,False,False,False,False
2025-04-02 15:00:00+00:00,171.79,171.89,170.71,170.71,17385.0,,,,,,,,,,,,,,,,,,,,,,,,"rgba(239, 83, 80, 1.0)",0.0,0.0,,172.869885909626,,0.0,0.0,0.0,0.0,0.0,0.0,0.0,0.0,33.09625260632901,-22.399325120101278,False,True,False,True,True,0.0,1,,,False,False,False,False,,,False,False,False,False,18022.0,19457.286510518567,False,False,False,False,15510.925691762886,False,False,False,False
2025-04-02 16:00:00+00:00,170.8,170.85,169.72,170.46,28194.0,,,,,,,,,,,,,,,,,,,,,,,,"rgba(239, 83, 80, 1.0)",0.0,0.0,,172.74714211743378,,0.0,0.0,0.0,0.0,0.0,0.0,0.0,0.0,31.912003018586823,-22.399325120101278,False,True,False,True,True,0.0,1,,,False,False,False,False,,,False,False,False,False,-10172.0,18997.917727409753,False,False,False,False,15707.562502743305,False,False,False,False
2025-04-02 17:00:00+00:00,170.44,170.86,170.31,170.71,25230.0,,,,,,,,,,,,,,,,,,,,,,,,"rgba(239, 83, 80, 1.0)",0.0,0.0,,172.65879685224266,,0.0,0.0,0.0,0.0,0.0,0.0,0.0,0.0,32.416940905229744,-22.399325120101278,False,True,False,True,True,0.0,1,,,False,False,False,False,,,False,False,False,False,15058.0,18936.833731635958,False,False,False,False,15855.197192623253,False,False,False,False
2025-04-02 18:00:00+00:00,170.675,170.8,170.045,170.06,30609.0,,,,,,,,,,,,,,,,,,,,,,,,"rgba(239, 83, 80, 1.0)",0.0,0.0,,172.5453870348626,,0.0,0.0,0.0,0.0,0.0,0.0,0.0,0.0,31.20664532254787,-22.399325120101278,False,True,False,True,False,0.0,0,,,False,False,False,False,,,False,False,False,False,-15551.0,18402.138635021445,False,False,False,False,16083.938321419791,False,False,False,False
2025-04-02 19:00:00+00:00,170.135,170.64,169.62,170.41,72514.0,,,,,,,,,,,,,,,,,,,,,,,,"rgba(239, 83, 80, 1.0)",0.0,0.0,,172.3077940972423,,0.0,0.0,0.0,0.0,0.0,0.0,0.0,0.0,32.241297855880546,-22.399325120101278,False,True,False,True,False,0.0,0,,,False,False,False,False,,,False,False,False,False,56963.0,18999.98144688158,False,False,False,False,16958.82299860708,False,False,False,False
2025-04-03 14:00:00+00:00,170.815,171.41,169.04,169.74,49314.0,,,,,,,,,,,,,,,,,,,,,,,,"rgba(239, 83, 80, 1.0)",0.0,0.0,,172.16177598126325,,0.0,0.0,0.0,0.0,0.0,0.0,0.0,0.0,31.29386410206763,-22.399325120101278,False,True,False,True,False,0.0,0,,,False,False,False,False,,,False,False,False,False,7649.0,18823.997238402793,False,False,False,False,17460.453649791467,False,False,False,False
2025-04-03 15:00:00+00:00,169.72,170.805,169.64,170.465,28232.0,,,,,,,,,,,,,,,,,,,,,,,,"rgba(239, 83, 80, 1.0)",0.0,0.0,,172.09504400039174,,0.0,0.0,0.0,0.0,0.0,0.0,0.0,0.0,34.15472472763548,-20.22945170084294,False,True,False,True,True,0.0,0,,,False,False,False,False,,,False,False,False,False,35881.0,19088.446893621356,False,False,False,False,17627.45436839935,False,False,False,False
2025-04-03 16:00:00+00:00,170.46,171.1,170.2,170.625,21040.0,,,,,,,,,,,,,,,,,,,,,,,,"rgba(239, 83, 80, 1.0)",0.0,0.0,,172.05716501730703,,0.0,0.0,0.0,0.0,0.0,0.0,0.0,0.0,36.77414342761495,-17.641422840306106,False,False,False,True,True,0.0,0,,,False,False,False,False,,,False,False,False,False,56921.0,19674.998104572962,False,False,False,False,17680.362052610213,False,False,False,False
2025-04-03 17:00:00+00:00,170.62,170.765,169.61,169.69,33742.0,,,,,,,,,,,,,,,,,,,,,,,,"rgba(239, 83, 80, 1.0)",0.0,0.0,,171.97550063711938,,0.0,0.0,0.0,0.0,0.0,0.0,0.0,0.0,35.86831931397013,-17.641422840306106,False,True,False,True,True,0.0,1,,,False,False,False,False,,,False,False,False,False,23179.0,19729.323715354774,False,False,False,False,17929.379695205404,False,False,False,False
2025-04-03 18:00:00+00:00,169.69,169.875,168.555,169.14,30108.0,,,,,,,,,,,,,,,,,,,,,,,,"rgba(239, 83, 80, 1.0)",0.0,0.0,,171.87922847984558,,0.0,0.0,0.0,0.0,0.0,0.0,0.0,0.0,34.000179416353745,-17.641422840306106,False,True,False,True,False,0.0,1,,,False,False,False,False,,,False,False,False,False,-6929.0,19316.01637093067,False,False,False,False,18118.19551388439,False,False,False,False
2025-04-03 19:00:00+00:00,169.07,169.07,167.38,167.455,83068.0,,,,,,,,,,,,,,,,,,,,,,,,"rgba(239, 83, 80, 1.0)",0.0,0.0,,171.53876537193594,,0.0,0.0,0.0,0.0,0.0,0.0,0.0,0.0,29.956650191433262,-15.510372551248217,False,True,False,True,False,0.0,0,,,False,False,False,False,,,False,False,False,False,-89997.0,17621.24092331934,False,False,False,False,19125.169226847425,False,False,False,False
2025-04-04 14:00:00+00:00,164.25,164.37,161.24,162.43,23391.0,,,,,,,,,,,,,,,,,,,,,,,,"rgba(239, 83, 80, 1.0)",0.0,0.0,,171.32680027727994,,0.0,0.0,0.0,0.0,0.0,0.0,0.0,0.0,23.747117993588468,-21.14411648345588,False,True,False,True,False,0.0,0,,,False,False,False,False,,,False,False,False,False,-113388.0,15590.089901252371,False,False,False,False,19191.30613805909,False,False,False,False
2025-04-04 15:00:00+00:00,162.53,163.51,160.76,161.16,13599.0,,,,,,,,,,,,,,,,,,,,,,,,"rgba(239, 83, 80, 1.0)",0.0,0.0,,171.1962311266614,,0.0,0.0,0.0,0.0,0.0,0.0,0.0,0.0,19.152297802360216,-25.115300786471764,False,True,False,True,False,0.0,0,,,False,False,False,False,,,False,False,False,False,-126987.0,13379.592383403498,False,False,False,False,19104.60371731399,False,False,False,False
2025-04-04 16:00:00+00:00,161.075,161.44,159.78,159.945,19702.0,,,,,,,,,,,,,,,,,,,,,,,,"rgba(239, 83, 80, 1.0)",0.0,0.0,,170.9855884549601,,0.0,0.0,0.0,0.0,0.0,0.0,0.0,0.0,15.70774718855967,-28.045565426883062,False,True,False,True,False,0.0,0,,,False,False,False,False,,,False,False,False,False,-146689.0,10897.908780560034,False,False,False,False,19113.865675185087,False,False,False,False
2025-04-04 17:00:00+00:00,159.935,160.27,158.67,159.73,22708.0,,,,,,,,,,,,,,,,,,,,,,,,"rgba(239, 83, 80, 1.0)",0.0,0.0,,170.73449740921944,,0.0,0.0,0.0,0.0,0.0,0.0,0.0,0.0,13.345684785282828,-30.09214606224539,False,True,False,True,False,0.0,0,,,False,False,False,False,,,False,False,False,False,-169397.0,8102.63887698546,False,False,False,False,19169.588687972915,False,False,False,False
2025-04-04 18:00:00+00:00,159.695,160.14,157.285,158.22,22038.0,,,,,,,,,,,,,,,,,,,,,,,,"rgba(239, 83, 80, 1.0)",0.0,0.0,,170.48009350418715,,0.0,0.0,0.0,0.0,0.0,0.0,0.0,0.0,11.339668553152546,-31.95813910579623,False,True,False,True,False,0.0,0,,,False,False,False,False,,,False,False,False,False,-191435.0,5009.032072691112,False,False,False,False,19214.06018118264,False,False,False,False
2025-04-04 19:00:00+00:00,158.22,159.555,156.62,156.88,72273.0,,,,,,,,,,,,,,,,,,,,,,,,"rgba(239, 83, 80, 1.0)",0.0,0.0,,169.66022476191992,,0.0,0.0,0.0,0.0,0.0,0.0,0.0,0.0,9.684042696975613,-33.62667522930667,False,True,False,True,False,0.0,0,,,False,False,False,False,,,False,False,False,False,-263708.0,842.8765366803973,False,False,False,False,20036.679403179805,False,False,False,False
2025-04-07 14:00:00+00:00,152.8,159.35,152.1,154.97,33394.0,,,,,,,,,,,,,,,,,,,,,,,,"rgba(239, 83, 80, 1.0)",0.0,0.0,,169.2522728075115,,0.0,0.0,0.0,0.0,0.0,0.0,0.0,0.0,8.213137617929508,-35.22632365449032,False,True,False,True,False,0.0,0,,,False,False,False,False,,,False,False,False,False,-297102.0,-3776.4238747410036,False,False,False,False,20243.76964499097,False,False,False,False
2025-04-07 15:00:00+00:00,154.97,156.325,151.78,153.1,15755.0,,,,,,,,,,,,,,,,,,,,,,,,"rgba(239, 83, 80, 1.0)",0.0,0.0,,169.04457360323718,,0.0,0.0,0.0,0.0,0.0,0.0,0.0,0.0,6.95152696974306,-36.70659052848936,False,True,False,True,False,0.0,0,,,False,False,False,False,,,False,False,False,False,-312857.0,-8568.370791411686,False,False,False,False,20174.176317161655,False,False,False,False
2025-04-07 16:00:00+00:00,153.06,153.51,151.59,151.975,5230.0,,,,,,,,,,,,,,,,,,,,,,,,"rgba(239, 83, 80, 1.0)",0.0,0.0,,168.97076010333606,,0.0,0.0,0.0,0.0,0.0,0.0,0.0,0.0,5.966286391364953,-37.98692233362042,False,True,False,True,False,0.0,0,,,False,False,False,False,,,False,False,False,False,-318087.0,-13367.10922875414,False,False,False,False,19942.483661081627,False,False,False,False
2025-04-07 17:00:00+00:00,151.86,155.135,151.85,155.065,15151.0,,,,,,,,,,,,,,,,,,,,,,,,"rgba(239, 83, 80, 1.0)",0.0,0.0,,168.7815488766888,,0.0,0.0,0.0,0.0,0.0,0.0,0.0,0.0,12.728279820885728,-43.56398076095851,False,True,False,True,True,0.0,0,,,False,False,False,False,,,False,False,False,False,-302936.0,-17856.549395750197,False,False,False,False,19868.197092692764,False,False,False,False
2025-04-07 18:00:00+00:00,155.065,155.285,153.72,153.99,16130.0,,,,,,,,,,,,,,,,,,,,,,,,"rgba(239, 83, 80, 1.0)",0.0,0.0,,168.5894905562532,,0.0,0.0,0.0,0.0,0.0,0.0,0.0,0.0,16.508335995702367,-40.06734013672071,False,True,False,True,True,0.0,0,,,False,False,False,False,,,False,False,False,False,-319066.0,-22526.463358606783,False,False,False,False,19810.240548620008,False,False,False,False
2025-04-07 19:00:00+00:00,153.89,155.17,153.41,154.72,43562.0,,,,,,,,,,,,,,,,,,,,,,,,"rgba(239, 83, 80, 1.0)",0.0,0.0,,168.0989537312649,,0.0,0.0,0.0,0.0,0.0,0.0,0.0,0.0,20.540749050217478,-36.35652729473064,False,True,False,True,True,0.0,0,,,False,False,False,False,,,False,False,False,False,-275504.0,-26448.595709636134,False,False,False,False,20178.484881199543,False,False,False,False
2025-04-08 14:00:00+00:00,157.4,158.19,155.975,156.03,14763.0,,,,,,,,,,,,,,,,,,,,,,,,"rgba(239, 83, 80, 1.0)",0.0,0.0,,167.96701281235823,,0.0,0.0,0.0,0.0,0.0,0.0,0.0,0.0,25.790793273846088,-31.561420575683,False,False,False,True,True,0.0,0,,,False,False,False,False,,,False,False,False,False,-260741.0,-30081.03608623092,False,False,False,False,20094.523875289473,False,False,False,False
2025-04-08 15:00:00+00:00,156.005,156.385,154.75,155.63,14500.0,,,,,,,,,,,,,,,,,,,,,,,,"rgba(239, 83, 80, 1.0)",0.0,0.0,,167.8274829063915,,0.0,0.0,0.0,0.0,0.0,0.0,0.0,0.0,28.85945763520367,-28.79669409941183,False,False,False,True,True,0.0,0,,,False,False,False,False,,,False,False,False,False,-275241.0,-33881.96575931261,False,False,False,False,20007.78707102142,False,False,False,False
2025-04-08 16:00:00+00:00,155.54,156.32,154.32,154.34,15969.0,,,,,,,,,,,,,,,,,,,,,,,,"rgba(239, 83, 80, 1.0)",0.0,0.0,7.334665071542887,167.6701165942088,-1.8174131285049564,0.0,0.0,0.0,0.0,0.0,0.0,0.0,0.0,29.568885559211946,-28.04648314487507,True,False,False,True,True,0.0,0,,,False,False,False,False,,,False,False,False,False,-291210.0,-37871.54768552481,False,False,False,False,19945.17021720713,False,False,False,False
2025-04-08 17:00:00+00:00,154.28,154.34,152.51,153.785,19877.0,,,,,,,,,,,,,,,,,,,,,,,,"rgba(239, 83, 80, 1.0)",0.0,0.0,7.559956172116595,167.45777669712248,-1.8085788311249504,0.0,0.0,0.0,0.0,0.0,0.0,0.0,0.0,29.49921064258847,-27.79240966545918,True,False,False,True,True,0.0,0,,,False,False,False,False,,,False,False,False,False,-311087.0,-42107.44617102055,False,False,False,False,19944.113314614773,False,False,False,False
2025-04-08 18:00:00+00:00,153.72,154.34,153.04,153.78,21350.0,,,,,,,,,,,,,,,,,,,,,,,,"rgba(239, 83, 80, 1.0)",0.0,0.0,7.775358961615948,167.23948028408404,-1.7310429461235781,0.0,0.0,0.0,0.0,0.0,0.0,0.0,0.0,29.447552784994418,-27.350369523025535,True,False,False,True,True,0.0,0,,,False,False,False,False,,,False,False,False,False,-332437.0,-46608.67956371791,False,False,False,False,19965.910007411443,False,False,False,False
2025-04-08 19:00:00+00:00,153.815,153.815,149.49,151.55,98895.0,,,,,,,,,,,,,,,,,,,,,,,,"rgba(239, 83, 80, 1.0)",0.0,0.0,8.03038498173994,166.16851586171484,-1.8204003786811522,0.0,0.0,0.0,0.0,0.0,0.0,0.0,0.0,27.351811228569794,-27.350369523025535,True,False,False,True,True,0.0,0,,,False,False,False,False,,,False,False,False,False,-431332.0,-52573.38220614089,False,False,False,False,21189.616829001963,False,False,False,False
2025-04-09 14:00:00+00:00,150.85,151.16,147.36,147.36,39735.0,,,,,,,,,,,,,,,,,,,,,,,,"rgba(239, 83, 80, 1.0)",0.0,0.0,8.403645137891235,165.69825910698546,-2.1821791384669473,0.0,0.0,0.0,0.0,0.0,0.0,0.0,0.0,23.575502477334727,-27.350369523025535,False,False,False,True,False,0.0,0,,,False,False,False,False,,,False,False,False,False,-471067.0,-59061.655350231726,False,False,False,False,21477.142149482555,True,False,False,False
2025-04-09 15:00:00+00:00,147.35,149.39,147.26,148.41,21104.0,,,,,,,,,,,,,,,,,,,,,,,,"rgba(239, 83, 80, 1.0)",0.0,0.0,8.713768088852587,156.90405048103304,-0.9747850062591605,0.0,0.0,0.0,0.0,0.0,0.0,0.0,0.0,23.29556806438042,-27.350369523025535,False,False,False,True,False,0.0,0,,,False,False,False,False,,,False,False,False,False,-449963.0,-65122.14131379402,False,False,False,False,21471.35699987817,False,False,False,False
2025-04-09 16:00:00+00:00,148.27,150.09,148.17,149.92,10241.0,,,,,,,,,,,,,,,,,,,,,,,,"rgba(239, 83, 80, 1.0)",0.0,0.0,8.952445813074513,157.01960735638136,-0.793035501651718,0.0,0.0,0.0,0.0,0.0,0.0,0.0,0.0,26.058268385106338,-27.350369523025535,True,False,False,True,True,0.0,0,,,False,False,False,False,,,False,False,False,False,-439722.0,-70929.89106086698,False,False,False,False,21297.242937864557,False,False,False,False
2025-04-09 17:00:00+00:00,149.92,157.09,148.985,156.07,16887.0,,,,,,,,,,,,,,,,,,,,,,,,"rgba(239, 83, 80, 1.0)",0.0,0.0,9.026359577660562,157.89476193174187,-0.20215923330353455,0.0,0.0,0.0,0.0,0.0,0.0,0.0,0.0,35.74823244950245,-20.7271258397369,True,False,False,True,True,0.0,0,,,False,False,False,False,,,False,False,False,False,-422835.0,-76385.784222714,False,False,False,False,21228.86707836278,False,False,False,False
2025-04-09 18:00:00+00:00,156.25,156.81,154.12,154.63,31494.0,,,,,,,,,,,,,,,,,,,,,,,,"rgba(239, 83, 80, 1.0)",0.0,0.0,9.112154570622593,158.70582870377206,-0.44729582583162625,0.0,0.0,0.0,0.0,0.0,0.0,0.0,0.0,40.68086702465782,-16.435247451929428,True,False,False,True,True,0.0,0,,,False,False,False,False,,,False,False,False,False,-454329.0,-82245.36896344712,False,False,False,False,21388.01642598506,False,False,False,False
2025-04-09 19:00:00+00:00,154.465,157.09,154.465,156.75,47660.0,,,,,,,,,,,,,,,,,,,,,,,,"rgba(239, 83, 80, 1.0)",0.0,0.0,9.153760084013287,158.21233415250973,-0.15975229185475814,0.0,0.0,0.0,0.0,0.0,0.0,0.0,0.0,45.96398291059874,-11.805882535421759,True,False,False,False,True,0.0,0,,,False,False,False,False,,,False,False,False,False,-406669.0,-87275.19270044794,False,False,False,False,21795.33400077599,False,False,False,False
2025-04-10 14:00:00+00:00,156.015,156.41,155.01,155.055,28827.0,,,,,,,,,,,,,,,,,,,,,,,,"rgba(239, 83, 80, 1.0)",0.0,0.0,9.217951518542362,158.18664423977282,-0.3397332079121218,0.0,0.0,0.0,0.0,0.0,0.0,0.0,0.0,47.636474651349594,-10.408245971342453,True,False,False,False,True,0.0,0,,,False,False,False,False,,,False,False,False,False,-435496.0,-92673.96490664253,False,False,False,False,21904.35207828334,False,False,False,False
2025-04-10 15:00:00+00:00,155.055,155.53,153.17,153.26,29262.0,,,,,,,,,,,,,,,,,,,,,,,,"rgba(239, 83, 80, 1.0)",0.0,0.0,9.309375071196532,157.94498460970166,-0.5032544691637945,0.0,0.0,0.0,0.0,0.0,0.0,0.0,0.0,46.97227416661599,-10.408245971342453,True,False,False,True,True,0.0,0,,,False,False,False,False,,,False,False,False,False,-464758.0,-98442.70963677211,False,False,False,False,22018.42413908515,False,False,False,False
2025-04-10 16:00:00+00:00,153.365,153.54,150.925,153.135,17006.0,,,,,,,,,,,,,,,,,,,,,,,,"rgba(239, 83, 80, 1.0)",0.0,0.0,9.394319493115928,157.73169165506224,-0.48930544233998624,0.0,0.0,0.0,0.0,0.0,0.0,0.0,0.0,46.40569562681205,-10.408245971342453,True,False,False,True,True,0.0,0,,,False,False,False,False,,,False,False,False,False,-481764.0,-104385.67537883767,False,False,False,False,21940.712136928792,False,False,False,False
2025-04-10 17:00:00+00:00,153.07,154.94,151.84,154.49,14286.0,,,,,,,,,,,,,,,,,,,,,,,,"rgba(239, 83, 80, 1.0)",0.0,0.0,9.437386916928805,157.65614235611898,-0.33548930270513067,0.0,0.0,0.0,0.0,0.0,0.0,0.0,0.0,47.67449779566617,-9.598538655860054,True,False,False,False,True,0.0,0,,,False,False,False,False,,,False,False,False,False,-467478.0,-110015.01374505724,False,False,False,False,21822.03442937951,False,False,False,False
2025-04-10 18:00:00+00:00,154.49,156.055,153.65,155.44,17497.0,,,,,,,,,,,,,,,,,,,,,,,,"rgba(239, 83, 80, 1.0)",0.0,0.0,9.466960894425185,157.66081028941093,-0.234585345199715,0.0,0.0,0.0,0.0,0.0,0.0,0.0,0.0,49.6233165063762,-7.310854848492589,True,False,False,False,True,0.0,0,,,False,False,False,False,,,False,False,False,False,-449981.0,-115285.80422962998,False,False,False,False,21754.979632024788,False,False,False,False
2025-04-10 19:00:00+00:00,155.16,156.16,153.17,155.015,31125.0,,,,,,,,,,,,,,,,,,,,,,,,"rgba(239, 83, 80, 1.0)",0.0,0.0,9.493905014925708,157.63096033035433,-0.2755410261890861,0.0,0.0,0.0,0.0,0.0,0.0,0.0,0.0,50.34511765907416,-6.166993295008915,True,False,False,False,True,0.0,0,,,False,False,False,False,,,False,False,False,False,-481106.0,-120957.43517180625,False,False,False,False,21900.25126563681,False,False,False,False
2025-04-11 14:00:00+00:00,154.25,155.265,153.5,153.5,4895.0,,,,,,,,,,,,,,,,,,,,,,,,"rgba(239, 83, 80, 1.0)",0.0,0.0,9.537090515219752,157.61518033671965,-0.4314922176897075,0.0,0.0,0.0,0.0,0.0,0.0,0.0,0.0,48.84308838802635,-6.166993295008915,True,False,False,False,True,0.0,0,,,False,False,False,False,,,False,False,False,False,-486001.0,-126617.02532418135,False,False,False,False,21636.603959192827,False,False,False,False
2025-04-11 15:00:00+00:00,153.375,154.57,152.27,153.63,5745.0,,,,,,,,,,,,,,,,,,,,,,,,"rgba(239, 83, 80, 1.0)",0.0,0.0,9.571688410464793,157.58650384643775,-0.41335485201462285,0.0,0.0,0.0,0.0,0.0,0.0,0.0,0.0,48.03975946263293,-6.166993295008915,True,False,False,True,True,0.0,0,,,False,False,False,False,,,False,False,False,False,-480256.0,-132099.80012535682,False,False,False,False,21390.222502461154,False,False,False,False
2025-04-11 16:00:00+00:00,153.7,155.695,153.37,155.5,15907.0,,,,,,,,,,,,,,,,,,,,,,,,"rgba(239, 83, 80, 1.0)",0.0,0.0,9.56169665671077,157.57502836218683,-0.2170146613813033,0.0,0.0,0.0,0.0,0.0,0.0,0.0,0.0,50.195846055473204,-5.252778325014326,True,False,False,False,True,0.0,0,,,False,False,False,False,,,False,False,False,False,-464349.0,-137250.9505110102,False,False,False,False,21305.21130087261,False,False,False,False
2025-04-11 17:00:00+00:00,155.49,156.785,154.97,156.19,7379.0,,,,,,,,,,,,,,,,,,,,,,,,"rgba(239, 83, 80, 1.0)",0.0,0.0,9.526714359446567,157.5927215676768,-0.14724085500536413,0.0,0.0,0.0,0.0,0.0,0.0,0.0,0.0,52.52624555230776,-2.7616691563247855,True,False,True,False,True,0.0,1,,,False,False,False,False,,,False,False,False,False,-456970.0,-142207.83499921157,False,False,False,False,21089.301048145902,False,False,False,False
2025-04-11 18:00:00+00:00,156.28,156.315,155.58,155.615,7766.0,,,,,,,,,,,,,,,,,,,,,,,,"rgba(239, 83, 80, 1.0)",0.0,0.0,9.503407457659868,157.6066348685553,-0.20957060690373716,0.0,0.0,0.0,0.0,0.0,0.0,0.0,0.0,53.08248743520316,-1.9466806833864396,True,False,True,False,True,0.0,1,,,False,False,False,False,,,False,False,False,False,-464736.0,-147208.27166589047,False,False,False,False,20882.738241197905,False,False,False,False
2025-04-11 19:00:00+00:00,155.6,156.4,155.56,155.89,20306.0,,,,,,,,,,,,,,,,,,,,,,,,"rgba(239, 83, 80, 1.0)",0.0,0.0,9.47235052785323,157.64282812145845,-0.1850467966007289,0.0,0.0,0.0,0.0,0.0,0.0,0.0,0.0,53.87136418401112,-0.8699270670882129,True,False,True,False,True,0.0,1,,,False,False,False,False,,,False,False,False,False,-444430.0,-151816.360477272,False,False,False,False,20873.796563039796,False,False,False,False
2025-04-14 14:00:00+00:00,159.62,160.14,159.015,159.91,10503.0,,,,,,,,,,,,,,,,,,,,,,,,"rgba(38, 166, 154, 1.0)",0.0,0.0,9.398210737319198,157.75491388143632,0.22930812883414903,0.0,0.0,0.0,0.0,0.0,0.0,0.0,0.0,59.00795904054742,4.126901149032207,True,False,True,False,True,0.0,0,,,False,False,False,False,,,False,False,False,False,-433927.0,-156190.16884196547,False,False,False,False,20713.009019426772,False,False,False,False
2025-04-14 15:00:00+00:00,159.97,160.055,158.57,158.85,10998.0,,,,,,,,,,,,,,,,,,,,,,,,"rgba(38, 166, 154, 1.0)",0.0,0.0,9.324435131552008,157.84957624140148,0.10729054838006036,0.0,0.0,0.0,0.0,0.0,0.0,0.0,0.0,60.484785051649155,5.561836224818215,True,False,True,False,True,0.0,0,,,False,False,False,False,,,False,False,False,False,-444925.0,-160666.67785216754,False,False,False,False,20562.38872455194,False,False,False,False
2025-04-14 16:00:00+00:00,158.78,159.15,158.405,158.52,7769.0,,,,,,,,,,,,,,,,,,,,,,,,"rgba(38, 166, 154, 1.0)",0.0,0.0,9.240080828202233,157.90366556401113,0.06670227755018357,0.0,0.0,0.0,0.0,0.0,0.0,0.0,0.0,60.86267005891316,6.072040485826989,True,False,True,False,True,0.0,0,,,False,False,False,False,,,False,False,False,False,-452694.0,-165194.23323430447,False,False,False,False,20364.04161254338,False,False,False,False
2025-04-14 17:00:00+00:00,158.59,159.535,158.46,159.43,7730.0,,,,,,,,,,,,,,,,,,,,,,,,"rgba(38, 166, 154, 1.0)",0.0,0.0,9.124861340671714,157.962468418091,0.16082782270541157,0.0,0.0,0.0,0.0,0.0,0.0,0.0,0.0,62.160206440350834,7.516132734440994,True,False,True,False,True,0.0,0,,,False,False,False,False,,,False,False,False,False,-444964.0,-169531.74899811368,False,False,False,False,20168.16499839542,False,False,False,False
2025-04-14 18:00:00+00:00,159.425,159.99,159.405,159.86,12920.0,,,,,,,,,,,,,,,,,,,,,,,,"rgba(38, 166, 154, 1.0)",0.0,0.0,9.004181085863706,158.07129727950095,0.1986524597231024,0.0,0.0,0.0,0.0,0.0,0.0,0.0,0.0,63.51439197896881,9.014458422426422,True,False,True,False,True,0.0,0,,,False,False,False,False,,,False,False,False,False,-432044.0,-173601.7063779879,False,False,False,False,20055.790347257505,False,False,False,False
2025-04-14 19:00:00+00:00,159.865,160.28,159.425,159.79,32124.0,,,,,,,,,,,,,,,,,,,,,,,,"rgba(38, 166, 154, 1.0)",0.0,0.0,8.87875880407276,158.31131180854814,0.16654221880355227,0.0,0.0,0.0,0.0,0.0,0.0,0.0,0.0,64.25013163446133,9.948871150226552,True,False,True,False,True,0.0,0,,,False,False,False,False,,,False,False,False,False,-464168.0,-178106.61015507337,False,False,False,False,20242.89437288142,False,False,False,False
2025-04-15 14:00:00+00:00,160.405,160.97,160.0,160.635,7618.0,,,,,,,,,,,,,,,,,,,,,,,,"rgba(38, 166, 154, 1.0)",0.0,0.0,8.74626511692243,158.91292727167018,0.19689235408584962,0.0,0.0,0.0,0.0,0.0,0.0,0.0,0.0,65.80547122461064,11.64787796700719,True,False,True,False,True,0.0,0,,,False,False,False,False,,,False,False,False,False,-456550.0,-182423.56193561488,False,False,False,False,20047.159576402635,False,False,False,True
2025-04-15 15:00:00+00:00,160.635,160.92,160.08,160.47,7671.0,,,,,,,,,,,,,,,,,,,,,,,,"rgba(38, 166, 154, 1.0)",0.0,0.0,8.604936340986551,158.95084648381044,0.17654442240945054,0.0,0.0,0.0,0.0,0.0,0.0,0.0,0.0,66.38150735058984,12.424561235736661,True,False,True,False,True,0.0,0,,,False,False,False,False,,,False,False,False,False,-464221.0,-186792.51446374488,False,False,False,False,19855.281133357636,False,False,False,False
2025-04-15 16:00:00+00:00,160.485,160.54,160.0,160.19,5333.0,,,,,,,,,,,,,,,,,,,,,,,,"rgba(38, 166, 154, 1.0)",0.0,0.0,8.450614502417384,158.96078161454093,0.14545905331587813,0.0,0.0,0.0,0.0,0.0,0.0,0.0,0.0,65.93516677845241,12.424561235736661,True,False,True,False,True,0.0,0,,,False,False,False,False,,,False,False,False,False,-469554.0,-191176.41346430697,False,False,False,False,19630.129487879225,False,False,False,False
2025-04-15 17:00:00+00:00,160.09,160.395,159.71,160.01,4956.0,,,,,,,,,,,,,,,,,,,,,,,,"rgba(38, 166, 154, 1.0)",0.0,0.0,8.313306387358077,158.96444352496852,0.1257690293505166,0.0,0.0,0.0,0.0,0.0,0.0,0.0,0.0,65.07425500805914,12.424561235736661,True,False,True,False,True,0.0,0,,,False,False,False,False,,,False,False,False,False,-474510.0,-195569.18224780608,False,False,False,False,19402.623604346212,False,False,False,False
2025-04-15 18:00:00+00:00,160.085,160.335,159.72,160.28,9854.0,,,,,,,,,,,,,,,,,,,,,,,,"rgba(38, 166, 154, 1.0)",0.0,0.0,8.155308072461471,158.99226507355078,0.15790144467964265,0.0,0.0,0.0,0.0,0.0,0.0,0.0,0.0,65.01345165275487,12.424561235736661,True,False,True,False,True,0.0,0,,,False,False,False,False,,,False,False,False,False,-464656.0,-199741.0708951269,False,False,False,False,19254.582928309836,False,False,False,False
2025-04-15 19:00:00+00:00,160.27,160.58,159.41,159.94,25401.0,,,,,,,,,,,,,,,,,,,,,,,,"rgba(38, 166, 154, 1.0)",0.0,0.0,7.984905931175907,159.0613075731687,0.11004418015753521,0.0,0.0,0.0,0.0,0.0,0.0,0.0,0.0,63.75801118393996,12.424561235736661,True,False,True,False,False,0.0,0,,,False,False,False,False,,,False,False,False,False,-490057.0,-204242.0930517916,False,False,False,False,19349.876216243014,False,False,False,False
2025-04-16 14:00:00+00:00,158.99,159.735,158.63,159.69,8705.0,,,,,,,,,,,,,,,,,,,,,,,,"rgba(38, 166, 154, 1.0)",0.0,0.0,7.80972359675143,159.0610647323655,0.0805323338070638,0.0,0.0,0.0,0.0,0.0,0.0,0.0,0.0,62.01463283218095,14.999472649220493,True,False,True,False,False,0.0,0,,,False,False,False,False,,,False,False,False,False,-498762.0,-208808.29315951574,False,False,False,False,19184.839375681106,False,False,False,False
2025-04-16 15:00:00+00:00,159.73,160.37,159.545,159.78,10951.0,,,,,,,,,,,,,,,,,,,,,,,,"rgba(38, 166, 154, 1.0)",0.0,0.0,7.627121164125468,159.09302683980863,0.09006978457646415,0.0,0.0,0.0,0.0,0.0,0.0,0.0,0.0,61.09656298261977,14.014441225922198,True,False,True,False,False,0.0,0,,,False,False,False,False,,,False,False,False,False,-487811.0,-213133.9165213837,False,False,False,False,19057.18295125194,False,False,False,False
2025-04-16 16:00:00+00:00,159.8,159.975,159.63,159.68,4155.0,,,,,,,,,,,,,,,,,,,,,,,,"rgba(38, 166, 154, 1.0)",0.0,0.0,7.465739336920703,159.1026250617192,0.07733660555565822,0.0,0.0,0.0,0.0,0.0,0.0,0.0,0.0,60.057791367341295,12.919976235247717,True,False,True,False,False,0.0,0,,,False,False,False,False,,,False,False,False,False,-491966.0,-217456.8945598119,False,False,False,False,18826.1413551085,False,False,False,False
2025-04-16 17:00:00+00:00,159.66,159.79,157.985,158.03,3500.0,,,,,,,,,,,,,,,,,,,,,,,,"rgba(38, 166, 154, 1.0)",0.0,0.0,7.351065667060778,159.0942570621258,-0.14477588833066685,0.0,0.0,0.0,0.0,0.0,0.0,0.0,0.0,53.833524686635364,7.168005067642682,True,False,True,False,False,0.0,0,,,False,False,False,False,,,False,False,False,False,-495466.0,-221767.11324880703,False,False,False,False,18588.526760455654,False,False,False,False
2025-04-16 18:00:00+00:00,158.075,158.715,158.05,158.05,3572.0,,,,,,,,,,,,,,,,,,,,,,,,"rgba(38, 166, 154, 1.0)",0.0,0.0,7.236130689834076,159.08206447821453,-0.14262656693921422,0.0,0.0,0.0,0.0,0.0,0.0,0.0,0.0,49.75997589893767,3.6707010718590354,False,False,False,False,False,0.0,0,,,False,False,False,False,,,False,False,False,False,-491894.0,-225955.12699688753,False,False,False,False,18355.712392076497,False,False,False,False
2025-04-16 19:00:00+00:00,158.07,158.535,157.35,158.39,114782.0,,,,,,,,,,,,,,,,,,,,,,,,"rgba(38, 166, 154, 1.0)",0.0,0.0,7.116782871595818,158.74612944347692,-0.05004079088857672,0.0,0.0,0.0,0.0,0.0,0.0,0.0,0.0,48.391253221042845,2.6512183216618297,False,False,False,True,False,0.0,0,,,False,False,False,False,,,False,False,False,False,-377112.0,-228298.6444077885,False,False,False,False,19850.693595300116,False,False,False,False
2025-04-17 14:00:00+00:00,160.05,160.36,159.14,159.51,8286.0,,,,,,,,,,,,,,,,,,,,,,,,"rgba(38, 166, 154, 1.0)",0.0,0.0,6.992045050053676,158.78659236777872,0.10346152335155705,0.0,0.0,0.0,0.0,0.0,0.0,0.0,0.0,51.17660745392446,2.6512183216618297,False,False,False,False,True,0.0,0,,,False,False,False,False,,,False,False,False,False,-368826.0,-230477.3630991406,False,False,False,False,19671.39602017918,False,False,False,False
2025-04-17 15:00:00+00:00,159.52,160.52,159.52,160.2,3655.0,,,,,,,,,,,,,,,,,,,,,,,,"rgba(38, 166, 154, 1.0)",0.0,0.0,6.8706732769996695,158.80818081621624,0.2025739149091865,0.0,0.0,0.0,0.0,0.0,0.0,0.0,0.0,54.820443496690004,-0.16414720096457813,True,False,True,False,True,0.0,0,,,False,False,False,False,,,False,False,False,False,-365171.0,-232565.636539464,False,False,False,False,19423.079802812063,False,False,False,False
2025-04-17 16:00:00+00:00,160.23,160.6,159.8,160.35,3567.0,,,,,,,,,,,,,,,,,,,,,,,,"rgba(38, 166, 154, 1.0)",0.0,0.0,6.716094376620516,158.83039516678386,0.22626317439880708,0.0,0.0,0.0,0.0,0.0,0.0,0.0,0.0,57.62126050102458,2.304467587453459,True,False,True,False,True,0.0,0,,,False,False,False,False,,,False,False,False,False,-361604.0,-234566.23132179788,False,False,False,False,19177.24910819482,False,False,False,False
2025-04-17 17:00:00+00:00,160.295,160.525,159.57,160.42,9797.0,,,,,,,,,,,,,,,,,,,,,,,,"rgba(38, 166, 154, 1.0)",0.0,0.0,6.56479955300763,158.88506121528036,0.23381350372174028,0.0,0.0,0.0,0.0,0.0,0.0,0.0,0.0,59.674938639663665,4.152840210584898,True,False,True,False,True,0.0,0,,,False,False,False,False,,,False,False,False,False,-351807.0,-236383.91765789405,False,False,False,False,19031.818889463117,False,False,False,False
2025-04-17 18:00:00+00:00,160.35,160.745,159.72,159.72,6971.0,,,,,,,,,,,,,,,,,,,,,,,,"rgba(38, 166, 154, 1.0)",0.0,0.0,6.398341740406257,159.109170650474,0.09546682160919025,0.0,0.0,0.0,0.0,0.0,0.0,0.0,0.0,57.93752644926127,4.152840210584898,True,False,True,False,True,0.0,0,,,False,False,False,False,,,False,False,False,False,-358778.0,-238281.5003298647,False,False,False,False,18844.8294493164,False,False,False,False
2025-04-17 19:00:00+00:00,159.805,160.01,158.185,158.62,52741.0,,,,,,,,,,,,,,,,,,,,,,,,"rgba(38, 166, 154, 1.0)",0.0,0.0,6.242491066209834,158.99335072800616,-0.059807971536728344,0.0,0.0,0.0,0.0,0.0,0.0,0.0,0.0,53.05247227928968,8.97699668708563,False,False,True,False,False,0.0,0,,,False,False,False,False,,,False,False,False,False,-411519.0,-240967.3530379288,False,False,False,False,19370.351473358005,False,False,False,False
2025-04-18 14:00:00+00:00,158.62,158.62,158.62,158.62,0.0,,,,,,,,,,,,,,,,,,,,,,,,"rgba(38, 166, 154, 1.0)",0.0,0.0,6.08167518337126,158.99335072800616,-0.06138945549525368,0.0,0.0,0.0,0.0,0.0,0.0,0.0,0.0,49.79576949930862,6.012614035616565,False,False,False,False,False,0.0,0,,,False,False,False,False,,,False,False,False,False,-411519.0,-243611.56461873613,False,False,False,False,19070.035946639277,False,False,False,False
2025-04-18 15:00:00+00:00,158.62,158.62,158.62,158.62,0.0,,,,,,,,,,,,,,,,,,,,,,,,"rgba(38, 166, 154, 1.0)",0.0,0.0,5.927415765547024,158.99335072800616,-0.06298709973682828,0.0,0.0,0.0,0.0,0.0,0.0,0.0,0.0,47.62463431265458,3.997003468423287,False,True,False,True,False,0.0,0,,,False,False,False,False,,,False,False,False,False,-411519.0,-246214.78067115883,False,False,False,False,18774.376474598357,False,False,False,False
2025-04-18 16:00:00+00:00,158.62,158.62,158.62,158.62,0.0,,,,,,,,,,,,,,,,,,,,,,,,"rgba(38, 166, 154, 1.0)",0.0,0.0,5.7500615742882095,158.99335072800616,-0.06492986608623842,0.0,0.0,0.0,0.0,0.0,0.0,0.0,0.0,46.17721085488522,2.5389633466550023,False,True,False,True,False,0.0,0,,,False,False,False,False,,,False,False,False,False,-411519.0,-248777.63678478426,False,False,False,False,18483.300870341016,False,False,False,False
2025-04-18 17:00:00+00:00,158.62,158.62,158.62,158.62,0.0,,,,,,,,,,,,,,,,,,,,,,,,"rgba(38, 166, 154, 1.0)",0.0,0.0,5.548576192660907,158.99335072800616,-0.06728766354510715,0.0,0.0,0.0,0.0,0.0,0.0,0.0,0.0,45.21226188303898,1.409244507363283,False,True,False,True,False,0.0,0,,,False,False,False,False,,,False,False,False,False,-411519.0,-251300.75869509767,False,False,False,False,18196.738066149683,False,False,False,False
2025-04-18 18:00:00+00:00,158.62,158.62,158.62,158.62,0.0,,,,,,,,,,,,,,,,,,,,,,,,"rgba(38, 166, 154, 1.0)",0.0,0.0,5.371234770046134,158.99335072800616,-0.06950929236760062,0.0,0.0,0.0,0.0,0.0,0.0,0.0,0.0,44.56896256847482,0.4769431041174599,False,True,False,True,False,0.0,0,,,False,False,False,False,,,False,False,False,False,-411519.0,-253784.76243625896,False,False,False,False,17914.618096131857,False,False,False,False
2025-04-18 19:00:00+00:00,158.62,158.62,158.62,158.62,0.0,,,,,,,,,,,,,,,,,,,,,,,,"rgba(38, 166, 154, 1.0)",0.0,0.0,5.19062824922178,158.99335072800616,-0.0719278495935698,0.0,0.0,0.0,0.0,0.0,0.0,0.0,0.0,44.140096358765376,-0.3303170428030029,False,True,False,True,False,0.0,0,,,False,False,False,False,,,False,False,False,False,-411519.0,-256230.25449151074,False,False,False,False,17636.872079137564,False,False,False,False
2025-04-21 14:00:00+00:00,156.97,156.97,155.365,155.45,6762.0,,,,,,,,,,,,,,,,,,,,,,,,"rgba(239, 83, 80, 1.0)",0.0,0.0,5.0011721580997825,158.90578562361642,-0.6909951336147317,0.0,0.0,0.0,0.0,0.0,0.0,0.0,0.0,35.56805310411093,-8.508511555744327,False,True,False,True,False,0.0,0,,,False,False,False,False,,,False,False,False,False,-418281.0,-258742.66915055708,False,False,False,False,17468.269411243957,False,False,False,False
2025-04-21 15:00:00+00:00,155.68,155.68,154.13,154.39,40881.0,,,,,,,,,,,,,,,,,,,,,,,,"rgba(239, 83, 80, 1.0)",0.0,0.0,4.827392794168154,158.38914791936602,-0.8284281163524343,0.0,0.0,0.0,0.0,0.0,0.0,0.0,0.0,28.76224270637267,-14.618615132618153,False,True,False,True,False,0.0,0,,,False,False,False,False,-0.17975946024588396,-0.17975946024588396,False,False,False,False,-459162.0,-261849.94559783526,False,False,False,False,17831.25748238746,False,False,False,False
2025-04-21 16:00:00+00:00,154.39,155.11,154.33,154.63,21645.0,,,,,,,,,,,,,,,,,,,,,,,,"rgba(239, 83, 80, 1.0)",0.0,0.0,4.622607068322537,158.2015128994146,-0.7726187509834473,0.0,0.0,0.0,0.0,0.0,0.0,0.0,0.0,25.44957205935603,-17.419532036020257,False,True,False,True,False,0.0,0,0.893617578503522,1.0732263049000859,False,False,False,False,-0.18418052062733187,-0.18196999043660791,False,False,False,False,-437517.0,-264573.4658211246,False,False,False,False,17890.385273358195,False,False,False,False
2025-04-21 17:00:00+00:00,154.65,154.69,153.35,153.355,17779.0,,,,,,,,,,,,,,,,,,,,,,,,"rgba(239, 83, 80, 1.0)",0.0,0.0,4.437879644462663,158.0298552839325,-1.0533983925782073,0.0,0.0,0.0,0.0,0.0,0.0,0.0,0.0,21.951245705686944,-20.52573919459408,False,True,False,True,False,0.0,0,0.8924055603549824,1.0723055577371132,False,False,False,False,-0.2009750103872502,-0.19147250041192906,False,False,False,False,-455296.0,-267530.40433552576,False,False,False,False,17888.658369895278,False,False,False,False
2025-04-21 18:00:00+00:00,153.34,153.85,153.16,153.71,15216.0,,,,,,,,,,,,,,,,,,,,,153.57333333333335,,,"rgba(239, 83, 80, 1.0)",0.0,0.0,4.199842929280558,157.2751930680251,-0.8488872388939095,1.0,153.85,153.16,0.0,0.0,0.0,0.0,0.0,21.333981309237238,-21.131241470526604,False,True,False,True,False,0.0,0,0.8894898521805334,1.0784782209152726,False,False,False,False,-0.21340226466259146,-0.20243738253726026,False,False,False,False,-440080.0,-270205.59186520753,False,False,False,False,17847.221806020934,False,False,False,False
2025-04-21 19:00:00+00:00,153.71,155.115,153.71,155.115,61006.0,,,,,,,,,,,,,,,,,,,,,154.4323999195333,,,"rgba(239, 83, 80, 1.0)",0.0,0.0,3.913717280917488,157.14026632786343,-0.5174789547876181,0.0,0.0,0.0,0.0,0.0,0.0,0.0,0.0,26.57403966897362,-21.131241470526604,False,True,False,True,True,0.0,0,0.8911171034374423,1.071209780872843,False,False,False,False,-0.19154491066880347,-0.19699114660303185,False,False,False,False,-379074.0,-271893.47416187095,False,False,False,False,18516.35015011363,False,False,False,False
2025-04-22 14:00:00+00:00,158.72,159.31,158.41,159.035,18689.0,,,,,,,,,,,,,,,,,,,,,155.31572861241938,,,"rgba(38, 166, 154, 1.0)",0.0,0.0,3.6390022924809866,157.33535907494345,0.46706233974306366,0.0,0.0,0.0,0.0,0.0,0.0,0.0,0.0,38.4554836510349,-20.334274885470236,False,True,False,True,True,0.0,0,0.9012586694066268,1.0627793475468785,False,False,False,False,-0.08661077086367365,-0.14180095873335274,False,False,False,False,-360385.0,-273265.4358027722,False,False,False,False,18519.026891972335,False,False,False,False
2025-04-22 15:00:00+00:00,159.035,160.45,158.98,160.45,26665.0,,,,,,,,,,,,,,,,,,,,,156.33434656785332,,,"rgba(38, 166, 154, 1.0)",0.0,0.0,3.3790927096689294,157.60955942096388,0.8405926747462362,0.0,0.0,0.0,0.0,0.0,0.0,0.0,0.0,48.135437033216135,-11.926623339710147,False,True,False,False,True,0.0,0,0.903250615258408,1.0607567678424936,False,False,False,False,-0.0667231738358313,-0.10426206628459203,False,False,False,False,-333720.0,-274202.71586784546,False,False,False,False,18645.321048685943,False,False,False,False
2025-04-22 16:00:00+00:00,160.35,160.76,159.875,160.2,9396.0,,,,,,,,,,,,,,,,,,,,,156.61729024778833,,,"rgba(38, 166, 154, 1.0)",0.0,0.0,3.172424213024564,157.69556483084577,0.7894389277676429,0.0,0.0,0.0,0.0,0.0,0.0,0.0,0.0,53.981023511108305,-7.077386269999678,False,False,True,False,True,0.0,0,0.9046935111567064,1.0618876635034622,False,False,False,False,-0.05274132534308491,-0.07850169581383848,False,False,False,False,-343116.0,-275271.1388776463,False,False,False,False,18501.92072234973,False,False,False,False
2025-04-22 17:00:00+00:00,160.2,160.29,158.78,158.78,19299.0,,,,,,,,,,,,,,,,,,,,,156.95968475842534,,,"rgba(38, 166, 154, 1.0)",0.0,0.0,3.1134873816466317,157.8035933709684,0.31360545566598963,0.0,0.0,0.0,0.0,0.0,0.0,0.0,0.0,54.65584010434147,-6.665378566081799,False,False,True,False,True,0.0,0,0.8956539513017702,1.0669153529727378,False,False,False,False,-0.0709051349009541,-0.07470341535739629,False,False,False,False,-362415.0,-276622.20649194636,False,False,False,False,18514.27854060787,False,False,False,False
2025-04-22 18:00:00+00:00,158.83,160.37,158.75,160.255,6679.0,,,,,,,,,,,,,,,,,,,,,157.08019961771265,,,"rgba(38, 166, 154, 1.0)",0.0,0.0,3.0981764223719193,157.84482856049317,0.7779322772270125,0.0,0.0,0.0,0.0,0.0,0.0,0.0,0.0,57.25800383354781,-4.038780152140944,True,False,True,False,True,0.0,0,0.8936656757374796,1.0673577762532709,False,False,False,False,-0.07032416219994177,-0.07251378877866903,False,False,False,False,-355736.0,-277848.7769339317,False,False,False,False,18330.78585005581,False,False,False,False
2025-04-22 19:00:00+00:00,160.25,160.935,159.95,160.61,24596.0,,,,,,,,,,,,,,,,,,,,,157.543291158531,,,"rgba(38, 166, 154, 1.0)",0.0,0.0,3.1081960093323517,158.01687575102622,0.8342859463135349,0.0,0.0,0.0,0.0,0.0,0.0,0.0,0.0,59.47100584542023,-1.5795687837981305,True,False,True,False,True,0.0,0,0.9008408895192742,1.0626614659844988,False,False,False,False,-0.04984328568788794,-0.061178537233278485,False,False,False,False,-331140.0,-278674.9974465839,False,False,False,False,18427.920953155717,False,False,False,False
2025-04-23 14:00:00+00:00,162.43,162.975,161.51,161.51,30094.0,,,,,,,,,,,,,,,,,,,,,158.17677272727275,,,"rgba(38, 166, 154, 1.0)",0.0,0.0,3.137359740951183,158.28038242273547,1.0294062026452109,0.0,0.0,0.0,0.0,0.0,0.0,0.0,0.0,62.12922317665137,1.4124237876196872,True,False,True,False,True,1.274867270667965,0,0.9080768747644764,1.0520035171460869,False,False,False,False,-0.008180090732505748,-0.03467931398289212,False,False,False,False,-301046.0,-279021.834695474,False,False,False,False,18608.79039574245,False,False,False,False
2025-04-23 15:00:00+00:00,161.5,161.82,160.04,160.45,11475.0,,,,,,,,,,,,,,,,,,,,,158.31014467875315,,,"rgba(38, 166, 154, 1.0)",0.0,0.0,3.161037630414741,158.3424223646284,0.6667360157604563,0.0,0.0,0.0,0.0,0.0,0.0,0.0,0.0,61.31077796500587,1.4124237876196872,True,False,True,False,True,0.0,0,0.8995229651090183,1.058517945003621,False,False,False,False,-0.03854846982510943,-0.03661389190400077,False,False,False,False,-312521.0,-279541.2015994201,False,False,False,False,18498.18899425807,False,False,False,False
2025-04-23 16:00:00+00:00,160.39,160.93,159.435,160.91,14516.0,,,,,,,,,,,,,,,,,,,,,158.43933337822088,,,"rgba(38, 166, 154, 1.0)",0.0,0.0,3.195183562801542,158.40648056785875,0.7835291409505614,0.0,0.0,0.0,0.0,0.0,0.0,0.0,0.0,61.48107076296756,2.0726238426868733,True,False,True,False,True,0.2010764125743698,0,0.8964469028753672,1.0654806398564802,False,False,False,False,-0.05587220408146464,-0.04624304799273271,False,False,False,False,-298005.0,-279827.4620397392,False,False,False,False,18436.44963000601,False,False,False,False
2025-04-23 17:00:00+00:00,160.91,161.48,160.49,160.86,8359.0,,,,,,,,,,,,,,,,,,,,,158.52442194127133,,,"rgba(38, 166, 154, 1.0)",0.0,0.0,3.218676105772536,158.4490094990229,0.749062789093042,0.0,0.0,0.0,0.0,0.0,0.0,0.0,0.0,61.461257602614204,2.905828913915684,True,False,True,False,True,0.11028061974015557,0,0.9036582934609247,1.0611044657097286,False,False,False,False,-0.037274853164286775,-0.04175895057850974,False,False,False,False,-306364.0,-280238.8812329215,False,False,False,False,18280.21010085863,False,False,False,False
2025-04-23 18:00:00+00:00,160.925,160.965,160.31,160.39,6328.0,,,,,,,,,,,,,,,,,,,,,158.57534774900458,,,"rgba(38, 166, 154, 1.0)",0.0,0.0,3.209133028216501,158.47574118858788,0.596503415277856,0.0,0.0,0.0,0.0,0.0,0.0,0.0,0.0,60.13680870874636,2.905828913915684,True,False,True,False,True,0.0,0,0.9038207840696948,1.0596639701306778,False,False,False,False,-0.045323995488791326,-0.04354147303365054,False,False,False,False,-312692.0,-280742.03036109323,False,False,False,False,18094.90451789958,False,False,False,False
2025-04-23 19:00:00+00:00,160.38,161.145,160.14,161.11,19388.0,,,,,,,,,,,,,,,,,,,,,158.73397230830383,,,"rgba(38, 166, 154, 1.0)",0.0,0.0,3.1850649674447946,158.5607903093962,0.8003634828990349,0.0,0.0,0.0,0.0,0.0,0.0,0.0,0.0,60.662453392807755,3.605803665449031,True,False,True,False,True,0.5821595872756156,0,0.9020576335972594,1.0598674576187044,False,False,False,False,-0.045208141363623465,-0.044374807198637,False,False,False,False,-293304.0,-280936.7895803011,False,False,False,False,18114.952509870127,False,False,False,False
2025-04-24 14:00:00+00:00,161.21,162.58,160.72,162.375,5770.0,,,,,,,,,,,,,,,,,,,,,158.79963527175923,,,"rgba(38, 166, 154, 1.0)",0.0,0.0,3.2295559731611845,158.59514948251845,1.1703932518567621,0.0,0.0,0.0,0.0,0.0,0.0,0.0,0.0,63.10857708341511,6.565148998468274,True,False,True,False,True,2.8561027289929015,0,0.9057565829987435,1.051678695470108,False,False,False,False,-0.021884022941892643,-0.03312941507026482,False,False,False,False,-287534.0,-281039.0719123894,False,False,False,False,17923.557897314,False,False,False,False
2025-04-24 15:00:00+00:00,162.37,162.83,162.21,162.54,9596.0,,,,,,,,,,,,,,,,,,,,,158.92421932476867,,,"rgba(38, 166, 154, 1.0)",0.0,0.0,3.261021503032538,158.66029008756007,1.189722272248755,0.0,0.0,0.0,0.0,0.0,0.0,0.0,0.0,64.99030026556078,8.848898836940847,True,False,True,False,True,3.1483206218673168,0,0.9139875151126352,1.0526536554072388,False,False,False,False,-0.001763163176767572,-0.017446289123516194,False,False,False,False,-277938.0,-280990.9932780888,False,False,False,False,17794.44847254944,False,False,False,False
2025-04-24 16:00:00+00:00,162.63,163.22,162.47,163.07,5431.0,,,,,,,,,,,,,,,,,,,,,158.99841030690283,,,"rgba(38, 166, 154, 1.0)",0.0,0.0,3.3091483730640356,158.69941140667856,1.32075933158433,0.0,0.0,0.0,0.0,0.0,0.0,0.0,0.0,67.06097372015262,11.215458063267526,True,False,True,False,True,4.089737858920117,0,0.9110132812306776,1.0567358345905569,False,False,False,False,0.005752011107353565,-0.005847139008081315,False,False,False,False,-272507.0,-280859.4584985836,False,False,False,False,17602.767100882007,False,False,False,False
2025-04-24 17:00:00+00:00,162.93,163.13,162.73,162.82,4175.0,,,,,,,,,,,,,,,,,,,,,159.0532215960289,,,"rgba(38, 166, 154, 1.0)",0.0,0.0,3.3595132664397727,158.72870621961212,1.217823373778071,0.0,0.0,0.0,0.0,0.0,0.0,0.0,0.0,67.49385485140293,12.028238601578508,True,False,True,False,True,3.5940900665666646,0,0.9142779210474108,1.0541063281095016,False,False,False,False,0.007717590943052256,0.0009352259674854707,False,False,False,False,-276682.0,-280794.6917001559,False,False,False,False,17394.584665209415,False,False,False,False
2025-04-24 18:00:00+00:00,162.82,163.22,162.68,163.01,3320.0,,,,,,,,,,,,,,,,,,,,,159.09656756600597,,,"rgba(38, 166, 154, 1.0)",0.0,0.0,3.407578990511308,158.75204394326906,1.2495546159274875,0.0,0.0,0.0,0.0,0.0,0.0,0.0,0.0,68.13057644200566,13.063048303632769,True,False,True,False,True,3.9394477598319497,0,0.9148493259317998,1.0503568596352097,False,False,False,False,0.00818008842000965,0.004557657193747561,False,False,False,False,-273362.0,-280679.4561699209,False,False,False,False,17176.374050244925,False,False,False,False
2025-04-24 19:00:00+00:00,163.0,163.18,162.43,162.92,15550.0,,,,,,,,,,,,,,,,,,,,,159.28120574365863,,,"rgba(38, 166, 154, 1.0)",0.0,0.0,3.4358506532894078,158.85425711214643,1.183329340569884,0.0,0.0,0.0,0.0,0.0,0.0,0.0,0.0,68.15515132262186,13.542643213051242,True,False,True,False,True,3.7553375778385316,0,0.9138562868320703,1.0511315802505814,False,False,False,False,0.004827048667292572,0.004692352930520067,False,False,False,False,-288912.0,-280807.09250837174,False,False,False,False,17151.15894869074,False,False,False,False
2025-04-25 14:00:00+00:00,162.51,162.73,161.605,162.645,5876.0,,,,,,,,,,,,,,,,,,,,,159.33688026822307,,,"rgba(38, 166, 154, 1.0)",0.0,0.0,3.446395492669042,158.88668916114526,1.0905048033080358,0.0,0.0,0.0,0.0,0.0,0.0,0.0,0.0,66.89638971741786,13.542643213051242,True,False,True,False,True,3.1867712820014056,0,0.9085594474592992,1.0526640355204733,False,False,False,False,-0.009914489053943919,-0.002611068061711926,False,False,False,False,-294788.0,-281023.8507640559,False,False,False,False,16976.350282819563,False,False,False,False
2025-04-25 15:00:00+00:00,162.7,162.97,162.44,162.8,7247.0,,,,,,,,,,,,,,,,,,,,,159.41184353553146,,,"rgba(38, 166, 154, 1.0)",0.0,0.0,3.4555389431151022,158.9301248704124,1.1199049390828104,0.0,0.0,0.0,0.0,0.0,0.0,0.0,0.0,66.46499889680574,13.542643213051242,True,False,True,False,True,3.483718300503881,0,0.9132262051915943,1.053003708281829,False,False,False,False,0.0025146752400917014,-4.8196410810112406e-05,False,False,False,False,-287541.0,-281124.8918374814,False,False,False,False,16825.507642775847,False,False,False,False
2025-04-25 16:00:00+00:00,162.87,163.33,162.8,163.15,5857.0,,,,,,,,,,,,,,,,,,,,,159.47629998086856,,,"rgba(38, 166, 154, 1.0)",0.0,0.0,3.4182023382507576,158.96745110576785,1.2236106819740071,0.0,0.0,0.0,0.0,0.0,0.0,0.0,0.0,67.09746168365737,13.542643213051242,True,False,True,False,True,4.158668148870852,0,0.9114175181033626,1.056566808848328,False,False,False,False,0.010839522905078574,0.005395663247134231,False,False,False,False,-281684.0,-281133.5601810863,False,False,False,False,16655.453260717306,False,False,False,False
2025-04-25 17:00:00+00:00,163.15,163.55,162.78,162.825,3384.0,,,,,,,,,,,,,,,,,,,,,159.51210528184853,,,"rgba(38, 166, 154, 1.0)",0.0,0.0,3.2129370218390716,158.9884432706661,1.1940964616660503,0.0,0.0,0.0,0.0,0.0,0.0,0.0,0.0,65.75668095962575,13.542643213051242,True,False,True,False,False,3.4570708495402975,0,0.9095443716497913,1.0569535437760567,False,False,False,False,0.01315219793622326,0.009273930591678746,False,False,False,False,-285068.0,-281194.5592480462,False,False,False,False,16449.694295434867,False,False,False,False
2025-04-25 18:00:00+00:00,162.87,163.63,162.75,163.305,4027.0,,,,,,,,,,,,,,,,,,,,,159.55587113003588,,,"rgba(38, 166, 154, 1.0)",0.0,0.0,3.0394858310436357,159.01412035028918,1.411712338279767,0.0,0.0,0.0,0.0,0.0,0.0,0.0,0.0,66.26440856074004,13.542643213051242,True,False,True,False,False,4.400100426481931,0,0.9098320035680655,1.0544873383220175,False,False,False,False,0.013730387709684454,0.0115021591506816,False,False,False,False,-281041.0,-281192.1784845106,False,False,False,False,16257.094383877737,False,False,False,False
2025-04-25 19:00:00+00:00,163.285,163.54,162.955,163.285,11123.0,,,,,,,,,,,,,,,,,,,,,159.67256741969777,,,"rgba(38, 166, 154, 1.0)",0.0,0.0,2.9097138446341493,159.08363359262765,1.4439105120663862,0.0,0.0,0.0,0.0,0.0,0.0,0.0,0.0,66.48382054269877,13.570289989966042,True,False,True,False,False,4.355627162163199,0,0.9111617876707233,1.0550529212007036,False,False,False,False,0.015060259662134623,0.01328120940640811,False,False,False,False,-292164.0,-281362.2842444406,False,False,False,False,16177.496021336996,False,False,False,False
2025-04-28 14:00:00+00:00,164.11,164.24,163.48,164.1,7190.0,,,,,,,,,,,,,,,,,,,,,159.7577379121652,,,"rgba(38, 166, 154, 1.0)",0.0,0.0,2.9542201833800275,159.13399992989724,1.6809850863658293,0.0,0.0,0.0,0.0,0.0,0.0,0.0,0.0,68.7884693560074,15.918322444944579,True,False,True,False,True,5.963523734793686,0,0.9126919367999403,1.0497984818139106,False,False,False,False,0.029230533477945523,0.02125587144217682,False,False,False,False,-284974.0,-281418.2798375501,False,False,False,False,16038.154997750375,False,False,False,False
2025-04-28 15:00:00+00:00,164.08,164.16,163.33,163.4,9075.0,,,,,,,,,,,,,,,,,,,,,159.85288605580783,,,"rgba(38, 166, 154, 1.0)",0.0,0.0,2.9550437977879325,159.19191135504641,1.4240359645781409,0.0,0.0,0.0,0.0,0.0,0.0,0.0,0.0,66.43324534388223,15.918322444944579,True,False,True,False,False,4.380066461170799,1,0.9112657569528713,1.0544342356175236,False,False,False,False,0.036795584820105816,0.029025728131141317,False,False,False,False,-294049.0,-281614.1049563478,False,False,False,False,15930.199106312384,False,False,False,False
2025-04-28 16:00:00+00:00,163.395,163.4,162.715,162.81,14228.0,,,,,,,,,,,,,,,,,,,,,159.96870109458445,,,"rgba(38, 166, 154, 1.0)",0.0,0.0,2.9740122245394063,159.26663252131743,1.191443481450834,0.0,0.0,0.0,0.0,0.0,0.0,0.0,0.0,62.166637944904686,15.497361309984768,True,False,True,False,False,3.0669238018259435,0,0.9135544788172442,1.05404398061871,False,False,False,False,0.02042900475785306,0.02472736644449719,False,False,False,False,-308277.0,-282027.4831740788,False,False,False,False,15903.808422493588,False,False,False,False
2025-04-28 17:00:00+00:00,162.87,162.98,162.36,162.955,12008.0,,,,,,,,,,,,,,,,,,,,,160.05358759118857,,,"rgba(38, 166, 154, 1.0)",0.0,0.0,2.967493447399425,159.32371184256544,1.2236886860245175,0.0,0.0,0.0,0.0,0.0,0.0,0.0,0.0,59.86269234961095,13.525861633963444,True,False,True,False,False,3.364104815207199,0,0.9117221779018745,1.05584363781412,False,False,False,False,0.011209586198118456,0.017968476321307825,False,False,False,False,-296269.0,-282248.28188455815,False,False,False,False,15843.408291912292,False,False,False,False
2025-04-28 18:00:00+00:00,162.955,163.28,162.785,162.97,22100.0,,,,,,,,,,,,,,,,,,,,,160.210109829376,,,"rgba(38, 166, 154, 1.0)",0.0,0.0,2.91445323940579,159.43024708733273,1.214551280084688,0.0,0.0,0.0,0.0,0.0,0.0,0.0,0.0,58.387181413774286,12.264140408670691,True,False,True,False,False,3.3953318641200383,0,0.9105575503690402,1.0538848992619188,False,False,False,False,0.022599195774708758,0.02028383604800829,False,False,False,False,-274169.0,-282123.02170030144,False,False,False,False,15940.409713743109,False,False,False,False
2025-04-28 19:00:00+00:00,163.0,163.7,162.99,163.4,30709.0,,,,,,,,,,,,,,,,,,,,,160.42607411925812,,,"rgba(38, 166, 154, 1.0)",0.0,0.0,2.858249412262859,159.58014255921287,1.3364325115921125,0.0,0.0,0.0,0.0,0.0,0.0,0.0,0.0,59.12074207985187,12.264140408670691,True,False,True,False,False,4.296882113550584,1,0.9128495239994014,1.0508149329611718,False,False,False,False,0.031476205458214356,0.025880020753111323,False,False,False,False,-243460.0,-281523.59500727354,False,False,False,False,16169.380105778098,False,False,False,False
2025-04-29 14:00:00+00:00,164.28,164.37,163.41,164.37,10534.0,,,,,,,,,,,,,,,,,,,,,160.5092598593176,,,"rgba(38, 166, 154, 1.0)",0.0,0.0,2.8516429798772163,159.6372405202915,1.6596605932458925,0.0,0.0,0.0,0.0,0.0,0.0,0.0,0.0,62.58972665421106,8.432782567178592,True,False,True,False,True,6.2882736843420055,0,0.9157127214811862,1.047008759705355,False,False,False,False,0.052223763123218414,0.03905189193816487,False,False,False,False,-232926.0,-280770.1439218894,False,False,False,False,16082.009871579989,False,False,False,False
2025-04-29 15:00:00+00:00,164.37,165.025,164.29,164.66,7747.0,,,,,,,,,,,,,,,,,,,,,160.57813945979848,,,"rgba(38, 166, 154, 1.0)",0.0,0.0,2.866955312829996,159.68375017185448,1.7357263316509157,0.0,0.0,0.0,0.0,0.0,0.0,0.0,0.0,65.6223824949744,11.184526126178213,True,False,True,False,True,6.8736476761430545,0,0.9243040818874045,1.042915990513044,False,False,False,False,0.11613527468259906,0.07759358331038196,False,False,False,False,-225179.0,-279908.26572155004,False,False,False,False,15952.784912330686,False,False,False,False
2025-04-29 16:00:00+00:00,164.61,165.13,164.6,164.87,3980.0,,,,,,,,,,,,,,,,,,,,,160.61440622877416,,,"rgba(38, 166, 154, 1.0)",0.0,0.0,2.8723726859245255,159.70823390181357,1.7970391249995559,0.0,0.0,0.0,0.0,0.0,0.0,0.0,0.0,68.1593752231148,13.46554997592763,True,False,True,False,True,7.29982230599197,0,0.9303207218136323,1.0366214269466976,False,False,False,False,0.12187727931904956,0.09973543131471577,False,False,False,False,-221199.0,-278998.0445475725,False,False,False,False,15767.16034004649,False,False,False,False
2025-04-29 17:00:00+00:00,164.78,165.875,164.69,165.83,8300.0,,,,,,,,,,,,,,,,,,,,,160.69846794158403,,,"rgba(38, 166, 154, 1.0)",0.0,0.0,2.8544112818170153,159.7642216569443,2.1250540809222334,0.0,0.0,0.0,0.0,0.0,0.0,0.0,0.0,71.80660848624596,16.771992840462957,True,False,True,False,True,9.219359007016553,0,0.9287371979213963,1.034357499621613,False,False,False,False,0.13600066741759326,0.11786804936615451,False,False,False,False,-212899.0,-277973.2531592381,False,False,False,False,15651.390412293831,False,False,False,False
2025-04-29 18:00:00+00:00,165.83,166.11,165.72,165.795,9580.0,,,,,,,,,,,,,,,,,,,,,160.79998249108348,,,"rgba(38, 166, 154, 1.0)",0.0,0.0,2.829859715428939,159.83180220550716,2.1072414869119935,0.0,0.0,0.0,0.0,0.0,0.0,0.0,0.0,74.0031350519186,18.732145520298303,True,False,True,False,True,9.130616556138708,0,0.9366675933180014,1.0300993201748838,False,False,False,False,0.15371811437650296,0.13579308187132874,False,False,False,False,-222479.0,-277112.8771412654,False,False,False,False,15557.2603283823,False,False,False,False
2025-04-29 19:00:00+00:00,165.795,166.62,165.795,166.31,22527.0,,,,,,,,,,,,,,,,,,,,,161.03985572884054,,,"rgba(38, 166, 154, 1.0)",0.0,0.0,2.8614239084383124,159.99328526716872,2.2075424456346204,0.0,0.0,0.0,0.0,0.0,0.0,0.0,0.0,76.39320777980593,20.94277126972584,True,False,True,False,True,10.156502379907355,0,0.9362594070407595,1.0279559573715837,False,False,False,False,0.1619433877811318,0.14886823482623027,False,False,False,False,-199952.0,-275916.5844724085,False,False,False,False,15665.318307787224,False,False,False,False
2025-04-30 14:00:00+00:00,164.68,166.43,164.605,166.28,22936.0,,,,,,,,,,,,,,,,,,,,,161.24310234604803,,,"rgba(38, 166, 154, 1.0)",0.0,0.0,2.899554776323351,160.13665574547818,2.1187198478490585,0.0,0.0,0.0,0.0,0.0,0.0,0.0,0.0,77.76054884293106,22.276549620727394,True,False,True,False,True,10.077739910389347,0,0.931984784744439,1.0305564652240717,False,False,False,False,0.1425729497160194,0.14572059227112483,False,False,False,False,-222888.0,-275094.43587593705,False,False,False,False,15778.042054953312,False,False,False,False
2025-04-30 15:00:00+00:00,166.345,167.535,166.23,167.395,16957.0,,,,,,,,,,,,,,,,,,,,,161.42193368643134,,,"rgba(38, 166, 154, 1.0)",0.0,0.0,2.9501567571725094,160.26052859907102,2.418336376053051,0.0,0.0,0.0,0.0,0.0,0.0,0.0,0.0,80.35521433678761,24.809628398327362,True,False,True,False,True,12.277877261961653,0,0.9404040404040404,1.026994949494949,False,False,False,False,0.18100993737391027,0.16336526482251756,False,False,False,False,-205931.0,-274022.1345445272,False,False,False,False,15796.320472705975,False,False,False,False
2025-04-30 16:00:00+00:00,167.28,167.775,166.86,167.735,10556.0,,,,,,,,,,,,,,,,,,,,,161.53538673954435,,,"rgba(38, 166, 154, 1.0)",0.0,0.0,3.0081697871741313,160.33954809350777,2.4584556157780955,0.0,0.0,0.0,0.0,0.0,0.0,0.0,0.0,82.47800503101611,26.902547962267192,True,False,True,False,True,12.932361750513628,0,0.9483730138585715,1.023072237169399,False,False,False,False,0.19336576526862317,0.17836551504557036,False,False,False,False,-195375.0,-272802.7991252322,False,False,False,False,15715.07519405937,False,False,False,False
2025-04-30 17:00:00+00:00,167.735,168.09,167.175,167.89,9618.0,,,,,,,,,,,,,,,,,,,,,161.63951360252986,,,"rgba(38, 166, 154, 1.0)",0.0,0.0,3.1150723141720733,160.41242999738276,2.4004482877003843,0.0,0.0,0.0,0.0,0.0,0.0,0.0,0.0,84.07088947130569,28.540044717893025,True,False,True,False,True,13.232186544133999,0,0.9427000177399325,1.0236701386249014,False,False,False,False,0.21121726834364213,0.19479139169460624,False,False,False,False,-185757.0,-271453.2518519728,False,False,False,False,15620.546896477053,False,False,False,False
2025-04-30 18:00:00+00:00,167.845,168.11,166.88,166.97,13450.0,,,,,,,,,,,,,,,,,,,,,161.7702152142563,,,"rgba(38, 166, 154, 1.0)",0.0,0.0,3.1825979061815706,160.50617752291018,2.030989357636136,0.0,0.0,0.0,0.0,0.0,0.0,0.0,0.0,78.98339540860312,28.540044717893025,True,False,True,False,False,10.72414043938041,0,0.9440718714412247,1.0224724788055164,False,False,False,False,0.21840894561673524,0.20660016865567074,False,False,False,False,-199207.0,-270333.15492403525,False,False,False,False,15586.895006609193,False,False,False,False
2025-04-30 19:00:00+00:00,167.0,168.76,166.43,168.125,38478.0,,,,,,,,,,,,,,,,,,,,,162.14085867567636,,,"rgba(38, 166, 154, 1.0)",0.0,0.0,3.2723633468600064,160.77594600026342,2.245794009026645,0.0,0.0,0.0,0.0,0.0,0.0,0.0,0.0,77.98252086323174,33.806561255954705,True,False,True,False,False,12.982488569706437,0,0.9438881778714647,1.0159602499435365,False,False,False,False,0.22639507144873167,0.2164976200522012,False,False,False,False,-160729.0,-268633.8657004068,False,False,False,False,15941.795859219903,False,False,False,False
2025-05-01 14:00:00+00:00,170.56,171.76,170.48,171.165,18067.0,,,,,,,,,,,,,,,,,,,,,162.39432403892053,,,"rgba(38, 166, 154, 1.0)",0.0,0.0,3.463749793306331,160.9528449912108,2.94829465699979,0.0,0.0,0.0,0.0,0.0,0.0,0.0,0.0,80.55844835696004,33.806561255954705,True,False,True,False,False,18.330112650032863,0,0.9556595365418894,1.0049267181620118,False,False,False,False,0.33576470287088134,0.27613116146154126,False,False,False,False,-142662.0,-266680.81351900514,False,False,False,False,15974.744760627345,False,False,False,False
2025-05-01 15:00:00+00:00,171.2,171.29,170.34,170.61,8802.0,,,,,,,,,,,,,,,,,,,,,162.50744431485268,,,"rgba(38, 166, 154, 1.0)",0.0,0.0,3.621717963758097,161.03333381292958,2.644233008451366,0.0,0.0,0.0,0.0,0.0,0.0,0.0,0.0,80.08136589786918,33.806561255954705,True,False,True,False,False,16.85460724999358,0,0.9539379238651553,1.008192663729518,False,False,False,False,0.32727204449675185,0.30170160297914655,False,False,False,False,-151464.0,-264894.506332664,False,False,False,False,15863.53941550134,False,False,False,False
2025-05-01 16:00:00+00:00,170.54,170.965,170.28,170.68,8061.0,,,,,,,,,,,,,,,,,,,,,162.60710002051783,,,"rgba(38, 166, 154, 1.0)",0.0,0.0,3.769381228642973,161.10494717867343,2.5402187363186197,0.0,0.0,0.0,0.0,0.0,0.0,0.0,0.0,79.83831885244778,33.806561255954705,True,False,True,False,False,16.972674798656698,0,0.957508774550071,1.0103552137007439,False,False,False,False,0.3211402065093052,0.3114209047442259,False,False,False,False,-143403.0,-263010.9170871963,False,False,False,False,15742.569812160233,False,False,False,False
2025-05-01 17:00:00+00:00,170.77,171.48,170.745,171.44,13682.0,,,,,,,,,,,,,,,,,,,,,162.78258580524195,,,"rgba(38, 166, 154, 1.0)",0.0,0.0,3.934872913684263,161.23108433878932,2.594471507760073,0.0,0.0,0.0,0.0,0.0,0.0,0.0,0.0,80.47712542651948,33.806561255954705,True,False,True,False,False,18.24933600537876,0,0.9561812604434247,1.007481856497992,False,False,False,False,0.342584579944441,0.32700274234433346,False,False,False,False,-129721.0,-260944.40674475915,False,False,False,False,15710.622993367051,False,False,False,False
2025-05-01 18:00:00+00:00,171.4,172.28,171.4,171.51,16187.0,,,,,,,,,,,,,,,,,,,,,162.9931479373415,,,"rgba(38, 166, 154, 1.0)",0.0,0.0,4.090026654685191,161.38325609328038,2.4759603693827428,0.0,0.0,0.0,0.0,0.0,0.0,0.0,0.0,80.97544900954536,33.806561255954705,True,False,True,False,True,18.366440977970193,0,0.9643418982695333,0.9983019951556916,False,False,False,False,0.34282825126566974,0.3349154968050016,False,False,False,False,-113534.0,-258658.9740820497,False,False,False,False,15718.008683392369,False,False,False,False
2025-05-01 19:00:00+00:00,171.515,171.83,170.71,170.71,26877.0,,,,,,,,,,,,,,,,,,,,,163.29738267402257,,,"rgba(38, 166, 154, 1.0)",0.0,0.0,4.209556213368921,161.609887148755,2.1617748736421203,0.0,0.0,0.0,0.0,0.0,0.0,0.0,0.0,77.67837818008255,32.26629401691808,True,False,True,False,False,16.17245469212499,0,0.9580687731879187,1.000597594681407,False,False,False,False,0.32497866972486905,0.3299470832649353,False,False,False,False,-140411.0,-256825.672158297,False,False,False,False,15891.016300704116,False,False,False,False
2025-05-02 14:00:00+00:00,172.77,173.115,172.42,173.115,11615.0,,,,,,,,,,,,,,,,,,,,,163.4506758466584,,,"rgba(38, 166, 154, 1.0)",0.0,0.0,4.392542258817206,161.72241861096492,2.59361907473209,0.0,0.0,0.0,0.0,0.0,0.0,0.0,0.0,78.46801541583122,32.26629401691808,True,False,True,False,False,20.0,0,0.9597194438270235,0.9913314069793282,False,False,False,False,0.34282825138518974,0.33638766732506253,False,False,False,False,-128796.0,-254840.716000804,False,False,False,False,15824.72147433661,False,False,False,False
2025-05-02 15:00:00+00:00,173.115,173.55,172.61,173.475,11560.0,,,,,,,,,,,,,,,,,,,,,163.60359520531176,,,"rgba(38, 166, 154, 1.0)",0.0,0.0,4.574834388771274,161.8352099579079,2.544308504513616,0.0,0.0,0.0,0.0,0.0,0.0,0.0,0.0,79.32438714564204,32.26629401691808,True,False,True,False,False,20.0,0,0.9627424336009884,0.9883878937615805,False,False,False,False,0.3428282514234422,0.33960795937425237,False,False,False,False,-117236.0,-252707.30955117912,False,False,False,False,15758.601761556196,False,False,False,False
2025-05-02 16:00:00+00:00,173.44,173.86,173.41,173.825,10569.0,,,,,,,,,,,,,,,,,,,,,163.7461439053339,,,"rgba(38, 166, 154, 1.0)",0.0,0.0,4.752199607351078,161.94056805758572,2.5008276007662826,0.0,0.0,0.0,0.0,0.0,0.0,0.0,0.0,80.22062590724609,32.26629401691808,True,False,True,False,True,20.0,0,0.9692699109525831,0.99057144995136,False,False,False,False,0.34282825148905016,0.34121810543165126,False,False,False,False,-106667.0,-250443.1187054244,False,False,False,False,15678.142819516564,False,False,False,False
2025-05-02 17:00:00+00:00,173.74,174.21,173.66,174.04,6966.0,,,,,,,,,,,,,,,,,,,,,163.84042164126583,,,"rgba(38, 166, 154, 1.0)",0.0,0.0,4.920701428612517,162.01047337856212,2.4446772062798807,0.0,0.0,0.0,0.0,0.0,0.0,0.0,0.0,81.02404530832322,32.26629401691808,True,False,True,False,True,20.0,0,0.9674239391513212,0.9857636108887105,False,False,False,False,0.3428282515233297,0.3420231784774905,False,False,False,False,-99701.0,-248106.03159371237,False,False,False,False,15543.070837818634,False,False,False,False
2025-05-02 18:00:00+00:00,174.08,174.49,173.62,174.015,13649.0,,,,,,,,,,,,,,,,,,,,,164.02146731116804,,,"rgba(38, 166, 154, 1.0)",0.0,0.0,5.076349979770594,162.14565648022156,2.338164934860306,0.0,0.0,0.0,0.0,0.0,0.0,0.0,0.0,81.436459462844,32.26629401691808,True,False,True,False,True,20.0,0,0.9644161953856165,0.985836544717481,False,False,False,False,0.3428282515368178,0.34242571500715413,False,False,False,False,-113350.0,-246016.79079380987,False,False,False,False,15513.705398472608,False,False,False,False
2025-05-02 19:00:00+00:00,174.05,174.48,173.11,173.135,31485.0,,,,,,,,,,,,,,,,,,,,,164.3971978689784,,,"rgba(38, 166, 154, 1.0)",0.0,0.0,5.195649774241566,162.43297002226902,2.0598058842973495,0.0,0.0,0.0,0.0,0.0,0.0,0.0,0.0,77.5853756214338,31.227829777260524,True,False,True,False,False,19.001445727854207,0,0.96485439320085,0.9842269716285459,False,False,False,False,0.33536225448024,0.33889398474369703,False,False,False,False,-144835.0,-244448.0808590221,False,False,False,False,15761.322369038924,False,False,False,False
2025-05-05 14:00:00+00:00,174.005,174.88,173.845,174.64,10447.0,,,,,,,,,,,,,,,,,,,,,164.52675841119998,,,"rgba(38, 166, 154, 1.0)",0.0,0.0,5.327762057425283,162.5321840125412,2.2725894769613766,0.0,0.0,0.0,0.0,0.0,0.0,0.0,0.0,77.27184538701314,30.854279382729274,True,False,True,False,False,20.0,0,0.9703167872287354,0.9742828635569962,False,False,False,False,0.3428282515708134,0.3408611181572552,False,False,False,False,-134388.0,-242741.72301624654,False,False,False,False,15678.929774170105,False,False,False,False
2025-05-05 15:00:00+00:00,174.63,174.8,174.405,174.72,3515.0,,,,,,,,,,,,,,,,,,,,,164.57040870028905,,,"rgba(38, 166, 154, 1.0)",0.0,0.0,5.450037583141762,162.56568342787477,2.2301344507644063,0.0,0.0,0.0,0.0,0.0,0.0,0.0,0.0,77.16596256160707,30.577274577564395,True,False,True,False,False,20.0,0,0.9791797473440993,0.9708164854207995,False,False,False,False,0.34282825159679386,0.3418446848770246,False,False,False,False,-130873.0,-241007.3242097931,False,False,False,False,15490.341715655839,False,False,False,False
2025-05-05 16:00:00+00:00,174.675,175.15,174.635,174.83,2932.0,,,,,,,,,,,,,,,,,,,,,164.60735692379586,,,"rgba(38, 166, 154, 1.0)",0.0,0.0,5.568166997469799,162.5940090102998,2.197489945122031,0.0,0.0,0.0,0.0,0.0,0.0,0.0,0.0,77.24963957662496,30.423348746400123,True,False,True,False,False,20.0,0,0.9963285673656179,0.9597952271375747,False,False,False,False,0.3428282516275605,0.3423364682522925,False,False,False,False,-127941.0,-239254.35794297457,False,False,False,False,15295.638743320089,False,False,False,False
2025-05-05 17:00:00+00:00,174.88,174.95,174.485,174.79,3065.0,,,,,,,,,,,,,,,,,,,,,164.64521326672468,,,"rgba(38, 166, 154, 1.0)",0.0,0.0,5.687696774142834,162.62314655941768,2.1391529688950275,0.0,0.0,0.0,0.0,0.0,0.0,0.0,0.0,77.09515293507724,30.005296580659603,True,False,True,False,False,20.0,0,0.998011512297227,0.9558608058608052,False,False,False,False,0.3379573468105321,0.3401469075314123,False,False,False,False,-131006.0,-237576.0888275796,False,False,False,False,15106.016437222102,False,False,False,False
2025-05-05 18:00:00+00:00,174.79,175.17,174.685,174.97,6238.0,,,,,,,,,,,,,,,,,,,,,164.72290195245978,,,"rgba(38, 166, 154, 1.0)",0.0,0.0,5.8089651526020045,162.6829611511017,2.115185497953036,0.0,0.0,0.0,0.0,0.0,0.0,0.0,0.0,77.2987110044165,29.9441227756261,True,False,True,False,False,20.0,0,1.0042121890219826,0.9435303409240484,False,False,False,False,0.3428282516312285,0.34148757958132037,False,False,False,False,-124768.0,-235827.12621009775,False,False,False,False,14968.527810288428,False,False,False,False
2025-05-05 19:00:00+00:00,174.95,175.0,173.86,174.05,26835.0,,,,,,,,,,,,,,,,,,,,,165.02409078980818,,,"rgba(38, 166, 154, 1.0)",0.0,0.0,5.901222420317202,162.91980042060126,1.8860837275136089,0.0,0.0,0.0,0.0,0.0,0.0,0.0,0.0,72.62879689733361,25.465955208804544,False,False,True,False,False,19.18073910761296,0,1.00572665136041,0.9381152191697669,False,False,False,False,0.3290391792361714,0.33526337940874584,False,False,False,False,-151603.0,-234521.32580373966,False,False,False,False,15152.504123307212,False,False,False,False
2025-05-06 14:00:00+00:00,174.23,175.4,173.95,175.16,5216.0,,,,,,,,,,,,,,,,,,,,,165.0836881547146,,,"rgba(38, 166, 154, 1.0)",0.0,0.0,6.012179191493801,162.9667471810079,2.028092049592178,0.0,0.0,0.0,0.0,0.0,0.0,0.0,0.0,71.97722152167414,24.888768824019436,False,False,True,False,False,20.0,0,1.0136126768052751,0.9348346272466227,False,False,False,False,0.33581439012577957,0.3355388847672627,False,False,False,False,-146387.0,-233154.90214786772,False,False,False,False,14998.449795814076,False,False,False,False
2025-05-06 15:00:00+00:00,175.22,175.665,175.11,175.19,5583.0,,,,,,,,,,,,,,,,,,,,,165.14981443861117,,,"rgba(38, 166, 154, 1.0)",0.0,0.0,6.1081391513203425,163.01862583256707,1.992648475403831,0.0,0.0,0.0,0.0,0.0,0.0,0.0,0.0,71.60226618566762,24.482456083679352,False,True,True,False,False,20.0,0,1.0236158983196901,0.9294215855234806,False,False,False,False,0.3428282516785528,0.33918356822290774,False,False,False,False,-140804.0,-231723.10521534263,False,False,False,False,14852.4738299875,False,False,False,False
2025-05-06 16:00:00+00:00,175.17,175.61,174.91,175.03,6705.0,,,,,,,,,,,,,,,,,,,,,165.2270448820311,,,"rgba(38, 166, 154, 1.0)",0.0,0.0,6.178140925658614,163.07958753066427,1.934305580454491,0.0,0.0,0.0,0.0,0.0,0.0,0.0,0.0,70.52113103306604,23.37415811164398,False,True,True,False,False,20.0,0,1.0485959917378442,0.9260034611734487,False,False,False,False,0.3393427788168292,0.33926317351986846,False,False,False,False,-147509.0,-230417.4601732443,False,False,False,False,14726.156406266764,False,False,False,False
2025-05-06 17:00:00+00:00,175.03,175.55,174.965,175.13,5782.0,,,,,,,,,,,,,,,,,,,,,165.2929043126352,,,"rgba(38, 166, 154, 1.0)",0.0,0.0,6.241723240340735,163.1317561390204,1.9222646373414982,0.0,0.0,0.0,0.0,0.0,0.0,0.0,0.0,70.05505833304764,22.82318739404667,False,True,True,False,False,20.0,0,1.0518353599360624,0.9074042358851393,False,False,False,False,0.3392745157897695,0.339268844654819,False,False,False,False,-141727.0,-229042.41427908547,False,False,False,False,14587.487314696737,False,False,False,False
2025-05-06 18:00:00+00:00,175.13,175.89,175.13,175.82,14104.0,,,,,,,,,,,,,,,,,,,,,165.45627478225214,,,"rgba(38, 166, 154, 1.0)",0.0,0.0,6.3117116223417815,163.26117596846098,1.9897651830422858,0.0,0.0,0.0,0.0,0.0,0.0,0.0,0.0,71.36904741859814,22.82318739404667,False,True,True,False,True,20.0,0,1.0542210217803576,0.8886558243779087,False,False,False,False,0.3428282516908855,0.34104854817285224,False,False,False,False,-127623.0,-227470.02025925467,False,False,False,False,14579.991387337097,False,False,False,False
2025-05-06 19:00:00+00:00,175.845,176.2,175.16,175.18,28266.0,,,,,,,,,,,,,,,,,,,,,165.7655214308585,,,"rgba(38, 166, 154, 1.0)",0.0,0.0,6.359217887770865,163.50976032462782,1.8351690225640354,0.0,0.0,0.0,0.0,0.0,0.0,0.0,0.0,68.75673359600049,21.621511300602663,False,True,True,False,False,20.0,0,1.053590661659826,0.894856344424067,False,False,False,False,0.342828251707817,0.3419383999403346,False,False,False,False,-155889.0,-226360.23699942126,False,False,False,False,14792.177567378381,False,False,False,False
2025-05-07 14:00:00+00:00,175.59,175.76,175.13,175.76,6024.0,,,,,,,,,,,,,,,,,,,,,165.8292237988242,,,"rgba(38, 166, 154, 1.0)",0.0,0.0,6.410378198565939,163.56147044284896,1.9029344571089357,0.0,0.0,0.0,0.0,0.0,0.0,0.0,0.0,68.54703699650642,21.401591415266594,False,True,True,False,False,20.0,0,1.0427618099865366,0.8977345899432178,False,False,False,False,0.3364786932515425,0.3392085465959386,False,False,False,False,-149865.0,-225174.2643327636,False,False,False,False,14656.236829899646,False,False,False,False
2025-05-07 15:00:00+00:00,175.69,176.55,175.56,176.55,1951.0,,,,,,,,,,,,,,,,,,,,,165.85108748607843,,,"rgba(38, 166, 154, 1.0)",0.0,0.0,6.469503296305044,163.5790666912337,2.0049349563164247,0.0,0.0,0.0,0.0,0.0,0.0,0.0,0.0,70.12670751218698,21.401591415266594,False,True,True,False,True,20.0,0,1.0473068328825124,0.8919499000352809,False,False,False,False,0.3428282517444323,0.34101839917018545,False,False,False,False,-147914.0,-223976.43077721685,False,False,False,False,14459.25641393221,False,False,False,False
2025-05-07 16:00:00+00:00,176.55,176.82,176.24,176.75,3146.0,,,,,,,,,,,,,,,,,,,,,165.88744590647676,,,"rgba(38, 166, 154, 1.0)",0.0,0.0,6.523472661670973,163.6082050565613,2.0145397436328727,0.0,0.0,0.0,0.0,0.0,0.0,0.0,0.0,71.57219706460064,18.627688712343485,False,True,True,False,True,20.0,0,1.0443560447448708,0.9044086857689769,False,False,False,False,0.3428282517894139,0.34192332547979964,False,False,False,False,-144768.0,-222748.39309074837,False,False,False,False,14283.857089685198,False,False,False,False
2025-05-07 17:00:00+00:00,176.68,176.815,176.11,176.23,2548.0,,,,,,,,,,,,,,,,,,,,,165.91611717218058,,,"rgba(38, 166, 154, 1.0)",0.0,0.0,6.494423531693178,163.63129576402335,1.9399264883933431,0.0,0.0,0.0,0.0,0.0,0.0,0.0,0.0,69.70198057774506,18.627688712343485,False,True,True,False,False,20.0,0,1.0511910490856595,0.893046198267564,False,False,False,False,0.3410567497689016,0.3414900376243506,False,False,False,False,-147316.0,-221578.89862422514,False,False,False,False,14101.9058169769,False,False,False,False
2025-05-07 18:00:00+00:00,176.195,176.975,175.67,176.83,9022.0,,,,,,,,,,,,,,,,,,,,,166.01741153838802,,,"rgba(38, 166, 154, 1.0)",0.0,0.0,6.438550192130038,163.7130164321548,2.037257329123309,0.0,0.0,0.0,0.0,0.0,0.0,0.0,0.0,69.91967289276849,18.627688712343485,False,True,True,False,False,20.0,0,1.051345555589115,0.8912380319550567,False,False,False,False,0.3373890703212118,0.3394395539727812,False,False,False,False,-138294.0,-220287.65988586505,False,False,False,False,14023.147587256328,False,False,False,False
2025-05-07 19:00:00+00:00,176.86,176.98,175.945,176.56,13019.0,,,,,,,,,,,,,,,,,,,,,166.16025388160463,,,"rgba(38, 166, 154, 1.0)",0.0,0.0,6.3690290518307675,163.8289806463543,1.998894847243034,0.0,0.0,0.0,0.0,0.0,0.0,0.0,0.0,68.62636367164971,21.626520630247143,False,True,True,False,False,20.0,0,1.064248861911988,0.8786646433990888,False,False,False,False,0.3410567497689009,0.340248151870841,False,False,False,False,-151313.0,-219218.28531399116,False,False,False,False,14007.579407608942,False,False,False,False
2025-05-08 14:00:00+00:00,178.25,178.55,177.28,177.435,14492.0,,,,,,,,,,,,,,,,,,,,,166.33358095095647,,,"rgba(38, 166, 154, 1.0)",0.0,0.0,6.265544840167173,163.96826212310006,2.149332295982839,0.0,0.0,0.0,0.0,0.0,0.0,0.0,0.0,69.83294689046674,21.626520630247143,False,True,True,False,False,20.0,0,1.064494680851064,0.8689555125725331,False,False,False,False,0.3428282519123265,0.3415382018915838,False,False,False,False,-136821.0,-217940.80802230138,False,False,False,False,14015.089804390198,False,False,False,False
2025-05-08 15:00:00+00:00,177.435,178.465,177.14,178.04,11643.0,,,,,,,,,,,,,,,,,,,,,166.470627130288,,,"rgba(38, 166, 154, 1.0)",0.0,0.0,6.1676099390575745,164.0789994559766,2.2635997869470756,0.0,0.0,0.0,0.0,0.0,0.0,0.0,0.0,71.78878126544876,18.725421803792727,False,True,True,False,True,20.0,0,1.0866781580891407,0.863826643683821,False,False,False,False,0.3400149081225647,0.34077655500707427,False,False,False,False,-125178.0,-216502.62495218817,False,False,False,False,13978.313218275622,False,False,False,False
2025-05-08 16:00:00+00:00,177.99,178.38,177.915,178.38,12338.0,,,,,,,,,,,,,,,,,,,,,166.61661228918913,,,"rgba(38, 166, 154, 1.0)",0.0,0.0,6.101161629167574,164.19719316562495,2.324607623337149,0.0,0.0,0.0,0.0,0.0,0.0,0.0,0.0,73.68354832362905,20.507847070225438,False,True,True,False,True,20.0,0,1.1094729546671709,0.8468953785086469,False,False,False,False,0.34282825193184085,0.34180240346945756,False,False,False,False,-112840.0,-214895.4524723093,False,False,False,False,13952.882005589177,False,False,False,False
2025-05-08 17:00:00+00:00,178.36,178.4,177.56,177.64,10681.0,,,,,,,,,,,,,,,,,,,,,166.7362826338893,,,"rgba(38, 166, 154, 1.0)",0.0,0.0,6.101752253866846,164.29515137942727,2.1870518607365166,0.0,0.0,0.0,0.0,0.0,0.0,0.0,0.0,71.03307432498357,20.507847070225438,False,True,True,False,False,20.0,0,1.1087501985072261,0.834270287438462,False,False,False,False,0.33855889314484816,0.3401806483071529,False,False,False,False,-123521.0,-213478.79429444403,False,False,False,False,13902.155152789344,False,False,False,False
2025-05-08 18:00:00+00:00,177.66,177.88,177.325,177.34,12087.0,,,,,,,,,,,,,,,,,,,,,166.86448881972015,,,"rgba(38, 166, 154, 1.0)",0.0,0.0,6.114277949017322,164.40127440196832,2.1161493975116348,0.0,0.0,0.0,0.0,0.0,0.0,0.0,0.0,67.84956339790367,21.552456648194095,False,True,True,False,False,20.0,0,1.1023644752018458,0.8406382160707414,False,False,False,False,0.3273304205561257,0.3337555344316393,False,False,False,False,-135608.0,-212271.49515809608,False,False,False,False,13874.01321243602,False,False,False,False
2025-05-08 19:00:00+00:00,177.325,177.745,176.41,176.5,41686.0,,,,,,,,,,,,,,,,,,,,,167.25934932285958,,,"rgba(38, 166, 154, 1.0)",0.0,0.0,6.098728760610458,164.73608535501444,1.928912582727821,0.0,0.0,0.0,0.0,0.0,0.0,0.0,0.0,62.25976995436298,16.576582115277432,False,True,True,False,False,18.407920759903348,0,1.0954183133498563,0.881204367338736,False,False,False,False,0.312543640629674,0.32314958753065665,False,False,False,False,-177294.0,-211729.2084114589,False,False,False,False,14305.206806041662,False,False,False,False
2025-05-09 14:00:00+00:00,178.1,178.17,177.46,177.98,14450.0,,,,,,,,,,,,,,,,,,,,,167.4023313361248,,,"rgba(38, 166, 154, 1.0)",0.0,0.0,6.071536922691431,164.8569316171993,2.1614079844849896,0.0,0.0,0.0,0.0,0.0,0.0,0.0,0.0,62.62847981136192,16.576582115277432,False,True,True,False,False,20.0,0,1.0620489647265128,0.8691576178593101,False,False,False,False,0.33335473726768994,0.3282521623991733,False,False,False,False,-162844.0,-210971.2982035293,False,False,False,False,14307.451661761945,False,False,False,False
2025-05-09 15:00:00+00:00,178.13,178.81,177.77,178.81,11967.0,,,,,,,,,,,,,,,,,,,,,167.52440767766277,,,"rgba(38, 166, 154, 1.0)",0.0,0.0,6.082391386780676,164.95979858455652,2.2770980252183666,0.0,0.0,0.0,0.0,0.0,0.0,0.0,0.0,64.54450222303852,16.576582115277432,False,True,True,False,True,20.0,0,1.0624808262603542,0.8652895660769669,False,False,False,False,0.34282825157299673,0.335540206986085,False,False,False,False,-150877.0,-210039.60365773813,False,False,False,False,14271.165589486565,False,False,False,False
2025-05-09 16:00:00+00:00,178.82,179.005,178.335,178.355,6720.0,,,,,,,,,,,,,,,,,,,,,167.59241099970643,,,"rgba(38, 166, 154, 1.0)",0.0,0.0,6.081250587807869,165.01726567986938,2.193255174662768,0.0,0.0,0.0,0.0,0.0,0.0,0.0,0.0,64.04884586766613,16.576582115277432,False,True,True,False,True,20.0,0,1.0654122171479592,0.860625622360333,False,False,False,False,0.3428282516138521,0.33918422929996855,False,False,False,False,-157597.0,-209226.54003513756,False,False,False,False,14154.093254765843,False,False,False,False
2025-05-09 17:00:00+00:00,178.39,179.075,178.25,178.845,9120.0,,,,,,,,,,,,,,,,,,,,,167.68468497256862,,,"rgba(38, 166, 154, 1.0)",0.0,0.0,6.097876700315786,165.09534382722515,2.254826859989282,0.0,0.0,0.0,0.0,0.0,0.0,0.0,0.0,64.77900674280811,16.576582115277432,False,True,True,False,True,20.0,0,1.0782898389783457,0.8525471960022203,False,False,False,False,0.34261815054473455,0.3409011899223515,False,False,False,False,-148477.0,-208284.68670125946,False,False,False,False,14076.045297327613,False,False,False,False
2025-05-09 18:00:00+00:00,178.805,179.23,178.805,179.12,10973.0,,,,,,,,,,,,,,,,,,,,,167.79694198594206,,,"rgba(38, 166, 154, 1.0)",0.0,0.0,6.089582344885163,165.19030716874462,2.28746275891242,0.0,0.0,0.0,0.0,0.0,0.0,0.0,0.0,65.84618190923769,16.576582115277432,False,True,True,False,True,20.0,0,1.0992317992811336,0.8351539925294235,False,False,False,False,0.34282825152530466,0.3418647207238281,False,False,False,False,-137504.0,-207187.31171364302,False,False,False,False,14027.936067911682,False,True,False,False
2025-05-09 19:00:00+00:00,179.175,179.435,178.32,178.365,28641.0,,,,,,,,,,,,,,,,,,,,,168.07109434429103,,,"rgba(38, 166, 154, 1.0)",1.0,181.5975,6.066737645362593,167.08567372925845,1.8592078527350637,0.0,0.0,0.0,0.0,0.0,0.0,0.0,0.0,63.44395036981588,16.576582115277432,False,True,True,False,False,20.0,0,1.0906329294878672,0.8413566348593681,False,False,False,False,0.3387827704694395,0.3403237455966338,False,False,False,False,-166145.0,-206550.99680335398,False,False,False,False,14254.495198641733,False,False,False,False
2025-05-12 14:00:00+00:00,172.475,173.575,171.405,172.825,30907.0,,,,,,,,,,,,,,,,,,,,,168.19070775723287,,,"rgba(239, 83, 80, 1.0)",0.0,0.0,5.970567455337958,167.44664625718968,0.9008111512083851,0.0,0.0,0.0,0.0,0.0,0.0,0.0,0.0,51.45425595802339,6.831603547870387,False,True,False,False,False,5.512695382554089,0,1.0599127786238407,0.8614841478609988,False,False,False,False,0.16312820601284397,0.2517259758047389,False,False,False,False,-197052.0,-206403.72553508493,False,False,False,False,14512.673567655038,False,False,False,False
2025-05-12 15:00:00+00:00,172.825,173.57,172.56,172.95,13231.0,,,,,,,,,,,,,,,,,,,,,168.24475384798185,,,"rgba(239, 83, 80, 1.0)",0.0,0.0,5.858192587086009,167.45442165635717,0.9381013447317269,0.0,0.0,0.0,0.0,0.0,0.0,0.0,0.0,43.782916012761675,0.3508416415709661,False,True,False,True,False,5.756006268558323,0,1.0722206625491302,0.8603312745648503,False,False,False,False,0.17839065991182051,0.2150583178582797,False,False,False,False,-183821.0,-206053.60575934718,False,False,False,False,14492.802659629378,False,False,False,False
2025-05-12 16:00:00+00:00,172.955,173.855,172.94,173.645,9379.0,,,,,,,,,,,,,,,,,,,,,168.28590250332144,,,"rgba(239, 83, 80, 1.0)",0.0,0.0,5.759758835823681,167.48171887459034,1.0700588863332645,0.0,0.0,0.0,0.0,0.0,0.0,0.0,0.0,40.50204785760523,-2.1026867782863405,False,True,False,True,False,7.104794893933519,0,1.0730071312575022,0.8511614770881866,False,False,False,False,0.18725356856228173,0.2011559432102807,False,False,False,False,-174442.0,-205563.50334447355,False,False,False,False,14413.51889746458,False,False,False,False
2025-05-12 17:00:00+00:00,173.59,173.84,173.1,173.5,15093.0,,,,,,,,,,,,,,,,,,,,,168.3507792359513,,,"rgba(239, 83, 80, 1.0)",0.0,0.0,5.6816206172042145,167.5246802602134,1.051692843005579,0.0,0.0,0.0,0.0,0.0,0.0,0.0,0.0,38.11432511706516,-4.017950428745294,False,True,False,True,False,6.7657242459319065,0,1.0837438423645323,0.8446491040194178,False,False,False,False,0.18869613605110783,0.19492603963069427,False,False,False,False,-189535.0,-205314.99941665222,False,False,False,False,14424.053488201564,False,False,False,False
2025-05-12 18:00:00+00:00,173.51,173.93,173.05,173.185,23028.0,,,,,,,,,,,,,,,,,,,,,168.4449856936625,,,"rgba(239, 83, 80, 1.0)",0.0,0.0,5.600182483352577,167.58513443565397,0.9999434091643467,0.0,0.0,0.0,0.0,0.0,0.0,0.0,0.0,36.06121041194853,-5.878088823865923,False,True,False,True,False,6.02398416660585,0,1.076321009918846,0.8504959422903506,False,False,False,False,0.18923222524701752,0.19207913243885588,False,False,False,False,-212563.0,-205427.37151871962,False,False,False,False,14557.448007764331,False,False,False,False
2025-05-12 19:00:00+00:00,173.265,173.46,172.3,173.46,56400.0,,,,,,,,,,,,,,,,,,,,,168.64768878157318,,,"rgba(239, 83, 80, 1.0)",0.0,0.0,5.526204049634833,167.70797322962497,1.0408639852441077,0.0,0.0,0.0,0.0,0.0,0.0,0.0,0.0,35.58094953754351,-6.509246803000423,False,True,False,True,False,6.576925565814072,0,1.059650648691745,0.8610929912299765,False,False,False,False,0.17292827523134316,0.1825037038350995,False,False,False,False,-156163.0,-204663.58281300304,False,False,False,False,15206.16974407806,False,False,False,False
2025-05-13 14:00:00+00:00,174.7,174.78,173.76,173.78,12989.0,,,,,,,,,,,,,,,,,,,,,168.70219974635694,,,"rgba(239, 83, 80, 1.0)",0.0,0.0,5.444159104154986,167.76183367163947,1.1054354241351005,0.0,0.0,0.0,0.0,0.0,0.0,0.0,0.0,36.323807093883374,-6.509246803000423,False,True,False,True,False,7.222075233901798,0,1.06336833748331,0.850925625202987,False,False,False,False,0.21022696386399092,0.19636533384954521,False,False,False,False,-143174.0,-203710.25594768516,False,False,False,False,15171.795019363672,False,False,False,False
2025-05-13 15:00:00+00:00,173.88,174.04,173.15,173.195,9139.0,,,,,,,,,,,,,,,,,,,,,168.73540549006796,,,"rgba(239, 83, 80, 1.0)",0.0,0.0,5.3581042028548636,167.7887247209256,1.0089903209037774,0.0,0.0,0.0,0.0,0.0,0.0,0.0,0.0,35.66997942889611,-7.213115151961134,False,True,False,True,False,5.800879825561186,0,1.059088777461131,0.8569315681252471,False,False,False,False,0.19204846527444905,0.19420689956199713,False,False,False,False,-152313.0,-202913.3992663257,False,False,False,False,15078.263313637102,False,False,False,False
2025-05-13 16:00:00+00:00,173.3,173.575,173.21,173.3,7012.0,,,,,,,,,,,,,,,,,,,,,168.76003805824004,,,"rgba(239, 83, 80, 1.0)",0.0,0.0,5.265504457237837,167.8080825957101,1.0429992888413309,0.0,0.0,0.0,0.0,0.0,0.0,0.0,0.0,35.62960693790375,-7.824825940246967,False,True,False,True,False,6.019253664023974,0,1.0586707240138054,0.8682970274984219,False,False,False,False,0.1866197995834651,0.19041334957273112,False,False,False,False,-145301.0,-202020.1837738245,False,False,False,False,14953.20496768924,False,False,False,False
2025-05-13 17:00:00+00:00,173.305,173.75,172.87,173.16,10010.0,,,,,,,,,,,,,,,,,,,,,168.7939843203041,,,"rgba(239, 83, 80, 1.0)",0.0,0.0,5.160469219709575,167.83402514430415,1.0320718192357683,0.0,0.0,0.0,0.0,0.0,0.0,0.0,0.0,35.28986455253347,-8.758073282222014,False,True,False,True,False,5.6728836578907895,0,1.0597181838514877,0.8657645567732788,False,False,False,False,0.18441125204769293,0.18741230081021204,False,False,False,False,-155311.0,-201296.01038198225,False,False,False,False,14876.56613098088,False,False,False,False
2025-05-13 18:00:00+00:00,173.17,173.41,173.01,173.325,3560.0,,,,,,,,,,,,,,,,,,,,,168.80590276780865,,,"rgba(239, 83, 80, 1.0)",0.0,0.0,5.053703574589852,167.84317803790958,1.084713790823258,0.0,0.0,0.0,0.0,0.0,0.0,0.0,0.0,35.80051745748726,-8.814280745609679,False,True,False,True,False,6.027499264056296,0,1.0621519602347052,0.8611952012557453,False,False,False,False,0.18173660548301152,0.18457445314661178,False,False,False,False,-151751.0,-200527.87068613755,False,False,False,False,14701.115493291254,False,False,False,False
2025-05-13 19:00:00+00:00,173.285,173.96,172.84,172.9,26080.0,,,,,,,,,,,,,,,,,,,,,168.89101936562486,,,"rgba(239, 83, 80, 1.0)",0.0,0.0,4.948150851262451,167.90942168633947,1.0085744076268934,0.0,0.0,0.0,0.0,0.0,0.0,0.0,0.0,35.04546789196219,-10.072024062196895,False,True,False,True,False,4.952603799712051,0,1.060449824404095,0.8600089665994162,False,False,False,False,0.18682066558913865,0.18569755936787521,False,False,False,False,-177831.0,-200175.98121813542,False,False,False,False,14877.532307348754,False,False,False,False
2025-05-14 14:00:00+00:00,173.02,173.18,172.49,172.96,11234.0,,,,,,,,,,,,,,,,,,,,,168.9237539293261,,,"rgba(239, 83, 80, 1.0)",0.0,0.0,4.828475906181897,167.93239891332192,1.041239758541873,0.0,0.0,0.0,0.0,0.0,0.0,0.0,0.0,34.851767444326256,-10.763378787582646,False,True,False,True,False,5.086211925885131,0,1.0507335647888905,0.8693396050322909,False,False,False,False,0.1717292247385965,0.17871339205323586,False,False,False,False,-166597.0,-199655.37685816432,False,False,False,False,14821.043434366602,False,False,False,False
2025-05-14 15:00:00+00:00,172.96,172.98,172.2,172.4,8094.0,,,,,,,,,,,,,,,,,,,,,168.9449486581094,,,"rgba(239, 83, 80, 1.0)",0.0,0.0,4.7141147526235985,167.9453728597847,0.9449551769472997,0.0,0.0,0.0,0.0,0.0,0.0,0.0,0.0,33.252390668200896,-12.696710774578996,False,True,False,True,False,3.6573479819615535,1,1.0484461377558645,0.8729269385925585,False,False,False,False,0.16520953906554064,0.17196146555938824,False,False,False,False,-174691.0,-199268.33225571216,False,False,False,False,14716.748187322159,False,False,False,False
2025-05-14 16:00:00+00:00,172.4,172.53,172.0,172.305,11683.0,,,,,,,,,,,,,,,,,,,,,168.97301453719518,,,"rgba(239, 83, 80, 1.0)",0.0,0.0,4.593159793855912,167.96085509492383,0.9457857118071896,0.0,0.0,0.0,0.0,0.0,0.0,0.0,0.0,31.947290177758443,-14.247068493223445,False,True,False,True,False,3.4151655191086547,0,1.0444411080249234,0.8824412581638006,False,False,False,False,0.1565823088530954,0.1642718872062418,False,False,False,False,-186374.0,-199068.4201277166,False,False,False,False,14669.713331704761,False,False,False,False
2025-05-14 17:00:00+00:00,172.225,172.49,171.97,172.2,8816.0,,,,,,,,,,,,,,,,,,,,,168.9935138932851,,,"rgba(239, 83, 80, 1.0)",0.0,0.0,4.48763955591204,167.97233404794923,0.9420689650712271,0.0,0.0,0.0,0.0,0.0,0.0,0.0,0.0,30.79566105667827,-15.592724981405595,False,True,False,True,False,3.143810664545832,0,1.0437203702310183,0.8820829257280448,False,False,False,False,0.15565462218088766,0.15996325469356473,False,False,False,False,-195190.0,-199008.28958310085,False,False,False,False,14578.958086251974,False,False,False,False
2025-05-14 18:00:00+00:00,172.2,172.21,171.89,172.005,13936.0,,,,,,,,,,,,,,,,,,,,,169.02356770320011,,,"rgba(239, 83, 80, 1.0)",0.0,0.0,4.357864876207378,167.98808906067165,0.921761241671227,0.0,0.0,0.0,0.0,0.0,0.0,0.0,0.0,29.489000469536037,-17.037361583255525,False,True,False,True,False,2.634699472077987,0,1.0437928695258916,0.8811336398582941,False,False,False,False,0.15088782181447352,0.1554255382540191,False,False,False,False,-209126.0,-199165.15331049464,False,False,False,False,14568.989743829463,False,False,False,False
2025-05-14 19:00:00+00:00,172.005,172.09,170.92,171.85,51455.0,,,,,,,,,,,,,,,,,,,,,169.1149616681842,,,"rgba(239, 83, 80, 1.0)",0.0,0.0,4.203008743209822,168.3891208210647,0.8234289744285043,0.0,0.0,0.0,0.0,0.0,0.0,0.0,0.0,28.185281036453446,-18.437959240331114,False,True,False,True,False,2.226609392033808,0,1.0385265292328492,0.8813788442041223,False,False,True,False,0.1364955028908516,0.14596052057243536,False,False,True,False,-260581.0,-200117.33698009938,False,False,False,False,15140.865871832106,False,False,True,False
2025-05-15 14:00:00+00:00,173.25,173.8,173.22,173.515,11517.0,,,,,,,,,,,,,,,,,,,,,169.14933102289578,,,"rgba(239, 83, 80, 1.0)",0.0,0.0,4.041988580474647,168.4539490204666,1.2521190693069852,0.0,0.0,0.0,0.0,0.0,0.0,0.0,0.0,36.45807741777996,-17.548889491283994,False,True,False,True,True,6.1912195240481545,0,1.0449847572310211,0.8760130864748299,False,False,False,False,0.18976842195205748,0.1678644712622464,False,False,False,False,-249064.0,-200876.199972656,False,False,False,False,15084.681904826957,False,False,False,False
2025-05-15 15:00:00+00:00,173.5,174.06,173.46,173.895,11600.0,,,,,,,,,,,,,,,,,,,,,169.18570064439197,,,"rgba(38, 166, 154, 1.0)",0.0,0.0,3.8704258349885694,168.51557701007812,1.3898788451885629,0.0,0.0,0.0,0.0,0.0,0.0,0.0,0.0,43.32740073302074,-11.609552430147787,False,True,False,True,True,7.053283768931518,0,1.0492831541218641,0.8753733572281951,False,False,False,False,0.19648009126825083,0.18217228126524862,False,False,False,False,-237464.0,-201443.4526862582,False,False,False,False,15030.655828783127,False,False,False,False
2025-05-15 16:00:00+00:00,173.89,174.08,173.3,173.38,7004.0,,,,,,,,,,,,,,,,,,,,,169.2063615426585,,,"rgba(38, 166, 154, 1.0)",0.0,0.0,3.700146731933844,168.54528419939922,1.3066281287915198,0.0,0.0,0.0,0.0,0.0,0.0,0.0,0.0,45.69190754922543,-9.879209371663748,False,True,False,True,True,5.655856429419579,0,1.055663842866782,0.8699302796311558,False,False,False,False,0.19459908656103483,0.18838568391314173,False,False,False,False,-244468.0,-202110.4999314325,False,False,False,False,14906.211552367884,False,False,False,False
2025-05-15 17:00:00+00:00,173.38,173.93,173.38,173.79,1635.0,,,,,,,,,,,,,,,,,,,,,169.21128075133592,,,"rgba(38, 166, 154, 1.0)",0.0,0.0,3.5520491383262125,168.55230259717393,1.4745565725180683,0.0,0.0,0.0,0.0,0.0,0.0,0.0,0.0,48.82904638437067,-7.238804548138681,False,True,False,False,True,6.602150822036098,0,1.0495060661833755,0.8755587274161429,False,False,False,False,0.19365909473580392,0.19102238932447282,False,False,False,False,-242833.0,-202741.85652164285,False,False,False,False,14700.456334501714,False,False,False,False
2025-05-15 18:00:00+00:00,173.775,174.775,173.73,174.75,6039.0,,,,,,,,,,,,,,,,,,,,,169.2322500486799,,,"rgba(38, 166, 154, 1.0)",0.0,0.0,3.406112023571753,168.58600647228417,1.8096860834459814,0.0,0.0,0.0,0.0,0.0,0.0,0.0,0.0,53.90185867185759,-2.748469219536986,False,False,True,False,True,8.761814891537252,0,1.0512274408698579,0.8669431678062987,False,False,False,False,0.20975398633304793,0.2003881878287604,False,False,False,False,-236794.0,-203269.79673060964,False,False,False,False,14566.170189780756,False,False,False,False
2025-05-15 19:00:00+00:00,174.75,175.205,174.54,174.72,18356.0,,,,,,,,,,,,,,,,,,,,,169.2998408564281,,,"rgba(38, 166, 154, 1.0)",0.0,0.0,3.255590440629794,168.690839978446,1.8519405716118427,0.0,0.0,0.0,0.0,0.0,0.0,0.0,0.0,57.135250226455724,0.05481104157056649,True,False,True,False,True,8.677563568384162,0,1.0701714716412285,0.8611644997173533,False,False,False,False,0.22656908890143196,0.21347863836509617,False,False,False,False,-255150.0,-204074.14096734437,False,False,False,False,14624.927241101985,False,False,False,False
2025-05-16 14:00:00+00:00,174.985,176.04,174.85,175.86,9532.0,,,,,,,,,,,,,,,,,,,,,169.3390520083187,,,"rgba(38, 166, 154, 1.0)",0.0,0.0,3.13472853258077,168.751834807288,2.2675536713413544,0.0,0.0,0.0,0.0,0.0,0.0,0.0,0.0,62.071451932798276,4.5053389168403015,True,False,True,False,True,11.167178685052189,0,1.0708498987322783,0.846673167804365,False,False,False,False,0.24220840808290248,0.2278435232239993,False,False,False,False,-245618.0,-204718.23180505994,False,False,False,False,14545.967128836837,False,False,False,False
2025-05-16 15:00:00+00:00,175.86,176.15,175.64,175.685,6076.0,,,,,,,,,,,,,,,,,,,,,169.36474955050005,,,"rgba(38, 166, 154, 1.0)",0.0,0.0,3.000232330343615,168.79096693933144,2.297833068107426,0.0,0.0,0.0,0.0,0.0,0.0,0.0,0.0,64.44922465996015,6.637147640037703,True,False,True,False,True,10.663475666952863,0,1.0824443020318921,0.8437064123346015,False,False,False,False,0.2545830614540768,0.24121329233903804,False,False,False,False,-251694.0,-205446.53828870243,False,False,False,False,14414.64980900991,False,False,False,False
2025-05-16 16:00:00+00:00,175.685,176.075,175.44,175.86,9017.0,,,,,,,,,,,,,,,,,,,,,169.4023176342384,,,"rgba(38, 166, 154, 1.0)",0.0,0.0,2.874061238039836,168.84570135967843,2.4405529525548553,0.0,0.0,0.0,0.0,0.0,0.0,0.0,0.0,66.45601790388238,8.59832767782735,True,False,True,False,True,11.044964079615184,0,1.0738385376999242,0.8530845392231525,False,False,False,False,0.2507939776338649,0.24600363498645147,False,False,False,False,-242677.0,-206023.7547493427,False,False,False,False,14330.965315846965,False,False,False,False
2025-05-16 17:00:00+00:00,175.86,176.07,175.6,175.6,11341.0,,,,,,,,,,,,,,,,,,,,,169.44869386379597,,,"rgba(38, 166, 154, 1.0)",0.0,0.0,2.7328921880884396,168.90988637082063,2.4479976408651747,0.0,0.0,0.0,0.0,0.0,0.0,0.0,0.0,66.28490087869989,8.695214107243949,True,False,True,False,True,10.278358787121938,0,1.072537473233405,0.8538161517283568,False,False,False,False,0.2529287689635305,0.24946620197499098,False,False,False,False,-254018.0,-206767.8515749343,False,False,False,False,14284.609264438484,False,False,False,False
2025-05-16 18:00:00+00:00,175.7,175.97,175.625,175.79,4935.0,,,,,,,,,,,,,,,,,,,,,169.46878498280887,,,"rgba(38, 166, 154, 1.0)",0.0,0.0,2.6223998138702873,168.93689692967527,2.6132945228555826,0.0,0.0,0.0,0.0,0.0,0.0,0.0,0.0,66.74029681042757,9.580180127600514,True,False,True,False,True,10.705502813539717,0,1.070628404818538,0.8545231335839785,False,False,False,False,0.251895524657486,0.2506808633162385,False,False,False,False,-249083.0,-207423.900387726,False,False,False,False,14139.65408204409,False,False,False,False
2025-05-16 19:00:00+00:00,175.795,176.145,175.795,176.11,15123.0,,,,,,,,,,,,,,,,,,,,,169.53169818247505,,,"rgba(38, 166, 154, 1.0)",0.0,0.0,2.5171534348183022,169.02045571894587,2.816492702824012,0.0,0.0,0.0,0.0,0.0,0.0,0.0,0.0,67.9798156975287,11.257076650027102,True,False,True,False,True,11.426561838080264,0,1.0739998458336548,0.8518846835735753,False,False,False,False,0.25665284815623113,0.2536668557362348,False,False,False,False,-233960.0,-207835.31278481553,False,False,False,False,14154.899755190694,False,False,False,False
2025-05-19 14:00:00+00:00,176.94,177.115,176.31,176.4,9582.0,,,,,,,,,,,,,,,,,,,,,169.5745185207872,,,"rgba(38, 166, 154, 1.0)",0.0,0.0,2.4107483100517983,169.0781813810703,3.037155968709314,0.0,0.0,0.0,0.0,0.0,0.0,0.0,0.0,69.60670089837073,13.270104579293296,True,False,True,False,True,12.079111847896066,0,1.0752833243389104,0.8470819520468731,False,False,False,False,0.2772633958304345,0.2654651257833347,False,False,False,False,-224378.0,-208091.78855559358,False,False,False,False,14084.002084567583,False,False,False,False
2025-05-19 15:00:00+00:00,176.475,176.975,176.475,176.845,8110.0,,,,,,,,,,,,,,,,,,,,,169.61115615586368,,,"rgba(38, 166, 154, 1.0)",0.0,0.0,2.259900087483655,169.12684391484476,3.4152642977014205,0.0,0.0,0.0,0.0,0.0,0.0,0.0,0.0,71.80465354036991,15.748857156047109,True,False,True,False,True,13.074389686568018,0,1.0886657325237434,0.8403783278841657,False,False,False,False,0.277612302365776,0.2715387140745553,False,False,False,False,-216268.0,-208218.5515237239,False,False,False,False,13991.381897209945,False,False,False,False
2025-05-19 16:00:00+00:00,176.88,177.405,176.88,177.36,4632.0,,,,,,,,,,,,,,,,,,,,,169.63322036243065,,,"rgba(38, 166, 154, 1.0)",0.0,0.0,2.1505499506157375,169.88918798136464,3.473907693469922,0.0,0.0,0.0,0.0,0.0,0.0,0.0,0.0,74.36556310978307,18.47561958213484,True,False,True,False,True,14.209931844548375,0,1.0877770888234388,0.8266935358859087,False,False,False,False,0.2893042981413522,0.2804215061079538,False,True,False,False,-211636.0,-208271.5352210305,False,False,False,False,13846.27520112917,False,True,False,False
2025-05-19 17:00:00+00:00,177.36,177.39,177.06,177.1,5283.0,,,,,,,,,,,,,,,,,,,,,169.65812531362275,,,"rgba(38, 166, 154, 1.0)",0.0,0.0,2.1264195851843386,169.91768488371974,3.3776565858979417,0.0,0.0,0.0,0.0,0.0,0.0,0.0,0.0,74.14571115405792,18.575526000214822,True,False,True,False,True,13.375092532218812,0,1.0889447236180911,0.8272516428295319,False,False,False,False,0.29162373324043384,0.28602261967419385,False,False,False,False,-216919.0,-208405.60444240988,False,False,False,False,13713.511244522515,False,False,False,False
2025-05-19 18:00:00+00:00,177.085,177.15,176.85,176.925,6544.0,,,,,,,,,,,,,,,,,,,,,169.68790016787682,,,"rgba(38, 166, 154, 1.0)",0.0,0.0,2.082213338587259,169.94439438587094,3.3524929865569297,0.0,0.0,0.0,0.0,0.0,0.0,0.0,0.0,72.71666881613325,18.575526000214822,True,False,True,False,True,12.810707115310517,0,1.0871191669880453,0.8295025067489389,False,False,False,False,0.2853051081547172,0.28566386391445553,False,False,False,False,-223463.0,-208639.05243555078,False,False,False,False,13602.356031429143,False,False,False,False
2025-05-19 19:00:00+00:00,176.955,177.04,176.46,176.61,26146.0,,,,,,,,,,,,,,,,,,,,,169.800137208134,,,"rgba(38, 166, 154, 1.0)",0.0,0.0,2.031794921641193,170.0452566300058,3.2310068797157436,0.0,0.0,0.0,0.0,0.0,0.0,0.0,0.0,69.53783803912731,18.575526000214822,True,False,True,False,False,11.79264273270837,0,1.0837364662520164,0.8311065038777543,False,False,False,False,0.27831031329621847,0.281987088605337,False,False,False,False,-249609.0,-209274.2454210461,False,False,False,False,13796.831131717063,False,False,False,False
2025-05-20 14:00:00+00:00,177.17,177.17,176.295,176.59,8934.0,,,,,,,,,,,,,,,,,,,,,169.8375698103034,,,"rgba(38, 166, 154, 1.0)",0.0,0.0,1.997315827183291,170.08223639611066,3.258254661240481,0.0,0.0,0.0,0.0,0.0,0.0,0.0,0.0,67.27578431291951,22.455155327039293,True,False,True,False,False,11.727498202854818,0,1.0819190724991423,0.8312421341672701,False,False,False,False,0.27782167792131507,0.279904383263326,False,False,False,False,-258543.0,-210038.10208118492,False,False,False,False,13721.438400992767,False,False,False,False
2025-05-20 15:00:00+00:00,176.585,176.895,176.23,176.23,15977.0,,,,,,,,,,,,,,,,,,,,,169.90125996174814,,,"rgba(38, 166, 154, 1.0)",0.0,0.0,1.9583304964527086,170.13895671110498,3.1103244829860106,0.0,0.0,0.0,0.0,0.0,0.0,0.0,0.0,63.24189186287167,18.59788549857339,True,False,True,False,False,10.548123095886801,0,1.0810123700387042,0.8341807695226525,False,False,False,False,0.2730816214560107,0.27649300235966834,False,False,False,False,-274520.0,-211037.82142876345,False,False,False,False,13756.408348264198,False,False,False,False
2025-05-20 16:00:00+00:00,176.27,176.33,175.575,175.83,7157.0,,,,,,,,,,,,,,,,,,,,,169.92707495642634,,,"rgba(38, 166, 154, 1.0)",0.0,0.0,1.8909449160880059,170.15611887316533,3.0005533627985495,0.0,0.0,0.0,0.0,0.0,0.0,0.0,0.0,58.14064494499614,13.905562004869779,True,False,True,False,False,9.249173785590681,0,1.0899280575539572,0.8353446275237869,False,False,False,False,0.25616970602018885,0.2663313541899286,False,False,False,False,-281677.0,-212133.00249188338,False,False,False,False,13654.09193976398,False,False,False,False
2025-05-20 17:00:00+00:00,175.85,176.365,175.85,176.345,3063.0,,,,,,,,,,,,,,,,,,,,,169.93855999860224,,,"rgba(38, 166, 154, 1.0)",0.0,0.0,1.8800615166291021,170.16556360457184,3.286826702621791,0.0,0.0,0.0,0.0,0.0,0.0,0.0,0.0,57.51011246642286,13.369197083228919,True,False,True,False,False,10.535129447503714,0,1.1022572219406657,0.8235546372461109,False,False,False,False,0.26045306734766177,0.26339221076879515,False,False,False,False,-278614.0,-213163.7156315441,False,False,False,False,13489.888963953685,False,False,False,False
2025-05-20 18:00:00+00:00,176.34,176.385,175.98,176.22,5238.0,,,,,,,,,,,,,,,,,,,,,169.95812914293515,,,"rgba(38, 166, 154, 1.0)",0.0,0.0,1.8723019314538845,170.18191475191907,3.2249527422066073,0.0,0.0,0.0,0.0,0.0,0.0,0.0,0.0,56.306602464644826,12.111941933393183,True,False,True,False,False,10.122797130152165,0,1.1020096965905541,0.8184235220519236,False,False,False,False,0.26252901274266727,0.2629606117557312,False,False,False,False,-283852.0,-214259.65802485347,False,False,False,False,13361.952700946651,False,False,False,False
2025-05-20 19:00:00+00:00,176.165,176.48,175.98,176.21,20307.0,,,,,,,,,,,,,,,,,,,,,170.03319205146283,,,"rgba(38, 166, 154, 1.0)",0.0,0.0,1.8678784564128794,170.2467723729211,3.1925137348234314,0.0,0.0,0.0,0.0,0.0,0.0,0.0,0.0,55.43697550007899,11.062667191777074,True,False,True,False,False,10.089312786899868,0,1.1103982997481114,0.8131690806045337,False,False,False,False,0.26384492220889916,0.2634027669823152,False,False,False,False,-304159.0,-215653.44627253016,False,False,False,False,13469.627852869959,False,False,False,False
2025-05-21 14:00:00+00:00,176.86,177.1,175.83,176.48,20903.0,,,,,,,,,,,,,,,,,,,,,170.11160727037984,,,"rgba(38, 166, 154, 1.0)",0.0,0.0,1.8670603719312011,170.32118269072137,3.2986706813921725,0.0,0.0,0.0,0.0,0.0,0.0,0.0,0.0,56.43364887276694,11.062667191777074,True,False,True,False,False,10.785247343253108,0,1.1102099984328484,0.8025779658360755,False,False,False,False,0.2677524038728432,0.2655775854275792,False,False,False,False,-283256.0,-216701.54788070798,False,False,False,False,13584.873932670424,False,False,False,False
2025-05-21 15:00:00+00:00,176.495,177.04,176.31,176.93,19205.0,,,,,,,,,,,,,,,,,,,,,170.1851971736118,,,"rgba(38, 166, 154, 1.0)",0.0,0.0,1.8698109771026443,170.39537393406977,3.494805702796726,0.0,0.0,0.0,0.0,0.0,0.0,0.0,0.0,59.325432803046766,11.062667191777074,True,False,True,False,True,11.935153012081997,0,1.1102445941155625,0.8119658119658117,False,False,False,False,0.25893752726495883,0.262257556346269,False,False,False,False,-264051.0,-217435.64791356522,False,False,False,False,13672.007670148401,False,False,False,False
2025-05-21 16:00:00+00:00,176.89,176.9,175.96,176.05,10811.0,,,,,,,,,,,,,,,,,,,,,170.22308281076494,,,"rgba(38, 166, 154, 1.0)",0.0,0.0,1.8531270746925108,170.42853047649368,3.0335046097360077,0.0,0.0,0.0,0.0,0.0,0.0,0.0,0.0,55.583772829312664,10.999800988486626,False,False,True,False,False,8.935859116887332,0,1.0986905916585847,0.8152279340446166,False,False,False,False,0.24726330421236292,0.25476043027931594,False,False,False,False,-274862.0,-218325.97895366498,False,False,False,False,13627.650962084084,False,False,False,False
2025-05-21 17:00:00+00:00,176.075,176.265,174.8,175.365,10399.0,,,,,,,,,,,,,,,,,,,,,170.25418977966285,,,"rgba(38, 166, 154, 1.0)",0.0,0.0,1.8509969921283869,170.4480946856887,2.6563551076642056,0.0,0.0,0.0,0.0,0.0,0.0,0.0,0.0,50.10431965523746,5.9225138259024845,False,False,False,False,False,6.697076430061266,0,1.084710827304693,0.8295679586145573,False,False,False,False,0.2152019250500188,0.23498117766466736,False,False,False,False,-285261.0,-219363.73121794921,False,False,False,False,13577.594358020764,False,False,False,False
2025-05-21 18:00:00+00:00,175.26,175.285,174.77,174.82,12896.0,,,,,,,,,,,,,,,,,,,,,170.28847987753883,,,"rgba(239, 83, 80, 1.0)",0.0,0.0,1.8505292035892877,170.4639952744628,2.35392379492757,0.0,0.0,0.0,0.0,0.0,0.0,0.0,0.0,44.58754826964505,0.98207805939699,False,True,False,True,False,4.965479525649464,0,1.0767672675714002,0.8389710350415227,False,False,False,False,0.19735551931743744,0.2161683484910524,False,False,False,False,-298157.0,-220585.33228433758,False,False,False,False,13567.027003632846,False,False,False,False
2025-05-21 19:00:00+00:00,174.82,174.985,174.2,174.66,54817.0,,,,,,,,,,,,,,,,,,,,,170.41850727568055,,,"rgba(239, 83, 80, 1.0)",0.0,0.0,1.8513548167925908,170.51918282557347,2.236641586403386,0.0,0.0,0.0,0.0,0.0,0.0,0.0,0.0,40.40582900745076,-2.668395671952311,False,True,False,True,False,4.4609443938691165,0,1.0814995925020379,0.8366340668296653,False,False,False,False,0.1818830970717872,0.1990257227814198,False,False,False,False,-352974.0,-222637.86976830135,False,False,False,False,14206.561468692802,False,False,False,False
2025-05-22 14:00:00+00:00,174.68,174.86,173.685,174.18,17558.0,,,,,,,,,,,,,,,,,,,,,170.45495896898998,,,"rgba(239, 83, 80, 1.0)",0.0,0.0,1.8554466376667085,170.53247844380164,1.965845571708417,0.0,0.0,0.0,0.0,0.0,0.0,0.0,0.0,36.208386546001535,-6.383127760339704,False,True,False,True,False,2.9552752347376234,0,1.0778291276430418,0.8377162488241785,False,False,False,False,0.1652168066668409,0.18212126472413037,False,False,False,False,-370532.0,-224930.80201995556,False,False,False,False,14258.521755999891,False,False,False,False
2025-05-22 15:00:00+00:00,174.18,174.43,174.18,174.25,10362.0,,,,,,,,,,,,,,,,,,,,,170.47639870165497,,,"rgba(239, 83, 80, 1.0)",0.0,0.0,1.8595644530261437,170.54146473326037,1.994303160992663,0.0,0.0,0.0,0.0,0.0,0.0,0.0,0.0,33.92005866215797,-8.430027644785696,False,True,False,True,False,3.1578502492667475,0,1.0724983541803825,0.8449226464779456,False,False,False,False,0.1663872389781808,0.1742542518511556,False,False,False,False,-360170.0,-227027.53377158416,False,False,False,False,14198.110565984389,False,False,False,False
2025-05-22 16:00:00+00:00,174.23,174.435,174.005,174.01,4215.0,,,,,,,,,,,,,,,,,,,,,170.48474099878726,,,"rgba(239, 83, 80, 1.0)",0.0,0.0,1.8599600475230227,170.54461606045382,1.8631496650485322,0.0,0.0,0.0,0.0,0.0,0.0,0.0,0.0,31.65534994053101,-10.619748122357763,False,True,False,True,False,2.3964867272836265,0,1.0666889660074428,0.8573399673872137,False,False,False,False,0.163327054070573,0.1687906529608643,False,False,False,False,-364385.0,-229157.10689140458,False,False,False,False,14043.33365798463,False,False,False,False
2025-05-22 17:00:00+00:00,174.05,174.28,173.655,174.16,14197.0,,,,,,,,,,,,,,,,,,,,,170.51166474808784,,,"rgba(239, 83, 80, 1.0)",0.0,0.0,1.8652138079997729,170.84378241952354,1.7779289249593981,0.0,0.0,0.0,0.0,0.0,0.0,0.0,0.0,31.371140996423133,-11.136539773344168,False,True,False,True,False,2.8447583907164677,0,1.076796419826058,0.8475048551887187,False,False,False,False,0.1542541308686843,0.1615223919147743,False,False,False,False,-350188.0,-231033.5548465766,False,False,False,False,14045.716081891844,False,False,False,False
2025-05-22 18:00:00+00:00,174.14,174.5,174.09,174.26,17023.0,,,,,,,,,,,,,,,,,,,,,170.54568374863763,,,"rgba(239, 83, 80, 1.0)",0.0,0.0,1.8695631975285059,170.87032727326343,1.8130827196521555,0.0,0.0,0.0,0.0,0.0,0.0,0.0,0.0,32.022665035698466,-11.136539773344168,False,True,False,True,False,3.1465546915869105,0,1.0863692530572249,0.8366355618049338,False,False,False,False,0.1618194552915735,0.1616709236031739,False,False,False,False,-333165.0,-232616.9881047692,False,False,False,False,14091.875522482667,False,False,False,False
2025-05-22 19:00:00+00:00,174.23,174.69,173.87,173.96,33655.0,,,,,,,,,,,,,,,,,,,,,170.60923889519933,,,"rgba(239, 83, 80, 1.0)",0.0,0.0,1.876225372563783,170.8986955186903,1.6316294012837995,0.0,0.0,0.0,0.0,0.0,0.0,0.0,0.0,31.239827240713893,-12.10269179505871,False,True,False,True,False,2.1586257911736375,0,1.075613398762535,0.839470876893535,False,False,False,False,0.16126664749463945,0.16146878554890667,False,False,False,False,-366820.0,-234697.65495585804,False,False,False,False,14395.179777948051,False,False,False,False
2025-05-23 14:00:00+00:00,174.88,176.06,174.87,176.035,14532.0,,,,,,,,,,,,,,,,,,,,,170.64712281070666,,,"rgba(239, 83, 80, 1.0)",0.0,0.0,1.8776957510035523,170.95225062082002,2.706907855792638,0.0,0.0,0.0,0.0,0.0,0.0,0.0,0.0,41.506387119901206,-15.622525813950212,False,True,False,True,True,8.12550366856603,0,1.0769684707469234,0.8208986680155115,False,False,False,False,0.20523380687438886,0.18335129621164775,False,False,False,False,-352288.0,-236520.7610805734,False,False,False,False,14397.301021700794,False,False,False,False
2025-05-23 15:00:00+00:00,176.0,176.41,175.86,176.15,8073.0,,,,,,,,,,,,,,,,,,,,,170.66993830920876,,,"rgba(239, 83, 80, 1.0)",0.0,0.0,1.8791674934587206,170.98550094100474,2.7482909729827707,0.0,0.0,0.0,0.0,0.0,0.0,0.0,0.0,48.70371742252675,-9.161488484792542,False,True,False,False,True,8.433876387219648,0,1.087081623154065,0.818770363474802,False,False,False,False,0.22413870321706214,0.20374499971435495,False,False,False,False,-344215.0,-238190.4392033552,False,False,False,False,14299.249843069772,False,False,False,False
2025-05-23 16:00:00+00:00,176.22,176.47,176.025,176.13,4621.0,,,,,,,,,,,,,,,,,,,,,170.68307493058595,,,"rgba(239, 83, 80, 1.0)",0.0,0.0,1.8810889409081826,171.0039359205654,2.725051414612939,0.0,0.0,0.0,0.0,0.0,0.0,0.0,0.0,53.38777362903963,-5.1024571656576185,False,False,True,False,True,8.365656863732251,0,1.0845824411134908,0.8283511777301925,False,False,False,False,0.22523450649834903,0.214489753106352,False,False,False,False,-348836.0,-239905.87425446598,False,False,False,False,14149.199457905901,False,False,False,False
2025-05-23 17:00:00+00:00,176.18,176.625,176.13,176.56,5655.0,,,,,,,,,,,,,,,,,,,,,170.6997321474116,,,"rgba(38, 166, 154, 1.0)",0.0,0.0,1.8855361557387496,171.0276912751583,2.934077242700313,0.0,0.0,0.0,0.0,0.0,0.0,0.0,0.0,57.951221119403286,-1.0557611204643251,True,False,True,False,True,9.53989277064057,0,1.0727974276527334,0.8289817792068594,False,False,False,False,0.23059562199785713,0.22254268755210455,False,False,False,False,-343181.0,-241507.0389947068,False,False,False,False,14017.506443054646,False,False,False,False
2025-05-23 18:00:00+00:00,176.59,176.765,176.33,176.565,4889.0,,,,,,,,,,,,,,,,,,,,,170.71434257167985,,,"rgba(38, 166, 154, 1.0)",0.0,0.0,1.8856615872486475,171.04827515286607,2.9256176635508253,0.0,0.0,0.0,0.0,0.0,0.0,0.0,0.0,61.010153914448324,1.7268367597618806,True,False,True,False,True,9.553576945782407,0,1.072478720660305,0.8306680423007478,False,False,False,False,0.23762606859235322,0.23008437807222887,False,False,False,False,-338292.0,-243007.5810257966,False,False,False,False,13875.97921137938,False,False,False,False
2025-05-23 19:00:00+00:00,176.6,176.715,175.95,176.33,14172.0,,,,,,,,,,,,,,,,,,,,,170.75469311517367,,,"rgba(38, 166, 154, 1.0)",0.0,0.0,1.8821909746006995,171.09924585981278,2.7790772619643005,0.0,0.0,0.0,0.0,0.0,0.0,0.0,0.0,61.38911038869488,2.262375927287181,True,False,True,False,True,8.714284596799974,0,1.0667666595243201,0.8308549389329329,False,False,False,False,0.22873839173138633,0.2294113849018076,False,False,False,False,-352464.0,-244704.57976958266,False,False,False,False,13880.568680970395,False,False,False,False
2025-05-26 14:00:00+00:00,176.33,176.33,176.33,176.33,0.0,,,,,,,,,,,,,,,,,,,,,170.75469311517367,,,"rgba(38, 166, 154, 1.0)",0.0,0.0,1.8828328235520297,171.09924585981278,2.778129887452902,0.0,0.0,0.0,0.0,0.0,0.0,0.0,0.0,61.64174803819259,2.955032113989823,True,False,True,False,True,8.714284596799963,0,1.0707796960433982,0.8341585224092647,False,False,False,False,0.22863525784770575,0.22902332137475667,False,False,False,False,-352464.0,-246375.26845532554,False,False,False,False,13665.366065761551,False,False,False,False
2025-05-26 15:00:00+00:00,176.33,176.33,176.33,176.33,0.0,,,,,,,,,,,,,,,,,,,,,170.75469311517367,,,"rgba(38, 166, 154, 1.0)",0.0,0.0,1.8785330629168957,171.09924585981278,2.7844887287025797,0.0,0.0,0.0,0.0,0.0,0.0,0.0,0.0,61.810173137857724,3.735695204467717,True,False,True,False,True,8.714284596799963,0,1.073406421978594,0.83273389088703,False,False,False,False,0.22863525784770575,0.22882928961123122,False,False,False,False,-352464.0,-248020.05499090187,False,False,False,False,13453.499925207108,False,False,False,False
2025-05-26 16:00:00+00:00,176.33,176.33,176.33,176.33,0.0,,,,,,,,,,,,,,,,,,,,,170.75469311517367,,,"rgba(38, 166, 154, 1.0)",0.0,0.0,1.8767673904459503,171.09924585981278,2.787108390104923,0.0,0.0,0.0,0.0,0.0,0.0,0.0,0.0,61.92245653763448,4.551561695722562,True,False,True,False,True,8.714284596799963,0,1.0831506969404758,0.8285263434733053,False,False,False,False,0.22522997102005773,0.2270296303156445,False,False,False,False,-352464.0,-249639.34096003516,False,False,False,False,13244.918531017851,False,False,False,False
2025-05-26 17:00:00+00:00,176.33,176.33,176.33,176.33,0.0,,,,,,,,,,,,,,,,,,,,,170.75469311517367,,,"rgba(38, 166, 154, 1.0)",0.0,0.0,1.864689868667111,171.09924585981278,2.8051603797934495,0.0,0.0,0.0,0.0,0.0,0.0,0.0,0.0,61.99731213748565,5.364060707811063,True,False,True,False,True,8.714284596799963,0,1.0761846045446544,0.82983970406905,False,False,False,False,0.22522997102005773,0.2261298006678511,False,False,False,False,-352464.0,-251233.52172034467,False,False,False,False,13039.570956893544,False,False,False,False
2025-05-26 18:00:00+00:00,176.33,176.33,176.33,176.33,0.0,,,,,,,,,,,,,,,,,,,,,170.75469311517367,,,"rgba(38, 166, 154, 1.0)",0.0,0.0,1.841817678372052,171.09924585981278,2.8399956204191694,0.0,0.0,0.0,0.0,0.0,0.0,0.0,0.0,62.04721587071977,6.146395908740651,True,False,True,False,True,8.714284596799974,0,1.0733563401468902,0.8322272365277406,False,False,False,False,0.22522997102005773,0.22567988584395443,False,False,False,False,-352464.0,-252802.98649987418,False,False,False,False,12837.407066088992,False,False,False,False
2025-05-26 19:00:00+00:00,176.33,176.33,176.33,176.33,0.0,,,,,,,,,,,,,,,,,,,,,170.75469311517367,,,"rgba(38, 166, 154, 1.0)",0.0,0.0,1.8110363416105375,171.09924585981278,2.8882656962783915,0.0,0.0,0.0,0.0,0.0,0.0,0.0,0.0,62.080485026209175,6.881127086485378,True,False,True,False,True,8.714284596799974,0,1.0740377761938709,0.8330363506771201,False,False,False,False,0.22522997102005773,0.2254549284320061,False,False,False,False,-352464.0,-254348.11849212417,False,False,False,False,12638.377499172882,False,False,False,False
2025-05-27 14:00:00+00:00,177.225,177.25,176.63,177.045,13735.0,,,,,,,,,,,,,,,,,,,,,170.7976978497779,,,"rgba(38, 166, 154, 1.0)",0.0,0.0,1.8019808920015168,171.15738426039027,3.2673019818041213,0.0,0.0,0.0,0.0,0.0,0.0,0.0,0.0,66.39125534589729,11.417730386037043,True,False,True,False,True,10.942746644614324,0,1.0742785892411832,0.8282864267901668,False,False,False,False,0.25128349419813334,0.23836921131506972,False,False,False,False,-338729.0,-255656.3492131765,False,False,False,False,12655.379398410512,False,False,False,False
2025-05-27 15:00:00+00:00,177.045,177.76,176.82,177.68,16173.0,,,,,,,,,,,,,,,,,,,,,170.8511732679727,,,"rgba(38, 166, 154, 1.0)",0.0,0.0,1.8075911201544188,171.23014980891017,3.5682019673447165,0.0,0.0,0.0,0.0,0.0,0.0,0.0,0.0,71.37654960008447,16.247969320312592,True,False,True,False,True,12.83666480885963,0,1.0739113064322816,0.8235006880632125,False,False,False,False,0.2663823293499195,0.2523757703324946,False,False,False,False,-322556.0,-256693.5531013443,False,False,False,False,12709.916151923528,False,False,False,False
2025-05-27 16:00:00+00:00,177.69,178.45,177.485,178.27,18710.0,,,,,,,,,,,,,,,,,,,,,170.917970197067,,,"rgba(38, 166, 154, 1.0)",0.0,0.0,1.8347083819643668,171.32278850852416,3.7865480747614426,0.0,0.0,0.0,0.0,0.0,0.0,0.0,0.0,76.0025106138902,20.517242039185163,True,False,True,False,True,14.531677778303298,0,1.0768786896888463,0.8253362332993027,False,False,False,False,0.2959568060202374,0.274166288176366,False,False,False,False,-303846.0,-257424.59878969553,False,False,False,False,12802.94070770766,False,False,False,False
2025-05-27 17:00:00+00:00,178.25,178.9,178.205,178.88,15295.0,,,,,,,,,,,,,,,,,,,,,170.97611898605078,,,"rgba(38, 166, 154, 1.0)",0.0,0.0,1.8550909450530657,171.40391640281112,4.030036164601633,0.0,0.0,0.0,0.0,0.0,0.0,0.0,0.0,80.04943550719028,24.150604677386227,True,False,True,False,True,16.222513734641517,0,1.0847035819038313,0.8204159630255081,False,False,False,False,0.3219028605439264,0.29803457436014624,False,False,False,False,-288551.0,-257907.17865342117,False,False,False,False,12841.577285882735,False,False,False,False
2025-05-27 18:00:00+00:00,178.92,179.06,178.65,178.755,14185.0,,,,,,,,,,,,,,,,,,,,,171.03037919233267,,,"rgba(38, 166, 154, 1.0)",0.0,0.0,1.8537127026017934,171.47741556022356,3.925950569126446,0.0,0.0,0.0,0.0,0.0,0.0,0.0,0.0,81.47774729990006,25.407358680753816,True,False,True,False,True,15.692242827566325,0,1.094355593175035,0.8117788568628319,False,False,False,False,0.33548356043636374,0.316759067398255,False,False,False,False,-302736.0,-258602.19913941462,False,False,False,False,12862.405545016336,False,False,False,False
2025-05-27 19:00:00+00:00,178.755,179.34,178.43,178.55,40438.0,,,,,,,,,,,,,,,,,,,,,171.1800875208307,,,"rgba(38, 166, 154, 1.0)",0.0,0.0,1.8581253267024789,172.21291910387492,3.4104701147210474,0.0,0.0,0.0,0.0,0.0,0.0,0.0,0.0,80.35419330396317,25.407358680753816,True,False,True,False,True,14.818508544587818,0,1.0953121528549217,0.806043101532992,False,False,False,False,0.33670125967511316,0.32673016353668405,False,False,False,False,-343174.0,-259913.3898504314,False,False,False,False,13289.934141217633,False,False,False,False
2025-05-28 14:00:00+00:00,178.555,178.555,177.78,177.82,5805.0,,,,,,,,,,,,,,,,,,,,,171.19910726362076,,,"rgba(38, 166, 154, 1.0)",0.0,0.0,1.8356759807519858,172.22530845056463,3.047755490674067,0.0,0.0,0.0,0.0,0.0,0.0,0.0,0.0,73.66164871143604,30.125415189080087,True,False,True,False,False,11.78059925052472,0,1.0855458534639428,0.816142901467133,False,False,False,False,0.3031633251628699,0.314946744349777,False,False,False,False,-348979.0,-261294.2520232929,False,False,False,False,13173.88865065612,False,False,False,False
2025-05-28 15:00:00+00:00,177.82,178.22,177.665,177.98,11766.0,,,,,,,,,,,,,,,,,,,,,171.23679740813532,,,"rgba(38, 166, 154, 1.0)",0.0,0.0,1.808406266641619,172.2513331601513,3.1677986000830303,0.0,0.0,0.0,0.0,0.0,0.0,0.0,0.0,69.90556473598399,26.751375203901702,True,False,True,False,False,12.25523181226368,0,1.0830151824558292,0.8227381692266709,False,False,False,False,0.2910475118617514,0.3029971281057642,False,False,False,False,-337213.0,-262471.28687564493,False,False,False,False,13152.060919638194,False,False,False,False
2025-05-28 16:00:00+00:00,177.98,178.38,177.89,178.26,6872.0,,,,,,,,,,,,,,,,,,,,,171.25933657528427,,,"rgba(38, 166, 154, 1.0)",0.0,0.0,1.8060539509874354,172.27118514358864,3.31596675345,0.0,0.0,0.0,0.0,0.0,0.0,0.0,0.0,68.59177954663248,25.539644268543782,True,False,True,False,False,13.085298359995967,0,1.0817209094962108,0.82661613909942,False,False,False,False,0.29795430836405035,0.30047571823490726,False,False,False,False,-330341.0,-263523.530489976,False,False,False,False,13054.695634062407,False,False,False,False
2025-05-28 17:00:00+00:00,178.28,178.49,178.12,178.285,12310.0,,,,,,,,,,,,,,,,,,,,,171.30005143194202,,,"rgba(38, 166, 154, 1.0)",0.0,0.0,1.8143228528621622,172.31001082672404,3.293233706366091,0.0,0.0,0.0,0.0,0.0,0.0,0.0,0.0,67.8231066480941,24.635238793538676,True,False,True,False,False,13.159833649647563,0,1.0761730106901648,0.8309254372232405,False,False,False,False,0.3059768209246857,0.3032262695797965,False,False,False,False,-318031.0,-264368.60753664305,False,False,False,False,13043.149965317252,False,False,False,False
2025-05-28 18:00:00+00:00,178.285,178.61,177.97,178.41,9915.0,,,,,,,,,,,,,,,,,,,,,171.3326508879402,,,"rgba(38, 166, 154, 1.0)",0.0,0.0,1.8246662659197412,172.34153713502576,3.3257933126282504,0.0,0.0,0.0,0.0,0.0,0.0,0.0,0.0,67.87773587382394,24.335976807085018,True,False,True,False,False,13.537339289768028,0,1.0719871307922613,0.830957594173108,False,False,False,False,0.3040799356203879,0.30365310260009215,False,False,False,False,-308116.0,-265046.86168336176,False,False,False,False,12994.651516242566,False,False,False,False
2025-05-28 19:00:00+00:00,178.41,178.55,177.685,177.845,25740.0,,,,,,,,,,,,,,,,,,,,,171.41227850276417,,,"rgba(38, 166, 154, 1.0)",0.0,0.0,1.8326015943480831,172.40945329356117,2.9660274896641847,0.0,0.0,0.0,0.0,0.0,0.0,0.0,0.0,63.286594526636186,19.71912958148816,True,False,True,False,False,11.112780240615404,0,1.0688326237956538,0.8376876540443642,False,False,False,False,0.2942044662595479,0.29892878442982,False,False,False,False,-333856.0,-266113.67002935614,False,False,False,False,13192.253818316325,False,False,False,False
2025-05-29 14:00:00+00:00,177.845,178.07,177.465,177.75,7668.0,,,,,,,,,,,,,,,,,,,,,171.43469904691293,,,"rgba(38, 166, 154, 1.0)",0.0,0.0,1.8350861604349182,172.42664856041557,2.9008727515675807,0.0,0.0,0.0,0.0,0.0,0.0,0.0,0.0,59.55513590896687,16.087063661209868,False,False,True,False,False,10.710075023335417,0,1.0575185615886937,0.8443957420162802,False,False,False,False,0.2756657246633639,0.28729725454659194,False,False,False,False,-341524.0,-267282.8224320018,False,False,False,False,13106.606472295916,False,False,False,False
2025-05-29 15:00:00+00:00,177.8,177.905,176.89,177.19,5497.0,,,,,,,,,,,,,,,,,,,,,171.44958042360633,,,"rgba(239, 83, 80, 1.0)",0.0,0.0,1.8228590477904985,172.7851161173834,2.4164698241236926,0.0,0.0,0.0,0.0,0.0,0.0,0.0,0.0,53.632315236044164,10.55885927181997,False,True,False,False,False,8.36507875531536,0,1.0516163600642978,0.8506876227897834,False,False,False,False,0.25626632291587736,0.27178178873123465,False,False,False,False,-347021.0,-268519.07324700954,False,False,False,False,12988.6280773766,False,False,False,False
2025-05-29 16:00:00+00:00,177.11,177.905,176.98,177.855,3837.0,,,,,,,,,,,,,,,,,,,,,171.4603662002787,,,"rgba(239, 83, 80, 1.0)",0.0,0.0,1.8228851129840107,172.79969645637468,2.773243090097942,0.0,0.0,0.0,0.0,0.0,0.0,0.0,0.0,53.74014186961322,10.55885927181997,False,False,True,False,False,10.503312758815255,0,1.0635577961829317,0.8477673748649617,False,False,False,False,0.24938310565802393,0.2605824471946293,False,False,False,False,-343184.0,-269676.6690106218,False,False,False,False,12846.742370750604,False,False,False,False
2025-05-29 17:00:00+00:00,177.89,178.14,177.82,178.06,7559.0,,,,,,,,,,,,,,,,,,,,,171.4829775780204,,,"rgba(239, 83, 80, 1.0)",0.0,0.0,1.8293926944847694,172.83641300079262,2.8553667099225826,0.0,0.0,0.0,0.0,0.0,0.0,0.0,0.0,54.849504724564945,10.55885927181997,False,False,True,False,False,11.147830888524194,0,1.0569962305281808,0.8543076433988823,False,False,False,False,0.27845479278107493,0.2695186199878521,False,False,False,False,-335625.0,-270699.12375464314,False,False,False,False,12764.761868878502,False,False,False,False
2025-05-29 18:00:00+00:00,178.065,178.5,177.915,178.3,8470.0,,,,,,,,,,,,,,,,,,,,,171.50902236163057,,,"rgba(239, 83, 80, 1.0)",0.0,0.0,1.8282761363192015,172.87230676404238,2.9687491556308343,0.0,0.0,0.0,0.0,0.0,0.0,0.0,0.0,56.75899154200734,10.55885927181997,False,False,True,False,True,11.901101137822241,0,1.0522935361909538,0.8527763859153641,False,False,False,False,0.2915967663439089,0.28055769316588053,False,False,False,False,-327155.0,-271574.40865767194,False,False,False,False,12698.176413547053,False,False,False,False
2025-05-29 19:00:00+00:00,178.31,178.79,178.225,178.52,23422.0,,,,,,,,,,,,,,,,,,,,,171.5828925990564,,,"rgba(239, 83, 80, 1.0)",0.0,0.0,1.830746357426087,172.96283504517461,3.035464160441328,0.0,0.0,0.0,0.0,0.0,0.0,0.0,0.0,59.053687266920605,10.55885927181997,False,False,True,False,True,12.58977919006227,0,1.0524151167573006,0.8525339304482927,False,False,False,False,0.31038530614274107,0.2954714996543108,False,False,False,False,-303733.0,-272072.99146918085,False,False,False,False,12864.437244344774,False,False,False,False
2025-05-30 14:00:00+00:00,178.61,179.255,178.57,178.9,9913.0,,,,,,,,,,,,,,,,,,,,,171.6154528432989,,,"rgba(239, 83, 80, 1.0)",0.0,0.0,1.8354433320669175,173.00399358870325,3.212306426620745,0.0,0.0,0.0,0.0,0.0,0.0,0.0,0.0,62.17415213814442,5.822441104399772,True,False,True,False,True,13.76768344938035,1,1.0580701432243855,0.8473191333088502,False,False,False,False,0.33603499739505843,0.3157532485246846,False,False,False,False,-293820.0,-272410.1543921393,False,False,False,False,12818.678527378188,False,False,False,False
2025-05-30 15:00:00+00:00,178.9,179.42,178.9,179.11,7870.0,,,,,,,,,,,,,,,,,,,,,171.6419236031803,,,"rgba(239, 83, 80, 1.0)",0.0,0.0,1.8448604576259455,173.0382236094011,3.2911846343177515,0.0,0.0,0.0,0.0,0.0,0.0,0.0,0.0,65.04877708917378,8.690802135494884,True,False,True,False,True,14.412515796304085,0,1.0663336756605366,0.8492671085799641,False,False,False,False,0.3428282457400487,0.32929074713236667,False,False,False,False,-285950.0,-272620.07447908283,False,False,False,False,12741.9548292793,False,False,False,False
2025-05-30 16:00:00+00:00,179.135,179.37,178.52,178.85,5757.0,,,,,,,,,,,,,,,,,,,,,171.6605795855217,,,"rgba(239, 83, 80, 1.0)",0.0,0.0,1.8361639458500874,173.05923119821213,3.1537318957142007,0.0,0.0,0.0,0.0,0.0,0.0,0.0,0.0,64.72107895968249,8.690802135494884,True,False,True,False,True,13.238557945640878,0,1.0482147136352753,0.864078600527198,False,False,False,False,0.3242882330862149,0.3267894901092908,False,False,False,False,-291707.0,-272915.99580498855,False,False,False,False,12633.66095595714,False,False,False,False
2025-05-30 17:00:00+00:00,178.85,179.31,178.85,179.15,8344.0,,,,,,,,,,,,,,,,,,,,,171.6881535528008,,,"rgba(239, 83, 80, 1.0)",0.0,0.0,1.8316026605981046,173.09157687000751,3.3077169302724916,0.0,0.0,0.0,0.0,0.0,0.0,0.0,0.0,65.81870171399798,9.95334792533886,True,False,True,False,True,14.178781522286819,0,1.052968652188569,0.8594886117397789,False,False,False,False,0.3359037177933006,0.33134660395129567,False,False,False,False,-283363.0,-273077.9648622755,False,False,False,False,12567.154584546952,False,False,False,False
2025-05-30 18:00:00+00:00,179.15,180.135,179.15,180.03,16943.0,,,,,,,,,,,,,,,,,,,,,171.74851044501793,,,"rgba(38, 166, 154, 1.0)",0.0,0.0,1.8297928549143663,173.17262879921077,3.7476215858926576,0.0,0.0,0.0,0.0,0.0,0.0,0.0,0.0,69.38762650411778,13.57604615668403,True,False,True,False,True,16.829431366353067,0,1.0562731070245361,0.8488500504153258,False,False,False,False,0.34282824573242077,0.3370874248418582,False,False,False,False,-266420.0,-272974.7406008449,False,False,False,False,12634.99714912762,False,False,False,False
2025-05-30 19:00:00+00:00,180.015,180.63,179.76,179.79,33236.0,,,,,,,,,,,,,,,,,,,,,171.86849051216967,,,"rgba(38, 166, 154, 1.0)",0.0,0.0,1.8131110787228621,173.77511043977788,3.3174412923773793,0.0,0.0,0.0,0.0,0.0,0.0,0.0,0.0,69.84147773963332,14.251390484929615,True,False,True,False,True,15.729042805802525,0,1.0582505637925248,0.8497672856388843,False,True,False,False,0.3428282461167093,0.33995783547928377,False,False,False,False,-299656.0,-273388.4035372659,False,False,False,False,12954.3925421644,False,False,False,False
2025-06-02 14:00:00+00:00,178.13,179.12,177.89,179.035,6683.0,,,,,,,,,,,,,,,,,,,,,171.88820946244903,,,"rgba(38, 166, 154, 1.0)",0.0,0.0,1.770539369136273,173.77379776182923,2.971525135155483,0.0,0.0,0.0,0.0,0.0,0.0,0.0,0.0,65.1723016889757,14.251390484929615,True,False,True,False,False,12.368356530136435,0,1.0394868139700644,0.8668092183416485,False,False,False,False,0.20797267553400686,0.2739652555066453,False,False,False,False,-306339.0,-273899.2654979284,False,False,False,False,12857.161650037819,False,False,False,False
2025-06-02 15:00:00+00:00,179.03,179.32,178.88,179.17,6310.0,,,,,,,,,,,,,,,,,,,,,171.90792700855712,,,"rgba(38, 166, 154, 1.0)",0.0,0.0,1.7178470130847485,173.78427144073325,3.1351619313267904,0.0,0.0,0.0,0.0,0.0,0.0,0.0,0.0,62.65844958881364,18.438812220194038,False,False,True,False,False,12.788803222836119,0,1.0558132861447227,0.8597254770672914,False,False,False,False,0.25204011074463406,0.2630026831256397,False,False,False,False,-300029.0,-274304.3776607512,False,False,False,False,12755.65526786669,False,False,False,False
2025-06-02 16:00:00+00:00,179.125,179.21,178.75,179.16,6060.0,,,,,,,,,,,,,,,,,,,,,171.92654491111338,,,"rgba(38, 166, 154, 1.0)",0.0,0.0,1.6516968942982493,173.79431862669378,3.2485871904396326,0.0,0.0,0.0,0.0,0.0,0.0,0.0,0.0,60.91764111511169,16.697648866940696,False,False,True,False,False,12.744281074882487,0,1.0556042884990258,0.8758284600389863,False,False,False,False,0.24235776012410845,0.2526802216248741,False,False,False,False,-306089.0,-274797.1625032202,False,False,False,False,12651.846659062556,False,False,False,False
2025-06-02 17:00:00+00:00,179.19,179.4,178.95,179.36,3755.0,,,,,,,,,,,,,,,,,,,,,171.9383501555711,,,"rgba(38, 166, 154, 1.0)",0.0,0.0,1.6380882424625227,173.8028589331196,3.392455255356944,0.0,0.0,0.0,0.0,0.0,0.0,0.0,0.0,60.759502429756196,16.323896617134693,False,False,True,False,False,13.382027894055945,0,1.0559690529820782,0.8776319655273724,False,False,False,False,0.2581150575425174,0.25539763958369577,False,False,False,False,-302334.0,-275224.09021634853,False,False,False,False,12513.911051945308,False,False,False,False
2025-06-02 18:00:00+00:00,179.345,179.79,179.29,179.79,5609.0,,,,,,,,,,,,,,,,,,,,,171.95684379645655,,,"rgba(38, 166, 154, 1.0)",0.0,0.0,1.6401942397618725,173.820912376788,3.639256545662916,0.0,0.0,0.0,0.0,0.0,0.0,0.0,0.0,62.57847753698432,16.323896617134693,False,False,True,False,False,14.736395436822281,0,1.0514389193422085,0.8769087705559907,False,False,False,False,0.2879567870934446,0.2716772133385702,False,False,False,False,-296725.0,-275557.43765485473,False,False,False,False,12406.858167419025,False,False,False,False
2025-06-02 19:00:00+00:00,179.775,180.31,179.68,180.31,13778.0,,,,,,,,,,,,,,,,,,,,,172.00469725533281,,,"rgba(38, 166, 154, 1.0)",0.0,0.0,1.6379278630906144,173.87771893859502,3.9270844622350305,0.0,0.0,0.0,0.0,0.0,0.0,0.0,0.0,65.65668781926992,16.323896617134693,False,False,True,False,True,16.32776333474329,0,1.05276799687011,0.875342331768388,False,False,False,False,0.3258757699790053,0.2987764916587877,False,False,False,False,-282947.0,-275672.004512919,False,True,False,False,12428.116180327255,False,True,False,False
2025-06-03 14:00:00+00:00,178.23,178.91,177.86,178.715,9505.0,,,,,,,,,,,,,,,,,,,,,172.0309028719402,,,"rgba(38, 166, 154, 1.0)",0.0,0.0,1.6087700886708804,174.17324436476054,2.8231228733197895,0.0,0.0,0.0,0.0,0.0,0.0,0.0,0.0,59.00200377663197,14.802634816952946,False,True,True,False,False,9.355701981869515,1,1.0361683683298022,0.8799364284338277,False,False,False,False,0.19496494115885993,0.24687071640882383,False,False,False,False,-292452.0,-275932.1594817109,False,False,False,False,12382.796549624507,False,False,False,False
2025-06-03 15:00:00+00:00,178.78,178.795,178.08,178.44,6652.0,,,,,,,,,,,,,,,,,,,,,172.04895747661044,,,"rgba(38, 166, 154, 1.0)",0.0,0.0,1.595507140704785,174.17707029444216,2.671833673946937,0.0,0.0,0.0,0.0,0.0,0.0,0.0,0.0,53.56181170913099,9.954030374136174,False,True,False,False,False,8.237746211925472,0,1.043474046430476,0.8801919255561478,False,False,False,False,0.19910910479082822,0.22298991059982604,False,False,False,False,-299104.0,-276291.41282307974,False,False,False,False,12293.9469907156,False,False,False,False
2025-06-03 16:00:00+00:00,178.4,179.03,178.145,179.015,6712.0,,,,,,,,,,,,,,,,,,,,,172.06789900421776,,,"rgba(38, 166, 154, 1.0)",0.0,0.0,1.5879640202893954,174.19114881510137,3.037758490283364,0.0,0.0,0.0,0.0,0.0,0.0,0.0,0.0,52.4993096001123,9.120705809217029,False,True,False,False,False,10.07361022057307,0,1.0442304872684627,0.887737647231318,False,False,False,False,0.210987374187059,0.2169886423934425,False,False,False,False,-292392.0,-276541.0343296986,False,False,False,False,12207.405176906055,False,False,False,False
2025-06-03 17:00:00+00:00,179.03,179.63,179.01,179.15,9181.0,,,,,,,,,,,,,,,,,,,,,172.09569516903395,,,"rgba(38, 166, 154, 1.0)",0.0,0.0,1.5985696252746653,174.22510993990295,3.0808104834663452,0.0,0.0,0.0,0.0,0.0,0.0,0.0,0.0,52.35730317438151,8.874717805918841,False,True,False,False,False,10.498541694955449,0,1.0471081634643524,0.8813517994733249,False,False,False,False,0.2699134481472005,0.2434510452703215,False,False,False,False,-283211.0,-276644.4446501684,False,False,False,False,12160.484166411388,False,False,False,False
2025-06-03 18:00:00+00:00,179.14,179.33,178.96,179.245,12058.0,,,,,,,,,,,,,,,,,,,,,172.13144799390125,,,"rgba(38, 166, 154, 1.0)",0.0,0.0,1.6074050208036694,174.25832449803607,3.102314250250814,0.0,0.0,0.0,0.0,0.0,0.0,0.0,0.0,52.684200034918405,8.874717805918841,False,True,True,False,False,10.800255171082519,0,1.0444401035307913,0.8875323533720758,False,False,False,False,0.25568286519221856,0.24956695523127004,False,False,False,False,-271153.0,-276559.3059734216,False,False,False,False,12158.89526460656,False,False,False,False
2025-06-03 19:00:00+00:00,179.245,179.48,178.97,179.43,12826.0,,,,,,,,,,,,,,,,,,,,,172.16969812553205,,,"rgba(38, 166, 154, 1.0)",0.0,0.0,1.6201659685876997,174.29376586674508,3.1701901119008142,0.0,0.0,0.0,0.0,0.0,0.0,0.0,0.0,53.75218374687669,8.874717805918841,False,True,True,False,False,11.39149328431698,0,1.0459826222786297,0.884164795470077,False,False,False,False,0.2621753760498486,0.25587116564055934,False,False,False,False,-258327.0,-276276.6345629809,False,False,False,False,12169.237973682428,False,False,False,False
2025-06-04 14:00:00+00:00,178.415,179.29,178.4,179.1,9101.0,,,,,,,,,,,,,,,,,,,,,172.19522083686977,,,"rgba(38, 166, 154, 1.0)",0.0,0.0,1.6226376924886963,174.30953244579212,2.952271832697644,0.0,0.0,0.0,0.0,0.0,0.0,0.0,0.0,52.6229688279803,8.180825414646918,False,True,True,False,False,9.96720923609681,1,1.0369021607186215,0.8873998543335758,False,False,False,False,0.23151804611493176,0.24369460587774555,False,False,False,False,-267428.0,-276139.4464302215,False,False,False,False,12121.668392695103,False,False,False,False
2025-06-04 15:00:00+00:00,179.17,179.59,178.92,179.45,5300.0,,,,,,,,,,,,,,,,,,,,,172.21085105675496,,,"rgba(38, 166, 154, 1.0)",0.0,0.0,1.631968501287067,174.32337290837665,3.1413762505711182,0.0,0.0,0.0,0.0,0.0,0.0,0.0,0.0,53.615449518745926,8.180825414646918,False,True,True,False,False,11.107210950746445,1,1.0501926735281206,0.8822984244670989,False,False,False,False,0.2646156221862995,0.2541551140320225,False,False,False,False,-262128.0,-275922.21470262116,False,False,False,False,12015.906092033163,False,False,False,False
2025-06-04 16:00:00+00:00,179.495,179.5,179.16,179.41,7574.0,,,,,,,,,,,,,,,,,,,,,172.2331834628159,,,"rgba(38, 166, 154, 1.0)",0.0,0.0,1.642878686447162,174.3431824453062,3.0841093724644546,0.0,0.0,0.0,0.0,0.0,0.0,0.0,0.0,54.02910563549839,8.180825414646918,False,True,True,False,False,10.931543379637237,1,1.0522215099363879,0.8858424971645543,False,False,False,False,0.2707298060021813,0.2624424600171019,False,False,False,False,-269702.0,-275825.7772653712,False,False,False,False,11947.03933091637,False,False,False,False
2025-06-04 17:00:00+00:00,179.405,179.92,179.405,179.8,9068.0,,,,,,,,,,,,,,,,,,,,,172.26104902791025,,,"rgba(38, 166, 154, 1.0)",0.0,0.0,1.6622277247756971,174.37245073985017,3.2652260452954756,0.0,0.0,0.0,0.0,0.0,0.0,0.0,0.0,56.230826669213286,8.180825414646918,False,True,True,False,True,12.206068181527694,1,1.0432144442800062,0.8842681663460114,False,False,False,False,0.29808260496729644,0.2802625324921992,False,False,False,False,-260634.0,-275590.2458349003,False,False,False,False,11902.403062219993,False,False,False,False
2025-06-04 18:00:00+00:00,179.8,179.92,179.475,179.565,14923.0,,,,,,,,,,,,,,,,,,,,,172.30612188794228,,,"rgba(38, 166, 154, 1.0)",0.0,0.0,1.6789523760622478,174.72438254942392,2.8831177820118277,0.0,0.0,0.0,0.0,0.0,0.0,0.0,0.0,56.08506697764567,8.180825414646918,False,True,True,False,True,11.152292799543861,1,1.0459940652818995,0.8834322453016815,False,False,False,False,0.3009865517253938,0.2906245421087965,False,False,False,False,-275557.0,-275589.7303955995,False,False,False,False,11949.234022495652,False,False,False,False
2025-06-04 19:00:00+00:00,179.55,179.61,179.07,179.175,38311.0,,,,,,,,,,,,,,,,,,,,,172.4136801970182,,,"rgba(38, 166, 154, 1.0)",0.0,0.0,1.690488542853072,174.78502455940261,2.596867904936135,0.0,0.0,0.0,0.0,0.0,0.0,0.0,0.0,53.57541347866568,7.7645369107094595,False,True,True,False,False,9.424699406593117,1,1.0414625698876852,0.8858542377913015,False,False,False,False,0.27154651629464543,0.281085529201721,False,False,False,False,-313868.0,-276183.1919398538,False,False,False,False,12357.943572534477,False,False,False,False
2025-06-05 14:00:00+00:00,178.31,178.54,177.7,178.22,9890.0,,,,,,,,,,,,,,,,,,,,,172.4364255323724,,,"rgba(38, 166, 154, 1.0)",0.0,0.0,1.691968143376875,174.7770223405327,2.034895085315083,0.0,0.0,0.0,0.0,0.0,0.0,0.0,0.0,47.64119390157644,2.1794775164062017,False,True,False,True,False,5.396380185231656,1,1.0302643215092857,0.8942713962857419,False,False,False,False,0.17414434391974726,0.22761493656073412,False,False,False,False,-323758.0,-276920.78586326685,False,False,False,False,12319.680881487431,False,False,False,False
2025-06-05 15:00:00+00:00,178.22,179.02,178.22,178.63,9976.0,,,,,,,,,,,,,,,,,,,,,172.4610580013516,,,"rgba(38, 166, 154, 1.0)",0.0,0.0,1.6955593777888165,174.7829745074092,2.26888279053236,0.0,0.0,0.0,0.0,0.0,0.0,0.0,0.0,46.10022048463957,0.8345326135528524,False,True,False,True,False,6.821515520440844,1,1.0351620210775143,0.8923470895301875,False,False,False,False,0.213568639502772,0.22059178803175306,False,False,False,False,-313782.0,-277492.27755530924,False,False,False,False,12283.34474378995,False,False,False,False
2025-06-05 16:00:00+00:00,178.66,179.055,178.255,178.5,10585.0,,,,,,,,,,,,,,,,,,,,,172.48689649656532,,,"rgba(38, 166, 154, 1.0)",0.0,0.0,1.6958234652313386,174.79036293889615,2.1875136988965957,0.0,0.0,0.0,0.0,0.0,0.0,0.0,0.0,44.51820224195605,-0.6531980410053961,False,True,False,True,False,6.283050253765218,0,1.0357423795476894,0.8878564405113073,False,False,False,False,0.21635160349111893,0.218471695761436,False,False,False,False,-324367.0,-278219.01743817265,False,False,False,False,12257.01381752964,False,False,False,False
2025-06-05 17:00:00+00:00,178.49,179.27,178.49,179.065,5942.0,,,,,,,,,,,,,,,,,,,,,172.50210323752097,,,"rgba(38, 166, 154, 1.0)",0.0,0.0,1.7009619482967735,174.798917875351,2.5080408935195466,0.0,0.0,0.0,0.0,0.0,0.0,0.0,0.0,46.57286626001084,-0.6531980410053961,False,True,False,True,False,8.231724975051051,1,1.0338949650211846,0.8932899793083059,False,False,False,False,0.23432311655818586,0.2263974061598109,False,False,False,False,-318425.0,-278842.3660050227,False,False,False,False,12159.106626560188,False,False,False,False
2025-06-05 18:00:00+00:00,179.08,179.08,178.6,178.775,8274.0,,,,,,,,,,,,,,,,,,,,,172.5227557936413,,,"rgba(38, 166, 154, 1.0)",0.0,0.0,1.6989887691923833,174.80900010710775,2.3343296699821625,0.0,0.0,0.0,0.0,0.0,0.0,0.0,0.0,46.52153128139849,-0.6531980410053961,False,True,False,True,False,7.0136194003227885,0,1.0283065391064208,0.897721668803629,False,False,False,False,0.23111761479599446,0.2287575104779027,False,False,False,False,-326699.0,-279584.32932277425,False,False,False,False,12098.87241529569,False,False,False,False
2025-06-05 19:00:00+00:00,178.77,178.9,178.11,178.49,24373.0,,,,,,,,,,,,,,,,,,,,,172.57977843113616,,,"rgba(38, 166, 154, 1.0)",0.0,0.0,1.6889148469844122,174.826858097169,2.168932264034274,0.0,0.0,0.0,0.0,0.0,0.0,0.0,0.0,45.17073352214223,-0.6531980410053961,False,True,False,True,False,5.827371982396013,0,1.0247351564424736,0.8995319044099528,False,False,False,False,0.20444727223187012,0.2166023913548864,False,False,False,False,-351072.0,-280692.66530226613,False,False,False,False,12289.16896699653,False,False,False,False
2025-06-06 14:00:00+00:00,178.38,178.51,177.96,178.18,13831.0,,,,,,,,,,,,,,,,,,,,,172.61013030698825,,,"rgba(38, 166, 154, 1.0)",0.0,0.0,1.6829992318531937,174.83232182980356,1.9891144968083148,0.0,0.0,0.0,0.0,0.0,0.0,0.0,0.0,42.93521551538885,-2.5108389087778704,False,True,False,True,False,4.550281175048873,0,1.0277998411437652,0.9042394757744238,False,False,False,False,0.18316032051355396,0.19988135593422018,False,False,False,False,-364903.0,-281998.2518867271,False,False,False,False,12313.073324097359,False,False,False,False
2025-06-06 15:00:00+00:00,178.28,178.59,177.605,177.7,15265.0,,,,,,,,,,,,,,,,,,,,,172.64176509812572,,,"rgba(239, 83, 80, 1.0)",0.0,0.0,1.6743399936746555,174.8341725184895,1.7116162143513511,0.0,0.0,0.0,0.0,0.0,0.0,0.0,0.0,39.635870958829365,-5.69779420207356,False,True,False,True,False,2.6127449467341606,0,1.02155557762988,0.9034469057315978,False,False,False,False,0.1723836666403111,0.18613251128726566,False,False,False,False,-380168.0,-283520.2634853825,False,False,False,False,12358.839629150112,False,False,False,False
2025-06-06 16:00:00+00:00,177.655,177.91,177.45,177.58,6908.0,,,,,,,,,,,,,,,,,,,,,172.65510976114035,,,"rgba(239, 83, 80, 1.0)",0.0,0.0,1.6653506840617494,174.83243666970182,1.649840695172354,0.0,0.0,0.0,0.0,0.0,0.0,0.0,0.0,37.01599104785413,-8.17041038702633,False,True,False,True,False,2.1334917289996795,0,1.0141214444220294,0.9258624167843449,False,False,False,False,0.1398928164138198,0.16301266385054272,False,False,False,False,-387076.0,-285125.7787801827,False,False,False,False,12274.3304876129,False,False,False,False
2025-06-06 17:00:00+00:00,177.575,178.2,177.46,178.18,6951.0,,,,,,,,,,,,,,,,,,,,,172.66926857544368,,,"rgba(239, 83, 80, 1.0)",0.0,0.0,1.6598753128045776,174.8340958650566,2.0157563096049973,0.0,0.0,0.0,0.0,0.0,0.0,0.0,0.0,39.28884475223693,-8.17041038702633,False,True,False,True,True,4.359017628465587,0,1.015727258890975,0.9216173710111101,False,False,False,False,0.15152894075108225,0.15727080230081247,False,False,False,False,-380125.0,-286598.63492312556,False,False,False,False,12191.798231990995,False,False,False,False
2025-06-06 18:00:00+00:00,178.205,178.77,178.2,178.69,11771.0,,,,,,,,,,,,,,,,,,,,,172.69580995646774,,,"rgba(239, 83, 80, 1.0)",0.0,0.0,1.660744357155509,174.8472837559969,2.3138517541524757,0.0,0.0,0.0,0.0,0.0,0.0,0.0,0.0,43.51084743357879,-11.738791797050759,False,True,False,True,True,6.182070016828376,0,1.015149979732469,0.9148763680583699,False,False,False,False,0.20286440771731326,0.18006760500906288,False,False,False,False,-368354.0,-287866.1599630771,False,False,False,False,12185.274228394235,False,False,False,False
2025-06-06 19:00:00+00:00,178.685,178.88,178.245,178.65,38798.0,,,,,,,,,,,,,,,,,,,,,172.78218326726724,,,"rgba(239, 83, 80, 1.0)",0.0,0.0,1.6516561494572917,174.89289720519207,2.274748770222216,0.0,0.0,0.0,0.0,0.0,0.0,0.0,0.0,46.10737108419926,-9.388447232201322,False,True,False,True,True,6.014741404866275,0,1.0192434628078195,0.9137852246763134,False,False,False,False,0.2090036708121779,0.1945356379106204,False,False,False,False,-407152.0,-289715.5528318666,False,False,False,False,12597.874627954016,False,False,False,False
2025-06-09 14:00:00+00:00,176.93,177.13,174.865,175.87,33970.0,,,,,,,,,,,,,,,,,,,,,172.82236499911022,,,"rgba(239, 83, 80, 1.0)",0.0,0.0,1.6426174673819212,174.83091237124344,0.6325804086405505,0.0,0.0,0.0,0.0,0.0,0.0,0.0,0.0,39.35350692860506,-4.5375664571975065,False,True,False,True,False,0.0,0,0.9946905265227871,0.9136718942038242,False,False,False,False,0.011202996380960749,0.10286931714579058,False,False,False,False,-441122.0,-292062.9396096671,False,False,False,False,12929.225408915967,False,False,False,False
2025-06-09 15:00:00+00:00,176.05,176.81,175.91,176.81,6470.0,,,,,,,,,,,,,,,,,,,,,172.83123848029243,,,"rgba(239, 83, 80, 1.0)",0.0,0.0,1.6095294763188375,174.82473284327975,1.233445665910244,0.0,0.0,0.0,0.0,0.0,0.0,0.0,0.0,38.775631766283546,-4.909621857264781,False,True,False,True,False,0.0,0,1.0136215575954994,0.9147665580890332,False,False,False,False,0.03875356185561655,0.07081143950070357,False,False,False,False,-434652.0,-294273.622716494,False,False,False,False,12829.08237932037,False,False,False,False
2025-06-09 16:00:00+00:00,176.85,176.93,176.38,176.73,4810.0,,,,,,,,,,,,,,,,,,,,,172.83811124830834,,,"rgba(239, 83, 80, 1.0)",0.0,0.0,1.5717583886960784,174.8212636911816,1.2143954964998578,0.0,0.0,0.0,0.0,0.0,0.0,0.0,0.0,38.20260127698093,-5.546214504852486,False,True,False,True,False,0.0,0,1.017566623415511,0.926439764447549,False,False,False,False,0.06121558693273535,0.06601351321671946,False,False,False,False,-439462.0,-296524.60531003674,False,False,False,False,12704.755520726256,False,False,False,False
2025-06-09 17:00:00+00:00,176.73,177.14,176.73,176.99,3789.0,,,,,,,,,,,,,,,,,,,,,172.84389184956214,,,"rgba(239, 83, 80, 1.0)",0.0,0.0,1.5154150919483964,174.8197829567551,1.4320941204661166,0.0,0.0,0.0,0.0,0.0,0.0,0.0,0.0,38.90968519819792,-5.546214504852486,False,True,False,True,False,0.0,0,1.0180795500200888,0.9302932904781034,False,False,False,False,0.08259234864934979,0.07430293093303462,False,False,False,False,-435673.0,-298681.9447625943,False,False,False,False,12566.526752963058,False,False,False,False
2025-06-09 18:00:00+00:00,177.02,177.1,176.7,176.89,6642.0,,,,,,,,,,,,,,,,,,,,,172.85384678376806,,,"rgba(239, 83, 80, 1.0)",0.0,0.0,1.4592470043909254,174.81696617053424,1.4206188693400854,0.0,0.0,0.0,0.0,0.0,0.0,0.0,0.0,39.085808436436444,-5.546214504852486,False,True,False,True,False,0.0,0,1.012136166784168,0.9324705408399634,False,False,False,False,0.07991653023374697,0.0771097305833908,False,False,False,False,-442315.0,-300908.8138360424,False,False,False,False,12474.673625010142,False,False,False,False
2025-06-09 19:00:00+00:00,176.88,176.88,175.955,175.955,18814.0,,,,,,,,,,,,,,,,,,,,,172.87740519105026,,,"rgba(239, 83, 80, 1.0)",0.0,0.0,1.404925563096461,174.79776067977414,0.8237015188728646,0.0,0.0,0.0,0.0,0.0,0.0,0.0,0.0,36.73576683524748,-7.82242424222045,False,True,False,True,False,0.0,0,1.0053822937625763,0.935362173038229,False,False,False,False,0.04312798132554514,0.06011885595446797,False,False,False,False,-461129.0,-303392.84773005726,False,False,False,False,12572.957754854946,False,False,False,False
2025-06-10 14:00:00+00:00,175.73,175.775,175.11,175.275,10467.0,,,,,,,,,,,,,,,,,,,,,172.88701417933748,,,"rgba(239, 83, 80, 1.0)",0.0,0.0,1.3696800014274781,174.77874574794362,0.3623140087751835,0.0,0.0,0.0,0.0,0.0,0.0,0.0,0.0,33.747483131502534,-10.873494484863272,False,True,False,True,False,0.0,0,0.9931376477659796,0.9464536165097169,False,False,False,False,-0.030959257970873448,0.01457979899179726,False,False,False,False,-471596.0,-306000.6485404439,False,False,False,False,12540.307247027738,False,False,False,False
2025-06-10 15:00:00+00:00,175.27,175.45,174.79,175.21,11839.0,,,,,,,,,,,,,,,,,,,,,172.8967737193608,,,"rgba(239, 83, 80, 1.0)",-1.0,176.985,1.3389541333351345,174.77759050767438,0.3229457093116141,0.0,0.0,0.0,0.0,0.0,0.0,0.0,0.0,31.624642589515375,-13.03939525289173,False,True,False,True,False,0.0,0,0.9947667689830431,0.951542293564132,True,False,False,False,-0.0554999554990194,-0.02046007825361107,False,False,False,False,-483435.0,-308751.56871811143,False,False,False,False,12529.434266453663,False,False,False,False
2025-06-10 16:00:00+00:00,175.245,175.38,175.04,175.3,11666.0,,,,,,,,,,,,,,,,,,,,,172.9066895021145,,,"rgba(239, 83, 80, 1.0)",0.0,0.0,1.2926915039282947,174.76082995189628,0.41709104335045993,0.0,0.0,0.0,0.0,0.0,0.0,0.0,0.0,30.730158619476,-14.085427856897311,False,True,False,True,False,0.0,0,1.0209714809423698,0.9373012022211438,False,False,False,False,-0.048645934236846745,-0.034553006245228904,False,False,False,False,-471769.0,-311278.9707534895,False,False,False,False,12516.047688679188,False,False,False,False
2025-06-10 17:00:00+00:00,175.315,175.63,175.245,175.355,12932.0,,,,,,,,,,,,,,,,,,,,,172.91837746295678,,,"rgba(239, 83, 80, 1.0)",0.0,0.0,1.3089465986824171,174.74702564740758,0.4644760551762715,0.0,0.0,0.0,0.0,0.0,0.0,0.0,0.0,30.479039858582944,-14.615802408384496,False,True,False,True,False,0.0,0,1.010801128962224,0.9341076856274423,False,False,False,False,-0.03133937338639995,-0.03294618981581443,False,False,False,False,-458837.0,-313566.6921371563,False,False,False,False,12522.49656172292,False,False,False,False
2025-06-10 18:00:00+00:00,175.355,175.615,175.065,175.47,9720.0,,,,,,,,,,,,,,,,,,,,,172.92699756345053,,,"rgba(239, 83, 80, 1.0)",0.0,0.0,1.3241415815281983,174.73530240273615,0.5548482182818608,0.0,0.0,0.0,0.0,0.0,0.0,0.0,0.0,31.085284206752345,-14.615802408384496,False,True,False,True,False,0.0,0,1.0047408860552567,0.9371151435889048,False,False,False,False,-0.038753569461963074,-0.03584987963888875,False,False,False,False,-449117.0,-315668.2472978205,False,False,False,False,12479.047002626441,False,False,False,False
2025-06-10 19:00:00+00:00,175.45,175.76,175.045,175.51,26340.0,,,,,,,,,,,,,,,,,,,,,172.9505730796651,,,"rgba(239, 83, 80, 1.0)",0.0,0.0,1.3377285205147809,174.7071092531648,0.6001896008961796,0.0,0.0,0.0,0.0,0.0,0.0,0.0,0.0,31.778400268966237,-14.615802408384496,False,True,False,True,False,0.0,0,1.002779897525347,0.9353537555870489,False,False,False,False,-0.0340004409659938,-0.03492516030244128,False,False,False,False,-422777.0,-317328.84811490856,False,False,False,False,12693.945498709752,False,False,False,False
2025-06-11 14:00:00+00:00,175.96,176.6,175.935,176.35,7223.0,,,,,,,,,,,,,,,,,,,,,172.95916051377398,,,"rgba(239, 83, 80, 1.0)",0.0,0.0,1.340944493683167,174.70930111274896,1.223539747528649,0.0,0.0,0.0,0.0,0.0,0.0,0.0,0.0,37.41448138097611,-17.051579914445824,False,True,False,True,True,0.0,0,1.0083750271916474,0.9265281705460083,False,False,False,False,0.03171949025290795,-0.0016028350247666648,False,False,False,False,-415554.0,-318851.7186867705,False,False,False,False,12609.124638264639,False,False,False,False
2025-06-11 15:00:00+00:00,176.35,177.28,176.35,177.14,9794.0,,,,,,,,,,,,,,,,,,,,,172.97291446055044,,,"rgba(239, 83, 80, 1.0)",0.0,0.0,1.3344228161479865,174.72027633732435,1.8133110685716054,0.0,0.0,0.0,0.0,0.0,0.0,0.0,0.0,44.545754910182566,-10.57683109067252,False,True,False,True,True,1.0128551617396298,0,1.0210991167811587,0.9138043833824011,False,False,False,False,0.07342278916275247,0.035909977068992904,False,False,False,False,-405760.0,-320199.13390092907,False,False,False,False,12565.479295035728,False,False,False,False
2025-06-11 16:00:00+00:00,177.135,177.415,176.89,177.35,6138.0,,,,,,,,,,,,,,,,,,,,,172.98212571504186,,,"rgba(239, 83, 80, 1.0)",0.0,0.0,1.3225337407792548,174.7288327955099,1.981928417906121,0.0,0.0,0.0,0.0,0.0,0.0,0.0,0.0,50.06476433283332,-5.8249949817298585,False,False,True,False,True,1.753346893983661,0,1.0144640598361112,0.922785018973767,False,False,False,False,0.09924864288058056,0.06757930997478673,False,False,False,False,-399622.0,-321430.49616603093,False,False,False,False,12465.828453252227,False,False,False,False
2025-06-11 17:00:00+00:00,177.35,177.56,177.24,177.37,7911.0,,,,,,,,,,,,,,,,,,,,,172.9944176190324,,,"rgba(239, 83, 80, 1.0)",0.0,0.0,1.3102604376300502,174.74072791489414,2.006678985028042,0.0,0.0,0.0,0.0,0.0,0.0,0.0,0.0,53.82102603977877,-2.699759993669602,True,False,True,False,True,1.8245197105073032,0,1.0251812496541044,0.9125020753777188,False,False,False,False,0.11826988969716909,0.09292459983597791,False,False,False,False,-391711.0,-322520.116380511,False,False,False,False,12395.210957852967,False,False,False,False
2025-06-11 18:00:00+00:00,177.39,177.39,176.67,176.83,8375.0,,,,,,,,,,,,,,,,,,,,,173.00610009883115,,,"rgba(239, 83, 80, 1.0)",0.0,0.0,1.3028660299109687,174.74754823705047,1.5983621609136975,0.0,0.0,0.0,0.0,0.0,0.0,0.0,0.0,53.20351610365965,-2.699759993669602,True,False,True,False,True,0.0,0,1.0183051221260413,0.9097425153002154,False,False,False,False,0.08986134825718381,0.09139297404658087,False,False,False,False,-400086.0,-323722.6882195729,False,False,False,False,12332.88210579323,False,False,False,False
2025-06-11 19:00:00+00:00,176.87,177.5,176.74,177.465,24946.0,,,,,,,,,,,,,,,,,,,,,173.04285502528745,,,"rgba(239, 83, 80, 1.0)",0.0,0.0,1.289574708162349,174.77295660482812,2.0875435739648274,0.0,0.0,0.0,0.0,0.0,0.0,0.0,0.0,55.4824248073037,-1.3330632989479483,True,False,True,False,True,2.1021294222733786,0,1.022856511897533,0.9103406393198259,False,False,False,False,0.09675650390871769,0.09407473897764929,False,False,False,False,-375140.0,-324519.8558440756,False,False,False,False,12528.434321207287,False,False,False,False
2025-06-12 14:00:00+00:00,177.62,178.74,177.56,178.11,4626.0,,,,,,,,,,,,,,,,,,,,,173.05105167435994,,,"rgba(38, 166, 154, 1.0)",0.0,0.0,1.2741839183029038,174.78207514295238,2.611808867812525,0.0,0.0,0.0,0.0,0.0,0.0,0.0,0.0,59.147513340723904,2.18058363629693,True,False,True,False,True,4.3243895679712345,0,1.029035433070867,0.8941929133858271,False,False,False,False,0.17649357943934513,0.1352841592084972,False,False,False,False,-370514.0,-325232.943350369,False,False,False,False,12405.915959638181,False,False,False,False
2025-06-12 15:00:00+00:00,178.19,178.56,178.01,178.52,13974.0,,,,,,,,,,,,,,,,,,,,,173.07674875311727,,,"rgba(38, 166, 154, 1.0)",0.0,0.0,1.2591921727568098,174.81169624252794,2.9449863473605453,0.0,0.0,0.0,0.0,0.0,0.0,0.0,0.0,62.7452249064973,5.600278610837854,True,False,True,False,True,5.694779227792871,0,1.0360404974138886,0.9015626719489386,False,False,False,False,0.18708943078131443,0.16118679499490582,False,False,False,False,-356540.0,-325718.3240736191,False,False,False,False,12430.227340108908,False,False,False,False
2025-06-12 16:00:00+00:00,178.48,178.99,178.36,178.52,7401.0,,,,,,,,,,,,,,,,,,,,,173.090922567636,,,"rgba(38, 166, 154, 1.0)",0.0,0.0,1.2433249269108884,174.8286161149801,2.9689615362183486,0.0,0.0,0.0,0.0,0.0,0.0,0.0,0.0,65.14369928367955,7.930772783739478,True,False,True,False,True,5.694779227792871,0,1.0437727122563603,0.8881731086884709,False,False,False,False,0.21794334883267344,0.18956507191378963,False,False,False,False,-356540.0,-326196.17951433815,False,False,False,False,12352.254823207993,False,False,False,False
2025-06-12 17:00:00+00:00,178.56,178.94,178.56,178.86,3994.0,,,,,,,,,,,,,,,,,,,,,173.09876644384295,,,"rgba(38, 166, 154, 1.0)",0.0,0.0,1.2399654892046428,174.83820101390774,3.243476549232028,0.0,0.0,0.0,0.0,0.0,0.0,0.0,0.0,67.72277448500627,10.49695019419152,True,False,True,False,True,6.836007271610395,0,1.048922056384744,0.8856274184632398,False,False,False,False,0.22392215888364916,0.20674361539871938,False,False,False,False,-352546.0,-326604.70386295306,False,False,False,False,12222.669477111745,False,False,False,False
2025-06-12 18:00:00+00:00,178.86,178.98,178.73,178.975,6846.0,,,,,,,,,,,,,,,,,,,,,173.11241639247652,,,"rgba(38, 166, 154, 1.0)",0.0,0.0,1.2425624388410068,174.85500776967996,3.3157224953322557,0.0,0.0,0.0,0.0,0.0,0.0,0.0,0.0,69.76654436990788,12.617121476075766,True,False,True,False,True,7.221213341189227,0,1.0531773317067767,0.8798380836198298,False,False,False,False,0.23231912778195693,0.21953137159033814,False,False,False,False,-345700.0,-326900.754965853,False,False,False,False,12139.310260412338,False,False,False,False
2025-06-12 19:00:00+00:00,178.975,179.12,178.69,179.04,33139.0,,,,,,,,,,,,,,,,,,,,,173.17821216688034,,,"rgba(38, 166, 154, 1.0)",0.0,0.0,1.246725234690831,174.9317049252827,3.2952690459787517,0.0,0.0,0.0,0.0,0.0,0.0,0.0,0.0,71.32348675699694,14.353243434278099,True,False,True,False,True,7.441408682387017,0,1.0531194493783314,0.8777198046181178,False,False,False,False,0.23632895540661,0.22793016349847406,False,False,False,False,-312561.0,-326678.4331834367,False,False,False,False,12464.886845522225,False,False,False,False
2025-06-13 14:00:00+00:00,178.41,179.05,178.13,178.87,10416.0,,,,,,,,,,,,,,,,,,,,,173.1976459573195,,,"rgba(38, 166, 154, 1.0)",0.0,0.0,1.2466479631990104,174.9512701108894,3.143413381155973,0.0,0.0,0.0,0.0,0.0,0.0,0.0,0.0,70.83308650930306,14.353243434278099,True,False,True,False,True,6.732777785050871,0,1.04747463608293,0.876213056903397,False,False,False,False,0.21118583430381552,0.2195579989011448,False,False,False,False,-322977.0,-326621.04662245314,False,False,False,False,12433.121157994749,False,False,False,False
2025-06-13 15:00:00+00:00,178.85,179.8,178.64,179.39,14655.0,,,,,,,,,,,,,,,,,,,,,173.22768993279396,,,"rgba(38, 166, 154, 1.0)",0.0,0.0,1.2528701032028793,174.98596271521407,3.5151587331577994,0.0,0.0,0.0,0.0,0.0,0.0,0.0,0.0,72.26369839768174,15.980315032876746,True,False,True,False,True,8.51645872328864,0,1.0638028013675975,0.8666041689643768,False,False,False,False,0.23814166424027533,0.22884983157071007,False,False,False,False,-308322.0,-326337.34047326783,False,False,False,False,12467.568891979327,False,False,False,False
2025-06-13 16:00:00+00:00,179.35,179.44,178.83,179.035,5199.0,,,,,,,,,,,,,,,,,,,,,173.23797078718167,,,"rgba(38, 166, 154, 1.0)",0.0,0.0,1.2561026705341476,174.99705393367395,3.214662432497607,0.0,0.0,0.0,0.0,0.0,0.0,0.0,0.0,70.25208307469606,15.980315032876746,True,False,True,False,True,7.023519010153898,0,1.0564759879099976,0.8778126049479466,False,False,False,False,0.22683984719732708,0.22784483938401856,False,False,False,False,-313521.0,-326138.63752019394,False,False,False,False,12354.877901406002,False,False,False,False
2025-06-13 17:00:00+00:00,179.0,179.02,178.175,178.335,10865.0,,,,,,,,,,,,,,,,,,,,,173.25718396007503,,,"rgba(38, 166, 154, 1.0)",0.0,0.0,1.2555322370223305,175.01384382762947,2.6452177605945986,0.0,0.0,0.0,0.0,0.0,0.0,0.0,0.0,64.31831671451619,20.512830005032868,True,False,True,False,False,4.175742168805673,0,1.0461547047661581,0.8855899095881243,False,False,False,False,0.17041514876188932,0.19912999407295395,False,False,False,False,-324386.0,-326111.46484546224,False,False,False,False,12331.77901921366,False,False,False,False
2025-06-13 18:00:00+00:00,178.31,178.48,177.49,178.19,7803.0,,,,,,,,,,,,,,,,,,,,,173.26970414277736,,,"rgba(38, 166, 154, 1.0)",0.0,0.0,1.255305587146499,175.1819493018026,2.3962696645325634,0.0,0.0,0.0,0.0,0.0,0.0,0.0,0.0,59.55405791654965,16.092704257983442,True,False,True,False,False,3.5989383555694126,0,1.0402004454342995,0.8920935412026736,False,False,False,False,0.10738332754477668,0.15325666080886532,False,False,False,False,-332189.0,-326205.6901966954,False,False,False,False,12261.565391008797,False,False,False,False
2025-06-13 19:00:00+00:00,178.175,178.53,178.06,178.37,30573.0,,,,,,,,,,,,,,,,,,,,,173.32083602703815,,,"rgba(38, 166, 154, 1.0)",0.0,0.0,1.2554566772583466,175.23058762707547,2.500613864096335,0.0,0.0,0.0,0.0,0.0,0.0,0.0,0.0,57.388327066708136,14.102245792055669,True,False,True,False,False,4.2518128804622854,0,1.045697726259475,0.8897681676326357,False,False,False,False,0.1293517149253051,0.1413041878670852,False,False,False,False,-301616.0,-325824.4546897699,False,False,False,False,12545.463602000907,False,False,False,False
2025-06-16 14:00:00+00:00,181.375,181.57,180.42,180.555,24710.0,,,,,,,,,,,,,,,,,,,,,173.38193317358684,,,"rgba(38, 166, 154, 1.0)",0.0,0.0,1.2848422870947267,175.6358175914298,3.828627418306271,0.0,0.0,0.0,0.0,0.0,0.0,0.0,0.0,63.03385712945646,14.102245792055669,True,False,True,False,True,11.449558384347185,0,1.0441904761904774,0.8872925170068034,False,False,False,False,0.3428282438759758,0.24206621587153052,False,False,False,False,-276906.0,-325066.0290356649,False,False,False,False,12734.061065535776,False,False,False,False
2025-06-16 15:00:00+00:00,180.555,181.115,180.415,180.935,18251.0,,,,,,,,,,,,,,,,,,,,,173.4262680828885,,,"rgba(38, 166, 154, 1.0)",0.0,0.0,1.3224611304100973,175.70395475489892,3.95553799262057,0.0,0.0,0.0,0.0,0.0,0.0,0.0,0.0,67.49440418489411,9.949914570271545,True,False,True,False,True,12.576586535261097,0,1.0353062778805366,0.8969644217168976,False,False,False,False,0.31877531736051795,0.2804207666160242,False,False,False,False,-258655.0,-324036.4006785228,False,False,False,False,12819.595002504213,False,False,False,False
2025-06-16 16:00:00+00:00,181.05,181.05,180.37,180.37,5318.0,,,,,,,,,,,,,,,,,,,,,173.43869719071944,,,"rgba(38, 166, 154, 1.0)",0.0,0.0,1.3439241887953877,175.71933178070162,3.4605138132582907,0.0,0.0,0.0,0.0,0.0,0.0,0.0,0.0,67.41473887555698,9.949914570271545,True,False,True,False,True,10.281959340527187,0,1.0330886381067177,0.907527117344144,False,False,False,False,0.3130769452049291,0.29674885591047667,False,False,False,False,-263973.0,-323105.18516412715,False,False,False,False,12703.291204015775,False,False,False,False
2025-06-16 17:00:00+00:00,180.38,180.51,179.835,179.9,9405.0,,,,,,,,,,,,,,,,,,,,,173.45899924903637,,,"rgba(38, 166, 154, 1.0)",0.0,0.0,1.3552251134450795,175.73578031123174,3.072714375977379,0.0,0.0,0.0,0.0,0.0,0.0,0.0,0.0,65.10036804627866,9.949914570271545,True,False,True,False,True,8.42649983672543,0,1.0185377590638174,0.9148028654235255,False,False,False,False,0.2583520026981633,0.27755042930431995,False,False,False,False,-273378.0,-322334.22105305543,False,False,False,False,12652.154906279096,False,False,False,False
2025-06-16 18:00:00+00:00,179.89,180.245,179.89,180.15,10027.0,,,,,,,,,,,,,,,,,,,,,173.4805510564533,,,"rgba(38, 166, 154, 1.0)",0.0,0.0,1.3651023556662585,175.75459227621633,3.219837476317615,0.0,0.0,0.0,0.0,0.0,0.0,0.0,0.0,64.30747659201836,9.949914570271545,True,False,True,False,False,9.203485973990642,0,1.0213921342767824,0.916625527946904,False,False,False,False,0.24784535837039234,0.26269789383735614,False,False,False,False,-263351.0,-321419.7525095972,False,False,False,False,12611.454830212753,False,False,False,False
2025-06-16 19:00:00+00:00,180.15,180.17,179.385,179.79,18738.0,,,,,,,,,,,,,,,,,,,,,173.51856291434018,,,"rgba(38, 166, 154, 1.0)",0.0,0.0,1.3738042302552402,175.7808895145227,2.9182545789165593,0.0,0.0,0.0,0.0,0.0,0.0,0.0,0.0,62.01369837374668,9.949914570271545,True,False,True,False,False,7.783795623130445,0,1.014048321854161,0.9176779271892429,False,False,False,False,0.2190960730543725,0.24089698344586433,False,False,False,False,-282089.0,-320809.97340092127,False,False,False,False,12706.440026643564,False,False,False,False
2025-06-17 14:00:00+00:00,179.415,179.455,178.91,179.1,7244.0,,,,,,,,,,,,,,,,,,,,,173.53167735759254,,,"rgba(38, 166, 154, 1.0)",0.0,0.0,1.3757812948195305,175.7844730952311,2.4099229414249344,0.0,0.0,0.0,0.0,0.0,0.0,0.0,0.0,57.53639530696257,14.491669132295641,True,False,True,False,False,5.14114578734716,0,1.0051641661230717,0.9214503152859324,False,False,False,False,0.16115668971147076,0.20102683657866754,False,False,False,False,-289333.0,-320321.9583094341,False,False,False,False,12621.751033982424,False,False,False,False
2025-06-17 15:00:00+00:00,179.09,179.395,178.98,179.19,17401.0,,,,,,,,,,,,,,,,,,,,,173.56311718654106,,,"rgba(38, 166, 154, 1.0)",0.0,0.0,1.3787986251272455,175.79675761222538,2.4610137593236048,0.0,0.0,0.0,0.0,0.0,0.0,0.0,0.0,54.93031127916543,11.882260239830288,False,False,True,False,False,5.436703151986379,0,1.0041286397218616,0.9241090830073888,False,False,False,False,0.16163861235713867,0.1813327244679031,False,False,False,False,-271932.0,-319571.7263976599,False,False,False,False,12695.847917176494,False,False,False,False
2025-06-17 16:00:00+00:00,179.17,179.87,179.135,179.735,8647.0,,,,,,,,,,,,,,,,,,,,,173.5796895854331,,,"rgba(38, 166, 154, 1.0)",0.0,0.0,1.3872749781023954,175.80856612029436,2.8303212713289803,0.0,0.0,0.0,0.0,0.0,0.0,0.0,0.0,55.386155247502785,11.882260239830288,False,False,True,False,False,7.208935653248133,0,1.0023972975918067,0.9278631361011233,False,False,False,False,0.19216001454741213,0.1867463695076576,False,False,False,False,-263285.0,-318699.06397288997,False,False,False,False,12633.075081251276,False,False,False,False
2025-06-17 17:00:00+00:00,179.735,180.2,179.715,180.03,13852.0,,,,,,,,,,,,,,,,,,,,,173.6078126704571,,,"rgba(38, 166, 154, 1.0)",0.0,0.0,1.3986306849189787,175.83499352804355,2.9993668215562277,0.0,0.0,0.0,0.0,0.0,0.0,0.0,0.0,56.765172970043494,11.882260239830288,True,False,True,False,False,8.149619874669252,0,1.0077443280977325,0.9234838568935435,False,False,False,False,0.23689557858807514,0.21182097404786637,False,False,False,False,-249433.0,-317625.17150819395,False,False,False,False,12651.97314200707,False,False,False,False
2025-06-17 18:00:00+00:00,180.02,181.185,179.83,181.18,23282.0,,,,,,,,,,,,,,,,,,,,,173.66002545617872,,,"rgba(38, 166, 154, 1.0)",0.0,0.0,1.4321208269790664,175.89903573902345,3.6875130655814092,0.0,0.0,0.0,0.0,0.0,0.0,0.0,0.0,60.98372085774075,11.882260239830288,True,False,True,False,True,11.646584118075737,0,1.0049202487158706,0.9185185185185192,False,False,False,False,0.29226215983691445,0.25204156694239044,False,False,False,False,-226151.0,-316206.96729876456,False,True,False,False,12816.77975996045,False,False,False,False
2025-06-17 19:00:00+00:00,181.18,181.655,180.91,180.99,30353.0,,,,,,,,,,,,,,,,,,,,,173.73124810553094,,,"rgba(38, 166, 154, 1.0)",0.0,0.0,1.4609385265583639,176.5952907591441,3.008141109954054,0.0,0.0,0.0,0.0,0.0,0.0,0.0,0.0,62.79008672040128,6.4551792615592944,True,False,True,False,True,10.889131956995108,0,1.0145871460867704,0.9136613198406722,False,True,False,False,0.3428282442902046,0.2974349056162975,False,False,False,False,-256504.0,-315281.3398987837,False,False,False,False,13088.659143526955,False,False,False,False
2025-06-18 14:00:00+00:00,180.87,181.325,180.625,180.73,8720.0,,,,,,,,,,,,,,,,,,,,,173.75066984581318,,,"rgba(38, 166, 154, 1.0)",0.0,0.0,1.4817863975391576,176.6132109131596,2.7782608165908704,0.0,0.0,0.0,0.0,0.0,0.0,0.0,0.0,62.60587479939776,6.561022896298631,True,False,True,False,True,9.853354510674084,0,1.0137206560188672,0.9149962482581206,False,False,False,False,0.312000168655784,0.3047175371360408,False,False,False,False,-265224.0,-314505.2571096553,False,False,False,False,13020.927994014908,False,False,False,False
2025-06-18 15:00:00+00:00,180.73,180.8,179.825,180.31,5674.0,,,,,,,,,,,,,,,,,,,,,173.7622263290657,,,"rgba(38, 166, 154, 1.0)",0.0,0.0,1.4860046105940752,176.61814783007304,2.4844150170240935,0.0,0.0,0.0,0.0,0.0,0.0,0.0,0.0,60.36010785583337,6.561022896298631,True,False,True,False,True,8.199494333276597,0,1.0092864385974285,0.9197843838394625,False,False,False,False,0.24740863063747492,0.2760630838867578,False,False,False,False,-270898.0,-313829.17560407927,False,False,False,False,12907.022133642582,False,False,False,False
2025-06-18 16:00:00+00:00,180.31,180.55,179.98,179.98,3422.0,,,,,,,,,,,,,,,,,,,,,173.76902607363476,,,"rgba(38, 166, 154, 1.0)",0.0,0.0,1.4883631888709585,176.62065694162956,2.2570721202254105,0.0,0.0,0.0,0.0,0.0,0.0,0.0,0.0,57.318147968596776,6.561022896298631,False,False,True,False,False,6.919361877471438,0,1.0127436281859081,0.9235917755408014,False,False,False,False,0.2428601776493585,0.25946163076805817,False,False,False,False,-274320.0,-313216.63024587644,False,False,False,False,12759.967526919441,False,False,False,False
2025-06-18 17:00:00+00:00,180.015,180.34,179.79,180.25,3822.0,,,,,,,,,,,,,,,,,,,,,173.77655230663657,,,"rgba(38, 166, 154, 1.0)",0.0,0.0,1.5006049080601591,176.62356895985857,2.4166461276135203,0.0,0.0,0.0,0.0,0.0,0.0,0.0,0.0,56.44326289674644,12.044174651175688,False,False,True,False,False,7.78281407083125,0,1.0114190746796774,0.92280062188388,False,False,False,False,0.2238141309299656,0.2416378808490119,False,False,False,False,-270498.0,-312554.3259009791,False,False,False,False,12621.394386967202,False,False,False,False
2025-06-18 18:00:00+00:00,180.32,180.52,179.62,179.7,3961.0,,,,,,,,,,,,,,,,,,,,,173.78411291194107,,,"rgba(38, 166, 154, 1.0)",0.0,0.0,1.5048711806245805,176.62563424065382,2.0429428106066743,0.0,0.0,0.0,0.0,0.0,0.0,0.0,0.0,53.310722000036364,8.8845138626885,False,False,True,False,False,5.65650244164048,0,1.0165935124718994,0.9149448667166263,False,False,False,False,0.2242882863736736,0.23296308361134274,False,False,False,False,-274459.0,-311963.700693212,False,False,False,False,12487.124706549104,False,False,False,False
2025-06-18 19:00:00+00:00,179.6,180.09,179.54,179.585,20945.0,,,,,,,,,,,,,,,,,,,,,173.82244468132004,,,"rgba(38, 166, 154, 1.0)",0.0,0.0,1.5080212767647945,176.6349700595555,1.9562256752592289,0.0,0.0,0.0,0.0,0.0,0.0,0.0,0.0,50.722977319353504,6.31523524483049,False,True,False,False,False,5.216898406611804,0,1.013005084292214,0.9201498528231207,False,False,False,False,0.20022753128877738,0.21659530745006006,False,False,False,False,-295404.0,-311706.96114758076,False,False,False,False,12618.25455605997,False,False,False,False
2025-06-19 14:00:00+00:00,179.585,179.585,179.585,179.585,0.0,,,,,,,,,,,,,,,,,,,,,173.82244468132004,,,"rgba(38, 166, 154, 1.0)",0.0,0.0,1.5098789761191695,176.6349700595555,1.9538188074033151,0.0,0.0,0.0,0.0,0.0,0.0,0.0,0.0,48.99781419889827,4.550716399609598,False,True,False,True,False,5.216898406611804,0,1.0121479251773824,0.9254461406149218,False,False,False,False,0.1787209494323817,0.19765812844122088,False,False,False,False,-295404.0,-311454.20206002134,False,False,False,False,12422.622702477645,False,False,False,False
2025-06-19 15:00:00+00:00,179.585,179.585,179.585,179.585,0.0,,,,,,,,,,,,,,,,,,,,,173.82244468132004,,,"rgba(38, 166, 154, 1.0)",0.0,0.0,1.5077917747620808,176.6349700595555,1.9565234336883082,0.0,0.0,0.0,0.0,0.0,0.0,0.0,0.0,47.84770545192811,3.2683147754579878,False,True,False,True,False,5.216898406611804,0,1.0122135754431487,0.9260700389105061,False,False,False,False,0.1787209494323817,0.1881895389368013,False,False,False,False,-295404.0,-311205.3617180055,False,False,False,False,12230.023900888844,False,False,False,False
2025-06-19 16:00:00+00:00,179.585,179.585,179.585,179.585,0.0,,,,,,,,,,,,,,,,,,,,,173.82244468132004,,,"rgba(38, 166, 154, 1.0)",0.0,0.0,1.4986476636701398,176.6349700595555,1.9684613081235962,0.0,0.0,0.0,0.0,0.0,0.0,0.0,0.0,47.08096628728133,2.2767577129385614,False,True,False,True,False,5.216898406611804,0,1.014027397260275,0.9318356164383566,False,False,False,False,0.1787209494323817,0.1834552441845915,False,False,False,False,-295404.0,-310960.37936578837,False,False,False,False,12040.411127231651,False,False,False,False
2025-06-19 17:00:00+00:00,179.585,179.585,179.585,179.585,0.0,,,,,,,,,,,,,,,,,,,,,173.82244468132004,,,"rgba(38, 166, 154, 1.0)",0.0,0.0,1.5033826933042276,176.6349700595555,1.9622614744624578,0.0,0.0,0.0,0.0,0.0,0.0,0.0,0.0,46.569806844183475,1.4649991024857059,False,True,False,True,False,5.216898406611804,0,1.008837825894831,0.9306230667255858,False,False,False,False,0.1787209494323817,0.1810880968084866,False,False,False,False,-295404.0,-310719.19518957456,False,False,False,False,11853.738086499377,False,False,False,False
2025-06-19 18:00:00+00:00,179.585,179.585,179.585,179.585,0.0,,,,,,,,,,,,,,,,,,,,,173.82244468132004,,,"rgba(38, 166, 154, 1.0)",0.0,0.0,1.508043966072527,176.6349700595555,1.9561962428240087,0.0,0.0,0.0,0.0,0.0,0.0,0.0,0.0,46.229033882118244,0.770112279187714,False,True,False,True,False,5.216898406611804,0,1.01317699609157,0.9286432160804025,False,False,False,False,0.1787209494323817,0.17990452312043415,False,False,False,False,-295404.0,-310481.7503029145,False,False,False,False,11669.959201437372,False,False,False,False
2025-06-19 19:00:00+00:00,179.585,179.585,179.585,179.585,0.0,,,,,,,,,,,,,,,,,,,,,173.82244468132004,,,"rgba(38, 166, 154, 1.0)",0.0,0.0,1.5117663226896445,176.6349700595555,1.9513795856994467,0.0,0.0,0.0,0.0,0.0,0.0,0.0,0.0,46.00185190740809,0.15737249487682448,False,True,False,True,False,5.216898406611794,0,1.02656524947494,0.9202474882216044,False,False,False,False,0.1787209494323817,0.17931273627640792,False,False,False,False,-295404.0,-310247.9867323266,False,False,False,False,11489.029601415086,False,False,False,False
2025-06-20 14:00:00+00:00,178.86,180.56,178.815,180.31,8865.0,,,,,,,,,,,,,,,,,,,,,173.83894612963982,,,"rgba(38, 166, 154, 1.0)",0.0,0.0,1.5236249361145624,176.64321090532968,2.4066218711417915,0.0,0.0,0.0,0.0,0.0,0.0,0.0,0.0,51.551010341898674,-2.7464482673758965,False,True,True,False,True,7.873779486997954,0,1.018826693561944,0.9002633495825636,False,False,False,False,0.188284059961046,0.18379839811872695,False,False,False,False,-286539.0,-309880.40554267814,False,False,False,False,11448.346971935782,False,False,False,False
2025-06-20 15:00:00+00:00,180.35,180.9,180.28,180.315,6516.0,,,,,,,,,,,,,,,,,,,,,173.85222070435827,,,"rgba(38, 166, 154, 1.0)",0.0,0.0,1.5348132585897543,177.15488955885147,2.0589543538685375,0.0,0.0,0.0,0.0,0.0,0.0,0.0,0.0,55.28071352752815,0.6913426101058704,False,True,True,False,True,7.891760063766867,0,1.041708768384418,0.8928932300437866,False,False,False,False,0.2741894342974219,0.2289939162080744,False,False,False,False,-280023.0,-309417.50003038853,False,False,False,False,11371.876476246855,False,False,False,False
2025-06-20 16:00:00+00:00,180.27,180.27,179.76,179.89,3828.0,,,,,,,,,,,,,,,,,,,,,173.8593804779331,,,"rgba(38, 166, 154, 1.0)",0.0,0.0,1.5390724215978533,177.14892486413854,1.7809916527616596,0.0,0.0,0.0,0.0,0.0,0.0,0.0,0.0,53.822793307054795,0.6913426101058704,False,True,True,False,True,6.0096668891704255,0,1.0416619559072933,0.897343131712833,False,False,False,False,0.21907797963556036,0.22403594792181739,False,False,False,False,-283851.0,-309021.1201849562,False,False,False,False,11254.917151033724,False,False,False,False
2025-06-20 17:00:00+00:00,179.915,179.97,179.17,179.325,5954.0,,,,,,,,,,,,,,,,,,,,,173.86960266991602,,,"rgba(38, 166, 154, 1.0)",0.0,0.0,1.5402592796840444,177.13592863748394,1.4212356266180672,0.0,0.0,0.0,0.0,0.0,0.0,0.0,0.0,49.11740434624441,4.232205023154798,False,True,False,False,False,3.5890544315745068,0,1.0292134831460682,0.8965168539325852,False,False,False,False,0.17732421927826295,0.20068008360004017,False,False,False,False,-289805.0,-308723.1958410033,False,False,False,False,11172.732389002193,False,False,False,False
2025-06-20 18:00:00+00:00,179.345,179.38,178.25,178.3,8077.0,,,,,,,,,,,,,,,,,,,,,173.88133399326443,,,"rgba(239, 83, 80, 1.0)",0.0,0.0,1.5375360539256555,177.107241371814,0.775759778211791,0.0,0.0,0.0,0.0,0.0,0.0,0.0,0.0,41.87896655291834,-2.246092251884278,False,True,False,True,False,0.0,0,1.0206800445930893,0.9039576365663331,False,False,False,False,0.10778387270408307,0.15423197815206163,False,False,False,False,-297882.0,-308555.1152853289,False,False,False,False,11124.736538009909,False,False,False,False
2025-06-20 19:00:00+00:00,178.29,178.705,177.665,178.4,31633.0,,,,,,,,,,,,,,,,,,,,,173.92304307022994,,,"rgba(239, 83, 80, 1.0)",0.0,0.0,1.5347455639128273,177.40540098187142,0.648054662293896,0.0,0.0,0.0,0.0,0.0,0.0,0.0,0.0,37.84933245416032,-5.6212706568707205,False,True,False,True,False,0.0,0,1.0179770293513852,0.9101703379015709,False,False,False,False,0.03807264618603616,0.0961523121690489,False,False,False,False,-266249.0,-307899.20652121527,False,False,False,False,11442.694111064018,False,False,False,False
2025-06-23 14:00:00+00:00,179.96,179.96,179.125,179.215,8631.0,,,,,,,,,,,,,,,,,,,,,173.93733814982662,,,"rgba(239, 83, 80, 1.0)",0.0,0.0,1.5299621440304714,177.42719061575232,1.1685317778765076,0.0,0.0,0.0,0.0,0.0,0.0,0.0,0.0,40.5856516687659,-5.6212706568707205,False,True,False,True,True,2.9713220886908402,0,1.0210376376486068,0.9012217169780316,False,False,False,False,0.16755194352044997,0.13185212784474942,False,False,False,False,-257618.0,-307119.65293173905,False,False,False,False,11399.101954303336,False,False,False,False
2025-06-23 15:00:00+00:00,179.15,179.52,178.61,178.725,19132.0,,,,,,,,,,,,,,,,,,,,,173.9660085563216,,,"rgba(239, 83, 80, 1.0)",0.0,0.0,1.5256959953655325,177.43649448894624,0.8445362083716101,0.0,0.0,0.0,0.0,0.0,0.0,0.0,0.0,40.32973766120149,-5.6212706568707205,False,True,False,True,True,1.0407711634012138,0,1.0177877510809492,0.9082152044223091,False,False,False,False,0.09277233416471248,0.11231223100473095,False,False,False,False,-276750.0,-306648.80559946405,False,False,False,False,11518.99184648468,False,False,False,False
2025-06-23 16:00:00+00:00,178.725,178.91,178.2,178.59,5051.0,,,,,,,,,,,,,,,,,,,,,173.97294286137455,,,"rgba(239, 83, 80, 1.0)",0.0,0.0,1.5240307863826072,177.4337498027861,0.7586790290229853,0.0,0.0,0.0,0.0,0.0,0.0,0.0,0.0,39.624212800197796,-5.6212706568707205,False,True,False,True,True,0.5151268949688372,0,1.0125048630022797,0.9349191352192524,False,False,False,False,0.037904546517728566,0.07510838876122976,False,False,False,False,-281801.0,-306263.56830334826,False,False,False,False,11418.712903128328,False,False,False,False
2025-06-23 17:00:00+00:00,178.54,179.71,178.53,179.615,7831.0,,,,,,,,,,,,,,,,,,,,,173.9853271737346,,,"rgba(239, 83, 80, 1.0)",0.0,0.0,1.5283638133474962,177.4427789212254,1.4212722519364736,0.0,0.0,0.0,0.0,0.0,0.0,0.0,0.0,44.42817874562201,-12.446437396523919,False,True,False,True,True,4.301468842020622,0,1.0051327335945701,0.9304045477123465,False,False,False,False,0.09871698096943568,0.08691268486533271,False,False,False,False,-273970.0,-305762.89282577694,False,False,False,False,11363.089447265871,False,False,False,False
2025-06-23 18:00:00+00:00,179.64,179.72,179.22,179.42,8826.0,,,,,,,,,,,,,,,,,,,,,173.99965714129056,,,"rgba(239, 83, 80, 1.0)",0.0,0.0,1.531460169986934,177.45509960715077,1.2830241565250635,0.0,0.0,0.0,0.0,0.0,0.0,0.0,0.0,46.69489232003962,-10.185597437978132,False,True,False,True,True,3.526555799667168,0,1.0109211252068404,0.93099834528406,False,False,False,False,0.13672804542514846,0.11182036514524059,False,False,False,False,-282796.0,-305406.81696801295,False,False,False,False,11323.754727153222,False,False,False,False
2025-06-23 19:00:00+00:00,179.42,179.915,179.415,179.705,13641.0,,,,,,,,,,,,,,,,,,,,,174.02256529492857,,,"rgba(239, 83, 80, 1.0)",0.0,0.0,1.5368514584726674,177.47799953605642,1.4490668253370458,0.0,0.0,0.0,0.0,0.0,0.0,0.0,0.0,49.48566800267933,-7.402438847439647,False,True,False,False,True,4.5531935323343085,0,1.0119132976669802,0.9305609177651541,False,False,False,False,0.1580702246787132,0.1349452949119769,False,False,False,False,-269155.0,-304844.7732940903,False,False,False,False,11359.681010453172,False,False,False,False
2025-06-24 14:00:00+00:00,179.0,179.47,178.68,179.1,3572.0,,,,,,,,,,,,,,,,,,,,,174.0279056007678,,,"rgba(239, 83, 80, 1.0)",0.0,0.0,1.5369990709653352,177.4794785408398,1.0543412092906437,0.0,0.0,0.0,0.0,0.0,0.0,0.0,0.0,48.4417185856286,-7.402438847439647,False,True,False,False,True,2.152659584842315,0,0.9990136445832657,0.9348457449723274,False,False,False,False,0.09385268064580712,0.11439898777889201,False,False,False,False,-272727.0,-304346.8233205385,False,False,False,False,11238.94176998103,False,False,False,False
2025-06-24 15:00:00+00:00,179.1,179.69,178.83,179.65,5856.0,,,,,,,,,,,,,,,,,,,,,174.0371658591084,,,"rgba(239, 83, 80, 1.0)",0.0,0.0,1.5416356471204957,177.4852089174921,1.4042170642274439,0.0,0.0,0.0,0.0,0.0,0.0,0.0,0.0,50.23650117779673,-6.2895526281664615,False,True,False,False,True,4.136266005933987,1,1.0048171666301742,0.931957521348807,False,False,False,False,0.11388123918795551,0.11414011348342376,False,False,False,False,-266871.0,-303765.802803941,False,False,False,False,11155.485308430934,False,False,False,False
2025-06-24 16:00:00+00:00,179.67,180.94,179.65,180.9,8060.0,,,,,,,,,,,,,,,,,,,,,174.05248345121328,,,"rgba(38, 166, 154, 1.0)",0.0,0.0,1.5639556513160615,177.50855684738266,2.1685034033819677,0.0,0.0,0.0,0.0,0.0,0.0,0.0,0.0,55.474922942857546,-1.1886197508606315,False,False,True,False,True,8.345403899339871,0,1.0095001619345794,0.915254237288136,False,False,False,False,0.22811547121971168,0.17112779235156772,False,False,False,False,-258811.0,-303068.8291170582,False,False,False,False,11107.493288145184,False,False,False,False
2025-06-24 17:00:00+00:00,180.9,181.22,180.9,181.17,11980.0,,,,,,,,,,,,,,,,,,,,,174.077224375926,,,"rgba(38, 166, 154, 1.0)",0.0,0.0,1.589789526554666,177.55260372891854,2.275393195551449,0.0,0.0,0.0,0.0,0.0,0.0,0.0,0.0,59.648010842833706,2.7457081787034525,True,False,True,False,True,9.20675086977285,0,1.02291554599247,0.9125336202259283,False,False,False,False,0.31631416191380046,0.2437209771326841,False,False,False,False,-246831.0,-302196.92478966195,False,False,False,False,11121.020523987894,False,False,False,False
2025-06-24 18:00:00+00:00,181.18,181.305,180.84,181.17,7977.0,,,,,,,,,,,,,,,,,,,,,174.09362164269166,,,"rgba(38, 166, 154, 1.0)",0.0,0.0,1.6110358427082436,177.5798988543787,2.228442751209129,0.0,0.0,0.0,0.0,0.0,0.0,0.0,0.0,62.43006944281781,5.3728466441906235,True,False,True,False,True,9.20675086977285,0,1.022159182144196,0.9120590911523849,False,False,False,False,0.3177920485563713,0.2807565128445277,False,False,False,False,-246831.0,-301338.5383588145,False,False,False,False,11072.276019740018,False,False,False,False
2025-06-24 19:00:00+00:00,181.185,181.235,180.705,180.84,19944.0,,,,,,,,,,,,,,,,,,,,,174.13325076481686,,,"rgba(38, 166, 154, 1.0)",0.0,0.0,1.6234374552705597,177.63689431506586,1.973039167314468,0.0,0.0,0.0,0.0,0.0,0.0,0.0,0.0,62.36026967893016,5.479206929781256,True,False,True,False,True,7.844337542643451,0,1.020597157911545,0.9133003353025709,False,False,False,False,0.30571232396294423,0.293234418403736,False,False,False,False,-266775.0,-300802.6695470499,False,False,False,False,11209.822127961104,False,False,False,False
2025-06-25 14:00:00+00:00,180.62,181.29,180.62,181.215,6897.0,,,,,,,,,,,,,,,,,,,,,174.1470786717776,,,"rgba(38, 166, 154, 1.0)",0.0,0.0,1.6460373984576722,177.65630770558937,2.1619753583637333,0.0,0.0,0.0,0.0,0.0,0.0,0.0,0.0,63.54688489167034,6.935145562879477,True,False,True,False,True,9.081035382948542,0,1.019552925011891,0.9133329810283787,False,False,False,False,0.3039518719851445,0.29859314519444025,False,False,False,False,-259878.0,-300168.1785463204,False,False,False,False,11142.95666861287,False,False,False,False
2025-06-25 15:00:00+00:00,181.26,181.44,180.67,180.73,8045.0,,,,,,,,,,,,,,,,,,,,,174.16291715538205,,,"rgba(38, 166, 154, 1.0)",0.0,0.0,1.6607012466529967,177.67700612267288,1.8383763385980247,0.0,0.0,0.0,0.0,0.0,0.0,0.0,0.0,61.5976844571881,6.935145562879477,True,False,True,False,True,7.086072423939715,0,1.019919274519055,0.9124600304031036,False,False,False,False,0.31572338186495746,0.3071582635296989,False,False,False,False,-267923.0,-299668.25329754024,False,False,False,False,11094.926332665382,False,False,False,False
2025-06-25 16:00:00+00:00,180.67,180.855,180.35,180.525,5421.0,,,,,,,,,,,,,,,,,,,,,174.17296829318738,,,"rgba(38, 166, 154, 1.0)",0.0,0.0,1.6718151192033708,177.6877060892059,1.6971337788511498,0.0,0.0,0.0,0.0,0.0,0.0,0.0,0.0,59.221523718402956,6.935145562879477,True,False,True,False,False,6.254556526888116,0,1.0166368326840063,0.9247657154891024,False,False,False,False,0.263078187388123,0.28511822545891097,False,False,False,False,-273344.0,-299260.12533943885,False,False,False,False,11006.958482546537,False,False,False,False
2025-06-25 17:00:00+00:00,180.53,180.92,180.495,180.8,5600.0,,,,,,,,,,,,,,,,,,,,,174.18357958439597,,,"rgba(38, 166, 154, 1.0)",0.0,0.0,1.6490654546979227,177.6997565341266,1.8800002492571224,0.0,0.0,0.0,0.0,0.0,0.0,0.0,0.0,58.81973715789036,6.935145562879477,True,False,True,False,False,7.194749843643422,0,1.0162511248742796,0.9290667513630835,False,False,False,False,0.27515803831224045,0.2801381318855757,False,False,False,False,-267744.0,-298771.5032411529,False,False,False,False,10923.129668863645,False,False,False,False
2025-06-25 18:00:00+00:00,180.8,180.955,180.485,180.49,4245.0,,,,,,,,,,,,,,,,,,,,,174.19148424491368,,,"rgba(38, 166, 154, 1.0)",0.0,0.0,1.639708546395155,177.70815958056284,1.6965456608450067,0.0,0.0,0.0,0.0,0.0,0.0,0.0,0.0,56.81310179110355,12.455165867092191,True,False,True,False,False,5.921712247513106,0,1.0091528309919122,0.9356641123882505,False,False,False,False,0.2766012833485912,0.27836970761708346,False,False,False,False,-271989.0,-298356.270632763,False,False,False,False,10819.592774772735,False,False,False,False
2025-06-25 19:00:00+00:00,180.495,180.72,180.34,180.56,16014.0,,,,,,,,,,,,,,,,,,,,,174.2206559216673,,,"rgba(38, 166, 154, 1.0)",0.0,0.0,1.6281636563613895,177.7365360036228,1.7341401678791064,0.0,0.0,0.0,0.0,0.0,0.0,0.0,0.0,55.826678375744805,11.189421256854835,True,False,True,False,False,6.167353830716898,0,0.9999466068663576,0.94276256073469,False,False,False,False,0.25478112331481984,0.26657541546595165,False,False,False,False,-255975.0,-297699.19666946435,False,False,False,False,10900.126220125096,False,False,False,False
2025-06-26 14:00:00+00:00,181.09,181.49,180.195,181.22,5599.0,,,,,,,,,,,,,,,,,,,,,174.231479154002,,,"rgba(38, 166, 154, 1.0)",0.0,0.0,1.6296305251966918,177.74915958129037,2.1298327228441596,0.0,0.0,0.0,0.0,0.0,0.0,0.0,0.0,58.11476448044594,11.189421256854835,True,False,True,False,False,8.444364056668462,0,0.9937057018935794,0.936845445890194,False,False,False,False,0.2908057517270134,0.2786905835964825,False,False,False,False,-250376.0,-296965.50369784475,False,False,False,False,10817.938216712302,False,False,False,False
2025-06-26 15:00:00+00:00,181.23,181.24,180.93,181.2,4295.0,,,,,,,,,,,,,,,,,,,,,174.23994864696007,,,"rgba(38, 166, 154, 1.0)",0.0,0.0,1.6269430323876823,177.75950689869765,2.1146979536542903,0.0,0.0,0.0,0.0,0.0,0.0,0.0,0.0,59.5046143096581,11.189421256854835,True,False,True,False,True,8.359096562748991,0,1.0038326413286498,0.942084531033749,False,False,False,False,0.3192712797134098,0.29898093165494616,False,False,False,False,-254671.0,-296309.7749583433,False,False,False,False,10716.807391646995,False,False,False,False
2025-06-26 16:00:00+00:00,181.235,181.565,181.17,181.26,4409.0,,,,,,,,,,,,,,,,,,,,,174.24888380399963,,,"rgba(38, 166, 154, 1.0)",0.0,0.0,1.6013283674951675,177.77110347663032,2.178751462966389,0.0,0.0,0.0,0.0,0.0,0.0,0.0,0.0,60.70049363438935,11.189421256854835,True,False,True,False,True,8.56690642064958,0,1.0133618385889904,0.9299839657936938,False,False,False,False,0.3428282425601302,0.3209045871075382,False,False,False,False,-250262.0,-295595.8559667411,False,False,False,False,10619.011928210606,False,False,False,False
2025-06-26 17:00:00+00:00,181.25,181.615,181.1,181.21,2553.0,,,,,,,,,,,,,,,,,,,,,174.2540303464092,,,"rgba(38, 166, 154, 1.0)",0.0,0.0,1.5495721060073042,177.77765676305967,2.2150264732012164,0.0,0.0,0.0,0.0,0.0,0.0,0.0,0.0,61.083702267461696,11.189421256854835,True,False,True,False,True,8.345901371747853,1,1.0138487862260728,0.9258368088974446,False,False,False,False,0.34164317926498877,0.3312738831862635,False,False,False,False,-252815.0,-294932.5868819854,False,False,False,False,10493.957479711216,False,False,False,False
2025-06-26 18:00:00+00:00,181.21,181.275,180.76,180.95,3830.0,,,,,,,,,,,,,,,,,,,,,174.26139479656615,,,"rgba(38, 166, 154, 1.0)",0.0,0.0,1.485317759555526,177.78590099236212,2.1302505725001994,0.0,0.0,0.0,0.0,0.0,0.0,0.0,0.0,59.20993191317245,11.189421256854835,True,False,True,False,True,7.192508211263021,1,1.007804565136046,0.931202223766505,False,False,False,False,0.3018724233441922,0.31657315326522784,False,False,False,False,-256645.0,-294338.9808838151,False,False,False,False,10390.640309483135,False,False,False,False
2025-06-26 19:00:00+00:00,180.95,181.03,180.65,180.95,9212.0,,,,,,,,,,,,,,,,,,,,,174.27873208266047,,,"rgba(38, 166, 154, 1.0)",0.0,0.0,1.4175676160064274,177.80399786510742,2.219295996444592,0.0,0.0,0.0,0.0,0.0,0.0,0.0,0.0,57.96075167697962,11.189421256854835,True,False,True,False,False,7.192508211263021,1,1.0041691164680109,0.9350045432679465,False,False,False,False,0.2814793506586574,0.29902625196194266,False,False,False,False,-256645.0,-293754.5780794149,False,False,False,False,10372.366816312853,False,False,False,False
2025-06-27 14:00:00+00:00,180.83,182.01,180.67,181.615,3333.0,,,,,,,,,,,,,,,,,,,,,174.2855083017509,,,"rgba(38, 166, 154, 1.0)",0.0,0.0,1.3561224266415746,177.8126200505685,2.803861859911909,0.0,0.0,0.0,0.0,0.0,0.0,0.0,0.0,60.847645577795234,11.189421256854835,True,False,True,False,True,9.602686542871492,1,1.0059419597856656,0.926362141227652,False,False,False,False,0.3395715373060173,0.31929889463398,False,False,False,False,-253312.0,-293127.5613650053,False,False,False,False,10263.229346292499,False,False,False,False
2025-06-27 15:00:00+00:00,181.575,182.23,181.575,182.105,4272.0,,,,,,,,,,,,,,,,,,,,,174.29482768669214,,,"rgba(38, 166, 154, 1.0)",0.0,0.0,1.3027886859980604,177.82623689962216,3.2843109142446147,0.0,0.0,0.0,0.0,0.0,0.0,0.0,0.0,64.68568648932593,10.224521888093776,True,False,True,False,True,11.304945279075028,0,1.0186100919870267,0.9232200776306702,False,False,False,False,0.34282824349526697,0.3310635690646235,False,False,False,False,-249040.0,-292444.03328182694,False,False,False,False,10170.342069605793,False,False,False,False
2025-06-27 16:00:00+00:00,182.105,182.585,182.095,182.33,7230.0,,,,,,,,,,,,,,,,,,,,,174.31129960060025,,,"rgba(38, 166, 154, 1.0)",0.0,0.0,1.2487528841888418,177.85188222887683,3.5860720145860183,0.0,0.0,0.0,0.0,0.0,0.0,0.0,0.0,67.99606120993423,13.238175546610947,True,False,True,False,True,12.072425197889103,0,1.02651192504259,0.9142355195911418,False,False,False,False,0.3428282441569783,0.3369459066108009,False,False,False,False,-241810.0,-291659.0095100156,False,False,False,False,10124.755370852215,False,False,False,False
2025-06-27 17:00:00+00:00,182.33,182.33,181.41,181.48,4654.0,,,,,,,,,,,,,,,,,,,,,174.32108136909574,,,"rgba(38, 166, 154, 1.0)",0.0,0.0,1.2016387384159335,177.8648546773617,3.0085126311789585,0.0,0.0,0.0,0.0,0.0,0.0,0.0,0.0,63.79888709535947,13.238175546610947,True,False,True,False,False,8.207559372307472,0,1.0253663735678131,0.9151079136690652,False,False,False,False,0.2953331282501051,0.316139517430453,False,False,False,False,-246464.0,-290958.3116881549,False,False,False,False,10039.937458125825,False,False,False,False
2025-06-27 18:00:00+00:00,181.46,181.61,181.05,181.23,6674.0,,,,,,,,,,,,,,,,,,,,,174.3342283405873,,,"rgba(38, 166, 154, 1.0)",0.0,0.0,1.1725798998898944,177.87977120317387,2.857143293297713,0.0,0.0,0.0,0.0,0.0,0.0,0.0,0.0,59.55089178352115,15.21414709495592,True,False,True,False,False,7.113692749126315,0,1.0206505456879957,0.9224802054354808,False,False,False,False,0.2423064722346883,0.2792229948325706,False,False,False,False,-253138.0,-290371.9502666331,False,False,False,False,9987.752381255656,False,False,False,False
2025-06-27 19:00:00+00:00,181.15,181.8,181.025,181.72,11496.0,,,,,,,,,,,,,,,,,,,,,174.35746475511985,,,"rgba(38, 166, 154, 1.0)",0.0,0.0,1.1558135467968544,177.90756197836808,3.298488784975275,0.0,0.0,0.0,0.0,0.0,0.0,0.0,0.0,59.12639555031117,14.916652630016657,True,False,True,False,False,8.852865094476833,0,1.0113400415269136,0.923334930522281,False,False,False,False,0.2503149247179952,0.2647689597752829,False,False,False,False,-241642.0,-289616.4471617241,False,False,False,False,10011.136065267196,False,False,False,False
2025-06-30 14:00:00+00:00,182.35,182.35,181.39,181.435,5144.0,,,,,,,,,,,,,,,,,,,,,174.36811712028506,,,"rgba(38, 166, 154, 1.0)",0.0,0.0,1.130865063920961,177.9208749513446,3.1074662758359177,0.0,0.0,0.0,0.0,0.0,0.0,0.0,0.0,57.13287932404229,12.97215887487971,True,False,True,False,False,7.596987399192809,1,1.0141584473433032,0.9216247746314568,False,False,False,False,0.2953331282501051,0.280051044012694,False,False,False,False,-246786.0,-288952.4092212322,False,False,False,False,9935.676591387084,False,False,False,False
2025-06-30 15:00:00+00:00,181.48,182.26,181.48,182.16,3288.0,,,,,,,,,,,,,,,,,,,,,174.3751330332536,,,"rgba(38, 166, 154, 1.0)",0.0,0.0,1.099252354440463,177.93014038593282,3.847942282752941,0.0,0.0,0.0,0.0,0.0,0.0,0.0,0.0,58.94740335961911,12.97215887487971,True,False,True,False,False,10.11937340043449,1,1.0113167636171345,0.9253833950290858,False,False,False,False,0.2953331282501051,0.2876920861313995,False,False,False,False,-243498.0,-288247.6896984224,False,False,False,False,9832.611838032244,False,False,False,False
2025-06-30 16:00:00+00:00,182.155,182.825,182.14,182.635,7706.0,,,,,,,,,,,,,,,,,,,,,174.39274899138593,,,"rgba(38, 166, 154, 1.0)",0.0,0.0,1.0989726693289892,177.9561642881116,4.257463213116288,0.0,0.0,0.0,0.0,0.0,0.0,0.0,0.0,61.768649656682044,12.97215887487971,True,False,True,False,True,11.7029719178094,0,1.0151851851851859,0.9248148148148153,False,False,False,False,0.3428282443555282,0.3152601652434639,False,False,False,False,-235792.0,-287434.4231914701,False,False,False,False,9799.641111861201,False,False,False,False
2025-06-30 17:00:00+00:00,182.64,182.74,182.255,182.4,8952.0,,,,,,,,,,,,,,,,,,,,,174.41294704853118,,,"rgba(38, 166, 154, 1.0)",0.0,0.0,1.106204031978058,177.9849887529929,3.9911364625135217,0.0,0.0,0.0,0.0,0.0,0.0,0.0,0.0,62.14216134164808,12.97215887487971,True,False,True,False,True,10.647629065549452,0,1.0129148361827138,0.9274334409569684,False,False,False,False,0.3428282443759821,0.32904420480972296,False,False,False,False,-244744.0,-286772.55616524577,False,False,False,False,9786.499389196686,False,False,False,False
2025-06-30 18:00:00+00:00,182.45,182.8,182.15,182.73,28498.0,,,,,,,,,,,,,,,,,,,,,174.47732900182143,,,"rgba(38, 166, 154, 1.0)",0.0,0.0,1.1291539645592283,178.07465497672587,4.122861159232047,0.0,0.0,0.0,0.0,0.0,0.0,0.0,0.0,63.57646913558065,8.090543914467155,True,False,True,False,True,11.750779570107447,0,1.0158595449000165,0.92611255503103,False,False,False,False,0.3405710554719576,0.33480763014084025,False,False,False,False,-216246.0,-285679.12118593964,False,False,False,False,10076.600173860303,False,False,False,False
2025-06-30 19:00:00+00:00,182.71,183.76,182.59,183.465,39943.0,,,,,,,,,,,,,,,,,,,,,174.57366956186593,,,"rgba(38, 166, 154, 1.0)",0.0,0.0,1.1731177486750406,178.72882141109534,4.037257636118682,0.0,0.0,0.0,0.0,0.0,0.0,0.0,0.0,66.69816581433284,11.24430191199145,True,False,True,False,True,14.122557052586462,0,1.016899183995789,0.9159252434851283,False,True,False,False,0.34282824522038957,0.3388179376806149,False,False,False,False,-176303.0,-283983.36736910336,False,False,False,False,10539.645132405105,False,True,False,False
2025-07-01 14:00:00+00:00,183.08,183.215,181.77,182.515,13847.0,,,,,,,,,,,,,,,,,,,,,174.60365752841042,,,"rgba(38, 166, 154, 1.0)",0.0,0.0,1.1896322317636603,178.75327012886078,3.1620947808066266,0.0,0.0,0.0,0.0,0.0,0.0,0.0,0.0,63.4381007583427,11.24430191199145,True,False,True,False,False,9.92253192175042,0,1.0024559753357378,0.928254167319852,False,False,False,False,0.2812679652798914,0.3100429514802532,False,False,False,False,-190150.0,-282528.5864796599,False,False,False,False,10590.921952057739,False,False,False,False
2025-07-01 15:00:00+00:00,182.515,182.71,180.52,181.02,11481.0,,,,,,,,,,,,,,,,,,,,,174.62496233715814,,,"rgba(38, 166, 154, 1.0)",0.0,0.0,1.1818713326123895,178.75538228634997,1.9161288129769296,0.0,0.0,0.0,0.0,0.0,0.0,0.0,0.0,55.95212192875963,12.076161486751602,False,False,True,False,False,3.948089411336337,0,0.9832482861708168,0.9395391990103606,False,False,False,False,0.20500313478242138,0.2575230431313373,False,False,False,False,-201631.0,-281274.36033268843,False,False,False,False,10604.721611715759,False,False,False,False
2025-07-01 16:00:00+00:00,181.03,181.75,179.42,181.54,15762.0,,,,,,,,,,,,,,,,,,,,,174.65180074659267,,,"rgba(38, 166, 154, 1.0)",0.0,0.0,1.179845779357285,179.12728462017432,2.044941315245442,0.0,0.0,0.0,0.0,0.0,0.0,0.0,0.0,52.904213641560844,9.461101934055016,False,True,False,False,False,5.67900276920394,0,0.9849643351978251,0.9410376148201368,False,False,False,False,0.11833323371507325,0.18792813842320527,False,False,False,False,-185869.0,-279795.2074593134,False,False,False,False,10684.679416185281,False,False,False,False
2025-07-01 17:00:00+00:00,181.54,181.96,181.425,181.72,7700.0,,,,,,,,,,,,,,,,,,,,,174.66649217673583,,,"rgba(38, 166, 154, 1.0)",0.0,0.0,1.1765289573110902,179.1491587438893,2.185106656436448,0.0,0.0,0.0,0.0,0.0,0.0,0.0,0.0,51.52886503754934,8.2380358488263,False,True,False,False,False,6.2704096999077805,0,0.9953860350661345,0.9409925151235519,False,False,False,False,0.21163282948418835,0.1997804839536968,False,False,False,False,-178169.0,-278219.6073436651,False,False,False,False,10638.40531670954,False,False,False,False
2025-07-01 18:00:00+00:00,181.84,182.02,181.355,181.755,13349.0,,,,,,,,,,,,,,,,,,,,,174.6918472018101,,,"rgba(38, 166, 154, 1.0)",0.0,0.0,1.1803601145430707,179.17509767222953,2.18569087178041,0.0,0.0,0.0,0.0,0.0,0.0,0.0,0.0,50.74916486632282,7.365399674292348,False,True,False,False,False,6.386554641285915,0,0.9960096178441712,0.9393768864787438,False,False,False,False,0.21120455961652088,0.20549252178510885,False,False,False,False,-164820.0,-276461.47389647644,False,False,False,False,10680.430040481486,False,False,False,False
2025-07-01 19:00:00+00:00,181.6,182.08,181.6,181.815,24135.0,,,,,,,,,,,,,,,,,,,,,174.73801545509968,,,"rgba(38, 166, 154, 1.0)",0.0,0.0,1.1790693459362986,179.21797659859683,2.202604461182788,0.0,0.0,0.0,0.0,0.0,0.0,0.0,0.0,50.487830936638204,6.806070703140648,False,True,False,False,False,6.588782504905474,0,0.9964711297499114,0.9407252084079172,False,False,False,False,0.2243019746235526,0.21489724820433073,False,False,False,False,-140685.0,-274356.4122856783,False,False,False,False,10889.02802434999,False,False,False,False
2025-07-02 14:00:00+00:00,181.21,181.45,180.83,181.06,7053.0,,,,,,,,,,,,,,,,,,,,,174.75003989193155,,,"rgba(38, 166, 154, 1.0)",0.0,0.0,1.1536624289644373,179.21958935496718,1.5952765720946878,0.0,0.0,0.0,0.0,0.0,0.0,0.0,0.0,47.354762345457985,3.5428625538794236,False,True,False,True,False,3.6136959412829945,0,0.984529262086515,0.9476844783715015,False,False,False,False,0.16473295666683527,0.189815102435583,False,False,False,False,-147738.0,-272393.33612621046,False,False,False,False,10829.554721646888,False,False,False,False
2025-07-02 15:00:00+00:00,181.08,181.23,179.66,181.175,13574.0,,,,,,,,,,,,,,,,,,,,,174.77151745077526,,,"rgba(38, 166, 154, 1.0)",0.0,0.0,1.1232690707971649,179.2143851547372,1.7454543138728194,0.0,0.0,0.0,0.0,0.0,0.0,0.0,0.0,45.84619137039717,1.8543353508159868,False,True,False,True,False,4.016000019854939,0,0.9689484827099514,0.9556406895856441,False,False,False,False,0.10671611287904881,0.1482656076573159,False,False,False,False,-134164.0,-270250.24564363353,False,False,False,False,10872.104260846161,False,False,False,False
2025-07-02 16:00:00+00:00,181.175,181.75,180.84,181.46,7226.0,,,,,,,,,,,,,,,,,,,,,174.78415909985034,,,"rgba(38, 166, 154, 1.0)",0.0,0.0,1.0982395495119557,179.22085683746354,2.038847684488792,0.0,0.0,0.0,0.0,0.0,0.0,0.0,0.0,46.29070094340866,1.8543353508159868,False,True,False,True,False,5.013413636865899,0,0.9977470558115725,0.9496159754224273,False,False,False,False,0.17780951516286803,0.16303756141009196,False,False,False,False,-126938.0,-268028.3503623369,False,False,False,False,10815.57551261599,False,False,False,False
2025-07-02 17:00:00+00:00,181.44,181.81,181.4,181.5,10052.0,,,,,,,,,,,,,,,,,,,,,174.80225069202618,,,"rgba(38, 166, 154, 1.0)",0.0,0.0,1.1031101608774803,179.23344213881379,2.054697655384896,0.0,0.0,0.0,0.0,0.0,0.0,0.0,0.0,46.79608607608661,1.8543353508159868,False,True,False,True,False,5.15396841575614,0,1.001232728953722,0.94766038317325,False,False,False,False,0.2041489952109885,0.18359327831054023,False,False,False,False,-116886.0,-265685.05810865725,False,False,False,False,10803.73713257543,False,False,False,False
2025-07-02 18:00:00+00:00,181.48,181.615,181.16,181.6,6727.0,,,,,,,,,,,,,,,,,,,,,174.81410528355818,,,"rgba(38, 166, 154, 1.0)",0.0,0.0,1.1083851698253617,179.24057750452027,2.128702692631184,0.0,0.0,0.0,0.0,0.0,0.0,0.0,0.0,47.695196084544385,1.8543353508159868,False,True,False,True,False,5.509982483574067,0,0.9980911107671677,0.9518650363720789,False,False,False,False,0.18564175723867382,0.18461751777460703,False,False,False,False,-110159.0,-263273.80139379436,False,False,False,False,10740.531905713795,False,False,False,False
2025-07-02 19:00:00+00:00,181.6,181.83,181.33,181.695,15263.0,,,,,,,,,,,,,,,,,,,,,174.8414903493553,,,"rgba(38, 166, 154, 1.0)",0.0,0.0,1.114841090766646,179.26012721605187,2.184053677348515,0.0,0.0,0.0,0.0,0.0,0.0,0.0,0.0,48.85661502187144,1.8543353508159868,False,True,False,False,True,5.851650848373659,0,0.9909086213130853,0.9557828400227285,False,False,False,False,0.20201492818615335,0.1933162229803802,False,False,False,False,-94896.0,-260663.29284505337,False,False,False,False,10810.647690121334,False,False,False,False
2025-07-03 14:00:00+00:00,182.55,182.955,182.2,182.77,14457.0,,,,,,,,,,,,,,,,,,,,,174.87111308507622,,,"rgba(38, 166, 154, 1.0)",0.0,0.0,1.1380925364950432,179.29809965372408,3.050630976781783,0.0,0.0,0.0,0.0,0.0,0.0,0.0,0.0,54.48414415152355,-0.3332283606027602,False,True,True,False,True,9.566500803377721,1,0.9952398014024677,0.9440036853150431,False,False,False,False,0.2888139668765198,0.24106509492845,False,False,False,False,-80439.0,-257869.11776218432,False,False,False,False,10867.180284072942,False,False,False,False
2025-07-03 15:00:00+00:00,182.77,183.02,182.17,182.39,10247.0,,,,,,,,,,,,,,,,,,,,,174.89166481793157,,,"rgba(38, 166, 154, 1.0)",0.0,0.0,1.153317873407505,179.3220237208695,2.6601306975899615,0.0,0.0,0.0,0.0,0.0,0.0,0.0,0.0,55.9125163459226,1.0326870544908076,False,True,True,False,True,7.958924373636851,1,0.9948482529966851,0.945065034429992,False,False,False,False,0.2903715103556499,0.26571830264204993,False,False,False,False,-90686.0,-255277.13144029,False,False,False,False,10857.56508587026,False,False,False,False
2025-07-03 16:00:00+00:00,182.39,183.04,182.38,182.87,10634.0,,,,,,,,,,,,,,,,,,,,,174.91353388852062,,,"rgba(38, 166, 154, 1.0)",0.0,0.0,1.1747998372751594,179.77567378935004,2.633917806651194,0.0,0.0,0.0,0.0,0.0,0.0,0.0,0.0,58.66432108442741,3.6645321520469025,False,False,True,False,True,9.562291291106206,0,1.004249654395577,0.944140084993088,False,False,False,False,0.30064135852084134,0.28317983058144564,False,False,False,False,-80052.0,-252560.46273578936,False,False,False,False,10854.098960507928,False,False,False,False
2025-07-03 17:00:00+00:00,182.87,182.87,182.87,182.87,0.0,,,,,,,,,,,,,,,,,,,,,174.91353388852062,,,"rgba(38, 166, 154, 1.0)",0.0,0.0,1.1838773334026689,179.77567378935004,2.61372198229046,0.0,0.0,0.0,0.0,0.0,0.0,0.0,0.0,60.498857576763946,5.438832382237834,True,False,True,False,True,9.562291291106206,0,1.0039696860339238,0.9486002990153116,False,False,False,False,0.3150334944158291,0.2991066624986374,False,False,False,False,-80052.0,-249885.91292593215,False,False,False,False,10685.818356469046,False,False,False,False
2025-07-03 18:00:00+00:00,182.87,182.87,182.87,182.87,0.0,,,,,,,,,,,,,,,,,,,,,174.91353388852062,,,"rgba(38, 166, 154, 1.0)",0.0,0.0,1.192476894597211,179.77567378935004,2.5948730953777965,0.0,0.0,0.0,0.0,0.0,0.0,0.0,0.0,61.7218819049883,6.703404077647605,True,False,True,False,True,9.562291291106206,0,1.0015003362822712,0.9474882301205442,False,False,False,False,0.3150334944158291,0.3070700784572332,False,False,False,False,-80052.0,-247252.82900459986,False,False,False,False,10520.14675404317,False,False,False,False
2025-07-03 19:00:00+00:00,182.87,182.87,182.87,182.87,0.0,,,,,,,,,,,,,,,,,,,,,174.91353388852062,,,"rgba(38, 166, 154, 1.0)",0.0,0.0,1.2077456588953785,179.77567378935004,2.5620677564513725,0.0,0.0,0.0,0.0,0.0,0.0,0.0,0.0,62.53723145713787,7.664548102674509,True,False,True,False,True,9.562291291106206,0,0.9989597420160209,0.9515759908457295,False,False,False,False,0.3150334944158291,0.3110517864365312,False,False,False,False,-80052.0,-244660.56808979987,False,False,False,False,10357.043703592888,False,False,False,False
2025-07-04 14:00:00+00:00,182.87,182.87,182.87,182.87,0.0,,,,,,,,,,,,,,,,,,,,,174.91353388852062,,,"rgba(38, 166, 154, 1.0)",0.0,0.0,1.2247912379587902,179.77567378935004,2.5264111260355704,0.0,0.0,0.0,0.0,0.0,0.0,0.0,0.0,63.08079782523759,8.44197363078429,True,False,True,False,True,9.562291291106206,0,0.9982233369911699,0.9513507864346552,False,False,False,False,0.3150334944158291,0.31304264042618013,False,False,False,False,-80052.0,-242108.49726670218,False,False,False,False,10196.469382606952,False,False,False,False
2025-07-04 15:00:00+00:00,182.87,182.87,182.87,182.87,0.0,,,,,,,,,,,,,,,,,,,,,174.91353388852062,,,"rgba(38, 166, 154, 1.0)",0.0,0.0,1.2448580982139008,179.77567378935004,2.4856858906968182,0.0,0.0,0.0,0.0,0.0,0.0,0.0,0.0,63.443175403970734,9.103336281828689,True,False,True,False,True,9.562291291106206,0,1.0024699143412696,0.9478164906195807,False,False,False,False,0.3150334944158291,0.3140380674210046,False,False,False,False,-80052.0,-239595.9934331099,False,False,False,False,10038.384585977386,False,False,False,False
2025-07-04 16:00:00+00:00,182.87,182.87,182.87,182.87,0.0,,,,,,,,,,,,,,,,,,,,,174.91353388852062,,,"rgba(38, 166, 154, 1.0)",0.0,0.0,1.2644228288409427,179.77567378935004,2.4472242513103315,0.0,0.0,0.0,0.0,0.0,0.0,0.0,0.0,63.68476045645949,9.685706840233458,True,False,True,False,True,9.562291291106217,0,1.0125974164620488,0.9423508060211381,False,False,False,False,0.3150334944158291,0.31453578091841683,False,False,False,False,-80052.0,-237122.44314732525,False,False,False,False,9882.750716427348,False,False,False,False
2025-07-04 17:00:00+00:00,182.87,182.87,182.87,182.87,0.0,,,,,,,,,,,,,,,,,,,,,174.91353388852062,,,"rgba(38, 166, 154, 1.0)",0.0,0.0,1.2828012457275186,179.77567378935004,2.412163397062398,0.0,0.0,0.0,0.0,0.0,0.0,0.0,0.0,63.84581715811867,10.208722740162003,True,False,True,False,True,9.562291291106217,0,1.0071067083019285,0.9470227199310868,False,False,False,False,0.3150334944158291,0.31478463766712295,False,False,False,False,-80052.0,-234687.24247837448,False,False,False,False,9729.529775087389,False,False,False,False
2025-07-04 18:00:00+00:00,182.87,182.87,182.87,182.87,0.0,,,,,,,,,,,,,,,,,,,,,174.91353388852062,,,"rgba(38, 166, 154, 1.0)",0.0,0.0,1.2980304727209377,179.77567378935004,2.3838625330294643,0.0,0.0,0.0,0.0,0.0,0.0,0.0,0.0,63.95318829255812,10.682494424768166,True,False,True,False,True,9.562291291106217,0,1.0067883132399273,0.9469425437167375,False,False,False,False,0.3150334944158291,0.31490906604147606,False,False,False,False,-80052.0,-232289.7968585547,False,False,False,False,9578.684352217817,False,False,False,False
2025-07-04 19:00:00+00:00,182.87,182.87,182.87,182.87,0.0,,,,,,,,,,,,,,,,,,,,,174.91353388852062,,,"rgba(38, 166, 154, 1.0)",0.0,0.0,1.3090179353083682,179.77567378935004,2.3638531812178956,0.0,0.0,0.0,0.0,0.0,0.0,0.0,0.0,64.02476904885108,11.11224121225014,True,False,True,False,True,9.562291291106206,0,1.004272099901414,0.9488443422061564,False,False,False,False,0.3150334944158291,0.3149712802286526,False,False,False,False,-80052.0,-229929.52093826703,False,False,False,False,9430.177618074904,False,False,False,False
2025-07-07 14:00:00+00:00,182.8,182.94,182.07,182.94,8194.0,,,,,,,,,,,,,,,,,,,,,174.93006023086062,,,"rgba(38, 166, 154, 1.0)",0.0,0.0,1.3228172127631244,179.79130135714018,2.380297604597051,0.0,0.0,0.0,0.0,0.0,0.0,0.0,0.0,64.76987121632976,12.128560536405942,True,False,True,False,True,9.840433039295977,0,0.9943280977312402,0.9462260034904018,False,False,False,False,0.2823756967336841,0.29867348848116837,False,False,False,False,-71858.0,-227478.79968341018,False,False,False,False,9411.012073608625,False,False,False,False
2025-07-07 15:00:00+00:00,182.87,182.87,182.13,182.36,5243.0,,,,,,,,,,,,,,,,,,,,,174.94032931321246,,,"rgba(38, 166, 154, 1.0)",0.0,0.0,1.3200661770213376,179.79853063095908,1.9404098170447495,0.0,0.0,0.0,0.0,0.0,0.0,0.0,0.0,57.48240498629585,10.573230881752735,False,False,True,False,False,6.897289116543877,0,0.9995637949836433,0.9442748091603056,False,False,False,False,0.28193252327292606,0.2903030058770472,False,False,False,False,-77101.0,-225147.36092862862,False,False,False,False,9346.391731382133,False,False,False,False
2025-07-07 16:00:00+00:00,182.4,182.445,181.94,181.94,7946.0,,,,,,,,,,,,,,,,,,,,,174.95512701475525,,,"rgba(239, 83, 80, 1.0)",0.0,0.0,1.3103372511364104,179.80345438409233,1.6305310820208399,0.0,0.0,0.0,0.0,0.0,0.0,0.0,0.0,49.433649443426575,3.4934075952932844,False,True,False,True,False,4.850461467108602,0,0.9991271616387551,0.9446293164584586,False,False,False,False,0.2548765632088444,0.2725897845429458,False,False,False,False,-85047.0,-222975.2623095801,False,False,False,False,9324.680231670782,False,False,False,False
2025-07-07 17:00:00+00:00,181.99,182.6,181.98,182.28,6179.0,,,,,,,,,,,,,,,,,,,,,174.96687772768712,,,"rgba(239, 83, 80, 1.0)",0.0,0.0,1.3029306467630108,179.81181149349675,1.8943360589722855,0.0,0.0,0.0,0.0,0.0,0.0,0.0,0.0,47.81987704445882,2.4987387542499278,False,True,False,True,False,6.269405928820465,0,1.0030110587977676,0.9431731085076103,False,False,False,False,0.26341404958493553,0.26800191706394066,False,False,False,False,-78868.0,-220741.04118850135,False,False,False,False,9275.909995520846,False,False,False,False
2025-07-07 18:00:00+00:00,182.23,182.39,181.68,182.055,8409.0,,,,,,,,,,,,,,,,,,,,,174.9822756606118,,,"rgba(239, 83, 80, 1.0)",0.0,0.0,1.2923157439209603,179.81919621910373,1.7300754799386093,0.0,0.0,0.0,0.0,0.0,0.0,0.0,0.0,45.08417039102943,0.24567457484344146,False,True,False,True,False,5.174307087656874,0,1.0014195239135197,0.9381961126883603,False,False,False,False,0.24116111595090906,0.2545815165074249,False,False,False,False,-87277.0,-218671.83124759435,False,False,False,False,9262.46953047401,False,False,False,False
2025-07-07 19:00:00+00:00,182.055,183.05,181.75,183.01,24448.0,,,,,,,,,,,,,,,,,,,,,175.03019642400787,,,"rgba(38, 166, 154, 1.0)",0.0,0.0,1.2932298869669443,180.24798260868513,2.1357512837819645,0.0,0.0,0.0,0.0,0.0,0.0,0.0,0.0,50.260805061484035,-5.520793605397536,False,True,False,False,True,9.02467768816621,0,1.0020620794443251,0.9345561102669852,False,False,False,False,0.2730914256750422,0.26383647109123354,False,False,False,False,-62829.0,-216255.66332127506,False,False,False,False,9497.904111396894,False,False,False,False
2025-07-08 14:00:00+00:00,182.84,182.84,181.135,181.24,4852.0,,,,,,,,,,,,,,,,,,,,,175.03855719305452,,,"rgba(239, 83, 80, 1.0)",0.0,0.0,1.2776873569015126,180.2425389293482,0.7806769514184807,0.0,0.0,0.0,0.0,0.0,0.0,0.0,0.0,45.21909603319903,-5.520793605397536,False,True,False,True,False,1.0895137038988842,0,0.9859245383997872,0.9421996253679426,False,False,False,False,0.23704234218197123,0.25043940663660236,False,False,False,False,-67681.0,-213952.18016900725,False,False,False,False,9425.874590289965,False,False,False,False
2025-07-08 15:00:00+00:00,181.235,182.15,181.03,182.09,4338.0,,,,,,,,,,,,,,,,,,,,,175.04603503814351,,,"rgba(239, 83, 80, 1.0)",0.0,0.0,1.2644761476326523,180.2398996087515,1.4631358564669288,0.0,0.0,0.0,0.0,0.0,0.0,0.0,0.0,45.85929461304003,-5.520793605397536,False,True,False,True,False,4.358611130809251,0,0.9843999574060283,0.9510169311042489,False,False,False,False,0.20286833611313027,0.2266538713748663,False,False,False,False,-63343.0,-211617.15411987534,False,False,False,False,9346.99281369632,False,False,False,False
2025-07-08 16:00:00+00:00,182.11,182.11,181.36,181.41,2610.0,,,,,,,,,,,,,,,,,,,,,175.05043913820884,,,"rgba(239, 83, 80, 1.0)",0.0,0.0,1.2474925553604144,180.23789819635027,0.9395661710470817,0.0,0.0,0.0,0.0,0.0,0.0,0.0,0.0,44.04261161047086,0.7929775456358499,False,True,False,True,False,1.593100295564735,0,1.016891334250345,0.9472902338376894,False,False,False,False,0.21527623035260968,0.220965050863738,False,False,False,False,-65953.0,-209358.7951412726,False,False,False,False,9242.543312708782,False,False,False,False
2025-07-08 17:00:00+00:00,181.37,181.585,181.02,181.06,4573.0,,,,,,,,,,,,,,,,,,,,,175.05766705084383,,,"rgba(239, 83, 80, 1.0)",0.0,0.0,1.2418365214270053,180.23017387247654,0.6682249339630472,0.0,0.0,0.0,0.0,0.0,0.0,0.0,0.0,41.802927396963945,-1.4515474589872994,False,True,False,True,False,0.2164389132768889,0,1.0020994475138134,0.9497790055248622,False,False,False,False,0.17844374573722668,0.19970439830048234,False,False,False,False,-70526.0,-207206.3487049738,False,False,False,False,9170.147292356709,False,False,False,False
2025-07-08 18:00:00+00:00,181.095,181.165,180.715,180.925,5275.0,,,,,,,,,,,,,,,,,,,,,175.06559674700065,,,"rgba(239, 83, 80, 1.0)",0.0,0.0,1.236723628519044,180.21920189000815,0.5706999476002914,0.0,0.0,0.0,0.0,0.0,0.0,0.0,0.0,39.910785227942824,-3.427394523182656,False,True,False,True,False,0.0,0,0.9935287610619481,0.9556969026548677,False,False,False,False,0.14794145178299822,0.1738229250417403,False,False,False,False,-75801.0,-205169.0564769897,False,False,False,False,9109.757411855053,False,False,False,False
2025-07-08 19:00:00+00:00,180.9,181.1,180.605,181.07,15823.0,,,,,,,,,,,,,,,,,,,,,175.08921468204366,,,"rgba(239, 83, 80, 1.0)",0.0,0.0,1.224796169842815,180.19597563885267,0.7136080130455412,0.0,0.0,0.0,0.0,0.0,0.0,0.0,0.0,39.44369556450821,-4.167819163140294,False,True,False,True,False,0.26346342410507617,0,0.9884511244957739,0.9587776979609882,False,False,False,False,0.1406216748604966,0.15722229995111844,False,False,False,False,-59978.0,-202918.0323455635,False,False,False,False,9213.838692291409,False,False,False,False
2025-07-09 14:00:00+00:00,180.74,181.11,180.31,180.825,6776.0,,,,,,,,,,,,,,,,,,,,,175.09896621522893,,,"rgba(239, 83, 80, 1.0)",0.0,0.0,1.2023563501710963,180.3251527794144,0.4157230263011998,0.0,0.0,0.0,0.0,0.0,0.0,0.0,0.0,38.28224690253961,-5.64359675478083,False,True,False,True,False,0.0,0,0.9855861803377908,0.9584089783792706,False,False,False,False,0.12873250340523135,0.1429774016781749,False,False,False,False,-66754.0,-200806.96207664002,False,False,False,False,9176.042743573713,False,False,False,False
2025-07-09 15:00:00+00:00,180.9,181.4,180.855,181.18,8149.0,,,,,,,,,,,,,,,,,,,,,175.1114695693471,,,"rgba(239, 83, 80, 1.0)",0.0,0.0,1.1457485377322865,180.3324552289669,0.7397301791112123,0.0,0.0,0.0,0.0,0.0,0.0,0.0,0.0,39.58778970734755,-5.64359675478083,False,True,False,True,False,0.7129610164842646,0,0.9995581331124006,0.9523888428610882,False,False,False,False,0.1636808822424713,0.1533291419603231,False,False,False,False,-58605.0,-198602.28049405644,False,False,False,False,9160.119600262493,False,False,False,False
2025-07-09 16:00:00+00:00,181.18,181.18,180.39,180.63,3489.0,,,,,,,,,,,,,,,,,,,,,175.1164429140884,,,"rgba(239, 83, 80, 1.0)",0.0,0.0,1.092796487076216,180.32626104783645,0.2779464939315438,0.0,0.0,0.0,0.0,0.0,0.0,0.0,0.0,38.4162059437413,-6.137177572071984,False,True,False,True,False,0.0,0,1.0017685420581415,0.944567259865149,False,False,False,False,0.13498524074271745,0.14415719135152028,False,False,False,False,-62094.0,-196485.87304453616,False,False,False,False,9072.195265374703,False,False,False,False
2025-07-09 17:00:00+00:00,180.66,181.315,180.51,181.15,4198.0,,,,,,,,,,,,,,,,,,,,,175.12268992264765,,,"rgba(239, 83, 80, 1.0)",0.0,0.0,1.0605685497187816,180.32451411176277,0.7783427940194184,0.0,0.0,0.0,0.0,0.0,0.0,0.0,0.0,40.48526799436949,-6.137177572071984,False,True,False,True,False,0.5990396017158339,0,1.006621420294654,0.9395795398112898,False,False,False,False,0.1435004943075854,0.14382884282955283,False,False,False,False,-57896.0,-194337.19284229528,False,False,False,False,8996.626346531684,False,False,False,False
2025-07-09 18:00:00+00:00,181.09,181.405,181.06,181.365,4557.0,,,,,,,,,,,,,,,,,,,,,175.12978470631734,,,"rgba(239, 83, 80, 1.0)",0.0,0.0,1.0090269463113077,180.327449505726,1.028268370896304,0.0,0.0,0.0,0.0,0.0,0.0,0.0,0.0,42.94577975848895,-6.137177572071984,False,True,False,True,True,1.4423433344186485,0,1.009931582432135,0.9378172588832491,False,False,False,False,0.16792980961832107,0.15587932622393696,False,False,False,False,-53339.0,-192151.17434861627,False,False,False,False,8927.794930306387,False,False,False,False
2025-07-09 19:00:00+00:00,181.365,182.19,181.32,182.17,22448.0,,,,,,,,,,,,,,,,,,,,,175.16797887928354,,,"rgba(239, 83, 80, 1.0)",0.0,0.0,0.9496764503578563,180.3726039600634,1.892640424282705,0.0,0.0,0.0,0.0,0.0,0.0,0.0,0.0,48.02497297083224,-7.349965553631911,False,True,False,False,True,4.495530815475814,0,1.0104824104055767,0.9322759453377975,False,False,False,False,0.2135719351091201,0.18472563066652853,False,False,False,False,-30891.0,-189651.01660677727,False,False,False,False,9137.410512782255,False,False,False,False
2025-07-10 14:00:00+00:00,181.4,181.665,180.72,181.66,5180.0,,,,,,,,,,,,,,,,,,,,,175.17602195998936,,,"rgba(239, 83, 80, 1.0)",0.0,0.0,0.9206733581658403,180.3732251551928,1.3976453574921386,0.0,0.0,0.0,0.0,0.0,0.0,0.0,0.0,49.01379690014878,-6.3980897705298645,False,True,False,False,True,2.418147763503665,0,1.0003260692353686,0.93299277213195,False,False,False,False,0.16308715501643015,0.17390639284147935,False,False,False,False,-36071.0,-187269.93107799,False,False,False,False,9076.055311033693,False,False,False,False
2025-07-10 15:00:00+00:00,181.66,182.075,181.33,182.04,9056.0,,,,,,,,,,,,,,,,,,,,,175.1910925395401,,,"rgba(239, 83, 80, 1.0)",0.0,0.0,0.884583950662508,180.3844703678953,1.8715347829505562,0.0,0.0,0.0,0.0,0.0,0.0,0.0,0.0,51.20673169563945,-4.231619801338397,False,False,True,False,True,3.832133925845426,0,1.0071711848753204,0.9301352746237849,False,False,False,False,0.1916163378916928,0.18276136536658608,False,False,False,False,-27015.0,-184785.35850313745,False,False,False,False,9075.744375978908,False,False,False,False
2025-07-10 16:00:00+00:00,182.04,182.12,181.59,182.05,6817.0,,,,,,,,,,,,,,,,,,,,,175.20257113308978,,,"rgba(239, 83, 80, 1.0)",0.0,0.0,0.85523500800823,180.39387913915482,1.9364512038651895,0.0,0.0,0.0,0.0,0.0,0.0,0.0,0.0,52.70971739047876,-2.67833610493539,False,False,True,False,True,3.8693443184446643,0,1.004974036622029,0.9392183656736814,False,False,False,False,0.19547096637405054,0.18911616587031832,False,False,False,False,-20198.0,-182233.61651084074,False,False,False,False,9040.725083328072,False,False,False,False
2025-07-10 17:00:00+00:00,182.05,182.635,182.05,182.6,9597.0,,,,,,,,,,,,,,,,,,,,,175.21988237682814,,,"rgba(239, 83, 80, 1.0)",0.0,0.0,0.8055605624803924,180.41633207038825,2.710743339877559,0.0,0.0,0.0,0.0,0.0,0.0,0.0,0.0,55.87272760049119,0.4160859448931262,True,False,True,False,True,5.897088971473657,0,1.0054866673982235,0.9407988587731815,False,False,False,False,0.24539584478336707,0.2172560053268427,False,False,False,False,-10601.0,-179572.64571222305,False,False,False,False,9049.349500640814,False,False,False,False
2025-07-10 18:00:00+00:00,182.65,182.82,181.92,182.23,10184.0,,,,,,,,,,,,,,,,,,,,,175.2378957141176,,,"rgba(239, 83, 80, 1.0)",0.0,0.0,0.7691316503040245,180.64825351420455,2.056535425593522,0.0,0.0,0.0,0.0,0.0,0.0,0.0,0.0,55.91341325526303,0.6270722778940012,True,False,True,False,True,4.344395708621295,0,0.9981421780230599,0.9404950549150322,False,False,False,False,0.24853330582022073,0.23289465557353173,False,False,False,False,-20785.0,-177110.82174769245,False,False,False,False,9066.940981251035,False,False,False,False
2025-07-10 19:00:00+00:00,182.235,182.445,181.69,181.795,16889.0,,,,,,,,,,,,,,,,,,,,,175.26611645880914,,,"rgba(239, 83, 80, 1.0)",0.0,0.0,0.7622076931988164,180.65536163507608,1.495180874049043,0.0,0.0,0.0,0.0,0.0,0.0,0.0,0.0,53.76515141362317,0.6270722778940012,True,False,True,False,False,2.5585500872330265,0,0.9918425059821633,0.9464324559495326,False,False,False,False,0.21426964926938094,0.22358215242145635,False,False,False,False,-37674.0,-174949.01055780574,False,False,False,False,9188.213214099855,False,False,False,False
2025-07-11 14:00:00+00:00,181.615,182.05,181.44,181.835,7784.0,,,,,,,,,,,,,,,,,,,,,175.27865525173382,,,"rgba(239, 83, 80, 1.0)",0.0,0.0,0.7587366514873237,180.65676965822308,1.5528844421411334,0.0,0.0,0.0,0.0,0.0,0.0,0.0,0.0,52.533640232021796,0.6270722778940012,False,False,True,False,False,2.711216405444933,0,0.9953174343896342,0.9488184689099423,False,False,False,False,0.17592144897220607,0.1997518006968312,False,False,False,False,-29890.0,-172700.0336499328,False,False,False,False,9166.44246659443,False,False,False,False
2025-07-11 15:00:00+00:00,181.835,181.87,181.205,181.26,4724.0,,,,,,,,,,,,,,,,,,,,,175.2858559837736,,,"rgba(239, 83, 80, 1.0)",0.0,0.0,0.757796313171384,180.65371418562307,0.800064349534252,0.0,0.0,0.0,0.0,0.0,0.0,0.0,0.0,49.01654411598505,4.099066845492665,False,True,False,False,False,0.38098170796038033,0,0.9919877909194975,0.9519267455169784,False,False,False,False,0.12237016950732237,0.16106098510207678,False,False,False,False,-34614.0,-170559.16491117413,False,False,False,False,9097.567389592965,False,False,False,False
2025-07-11 16:00:00+00:00,181.16,181.16,180.6,180.87,5373.0,,,,,,,,,,,,,,,,,,,,,175.2932717178723,,,"rgba(239, 83, 80, 1.0)",0.0,0.0,0.7572894825390422,180.64280922190494,0.30000519396273445,0.0,0.0,0.0,0.0,0.0,0.0,0.0,0.0,45.13618184634962,0.4376645947406246,False,True,False,True,False,0.0,0,0.9772278314310813,0.971630816505707,False,False,False,False,0.03816880663669984,0.0996148958693883,False,False,False,False,-39987.0,-168534.79026138847,False,False,False,False,9039.822158746561,False,False,False,False
2025-07-11 17:00:00+00:00,180.87,181.01,180.795,180.97,4028.0,,,,,,,,,,,,,,,,,,,,,175.29886622766412,,,"rgba(239, 83, 80, 1.0)",0.0,0.0,0.7603790839806435,180.6362813433646,0.4388845822643552,0.0,0.0,0.0,0.0,0.0,0.0,0.0,0.0,43.18977294686995,-1.3860283126413435,False,True,False,True,False,0.0,0,0.9743349672302708,0.9711956821060751,False,False,False,False,0.0410345698705208,0.07032473286995455,False,False,False,False,-35959.0,-166479.35165268474,False,False,False,False,8962.119489618708,False,False,False,False
2025-07-11 18:00:00+00:00,180.975,180.975,180.55,180.635,5091.0,,,,,,,,,,,,,,,,,,,,,175.3056641964837,,,"rgba(239, 83, 80, 1.0)",0.0,0.0,0.7622607260106646,180.62641312013642,0.011265016772556903,0.0,0.0,0.0,0.0,0.0,0.0,0.0,0.0,40.53445446973964,-3.9142446567356473,False,True,False,True,False,0.0,0,0.9677081033340709,0.9762640759549572,False,False,False,False,0.023212253769962936,0.04676849331995875,False,False,False,False,-41050.0,-164534.7105417904,False,False,False,False,8902.10213319051,False,False,False,False
2025-07-11 19:00:00+00:00,180.63,180.885,180.18,180.51,23026.0,,,,,,,,,,,,,,,,,,,,,175.33509916038736,,,"rgba(239, 83, 80, 1.0)",0.0,0.0,0.7626010670011412,180.5834914235623,-0.09636942136902668,0.0,0.0,0.0,0.0,0.0,0.0,0.0,0.0,38.27468148915192,-6.088747009062544,False,True,False,True,False,0.0,0,0.9619765586309376,0.977218951191328,False,False,False,False,-0.006040542138071136,0.020363975590943807,False,False,False,False,-64076.0,-162977.2111535456,False,False,False,False,9121.077293916238,False,False,False,False
2025-07-14 14:00:00+00:00,182.02,182.36,181.55,181.955,7686.0,,,,,,,,,,,,,,,,,,,,,175.34753756987575,,,"rgba(239, 83, 80, 1.0)",0.0,0.0,0.7537958418398567,180.5945994881586,1.8047333725282544,0.0,0.0,0.0,0.0,0.0,0.0,0.0,0.0,44.53201609166359,-11.559399212388627,False,True,False,True,True,3.1378073779518516,0,0.9643648948250704,0.9652300870599687,False,False,False,False,0.1766709399116424,0.0985174577512931,False,False,False,False,-56390.0,-161324.69625194024,False,False,False,False,9098.828033545442,False,False,False,False
2025-07-14 15:00:00+00:00,182.01,182.28,181.53,181.965,5944.0,,,,,,,,,,,,,,,,,,,,,175.35708133083247,,,"rgba(239, 83, 80, 1.0)",0.0,0.0,0.7378874886795598,180.60234394255943,1.8466989593210612,0.0,0.0,0.0,0.0,0.0,0.0,0.0,0.0,48.742658300217094,-7.8172646459790585,False,False,False,False,True,3.175055398866295,0,0.9647033464460862,0.9677210756048934,False,False,False,False,0.170119443158991,0.13431845045514204,False,False,False,False,-50446.0,-159605.6466976466,False,False,False,False,9049.915971009854,False,False,False,False
2025-07-14 16:00:00+00:00,181.935,181.935,181.62,181.63,4639.0,,,,,,,,,,,,,,,,,,,,,175.36428808996504,,,"rgba(239, 83, 80, 1.0)",0.0,0.0,0.7231466400854949,180.60640274380472,1.4154767504337122,0.0,0.0,0.0,0.0,0.0,0.0,0.0,0.0,49.77224043069073,-6.928088701677055,False,False,False,False,True,1.8140429620303493,0,0.9712070274373725,0.9701767704153567,False,False,False,False,0.1534770416729141,0.14389774606402805,False,False,False,False,-55085.0,-157985.17155504742,False,False,False,False,8981.52967688567,False,False,False,False
2025-07-14 17:00:00+00:00,181.59,182.165,181.53,182.11,4281.0,,,,,,,,,,,,,,,,,,,,,175.3711397436848,,,"rgba(239, 83, 80, 1.0)",0.0,0.0,0.720016466280866,180.6117085109506,2.0809128113258506,0.0,0.0,0.0,0.0,0.0,0.0,0.0,0.0,52.5574039809958,-4.243288300257632,True,False,True,False,True,3.630711185929318,0,0.9644980094890127,0.9756775917543768,False,False,False,False,0.16260302702996463,0.15325038654699635,False,False,False,False,-50804.0,-156323.44796504668,False,False,False,False,8908.653247786666,False,False,False,False
2025-07-14 18:00:00+00:00,182.11,182.21,181.94,182.06,6516.0,,,,,,,,,,,,,,,,,,,,,175.38175501258937,,,"rgba(239, 83, 80, 1.0)",0.0,0.0,0.7162219948799506,180.62110101418122,2.009012563290467,0.0,0.0,0.0,0.0,0.0,0.0,0.0,0.0,54.121855639661575,-2.6274865314951086,True,False,True,False,True,3.4237931255615948,0,0.9667743171492703,0.9711533198314085,False,False,False,False,0.192457098205459,0.1728537423762277,False,False,False,False,-57320.0,-154788.510787294,False,False,False,False,8871.557848596176,False,False,False,False
2025-07-14 19:00:00+00:00,182.06,182.1,181.51,181.79,19831.0,,,,,,,,,,,,,,,,,,,,,175.41255995897856,,,"rgba(239, 83, 80, 1.0)",0.0,0.0,0.7127261581985358,180.63850348882,1.615622631405147,0.0,0.0,0.0,0.0,0.0,0.0,0.0,0.0,53.562596906742556,-2.6274865314951086,True,False,True,False,True,2.302886108917324,0,0.9693110074114749,0.9678287125995062,False,False,False,False,0.15705914363681708,0.1649564430065224,False,False,False,False,-77151.0,-153584.82844950652,False,False,False,False,9041.471680400888,False,False,False,False
2025-07-15 14:00:00+00:00,180.53,180.795,179.9,179.92,6527.0,,,,,,,,,,,,,,,,,,,,,175.42011861082085,,,"rgba(239, 83, 80, 1.0)",0.0,0.0,0.7439292565443388,180.6268929756419,-0.9502153187596668,0.0,0.0,0.0,0.0,0.0,0.0,0.0,0.0,46.27641788795698,3.0893452597198987,False,True,False,True,False,0.0,0,0.9642837727643392,0.9656428377276435,False,False,False,False,-0.04400634661175078,0.06047504819738581,False,False,False,False,-83678.0,-152501.00165183976,False,False,False,False,9002.487623340408,False,False,False,False
2025-07-15 15:00:00+00:00,179.99,180.445,179.45,179.84,4853.0,,,,,,,,,,,,,,,,,,,,,175.4253796481988,,,"rgba(239, 83, 80, 1.0)",0.0,0.0,0.7727617606627658,180.61639275239256,-1.0046987207631408,0.0,0.0,0.0,0.0,0.0,0.0,0.0,0.0,41.221578067992276,-1.5338095389604405,False,True,False,True,False,0.0,0,0.9534594594594604,0.9701621621621623,False,False,False,False,-0.09718862299607908,-0.018356787399346635,False,False,False,False,-88531.0,-151509.2186804934,False,False,False,False,8938.154481893269,False,False,False,False
2025-07-15 16:00:00+00:00,179.9,180.05,179.71,179.85,5785.0,,,,,,,,,,,,,,,,,,,,,175.431576871016,,,"rgba(239, 83, 80, 1.0)",0.0,0.0,0.7999438155970657,180.60402196671618,-0.9425936572225267,0.0,0.0,0.0,0.0,0.0,0.0,0.0,0.0,37.911839825824366,-4.526080039011454,False,True,False,True,False,0.0,0,0.9514167782240084,0.9882307005800981,False,False,False,False,-0.10620919443600196,-0.0622829909176743,False,False,False,False,-82746.0,-150443.1222668423,False,False,False,False,8889.268365894923,False,False,False,False
2025-07-15 17:00:00+00:00,179.88,180.56,179.74,180.29,7372.0,,,,,,,,,,,,,,,,,,,,,175.44002857957688,,,"rgba(239, 83, 80, 1.0)",0.0,0.0,0.8191698555587494,180.59273991593332,-0.369569160631324,0.0,0.0,0.0,0.0,0.0,0.0,0.0,0.0,38.334309516599305,-4.526080039011454,False,True,False,True,False,0.0,0,0.9518716577540118,0.9774955436720145,False,False,False,False,-0.07021537039897455,-0.06624918065832443,False,False,False,False,-75374.0,-149279.25990611606,False,False,False,False,8865.744825338412,False,False,False,False
2025-07-15 18:00:00+00:00,180.33,180.59,180.02,180.11,7069.0,,,,,,,,,,,,,,,,,,,,,175.44817837527856,,,"rgba(239, 83, 80, 1.0)",0.0,0.0,0.841640263614587,180.58296602910292,-0.5619574651427228,0.0,0.0,0.0,0.0,0.0,0.0,0.0,0.0,37.960641341692394,-4.833685921258116,False,True,False,True,False,0.0,0,0.9554378137200233,0.976408254322365,False,False,False,False,-0.04963993684372421,-0.05794455875102432,False,False,False,False,-82443.0,-148243.0388223003,False,False,False,False,8837.888316418435,False,False,False,False
2025-07-15 19:00:00+00:00,180.11,180.51,179.71,179.72,20075.0,,,,,,,,,,,,,,,,,,,,,175.46992487774978,,,"rgba(239, 83, 80, 1.0)",0.0,0.0,0.8722590170337604,180.55037140619987,-0.9519780133929348,0.0,0.0,0.0,0.0,0.0,0.0,0.0,0.0,36.35969309655986,-6.754350582073258,False,True,False,True,False,0.0,0,0.95800612642718,0.9713171818434978,False,False,False,False,-0.07553411040394618,-0.06673933457748525,False,False,False,False,-102518.0,-147534.123491722,True,False,False,False,9012.107102210397,False,False,False,False
2025-07-16 14:00:00+00:00,180.345,180.43,179.67,179.975,6127.0,,,,,,,,,,,,,,,,,,,,,175.4765863296083,,,"rgba(239, 83, 80, 1.0)",0.0,0.0,0.8955897095946578,180.5416267025485,-0.6326855885882973,0.0,0.0,0.0,0.0,0.0,0.0,0.0,0.0,36.945936434279545,-6.754350582073258,False,True,False,True,False,0.0,0,0.9571412730095374,0.9693945442448438,False,False,False,False,-0.08352032057307619,-0.07512982757528072,False,False,False,False,-96391.0,-146741.2068484395,False,False,False,False,8967.376759540468,False,False,False,False
2025-07-16 15:00:00+00:00,179.975,180.22,179.18,180.09,9080.0,,,,,,,,,,,,,,,,,,,,,175.4860009116317,,,"rgba(239, 83, 80, 1.0)",0.0,0.0,0.9137064750380413,180.58060824047143,-0.5369429394171746,0.0,0.0,0.0,0.0,0.0,0.0,0.0,0.0,38.08525197332684,-6.754350582073258,False,True,False,True,False,0.0,0,0.9574279869519555,0.9709736274672417,True,False,False,False,-0.130352566582135,-0.10274119707870787,False,False,False,False,-87311.0,-145819.80829264972,False,False,False,False,8969.122856291779,False,False,False,False
2025-07-16 16:00:00+00:00,180.09,180.48,180.0,180.42,4940.0,,,,,,,,,,,,,,,,,,,,,175.4916581898843,,,"rgba(239, 83, 80, 1.0)",0.0,0.0,0.925884271757875,180.58415721537176,-0.17729776860784757,0.0,0.0,0.0,0.0,0.0,0.0,0.0,0.0,40.9292495559522,-6.754350582073258,False,True,False,True,True,0.0,0,0.9753429221969241,0.9637363247625925,False,False,False,False,-0.05826223232206963,-0.08050171470038875,False,False,False,False,-82371.0,-144836.1058385001,False,False,False,False,8906.655835264,False,False,False,False
2025-07-16 17:00:00+00:00,180.44,180.89,180.41,180.89,5968.0,,,,,,,,,,,,,,,,,,,,,175.49908463703787,,,"rgba(239, 83, 80, 1.0)",0.0,0.0,0.9301127268716483,180.59294731944675,0.3193727727523375,0.0,0.0,0.0,0.0,0.0,0.0,0.0,0.0,45.38485329271037,-10.512377089501456,False,False,False,True,True,0.0,0,0.9791342952275257,0.9585460599334076,False,False,False,False,-0.003967963230164246,-0.042234838965276494,False,False,False,False,-76403.0,-143775.12745340707,False,False,False,False,8861.095279678513,False,False,False,False
2025-07-16 18:00:00+00:00,180.89,181.19,180.89,181.16,11525.0,,,,,,,,,,,,,,,,,,,,,175.51432226750242,,,"rgba(239, 83, 80, 1.0)",0.0,0.0,0.9304758784430114,180.60996162916553,0.5911366254382266,0.0,0.0,0.0,0.0,0.0,0.0,0.0,0.0,49.65105732334519,-6.481623305833047,True,False,False,False,True,0.5494580398214737,0,0.9826576702169191,0.9602966597892154,False,False,False,False,0.04765125648473692,0.002708208759730213,False,False,False,False,-64878.0,-142551.91617505965,False,False,False,False,8902.39612805559,False,False,False,False
2025-07-16 19:00:00+00:00,181.155,181.2,180.635,180.81,27387.0,,,,,,,,,,,,,,,,,,,,,175.54892149162265,,,"rgba(239, 83, 80, 1.0)",0.0,0.0,0.9289815696560932,180.61457665232604,0.21036299756335447,0.0,0.0,0.0,0.0,0.0,0.0,0.0,0.0,50.354968748458504,-5.7534839561224445,True,False,False,False,True,0.0,0,0.9733689899158733,0.96389771017884,False,False,False,False,0.0314231568885051,0.017065682824117655,False,False,False,False,-92265.0,-141772.27406381842,False,False,False,False,9188.97913382217,False,False,False,False
2025-07-17 14:00:00+00:00,180.745,181.21,180.535,180.605,18423.0,,,,,,,,,,,,,,,,,,,,,175.57152165102482,,,"rgba(239, 83, 80, 1.0)",0.0,0.0,0.9326178258069913,180.6116697206129,-0.007151611762442618,0.0,0.0,0.0,0.0,0.0,0.0,0.0,0.0,49.65465811931713,-5.7534839561224445,True,False,False,False,True,0.0,0,0.9707516981979458,0.9745691349014763,False,False,False,False,0.02546641860987729,0.02126605071699747,False,False,False,False,-110688.0,-141290.34733414682,False,False,False,False,9332.142248026477,False,False,False,False
2025-07-17 15:00:00+00:00,180.61,181.34,180.265,181.15,12945.0,,,,,,,,,,,,,,,,,,,,,175.5876936848256,,,"rgba(239, 83, 80, 1.0)",0.0,0.0,0.925251974448136,180.61259632773968,0.5808187251703602,0.0,0.0,0.0,0.0,0.0,0.0,0.0,0.0,52.09525582938731,-3.709217870799222,True,False,True,False,True,0.5495878960903475,0,0.9557581520219257,0.978466357178813,False,False,False,False,0.016203815900447532,0.0187349333087225,False,False,False,False,-97743.0,-140615.1946622996,False,False,False,False,9388.155546506687,False,False,False,False
2025-07-17 16:00:00+00:00,181.11,181.41,180.655,180.885,5254.0,,,,,,,,,,,,,,,,,,,,,175.59430926426936,,,"rgba(239, 83, 80, 1.0)",0.0,0.0,0.9030087695265246,180.61345483216925,0.3007115511991284,0.0,0.0,0.0,0.0,0.0,0.0,0.0,0.0,52.118959404227425,-3.3826394095105172,True,False,True,False,True,0.0,0,0.9633314700950258,0.9740078256008943,False,False,False,False,0.04665706512898619,0.03269599921885434,False,False,False,False,-102997.0,-140031.96683807787,False,False,False,False,9324.060111677127,False,False,False,False
2025-07-17 17:00:00+00:00,180.81,181.375,180.635,181.265,4910.0,,,,,,,,,,,,,,,,,,,,,175.60060103675548,,,"rgba(239, 83, 80, 1.0)",0.0,0.0,0.8969324951772443,180.6150584809196,0.724627017724394,0.0,0.0,0.0,0.0,0.0,0.0,0.0,0.0,54.04597194328181,-1.2344242444849485,True,False,True,False,True,1.0091879626566786,0,0.9719778064226875,0.9684470100319454,False,False,False,False,0.043012470251857886,0.03785423473535611,False,False,False,False,-98087.0,-139381.6572746968,False,False,False,False,9255.625071186008,False,False,False,False
2025-07-17 18:00:00+00:00,181.25,181.54,181.08,181.475,3446.0,,,,,,,,,,,,,,,,,,,,,175.60522759613755,,,"rgba(239, 83, 80, 1.0)",0.0,0.0,0.8947810392001402,180.61762560800918,0.9581946358153031,0.0,0.0,0.0,0.0,0.0,0.0,0.0,0.0,56.30390972754261,1.1505052894819983,True,False,True,False,True,1.8401487015934919,0,0.975197800347905,0.9637506312777062,False,False,False,False,0.08352030725414569,0.0606872709947509,False,False,False,False,-94641.0,-138688.0036735387,False,False,False,False,9165.553364655992,False,False,False,False
2025-07-17 19:00:00+00:00,181.48,182.13,181.42,182.05,20045.0,,,,,,,,,,,,,,,,,,,,,175.6343244604242,,,"rgba(239, 83, 80, 1.0)",0.0,0.0,0.8965323738166233,180.64594754286625,1.5660923109296925,0.0,0.0,0.0,0.0,0.0,0.0,0.0,0.0,60.10814424639198,4.861727253780785,True,False,True,False,True,4.065917952642945,0,0.9811796336750132,0.9548535260180363,False,False,False,False,0.1458552191838325,0.10327124508929171,False,False,False,False,-74596.0,-137694.32919797994,False,False,False,False,9334.226955901637,False,False,False,False
2025-07-18 14:00:00+00:00,181.685,181.82,180.78,181.42,7182.0,,,,,,,,,,,,,,,,,,,,,175.6438085565445,,,"rgba(239, 83, 80, 1.0)",0.0,0.0,0.8965269474876599,180.64977197740424,0.8591242290643437,0.0,0.0,0.0,0.0,0.0,0.0,0.0,0.0,58.619906853000145,4.861727253780785,True,False,True,False,True,1.465057953283047,0,0.9734478719250297,0.9579405366207396,False,False,False,False,0.08218856123018162,0.09272990315973667,False,False,False,False,-81778.0,-136827.40936545312,False,False,False,False,9300.859096120215,False,False,False,False
2025-07-18 15:00:00+00:00,181.415,181.85,181.005,181.07,6523.0,,,,,,,,,,,,,,,,,,,,,175.6523474024017,,,"rgba(239, 83, 80, 1.0)",0.0,0.0,0.8980716328120124,180.65283003907,0.4645174679705151,0.0,0.0,0.0,0.0,0.0,0.0,0.0,0.0,55.76816113563789,4.861727253780785,True,False,True,False,False,0.06525140572362531,0,0.9769264983876353,0.9529634159902145,False,False,False,False,0.09919176779904974,0.09596083547939321,False,False,False,False,-88301.0,-136075.06193343058,False,False,False,False,9257.79151323463,False,False,False,False
2025-07-18 16:00:00+00:00,181.14,181.36,180.76,180.91,4286.0,,,,,,,,,,,,,,,,,,,,,175.65764873544782,,,"rgba(239, 83, 80, 1.0)",0.0,0.0,0.9006435236877774,180.65302057204195,0.2853286802150254,0.0,0.0,0.0,0.0,0.0,0.0,0.0,0.0,53.04871400793036,8.474838242389147,True,False,True,False,False,0.0,1,0.9738760631834753,0.9531094664752013,False,False,False,False,0.05030289903234265,0.07313186725586793,False,False,False,False,-92587.0,-135400.82841508283,False,False,False,False,9180.709474269752,False,False,False,False
2025-07-18 17:00:00+00:00,180.91,181.07,180.66,180.94,8460.0,,,,,,,,,,,,,,,,,,,,,175.6678482200318,,,"rgba(239, 83, 80, 1.0)",0.0,0.0,0.9016239103304967,180.65204720899857,0.31937128962771094,0.0,0.0,0.0,0.0,0.0,0.0,0.0,0.0,51.41452441910276,6.855372850131843,True,False,False,False,False,0.0,1,0.9728942159665717,0.9565097866725313,False,False,False,False,0.02447381594322343,0.04880284159954568,False,False,False,False,-84127.0,-134605.88533888,False,False,False,False,9169.535683970995,False,False,False,False
2025-07-18 18:00:00+00:00,180.94,180.955,180.41,180.795,12318.0,,,,,,,,,,,,,,,,,,,,,175.68214692378385,,,"rgba(239, 83, 80, 1.0)",0.0,0.0,0.9047876760559466,180.6480546267078,0.16240868126403557,0.0,0.0,0.0,0.0,0.0,0.0,0.0,0.0,49.47882734154895,4.905035028897238,True,False,False,False,False,0.0,1,0.9703230037711104,0.9580259058862106,False,False,False,False,0.0003306547148425974,0.024566748157194136,False,False,False,False,-96445.0,-134014.24370571907,False,False,False,False,9218.349084219506,False,False,False,False
2025-07-18 19:00:00+00:00,180.8,180.955,180.35,180.625,18561.0,,,,,,,,,,,,,,,,,,,,,175.7032147063562,,,"rgba(239, 83, 80, 1.0)",0.0,0.0,0.9108887996947761,180.64087458575762,-0.017427578166439566,0.0,0.0,0.0,0.0,0.0,0.0,0.0,0.0,47.19981086165615,2.6275018135440718,False,False,False,True,False,0.0,1,0.9698664350092304,0.9583016614181776,False,False,False,False,-0.003637297129744753,0.01046472551372469,False,False,False,False,-115006.0,-133719.54225291722,False,False,False,False,9363.196385239358,False,False,False,False
2025-07-21 14:00:00+00:00,181.37,181.57,180.99,181.455,9712.0,,,,,,,,,,,,,,,,,,,,,175.7157080798665,,,"rgba(239, 83, 80, 1.0)",0.0,0.0,0.9109221790143223,180.64563635265375,0.8885101998746416,0.0,0.0,0.0,0.0,0.0,0.0,0.0,0.0,50.712100927703545,2.6275018135440718,True,False,False,False,True,1.6934592103312127,1,0.9731283925404421,0.9489439458268392,False,False,False,False,0.07952593680567606,0.04499533115970038,False,False,False,False,-105294.0,-133278.83617147667,False,False,False,False,9368.604193220144,False,False,False,False
2025-07-21 15:00:00+00:00,181.44,182.025,181.44,182.02,4539.0,,,,,,,,,,,,,,,,,,,,,175.7220352013692,,,"rgba(239, 83, 80, 1.0)",0.0,0.0,0.9126651053911167,180.65048256531853,1.5005695151394947,0.0,0.0,0.0,0.0,0.0,0.0,0.0,0.0,55.41661970739136,-0.4805285369251777,True,False,True,False,True,3.898105390204158,1,0.9781029694509722,0.9444029053621018,False,False,False,False,0.14011824919275792,0.09255679017622914,False,False,False,False,-100755.0,-132774.59064943827,False,False,False,False,9293.726608829134,False,False,False,False
2025-07-21 16:00:00+00:00,181.99,182.15,181.695,181.84,2763.0,,,,,,,,,,,,,,,,,,,,,175.72592224440967,,,"rgba(239, 83, 80, 1.0)",0.0,0.0,0.9131667846459155,180.78803195241773,1.1519999032708832,0.0,0.0,0.0,0.0,0.0,0.0,0.0,0.0,57.327592241740945,1.2612252276219351,True,False,True,False,True,3.134207401799525,1,0.9888985161919206,0.9528322322105487,False,False,False,False,0.1658425554922478,0.12919967283423847,False,False,False,False,-103518.0,-132321.0000967338,False,False,False,False,9192.475033498451,False,False,False,False
2025-07-21 17:00:00+00:00,181.84,181.84,181.495,181.565,3586.0,,,,,,,,,,,,,,,,,,,,,175.73074613402227,,,"rgba(239, 83, 80, 1.0)",0.0,0.0,0.9016674992940948,180.7833818177721,0.8668585513394039,0.0,0.0,0.0,0.0,0.0,0.0,0.0,0.0,56.79133417957671,1.2612252276219351,True,False,True,False,True,1.9723900012391873,1,0.970778339036446,0.9597523219814238,False,False,False,False,0.13136162064981696,0.13028064674202772,False,False,False,False,-107104.0,-131930.03885492397,False,False,False,False,9105.552939955838,False,False,False,False
2025-07-21 18:00:00+00:00,181.57,181.57,181.0,181.28,3073.0,,,,,,,,,,,,,,,,,,,,,175.73462892517892,,,"rgba(239, 83, 80, 1.0)",0.0,0.0,0.8962657414423865,180.77688537578214,0.5613453699660337,0.0,0.0,0.0,0.0,0.0,0.0,0.0,0.0,54.69114143432534,1.2612252276219351,True,False,True,False,False,0.7807592332913664,1,0.9713261648745525,0.9563375692407947,False,False,False,False,0.08019148596314933,0.10523606635258853,False,False,False,False,-110177.0,-131592.78243856857,False,False,False,False,9012.024987398383,False,False,False,False
2025-07-21 19:00:00+00:00,181.29,181.33,180.725,180.84,15816.0,,,,,,,,,,,,,,,,,,,,,175.75338556412964,,,"rgba(239, 83, 80, 1.0)",0.0,0.0,0.8850338365824725,180.75679727789958,0.09401078090043238,0.0,0.0,0.0,0.0,0.0,0.0,0.0,0.0,50.932585724399615,6.924937564867513,True,False,False,False,False,0.0,0,0.9746938775510209,0.9555918367346932,False,False,False,False,0.04599432221269977,0.07561519428264415,False,False,False,False,-125993.0,-131505.96410618766,False,False,False,False,9117.512972089882,False,False,False,False
2025-07-22 14:00:00+00:00,180.48,180.75,179.99,180.69,7908.0,,,,,,,,,,,,,,,,,,,,,175.76183948736494,,,"rgba(239, 83, 80, 1.0)",0.0,0.0,0.8743937256130069,180.74377057448228,-0.061494693874420435,0.0,0.0,0.0,0.0,0.0,0.0,0.0,0.0,47.688788210388985,3.8220090317228212,False,False,False,True,False,0.0,0,0.9756536928871669,0.9543643211965712,False,False,False,False,-0.04102501004965247,0.017295092116495842,False,False,False,False,-133901.0,-131543.0964456266,False,False,False,False,9098.760832987713,False,False,False,False
2025-07-22 15:00:00+00:00,180.77,181.11,180.085,180.335,14941.0,,,,,,,,,,,,,,,,,,,,,175.77784194748284,,,"rgba(239, 83, 80, 1.0)",0.0,0.0,0.8676421502583406,180.72837775292516,-0.45338709375520647,0.0,0.0,0.0,0.0,0.0,0.0,0.0,0.0,43.884279335197405,0.24277835895124866,False,True,False,True,False,0.0,0,0.9830749071849754,0.9430552522384795,False,False,False,False,-0.03823291019858064,-0.010468909041042399,False,False,False,False,-148842.0,-131811.29650073315,False,False,False,False,9189.33818441426,False,False,False,False
2025-07-22 16:00:00+00:00,180.36,180.485,180.06,180.205,5572.0,,,,,,,,,,,,,,,,,,,,,175.78345584441868,,,"rgba(239, 83, 80, 1.0)",0.0,0.0,0.8617558129105396,180.7210124832305,-0.5987919959456839,0.0,0.0,0.0,0.0,0.0,0.0,0.0,0.0,40.7803241830171,-2.6609431894123787,False,True,False,True,False,0.0,0,0.9744596163414233,0.9618552711592676,False,False,False,False,-0.08484587468992245,-0.04765739186548243,False,False,False,False,-154414.0,-132161.72601234968,False,False,False,False,9133.255421865202,False,False,False,False
2025-07-22 17:00:00+00:00,180.13,180.19,179.71,179.815,4078.0,,,,,,,,,,,,,,,,,,,,,175.78723891592364,,,"rgba(239, 83, 80, 1.0)",0.0,0.0,0.862499640947556,180.71336700275097,-1.0415853643301378,0.0,0.0,0.0,0.0,0.0,0.0,0.0,0.0,37.13494362451273,-6.0759854907264526,False,True,False,True,False,0.0,0,0.976007997334222,0.9599022548039539,False,False,False,False,-0.13146648783527212,-0.08956193985037728,False,False,False,False,-158492.0,-132569.94731448378,False,False,False,False,9054.879368813028,False,False,False,False
2025-07-22 18:00:00+00:00,179.805,180.15,179.65,180.03,11606.0,,,,,,,,,,,,,,,,,,,,,175.79806751621118,,,"rgba(239, 83, 80, 1.0)",0.0,0.0,0.8566387961276716,180.71228951461828,-0.7964728164338112,0.0,0.0,0.0,0.0,0.0,0.0,0.0,0.0,36.53312846575604,-6.741765484396119,False,True,False,True,False,0.0,0,0.9798485860610112,0.9534624805165881,False,False,False,False,-0.1998125074825167,-0.14468722366644698,False,False,False,False,-146886.0,-132791.90161968558,False,False,False,False,9094.431626660888,False,False,False,False
2025-07-22 19:00:00+00:00,180.03,180.99,179.95,180.76,17006.0,,,,,,,,,,,,,,,,,,,,,175.81620355668122,,,"rgba(239, 83, 80, 1.0)",0.0,0.0,0.8388370059353408,180.72422450895087,0.04264891843825022,0.0,0.0,0.0,0.0,0.0,0.0,0.0,0.0,41.08944293321345,-6.741765484396119,False,True,False,True,True,0.0,0,0.9794826048171276,0.9529438001784116,False,False,False,False,-0.10583239269171861,-0.1252598081790828,False,False,False,False,-129880.0,-132746.75585814007,False,False,False,False,9217.091601441338,False,False,False,False
2025-07-23 14:00:00+00:00,180.99,181.56,180.39,181.415,7623.0,,,,,,,,,,,,,,,,,,,,,175.82523295777395,,,"rgba(239, 83, 80, 1.0)",0.0,0.0,0.8179371272586862,180.7363172093881,0.8297493389088534,0.0,0.0,0.0,0.0,0.0,0.0,0.0,0.0,47.254365937838045,-10.051331707130373,False,False,False,False,True,1.6857920240184576,0,0.9768677365799668,0.9470946319867178,False,False,False,False,-0.024151043377677043,-0.07470542577837992,False,False,False,False,-122257.0,-132584.12398437047,False,False,False,False,9192.377002969379,False,False,False,False
2025-07-23 15:00:00+00:00,181.4,181.4,180.47,180.97,9783.0,,,,,,,,,,,,,,,,,,,,,175.83639454113043,,,"rgba(239, 83, 80, 1.0)",0.0,0.0,0.7962924617806816,180.74288625927136,0.28521397806625604,0.0,0.0,0.0,0.0,0.0,0.0,0.0,0.0,48.864280862019484,-8.588517575784707,False,False,False,False,True,0.0,0,0.9755493143895593,0.9510986287791173,False,False,False,False,-0.030594915695608276,-0.0526501707369941,False,False,False,False,-132040.0,-132575.68795360503,False,False,False,False,9201.533948659775,False,False,False,False
2025-07-23 16:00:00+00:00,181.11,181.395,180.59,180.77,7535.0,,,,,,,,,,,,,,,,,,,,,175.8449107536757,,,"rgba(239, 83, 80, 1.0)",0.0,0.0,0.7743555704930452,180.74605524653856,0.030922168541002215,0.0,0.0,0.0,0.0,0.0,0.0,0.0,0.0,48.89872366005761,-8.353551627453108,False,False,False,False,True,0.0,0,0.9875241512558657,0.9487165332597292,False,False,False,False,-0.037949248934757276,-0.04529970983587569,False,False,False,False,-139575.0,-132684.20441944062,False,False,False,False,9175.69621302164,False,False,False,False
2025-07-23 17:00:00+00:00,180.77,181.035,180.73,180.75,6210.0,,,,,,,,,,,,,,,,,,,,,175.85179766253296,,,"rgba(239, 83, 80, 1.0)",0.0,0.0,0.7486803224536444,180.74705076011134,0.003939251240100791,0.0,0.0,0.0,0.0,0.0,0.0,0.0,0.0,48.812544363442726,-8.029923026041239,False,False,False,False,True,0.0,0,0.9873361475227729,0.954843368140413,False,False,False,False,-0.10580311583702402,-0.07555141283644985,False,False,False,False,-145785.0,-132887.31752921673,False,False,False,False,9129.716426773242,False,False,False,False
2025-07-23 18:00:00+00:00,180.75,181.07,180.53,180.97,15035.0,,,,,,,,,,,,,,,,,,,,,175.86845412600965,,,"rgba(239, 83, 80, 1.0)",0.0,0.0,0.7359131301581777,180.7491615170498,0.30008770587193123,0.0,0.0,0.0,0.0,0.0,0.0,0.0,0.0,50.06343506448712,-6.368145644784796,True,False,False,False,True,0.0,0,0.9758037414584971,0.9680743810910719,False,False,False,False,-0.12167608212233519,-0.09861374747939253,False,False,False,False,-130750.0,-132854.1808233374,False,False,False,False,9221.271210854276,False,False,False,False
2025-07-23 19:00:00+00:00,180.965,181.14,180.71,180.96,22498.0,,,,,,,,,,,,,,,,,,,,,175.89356882377328,,,"rgba(239, 83, 80, 1.0)",0.0,0.0,0.7303977874637927,180.75403087542776,0.2819958221498026,0.0,0.0,0.0,0.0,0.0,0.0,0.0,0.0,50.829154599485115,-5.158767359580018,True,False,False,False,True,0.0,0,0.9638621615573959,0.9704631908704408,False,False,False,False,-0.09764731267946228,-0.0981305300794274,False,False,False,False,-153248.0,-133170.36406638645,False,False,False,False,9427.11196727514,False,False,False,False
2025-07-24 14:00:00+00:00,182.63,183.0,181.925,182.315,12058.0,,,,,,,,,,,,,,,,,,,,,175.91083851286442,,,"rgba(38, 166, 154, 1.0)",0.0,0.0,0.7311480051326684,180.78505268004434,2.0925275172952715,0.0,0.0,0.0,0.0,0.0,0.0,0.0,0.0,57.25344898219222,1.1465560633513192,True,False,True,False,True,5.317782098873693,0,0.967896212412732,0.9581111538672974,False,False,False,False,0.19719306199197836,0.04953126595627548,False,False,False,False,-141190.0,-133294.69950721765,False,False,False,False,9467.900929022811,False,False,False,False
2025-07-24 15:00:00+00:00,182.42,183.125,182.355,183.125,15872.0,,,,,,,,,,,,,,,,,,,,,175.9350126106792,,,"rgba(38, 166, 154, 1.0)",0.0,0.0,0.7591732582488042,180.83229169879397,3.0200066668505374,0.0,0.0,0.0,0.0,0.0,0.0,0.0,0.0,63.53237795604548,6.965726442316402,True,False,True,False,True,8.278816554693783,0,0.9737491094426484,0.955663944758043,False,False,False,False,0.2526214508128443,0.1510763583845599,False,False,False,False,-125318.0,-133171.02974741583,False,False,False,False,9567.18928671238,False,False,False,False
2025-07-24 16:00:00+00:00,183.125,183.745,183.1,183.53,22148.0,,,,,,,,,,,,,,,,,,,,,175.97131283140112,,,"rgba(38, 166, 154, 1.0)",0.0,0.0,0.7784918892484942,180.90834929090158,3.3676018277199913,0.0,0.0,0.0,0.0,0.0,0.0,0.0,0.0,68.5253201668231,11.427794991836983,True,False,True,False,True,9.694656441177752,0,0.982841793662976,0.9494572963490848,False,False,False,False,0.3428282345186152,0.24695229645158756,False,False,False,False,-103170.0,-132705.89750326984,False,False,False,False,9762.24061560056,False,False,False,False
2025-07-24 17:00:00+00:00,183.53,184.02,183.41,183.83,12348.0,,,,,,,,,,,,,,,,,,,,,175.99219076234465,,,"rgba(38, 166, 154, 1.0)",0.0,0.0,0.8373201030424459,180.95145169220993,3.4378110561668467,0.0,0.0,0.0,0.0,0.0,0.0,0.0,0.0,72.41131689358866,14.869333909720936,True,False,True,False,True,10.725585279940201,0,0.9856672158154866,0.9479956068094456,False,False,False,False,0.34282823596813133,0.2948902662098595,False,False,False,False,-90822.0,-132056.53475128114,False,False,False,False,9802.329908381946,False,False,False,False
2025-07-24 18:00:00+00:00,183.81,183.99,183.515,183.74,8295.0,,,,,,,,,,,,,,,,,,,,,176.00614411712428,,,"rgba(38, 166, 154, 1.0)",0.0,0.0,0.8816727549668854,180.97876715250226,3.131811470800706,0.0,0.0,0.0,0.0,0.0,0.0,0.0,0.0,74.3180225055917,16.602595282194144,True,False,True,False,True,10.31330561082348,0,0.9903317952098444,0.9418809052955397,False,False,False,False,0.34282823613883384,0.31885925117434666,False,False,False,False,-99117.0,-131545.84429002096,False,False,False,False,9778.96045243804,False,False,False,False
2025-07-24 19:00:00+00:00,183.73,183.965,183.49,183.58,60849.0,,,,,,,,,,,,,,,,,,,,,176.10607400205697,,,"rgba(38, 166, 154, 1.0)",0.0,0.0,0.922762411714148,181.14581293522983,2.6379347856707502,0.0,0.0,0.0,0.0,0.0,0.0,0.0,0.0,74.32114323113271,16.80301671081787,True,False,True,False,True,9.575440246981994,0,0.9884704073789398,0.9429010651147472,False,False,False,False,0.3382659435789771,0.3285625973766619,False,False,False,False,-159966.0,-131986.4668591679,False,False,False,False,10570.74401131497,False,False,False,False
2025-07-25 14:00:00+00:00,183.795,184.73,183.39,184.38,16099.0,,,,,,,,,,,,,,,,,,,,,176.1337558121304,,,"rgba(38, 166, 154, 1.0)",0.0,0.0,0.9908742977178804,181.1926819083503,3.2166724871061163,0.0,0.0,0.0,0.0,0.0,0.0,0.0,0.0,76.16300813995696,18.88769263954522,True,False,True,False,True,12.340418826421331,0,0.9876006090928868,0.9355014139656305,False,False,False,False,0.3428282374278343,0.33569541740224806,False,False,False,False,-143867.0,-132170.66117142886,False,False,False,False,10656.45340648838,False,False,False,False
2025-07-25 15:00:00+00:00,184.37,184.78,184.15,184.15,19881.0,,,,,,,,,,,,,,,,,,,,,176.16849586613952,,,"rgba(38, 166, 154, 1.0)",0.0,0.0,1.0434238641915263,181.25133304524897,2.7780339842974584,0.0,0.0,0.0,0.0,0.0,0.0,0.0,0.0,75.66050795002371,18.88769263954522,True,False,True,False,True,11.27080602704897,0,0.9974509165853134,0.9325848790541278,False,False,False,False,0.3428282388716877,0.33926182813696787,False,False,False,False,-163748.0,-132660.23231605787,False,False,False,False,10799.469632744373,False,False,False,False
2025-07-25 16:00:00+00:00,184.145,184.675,184.13,184.64,8440.0,,,,,,,,,,,,,,,,,,,,,176.18337309037227,,,"rgba(38, 166, 154, 1.0)",0.0,0.0,1.1105559154970281,181.2762282960827,3.0289080063220655,0.0,0.0,0.0,0.0,0.0,0.0,0.0,0.0,76.46445763853168,20.03361843530344,True,False,True,False,True,12.92345651471729,0,0.998797025371829,0.9416010498687668,False,False,False,False,0.3331441650005038,0.33620299656873587,False,False,False,False,-155308.0,-133011.36049720427,False,False,False,False,10762.888708205699,False,False,False,False
2025-07-25 17:00:00+00:00,184.6,185.13,184.57,185.09,9176.0,,,,,,,,,,,,,,,,,,,,,176.20035797489925,,,"rgba(38, 166, 154, 1.0)",0.0,0.0,1.1882257384055404,181.3068649749087,3.183852110599642,0.0,0.0,0.0,0.0,0.0,0.0,0.0,0.0,77.89403545717833,21.86439341200486,True,False,True,False,True,14.396218852594167,0,0.9955829425237216,0.9340713272985065,False,False,False,False,0.342828240033693,0.33951561830121446,False,False,False,False,-146132.0,-133214.78126468946,False,False,False,False,10738.285782497083,False,False,False,False
2025-07-25 18:00:00+00:00,185.12,185.295,184.835,184.885,6622.0,,,,,,,,,,,,,,,,,,,,,176.21267940970284,,,"rgba(38, 166, 154, 1.0)",0.0,0.0,1.2526662267657922,181.57034998511216,2.6460759810263195,0.0,0.0,0.0,0.0,0.0,0.0,0.0,0.0,77.25994070445206,21.86439341200486,True,False,True,False,True,13.421058303724536,0,0.9958585363195473,0.935861805896137,False,False,False,False,0.3428282406100332,0.3411719294556238,False,False,False,False,-152754.0,-133517.71488849272,False,False,False,False,10674.467398272322,False,False,False,False
2025-07-25 19:00:00+00:00,184.885,184.92,184.39,184.49,34618.0,,,,,,,,,,,,,,,,,,,,,176.2735938096823,,,"rgba(38, 166, 154, 1.0)",0.0,0.0,1.2955657674011052,181.6459351248002,2.195230027499871,0.0,0.0,0.0,0.0,0.0,0.0,0.0,0.0,73.96654565497437,21.86439341200486,True,False,True,False,False,11.564477549238532,0,0.991772910537213,0.9405034324942798,False,False,False,False,0.2872068366246593,0.31418938304014155,False,False,False,False,-187372.0,-134352.66504526028,False,False,False,False,11045.68495798903,False,False,False,False
2025-07-28 14:00:00+00:00,183.57,183.98,183.07,183.27,12683.0,,,,,,,,,,,,,,,,,,,,,176.29261177794123,,,"rgba(38, 166, 154, 1.0)",0.0,0.0,1.3100352206269983,181.6495781251632,1.2369300071651927,0.0,0.0,0.0,0.0,0.0,0.0,0.0,0.0,65.42543431538735,21.374726545374344,True,False,True,False,False,6.191612161229013,0,0.9846236849204211,0.9420555705422178,False,False,False,False,0.1414864641454356,0.22783792359278857,False,False,False,False,-200055.0,-135371.30589727173,False,False,False,False,11071.069687322533,False,False,False,False
2025-07-28 15:00:00+00:00,183.23,183.4,182.82,183.06,11313.0,,,,,,,,,,,,,,,,,,,,,176.30867181999815,,,"rgba(38, 166, 154, 1.0)",0.0,0.0,1.321092426063423,181.6505187224441,1.066905880125174,0.0,0.0,0.0,0.0,0.0,0.0,0.0,0.0,58.89546526417412,15.59691178654738,True,False,True,False,False,5.316020099065682,0,0.983149394347241,0.9457873485868105,False,False,False,False,0.08973683150515112,0.15878737754896985,False,False,False,False,-211368.0,-136549.54921669388,False,False,False,False,11074.820544883425,False,False,False,False
2025-07-28 16:00:00+00:00,183.07,183.3,182.775,183.03,13949.0,,,,,,,,,,,,,,,,,,,,,176.3282004733611,,,"rgba(38, 166, 154, 1.0)",0.0,0.0,1.3299086638028916,181.6544570246027,1.0343138689418907,0.0,0.0,0.0,0.0,0.0,0.0,0.0,0.0,54.41583396583837,11.778564504277483,False,False,True,False,False,5.189957424202266,0,0.9822941559852274,0.9570388876819466,False,False,False,False,0.08075288551801178,0.11977013153349081,False,False,False,False,-225317.0,-137925.78876372188,False,False,False,False,11119.381466668177,False,False,False,False
2025-07-28 17:00:00+00:00,183.05,183.24,182.64,182.75,5115.0,,,,,,,,,,,,,,,,,,,,,176.33516472223116,,,"rgba(239, 83, 80, 1.0)",0.0,0.0,1.3365104051472994,181.65542551229623,0.8189793985054173,0.0,0.0,0.0,0.0,0.0,0.0,0.0,0.0,50.21910219925459,8.130218463096675,False,True,False,True,False,4.008899891243267,0,0.9709798380522799,0.9600565186674638,False,False,False,False,0.0686912396032181,0.09423068556835446,False,False,False,False,-230432.0,-139359.99358909053,False,False,False,False,11026.290281138437,False,False,False,False
2025-07-28 18:00:00+00:00,182.83,182.92,182.61,182.8,12762.0,,,,,,,,,,,,,,,,,,,,,176.35221157039066,,,"rgba(239, 83, 80, 1.0)",0.0,0.0,1.3426453752229353,181.6574148809014,0.8509954602933745,0.0,0.0,0.0,0.0,0.0,0.0,0.0,0.0,47.727535688074795,5.92233081673907,False,True,False,True,False,4.198910089728852,0,0.964933297032399,0.9673291587258376,False,False,False,False,0.04708975446083843,0.07066022001459644,False,False,False,False,-217670.0,-140574.10221561624,False,False,False,False,11053.200509337841,False,False,False,False
2025-07-28 19:00:00+00:00,182.79,182.915,182.44,182.81,31302.0,,,,,,,,,,,,,,,,,,,,,176.39328894610546,,,"rgba(239, 83, 80, 1.0)",0.0,0.0,1.3487514246180932,181.78131156208076,0.7626968314124466,0.0,0.0,0.0,0.0,0.0,0.0,0.0,0.0,46.134070234181976,4.341974576575161,False,True,False,True,False,4.237562778331743,0,0.9703983366163277,0.9644342306850519,False,False,False,False,0.03630671119163434,0.05348346560311539,False,False,False,False,-186368.0,-141284.08512700204,False,False,False,False,11367.13538516206,False,False,False,False
2025-07-29 14:00:00+00:00,183.87,184.445,183.72,184.36,9697.0,,,,,,,,,,184.17499999999998,,,,,,,,,,,176.40880474078782,,,"rgba(239, 83, 80, 1.0)",0.0,0.0,1.3807007066867778,181.81823322489146,1.8409252365836404,0.0,0.0,0.0,0.0,0.0,0.0,0.0,0.0,52.33156735892181,4.341974576575161,False,True,True,False,True,9.862008742361372,0,0.9786382564490834,0.9480828511167602,False,False,False,False,0.21226479349666508,0.13287412954989022,False,False,False,False,-176671.0,-141832.7194661183,False,False,False,False,11341.241813299084,False,False,False,False
2025-07-29 15:00:00+00:00,184.39,184.53,183.93,184.2,6231.0,,,,,,,,,,184.19260390507281,,,,,,,,,,,176.41879969267933,,,"rgba(239, 83, 80, 1.0)",0.0,0.0,1.4101454049377253,181.83849968324705,1.6746502229372766,0.0,0.0,0.0,0.0,0.0,0.0,0.0,0.0,55.54736438105326,-3.1335209867609706,False,False,True,False,True,9.1574266159231,0,0.9811443433029912,0.9491222366710018,False,False,False,False,0.23131800374808087,0.18209606664898553,False,False,False,False,-182902.0,-142469.45249765133,False,False,False,False,11262.013258054136,False,False,False,False
2025-07-29 16:00:00+00:00,184.16,184.49,184.005,184.385,4047.0,,,,,,,,,,184.21301201501876,,,,,,,,,,,176.42533856307753,,,"rgba(239, 83, 80, 1.0)",0.0,0.0,1.4441849130450617,181.85115680545783,1.7545143780788799,0.0,0.0,0.0,0.0,0.0,0.0,0.0,0.0,58.35441691755804,-0.3707591467021061,True,False,True,False,True,9.796156419818988,0,0.9778879146016015,0.95528565982245,False,False,False,False,0.23358928562575176,0.20784267613736865,False,False,False,False,-178855.0,-143033.5695131916,False,False,False,False,11150.152587386629,False,False,False,False
2025-07-29 17:00:00+00:00,184.37,184.605,183.92,184.15,6013.0,,,,,,,,,,184.21578574726797,,,,,,,,,,,176.43494973058998,,,"rgba(239, 83, 80, 1.0)",0.0,0.0,1.471178965847953,181.86782387248059,1.55125663192447,0.0,0.0,0.0,0.0,0.0,0.0,0.0,0.0,58.74221487732849,0.2989200139363106,True,False,True,False,True,8.743153072245626,0,0.9764359351988219,0.9534718813069332,False,False,False,False,0.23553798365653195,0.2216903298969503,False,False,False,False,-184868.0,-143682.16533469252,False,False,False,False,11070.506810837998,False,False,False,False
2025-07-29 18:00:00+00:00,184.14,184.33,184.0,184.115,13340.0,,,,,,,,,,184.19290598725252,,,,,,,,,,,176.45597900564633,,,"rgba(239, 83, 80, 1.0)",0.0,0.0,1.4950679366299808,181.89924755365212,1.482041312010476,0.0,0.0,0.0,0.0,0.0,0.0,0.0,0.0,58.77213019310505,0.8439795612264049,True,False,True,False,True,8.585407145755365,0,0.9699923338079074,0.9624904172598839,False,False,False,False,0.22290210996682158,0.22229621993188595,False,False,False,False,-198208.0,-144527.52711244923,False,False,False,False,11105.69275175524,False,False,False,False
2025-07-29 19:00:00+00:00,184.12,184.8,184.105,184.8,31354.0,,,,,,,,,,184.3594427152599,,,,,,,,,,,176.50763126997552,,,"rgba(38, 166, 154, 1.0)",0.0,0.0,1.5308926825252271,181.98226380463498,1.8405837505978127,0.0,0.0,0.0,0.0,0.0,0.0,0.0,0.0,61.569196569960695,4.008157633840291,True,False,True,False,True,10.993265667745579,0,0.9699519230769231,0.956512237762238,False,False,False,False,0.2603795472184497,0.24133788357516783,False,False,False,False,-166854.0,-144873.6739789229,False,False,False,False,11419.619995914072,False,False,False,False
2025-07-30 14:00:00+00:00,185.34,185.82,185.08,185.62,26425.0,,,,,,,,,185.5066666666667,184.6716281696136,,,,,,,,,,,176.55566388017706,,,"rgba(38, 166, 154, 1.0)",0.0,0.0,1.5882440499388082,182.07544052397154,2.2317473666374084,0.0,0.0,0.0,0.0,0.0,0.0,0.0,0.0,65.77812560625136,8.333586809231981,True,False,True,False,True,13.707647541486605,0,0.9787789748612473,0.9492871912068782,False,False,False,False,0.34282824153439206,0.29208306255477995,False,False,False,False,-140429.0,-144804.76430483107,False,False,False,False,11652.261546365016,False,False,False,False
2025-07-30 15:00:00+00:00,185.65,186.58,185.57,186.435,17047.0,,,,,,,,,185.77658795699915,184.89911839853764,,,,,,,,,,,176.58874098468016,,,"rgba(38, 166, 154, 1.0)",0.0,0.0,1.6650368256091144,182.1443460591395,2.5769123390354203,0.0,0.0,0.0,0.0,0.0,0.0,0.0,0.0,70.24590387883758,12.726928895465008,True,False,True,False,True,16.235088637566488,0,0.9792870380464407,0.9513790472037502,False,False,False,False,0.3428282427972354,0.31745565267600767,False,False,False,False,-123382.0,-144472.628424136,False,False,False,False,11735.900902235326,False,False,False,False
2025-07-30 16:00:00+00:00,186.445,187.01,186.32,186.965,9429.0,,,,,,,,,185.95276113242977,185.0414793836261,,,,,,,,,,,176.6080190157159,,,"rgba(38, 166, 154, 1.0)",0.0,0.0,1.752559325441799,182.1868904258327,2.7263611021913903,0.0,0.0,0.0,0.0,0.0,0.0,0.0,0.0,74.08383397149278,16.434185818923552,True,False,True,False,True,17.800256840347167,0,0.9991182143841277,0.9428492697712874,False,False,False,False,0.34282824378140103,0.33014194822870435,False,False,False,False,-113953.0,-143999.45589042845,False,False,False,False,11700.134996774312,False,False,False,False
2025-07-30 17:00:00+00:00,186.965,187.02,186.62,186.925,12903.0,,,,,,,,,186.12967420926793,185.21292448798167,,,,,,,,,,,176.63451445427802,,,"rgba(38, 166, 154, 1.0)",0.0,0.0,1.8400813901907531,182.24377115335153,2.544033580038108,0.0,0.0,0.0,0.0,0.0,0.0,0.0,0.0,76.35886860239782,18.704072084554994,True,False,True,False,True,17.610297673051022,0,1.0165289256198347,0.9359082475965596,False,False,False,False,0.3428282440128995,0.3364850961208019,False,False,False,False,-126856.0,-143733.66587662336,False,False,False,False,11718.784066591763,False,False,False,False
2025-07-30 18:00:00+00:00,186.935,187.36,186.33,186.34,9985.0,,,,,,,,,186.20173901665592,185.31270851112734,,,,,,,,,,,176.65456800256473,,,"rgba(38, 166, 154, 1.0)",0.0,0.0,1.902979165074201,182.28374861255938,2.131526956198947,0.0,0.0,0.0,0.0,0.0,0.0,0.0,0.0,73.93319228446444,18.704072084554994,True,False,True,False,True,14.865110317874148,0,1.0260170023392483,0.9201232384321335,False,False,False,False,0.3428282440492973,0.33965667008504963,False,False,False,False,-136841.0,-143626.80283977647,False,False,False,False,11691.903693466309,False,False,False,False
2025-07-30 19:00:00+00:00,186.36,186.39,185.51,186.2,40877.0,,,,,,,,,186.14273365847805,185.4699398712556,,,,,,,,,,,176.73061902511802,,,"rgba(38, 166, 154, 1.0)",0.0,0.0,1.9571799509406764,182.40602849695387,1.9384888452503473,0.0,0.0,0.0,0.0,0.0,0.0,0.0,0.0,71.4441381949355,18.704072084554994,True,False,True,False,False,14.219281344958087,0,0.9938054103205273,0.9338486019549903,False,False,False,False,0.2525634155102784,0.296110042797664,False,False,False,False,-177718.0,-144155.34853218304,False,False,False,False,12144.3858067459,False,False,False,False
2025-07-31 14:00:00+00:00,184.58,185.99,183.55,185.215,21656.0,,,,,,,,,185.9510388200479,185.41278502644286,,,,,,,,,,,176.76564252864256,,,"rgba(38, 166, 154, 1.0)",0.0,0.0,1.9867619475014657,182.44090685729105,1.3962886425309404,0.0,0.0,0.0,0.0,0.0,0.0,0.0,0.0,64.67578431069677,22.493733825153527,True,False,True,False,False,9.84185653621461,0,0.970599677652421,0.9380870338464964,False,False,False,False,0.13922004049875625,0.21766504164821013,False,False,False,False,-199374.0,-145011.4516557151,False,False,False,False,12291.852693463017,False,False,False,False
2025-07-31 15:00:00+00:00,185.34,186.5,185.11,186.27,18309.0,,,,,,,,,185.9520863153952,185.4568606356287,,,,,,,,,,,176.7987737083462,,,"rgba(38, 166, 154, 1.0)",0.0,0.0,2.0388821283578666,182.4883137319192,1.8547841562212435,0.0,0.0,0.0,0.0,0.0,0.0,0.0,0.0,63.70500763042605,21.510175257040203,True,False,True,False,False,13.158002487564616,0,0.985364511691885,0.9337551581843198,False,False,False,False,0.23834593876112153,0.22800549020466582,False,False,False,False,-181065.0,-145570.42139748696,False,False,False,False,12385.141798990722,False,False,False,False
2025-07-31 16:00:00+00:00,186.23,187.0,186.0,186.75,14859.0,,,,,,,,,186.00678162963825,185.52597786559414,,,,,,,,,,,176.82730448205845,,,"rgba(38, 166, 154, 1.0)",0.0,0.0,2.1000277411304045,182.53427050371062,2.0074637176079104,0.0,0.0,0.0,0.0,0.0,0.0,0.0,0.0,64.3342926103632,21.510175257040203,True,False,True,False,False,14.585479007952465,0,1.004345912641655,0.9253493233579057,False,False,False,False,0.3074676254372222,0.267736557820944,False,False,False,False,-166206.0,-145890.3528486887,False,False,False,False,12423.496189704045,False,False,False,False
2025-07-31 17:00:00+00:00,186.775,187.305,185.85,185.95,16255.0,,,,,,,,,186.03808484913048,185.57896183448324,,,,,,,,,,,176.85764211817437,,,"rgba(38, 166, 154, 1.0)",0.0,0.0,2.1185557229761716,182.57945866497576,1.5909618512602788,0.0,0.0,0.0,0.0,0.0,0.0,0.0,0.0,61.2971864281657,18.681924183470855,False,False,True,False,False,11.201535228529234,0,1.015587992288626,0.9194712200495736,False,False,False,False,0.31534345800358576,0.29154000791226486,False,False,False,False,-182461.0,-146457.3396262284,False,False,False,False,12482.899349553594,False,False,False,False
2025-07-31 18:00:00+00:00,186.02,187.38,185.875,187.09,19456.0,,,,,,,,,186.10790655772254,185.66316930746632,,,,,,,,,,,176.89526839224678,,,"rgba(38, 166, 154, 1.0)",0.0,0.0,2.1607308093870343,182.92911750095024,1.9256829591975597,0.0,0.0,0.0,0.0,0.0,0.0,0.0,0.0,62.29040815812047,18.681924183470855,False,False,True,False,False,14.523253002128317,0,1.0028455729451682,0.9248659297362379,False,False,False,False,0.320444757873987,0.3059923828931259,False,False,False,False,-163005.0,-146713.89250024038,False,False,False,False,12591.009437157414,False,False,False,False
2025-07-31 19:00:00+00:00,187.085,187.185,184.09,184.92,41969.0,,,,,,,,,185.98838944629503,185.62841916990774,,,,,,,,,,,176.96424732552464,,,"rgba(38, 166, 154, 1.0)",0.0,0.0,2.1530733805390105,182.948873986159,0.9154941172267618,0.0,0.0,0.0,0.0,0.0,0.0,0.0,0.0,56.478532554962754,13.668478054661364,False,True,True,False,False,6.301234511188277,0,0.9778321195045455,0.929721971187072,False,False,False,False,0.22203883350099787,0.2640156081970619,False,False,False,False,-204974.0,-147617.1499808568,False,False,False,False,13046.48215906195,False,False,False,False
2025-08-01 14:00:00+00:00,183.0,183.68,182.295,183.22,22536.0,,,,,,,,,185.74591594713897,185.45969475663088,,,,,,,,,,,176.99070702611243,,,"rgba(239, 83, 80, 1.0)",0.0,0.0,2.136006202120955,183.00177714468788,0.10216396146014718,0.0,0.0,0.0,0.0,0.0,0.0,0.0,0.0,49.45959719960758,7.131407493549624,False,True,False,True,False,0.7404795645299735,0,0.9578072226552354,0.952818914003638,False,False,True,False,-0.026332190840990824,0.11884170867803553,False,False,False,False,-227510.0,-148855.7988183629,False,False,False,False,13193.606466673393,False,False,False,False
2025-08-01 15:00:00+00:00,183.29,184.515,182.95,184.31,14416.0,,,,,,,,,185.65417073253136,185.39768827797147,,,,,,,,,,,177.0098923172293,,,"rgba(239, 83, 80, 1.0)",0.0,0.0,2.12222608988304,183.01435870272692,0.6105104934151875,0.0,0.0,0.0,0.0,0.0,0.0,0.0,0.0,47.61562046828323,5.473349491915826,False,True,False,True,False,3.921218966651047,0,0.9632541885085828,0.9469626888683328,False,False,False,False,0.04251684788527084,0.0806792782816532,False,False,False,False,-213094.0,-149851.73992195417,False,False,False,False,13212.558304399387,False,False,False,False
2025-08-01 16:00:00+00:00,184.34,185.19,183.43,183.7,14168.0,,,,,,,,,185.58115785296437,185.34838214654116,,,,,,,,,,,177.02913704080407,,,"rgba(239, 83, 80, 1.0)",0.0,0.0,2.0948958240249524,183.0254005221244,0.32202053683962456,0.0,0.0,0.0,0.0,0.0,0.0,0.0,0.0,45.265033704649014,3.1625002307016743,False,True,False,True,False,2.0369102124320335,0,0.9646180591062486,0.9494324573064744,False,False,False,False,0.09613127612317438,0.08840527720241378,False,False,False,False,-227262.0,-151051.89899293164,False,False,False,False,13227.371353943581,False,False,False,False
2025-08-01 17:00:00+00:00,183.62,183.62,183.13,183.35,15238.0,,,,,,,,,185.4742119822435,185.27019312895402,,,,,,,,,,,177.0475670394985,,,"rgba(239, 83, 80, 1.0)",0.0,0.0,2.069310989913462,183.01248311635104,0.1631059252544124,0.0,0.0,0.0,0.0,0.0,0.0,0.0,0.0,43.06110919881996,0.8885015159622682,False,True,False,True,False,0.9748713995289151,0,0.9609270844016005,0.9652343349400075,False,False,False,False,0.00946843774348442,0.048936857472949104,False,False,False,False,-242500.0,-152469.69900854508,False,False,False,False,13258.543891091742,False,False,False,False
2025-08-01 18:00:00+00:00,183.345,183.82,182.81,183.37,13500.0,,,,,,,,,185.38637185386452,185.20477668392917,,,,,,,,,,,177.06371998988845,,,"rgba(239, 83, 80, 1.0)",0.0,0.0,2.044641066322826,183.00293001990087,0.17952783309751605,0.0,0.0,0.0,0.0,0.0,0.0,0.0,0.0,41.65355703357224,-0.7362386191489989,False,True,False,True,False,1.0343290316569025,0,0.9556509298998576,0.9635193133047223,False,False,False,False,0.0039258377482408215,0.026431347610594964,False,False,False,False,-229000.0,-153656.21530298624,False,False,False,False,13262.287396656211,False,False,False,False
2025-08-01 19:00:00+00:00,183.34,184.79,183.26,184.57,38918.0,,,,,,,,,185.2615933089819,185.11621770991968,,,,,,,,,,,177.1162469561204,,,"rgba(239, 83, 80, 1.0)",0.0,0.0,2.032829224913224,183.0321076074196,0.7565280810275893,0.0,0.0,0.0,0.0,0.0,0.0,0.0,0.0,44.16623038391073,-0.7362386191489989,False,True,False,True,False,4.501182198153526,0,0.9559311801992156,0.9526109266525822,False,False,False,False,0.06962241681482606,0.04802688221271051,False,False,False,False,-190082.0,-154220.95615100194,False,False,False,False,13660.050382754564,False,False,False,False
2025-08-04 14:00:00+00:00,185.63,186.75,185.57,186.63,13866.0,,,,,,,,186.31666666666666,185.29990967195025,185.15300366782026,,,,,,,,,,,177.14028930291346,,,"rgba(239, 83, 80, 1.0)",0.0,0.0,2.0619886032671535,183.08022250808736,1.7215310920187092,0.0,0.0,0.0,0.0,0.0,0.0,0.0,0.0,50.01391617434267,-7.5692227547761775,False,True,False,False,True,9.850247680825923,0,0.9697745397262976,0.9398444422565732,False,False,False,False,0.2733346254528542,0.16068075383278235,False,False,False,False,-176216.0,-154561.96458276935,False,False,False,False,13663.243400076197,False,False,False,False
2025-08-04 15:00:00+00:00,186.63,186.905,186.26,186.81,17613.0,,,,,,,,186.5078345881381,185.3598105693601,185.20940225664935,,,,,,,,,,,177.1717783764946,,,"rgba(239, 83, 80, 1.0)",0.0,0.0,2.0957313909627526,183.1431446028224,1.749678137661099,0.0,0.0,0.0,0.0,0.0,0.0,0.0,0.0,54.21417847282306,-3.5913095906815116,False,True,True,False,True,10.28803169478757,0,0.9767157462212007,0.9387076260822789,False,False,False,False,0.31585286960417785,0.2382668117184801,False,False,False,False,-158603.0,-154624.6162946644,False,False,False,False,13724.479936509124,False,False,False,False
2025-08-04 16:00:00+00:00,186.8,186.98,186.3,186.465,15345.0,,,,,,,,186.53203058260723,185.40501485562277,185.2527791453463,,,,,,,,,,,177.19882295481654,,,"rgba(239, 83, 80, 1.0)",0.0,0.0,2.1137353789573208,183.19184745888825,1.548515757316018,0.0,0.0,0.0,0.0,0.0,0.0,0.0,0.0,56.00181489964112,-1.81252073001194,False,True,True,False,True,9.181700046399843,0,0.9772583701831971,0.9383837892997731,False,False,False,False,0.32172259768446093,0.27999470470147053,False,False,False,False,-173948.0,-154924.20363893316,False,False,False,False,13749.604278578749,False,False,False,False
2025-08-04 17:00:00+00:00,186.465,186.91,186.29,186.69,19896.0,,,,,,,,186.56124520383696,185.4610861941506,185.3070015547042,,,,,,,,,,,177.23383723136172,,,"rgba(239, 83, 80, 1.0)",0.0,0.0,2.130305169951173,183.2511972394397,1.6142301155092773,0.0,0.0,0.0,0.0,0.0,0.0,0.0,0.0,57.65668806789742,-0.01622389573017813,False,False,True,False,True,9.745011149786794,0,0.9772979761387243,0.9394290682509795,False,False,False,False,0.3176370624701152,0.29881588358579286,False,False,False,False,-154052.0,-154910.68110189543,False,False,False,False,13844.897235500008,False,False,False,False
2025-08-04 18:00:00+00:00,186.69,186.98,186.63,186.9,27750.0,,,,,,,,186.6421486186091,185.54363601533393,185.38662707732286,,,,,,,,,,,177.28330617550904,,,"rgba(239, 83, 80, 1.0)",0.0,0.0,2.15663059482288,183.3327634154332,1.6540786322563434,0.0,0.0,0.0,0.0,0.0,0.0,0.0,0.0,59.213139364469754,1.7820098959863202,False,False,True,False,True,10.272605911341419,0,0.9806479564819722,0.9389592259182606,False,False,False,False,0.33868744768332687,0.31875166563455987,False,False,False,False,-126302.0,-154467.1356584552,False,False,False,False,14060.480224096906,False,False,False,False
2025-08-04 19:00:00+00:00,186.9,188.58,186.895,188.46,56569.0,,,,,,,,187.1425930940574,185.80901631068335,185.6352593243305,,,,,,,,,,,177.3944521899768,,,"rgba(38, 166, 154, 1.0)",0.0,0.0,2.2167782766734883,183.8616096469587,2.0743573687223624,0.0,0.0,0.0,0.0,0.0,0.0,0.0,0.0,63.08213505457373,5.716091992711505,True,False,True,False,True,14.010451862320728,0,0.9834675509237334,0.9247749881572727,False,False,False,False,0.3428282452003694,0.33078995541746464,False,False,False,False,-69733.0,-153153.42812886674,False,False,False,False,14719.52704232796,False,False,False,False
2025-08-05 14:00:00+00:00,188.185,188.185,186.895,186.97,23031.0,,,,,,,,187.17003486145424,185.87449481196126,185.699715536855,,,,,,,,,,,177.43639696034282,,,"rgba(38, 166, 154, 1.0)",0.0,0.0,2.2389713250951058,183.91208129238686,1.3657694823238737,0.0,0.0,0.0,0.0,0.0,0.0,0.0,0.0,61.05772392992661,5.716091992711505,False,False,True,False,True,9.267704057763552,0,0.9811417635251837,0.9269943518648194,False,False,False,False,0.32473525035022305,0.32776260288384385,False,False,False,False,-92764.0,-152217.15792531843,False,False,False,False,14848.38708818334,False,False,False,False
2025-08-05 15:00:00+00:00,186.955,187.62,186.76,187.54,19808.0,,,,,,,,187.18399416987316,185.9249883118794,185.75003994165007,,,,,,,,,,,177.4720337558365,,,"rgba(38, 166, 154, 1.0)",0.0,0.0,2.273584277846765,183.95509973200552,1.5767615491208482,0.0,0.0,0.0,0.0,0.0,0.0,0.0,0.0,60.81773249164448,5.716091992711505,False,False,True,False,True,10.60704121730361,0,0.9800416763139619,0.9328085204908555,False,False,False,False,0.2931614224697479,0.31046201267679585,False,False,False,False,-72956.0,-150988.30276368558,False,False,False,False,14925.280311622359,False,False,False,False
2025-08-05 16:00:00+00:00,187.6,187.885,187.29,187.81,13251.0,,,,,,,,187.21455308849394,185.96500522250722,185.78926671849214,,,,,,,,,,,177.4965858469667,,,"rgba(38, 166, 154, 1.0)",0.0,0.0,2.317547015957754,183.98978147098745,1.648388793283574,0.0,0.0,0.0,0.0,0.0,0.0,0.0,0.0,61.181643345474356,5.716091992711505,True,False,True,False,True,11.235036046457235,0,0.9923398328690811,0.9308263695450337,False,False,False,False,0.32906760418541764,0.3197648084311068,False,False,False,False,-59705.0,-149573.05775959743,False,False,False,False,14899.322477333639,False,False,False,False
2025-08-05 17:00:00+00:00,187.81,188.215,187.76,188.12,6228.0,,,,,,,,187.23840505193954,185.98714714758626,185.81068694576305,,,,,,,,,,,177.50850310162014,,,"rgba(38, 166, 154, 1.0)",0.0,0.0,2.358344133933291,184.00866662837976,1.7433135870477428,0.0,0.0,0.0,0.0,0.0,0.0,0.0,0.0,62.04249965103723,6.091984355627027,True,False,True,False,True,11.955376157950077,0,0.9967860636266247,0.9275234058409811,False,False,False,False,0.34282824547834895,0.3312965269547279,False,False,False,False,-53477.0,-148083.1963989835,False,False,False,False,14764.883369157922,False,False,False,False
2025-08-05 18:00:00+00:00,188.1,188.295,187.72,188.165,10759.0,,,,,,,,187.277846859067,186.02481520234932,185.84720234107488,,,,,,,,,,,177.5290822724117,,,"rgba(38, 166, 154, 1.0)",0.0,0.0,2.3910077938546683,184.04087643419763,1.724847395479899,0.0,0.0,0.0,0.0,0.0,0.0,0.0,0.0,62.711693923519206,7.2313170324222185,True,False,True,False,True,12.060694053856242,0,0.9981846110878372,0.9228692454498918,False,False,False,False,0.3428282454998645,0.33706238622729623,False,False,False,False,-42718.0,-146449.62746256517,False,False,False,False,14702.776650256248,False,False,False,False
2025-08-05 19:00:00+00:00,188.155,188.355,187.38,187.39,47067.0,,,,,,,,187.352562851162,186.14879353516008,185.97061244941727,,,,,,,,,,,177.61519839859716,,,"rgba(38, 166, 154, 1.0)",0.0,0.0,2.40018274079135,184.15414011384118,1.348172300035759,0.0,0.0,0.0,0.0,0.0,0.0,0.0,0.0,60.32709931912395,7.2313170324222185,True,False,True,False,False,9.577714327481328,0,0.9950338809987935,0.9243479068040482,False,False,False,False,0.3303970651759352,0.33372972570161574,False,False,False,False,-89785.0,-145571.1061065564,False,False,False,False,15204.547554903436,False,False,False,False
2025-08-06 14:00:00+00:00,187.675,188.1,186.84,188.1,15559.0,,,,,,,,187.37033002373792,186.1851834512521,186.00727837287636,,,,,,,,,,,177.64326734935088,,,"rgba(38, 166, 154, 1.0)",0.0,0.0,2.4214566385247807,184.18898060980268,1.6151515282057718,0.0,0.0,0.0,0.0,0.0,0.0,0.0,0.0,60.51833260144831,7.2313170324222185,True,False,True,False,False,11.27666250832095,0,0.9928426302179537,0.9251477650535658,False,False,False,False,0.2956182537262949,0.3146739897139553,False,False,False,False,-74226.0,-144464.98043048574,False,False,False,False,15210.042941649119,False,False,False,False
2025-08-06 15:00:00+00:00,188.09,188.49,187.82,188.435,14583.0,,,,,,,,187.41282209131887,186.23013820759203,186.0514451030448,,,,,,,,,,,177.6709154827475,,,"rgba(38, 166, 154, 1.0)",0.0,0.0,2.4437976059285687,184.229053565982,1.7210698724863744,0.0,0.0,0.0,0.0,0.0,0.0,0.0,0.0,61.42763160998184,7.2313170324222185,True,False,True,False,False,12.063557878977683,0,1.0012540640966097,0.927217835578264,False,False,False,False,0.34282824565539866,0.328751117684677,False,False,False,False,-59643.0,-143149.91096644718,False,False,False,False,15200.32134565456,False,False,False,False
2025-08-06 16:00:00+00:00,188.44,188.51,188.15,188.28,5915.0,,,,,,,,187.43015877923878,186.24838814045313,186.06938268567626,,,,,,,,,,,177.68215743194312,,,"rgba(38, 166, 154, 1.0)",0.0,0.0,2.454860204090057,184.24532409297007,1.6435460969662299,0.0,0.0,0.0,0.0,0.0,0.0,0.0,0.0,61.39548765601277,7.297351189097505,True,False,True,False,False,11.558906974767496,0,1.0117774532435109,0.925613605313988,False,False,False,False,0.3428282458330348,0.33578968175885593,False,False,False,False,-65558.0,-141946.9356026263,False,False,False,False,15056.362875179295,False,False,False,False
2025-08-06 17:00:00+00:00,188.295,188.41,187.96,188.105,9641.0,,,,,,,,187.4523132500844,186.27527636420095,186.09603964567816,,,,,,,,,,,177.70016372551382,,,"rgba(38, 166, 154, 1.0)",0.0,0.0,2.4728803226386704,184.26995925208,1.5508396070812764,0.0,0.0,0.0,0.0,0.0,0.0,0.0,0.0,60.61692815019792,7.297351189097505,True,False,True,False,False,10.984716237628529,0,1.0110463186839238,0.9195467690703087,False,False,False,False,0.33043408632524535,0.3331118840420506,False,False,False,False,-75199.0,-140912.0838878569,False,False,False,False,14972.403760835428,False,False,False,False
2025-08-06 18:00:00+00:00,188.09,188.235,187.985,187.99,7300.0,,,,,,,,187.4662224960747,186.29420566842018,186.11493023373697,,,,,,,,,,,177.7136418475105,,,"rgba(38, 166, 154, 1.0)",0.0,0.0,2.493508460271366,184.28768549847888,1.4847812070861033,0.0,0.0,0.0,0.0,0.0,0.0,0.0,0.0,59.57324697610543,7.297351189097505,False,False,True,False,False,10.603938210600056,0,1.0081932072595627,0.9204496737007584,False,False,False,False,0.32406176907827106,0.3285868265601608,False,False,False,False,-82499.0,-140006.45468029322,False,False,False,False,14853.451764543406,False,False,False,False
2025-08-06 19:00:00+00:00,187.99,188.28,187.865,188.03,19496.0,,,,,,,,187.49981157210595,186.34253664276355,186.16336222232167,,,,,,,,,,,177.74942616746551,,,"rgba(38, 166, 154, 1.0)",0.0,0.0,2.5096880338062855,184.33365413359144,1.4728308126817455,0.0,0.0,0.0,0.0,0.0,0.0,0.0,0.0,59.02371529234604,7.297351189097505,False,False,True,False,False,10.704994635281224,0,1.0103038687210801,0.9148976768592292,False,False,False,False,0.3208851518599156,0.3247359892100382,False,False,False,False,-63003.0,-138812.60266974603,False,False,False,False,14925.429256565989,False,False,False,False
2025-08-07 14:00:00+00:00,188.21,188.72,188.0,188.23,11133.0,,,,,,,,187.5254423259397,186.37294523094005,186.19357597359004,,,,,,,,,,,177.77025891143884,,,"rgba(38, 166, 154, 1.0)",0.0,0.0,2.52259841547742,184.36179153127418,1.5334222224958167,0.0,0.0,0.0,0.0,0.0,0.0,0.0,0.0,59.42688582505734,7.297351189097505,False,False,True,False,False,11.215690577551538,1,1.01446448113432,0.906932483227864,False,False,False,False,0.3428282458627658,0.33378211753640197,False,False,False,False,-51870.0,-137464.65534153293,False,False,False,False,14866.631903751011,False,False,False,False
2025-08-07 15:00:00+00:00,188.25,188.25,187.51,187.71,9729.0,,,,,,,,187.53339259082472,186.39220955150387,186.21331770769135,,,,,,,,,,,177.78754880054336,,,"rgba(38, 166, 154, 1.0)",0.0,0.0,2.5181464386508394,184.3816367823396,1.3217512558339002,0.0,0.0,0.0,0.0,0.0,0.0,0.0,0.0,56.91904638237649,9.88361670674221,False,False,True,False,False,9.436338720230744,1,1.0108231273141557,0.9109940187980642,False,False,False,False,0.30230217989761377,0.31804214871700787,False,False,False,False,-61599.0,-136288.44363081147,False,False,False,False,14786.978695940918,False,False,False,False
2025-08-07 16:00:00+00:00,187.68,187.905,187.36,187.54,6228.0,,,,,,,,187.53453943222203,186.40240633823058,186.22400054773422,,,,,,,,,,,177.79834192288618,,,"rgba(38, 166, 154, 1.0)",0.0,0.0,2.4993194118651454,184.39297035426526,1.2591546445783122,0.0,0.0,0.0,0.0,0.0,0.0,0.0,0.0,54.40976310630789,7.487606285958478,False,True,True,False,False,8.858981488189855,1,1.0122293599809662,0.9141565548417807,False,False,False,False,0.2817840132332215,0.2999130809751147,False,False,False,False,-67827.0,-135227.0259001012,False,False,False,False,14654.281351817803,False,False,False,False
2025-08-07 17:00:00+00:00,187.57,188.305,187.3,188.29,12572.0,,,,,,,,187.54865683289898,186.42855477393175,186.25062916556666,,,,,,,,,,,177.8208618382766,,,"rgba(38, 166, 154, 1.0)",0.0,0.0,2.486259039000645,184.41950675828588,1.5567538140635035,0.0,0.0,0.0,0.0,0.0,0.0,0.0,0.0,56.004461704302614,7.487606285958478,False,True,True,False,True,10.834155653637108,1,1.0067295388844133,0.9137481635941433,False,False,False,False,0.29585144027478366,0.29788226062494916,False,False,False,False,-55255.0,-133987.14952955698,False,False,False,False,14621.997920006674,False,False,False,False
2025-08-07 18:00:00+00:00,188.235,188.43,188.055,188.26,15307.0,,,,,,,,187.57552264415045,186.46489137855164,186.28715108992597,,,,,,,,,,,177.84890865395883,,,"rgba(38, 166, 154, 1.0)",0.0,0.0,2.459712592161822,184.4547785576381,1.5470187266950237,0.0,0.0,0.0,0.0,0.0,0.0,0.0,0.0,56.897097055720664,7.487606285958478,False,False,True,False,True,10.729659685604343,1,1.0183652107717198,0.9101246550575707,False,False,False,False,0.3328117890481872,0.3153470248365682,False,False,False,False,-70562.0,-133003.81387793593,False,False,False,False,14632.618107293392,False,False,False,False
2025-08-07 19:00:00+00:00,188.255,188.37,187.665,188.035,19111.0,,,,,,,,187.5960085009547,186.50279804837197,186.32589555515338,,,,,,,,,,,177.88296137064964,,,"rgba(38, 166, 154, 1.0)",0.0,0.0,2.4208824465106122,184.494039965333,1.4626732660112551,0.0,0.0,0.0,0.0,0.0,0.0,0.0,0.0,56.162960346867756,7.487606285958478,False,False,True,False,True,9.938292373627117,1,1.0135250976283456,0.9118963710829612,False,False,False,False,0.3138078007096946,0.3145774127731314,False,False,False,False,-89673.0,-132332.01831393692,False,False,False,False,14702.050384699696,False,False,False,False
2025-08-08 14:00:00+00:00,188.065,189.33,188.065,188.58,36117.0,,,,,,,,187.68054294437076,186.5975286072376,186.4202826324199,,,,,,,,,,,177.9506887247105,,188.65833333333333,"rgba(38, 166, 154, 1.0)",0.0,0.0,2.3750112033882282,184.88894282544246,1.5541220055264735,-1.0,189.33,188.065,0.0,0.0,0.0,0.0,0.0,58.033063951090426,4.812910240538336,False,False,True,False,True,11.389611648674332,1,1.011704738531244,0.9041910515386076,False,False,False,False,0.3428282461835783,0.32870282947835483,False,False,False,False,-53556.0,-131110.68469666658,False,False,False,False,15034.065107417531,False,False,False,False
2025-08-08 15:00:00+00:00,188.55,188.62,187.54,187.96,26620.0,,,,,,,,187.7004573383504,186.6427864787139,186.4671935716913,,,,,,,,,,,177.9972133044554,,188.39596769051755,"rgba(38, 166, 154, 1.0)",0.0,0.0,2.318272500676046,184.92338383337008,1.3098616171068758,0.0,0.0,0.0,0.0,-1.0,188.065,187.98,0.0,55.84851110247878,4.812910240538336,False,False,True,False,False,9.209064607149507,1,1.0042863871879417,0.9184644371172878,False,False,False,False,0.2927936732642563,0.3107482513713056,False,False,False,False,-80176.0,-130320.99966260973,False,False,False,False,15213.692004976949,False,False,False,False
2025-08-08 16:00:00+00:00,187.975,187.98,187.02,187.065,7006.0,,,,,,,,187.69549267350425,186.6486194219156,186.47390967555245,,,,,,,,,,,178.00855634310494,,188.29139777468706,"rgba(38, 166, 154, 1.0)",0.0,0.0,2.265487680927841,184.92684269162362,0.9437956014400776,0.0,0.0,0.0,0.0,0.0,0.0,0.0,0.0,50.7373902297536,4.521358191186515,False,True,False,False,False,6.190406521254161,0,1.009842892296044,0.9239541926935463,False,False,False,False,0.2470662583689273,0.2789072548701164,False,False,False,False,-87182.0,-129652.17796241422,False,False,False,False,15086.440966140097,False,False,False,False
2025-08-08 17:00:00+00:00,187.12,187.375,186.925,187.07,9431.0,,,,,,,,187.68463395320475,186.65379591163446,186.48045625841524,,,,,,,,,,,178.02340481847517,,188.15226099056088,"rgba(38, 166, 154, 1.0)",0.0,0.0,2.225685354514575,184.92989262321234,0.9615498311325387,0.0,0.0,0.0,0.0,0.0,0.0,0.0,0.0,47.35648262930053,1.6154204280730013,False,True,False,True,False,6.204464931983882,0,1.0031794239073697,0.9333744602097478,False,False,False,False,0.21996544762128198,0.24943635124569918,False,False,False,False,-77751.0,-128847.50853664035,False,False,False,False,14998.759710851104,False,False,False,False
2025-08-08 18:00:00+00:00,187.06,187.58,187.02,187.46,9373.0,,,,,,,,187.678500719594,186.66129578495855,186.48911452887617,,,,,,,,,,,178.03848589813413,,188.06769179080035,"rgba(38, 166, 154, 1.0)",0.0,0.0,2.174740328291832,184.93709281028396,1.1600958316240402,0.0,0.0,0.0,0.0,0.0,0.0,0.0,0.0,47.181495576183806,1.5915552642143709,False,True,False,True,False,7.305270504948613,0,1.0016129797428721,0.9318753261539929,False,False,False,False,0.23153896557366666,0.24048765840968292,False,False,False,False,-68378.0,-127909.99677638237,False,False,False,False,14911.538630062714,False,False,False,False
2025-08-08 19:00:00+00:00,187.46,187.475,186.385,186.42,57356.0,,,,,,,,187.585037413216,186.66737268759542,186.50461596866373,,,,,,,,,,,178.1239082655877,,187.5536244285587,"rgba(239, 83, 80, 1.0)",0.0,0.0,2.1041142665858756,184.95595271542626,0.6958021756818743,0.0,0.0,0.0,0.0,0.0,0.0,0.0,0.0,43.32576030063187,-1.9582908621784156,False,True,False,True,False,3.8711828414511196,0,0.991265344664778,0.9380547686496703,False,False,False,False,0.20309436442146223,0.22179101141557256,False,False,False,False,-125734.0,-127876.2603922524,False,False,False,False,15569.592294712904,False,False,False,False
2025-08-11 14:00:00+00:00,186.89,187.04,186.25,186.76,11341.0,,,,,,,,187.56725270332865,186.66756464926803,186.50661555000238,,,,,,,,,,,178.14045287580433,,187.49085592031068,"rgba(239, 83, 80, 1.0)",0.0,0.0,2.0295826757836712,184.96090504408807,0.8864359049661534,0.0,0.0,0.0,0.0,0.0,0.0,0.0,0.0,42.492860523104554,-2.700769559978731,False,True,False,True,False,4.847622980615242,0,0.9912089989602044,0.9438510256167889,False,False,False,False,0.18140555324079013,0.20159828232818133,False,False,False,False,-114393.0,-127667.2175954733,False,False,False,False,15504.032724252238,False,False,False,False
2025-08-11 15:00:00+00:00,186.75,187.08,186.43,186.575,9301.0,,,,,,,,187.55336806423162,186.667832621684,186.50832843726684,,,,,,,,,,,178.15399227378475,,187.44640993925566,"rgba(239, 83, 80, 1.0)",0.0,0.0,1.9551975039066125,184.965361561818,0.8232612996721874,0.0,0.0,0.0,0.0,0.0,0.0,0.0,0.0,41.29498853171204,-3.9132396578833806,False,True,False,True,False,4.243631044737697,0,0.995079718029995,0.9398684770781102,False,False,False,False,0.1897556041341117,0.1956769432311465,False,False,False,False,-123694.0,-127605.61732267526,False,False,False,False,15407.861674263831,False,False,False,False
2025-08-11 16:00:00+00:00,186.565,186.97,186.39,186.425,3214.0,,,,,,,,187.54812532197704,186.6675876260211,186.50859990248287,,,,,,,,,,,178.15860625052085,,187.43029043133697,"rgba(239, 83, 80, 1.0)",0.0,0.0,1.8737864469175824,184.9666436733782,0.7782937746298876,0.0,0.0,0.0,0.0,0.0,0.0,0.0,0.0,39.96098613165596,-5.314855478517806,False,True,False,True,False,3.750777986072034,0,0.9970659221049643,0.9371539444418163,False,False,False,False,0.1840596207773855,0.189868282004266,False,False,False,False,-126908.0,-127594.80155023068,False,False,False,False,15218.809555282996,False,False,False,False
2025-08-11 17:00:00+00:00,186.425,186.49,186.02,186.17,4221.0,,,,,,,,187.5386990447896,186.66564831130003,186.5074449329445,,,,,,,,,,,178.1643939778904,,187.40108882247003,"rgba(239, 83, 80, 1.0)",0.0,0.0,1.8281187790386162,184.96689554448545,0.6581106596078135,0.0,0.0,0.0,0.0,0.0,0.0,0.0,0.0,38.16179578478193,-7.16636571546762,False,True,False,True,False,2.910214855745277,0,0.9957803906694482,0.9398824198748349,False,False,False,False,0.15199329156106486,0.17093078678266543,False,False,False,False,-131129.0,-127649.5953246457,False,False,False,False,15048.300880007291,False,False,False,False
2025-08-11 18:00:00+00:00,186.17,186.185,185.615,185.91,12417.0,,,,,,,,187.50508785287636,186.65591097452253,186.5002514315872,,,,,,,,,,,178.180690922091,,187.30131452401776,"rgba(239, 83, 80, 1.0)",0.0,0.0,1.7992365297796347,184.96434635830025,0.5255860616700408,0.0,0.0,0.0,0.0,0.0,0.0,0.0,0.0,36.069984120482516,-9.269354482975615,False,True,False,True,False,2.0545165433829524,0,0.9977697636898547,0.9369365094429162,False,False,False,False,0.12544692684005782,0.14818885681136162,False,False,False,False,-143546.0,-127896.0512110853,False,False,False,False,15007.505517526559,False,False,False,False
2025-08-11 19:00:00+00:00,185.9,186.38,185.815,185.94,22329.0,,,,,,,,187.4530476511999,186.6421935234525,186.49070753502065,,,,,,,,,,,178.21035947761004,,187.16691705074277,"rgba(239, 83, 80, 1.0)",0.0,0.0,1.7772179696691923,184.96426123063358,0.5490259416789701,0.0,0.0,0.0,0.0,0.0,0.0,0.0,0.0,34.901443395737054,-10.514620937161695,False,True,False,True,False,2.1487239974842716,0,0.9978244419220581,0.9338819523269021,False,False,False,False,0.14019161468406757,0.1441902357477146,False,False,False,False,-121217.0,-127792.50002951808,False,False,False,False,15121.017059890488,False,False,False,False
2025-08-12 14:00:00+00:00,184.4,184.4,181.58,183.39,14716.0,,,,,,,,187.35367744647138,186.59087924596236,186.44481659253444,,,,,,,,,,,178.22254438784128,,186.90060463863853,"rgba(239, 83, 80, 1.0)",0.0,0.0,1.7850533794738304,184.92828002481363,-0.8617557561595578,0.0,0.0,0.0,0.0,0.0,0.0,0.0,0.0,28.82891492038057,-16.212358458508575,False,True,False,True,False,0.0,0,0.9732798322009938,0.9399480187861938,False,False,False,False,-0.08889975741781564,0.027645239164949487,False,False,False,False,-135933.0,-127918.70933138601,False,False,False,False,15114.73772562862,False,False,False,False
2025-08-12 15:00:00+00:00,183.28,183.575,182.38,182.64,16956.0,,,,,,,,187.23803597176956,186.5293102498357,186.3894734935413,,,,,,,,,,,178.23577317322943,,186.61596120461346,"rgba(239, 83, 80, 1.0)",0.0,0.0,1.8078651687755494,184.886151074265,-1.2424328501147641,0.0,0.0,0.0,0.0,0.0,0.0,0.0,0.0,24.007875332131654,-20.50977694221089,False,True,False,True,False,0.0,0,0.984021063144037,0.9468881928367161,False,False,False,False,-0.0898240204688103,-0.031089390651930407,False,False,False,False,-152889.0,-128305.84562082188,False,False,False,False,15143.284427556859,False,False,False,False
2025-08-12 16:00:00+00:00,182.66,183.38,182.59,183.34,6067.0,,,,,,,,187.20026962120093,186.5091726346874,186.37139577458407,,,,,,,,,,,178.24073100232528,,186.5294941066683,"rgba(239, 83, 80, 1.0)",0.0,0.0,1.8123050376669285,184.87299250085698,-0.8458799534268667,0.0,0.0,0.0,0.0,0.0,0.0,0.0,0.0,24.427990898693018,-20.50977694221089,False,True,False,True,False,0.0,0,0.9827657331438784,0.9590227804006058,False,False,False,False,-0.08926944437205932,-0.06017941751199486,False,False,False,False,-146822.0,-128592.91778173936,False,False,False,False,15002.566839532721,False,False,False,False
2025-08-12 17:00:00+00:00,183.325,183.475,182.6,183.37,39686.0,,,,,,,,186.97182337038362,186.38473566051596,186.25944266672272,,,,,,,,,,,178.27321197219405,,186.06056425337206,"rgba(239, 83, 80, 1.0)",0.0,0.0,1.8277129360432813,184.7956262422718,-0.7800055545692269,0.0,0.0,0.0,0.0,0.0,0.0,0.0,0.0,24.860044979978813,-20.50977694221089,False,True,False,True,False,0.0,0,0.9830601593260688,0.9574672649024821,False,False,False,False,-0.08538892543084045,-0.07278417147141766,False,False,False,False,-107136.0,-128260.25238977441,False,False,False,False,15385.255725741516,False,False,False,False
2025-08-12 18:00:00+00:00,183.37,183.705,182.7,182.89,25797.0,,,,,,,,186.83488526185238,186.30749861446552,186.18964481159628,,,,,,,,,,,178.29388172693135,,185.81559819799025,"rgba(239, 83, 80, 1.0)",0.0,0.0,1.849885367766676,184.74992540115997,-1.0054273813763006,0.0,0.0,0.0,0.0,0.0,0.0,0.0,0.0,24.29961357839273,-20.50977694221089,False,True,False,True,False,0.0,0,0.9835259852553014,0.9527623555110591,False,False,False,False,-0.07320914609322356,-0.07299665878232062,False,False,False,False,-132933.0,-128332.69808915776,False,False,False,False,15546.678117590483,False,False,False,False
2025-08-12 19:00:00+00:00,182.88,183.17,182.64,182.71,33824.0,,,,,,,,186.6579135959472,186.20384217209102,186.0953988968718,,,,,,,,,,,178.31927338660088,,185.52452016550407,"rgba(239, 83, 80, 1.0)",0.0,0.0,1.880899248228186,184.6890624180008,-1.0521894885465362,0.0,0.0,0.0,0.0,0.0,0.0,0.0,0.0,23.616388541340722,-21.328279893737612,False,True,False,True,False,0.0,0,0.983783537557509,0.9596866031977414,False,False,False,False,-0.09518781602230732,-0.08409223740231397,False,False,False,False,-166757.0,-128928.42370017855,False,False,False,False,15830.047449100708,False,False,False,False
2025-08-13 14:00:00+00:00,182.12,182.27,180.29,180.735,37613.0,,,,,,,,186.3968955836377,186.0395829341618,185.94379446456472,,,,,,,,,,,178.33642765534043,,185.09027739304702,"rgba(239, 83, 80, 1.0)",0.0,0.0,1.970707153457371,184.58282917361328,-1.95251190257401,0.0,0.0,0.0,0.0,0.0,0.0,0.0,0.0,20.706437064588087,-24.33189254918651,False,True,False,True,False,0.0,0,0.9621141044542728,0.9649734173256496,False,False,False,False,-0.21746558662305196,-0.15077891201268295,False,False,False,False,-204370.0,-130098.06054203624,False,False,False,False,16167.767643688294,False,False,False,False
2025-08-13 15:00:00+00:00,180.75,180.94,180.58,180.77,12636.0,,,,,,,,186.30942001586016,185.98316477733664,185.8915268238362,,,,,,,,,,,178.34144991510118,,184.95221586313184,"rgba(239, 83, 80, 1.0)",0.0,0.0,2.0527304426723045,184.54636517485739,-1.8396790422911995,0.0,0.0,0.0,0.0,0.0,0.0,0.0,0.0,18.95243146103935,-26.168907562194995,False,True,False,True,False,0.0,0,0.9684827864082013,0.9758248645744735,False,False,False,False,-0.25780899122424206,-0.2042939516184625,False,False,False,False,-191734.0,-131053.65650262483,False,False,False,False,16113.011556189249,False,False,False,False
2025-08-13 16:00:00+00:00,180.745,180.79,180.31,180.67,11221.0,,,,,,,,186.23162887672183,185.93243594912872,185.84444929819747,,,,,,,,,,,178.34557443521365,,184.832020931862,"rgba(239, 83, 80, 1.0)",0.0,0.0,2.1307628968343444,184.51353993858223,-1.8038327700808723,0.0,0.0,0.0,0.0,0.0,0.0,0.0,0.0,17.6768692569135,-27.565186007033127,False,True,False,True,False,0.0,0,0.976286556336431,0.9740648379052376,False,False,False,False,-0.2743300623494288,-0.23931200698394567,False,False,False,False,-202955.0,-132168.40601421203,False,False,False,False,16037.166415783213,False,False,False,False
2025-08-13 17:00:00+00:00,180.67,180.7,180.23,180.445,15430.0,,,,,,,,186.12563306953948,185.86253595669118,185.77947348450203,,,,,,,,,,,178.35089014301323,,184.67235575497472,"rgba(239, 83, 80, 1.0)",0.0,0.0,2.198488092279614,184.3327820777448,-1.7683889630321228,0.0,0.0,0.0,0.0,0.0,0.0,0.0,0.0,16.57623112819709,-28.823336506375888,False,True,False,True,False,0.0,0,0.9795444191343958,0.9715717539863333,False,False,False,False,-0.28105844570257416,-0.2601852263432599,False,False,False,False,-218385.0,-133505.09739383665,False,False,False,False,16027.752982980372,False,False,False,False
2025-08-13 18:00:00+00:00,180.44,180.64,180.34,180.38,11716.0,,,,,,,,186.04764556305946,185.810593750794,185.73112954020579,,,,,,,,,,,178.3548989946335,,184.55856332357246,"rgba(239, 83, 80, 1.0)",0.0,0.0,2.262476801932484,184.2997876742928,-1.7325206035017569,0.0,0.0,0.0,0.0,0.0,0.0,0.0,0.0,15.766401184950713,-29.837008667115576,False,True,False,True,False,0.0,0,0.9781697201713603,0.9685078844225695,False,False,False,False,-0.27907695921689685,-0.26963109278007835,False,False,False,False,-230101.0,-135002.7082869555,False,False,False,False,15960.904099523312,False,False,False,False
2025-08-13 19:00:00+00:00,180.38,181.37,180.29,181.34,71213.0,,,,,,,,185.6583512877273,185.54529850445752,185.48375700631286,,,,,,,,,,,178.3852039363832,,184.05734601988524,"rgba(239, 83, 80, 1.0)",0.0,0.0,2.2970059203671105,184.15823784015475,-1.2269179696778216,0.0,0.0,0.0,0.0,0.0,0.0,0.0,0.0,21.19973710556592,-33.433864009316245,False,True,False,True,True,0.0,0,0.9774938619623527,0.9665817950350103,False,False,False,False,-0.25233283881119906,-0.2609819657956387,False,False,False,False,-158888.0,-135373.02288715774,False,False,False,False,16817.525741391168,False,False,False,False
2025-08-14 14:00:00+00:00,182.57,182.89,182.025,182.025,24281.0,,,,,,,182.3133333333333,185.57264314258907,185.48564797156143,185.4282258155656,,,,,,,,,,,178.40048913322477,,183.97742941195713,"rgba(239, 83, 80, 1.0)",0.0,0.0,2.3107339674812906,184.14095788576748,-0.9157081323705447,0.0,0.0,0.0,0.0,0.0,0.0,0.0,0.0,28.071582494094862,-27.21554613389192,False,True,False,True,True,0.0,0,0.9846327174402878,0.9590806669671031,False,False,False,False,-0.12842861773510372,-0.1947052917653712,False,False,False,False,-134607.0,-135361.14656332583,False,False,False,False,16933.238520594405,False,False,False,False
2025-08-14 15:00:00+00:00,182.075,182.79,181.98,182.555,35474.0,,,,,,,182.38951937076396,185.45966705590638,185.40572385809946,185.3537078835034,,,,,,,,,,,178.42333327304527,,183.88106597435953,"rgba(239, 83, 80, 1.0)",0.0,0.0,2.3149307327219653,184.11405627378264,-0.6734785847995741,0.0,0.0,0.0,0.0,0.0,0.0,0.0,0.0,34.806467701755,-21.360921910265283,False,True,False,True,True,0.0,0,0.9870223503965385,0.9592645998558046,False,False,False,False,-0.13383875056109223,-0.16427202116323172,False,False,False,False,-99133.0,-134799.46987242156,False,False,False,False,17220.69218694178,False,False,False,False
2025-08-14 16:00:00+00:00,182.555,182.995,182.49,182.6,15579.0,,,,,,,182.45269247617279,185.41653989751927,185.37482294140804,185.32489035496621,,,,,,,,,,,178.4339115964389,,183.84925910816185,"rgba(239, 83, 80, 1.0)",0.0,0.0,2.3184845411541835,184.10445480358837,-0.6488957665594047,0.0,0.0,0.0,0.0,0.0,0.0,0.0,0.0,39.47734353299913,-17.473805107446196,False,False,False,True,True,0.0,0,0.9919606160516685,0.9565963596946848,False,False,False,False,-0.10723045200218691,-0.13575123658270932,False,False,False,False,-83554.0,-134004.96646354682,False,False,False,False,17195.23959489617,False,False,False,False
2025-08-14 17:00:00+00:00,182.6,182.725,182.33,182.435,13254.0,,,,,,,182.4592716282115,185.37829675035357,185.3471779639276,185.29904866969903,,,,,,,,,,,178.44245308357628,,183.81908813525664,"rgba(239, 83, 80, 1.0)",0.0,0.0,2.342977196676805,184.09368948288136,-0.7079409416506413,0.0,0.0,0.0,0.0,0.0,0.0,0.0,0.0,41.91598452386533,-15.502588048240824,False,False,False,True,True,0.0,0,0.9949118662547696,0.956887152462294,False,False,False,False,-0.13367201288048483,-0.1347116247315971,False,False,False,False,-96808.0,-133428.26930907322,False,False,False,False,17134.135105052817,False,False,False,False
2025-08-14 18:00:00+00:00,182.425,182.8,182.095,182.33,16753.0,,,,,,,182.45117061099987,185.32992905764138,185.31192601078538,185.2660443332218,,,,,,,,,,,178.45296411904232,,183.78040299788415,"rgba(239, 83, 80, 1.0)",0.0,0.0,2.367671772358866,184.0787041382005,-0.7385754050099098,0.0,0.0,0.0,0.0,0.0,0.0,0.0,0.0,43.09173850129429,-14.446817881933455,False,False,False,True,True,0.0,0,0.9853561227728153,0.9586525819467748,False,False,False,False,-0.13978663810600384,-0.13724913141880046,False,False,False,False,-113561.0,-133120.24962986278,False,False,False,False,17128.22603365665,False,False,False,False
2025-08-14 19:00:00+00:00,182.325,182.86,182.06,182.695,87368.0,,,,,,,182.49068735762214,185.11139725333092,185.1486368448255,185.1127572546384,,,,,,,,,,,178.50866157796588,,183.62500332946686,"rgba(239, 83, 80, 1.0)",0.0,0.0,2.386913269257663,184.0093316365376,-0.5506407180627797,0.0,0.0,0.0,0.0,0.0,0.0,0.0,0.0,45.71936919073288,-11.857197645227423,True,False,False,True,True,0.0,0,0.9813751638714339,0.9619366213100679,False,False,False,False,-0.13883055447792153,-0.138039842948361,False,False,False,False,-26193.0,-131462.4628138959,False,False,False,False,18217.21477732089,False,False,False,False
2025-08-15 14:00:00+00:00,182.17,182.31,180.83,181.24,19089.0,,,,,,,182.39779322750925,185.04999466005842,185.10179212721425,185.06845162995688,,,,,,,,,,,178.51742678404827,,183.5673955706657,"rgba(239, 83, 80, 1.0)",0.0,0.0,2.432884948199261,183.98082497042037,-1.1265740175872387,0.0,0.0,0.0,0.0,0.0,0.0,0.0,0.0,42.16016753331718,-11.857197645227423,False,False,False,True,False,0.0,0,0.962958010163145,0.9666131764286359,False,False,False,False,-0.20764826429693936,-0.17284405362265018,False,False,False,False,-45282.0,-130126.3316074789,False,False,False,False,18230.730827284904,False,False,False,False
2025-08-15 15:00:00+00:00,181.29,181.625,181.05,181.27,11464.0,,,,,,,182.34219423815964,185.01265187972763,185.07312927267614,185.04130788368764,,,,,,,,,,,178.52240763636757,,183.53196852494912,"rgba(239, 83, 80, 1.0)",0.0,0.0,2.4764483195258946,183.9630316492829,-1.0874572378713947,0.0,0.0,0.0,0.0,0.0,0.0,0.0,0.0,39.943223391521954,-11.857197645227423,False,False,False,True,False,0.0,0,0.9671955785344979,0.9728115528614734,False,False,False,False,-0.225923809436739,-0.19938393152969458,False,False,False,False,-33818.0,-128633.17917945597,False,False,False,False,18125.820271823122,False,False,False,False
2025-08-15 16:00:00+00:00,181.33,181.445,180.98,181.005,8064.0,,,,,,,182.3004020732646,184.98562960804279,185.0523166823194,185.0215796278444,,,,,,,,,,,178.52568592881008,,183.5058303129075,"rgba(239, 83, 80, 1.0)",0.0,0.0,2.5282401385551863,183.94981251446887,-1.1647677250119726,0.0,0.0,0.0,0.0,0.0,0.0,0.0,0.0,37.6751149105942,-4.806565664065516,False,False,False,True,False,0.0,0,0.96740198267393,0.974457443958204,False,False,False,False,-0.23581031078880998,-0.21759712115925228,False,False,False,False,-41882.0,-127288.19965729385,False,False,False,False,17969.823058306483,False,False,False,False
2025-08-15 17:00:00+00:00,181.015,181.71,180.96,181.67,13824.0,,,,,,,182.2522599632878,184.9437620096168,185.01987542093678,184.99082952531714,,,,,,,,,,,178.53193585145462,,183.4679137756726,"rgba(239, 83, 80, 1.0)",0.0,0.0,2.5645677331006502,183.93023604232027,-0.8813321688281495,0.0,0.0,0.0,0.0,0.0,0.0,0.0,0.0,39.6971740284212,-4.806565664065516,False,False,False,True,False,0.0,0,0.9695463298849027,0.9731738994133198,False,False,False,False,-0.22612110836664304,-0.22185911476294767,False,False,False,False,-28058.0,-125749.74694942882,False,False,False,False,17905.54673182111,False,False,False,False
2025-08-15 18:00:00+00:00,181.63,181.92,181.6,181.73,9550.0,,,,,,,182.23342767962308,184.91787158045977,184.9996766955325,184.97168547262737,,,,,,,,,,,178.53668558031387,,183.44633537901436,"rgba(239, 83, 80, 1.0)",0.0,0.0,2.595073983913625,183.91878038757707,-0.8434366037904585,0.0,0.0,0.0,0.0,0.0,0.0,0.0,0.0,41.342274954553616,-4.806565664065516,False,False,False,True,True,0.0,0,0.9716752090639326,0.9718100890207724,False,False,False,False,-0.19281481363926248,-0.2073369642011051,False,False,False,False,-18508.0,-124087.08420602682,False,False,False,False,17776.00337163784,False,False,False,False
2025-08-15 19:00:00+00:00,181.73,181.76,180.975,181.18,41473.0,,,,,,,182.1034202813896,184.79500744411848,184.9031528866245,184.87997626584666,,,,,,,,,,,178.55431657489802,,183.33557149520934,"rgba(239, 83, 80, 1.0)",0.0,0.0,2.630317476471306,183.85951822737542,-1.018705251873287,0.0,0.0,0.0,0.0,0.0,0.0,0.0,0.0,40.349914798305264,-4.806565664065516,False,False,False,True,True,0.0,0,0.9662487079232389,0.9729450361781502,False,False,False,False,-0.22355756619188535,-0.2154472651964952,False,False,False,False,-59981.0,-123093.1914276388,False,False,False,False,18143.398668201593,False,False,False,False
2025-08-18 14:00:00+00:00,179.93,180.41,179.76,180.07,13626.0,,,,,,,182.01442346489176,184.74290808334484,184.86210600754603,184.8408537252099,,,,,,,,,,,178.55750239280303,,183.28116823644834,"rgba(239, 83, 80, 1.0)",0.0,0.0,2.6884404401071182,183.8308414950543,-1.398893365442926,0.0,0.0,0.0,0.0,0.0,0.0,0.0,0.0,36.596816174057885,-6.727574710485143,False,False,False,True,False,0.0,0,0.9549525464510085,0.9798155326827971,False,False,False,False,-0.3273315894146714,-0.2713894273055833,False,False,False,False,-73607.0,-122325.96365356688,False,False,False,False,18073.361479547304,False,False,False,False
2025-08-18 15:00:00+00:00,180.07,180.225,179.08,179.1,8124.0,,,,,,,181.94936231414525,184.7083867740933,184.83487615793172,184.8148723442758,,,,,,,,,,,178.5586349378354,,183.2435549176466,"rgba(239, 83, 80, 1.0)",0.0,0.0,2.7727183916298896,183.81109427744025,-1.6990886242403167,0.0,0.0,0.0,0.0,0.0,0.0,0.0,0.0,32.23271508766443,-10.993167681253844,False,True,False,True,False,0.0,0,0.9460719041278292,0.9867731913004889,False,False,False,False,-0.34282825441539394,-0.3071088408604886,False,False,False,False,-81731.0,-121696.58437211624,False,False,False,False,17919.10781319773,False,False,False,False
2025-08-18 16:00:00+00:00,179.12,179.175,178.63,178.86,15613.0,,,,,,,181.80607389707058,184.63609070587228,184.77773614837974,184.76029855898855,,,,,,,,,,,178.5594209231101,,183.16252157673102,"rgba(239, 83, 80, 1.0)",0.0,0.0,2.8588440302318965,183.76857391992573,-1.7169785647689053,0.0,0.0,0.0,0.0,0.0,0.0,0.0,0.0,28.92578950788984,-14.177320198294403,False,True,False,True,False,0.0,0,0.9494750949296399,0.9953540317176688,False,False,False,False,-0.34282825441539394,-0.32496854763794125,False,False,False,False,-97344.0,-121319.02492448653,False,False,False,False,17883.35420369079,False,False,False,False
2025-08-18 17:00:00+00:00,178.86,178.95,178.44,178.835,10570.0,,,,,,,181.7119436452721,184.58693423113658,184.73872375734527,184.72301045312918,,,,,,,,,,,178.55971458205855,,183.10752798905975,"rgba(239, 83, 80, 1.0)",0.0,0.0,2.9437869402443027,183.73948932230942,-1.666047652858463,0.0,0.0,0.0,0.0,0.0,0.0,0.0,0.0,26.677212522864735,-16.398340336419842,False,True,False,True,False,0.0,0,0.9456044448427274,0.9976252352361331,False,False,False,False,-0.34282825441539394,-0.33389840102666757,False,False,False,False,-107914.0,-121111.19508069604,False,False,False,False,17769.96886719946,False,False,False,False
2025-08-18 18:00:00+00:00,178.78,178.845,178.345,178.44,14954.0,,,,,,,181.57997851798214,184.51646110316602,184.6825871302735,184.6693158443567,,,,,,,,,,,178.55967732347622,,183.028591889384,"rgba(239, 83, 80, 1.0)",0.0,0.0,3.030002003984075,183.6974631539584,-1.7351352068564652,0.0,0.0,0.0,0.0,0.0,0.0,0.0,0.0,24.475242826514165,-18.639454566748192,False,True,False,True,False,0.0,0,0.946901067360301,0.9941698807067908,False,False,False,False,-0.34282825441539394,-0.3383633277210307,False,False,False,False,-122868.0,-121138.43236626664,False,False,False,False,17726.310435149855,False,False,False,False
2025-08-18 19:00:00+00:00,178.445,178.94,177.99,177.99,43884.0,,,,,,,181.22348725050296,184.31099461133283,184.51743958775026,184.5111121215384,,,,,,,,,,,178.55799976435156,,182.80051626685156,"rgba(239, 83, 80, 1.0)",0.0,0.0,3.118874525579648,183.57374649003754,-1.7903081525858364,0.0,0.0,0.0,0.0,0.0,0.0,0.0,0.0,22.280571170982935,-20.91512366274158,False,True,False,True,False,0.0,0,0.9448808354904933,0.9907614031955734,False,False,False,False,-0.34282825441539394,-0.34059579106821236,False,False,False,False,-166752.0,-121845.61946136327,False,False,False,False,18131.856009798696,False,False,False,False
2025-08-19 14:00:00+00:00,177.985,178.46,177.79,177.825,17422.0,,,,,,,181.09092647042496,184.22949379857766,184.45135717554592,184.44771216160822,,,,,,,,,,,178.55660044718454,,182.71066528468796,"rgba(239, 83, 80, 1.0)",0.0,0.0,3.211770114792409,183.52410729061404,-1.7744443365873994,0.0,0.0,0.0,0.0,0.0,0.0,0.0,0.0,20.56171367451288,-22.78610597811143,False,True,False,True,False,0.0,0,0.9453880789978151,0.9940261245597619,False,False,False,False,-0.34282825441539394,-0.3417120227418031,False,False,False,False,-184174.0,-122811.95094258244,False,False,False,False,18120.85049026693,False,False,False,False
2025-08-19 15:00:00+00:00,177.72,178.33,177.615,177.75,12331.0,,,,,,,180.99994394460788,184.17192272683135,184.40448635760654,184.40271235365805,,,,,,,,,,,178.55537953243373,,182.64742219422826,"rgba(239, 83, 80, 1.0)",0.0,0.0,3.2905449903225317,183.48885790276455,-1.744044807058554,0.0,0.0,0.0,0.0,0.0,0.0,0.0,0.0,19.29332503259088,-24.29110285383213,False,True,False,True,False,0.0,0,0.9444172270966015,0.995189952344899,False,False,False,False,-0.34282825441539394,-0.34227013857859856,False,False,False,False,-196505.0,-123954.4788349455,True,False,False,False,18031.085366386822,True,False,False,False
2025-08-19 16:00:00+00:00,177.76,178.05,177.59,177.85,9155.0,,,,,,,180.93426395037253,184.12939424948053,184.36975813775564,184.36935393588564,,,,,,,,,,,178.55438203702562,,182.60087265542458,"rgba(239, 83, 80, 1.0)",0.0,0.0,3.3752451722765797,183.20930420580186,-1.5878266414012967,0.0,0.0,0.0,0.0,0.0,0.0,0.0,0.0,19.31301071480375,-24.677500757572215,False,True,False,True,False,0.0,0,0.9414922168545353,1.0058149937377,True,False,False,False,-0.34282825441539394,-0.3425491964969962,False,False,False,False,-187350.0,-124937.35513207814,False,False,False,False,17893.47163977617,False,False,False,False
2025-08-19 17:00:00+00:00,177.81,178.32,177.77,178.27,9398.0,,,,,,,180.87565242105262,184.08830887302656,184.3360517349821,184.33696354197693,,,,,,,,,,,178.55376971212007,,182.55686241640547,"rgba(239, 83, 80, 1.0)",0.0,0.0,3.4441946024379697,183.19222388308123,-1.429136402338307,0.0,0.0,0.0,0.0,0.0,0.0,0.0,0.0,22.77841300999268,-24.677500757572215,False,True,False,True,True,0.0,0,0.9390576759586556,1.0074723701284185,False,False,False,False,-0.32758371153832483,-0.33506645401766055,False,False,False,False,-177952.0,-125759.28761065057,False,False,False,False,17761.758901174988,False,False,False,False
2025-08-19 18:00:00+00:00,178.23,178.44,178.11,178.2,15065.0,,,,,,,180.7908268123479,184.02501763604337,184.28388663584087,184.28680762905017,,,,,,,,,,,178.553084842378,,182.49010471069514,"rgba(239, 83, 80, 1.0)",0.0,0.0,3.5137537652097808,183.1608192509239,-1.4118289391936787,0.0,0.0,0.0,0.0,0.0,0.0,0.0,0.0,24.85583276012244,-24.677500757572215,False,True,False,True,True,0.0,0,0.9397509406916321,1.0075255330585926,False,False,False,False,-0.31215086556757515,-0.3236086597926179,False,False,False,False,-193017.0,-126802.0428414932,False,False,False,False,17719.948685652893,False,False,False,False
2025-08-19 19:00:00+00:00,178.19,178.465,177.92,178.04,27490.0,,,,,,,180.64334873414947,183.9108929248082,184.18929878324892,184.19577909994538,,,,,,,,,,,178.5513991840696,,182.3704951007565,"rgba(239, 83, 80, 1.0)",0.0,0.0,3.583531808876352,183.0936773146462,-1.4102504412346264,0.0,0.0,0.0,0.0,0.0,0.0,0.0,0.0,25.68943920805242,-29.815643328848232,False,True,False,True,True,0.0,0,0.9399481309246999,1.004516186728672,False,False,False,False,-0.31766966159318255,-0.3206391606929002,False,False,False,False,-220507.0,-128254.83287495842,False,False,False,False,17871.422349441218,False,False,False,False
2025-08-20 14:00:00+00:00,178.62,180.1,178.56,179.905,15947.0,,,,,,179.52166666666665,180.60825821183636,183.8620515999004,184.14797040180872,184.15595618083304,,,,,,,,,,,178.55369983538094,,182.3257517779531,"rgba(239, 83, 80, 1.0)",0.0,0.0,3.614823282037969,183.08061141763827,-0.8784970024448652,0.0,0.0,0.0,0.0,0.0,0.0,0.0,0.0,36.60413809623407,-19.62770163019889,True,False,False,True,True,0.0,0,0.9461653869914389,0.9847321507369172,False,False,False,False,-0.24305546921447302,-0.28184731495368665,False,False,False,False,-204560.0,-129437.85872185828,False,False,False,False,17841.586344023523,False,False,False,False
2025-08-20 15:00:00+00:00,179.9,180.49,179.9,180.43,19791.0,,,,,,179.93792485123208,180.59574081802612,183.81316711072074,184.1058565162257,184.11533243740917,,,,,,,,,,,178.5587453775257,,182.2865114273956,"rgba(38, 166, 154, 1.0)",0.0,0.0,3.6378758441789976,183.07335399331947,-0.7266201779670747,0.0,0.0,0.0,0.0,0.0,0.0,0.0,0.0,45.533772099868045,-11.806882039171668,True,False,False,False,True,0.0,0,0.9604130808950082,0.9791694249525583,False,False,False,False,-0.18808205113353724,-0.23496468304361195,False,False,False,False,-184769.0,-130295.70587345738,False,False,False,False,17871.80981155804,False,False,False,False
2025-08-20 16:00:00+00:00,180.425,181.15,180.38,181.07,12258.0,,,,,,180.17512205878265,180.6018703915275,183.78851572309443,184.0841960062299,184.0944151052613,,,,,,,,,,,178.56293192761066,,182.26989463930752,"rgba(38, 166, 154, 1.0)",0.0,0.0,3.6526828508662517,183.0725060411468,-0.5482288287558,0.0,0.0,0.0,0.0,0.0,0.0,0.0,0.0,53.20277382254337,-5.320795547270606,True,False,True,False,True,0.0,0,0.9719118491365979,0.9689970410281331,False,False,False,False,-0.15248090602036365,-0.19372279453198782,False,False,False,False,-172511.0,-130950.20655758982,False,False,False,False,17784.774000526133,False,False,False,False
2025-08-20 17:00:00+00:00,181.07,181.49,180.915,181.21,11469.0,,,,,,180.3737543653129,180.61437295533827,183.7684495034181,184.06629404133423,184.0771126131442,,,,,,,,,,,178.5674085324807,,182.2583603951756,"rgba(38, 166, 154, 1.0)",0.0,0.0,3.6523165510662676,183.07316185784583,-0.5101315375585086,0.0,0.0,0.0,0.0,0.0,0.0,0.0,0.0,58.66619751969329,-0.8198371927386532,True,False,True,False,True,0.0,0,0.9757016804859658,0.9690506806189874,False,False,False,False,-0.12541790584957735,-0.15957035019078258,False,False,False,False,-161042.0,-131416.74599080547,False,False,False,False,17686.855023773787,False,False,False,False
2025-08-20 18:00:00+00:00,181.21,181.21,180.64,181.045,14352.0,,,,,,180.48870833728452,180.62323836109243,183.741463824688,184.04235023072465,184.0539654038541,,,,,,,,,,,178.57248132347897,,182.24106454110654,"rgba(38, 166, 154, 1.0)",0.0,0.0,3.650175772640899,183.06872869688715,-0.5544195192066039,0.0,0.0,0.0,0.0,0.0,0.0,0.0,0.0,61.323368303461315,1.3350800818743451,True,False,True,False,True,0.0,0,0.9735187317332383,0.9660348950491552,False,False,False,False,-0.14255990928317339,-0.151065129736978,False,False,False,False,-175394.0,-132098.5638824209,False,False,False,False,17635.151845110628,False,False,False,False
2025-08-20 19:00:00+00:00,181.045,181.72,181.03,181.305,26463.0,,,,,,180.71643536431324,180.65568556688018,183.69978766143655,184.00458425290486,184.01740694995226,,,,,,,,,,,178.58328135374978,181.3516666666667,182.21966194440958,"rgba(38, 166, 154, 1.0)",0.0,0.0,3.6476787781371174,182.9878526053065,-0.46134890368990555,-1.0,181.72,181.03,0.0,0.0,0.0,0.0,0.0,63.873381823953615,3.708181533321678,True,False,True,False,True,0.0,0,0.980239600371336,0.9591087927147351,False,False,False,False,-0.11479953189465457,-0.1329323308158163,False,False,False,False,-148931.0,-132359.5318842438,False,False,False,False,17772.01770797713,False,False,False,False
2025-08-21 14:00:00+00:00,180.19,180.55,179.54,179.875,8994.0,,,,,,180.65650757118192,180.64573303000105,183.67791920553108,183.9855162182093,183.99896609018026,,,,,,,,,,179.98833333333334,178.58513463120548,181.0058444030798,182.20156062615,"rgba(38, 166, 154, 1.0)",0.0,0.0,3.657562389164957,182.9592432261247,-0.8432510229384902,0.0,0.0,0.0,0.0,0.0,0.0,0.0,0.0,58.62421085580634,3.708181533321678,True,False,True,False,False,0.0,0,0.9697473113578731,0.9628399055696434,False,False,False,False,-0.19752601101056438,-0.16522917091319034,False,False,False,False,-157925.0,-132755.8957309997,False,False,False,False,17635.924410179035,False,False,False,False
2025-08-21 15:00:00+00:00,179.905,180.09,179.225,179.24,12741.0,,,,,,180.5376576104031,180.6224077084213,183.64348700626778,183.95567212986674,183.97010191343338,,,,,,,,,,179.71282056590752,178.58687508331516,180.61262521266443,182.1710751983421,"rgba(38, 166, 154, 1.0)",0.0,0.0,3.671911268040639,182.919327591235,-1.0020197446651025,0.0,0.0,0.0,0.0,0.0,0.0,0.0,0.0,53.02027228749722,13.709710918339951,True,False,False,False,False,0.0,0,0.9643154253688861,0.9741669950523238,False,False,False,False,-0.22208917215472865,-0.1936591715339595,False,False,False,False,-170666.0,-133343.64928555785,False,False,False,False,17560.03410924603,False,False,False,False
2025-08-21 16:00:00+00:00,179.175,179.265,178.92,179.07,4169.0,,,,,,180.4896631770536,180.61206969801074,183.6311732930658,183.94504799630408,183.95982630961544,,,,,,,,,,179.6117788758493,178.5871788846268,180.4910091278859,182.1596448840164,"rgba(239, 83, 80, 1.0)",0.0,0.0,3.66150625235565,182.90541609910335,-1.047496804528415,0.0,0.0,0.0,0.0,0.0,0.0,0.0,0.0,48.75456169165024,9.630325376576806,True,False,False,True,False,0.0,0,0.9574843433006964,0.9862838493428608,False,False,False,False,-0.25839121155967043,-0.22602519154681497,False,False,False,False,-174835.0,-133986.92604082052,False,False,False,False,17352.421177319735,False,False,False,False
2025-08-21 17:00:00+00:00,179.135,179.24,178.695,179.185,5252.0,,,,,,180.4317366500299,180.5988643738974,183.615602546775,183.93160645849693,183.94682380523213,,,,,,,,,,179.51539350365903,178.58752653069362,180.3587489369826,182.1451562331431,"rgba(239, 83, 80, 1.0)",0.0,0.0,3.669322613432204,182.88886252575173,-1.0094131576746856,0.0,0.0,0.0,0.0,0.0,0.0,0.0,0.0,46.470921656190555,7.259266831879685,True,False,False,True,False,0.0,0,0.9547667522351061,0.9851730547933089,False,False,False,False,-0.2665102369062186,-0.24626771422651678,False,False,False,False,-169583.0,-134538.80315646672,False,False,False,False,17164.817748214,False,False,False,False
2025-08-21 18:00:00+00:00,179.185,179.755,179.165,179.72,5611.0,,,,,,180.3954999744613,180.5895057900532,183.6009128978709,183.9188063022287,183.93443479934984,,,,,,,,,,179.52016609096927,178.58831258436157,180.2866851441826,182.13232673209248,"rgba(239, 83, 80, 1.0)",0.0,0.0,3.6582410052176404,182.87672092728633,-0.8629067693418756,0.0,0.0,0.0,0.0,0.0,0.0,0.0,0.0,47.432357326983265,7.259266831879685,True,False,False,True,False,0.0,0,0.9577845771806122,0.9805330140570274,False,False,False,False,-0.23470884239952408,-0.24048827831302044,False,False,False,False,-163972.0,-134995.1317896998,False,False,False,False,16985.68879087735,False,False,False,False
2025-08-21 19:00:00+00:00,179.74,179.74,178.985,179.21,22904.0,,,,,,180.24030170698109,180.54473736378708,183.53862133513067,183.86455505742757,183.88190829481158,,,,,,,,,,179.44013607950262,178.5907243866108,180.02741675761024,182.07660239684586,"rgba(239, 83, 80, 1.0)",0.0,0.0,3.6463509156420395,182.82596465010948,-0.99166666449951,0.0,0.0,0.0,0.0,0.0,0.0,0.0,0.0,46.08397352462812,5.94948233614879,True,False,False,True,False,0.0,0,0.9551256569939487,0.9775628284969753,False,False,False,False,-0.2409657396025038,-0.2407270089577621,False,False,False,False,-186876.0,-135799.48633559595,False,False,False,False,17077.445553809484,False,False,False,False
2025-08-22 14:00:00+00:00,180.14,180.82,179.33,179.8,6848.0,,,,,,180.22975176709693,180.53891769754142,183.52325063038126,183.85093832632825,183.8687086639738,,,,,,,,,,179.4960571666241,178.59211126899697,180.02417007234376,182.06431064149672,"rgba(239, 83, 80, 1.0)",0.0,0.0,3.6173604395405645,182.81774654240897,-0.8342399362315791,0.0,0.0,0.0,0.0,0.0,0.0,0.0,0.0,47.75102026949752,5.94948233614879,True,False,False,True,False,0.0,0,0.9592649310872889,0.9675782104572312,False,False,False,False,-0.19563448636213654,-0.21818074765994933,False,False,False,False,-180028.0,-136485.19972574175,False,False,False,False,16918.849498711665,False,False,False,False
2025-08-22 15:00:00+00:00,179.82,180.705,179.67,180.53,8048.0,,,,,,180.23306192461598,180.5360621070452,183.5069647353555,183.83636425511597,183.8545714548827,,,,,,,,,,179.58300642375315,178.59410979519075,180.04627531426308,182.05222997514164,"rgba(239, 83, 80, 1.0)",0.0,0.0,3.576331267281725,182.81106848315946,-0.6378235998515983,0.0,0.0,0.0,0.0,0.0,0.0,0.0,0.0,51.45728619220951,5.94948233614879,True,False,True,False,True,0.0,0,0.9608722144846789,0.9693593314763238,False,False,False,False,-0.1885534489472604,-0.20336709830360486,False,False,False,False,-171980.0,-137035.506706738,False,False,False,False,16781.316948344043,False,False,False,False
2025-08-22 16:00:00+00:00,180.59,181.145,180.505,180.71,6911.0,,,,,,180.25411168513443,180.53862578816975,183.49520681863993,183.82564850258476,183.84416567323456,,,,,,,,,,179.6851014179697,178.59630864061378,180.093679402019,182.04482515411354,"rgba(239, 83, 80, 1.0)",0.0,0.0,3.5451929997404927,182.80887992012396,-0.5920354463854538,0.0,0.0,0.0,0.0,0.0,0.0,0.0,0.0,54.50780021961684,5.94948233614879,True,False,True,False,True,0.0,0,0.9655445893549517,0.9761632005639764,False,False,False,False,-0.1487571435233907,-0.17606212091349777,False,False,False,False,-165069.0,-137470.13450973431,False,False,False,False,16628.288778602277,False,False,False,False
2025-08-22 17:00:00+00:00,180.715,180.93,180.505,180.76,6357.0,,,,,,180.2702497762893,180.54042535536914,183.4842630289997,183.8156808341746,183.83448511249216,,,,,,,,,,179.76084588527735,178.59827664205133,180.12916283166223,182.0377955954744,"rgba(239, 83, 80, 1.0)",0.0,0.0,3.497256968870019,182.8061982170164,-0.585086607941637,0.0,0.0,0.0,0.0,0.0,0.0,0.0,0.0,56.71270178000878,-1.625881764139379,True,False,True,False,True,0.0,0,0.9619788673239307,0.9794420619832888,False,False,False,False,-0.15543185857211447,-0.1657469897428061,False,False,False,False,-158712.0,-137799.4657576454,False,False,False,False,16469.043991337126,False,False,False,False
2025-08-22 18:00:00+00:00,180.935,181.06,180.31,180.405,5711.0,,,,,,180.27972018717816,180.54085093119224,183.4740086959004,183.80637666556336,183.8254494067266,,,,,,,,,,179.8115676423008,178.59992574400016,180.151172509284,182.03087419015472,"rgba(239, 83, 80, 1.0)",0.0,0.0,3.441135919201396,182.80277160244924,-0.6967965400813647,0.0,0.0,0.0,0.0,0.0,0.0,0.0,0.0,56.26065298709891,-1.5923037008117262,True,False,True,False,True,0.0,0,0.9537102473498228,0.9837897526501771,False,False,False,False,-0.1574524767315102,-0.16159973323715815,False,False,False,False,-164423.0,-138212.2337303951,False,False,False,False,16302.252611626473,False,False,False,False
2025-08-22 19:00:00+00:00,180.405,180.615,179.9,180.61,25915.0,,,,,,180.29095694476678,180.5348274556464,183.4249460689203,183.76202216209026,183.78236724929644,,,,,,,,,,179.9337945577776,178.6065644511882,180.1909225807041,181.99567582634964,"rgba(239, 83, 80, 1.0)",0.0,0.0,3.3826918355146818,182.78073484899625,-0.6417181802391266,0.0,0.0,0.0,0.0,0.0,0.0,0.0,0.0,56.818602357273456,-0.4652298121461911,True,False,True,False,True,0.0,0,0.9473986143594717,0.9901593045320158,False,False,False,False,-0.18415692643853288,-0.1728783298378455,False,False,False,False,-138508.0,-138216.81925395486,False,False,False,False,16451.28745485707,False,False,False,False
2025-08-25 14:00:00+00:00,180.995,180.995,179.935,180.48,34660.0,,,,,,180.31535005758622,180.53182437947123,183.36367504923527,183.7060766221625,183.7279614659077,,,,,,,,,,180.05438085443689,178.61583897841598,180.24448670240255,181.95350033670786,"rgba(239, 83, 80, 1.0)",0.0,0.0,3.3251384174946974,182.75342744614005,-0.6837091154397597,0.0,0.0,0.0,0.0,0.0,0.0,0.0,0.0,56.4264839317993,-0.24096710155675538,True,False,True,False,True,0.0,0,0.9470541750812183,0.9866098867328128,False,False,False,False,-0.1711649630365331,-0.1720216464371893,False,False,False,False,-173168.0,-138758.69802521137,False,False,False,False,16733.593075711997,False,False,False,False
2025-08-25 15:00:00+00:00,180.485,180.5,179.945,180.2,18766.0,,,,,,180.30845621908938,180.52407243245733,183.32871854016665,183.67424729320393,183.69699597252117,,,,,,,,,,180.07181524155473,178.62013675669755,180.24171094390098,181.9278635384113,"rgba(239, 83, 80, 1.0)",0.0,0.0,3.2683448548300027,182.73451641939712,-0.7754739882028037,0.0,0.0,0.0,0.0,0.0,0.0,0.0,0.0,54.54245409377043,-0.24096710155675538,True,False,True,False,True,0.0,0,0.9473984381854866,0.9907431780293064,False,False,False,False,-0.18635429744365292,-0.17918797194042113,False,False,False,False,-191934.0,-139583.1213116422,False,False,False,False,16765.103260584678,False,False,False,False
2025-08-25 16:00:00+00:00,180.13,180.67,179.89,180.15,15475.0,,,,,,180.30460735674868,180.51838820818958,183.3006675596956,183.64859495587143,183.67202499137693,,,,,,,,,,180.0853587153106,178.62371140302136,180.2413475774855,181.90754498538357,"rgba(239, 83, 80, 1.0)",0.0,0.0,3.2065714787997983,182.71937987404806,-0.8012857006417825,0.0,0.0,0.0,0.0,0.0,0.0,0.0,0.0,52.99411705189415,-0.24096710155675538,True,False,True,False,False,0.0,0,0.9475354906974688,0.9959439202892165,False,False,False,False,-0.18274526013524145,-0.1809666160378313,False,False,False,False,-207409.0,-140634.6853223144,False,False,False,False,16745.10165964538,False,False,False,False
2025-08-25 17:00:00+00:00,180.135,180.195,179.32,179.505,19354.0,,,,,,180.26493905765005,180.49799013928225,183.2599736719919,183.61183750058726,183.63625868057565,,,,,,,,,,180.0469681279568,178.62660623180648,180.19440336950223,181.87447104767062,"rgba(239, 83, 80, 1.0)",0.0,0.0,3.1409546118779836,182.69252007249625,-1.0148252574049232,0.0,0.0,0.0,0.0,-1.0,179.89,179.83,0.0,48.62844798251423,4.379049291584295,True,False,False,True,False,0.0,0,0.9359465047732165,1.0005719062073826,False,False,False,False,-0.21572614739483972,-0.1983463817163355,False,False,False,False,-226763.0,-141970.00803049558,False,False,False,False,16785.54969592995,False,False,False,False
2025-08-25 18:00:00+00:00,179.53,179.83,179.345,179.505,9509.0,,,,,,180.2438267428859,180.48699637828528,183.2396913761019,183.59351320388177,183.6184234920907,,,,,,,,,,180.0256511527986,178.627869311937,180.1696481840167,181.8577589804221,"rgba(239, 83, 80, 1.0)",0.0,0.0,3.0832680903743737,182.67884922895422,-1.0293782882074496,0.0,0.0,0.0,0.0,0.0,0.0,0.0,0.0,45.718001936260954,1.4985588300670898,False,False,False,True,False,0.0,0,0.9363088164091723,1.0028610414190768,False,False,False,False,-0.22655381161041496,-0.21245009666337522,False,False,False,False,-226763.0,-143284.62806103053,False,False,False,False,16672.734971962043,False,False,False,False
2025-08-25 19:00:00+00:00,179.46,179.565,179.08,179.12,45986.0,,,,,,180.11872822160655,180.42091116914887,183.1367853552683,183.50065698672003,183.52800848727955,,,,,,,,,,179.89100950061612,178.63194669950914,180.02444698753308,181.76993834946197,"rgba(239, 83, 80, 1.0)",0.0,0.0,3.0291926004819434,182.60610759750335,-1.1508372220864103,0.0,0.0,0.0,0.0,0.0,0.0,0.0,0.0,42.02892914702787,-2.0336573817638453,False,False,False,True,False,0.0,0,0.9300563777307959,1.0092054263565895,False,False,False,False,-0.24353800969329376,-0.2279940531783345,False,False,False,False,-272749.0,-145291.82762597577,False,False,False,False,17127.20419720294,False,False,False,False
2025-08-26 14:00:00+00:00,178.4,178.82,178.11,178.3,9244.0,,,,,,180.0763509732115,180.3994593459813,183.11237368274612,183.47884909273643,183.50677881777764,,,,,,,,,178.41,179.84076101252197,178.63165700537257,179.97452042589157,181.74730272374825,"rgba(239, 83, 80, 1.0)",0.0,0.0,2.959755701204846,182.58693727522964,-1.448409162109063,0.0,0.0,0.0,0.0,0.0,0.0,0.0,0.0,36.80222681189475,-6.874797812694609,False,True,False,True,False,0.0,0,0.9214955728938368,1.0145086350486545,False,False,False,False,-0.2995100416843038,-0.26375204743131914,False,False,False,False,-281993.0,-147411.22564727848,False,False,False,False,17004.983977091266,False,False,False,False
2025-08-26 15:00:00+00:00,178.3,178.3,177.78,178.155,7184.0,,,,,,180.0385698705952,180.38037440694464,183.09224964507274,183.46092909114034,183.48933561076055,,,,,,,,,178.26496144793444,179.79548377849062,178.63109629790753,179.9300182401073,181.72819346661106,"rgba(239, 83, 80, 1.0)",0.0,0.0,2.8856233779346687,182.33881302166196,-1.4498818708131094,0.0,0.0,0.0,0.0,0.0,0.0,0.0,0.0,32.918188482106295,-10.376591705831132,False,True,False,True,False,0.0,0,0.922496931439593,1.0157811678064177,False,False,False,False,-0.32792086324438163,-0.2958364553378504,False,False,False,False,-289177.0,-149609.14462949123,False,False,False,False,16852.72065961698,False,False,False,False
2025-08-26 16:00:00+00:00,178.155,178.275,177.945,178.02,2962.0,,,,,,180.02341820739775,180.3726022867176,183.0840019114347,183.45357743731907,183.48217848721626,,,,,,,,,178.23670689358778,179.77750343534998,178.6308661421209,179.91228808057014,181.72037602417828,"rgba(239, 83, 80, 1.0)",0.0,0.0,2.8124304788211267,182.33239363062583,-1.5333334150302005,0.0,0.0,0.0,0.0,0.0,0.0,0.0,0.0,29.947523812543842,-13.073762261462605,False,True,False,True,False,0.0,0,0.9321501283526599,1.0123484110825887,False,False,False,False,-0.3232072464870117,-0.30952185091243106,False,False,False,False,-292139.0,-151818.909829034,False,False,False,False,16637.360649390364,False,False,False,False
2025-08-26 17:00:00+00:00,178.02,178.165,177.855,177.88,3616.0,,,,,,180.00417559084113,180.36271947013637,183.07374261409203,183.4444410335024,183.47328396040118,,,,,,,,,178.1942629458982,179.7546257385131,178.63052767621008,179.88978786618907,181.71058211144646,"rgba(239, 83, 80, 1.0)",0.0,0.0,2.7139794873324887,182.32284258026604,-1.6370214296029255,0.0,0.0,0.0,0.0,0.0,0.0,0.0,0.0,27.56385450434308,-15.32317696296721,False,True,False,True,False,0.0,0,0.9334072759538596,1.008207630878439,False,False,False,False,-0.3299452890549109,-0.319733569983671,False,False,False,False,-295755.0,-154050.47711850636,False,False,False,False,16435.4790889347,False,False,False,False
2025-08-26 18:00:00+00:00,177.88,178.205,177.84,178.05,12077.0,,,,,,179.94440754205405,180.33117219626786,183.04020628629948,183.4145053349471,183.4441323314252,,,,,,,,,178.13829067259547,179.68486846310466,178.6295101758556,179.8206884172884,181.67880035360542,"rgba(239, 83, 80, 1.0)",0.0,0.0,2.6239735410533434,182.29636293810842,-1.6182948767096883,0.0,0.0,0.0,0.0,0.0,0.0,0.0,0.0,27.632130303735167,-15.446669376657958,False,True,False,True,False,0.0,0,0.9335791718500087,1.0069752976719393,False,False,False,False,-0.32910146189986483,-0.32441751594176793,False,False,False,False,-283678.0,-156060.20615542875,False,False,False,False,16367.905769726409,False,False,False,False
2025-08-26 19:00:00+00:00,178.05,178.78,177.93,178.78,21824.0,,,,,,179.86925138797042,180.28737858732322,182.9862444267156,183.36584218806226,183.39669624827584,,,,,,,,,178.27572890857013,179.60386297136267,178.62910355207262,179.73731555297798,181.62988734477904,"rgba(239, 83, 80, 1.0)",0.0,0.0,2.544579205553883,182.26736974251858,-1.370509408748972,0.0,0.0,0.0,0.0,0.0,0.0,0.0,0.0,33.391056367372144,-15.446669376657958,False,True,False,True,True,0.0,0,0.9357212518840323,1.0013299051334343,False,False,False,False,-0.3068168427289198,-0.31561717933534383,False,False,False,False,-261854.0,-157700.4200134841,False,False,False,False,16452.496377947704,False,False,False,False
2025-08-27 14:00:00+00:00,178.965,179.06,178.595,178.83,11971.0,,,,,,179.84043149100265,180.26852011069192,182.95933256268788,183.34134655901886,183.37279587747364,,,,,,,,,178.3717715864766,179.57590701589032,178.62943749650537,179.70696730181393,181.60646369017476,"rgba(239, 83, 80, 1.0)",0.0,0.0,2.456847496615437,182.25453468795098,-1.3938735280348575,0.0,0.0,0.0,0.0,0.0,0.0,0.0,0.0,37.56008793008565,-19.78326823253855,False,True,False,True,True,0.0,0,0.9419629022975782,0.9960157598831293,False,False,False,False,-0.2756445342576576,-0.2956308567965007,False,False,False,False,-249883.0,-159129.60730009674,False,False,False,False,16383.015813948514,False,False,False,False
2025-08-27 15:00:00+00:00,178.865,179.175,178.59,178.64,5207.0,,,,,,179.82807055612435,180.2603194861537,182.94766031860362,183.33071162280456,183.36241730753665,,,,,,,,,178.40198638950758,179.56395469656724,178.62956297441764,179.6940084460682,181.59630032132156,"rgba(239, 83, 80, 1.0)",0.0,0.0,2.3485061727079155,182.24819222642822,-1.5363775783769174,0.0,0.0,0.0,0.0,0.0,0.0,0.0,0.0,39.24872815217029,-18.127097245876396,False,True,False,True,True,0.0,0,0.9434788377338462,0.9949582061828317,False,False,False,False,-0.272050786155537,-0.28384082147601886,False,False,False,False,-255090.0,-160617.36532645184,False,False,False,False,16209.74425094156,False,False,False,False
2025-08-27 16:00:00+00:00,178.64,178.71,178.335,178.65,5335.0,,,,,,179.8128564805721,180.25066391343088,182.9350901236545,183.3193001132545,183.35128310165186,,,,,,,,,178.4129367497692,179.54840028582743,178.62951481659,179.67768940522828,181.58508781587773,"rgba(239, 83, 80, 1.0)",0.0,0.0,2.2675460840404544,182.2398365568258,-1.5831371993239465,0.0,0.0,0.0,0.0,0.0,0.0,0.0,0.0,40.45487799091232,-16.767309685757084,False,False,False,True,True,0.0,0,0.9372512187486023,1.0064850843060962,False,False,False,False,-0.2957029474411735,-0.28977188445859614,False,False,False,False,-249755.0,-161999.34415859988,False,False,False,False,16041.14356488045,False,False,False,False
2025-08-27 17:00:00+00:00,178.65,178.93,178.385,178.615,4918.0,,,,,,179.8000129290421,180.24226908933474,182.923772723958,183.30900139263457,183.34123209629485,,,,,,,,,178.42637186084568,179.53559311540724,178.62952431170805,179.6640883358466,181.57509113355235,"rgba(239, 83, 80, 1.0)",0.0,0.0,2.1663531131407887,182.2326025119015,-1.6699043613700928,0.0,0.0,0.0,0.0,0.0,0.0,0.0,0.0,41.026328699942404,-15.865788398881783,False,False,False,True,True,0.0,0,0.9357884374440663,1.005280114551638,False,False,False,False,-0.2867969792080812,-0.2882844318333387,False,False,False,False,-254673.0,-163436.14502435803,False,False,False,False,15868.691726665249,False,False,False,False
2025-08-27 18:00:00+00:00,178.615,178.62,178.36,178.44,4697.0,,,,,,179.78624263946529,180.23348918965277,182.91259240797083,183.2988508842297,183.3313268187746,,,,,,,,,178.42884929147718,179.52142848558492,178.62942187820929,179.6493198031558,181.56505694711137,"rgba(239, 83, 80, 1.0)",0.0,0.0,2.0641391068085135,182.22469034369985,-1.8335442273324214,0.0,0.0,0.0,0.0,0.0,0.0,0.0,0.0,40.227959689840446,-15.865788398881783,False,False,False,True,True,0.0,0,0.9347621396224723,1.0077119669999555,False,False,False,False,-0.29785375314849244,-0.29306909249091556,False,False,False,False,-259370.0,-164923.49161312767,False,False,False,False,15695.487203771214,False,False,False,False
2025-08-27 19:00:00+00:00,178.43,178.44,177.43,177.52,31047.0,,,,,,179.65850522396136,180.15608205661815,182.8290278590328,183.2235532826255,183.2578732674066,,,,,,,,,178.2653995325417,179.38172157679202,178.62582749876623,179.50894523407425,181.48616357570359,"rgba(239, 83, 80, 1.0)",0.0,0.0,1.971990392499953,182.15208908538244,-2.3489410004225175,0.0,0.0,0.0,0.0,0.0,0.0,0.0,0.0,35.42510149586609,-15.865788398881783,False,True,False,True,False,0.0,0,0.9273962804005722,1.0103272532188843,False,False,False,False,-0.3350178364027266,-0.3140434644468211,False,False,False,False,-290417.0,-166869.1274020714,False,False,False,False,15933.495154100341,False,False,False,False
2025-08-28 14:00:00+00:00,177.36,177.5,176.775,176.82,4301.0,,,,,,179.6353475385038,180.14239315159705,182.81593916286135,183.21183682705356,183.24644718279563,,,,,,,,,178.2227386781152,179.35564380941574,178.62487485858807,179.4832126051888,181.47328181086726,"rgba(239, 83, 80, 1.0)",0.0,0.0,1.8942406974362715,182.13936692960732,-2.8081789905616192,0.0,0.0,0.0,0.0,0.0,0.0,0.0,0.0,30.320209593611022,-13.007125453887433,False,True,False,True,False,0.0,0,0.920938933677787,1.0160349204935195,False,False,False,False,-0.34282825441539394,-0.32843585943110754,False,False,False,False,-294718.0,-168851.28046560517,False,False,False,False,15753.146392021265,False,False,False,False
2025-08-28 15:00:00+00:00,176.755,177.295,176.16,176.35,4695.0,,,,,,179.60643152532947,180.12553979693973,182.8006616216306,183.1982112184719,183.2331624885736,,,,,,,,,178.16377484931596,179.3226836125068,178.62355593304093,179.4509050384635,181.45795163904666,"rgba(239, 83, 80, 1.0)",0.0,0.0,1.8282596460397487,181.82363947802054,-2.9939070688767697,0.0,0.0,0.0,0.0,0.0,0.0,0.0,0.0,25.95757898871311,-17.054930513096522,False,True,False,True,False,0.0,0,0.9148586893828473,1.0219619326500737,False,False,False,False,-0.34282825441539394,-0.3356320569232507,False,False,False,False,-299413.0,-170875.49317156477,False,False,False,False,15581.702261912407,False,False,False,False
2025-08-28 16:00:00+00:00,176.42,177.105,176.42,176.96,11580.0,,,,,,179.54262027694193,180.087279866273,182.7646656139138,183.1659897799491,183.20173460412838,,,,,,,,,178.0538314919877,179.25116394589998,178.6206740706177,179.38033306067564,181.42229549079792,"rgba(239, 83, 80, 1.0)",0.0,0.0,1.7332504796564463,181.79792107558166,-2.7912417347437217,0.0,0.0,0.0,0.0,0.0,0.0,0.0,0.0,27.81782223206458,-17.054930513096522,False,True,False,True,False,0.0,0,0.910166325713777,1.0296629013608471,False,False,False,False,-0.3406641321464683,-0.3381480945348595,False,False,False,False,-287833.0,-172688.78785107538,False,False,False,False,15519.660366378881,False,False,False,False
2025-08-28 17:00:00+00:00,176.995,177.035,176.52,176.76,5669.0,,,,,,179.51180823025734,180.0685515078869,182.74703476491632,183.1501943242639,183.186325440933,,,,,,,,,178.00415786788042,179.2168416850207,178.619222125106,179.34641449216858,181.40482663607256,"rgba(239, 83, 80, 1.0)",0.0,0.0,1.7268668655039001,181.7817537819607,-2.9080144406473183,0.0,0.0,0.0,0.0,0.0,0.0,0.0,0.0,28.427918994870293,-17.054930513096522,False,True,False,True,False,0.0,0,0.9062848974851475,1.0372090945638097,False,False,False,False,-0.33973759211023175,-0.33894284332254565,False,False,False,False,-293502.0,-174561.86090764788,False,False,False,False,15366.936949845875,False,False,False,False
2025-08-28 18:00:00+00:00,176.815,177.495,176.425,177.195,10341.0,,,,,,179.46263441242647,180.03764756441055,182.7165629685376,183.1227776618597,183.15956713946002,,,,,,,,,177.9404078263164,179.16318823994536,178.61696088111034,179.29294009974413,181.37511161417902,"rgba(239, 83, 80, 1.0)",0.0,0.0,1.7248943354514725,181.7596636147763,-2.646343906962592,0.0,0.0,0.0,0.0,0.0,0.0,0.0,0.0,31.833841159142782,-17.054930513096522,False,True,False,True,True,0.0,0,0.8990784846191514,1.0368160975826917,False,False,False,False,-0.32850904421769184,-0.33372594377011877,False,False,False,False,-283161.0,-176245.56849047504,False,False,False,False,15289.01544674749,False,False,False,False
2025-08-28 19:00:00+00:00,177.145,177.515,176.665,177.12,19232.0,,,,,,179.37839462158868,179.98296593773105,182.66135481225317,183.07294756506772,183.1109121331907,,,,,,,,,177.84852196323672,179.072825583964,178.61293622627244,179.20235380412137,181.32168094946894,"rgba(239, 83, 80, 1.0)",0.0,0.0,1.703489264914751,181.7180746473761,-2.6992096411046145,0.0,0.0,0.0,0.0,0.0,0.0,0.0,0.0,33.79263028842462,-23.010697699235287,False,True,False,True,True,0.0,0,0.8989491420210168,1.0365804992683905,False,False,False,False,-0.32055927316870136,-0.32714260846941007,False,False,False,False,-302393.0,-178201.34262240565,False,False,False,False,15350.146990208768,False,False,False,False
2025-08-29 14:00:00+00:00,177.235,177.27,176.765,176.95,5045.0,,,,,,179.35630896622072,179.9684468731248,182.64678161965477,183.05978480347017,183.09805719209058,,,,,,,,,177.82472457560772,179.04922434910262,178.61181097314886,179.17869113869182,181.30754212866339,"rgba(239, 83, 80, 1.0)",0.0,0.0,1.6803737036111712,181.7061136456014,-2.830390427665214,0.0,0.0,0.0,0.0,0.0,0.0,0.0,0.0,34.36769189424792,-22.155053127960105,False,True,False,True,True,0.0,0,0.9019511760513181,1.0419636493228799,False,False,False,False,-0.32498790745516887,-0.32606525796228947,False,False,False,False,-307438.0,-180205.01172903503,False,False,False,False,15190.377269430339,False,False,False,False
2025-08-29 15:00:00+00:00,177.02,177.17,176.67,176.67,6278.0,,,,,,179.32758568270768,179.94962355240384,182.62824595829235,183.0430589061471,183.08172271129015,,,,,,,,,177.79159281534146,179.0183864524733,178.61027597827666,179.14786010046896,181.28943504266329,"rgba(239, 83, 80, 1.0)",0.0,0.0,1.6725991210759321,181.68980376848168,-3.0011995733039765,0.0,0.0,0.0,0.0,0.0,0.0,0.0,0.0,33.59969932819485,-22.155053127960105,False,True,False,True,True,0.0,0,0.9080994099767564,1.0343286250670485,False,False,False,False,-0.330963172979377,-0.32851421547083326,False,False,False,False,-313716.0,-182274.94953168565,False,False,False,False,15052.200877656225,False,False,False,False
2025-08-29 16:00:00+00:00,176.675,176.975,176.67,176.86,5175.0,,,,,,179.30438117441912,179.93426843283214,182.61305120020478,183.02933539812219,183.06831844951788,,,,,,,,,177.76586298540877,178.99358662434972,178.6090114785684,179.12303175320977,181.27461360920805,"rgba(239, 83, 80, 1.0)",0.0,0.0,1.6611916053103943,181.67660706225192,-2.899489166002569,0.0,0.0,0.0,0.0,0.0,0.0,0.0,0.0,34.65271087832094,-21.132531670535826,False,True,False,True,True,0.0,0,0.9259462174131391,1.0351093457517238,False,False,False,False,-0.3369613327445776,-0.33273777410770544,False,False,False,False,-308541.0,-184232.5627172409,False,False,False,False,14899.065980328221,False,False,False,False
2025-08-29 17:00:00+00:00,176.81,176.935,176.76,176.77,6542.0,,,,,,179.2755031106038,179.9149899375392,182.59391230727098,183.0120361960463,183.0514194237198,,,,,,,,,177.73481376294365,178.96284191025592,178.6074035360917,179.09221902496998,181.25596174035223,"rgba(239, 83, 80, 1.0)",0.0,0.0,1.6844626539156686,181.66009943756987,-2.9030619504697417,0.0,0.0,0.0,0.0,0.0,0.0,0.0,0.0,34.919497751571235,-20.4217697307017,False,True,False,True,True,0.0,0,0.911542012927054,1.0405817174515237,False,False,False,False,-0.335421129341742,-0.33407945172472375,False,False,False,False,-315083.0,-186261.25166736118,False,False,False,False,14769.499065904527,False,False,False,False
2025-08-29 18:00:00+00:00,176.76,176.82,176.665,176.8,11524.0,,,,,,179.22502972648846,179.88095710490495,182.56015700057276,182.9815032141278,183.02158786487692,,,,,,,,,177.68152889171864,178.9092896993368,178.60448317221886,179.0385192753467,181.22304351215848,"rgba(239, 83, 80, 1.0)",0.0,0.0,1.7047598969680455,181.63084463755217,-2.833739018699307,0.0,0.0,0.0,0.0,0.0,0.0,0.0,0.0,35.38017519469423,-19.509365289986434,False,True,False,True,True,0.0,0,0.901679772928202,1.0466241682564796,False,False,False,False,-0.3419003959740898,-0.33798992384940674,False,False,False,False,-303559.0,-188079.8214089525,False,False,False,False,14719.181250929261,False,False,False,False
2025-08-29 19:00:00+00:00,176.77,176.91,176.13,176.59,22696.0,,,,,,179.1230207105997,179.81149010291716,182.49234645304867,182.92015332849093,182.961635187159,,,,,,,,,177.57073593240696,178.8011090326927,178.59808034752933,178.93020432234073,181.15649782975578,"rgba(239, 83, 80, 1.0)",0.0,0.0,1.7286058851891348,181.57003355054047,-2.8809537172179533,0.0,0.0,0.0,0.0,0.0,0.0,0.0,0.0,34.5522020619201,-19.509365289986434,False,True,False,True,True,0.0,0,0.897452706499344,1.0489323843416372,False,False,False,False,-0.34282825441539394,-0.3404090891324003,False,False,False,False,-326255.0,-190222.07223982146,False,False,False,False,14842.852859441986,False,False,False,False
2025-09-01 14:00:00+00:00,176.59,176.59,176.59,176.59,0.0,,,,,,179.1230207105997,179.81149010291716,182.49234645304867,182.92015332849093,182.961635187159,,,,,,,,,177.57073593240696,178.8011090326927,178.59808034752933,178.93020432234073,181.15649782975578,"rgba(239, 83, 80, 1.0)",0.0,0.0,1.752610904332789,181.57003355054047,-2.8414941035850423,0.0,0.0,0.0,0.0,0.0,0.0,0.0,0.0,34.00021997340401,-19.509365289986434,False,True,False,True,True,0.0,1,0.9001187366421274,1.0533839943006411,False,False,False,False,-0.3385766753656545,-0.3394928822490274,False,False,False,False,-326255.0,-192331.10987951414,False,False,False,False,14612.731109683195,False,False,False,False
2025-09-01 15:00:00+00:00,176.59,176.59,176.59,176.59,0.0,,,,,,179.1230207105997,179.81149010291716,182.49234645304867,182.92015332849093,182.961635187159,,,,,,,,,177.57073593240696,178.8011090326927,178.59808034752933,178.93020432234073,181.15649782975578,"rgba(239, 83, 80, 1.0)",0.0,0.0,1.7753622267132585,181.57003355054047,-2.805080267906816,0.0,0.0,0.0,0.0,0.0,0.0,0.0,0.0,33.63223191439328,-19.509365289986434,False,True,False,True,True,0.0,1,0.9145625366999409,1.053092581718536,False,False,False,False,-0.3385766753656545,-0.33903477880734095,False,False,False,False,-326255.0,-194407.4492612271,False,False,False,False,14386.177138990432,False,False,False,False
2025-09-01 16:00:00+00:00,176.59,176.59,176.59,176.59,0.0,,,,,,179.1230207105997,179.81149010291716,182.49234645304867,182.92015332849093,182.961635187159,,,,,,,,,177.57073593240696,178.8011090326927,178.59808034752933,178.93020432234073,181.15649782975578,"rgba(239, 83, 80, 1.0)",0.0,0.0,1.7842583060495858,181.57003355054047,-2.791094503332563,0.0,0.0,0.0,0.0,0.0,0.0,0.0,0.0,33.38690654171946,-19.509365289986434,False,True,False,True,True,0.0,1,0.9345587866003713,1.0317412485560744,False,False,False,False,-0.3385766753656545,-0.3388057270864977,False,False,False,False,-326255.0,-196451.59733469645,False,False,False,False,14163.135632959571,False,False,False,False
2025-09-01 17:00:00+00:00,176.59,176.59,176.59,176.59,0.0,,,,,,179.1230207105997,179.81149010291716,182.49234645304867,182.92015332849093,182.961635187159,,,,,,,,,177.57073593240696,178.8011090326927,178.59808034752933,178.93020432234073,181.15649782975578,"rgba(239, 83, 80, 1.0)",0.0,0.0,1.7775057253375732,181.57003355054047,-2.8016976145574386,0.0,0.0,0.0,0.0,0.0,0.0,0.0,0.0,33.22335629327025,-19.509365289986434,False,True,False,True,True,0.0,1,0.9268292682926825,1.0407694662720683,False,False,False,False,-0.3385766753656545,-0.3386912012260761,False,False,False,False,-326255.0,-198464.05318997247,False,False,False,False,13943.55213477415,False,False,False,False
2025-09-01 18:00:00+00:00,176.59,176.59,176.59,176.59,0.0,,,,,,179.1230207105997,179.81149010291716,182.49234645304867,182.92015332849093,182.961635187159,,,,,,,,,177.57073593240696,178.8011090326927,178.59808034752933,178.93020432234073,181.15649782975578,"rgba(239, 83, 80, 1.0)",0.0,0.0,1.7544672711138474,181.57003355054047,-2.838487575421585,0.0,0.0,0.0,0.0,0.0,0.0,0.0,0.0,33.11432279430411,-19.509365289986434,False,True,False,True,True,0.0,0,0.9205029616543692,1.0485295645848487,False,False,False,False,-0.3385766753656545,-0.3386339382958653,False,False,False,False,-326255.0,-200445.30817927522,False,False,False,False,13727.373031909434,False,False,False,False
2025-09-01 19:00:00+00:00,176.59,176.59,176.59,176.59,0.0,,,,,,179.1230207105997,179.81149010291716,182.49234645304867,182.92015332849093,182.961635187159,,,,,,,,,177.57073593240696,178.8011090326927,178.59808034752933,178.93020432234073,181.15649782975578,"rgba(239, 83, 80, 1.0)",0.0,0.0,1.7261367530107141,181.57003355054047,-2.885074743848848,0.0,0.0,0.0,0.0,0.0,0.0,0.0,0.0,33.041633794993345,-19.33102233673747,False,True,False,True,True,0.0,0,0.9240016725904238,1.0332427346853437,False,False,False,False,-0.3385766753656545,-0.3386053068307599,False,False,False,False,-326255.0,-202395.84603696087,False,False,False,False,13514.545543042621,False,False,False,False
2025-09-02 14:00:00+00:00,175.07,175.24,174.62,174.76,11252.0,,,,,,179.04436098631967,179.76105555948882,182.45001245720704,182.88231698726676,182.9246948964982,,,,,,,,174.87333333333333,177.4465555564648,178.71404573538507,178.59235277107385,178.844735105083,181.112512406347,"rgba(239, 83, 80, 1.0)",0.0,0.0,1.7440217526963864,181.5203843380098,-3.876318817444649,0.0,0.0,0.0,0.0,0.0,0.0,0.0,0.0,25.85600038159942,-21.34876785830886,False,True,False,True,False,0.0,0,0.9216518319188567,1.0349824052991095,False,False,False,False,-0.34282825441539394,-0.3407167806230769,False,False,False,False,-337507.0,-204490.59261003122,False,False,False,False,13479.467317569091,False,False,False,False
2025-09-02 15:00:00+00:00,174.71,175.16,173.905,174.075,17866.0,,,,,,178.91119128091466,179.67518545297884,182.37943798749367,182.8193099021739,182.8631773353589,,,,,,,,174.57063763536874,177.23766620405323,178.56669334340657,178.58209300683308,178.70021718072107,181.038500028202,"rgba(239, 83, 80, 1.0)",0.0,0.0,1.7812353694685508,181.43772019689243,-4.133490903613249,0.0,0.0,0.0,0.0,0.0,0.0,0.0,0.0,20.242022998418815,-26.242708371424094,False,True,False,True,False,0.0,0,0.9093362395557625,1.045980590585915,False,False,False,False,-0.34282825441539394,-0.34177251751923543,False,False,False,False,-355373.0,-206829.85474010825,False,False,False,False,13547.475576211431,False,False,False,False
2025-09-02 16:00:00+00:00,174.06,174.32,173.645,174.32,11190.0,,,,,,178.82658115619168,179.61996413781597,182.33430782429983,182.77900342530978,182.82381682813488,,,,,,,,174.43859473719033,177.10907187190702,178.47345651373234,178.575258322539,178.6087085021777,180.9910181000774,"rgba(239, 83, 80, 1.0)",0.0,0.0,1.7921389605882674,180.96444181502153,-3.707548332546996,0.0,0.0,0.0,0.0,0.0,0.0,0.0,0.0,18.91549980120374,-27.116366397282103,False,True,False,True,False,0.0,0,0.8913433150569374,1.0703289751159846,False,False,False,False,-0.34282825441539394,-0.3423003859673147,False,False,False,False,-344183.0,-208959.3608681686,False,False,False,False,13510.92556727792,False,False,False,False
2025-09-02 17:00:00+00:00,174.32,174.95,174.24,174.87,7629.0,,,,,,178.77758333488475,179.5869033877873,182.3060096183615,182.75359431580694,182.7989892645608,,,,,,,,174.47807448665264,177.04332755833988,178.42038101283347,178.57122435414973,178.55628597692132,180.96176258145297,"rgba(239, 83, 80, 1.0)",0.0,0.0,1.8172442705214658,180.9477135967204,-3.34446705669149,0.0,0.0,0.0,0.0,0.0,0.0,0.0,0.0,22.706368075094993,-27.116366397282103,False,True,False,True,True,0.0,0,0.890416732521995,1.0652758021179072,False,False,False,False,-0.31229998660991376,-0.32730018628861424,False,False,False,False,-336554.0,-210937.5723275768,False,False,False,False,13419.732922824,False,False,False,False
2025-09-02 18:00:00+00:00,174.88,174.935,174.625,174.79,8911.0,,,,,,178.72311842864337,179.54959452042934,182.27363612216757,182.72446991548725,182.77052403734388,,,,,,,,174.52592421896992,176.97388530661223,178.36179710325692,178.56664008049646,178.49828731384912,180.9284539623672,"rgba(239, 83, 80, 1.0)",0.0,0.0,1.8395465020862358,180.92311946100983,-3.3340388264467626,0.0,0.0,0.0,0.0,0.0,0.0,0.0,0.0,24.964280087444422,-29.887231859239435,False,True,False,True,True,0.0,0,0.8936372771989202,1.066483313058655,False,False,False,False,-0.3031913118380396,-0.3152457490633269,False,False,False,False,-345465.0,-213023.26888063762,False,False,False,False,13349.830086811226,False,False,False,False
2025-09-02 19:00:00+00:00,174.8,175.045,174.55,174.95,28457.0,,,,,,178.56142946416878,179.43580966993576,182.17297396749132,182.6336205788389,182.68168863300133,,,,,,,,174.63347707246552,176.78395287289553,178.1899099384079,178.552324608097,178.327492905953,180.82554810822012,"rgba(239, 83, 80, 1.0)",0.0,0.0,1.8587772959772306,180.83800522699477,-3.167676536472449,0.0,0.0,0.0,0.0,0.0,0.0,0.0,0.0,27.80061260611274,-27.379309209081075,False,True,False,True,True,0.0,0,0.892807965257917,1.0646647600889736,False,False,False,False,-0.3023322241786758,-0.30878898662100135,False,False,False,False,-317008.0,-214635.4352545812,False,False,False,False,13584.049775387795,False,False,False,False
2025-09-03 14:00:00+00:00,174.06,174.74,173.86,174.66,10600.0,,,,,,178.4980423123425,179.39099398356262,182.13402019020847,182.59848088960098,182.64732365071683,,,,,,,,174.60988229671727,176.7078040863254,178.1224396283715,178.54640695806143,178.2605512313485,180.78541788665063,"rgba(239, 83, 80, 1.0)",0.0,0.0,1.8669136427681812,180.79880030426017,-3.288207961862562,0.0,0.0,0.0,0.0,0.0,0.0,0.0,0.0,28.53656081897055,-26.719941260747667,False,True,False,True,True,0.0,0,0.8806095638465576,1.0658959537572252,False,False,False,False,-0.3269298616227181,-0.31785942412185975,False,False,False,False,-327608.0,-216386.94788629314,False,False,False,False,13537.785437784883,False,False,False,False
2025-09-03 15:00:00+00:00,174.7,174.86,174.1,174.115,2737.0,,,,,,178.48174647235052,179.37941008366568,182.12394563484386,182.58938829740765,182.63843058153577,,,,,,,,174.6029026175463,176.6884235477785,178.10512511771458,178.54485893462373,178.24336574005542,180.7750379133206,"rgba(239, 83, 80, 1.0)",0.0,0.0,1.8836504046269524,180.78867971940363,-3.54295027517344,0.0,0.0,0.0,0.0,0.0,0.0,0.0,0.0,27.231186032979544,-26.719941260747667,False,True,False,True,True,0.0,0,0.8791721942159716,1.0822499336694082,False,False,False,False,-0.3179874545049387,-0.3179234393133992,False,False,False,False,-330345.0,-218153.739391932,False,False,False,False,13370.33139998977,False,False,False,False
2025-09-03 16:00:00+00:00,174.085,174.15,173.77,173.825,6218.0,,,,,,178.4412680913058,179.35098437707407,182.0998535735086,182.56769726844735,182.6172198323337,,,,,,,,174.5621112912455,176.63740541979766,178.0617903628833,178.54097436985916,178.20048851298034,180.7499598432296,"rgba(239, 83, 80, 1.0)",0.0,0.0,1.9163555172443676,180.761983755439,-3.6198835200548123,0.0,0.0,0.0,0.0,0.0,0.0,0.0,0.0,25.56445218203948,-26.719941260747667,False,True,False,True,False,0.0,0,0.8770421324161646,1.0896388650042992,False,False,False,False,-0.34282825441539394,-0.3303758468643966,False,False,False,False,-336563.0,-219989.54188197956,False,False,False,False,13259.4425410752,False,False,False,False
2025-09-03 17:00:00+00:00,173.84,174.345,173.84,174.01,8968.0,,,,,,178.38602877776827,179.31162098115283,182.0659867073501,182.53714246969716,182.58733353531258,,,,,,,,174.5229461116773,176.57092089639988,178.00305015522264,178.5355645617486,178.14223615775197,180.71489858479754,"rgba(239, 83, 80, 1.0)",0.0,0.0,1.958550065830547,180.72679912491716,-3.4294753257016346,0.0,0.0,0.0,0.0,0.0,0.0,0.0,0.0,26.141294417330208,-26.719941260747667,False,True,False,True,False,0.0,0,0.8786407766990285,1.0816073354908307,False,False,False,False,-0.33618374934610706,-0.3332797981052518,False,False,False,False,-327595.0,-221657.84355822793,False,False,False,False,13192.908548190311,False,False,False,False
2025-09-03 18:00:00+00:00,174.01,174.635,173.99,174.47,4825.0,,,,,,178.35890539546824,179.2918812833803,182.04856216532298,182.52137283987346,182.57190323837378,,,,,,,,174.5165232653199,176.5406674142229,177.9745088430154,178.53285431696017,178.11382534901983,180.69703068837677,"rgba(239, 83, 80, 1.0)",0.0,0.0,1.9959529278253498,180.71035442445503,-3.126503805505116,0.0,0.0,0.0,0.0,0.0,0.0,0.0,0.0,30.26004590772896,-24.807366792160952,False,False,False,True,True,0.0,0,0.8746091644204846,1.0812938005390835,False,False,False,False,-0.32521392293018914,-0.32924686051772045,False,False,False,False,-322770.0,-223225.4738906585,False,False,False,False,13063.173531939297,False,False,False,False
2025-09-03 19:00:00+00:00,174.515,175.04,174.31,174.95,20351.0,,,,,,178.25953048417173,179.21697633107217,181.97972501546028,182.45876641367454,182.51060758742415,,,,,,,,174.5531457248233,176.44365994113707,177.87176196734217,178.5225595787512,178.01090284178306,180.62747184392936,"rgba(239, 83, 80, 1.0)",0.0,0.0,2.0223845304970314,180.6532352607744,-2.8200548287287206,0.0,0.0,0.0,0.0,0.0,0.0,0.0,0.0,36.146062093908036,-19.36625780847453,True,False,False,True,True,0.0,0,0.8733673743617301,1.0802472453641494,False,False,False,False,-0.3073009068795675,-0.31827388369864396,False,False,False,False,-302419.0,-224453.28049700486,False,False,False,False,13176.16308958365,False,False,False,False
2025-09-04 14:00:00+00:00,175.7,176.07,174.63,174.72,7038.0,,,,,,178.22996880047793,179.19377066521741,181.95743742561223,182.4383892330174,182.49064427951063,,,,,,,,174.5814271807654,176.41946397522517,177.84183396039623,178.51936501202565,177.98069482983396,180.60530270954743,"rgba(239, 83, 80, 1.0)",0.0,0.0,2.0518403692552267,180.2788713721563,-2.7092124004627314,0.0,0.0,0.0,0.0,0.0,0.0,0.0,0.0,38.851798780405275,-16.99534260412701,True,False,False,True,True,0.0,0,0.8783683033336875,1.0693897113643624,False,False,False,False,-0.27443917019731956,-0.29635652694798176,False,False,False,False,-309457.0,-225771.1676210823,False,False,False,False,13080.997770365298,False,False,False,False
2025-09-04 15:00:00+00:00,174.7,174.895,174.505,174.54,9022.0,,,,,,178.18696240596506,179.16083344038367,181.9270264141182,182.41067863070776,182.46350402900958,,,,,,,,174.5852229724501,176.37826565333418,177.79758273145703,178.51468218326696,177.93632295959964,180.5746030523685,"rgba(239, 83, 80, 1.0)",0.0,0.0,2.0852962025229864,180.23995981897397,-2.733405360867984,0.0,0.0,0.0,0.0,0.0,0.0,0.0,0.0,39.72717096090565,-16.187907734871196,True,False,False,True,True,0.0,1,0.8799099726702742,1.083060929210653,False,False,False,False,-0.3060726653496575,-0.3012145961488196,False,False,False,False,-318479.0,-227208.49835563917,False,False,False,False,13018.06757237514,False,False,False,False
2025-09-04 16:00:00+00:00,174.535,174.685,174.085,174.09,12901.0,,,,,,178.12115458173344,179.1108647688916,181.88184847395934,182.3695730689911,182.423247160969,,,,,,,,174.5622915587573,176.31099555417057,177.7294028824772,178.50738422374468,177.8681638918605,180.52861685303998,"rgba(239, 83, 80, 1.0)",0.0,0.0,2.128103135414142,180.18699699805146,-2.864991313903092,0.0,0.0,0.0,0.0,0.0,0.0,0.0,0.0,38.231747161533704,-16.187907734871196,True,False,False,True,True,0.0,0,0.8803497220573149,1.083166927519024,False,False,False,False,-0.3216154860455958,-0.31141504109720775,False,False,False,False,-331380.0,-228823.56039663698,False,False,False,False,13016.252571253044,False,False,False,False
2025-09-04 17:00:00+00:00,174.09,174.325,173.73,173.73,6428.0,,,,,,178.08620008499298,179.08452699096887,181.85848450733096,182.3483457445622,182.402459671049,,,,,,,,174.53892431653415,176.27341577250894,177.6929768443149,178.50344945247357,177.8318411005311,180.50465310231857,"rgba(239, 83, 80, 1.0)",0.0,0.0,2.1774657618774866,180.1588829962924,-2.9524611173445936,0.0,0.0,0.0,0.0,0.0,0.0,0.0,0.0,35.83454966785305,-16.187907734871196,True,False,False,True,False,0.0,0,0.8658312628281293,1.0913362860537972,False,False,False,False,-0.3394397098687005,-0.3254273754829541,False,False,False,False,-337808.0,-230513.24163079765,False,False,False,False,12914.10912053594,False,False,False,False
2025-09-04 18:00:00+00:00,173.72,174.255,173.26,173.98,11271.0,,,,,,178.02490400073287,179.03813246011345,181.81735190046598,182.31095749474957,182.36584195820788,,,,,,,,174.49598922426176,176.2077057029524,177.6291665896912,178.49642100537054,177.76820511843366,180.46244041575528,"rgba(239, 83, 80, 1.0)",0.0,0.0,2.218730598444308,180.11232391989168,-2.763888470367447,0.0,0.0,0.0,0.0,0.0,0.0,0.0,0.0,36.1946957466525,-16.187907734871196,True,False,False,True,False,0.0,1,0.8581621157663206,1.0916796309210879,False,False,False,False,-0.34282825441539394,-0.334127814949174,False,False,False,False,-326537.0,-232001.98207063024,False,False,False,False,12888.634560527631,False,False,False,False
2025-09-04 19:00:00+00:00,173.98,174.59,173.72,174.52,24220.0,,,,,,177.91234557706736,178.94944588466603,181.73522051555554,182.2358736777376,182.29225223795532,,,,,,,,174.4706800423091,176.10214109659537,177.51419742397107,178.4828230427697,177.6527922838891,180.37948120490458,"rgba(239, 83, 80, 1.0)",0.0,0.0,2.247207482292867,180.04218743748788,-2.4573553982000287,0.0,0.0,0.0,0.0,0.0,0.0,0.0,0.0,40.0413863984952,-15.617546765611877,True,False,False,True,True,0.0,1,0.8657409879839778,1.0866221628838448,False,False,False,False,-0.3232468234367664,-0.32868731919297023,False,False,False,False,-302317.0,-233092.13738736467,False,False,False,False,13064.314644860537,False,False,False,False
2025-09-05 14:00:00+00:00,174.395,174.65,172.98,173.28,25655.0,,,,,,177.78053368020926,178.84665563972715,181.64285244393972,182.1515834778525,182.20964040110402,,,,,,,,174.37983897924903,175.96718935464625,177.37828173545932,178.46633754402933,177.51693077153328,180.2850352097296,"rgba(239, 83, 80, 1.0)",0.0,0.0,2.299636624253535,179.94863917872763,-2.899866486903025,0.0,0.0,0.0,0.0,0.0,0.0,0.0,0.0,37.72046247877465,-15.617546765611877,True,False,False,True,True,0.0,1,0.8596980377715809,1.0828554895049713,False,False,False,False,-0.3399803358689641,-0.3343338275309672,False,False,False,False,-327972.0,-234563.14300926597,False,False,False,False,13259.519068971225,False,False,False,False
2025-09-05 15:00:00+00:00,173.23,174.39,173.19,173.83,9058.0,,,,,,177.73770982714572,178.81243796188863,181.61140982162522,182.12279133352138,182.18140783590198,,,,,,,,174.35848962442986,175.92616387968502,177.33457960172822,178.4607437113655,177.47309912335226,180.25313825593142,"rgba(239, 83, 80, 1.0)",0.0,0.0,2.3369596923370763,179.91979835148695,-2.605863666136591,0.0,0.0,0.0,0.0,0.0,0.0,0.0,0.0,39.136749189080824,-15.617546765611877,True,False,False,True,True,0.0,1,0.8642909318584986,1.0853594907648962,False,False,False,False,-0.3412179062747133,-0.3377758669028402,False,False,False,False,-318914.0,-235870.90823392852,False,False,False,False,13194.379238444539,False,False,False,False
2025-09-05 16:00:00+00:00,173.89,174.09,173.7,174.05,6084.0,,,,,,177.71048943822103,178.7903646371201,181.59081701954142,182.1038949774499,182.16287365700092,,,,,,,,174.34849472703027,175.90127293194803,177.3069884001828,178.45710942012695,177.44536234375977,180.23236185280922,"rgba(239, 83, 80, 1.0)",0.0,0.0,2.3685732638681274,179.90195967902662,-2.4706686376547817,0.0,0.0,0.0,0.0,0.0,0.0,0.0,0.0,41.17213697282662,-14.367847416826216,True,False,False,True,True,0.0,1,0.8677486910994757,1.0934031413612564,False,False,False,False,-0.3360268211121007,-0.33690134400747046,False,False,False,False,-312830.0,-237064.07244735598,False,False,False,False,13084.140800639198,False,False,False,False
2025-09-05 17:00:00+00:00,174.05,174.64,173.945,174.03,9158.0,,,,,,177.67300707149727,178.75926567774695,181.5610678395808,182.0765107756072,182.13600394587922,,,,,,,,174.3434372694887,175.86976279194616,177.2694221027669,178.45196258059283,177.40744709902262,180.20261957207364,"rgba(239, 83, 80, 1.0)",0.0,0.0,2.381649748079499,179.8785000957072,-2.455650794338373,0.0,0.0,0.0,0.0,0.0,0.0,0.0,0.0,42.44255394131574,-12.959939561443086,True,False,False,True,True,0.0,1,0.8753863076842485,1.082761510659473,False,False,False,False,-0.31652944214159784,-0.3267153930745341,False,False,False,False,-321988.0,-238380.72248693186,False,False,False,False,13023.270400629286,False,False,False,False
2025-09-05 18:00:00+00:00,174.05,174.52,173.92,174.15,13550.0,,,,,,177.61886655785943,178.71393558774395,181.51743916477886,182.03629763213533,182.0965378087147,,,,,,,,174.33616286683082,175.82500808411427,177.21533272924898,178.44435533337196,177.35280653368048,180.1590876049196,"rgba(239, 83, 80, 1.0)",0.0,0.0,2.3812102362441294,179.8441546527165,-2.3912859797284645,0.0,0.0,0.0,0.0,0.0,0.0,0.0,0.0,43.9731049193761,-11.278349773466239,True,False,False,True,True,0.0,1,0.8767668306983553,1.0803580776882,False,False,False,False,-0.320067853278228,-0.32339162317638104,False,False,False,False,-308438.0,-239466.88182821972,False,False,False,False,13031.436751007126,False,False,False,False
2025-09-05 19:00:00+00:00,174.115,174.45,173.96,174.26,23977.0,,,,,,177.52780039231175,178.63635274912778,181.44176752712167,181.96637503611245,182.02788726158332,,,,,,,,174.32706527758165,175.75262076379542,177.12495119290148,178.4310446837555,177.26132228724703,180.08392131605027,"rgba(239, 83, 80, 1.0)",0.0,0.0,2.362797099866975,179.785545430172,-2.338561119142684,0.0,0.0,0.0,0.0,0.0,0.0,0.0,0.0,45.64703868147663,-9.465086361515517,True,False,False,True,True,0.0,1,0.8771514290225795,1.0857413548081478,False,False,False,False,-0.3208009045139234,-0.3220962638451522,False,False,False,False,-284461.0,-240164.4650556892,False,False,False,False,13201.135406030271,False,False,False,False
2025-09-08 14:00:00+00:00,172.82,172.99,172.04,172.78,6877.0,,,,,,177.49020933280354,178.60660505839132,181.41554646700507,181.94240274799887,182.00437617585368,,,,,,,172.60333333333332,174.2881026569771,175.71232018925585,177.08611204442263,178.42577855797043,177.2225919271523,180.05684979915443,"rgba(239, 83, 80, 1.0)",0.0,0.0,2.367315214399848,179.28819611754724,-2.7491886496396187,0.0,0.0,0.0,0.0,0.0,0.0,0.0,0.0,40.89820091535495,-9.465086361515517,True,False,False,True,False,0.0,1,0.858787691036761,1.0873605947955391,False,False,False,False,-0.34282825441539394,-0.33246225913027305,False,False,False,False,-291338.0,-240957.85319436065,False,False,False,False,13103.086795084066,False,False,False,False
2025-09-08 15:00:00+00:00,172.785,173.11,172.66,173.04,12419.0,,,,,,177.4282914072175,178.55656308260336,181.37036290440224,181.9009554738534,181.96370891149863,,,,,,,172.8178682974019,174.23510140149438,175.64962564248066,177.02272966984947,178.41683573249864,177.15918852104917,180.01061950901646,"rgba(239, 83, 80, 1.0)",0.0,0.0,2.364422444382602,179.25487751743108,-2.62849709120145,0.0,0.0,0.0,0.0,0.0,0.0,0.0,0.0,39.24764394935765,-5.389695834388782,True,False,False,True,False,0.0,1,0.8688719780504215,1.0857275974530205,False,False,False,False,-0.32598622572741204,-0.3292242424288425,False,False,False,False,-278919.0,-241546.398106076,False,False,False,False,13092.480798261056,False,False,False,False
2025-09-08 16:00:00+00:00,173.04,173.63,172.93,173.55,7455.0,,,,,,177.3954334425176,178.52922916079032,181.34485201231334,181.87745171774864,181.94063499160887,,,,,,,172.9717370067163,174.21520324450742,175.6191298402769,176.9895407631394,178.4119048082117,177.12583546942702,179.9848375650678,"rgba(239, 83, 80, 1.0)",0.0,0.0,2.3397687534935043,179.2400742864078,-2.4318960059244974,0.0,0.0,0.0,0.0,0.0,0.0,0.0,0.0,40.87126114204993,-5.389695834388782,True,False,False,True,False,0.0,1,0.8670173976455877,1.091155328680071,False,False,False,False,-0.3068424504009289,-0.3180333464148857,False,False,False,False,-271464.0,-242010.23689512906,False,False,False,False,13005.077995187241,False,False,False,False
2025-09-08 17:00:00+00:00,173.54,173.715,173.105,173.625,12617.0,,,,,,177.3425292332032,178.4846064434308,181.30264491443404,181.83848542980041,181.90237035597607,,,,,,,173.13516371164397,174.1877185503494,175.57180810524997,176.93641558987167,178.40376586567527,177.07234525366232,179.94238573906844,"rgba(239, 83, 80, 1.0)",0.0,0.0,2.340880287953075,179.21236005727755,-2.386862790904732,0.0,0.0,0.0,0.0,0.0,0.0,0.0,0.0,42.33871010909372,-5.389695834388782,True,False,False,True,True,0.0,1,0.8736913735343378,1.083280988274707,False,False,False,False,-0.2992002713775315,-0.30861680889620857,False,False,False,False,-258847.0,-242271.2719820263,False,False,False,False,12999.061282083561,False,False,False,False
2025-09-08 18:00:00+00:00,173.63,173.75,173.38,173.72,10727.0,,,,,,177.30019598486905,178.44829114151466,181.26772840167556,181.80617018311568,181.87062613359578,,,,,,,173.23826945470276,174.17008873417933,175.5356867761701,176.89421412477054,178.3970564365293,177.0297515765727,179.90747173853455,"rgba(239, 83, 80, 1.0)",0.0,0.0,2.3479544825777645,179.18906044153806,-2.329287250719489,0.0,0.0,0.0,0.0,0.0,0.0,0.0,0.0,43.8389714535746,-5.389695834388782,True,False,False,True,True,0.0,1,0.881280943853365,1.0766880859580743,False,False,False,False,-0.2910795970250624,-0.2998482029606355,False,False,False,False,-248120.0,-242361.9499357933,False,False,False,False,12963.835525772189,False,False,False,False
2025-09-08 19:00:00+00:00,173.715,173.95,173.245,173.855,24752.0,,,,,,177.20779438428238,178.36765619562593,181.18904993461226,181.73316421765932,181.7988821962328,,,,,,,173.38545265675313,174.13771971514524,175.45994925167346,176.80271379624773,178.38186121737317,176.93720834213178,179.8292000208304,"rgba(239, 83, 80, 1.0)",0.0,0.0,2.352999523323696,179.13417553376297,-2.2435939665240374,0.0,0.0,0.0,0.0,0.0,0.0,0.0,0.0,45.61426553687765,-9.462197375152002,True,False,False,True,True,0.0,1,0.8811787571571146,1.0680254241739773,False,False,False,False,-0.2895030719741593,-0.29467563746739744,False,False,False,False,-223368.0,-242067.4700918275,False,False,False,False,13146.597765682696,False,False,False,False
2025-09-09 14:00:00+00:00,174.25,174.51,173.57,173.58,13849.0,,,,,,177.160990996354,178.3256267561023,181.14690996326468,181.69390369274706,181.76027866674366,,,,,,,173.46371224933108,174.12871382057807,175.42476253266193,176.75694903371328,178.37376808013494,176.89072672964417,179.7876797365176,"rgba(239, 83, 80, 1.0)",0.0,0.0,2.358662454990408,179.1067196774947,-2.343158371729444,0.0,0.0,0.0,0.0,0.0,0.0,0.0,0.0,45.304665390166335,-9.462197375152002,True,False,False,True,True,0.0,1,0.8840579710144921,1.0640401820750278,False,False,False,False,-0.2662981411900356,-0.2804868893287165,False,False,False,False,-237217.0,-241992.2690051325,False,False,False,False,13157.487722803895,False,False,False,False
2025-09-09 15:00:00+00:00,173.61,174.05,173.55,173.79,39927.0,,,,,,177.0296374628413,178.2063822141038,181.02662436475393,181.58160270617725,181.64981462007134,,,,,,,173.5670675669722,174.09759178053898,175.3261429737434,176.62880471471735,178.35013290646444,176.76052695989313,179.66938214148763,"rgba(239, 83, 80, 1.0)",0.0,0.0,2.3493599243323446,179.02153955771445,-2.2267935634431093,0.0,0.0,0.0,0.0,0.0,0.0,0.0,0.0,46.436687199788366,-8.173855768010895,True,False,False,True,True,0.0,1,0.8898131087128189,1.068175835746249,False,False,False,False,-0.2773410885300911,-0.2789139889294038,False,False,False,False,-197290.0,-241299.2105709444,False,False,False,False,13572.518920899958,False,False,False,False
2025-09-09 16:00:00+00:00,173.77,174.135,173.65,174.01,29970.0,,,,,,176.9414317791015,178.12353690740625,180.94052905064544,181.50080944119784,181.57028195103308,,,,,,,173.63596742395106,174.08668559015177,175.26549676470972,176.54392528500279,178.33307287696377,176.6739091122093,179.58558195046555,"rgba(239, 83, 80, 1.0)",0.0,0.0,2.343296242322794,178.96317328921305,-2.113763168204127,0.0,0.0,0.0,0.0,0.0,0.0,0.0,0.0,48.538996840476,-5.9495920518571666,True,False,False,False,True,0.0,1,0.891940424632935,1.0629027146931447,False,False,False,False,-0.27272130881095724,-0.2758176488701805,False,False,False,False,-167320.0,-240152.2460659685,False,False,False,False,13826.743433754224,False,False,False,False
2025-09-09 17:00:00+00:00,174.01,174.34,173.68,173.86,11465.0,,,,,,176.90930799520714,178.09289593978139,180.90827427880748,181.47046553211953,181.5403997980272,,,,,,,173.6578131088609,174.08357823945715,175.24413241666952,176.51318772837243,178.3266231509525,176.64248804015386,179.55432540045996,"rgba(239, 83, 80, 1.0)",0.0,0.0,2.3262182703792678,178.94139399420354,-2.184401205556283,0.0,0.0,0.0,0.0,0.0,0.0,0.0,0.0,48.938324812912924,-5.332602712672312,True,False,False,False,True,0.0,1,0.8903675538656523,1.061153358681876,False,False,False,False,-0.26647565958020586,-0.2711466542251932,False,False,False,False,-178785.0,-239200.8158944031,False,False,False,False,13790.127256486716,False,False,False,False
2025-09-09 18:00:00+00:00,173.87,174.375,173.47,174.16,14552.0,,,,,,176.87008035060623,178.05503384566072,180.8680044828824,181.43251302494357,181.50301465230922,,,,,,,173.68491758301283,174.08110513455722,175.2188500066188,176.47583119281813,178.3185420099252,176.60424276728935,179.5154413741263,"rgba(239, 83, 80, 1.0)",0.0,0.0,2.2853840964864895,178.91455654958935,-2.0804190231737967,0.0,0.0,0.0,0.0,0.0,0.0,0.0,0.0,51.10917626734381,-3.0686960279424227,True,False,False,False,True,0.0,1,0.8889532129887897,1.059417925372349,False,False,False,False,-0.2686742910730853,-0.26991047264913925,False,False,False,False,-164233.0,-238038.52417511,False,False,False,False,13801.939237006301,False,False,False,False
2025-09-09 19:00:00+00:00,174.15,174.15,173.415,173.46,51170.0,,,,,,176.72537093684383,177.91699118995908,180.7234925787343,181.29633301039547,181.36885029012706,,,,,,,173.68276522605822,174.04212819440332,175.11575958994624,176.3366217070724,178.28823179948378,176.4622994043448,179.3750811618243,"rgba(239, 83, 80, 1.0)",0.0,0.0,2.2453972581375834,178.80705299967167,-2.3813394179107115,0.0,0.0,0.0,0.0,0.0,0.0,0.0,0.0,48.308370463237864,-3.0686960279424227,True,False,False,False,False,0.0,1,0.8924748110831228,1.0564651553316544,False,False,False,False,-0.2751492864274658,-0.27252987953830254,False,False,False,False,-215403.0,-237687.58581580597,False,False,False,False,14381.289016277522,False,False,False,False
2025-09-10 14:00:00+00:00,173.285,173.38,171.735,171.765,14473.0,,,,,,176.66931346768393,177.86730408762315,180.67585920524425,181.2518524517767,181.32506786139788,,,,,,172.29333333333335,173.60240955486384,173.99590936703564,175.0634413600605,176.2805689550028,178.27718431278726,176.40593313142506,179.3272688355578,"rgba(239, 83, 80, 1.0)",0.0,0.0,2.233978267778332,178.7603641881269,-3.1313483613624156,0.0,0.0,0.0,0.0,0.0,0.0,0.0,0.0,40.960155439279895,-4.208809108917066,True,False,False,True,False,0.0,0,0.8804376004562653,1.0597811997718671,False,False,False,False,-0.3405124841918373,-0.30652118186506994,False,False,False,False,-229876.0,-237566.47595819656,False,False,False,False,14382.71089199415,False,False,False,False
2025-09-10 15:00:00+00:00,171.75,172.24,171.335,172.12,21475.0,,,,,,176.5814239220413,177.7900640846414,180.60288046651283,181.18378170918197,181.25806911506814,,,,,,172.05736401654244,173.4677343029304,173.91675645851126,174.97871670318878,176.1922427218789,178.25978977777808,176.31728195143515,179.25358511099986,"rgba(239, 83, 80, 1.0)",0.0,0.0,2.2176002572388724,178.21057782379793,-2.7464723653041463,0.0,0.0,0.0,0.0,0.0,0.0,0.0,0.0,38.1056410773316,-6.587271650944878,True,False,False,True,False,0.0,0,0.8746577111857397,1.0733660552828725,False,False,False,False,-0.34282825441539394,-0.32467471814023197,False,False,False,False,-208401.0,-237114.29803636405,False,False,False,False,14492.668862660907,False,False,False,False
2025-09-10 16:00:00+00:00,172.12,172.335,172.035,172.17,8671.0,,,,,,176.54892713484833,177.7609043595942,180.574698884348,181.15740187079564,181.23209203254646,,,,,,172.08119638868348,173.42791267681653,173.89069150952378,174.94879078829734,176.15985375377673,178.25310299788862,176.28468663579258,179.22536980335394,"rgba(239, 83, 80, 1.0)",0.0,0.0,2.188369498752008,178.1887259411289,-2.750324360013832,0.0,0.0,0.0,0.0,0.0,0.0,0.0,0.0,36.495747165306625,-7.943786497887189,False,False,False,True,False,0.0,0,0.9084829854931773,1.0708083913066926,False,False,False,False,-0.3172487179041091,-0.32096171802217055,False,False,False,False,-199730.0,-236534.6965164204,False,False,False,False,14402.410430681668,False,False,False,False
2025-09-10 17:00:00+00:00,172.15,172.515,172.15,172.42,6460.0,,,,,,176.5260206631913,177.74007706442796,180.5542772555248,181.1382445084291,181.2132216895475,,,,,,172.11666767817175,173.4039010570815,173.8737844951289,174.92834409325678,176.13714749854097,178.24827955352563,176.26179471313938,179.20503320365583,"rgba(239, 83, 80, 1.0)",0.0,0.0,2.1514965459866486,178.17402245113766,-2.6744279287229586,0.0,0.0,0.0,0.0,0.0,0.0,0.0,0.0,36.938865030258725,-7.943786497887189,False,False,False,True,False,0.0,0,0.9002013386298086,1.0605104206344889,False,False,False,False,-0.3078598040341196,-0.3144107610281451,False,False,False,False,-193270.0,-235863.92602779373,False,False,False,False,14279.272284469549,False,False,False,False
2025-09-10 18:00:00+00:00,172.42,172.855,172.055,172.72,12785.0,,,,,,176.48336311007344,177.70070420085497,180.51504829254404,181.1013548058426,181.17687269220826,,,,,,172.20208231554554,173.36718295710912,173.84529281474906,174.8916138300991,176.095124714075,178.23905059441785,176.21934189940745,179.16619725708324,"rgba(239, 83, 80, 1.0)",0.0,0.0,2.1112705751387164,178.14710581344127,-2.5705401654094935,0.0,0.0,0.0,0.0,0.0,0.0,0.0,0.0,38.98104723713379,-7.943786497887189,True,False,False,True,True,0.0,0,0.8968931933184607,1.054681973992056,False,False,False,False,-0.3001020998470715,-0.3072564304376083,False,False,False,False,-180485.0,-235005.33802736283,False,False,False,False,14256.105272307232,False,False,False,False
2025-09-10 19:00:00+00:00,172.735,172.78,171.865,172.24,34880.0,,,,,,176.36444961408156,177.59123086476234,180.40667816329153,180.99943001177965,181.07642964019433,,,,,,172.2349042473467,173.2553890602767,173.75971745609732,174.78691480646594,175.977644494492,178.21293217484092,176.10080184528945,179.058624069603,"rgba(239, 83, 80, 1.0)",0.0,0.0,2.07625878024096,178.05554912781645,-2.8009750919109977,0.0,0.0,0.0,0.0,0.0,0.0,0.0,0.0,38.45155814285431,-7.943786497887189,False,False,False,True,True,0.0,0,0.8947626040137049,1.0565073149507804,False,False,False,False,-0.30849466343680076,-0.30787554693720454,False,False,False,False,-215365.0,-234700.83666259752,False,False,False,False,14575.855578162933,False,False,False,False
2025-09-11 14:00:00+00:00,174.05,175.365,174.05,174.9,14918.0,,,,,174.77166666666668,176.34534071221222,177.56701908192036,180.3750828816218,180.96875354237815,181.04608215159578,,,,,,172.56785124609223,173.3201203442441,173.78305708443102,174.78665630644147,175.96190699648383,178.20647709977794,176.08384961666334,179.03011016861612,"rgba(38, 166, 154, 1.0)",0.0,0.0,2.0223054300123477,178.06302715063896,-1.5640699489293468,0.0,0.0,0.0,0.0,0.0,0.0,0.0,0.0,47.508882127351036,-8.39614767763117,True,False,False,False,True,0.0,0,0.900058476423369,1.0379565148051675,False,False,False,False,-0.15795227865158906,-0.2329139127943968,False,False,False,False,-200447.0,-234169.76942751848,False,False,False,False,14581.160142842577,False,False,False,False
2025-09-11 15:00:00+00:00,174.89,175.355,174.76,175.26,10152.0,,,,,174.9147476399415,176.3354581418532,177.55283163158248,180.3551265538254,180.94923026087733,181.02675019451755,,,,,,172.77752199535863,173.3710754165346,173.80379412242246,174.7905151852185,175.9545402649659,178.20254857914412,176.07559881922893,179.01251390616812,"rgba(38, 166, 154, 1.0)",0.0,0.0,1.9642949655581008,178.06921018828302,-1.4301366330106495,0.0,0.0,0.0,0.0,0.0,0.0,0.0,0.0,54.28326371178611,-2.4302138716631845,True,False,True,False,True,0.0,0,0.9083085422864423,1.0323523161920953,False,False,False,False,-0.13378660375026735,-0.1833502582723321,False,False,False,False,-190295.0,-233489.5404441461,False,False,False,False,14512.490993341142,False,False,False,False
2025-09-11 16:00:00+00:00,175.26,175.81,175.25,175.69,8358.0,,,,,175.08191406405808,176.33047683157565,177.54345624114112,180.34024014743073,180.93451184325872,181.01215764149043,,,,,,172.95494967416195,173.421326676668,173.82614943029748,174.7978902952178,175.95186954368458,178.199802352045,176.07213600055664,178.9998397184603,"rgba(38, 166, 154, 1.0)",0.0,0.0,1.9143567286924048,178.07701406562938,-1.246901389826038,0.0,0.0,0.0,0.0,0.0,0.0,0.0,0.0,59.651627308734405,2.152445890709309,True,False,True,False,True,0.0,0,0.9339908952959028,1.023086928246261,False,False,False,False,-0.10491082067388444,-0.14413053947310828,False,False,False,False,-181937.0,-232690.2762512136,False,False,False,False,14417.0725283281,False,False,False,False
2025-09-11 17:00:00+00:00,175.71,176.19,175.55,176.19,11659.0,,,,,175.31328720030166,176.3272379951865,177.53312080005293,180.321333103661,180.9156140050615,180.99339735746474,,,,,,173.19989129603493,173.49980888330427,173.863185962497,174.81299060837367,175.95211594088033,178.19655555284146,176.07120829030575,178.9843330544109,"rgba(38, 166, 154, 1.0)",0.0,0.0,1.8848415160288006,178.09051111276682,-1.0083134823828772,0.0,0.0,0.0,0.0,0.0,0.0,0.0,0.0,64.16000912189799,6.007106325149024,True,False,True,False,True,0.014216270170045675,0,0.9342986816511777,1.0045385779122544,False,False,False,False,-0.08424253805665123,-0.11418653876487975,False,False,False,True,-170278.0,-231722.6440612723,False,False,False,False,14374.311713935416,False,False,False,False
2025-09-11 18:00:00+00:00,176.19,176.335,175.43,175.56,12457.0,,,,,175.4132377832615,176.32188902625674,177.52081615717825,180.30038287213495,180.8947632777349,180.9727073060808,,,,,,173.40514140561018,173.5720975060449,173.89772946842385,174.82597980079362,175.95025532022558,178.19278279521393,176.0681645189018,178.96684068106146,"rgba(38, 166, 154, 1.0)",0.0,0.0,1.8546417298096043,178.09947885969905,-1.3692557537566814,0.0,0.0,0.0,0.0,0.0,0.0,0.0,0.0,64.29312162626776,6.034642008568511,True,False,True,False,True,0.0,0,0.936212553111386,1.0013445920507718,False,False,False,False,-0.0834841483519321,-0.09883534355840592,False,False,False,False,-182735.0,-230963.1457037332,False,False,False,False,14344.585950928666,False,False,False,False
2025-09-11 19:00:00+00:00,175.575,176.4,175.575,176.11,28578.0,,,,,175.61734591625836,176.3155077448239,177.49723145778634,180.25569238609378,180.8498977731265,180.92813945573724,,,,,,173.8106544740515,173.73897014354114,173.982530832818,174.86210455977823,175.95209272527703,178.1850741016067,176.06724716443463,178.9305510704304,"rgba(38, 166, 154, 1.0)",0.0,0.0,1.8287462795478702,177.86362568306245,-0.9589223517086228,0.0,0.0,0.0,0.0,0.0,0.0,0.0,0.0,65.60655850092986,7.479505215064179,True,False,True,False,True,0.0,0,0.9387153800824986,0.9995178657523974,False,False,False,True,-0.0771173703663661,-0.08797635696238601,False,False,False,False,-154157.0,-229772.35274708617,False,False,False,False,14565.259036960779,False,False,False,False
2025-09-12 14:00:00+00:00,175.65,175.95,174.355,174.43,10277.0,,,,,175.54211416439315,176.304618742484,177.48262146608417,180.2356637612323,180.83027518805434,180.90870012218366,,,,,,173.8686381183713,173.76693755806338,173.99564201390746,174.8626343328317,175.9433617643537,178.18088701395504,176.05775497160022,178.9127817387485,"rgba(38, 166, 154, 1.0)",0.0,0.0,1.8037582337361626,177.8441063235405,-1.8927737984423687,0.0,0.0,0.0,0.0,0.0,0.0,0.0,0.0,60.5079104963542,7.479505215064179,True,False,True,False,False,0.0,0,0.9239371241692158,1.0019516826669481,False,False,False,False,-0.1279645801890433,-0.10797046857571466,False,False,False,False,-164434.0,-228759.3550300771,False,False,False,False,14498.77440072883,False,False,False,False
2025-09-12 15:00:00+00:00,174.43,174.59,173.765,173.895,9092.0,,,,,175.41638556843716,176.28947973012146,177.46571277690515,180.2153318733616,180.81060849285103,180.88924567758147,,,,,,173.8781957793718,173.77347522243565,173.996723258849,174.8553338636218,175.92965448890868,178.1762553341665,176.04351022642965,178.8939642921731,"rgba(38, 166, 154, 1.0)",0.0,0.0,1.7773651492811275,177.81718244976565,-2.20673982009381,0.0,0.0,0.0,0.0,0.0,0.0,0.0,0.0,55.66641078756005,14.113603619509632,True,False,True,False,False,0.0,0,0.9180197810334794,1.0240651610514624,False,False,False,False,-0.18820195460688874,-0.1480862115913017,False,False,False,False,-173526.0,-227903.02394433948,False,False,False,False,14414.948441027607,False,False,False,False
2025-09-12 16:00:00+00:00,173.88,174.13,173.08,173.47,10223.0,,,,,175.25237922809688,176.26872215713044,177.443989818069,180.1906932790809,180.78692221965863,180.8658313646116,,,,,,173.86302770239394,173.7686281033587,173.99075135142846,174.84183194258085,175.91018064269787,178.1703956931602,176.02352583912008,178.8706976520921,"rgba(38, 166, 154, 1.0)",0.0,0.0,1.7341553620783496,177.78349816076556,-2.487376999253356,0.0,0.0,0.0,0.0,0.0,0.0,0.0,0.0,51.344653121385676,10.02659463351278,True,False,False,False,False,0.0,0,0.8991333014303184,1.0386026479502313,False,False,False,False,-0.22418376053823236,-0.18613498606476703,False,False,False,False,-183749.0,-227218.4654335745,False,False,False,False,14349.956992329504,False,False,False,False
2025-09-12 17:00:00+00:00,173.52,174.22,173.52,174.04,7118.0,,,,,175.17555541986889,176.25638599902965,177.43042131346314,180.17458825410483,180.77135340752255,180.85043053873554,,,,,,173.86507206707105,173.77108771576923,173.9901469503561,174.83523788941056,175.89889558836424,178.16664833857467,176.01184302945103,178.85572746027302,"rgba(38, 166, 154, 1.0)",0.0,0.0,1.679753636484996,177.76749484237172,-2.219072345735041,0.0,0.0,0.0,0.0,0.0,0.0,0.0,0.0,50.32049450730537,8.907813375669022,True,False,False,False,False,0.0,0,0.9036977919659483,1.0360734237829208,False,False,False,False,-0.20746283343782854,-0.19679890975129777,False,False,False,False,-176631.0,-226434.1636439067,False,False,False,False,14237.83362810734,False,False,False,False
2025-09-12 18:00:00+00:00,174.055,174.78,173.885,174.77,13091.0,,,,,175.10840464821996,176.2393269286206,177.4096246560643,180.1477803200548,180.74519686954383,180.82452665083974,,,,,,173.89928311181376,173.79076804613487,173.99847039361578,174.83057019353507,175.88418524518588,178.16066814479652,175.99628867924386,178.83148565910977,"rgba(38, 166, 154, 1.0)",0.0,0.0,1.6239586628803224,177.75193556345658,-1.836213957667916,0.0,0.0,0.0,0.0,0.0,0.0,0.0,0.0,51.756359255200884,8.907813375669022,True,False,False,False,False,0.0,0,0.9025592115720866,1.0321623483282996,False,False,False,False,-0.17537961212722264,-0.1860892609392602,False,False,False,False,-163540.0,-225459.0603315981,False,False,False,False,14220.053261780095,False,False,False,False
2025-09-12 19:00:00+00:00,174.78,174.78,173.82,173.955,29917.0,,,,,174.9418254341534,176.1952505257411,177.35853271076044,180.0843317313665,180.68346954543017,180.76341151022157,,,,,,173.93158964638832,173.81433936094524,174.00546575073437,174.81183538819212,175.84490351603165,178.1459911768773,175.95525445188574,178.77341494878192,"rgba(38, 166, 154, 1.0)",0.0,0.0,1.5676238028917238,177.70864390113599,-2.394480036735726,0.0,0.0,0.0,0.0,-1.0,173.885,173.875,0.0,50.27911831594383,8.253924888372886,True,False,False,False,False,0.0,0,0.9041398925524066,1.02912672495523,False,False,False,False,-0.17643220393556147,-0.18126073243741084,False,False,False,False,-193457.0,-224962.9043574648,False,False,False,False,14463.416777101333,False,False,False,False
2025-09-15 14:00:00+00:00,173.875,173.875,172.88,173.27,11160.0,,,,,174.8409340677966,176.17259306084517,177.33493078406985,180.05767355462459,180.6577899753968,180.73801493224238,,,,,,173.90771409350702,173.8040269860261,173.99630752430284,174.7960903827392,175.82350080558606,178.13938413527444,175.9333522862095,178.74820927446626,"rgba(38, 166, 154, 1.0)",0.0,0.0,1.5149558462943924,177.6825344622751,-2.912648888789877,0.0,0.0,0.0,0.0,-1.0,173.82,173.7,0.0,47.52391553514539,5.229939707409287,False,False,False,True,False,0.0,0,0.8962749213011538,1.0384575026232947,False,False,False,False,-0.23595612825296658,-0.20860843034518872,False,False,False,False,-204617.0,-224647.4639798297,False,False,False,False,14412.201013115266,False,False,False,False
2025-09-15 15:00:00+00:00,173.285,173.7,172.815,172.96,11029.0,,,,,174.7422396988408,176.14912491558252,177.3108184012737,180.03082105183034,180.63195618403128,180.71246875675797,,,,,,173.87889366618663,173.79039898026295,173.98503565799385,174.77893799198986,175.8011697599567,178.13262365145067,175.9105590516896,178.7226913298531,"rgba(239, 83, 80, 1.0)",0.0,0.0,1.46760525966745,177.65579152014823,-3.199628434973213,0.0,0.0,0.0,0.0,0.0,0.0,0.0,0.0,44.93017772158905,2.415313972212317,False,False,False,True,False,0.0,0,0.8960528384966185,1.0408869319075327,False,False,False,False,-0.23705532630576454,-0.22283187832547663,False,False,False,False,-215646.0,-224507.9063987471,False,False,False,False,14359.748284229758,False,False,False,False
2025-09-15 16:00:00+00:00,172.96,173.365,172.845,172.875,6515.0,,,,,174.68484342873592,176.13483767542584,177.29626337192008,180.01475864900988,180.616515221648,180.6972006763903,,,,,,173.85999960789397,173.7810148222913,173.97749371798997,174.76817425668074,175.78751315197636,178.12853460160113,175.89664209778934,178.70737703463078,"rgba(239, 83, 80, 1.0)",0.0,0.0,1.4452571547128301,177.63966246409,-3.296757569096233,0.0,0.0,0.0,0.0,0.0,0.0,0.0,0.0,42.98377095575102,0.22277416308315878,False,True,False,True,False,0.0,0,0.912058698426201,1.043279455550829,False,False,False,False,-0.2477529210194968,-0.23529239967248672,False,False,False,False,-222161.0,-224471.5202530301,False,False,False,False,14238.124279823094,False,False,False,False
2025-09-15 17:00:00+00:00,172.905,173.06,172.46,172.81,10880.0,,,,,174.58377946750784,176.10935804337393,177.2707555508869,179.98713784742964,180.5900176784793,180.6710055999087,,,,,,173.82124910685326,173.7607771180435,173.96189025463164,174.74793312744328,175.7629511228914,178.12138426847025,175.87168501025872,178.68085985792266,"rgba(239, 83, 80, 1.0)",0.0,0.0,1.437974874169968,177.6107169895925,-3.3385263371612006,0.0,0.0,0.0,0.0,0.0,0.0,0.0,0.0,41.504891462572786,-1.5553026567768526,False,True,False,True,False,0.0,0,0.9056503481635034,1.0392281932706104,False,False,False,False,-0.27216476894884545,-0.2537285843106661,False,False,False,False,-233041.0,-224604.3804041459,False,False,False,False,14186.060337500256,False,False,False,False
2025-09-15 18:00:00+00:00,172.81,172.81,172.32,172.745,19554.0,,,,,174.41353182681564,176.0624834327358,177.22410532522233,179.93698974900957,180.54192695744408,180.62346348584245,,,,,,173.7489912589609,173.7210829154022,173.9313819942706,174.7098498540099,175.7176084330509,178.10821798761143,175.82567095889792,178.63258431600357,"rgba(239, 83, 80, 1.0)",0.0,0.0,1.4387538652216,177.5586276215883,-3.3456922257142923,0.0,0.0,0.0,0.0,0.0,0.0,0.0,0.0,40.32097336108186,-3.0899074724210394,False,True,False,True,False,0.0,0,0.9049314486130297,1.0399617387607605,False,False,False,False,-0.2861023612479826,-0.2699154727793244,False,False,False,False,-252595.0,-225038.34349865525,False,False,False,False,14269.284208236684,False,False,False,False
2025-09-15 19:00:00+00:00,172.79,172.795,171.835,172.185,27635.0,,,,,174.17921908875104,175.99175532388938,177.15480735887002,179.86390209041994,180.47195444049254,180.55429785527377,,,,,,173.6327964340163,173.6528626907633,173.87952662116462,174.6495640680599,175.64864587693498,178.08852559812956,175.75588319049857,178.56171968896797,"rgba(239, 83, 80, 1.0)",0.0,0.0,1.43615624385447,177.481229172426,-3.687780626299793,0.0,0.0,0.0,0.0,0.0,0.0,0.0,0.0,37.88773712774934,-5.767824346138283,False,True,False,True,False,0.0,0,0.900212089077412,1.0428419936373277,False,False,False,False,-0.304131566583053,-0.28702351968118867,False,False,False,False,-280230.0,-225894.0280955753,False,False,False,False,14476.504608108984,False,False,False,False
2025-09-16 14:00:00+00:00,170.67,171.84,170.3,170.95,20860.0,,,,,173.93900264986547,175.92284636827623,177.09079179357775,179.80077635408873,180.41203603475333,180.49512918608036,,,,,,173.48692901363094,173.56287389850064,173.81387215404206,174.5832464737208,175.57991318371867,178.07059452520053,175.68685775258365,178.4989106953916,"rgba(239, 83, 80, 1.0)",0.0,0.0,1.4680068610703374,176.91549206005408,-4.063667696828469,0.0,0.0,0.0,0.0,0.0,0.0,0.0,0.0,33.58205814174753,-10.053308584430624,False,True,False,True,False,0.0,0,0.875554164710791,1.0506962916601466,False,False,False,False,-0.34282825441539394,-0.3149258870482913,False,False,False,False,-301090.0,-227059.85711734934,False,False,False,False,14575.473528913495,False,False,False,False
2025-09-16 15:00:00+00:00,170.905,171.5,170.8,171.32,10432.0,,,,,173.838603822875,175.89031681902475,177.06019582461676,179.77017371999688,180.38291433299312,180.46636124575951,,,,,,173.42476317286426,173.5231281009354,173.78417296629337,174.5525886319888,175.54760699049078,178.06188555341618,175.6543703264242,178.4686251969993,"rgba(239, 83, 80, 1.0)",0.0,0.0,1.4738719919498116,176.8841166823247,-3.775169562021353,0.0,0.0,0.0,0.0,0.0,0.0,0.0,0.0,32.61064309182696,-11.169242821777956,False,True,False,True,False,0.0,0,0.8871893923574856,1.0526205888494462,False,False,False,False,-0.33708919171516694,-0.3260075393817291,False,False,False,False,-290658.0,-228045.8748364602,False,False,False,False,14511.233629240416,False,False,False,False
2025-09-16 16:00:00+00:00,171.335,171.69,170.985,171.42,14537.0,,,,,173.7181154908938,175.84723544182663,177.0192261327429,179.72867237788694,180.3433340856272,180.42724941374541,,,,,,173.34937588015018,173.47356349840808,173.74637192600775,174.5127619929202,175.5049894605488,178.0500658365366,175.6114608608606,178.42775049421647,"rgba(239, 83, 80, 1.0)",0.0,0.0,1.4748646296122039,176.84428588718725,-3.677819494941384,0.0,0.0,0.0,0.0,0.0,0.0,0.0,0.0,32.48455866956888,-11.62401564521916,False,True,False,True,False,0.0,0,0.8972808078683006,1.0449166359859041,False,False,False,False,-0.32372095161049635,-0.3248642454961127,False,False,False,False,-276121.0,-228791.2256141895,False,False,False,False,14511.633107856844,False,False,False,False
2025-09-16 17:00:00+00:00,171.38,171.62,171.12,171.24,8964.0,,,,,173.64838052391082,175.82085277465092,176.99408606486568,179.7031685601506,180.31899682460434,180.40319754896552,,,,,,173.30473334564402,173.44358393178908,173.7232799103442,174.48840273465845,175.4789008999534,178.0427565034861,175.58519172257826,178.40264388561795,"rgba(239, 83, 80, 1.0)",0.0,0.0,1.48102182889488,176.81878219403674,-3.766846703535458,0.0,0.0,0.0,0.0,0.0,0.0,0.0,0.0,31.930984176463298,-12.568250293179858,False,True,False,True,False,0.0,0,0.9052107604321115,1.0440055073077734,False,False,False,False,-0.32141523841494424,-0.32313974195552847,False,False,False,False,-285085.0,-229663.99731009352,False,False,False,False,14425.623292231156,False,False,False,False
2025-09-16 18:00:00+00:00,171.24,171.87,171.03,171.75,10176.0,,,,,173.58114396701743,175.79274362820212,176.96692872411833,179.67517037055023,180.29220994464904,180.37671535739386,,,,,,173.2618434792286,173.41403488594395,173.6999877054475,174.46311914159833,175.45124886888368,178.0347534158632,175.55730206447123,178.37524977453924,"rgba(239, 83, 80, 1.0)",0.0,0.0,1.47796899844545,176.79374481906814,-3.412618819727088,0.0,0.0,0.0,0.0,0.0,0.0,0.0,0.0,34.381167218871084,-12.568250293179858,False,True,False,True,True,0.0,0,0.9093068679723378,1.030143060761231,False,False,False,False,-0.31575362960824194,-0.3194466857818852,False,False,False,False,-274909.0,-230365.47022001454,False,False,False,False,14359.737659793464,False,False,False,False
2025-09-16 19:00:00+00:00,171.74,171.835,171.24,171.355,26464.0,,,,,173.4192676851351,175.7201112964392,176.8966156881172,179.60260069013566,180.22272940284046,180.30801497238633,,,,,,173.15514974367076,173.33847818205936,173.63969894883817,174.3977533821412,175.3798076929608,178.01379810717074,175.48524969141366,178.30426820368476,"rgba(239, 83, 80, 1.0)",0.0,0.0,1.4762096215823612,176.72604276029324,-3.6384011333945816,0.0,0.0,0.0,0.0,0.0,0.0,0.0,0.0,34.754018190063164,-12.568250293179858,False,True,False,True,True,0.0,0,0.9136075949367086,1.028111814345991,False,False,False,False,-0.30958358834739047,-0.31451513706463785,False,False,False,False,-301373.0,-231466.36215458796,False,False,False,False,14547.400641812168,False,False,False,False
2025-09-17 14:00:00+00:00,172.64,172.64,171.7,172.16,23153.0,,,,,173.3402874281611,175.6685534590013,176.84420594834435,179.54545839898145,180.16755923093078,180.25340250118956,,,,,,173.10603139940574,173.29981484621902,173.60556273431763,174.3558329985796,175.33006122419417,177.99749767405237,175.43476411969158,178.2495106338268,"rgba(239, 83, 80, 1.0)",0.0,0.0,1.4566735893642886,176.6877753723091,-3.108297840619925,0.0,0.0,0.0,0.0,0.0,0.0,0.0,0.0,38.8902017310746,-16.079691846741937,False,True,False,True,True,0.0,0,0.9165140974002193,1.0147512685044724,False,False,False,False,-0.2656245160068429,-0.29006982653574037,False,False,False,False,-278220.0,-232191.22475684242,False,False,False,False,14680.82078690035,False,False,False,False
2025-09-17 15:00:00+00:00,172.18,172.42,171.95,172.325,8925.0,,,,,173.31398110286324,175.64943780893003,176.82458836358546,179.5238570400653,180.14666466948333,180.23271332256016,,,,,,173.08959797950865,173.28640001566646,173.59339819850385,174.3405586015069,175.31167951244754,177.99130821496675,175.41608973479626,178.22888552129842,"rgba(239, 83, 80, 1.0)",0.0,0.0,1.4307904858573504,176.67329557227401,-3.0390861661820905,0.0,0.0,0.0,0.0,0.0,0.0,0.0,0.0,42.35261584666286,-12.772358137061588,False,True,False,True,True,0.0,0,0.92245412964618,1.0181378476420797,False,False,False,False,-0.26459469961056964,-0.277332263073155,False,False,False,False,-269295.0,-232766.47708619368,False,False,False,False,14591.5832553205,False,False,False,False
2025-09-17 16:00:00+00:00,172.35,172.38,171.86,172.105,13209.0,,,,,173.27330296515663,175.6205811804051,176.7951288895392,179.4916124273498,180.1154890043039,180.20184480896495,,,,,,173.06322209064,173.265024215188,173.57427586988018,174.31712285375895,175.2838559050269,177.98198710490288,175.38784978361124,178.1980297038655,"rgba(239, 83, 80, 1.0)",0.0,0.0,1.4110558853983117,176.6499431087256,-3.2209518813230247,0.0,0.0,0.0,0.0,0.0,0.0,0.0,0.0,43.73055694992138,-11.426463644561004,False,True,False,True,True,0.0,0,0.9234900742456952,1.0135327260281186,False,False,False,False,-0.26906123018842093,-0.27319674663078797,False,False,False,False,-282504.0,-233537.60147245423,False,False,False,False,14570.147856013204,False,False,False,False
2025-09-17 17:00:00+00:00,172.105,172.285,171.575,171.74,5464.0,,,,,173.25383508486638,175.60794586422136,176.78240933418286,179.4779098488483,180.10226551417693,180.18875434483743,,,,,,173.04997500714222,173.25454786027004,173.56518802062686,174.30649514054753,175.27159667261526,177.9779771621795,175.37543320806884,178.18483948490578,"rgba(239, 83, 80, 1.0)",0.0,0.0,1.3950614859406927,176.6388181738168,-3.5115428410766394,0.0,0.0,0.0,0.0,0.0,0.0,0.0,0.0,43.16769989049096,-11.426463644561004,False,True,False,True,True,0.0,0,0.9223275408109526,1.013164823591364,False,False,False,False,-0.2821782960592033,-0.27768752134499564,False,False,False,False,-287968.0,-234381.48362016812,False,False,False,False,14428.96726909827,False,False,False,False
2025-09-17 18:00:00+00:00,171.8,172.37,171.05,171.72,3073.0,,,,,173.24193682191,175.60058724188826,176.77506231361954,179.47007020255347,180.09470900312272,180.18127489109858,,,,,,173.0417039961284,173.24808118763036,173.55966173347832,174.3001853297649,175.2644317940815,177.97566772010373,175.36818493008047,178.17726586556986,"rgba(239, 83, 80, 1.0)",0.0,0.0,1.3761963673280602,176.63208444076662,-3.569319435353275,0.0,0.0,0.0,0.0,0.0,0.0,0.0,0.0,42.71035268439683,-11.426463644561004,False,True,False,True,True,0.0,0,0.9178060745224922,1.0092370316250912,False,False,False,False,-0.2974859048358622,-0.28758671309042894,False,False,False,False,-291041.0,-235259.9257345841,False,False,False,False,14252.905761050235,False,False,False,False
2025-09-17 19:00:00+00:00,171.72,172.175,171.58,171.975,17661.0,,,,,173.18532651795738,175.56094210391436,176.73487203816364,179.42645434168446,180.05255603840484,180.13953640423446,,,,,,173.00283952813828,173.21657436232456,173.53184610263366,174.26722133677345,175.22605705194312,177.96284373863134,175.32928997094953,178.135394443734,"rgba(239, 83, 80, 1.0)",0.0,0.0,1.3492900635820264,176.59748232815278,-3.4258625724117873,0.0,0.0,0.0,0.0,0.0,0.0,0.0,0.0,43.90956840472007,-10.655607421997281,False,True,False,True,True,0.0,0,0.9214960095978297,1.0140837723645086,False,False,False,False,-0.28581931373342934,-0.28670301341192916,False,False,False,False,-273380.0,-235850.9346379239,False,False,False,False,14305.744431421548,False,False,False,False
2025-09-18 14:00:00+00:00,172.45,173.23,172.32,172.52,9246.0,,,,172.69,173.17454488668957,175.54488667435226,176.7174538991633,179.40616916263818,180.03275797576427,180.11990794196853,,,,,,172.99731441209295,173.21016227205462,173.52447981877606,174.2559151782888,175.21095865544396,177.9570140234216,175.31384023393045,178.116414664071,"rgba(239, 83, 80, 1.0)",0.0,0.0,1.3113226182044322,176.19889590730932,-2.80548497847673,0.0,0.0,0.0,0.0,0.0,0.0,0.0,0.0,47.521018404851695,-7.079257177307227,False,False,False,False,True,0.0,0,0.9228146311221321,1.0037197768133908,False,False,False,False,-0.22449756729725773,-0.2556002903545934,False,False,False,False,-264134.0,-236289.43177532044,False,False,False,False,14227.298781321988,False,False,False,False
2025-09-18 15:00:00+00:00,172.38,172.76,172.12,172.36,11614.0,,,,172.53596324704378,173.15428619441434,175.52304202213665,176.69429774060782,179.3798186460832,180.00710842615104,180.09448584613634,,,,,,172.9846403088317,173.19815787300374,173.51239979930375,174.23947206212196,175.19019261897643,177.94932580237406,175.292668610796,178.09155461006313,"rgba(239, 83, 80, 1.0)",0.0,0.0,1.2717700936791576,176.1755241476807,-3.0001681645482,0.0,0.0,0.0,0.0,0.0,0.0,0.0,0.0,49.028444810702396,-5.56102623223785,True,False,False,False,True,0.0,0,0.9227870967741933,1.0088258064516125,False,False,False,False,-0.24716958018255178,-0.2513849352685726,False,False,False,False,-275748.0,-236901.19252298988,False,False,False,False,14186.782521146453,False,False,False,False
2025-09-18 16:00:00+00:00,172.35,172.89,172.28,172.8,10020.0,,,,172.57512931778928,173.14311678400995,175.5058946166816,176.67564324710722,179.3580322691749,179.98582226199667,180.07337783907428,,,,,,172.97861212254614,173.19121012205457,173.50444798808496,174.2273789003257,175.17407121080882,177.9430006913212,175.27617235065543,178.0711917501944,"rgba(239, 83, 80, 1.0)",0.0,0.0,1.2238655419899647,176.16621032064208,-2.7504739737738855,0.0,0.0,0.0,0.0,0.0,0.0,0.0,0.0,52.1500730409397,-2.5610670782067047,True,False,True,False,True,0.0,0,0.922033010217448,1.0281896777574007,False,False,False,False,-0.2373270296991303,-0.24435598248385143,False,False,False,False,-265728.0,-237348.11977069546,False,False,False,False,14122.181241748833,False,False,False,False
2025-09-18 17:00:00+00:00,172.755,172.92,172.3,172.77,38156.0,,,,172.62387942522741,173.10533745247474,175.4425823396229,176.60627318264616,179.2764281740036,179.90595389260676,179.9941551829663,,,,,,172.95798885728763,173.1666198546112,173.47570207958452,174.1831606349555,175.11467261749758,177.9190827388504,175.21535612855396,177.99512126880563,"rgba(239, 83, 80, 1.0)",0.0,0.0,1.2177932782184318,176.12534249172526,-2.7552644210961192,0.0,0.0,0.0,0.0,0.0,0.0,0.0,0.0,54.03545395248723,-0.7536468618200232,True,False,True,False,True,0.0,0,0.9082290084332929,1.0319522287989102,False,False,False,False,-0.23563464101741854,-0.239995311750635,False,False,False,False,-303884.0,-238379.68380525833,False,False,False,False,14494.798586837998,False,False,False,False
2025-09-18 18:00:00+00:00,172.77,172.89,169.93,170.92,47103.0,,,,172.06531724915834,172.94066957573932,175.33030022347702,176.49427151729765,179.15739092617565,179.79090689933014,179.8802080801762,,,,,,172.83012302761884,173.06221419605004,173.38546671995144,174.0841302814213,175.004912221251,177.88197501844226,175.10450588850136,177.87993410438224,"rgba(239, 83, 80, 1.0)",0.0,0.0,1.2508675367920155,175.99133512227772,-4.054254325988598,0.0,0.0,0.0,0.0,-1.0,172.3,171.76,0.0,47.37469014578232,2.6881981530907098,False,False,False,True,False,0.0,1,0.8810999027087919,1.0383020123918274,False,False,False,False,-0.31858196406685463,-0.2792886379087448,False,False,False,False,-350987.0,-240125.5336687427,False,False,False,False,15000.35209711958,False,False,False,False
2025-09-18 19:00:00+00:00,170.935,171.76,170.42,170.935,61664.0,,,,171.7091481396077,172.74296362588353,175.1850323833048,176.34898591126574,179.00282232667018,179.64127532448157,179.7319549858524,,,,,,172.67047495369013,172.927710220745,173.26733841594137,173.95534662567158,174.86283750533667,177.83250966747906,174.96106873456145,177.73039902795918,"rgba(239, 83, 80, 1.0)",0.0,0.0,1.279214173196354,175.83729394004115,-3.8322698753343674,0.0,0.0,0.0,0.0,0.0,0.0,0.0,0.0,43.016266151878455,-1.1113031581943744,False,True,False,True,False,0.0,1,0.8815669139315107,1.0529417742099378,False,False,False,False,-0.3413914626826026,-0.3103400502956737,False,False,False,False,-289323.0,-240888.28508473115,False,False,False,False,15723.819506466563,False,False,False,False
2025-09-19 14:00:00+00:00,170.865,171.18,170.1,170.17,6540.0,,,,171.66565948621138,172.7183284823146,175.16821502412384,176.3324666461403,178.9856551354899,179.62470066201297,179.71553734101727,,,,,,172.65000037932026,172.91060163870216,173.2525568561294,173.9398461854222,174.84626359341144,177.82688022016055,174.94437864969643,177.7136384870187,"rgba(239, 83, 80, 1.0)",0.0,0.0,1.3201432764195726,175.8188404184478,-4.278960109366546,0.0,0.0,0.0,0.0,0.0,0.0,0.0,0.0,38.093336959205,-5.419126142321552,False,True,False,True,False,0.0,0,0.8817226041245448,1.0557015770319447,False,False,False,False,-0.34282825441539394,-0.32658415235553384,False,False,False,False,-295863.0,-241740.6062462082,False,False,False,False,15581.434707916695,False,False,False,False
2025-09-19 15:00:00+00:00,170.175,170.23,168.99,169.2,10920.0,,,,171.54305458108635,172.66031326437388,175.1344049198941,176.30036324224002,178.95375750985662,179.5941158519761,179.68526912614072,,,,,,172.60111053248727,172.870895455286,173.21934718989974,173.90679776001625,174.81252550091864,177.81620964604986,174.9105393941042,177.68193988109508,"rgba(239, 83, 80, 1.0)",0.0,0.0,1.3922166200425339,175.77818189923283,-4.724970097707836,0.0,0.0,0.0,0.0,0.0,0.0,0.0,0.0,32.9180321761772,-9.94273394951589,False,True,False,True,False,0.0,0,0.8672966723635264,1.0700713783050164,False,False,False,False,-0.34282825441539394,-0.33470620338546386,False,False,False,False,-306783.0,-242749.01545169333,False,False,False,False,15509.164402367598,False,False,False,False
2025-09-19 16:00:00+00:00,169.2,169.675,168.94,169.605,6247.0,,,,171.47682454137924,172.62737294064195,175.11501744165258,176.28195460676943,178.93547821542896,179.57658723412885,179.66792139340365,,,,,,172.57323108428736,172.84815288148124,173.20027662857277,173.88782974864571,174.7931761847902,177.81006890347965,174.89113349494247,177.66376910787196,"rgba(239, 83, 80, 1.0)",0.0,0.0,1.4400858082561192,175.7551350393331,-4.27067262525187,0.0,0.0,0.0,0.0,0.0,0.0,0.0,0.0,31.695313475721278,-10.911664070365077,False,True,False,True,False,0.0,0,0.8784538805363672,1.07222673709874,False,False,False,False,-0.34282825441539394,-0.3387672289004289,False,False,False,False,-300536.0,-243644.93769275234,False,False,False,False,15365.564954268875,False,False,False,False
2025-09-19 17:00:00+00:00,169.61,170.37,169.285,170.02,6840.0,,,,171.4247848012159,172.59737967123002,175.095730411321,176.2633248793346,178.91655848372187,179.55837574488478,179.64988856132769,,,,,,172.5478487620365,172.82705286039482,173.1822551165778,173.8694717753879,174.77404170533367,177.80374298544442,174.8719069926525,177.6451280184732,"rgba(239, 83, 80, 1.0)",0.0,0.0,1.4749097025364557,175.73346346948227,-3.87377170253651,0.0,0.0,0.0,0.0,0.0,0.0,0.0,0.0,33.01406955198968,-10.911664070365077,False,True,False,True,False,0.0,0,0.8854145550375023,1.060358808027569,False,False,False,False,-0.30974145082029303,-0.32425433986036095,False,False,False,False,-293696.0,-244420.9231548802,False,False,False,False,15233.385652652303,False,False,False,False
2025-09-19 18:00:00+00:00,170.02,170.41,169.46,170.31,9337.0,,,,171.36624664464728,172.55996520418978,175.0704754697037,176.2387360995781,178.89133870522073,179.5340572517751,179.62580259355397,,,,,,172.5161134480569,172.80035569053186,173.1592116325247,173.84573167150342,174.74905417644308,177.79530740762868,174.84677822695969,177.62037504536315,"rgba(239, 83, 80, 1.0)",0.0,0.0,1.5052988030593901,175.70592532494655,-3.584620750365172,0.0,0.0,0.0,0.0,0.0,0.0,0.0,0.0,35.31768024946578,-10.911664070365077,False,True,False,True,True,0.0,0,0.8909484712637888,1.0512768851055252,False,False,False,False,-0.3029847385565573,-0.3136195392084591,False,False,False,False,-284359.0,-245040.11814472702,False,False,False,False,15141.968820828237,False,False,False,False
2025-09-19 19:00:00+00:00,170.33,170.43,169.36,169.675,46404.0,,,,171.09484516069585,172.3729965578905,174.94283138285363,176.11476371944445,178.7647739529898,179.41202622543545,179.50493206124906,,,,,,172.3554780805773,172.66406063492505,173.04112240680988,173.72484341012208,174.62258001301345,177.75237119482057,174.7196564752052,177.49590980873248,"rgba(239, 83, 80, 1.0)",0.0,0.0,1.552619924719561,175.56805187929731,-3.795553429060705,0.0,0.0,0.0,0.0,0.0,0.0,0.0,0.0,34.98240024358058,-10.911664070365077,False,True,False,True,True,0.0,0,0.8927748271369876,1.0505561679527002,False,False,False,False,-0.30549569870678245,-0.3095576189576208,False,False,False,False,-330763.0,-246369.15507271574,False,False,False,False,15626.651474768883,False,False,False,False
2025-09-22 14:00:00+00:00,168.99,169.31,168.425,169.285,38154.0,,,,170.83124324085867,172.1940564001397,174.82646368500102,176.0036207786605,178.65408180515414,179.3056309522597,179.3995823926271,,,,,169.00666666666666,172.19899624218223,172.53145186417055,172.92707150509833,173.6111118215142,174.50650998959762,177.71382087689858,174.60324877792618,177.38595426204924,"rgba(239, 83, 80, 1.0)",0.0,0.0,1.6065229310325675,175.43964453088037,-3.8310343487749496,0.0,0.0,0.0,0.0,0.0,0.0,0.0,0.0,33.74622890314475,-10.911664070365077,False,True,False,True,True,0.0,0,0.8768541562966651,1.0628670980587351,False,False,False,False,-0.34282825441539394,-0.3261929366865074,False,False,False,False,-368917.0,-248269.12166073563,False,False,False,False,15975.912692214326,False,False,False,False
2025-09-22 15:00:00+00:00,168.97,169.63,168.595,168.8,28247.0,,,,170.6754399652639,172.07343395355548,174.74323279046249,175.92356958515248,178.5737500281321,179.2282657755962,179.3229519987921,,,,,169.0073756670331,172.09230806048686,172.43935265040147,172.84673798829587,173.53041114317398,174.4236479494748,177.68550411668946,174.52010274293917,177.30638296228042,"rgba(239, 83, 80, 1.0)",0.0,0.0,1.666300233593578,175.35069862853274,-3.9312835084979585,0.0,0.0,0.0,0.0,0.0,0.0,0.0,0.0,31.77313782384395,-11.847794214904425,False,True,False,True,True,0.0,0,0.8806711009629701,1.0593666236473738,False,False,False,False,-0.32772721953466777,-0.3269600781105876,False,False,False,False,-397164.0,-250577.56938692575,False,False,False,False,16166.162107838909,False,False,False,False
2025-09-22 16:00:00+00:00,168.875,169.205,168.42,169.16,19450.0,,,,170.57833466212494,171.99351969522982,174.68651313130204,175.86888017844808,178.51875336430794,179.17525514693926,179.2704362653866,,,,,168.98946820654388,172.02109989350666,172.3772712758914,172.7921974211426,173.4755143932346,174.36720714560056,177.66593415657388,174.4634627653656,177.251945875175,"rgba(239, 83, 80, 1.0)",0.0,0.0,1.7025444656933943,175.2908907457986,-3.6010165192964196,0.0,0.0,0.0,0.0,0.0,0.0,0.0,0.0,32.48533431003764,-11.847794214904425,False,True,False,True,True,0.0,0,0.8756818978029125,1.0761223162003897,False,False,False,False,-0.34282825441539394,-0.33489416626299073,False,False,False,False,-377714.0,-252548.67683829123,False,False,False,False,16217.07432322125,False,False,False,False
2025-09-22 17:00:00+00:00,169.16,169.725,168.965,169.645,25230.0,,,,170.5021188637034,171.9122007272853,174.62102160263944,175.80438700823842,178.45213413166712,179.11072529459452,179.20646374462854,,,,,169.09293385007336,171.9480263991746,172.31152347185653,172.7328341380845,173.41409830149792,174.30249134776201,177.64217189303372,174.3983789479979,177.18669510266724,"rgba(239, 83, 80, 1.0)",0.0,0.0,1.7257628552144655,175.22545085861825,-3.233613959042325,0.0,0.0,0.0,0.0,0.0,0.0,0.0,0.0,35.45545360464699,-11.847794214904425,False,True,False,True,True,0.0,0,0.8773963665562583,1.0699588477366253,False,False,False,False,-0.310336261898188,-0.32261521408058935,False,False,False,False,-352484.0,-254098.0616935115,False,False,False,False,16356.809605031773,False,False,False,False
2025-09-22 18:00:00+00:00,169.645,169.645,168.945,169.435,13980.0,,,,170.46043047018475,171.86754206521906,174.5847219219329,175.76863402306287,178.41522107375198,179.0749580004328,179.1710023583521,,,,,169.12073855958292,171.90769451949814,172.2750782971547,172.69983301579526,173.38000147628398,174.2666122281177,177.62889898537458,174.3623002580203,177.15053061918746,"rgba(239, 83, 80, 1.0)",0.0,0.0,1.7538154725390205,175.18922238791944,-3.280973670273864,0.0,0.0,0.0,0.0,0.0,0.0,0.0,0.0,36.71401071757204,-11.847794214904425,False,True,False,True,True,0.0,0,0.8688935700672082,1.0751329120272841,False,False,False,False,-0.3130956883107418,-0.3178554511956656,False,False,False,False,-366464.0,-255840.1692641547,False,False,False,False,16319.95984371345,False,False,False,False
2025-09-22 19:00:00+00:00,169.41,170.925,168.945,170.145,49508.0,,,,170.4090297230961,171.7595911121361,174.4758587206612,175.6578861497687,178.29625372618315,178.95886339347106,179.05578392627558,,,,,169.37151627723136,171.80884349579628,172.18053331678888,172.61005608375322,173.28281348862672,174.1601864996816,177.58596961563734,174.2549183025,177.03575284807704,"rgba(239, 83, 80, 1.0)",0.0,0.0,1.7694649774188427,174.61643167618007,-2.5269964273057473,0.0,0.0,0.0,0.0,0.0,0.0,0.0,0.0,40.91343363558087,-14.741882325099049,False,True,False,True,True,0.0,1,0.8709072052940885,1.0592128006321295,False,False,False,False,-0.2742763637240636,-0.2960659074598646,False,False,False,False,-316956.0,-256787.70152362518,False,False,False,False,16834.50310195045,False,False,False,False
2025-09-23 14:00:00+00:00,169.77,170.0,168.27,168.48,7667.0,,,,170.38339392791983,171.7343007490793,174.45546915604794,175.6378858209336,178.27575136756903,178.9389967018517,179.03608477037346,,,,,169.35237992676164,171.78575972150796,172.1596168656834,172.59109892587867,173.26342898888268,174.1399856641739,177.57841637901106,174.23462238827884,177.0156062583237,"rgba(239, 83, 80, 1.0)",0.0,0.0,1.8273890940099398,174.58945646621115,-3.343270727748978,0.0,0.0,0.0,0.0,0.0,0.0,0.0,0.0,38.70907624811484,-14.741882325099049,False,True,False,True,True,0.0,1,0.86622057243333,1.0674514017778642,False,False,False,False,-0.3224643905088664,-0.3092651489843655,False,False,False,False,-324623.0,-257839.41157752246,False,False,False,False,16692.371270912456,False,False,False,False
2025-09-23 15:00:00+00:00,168.48,168.48,167.655,167.97,17971.0,,,,170.29249759134578,171.6587404597939,174.40074334833707,175.585379182799,178.22355031234517,178.8886674912077,178.98621280644252,,,,,169.23412914300368,171.71687890939154,172.09857737412437,172.53693697263407,173.20957992693673,174.08535031547396,177.55896664987114,174.17986175341713,176.96367507825528,"rgba(239, 83, 80, 1.0)",0.0,0.0,1.8938793020719107,174.51235309834004,-3.454472041160536,0.0,0.0,0.0,0.0,0.0,0.0,0.0,0.0,36.1539724879668,-14.741882325099049,False,True,False,True,False,0.0,1,0.8643637782982043,1.077868852459016,False,False,False,False,-0.34282825441539394,-0.3260467016998797,False,False,False,False,-342594.0,-259153.43620422753,False,False,False,False,16712.19497213862,False,False,False,False
2025-09-23 16:00:00+00:00,167.99,168.315,167.715,168.265,11753.0,,,,170.23832689844858,171.6118065098518,174.36580564665357,175.55171519133907,178.18990822766378,178.85619341608043,178.95402769191355,,,,,169.17115024061144,171.6739347009638,172.0602325098048,172.50269485425403,173.17538239369432,174.0505132461616,177.54637368718093,174.14493237163296,176.93027440734372,"rgba(239, 83, 80, 1.0)",0.0,0.0,1.9390436204912331,174.46850551538066,-3.199260423965649,0.0,0.0,0.0,0.0,0.0,0.0,0.0,0.0,35.78804629776823,-14.741882325099049,False,True,False,True,False,0.0,1,0.8639972554401096,1.0835620466575178,False,False,False,False,-0.34282825441539394,-0.3344374780576368,False,False,False,False,-330841.0,-260264.87130183642,False,False,False,False,16635.30822838453,False,False,False,False
2025-09-23 17:00:00+00:00,168.265,168.52,167.83,168.235,10061.0,,,,170.19603641410484,171.5736800115641,174.33666052322243,175.52350778973027,178.16156062826667,178.8287976970476,178.92687082876003,,,,,169.12691547195988,171.6389466793018,172.02877389274,172.474433500942,173.1470200085697,174.0214910269977,177.53573027329134,174.1158216780695,176.9021922637363,"rgba(239, 83, 80, 1.0)",0.0,0.0,1.993947153827765,174.4342720083757,-3.1090452906311943,0.0,0.0,0.0,0.0,0.0,0.0,0.0,0.0,35.46681899097575,-14.741882325099049,False,True,False,True,False,0.0,0,0.8652048357887524,1.0765992853996373,False,False,False,False,-0.3331966017901888,-0.33381703992391276,False,False,False,False,-340902.0,-261515.05934366843,False,False,False,False,16533.38096902973,False,False,False,False
2025-09-23 18:00:00+00:00,168.23,168.285,167.595,167.695,9085.0,,,,170.15314836654233,171.53661743681982,174.30914850742633,175.4970603332834,178.13524076049626,178.803400890536,178.90170032740437,,,,,169.07704628323515,171.60492208798266,171.99834755936956,172.44724772324284,173.11996273088943,173.99403021791684,177.52579449807533,174.08829778421384,176.87601451090026,"rgba(239, 83, 80, 1.0)",0.0,0.0,2.055535652774095,174.4012865606723,-3.262549375692749,0.0,0.0,0.0,0.0,0.0,0.0,0.0,0.0,33.88175253075014,-11.08766185939271,False,True,False,True,False,0.0,0,0.8633223925929554,1.0806348895311806,False,False,False,False,-0.34282825441539394,-0.3383226471696533,False,False,False,False,-349987.0,-262886.71733834024,False,False,False,False,16417.90219431609,False,False,False,False
2025-09-23 19:00:00+00:00,167.69,168.37,167.5,168.065,29815.0,,,,170.02964240817354,171.42382063694416,174.2221287080937,175.41287701001926,178.05079922734453,178.7217788277743,178.82078348230277,,,,,168.95149821849017,171.5008827381978,171.9043472251524,172.3625123592972,173.03506116088548,173.90733374854912,177.49373327164162,174.00135488380877,176.79228870955353,"rgba(239, 83, 80, 1.0)",0.0,0.0,2.0994623979404765,174.30407875781313,-2.971750655755265,0.0,0.0,0.0,0.0,0.0,0.0,0.0,0.0,34.75216469121636,-11.08766185939271,False,True,False,True,False,0.0,0,0.8679698216735252,1.0751518714481672,False,False,False,False,-0.34282825441539394,-0.3405754507925236,False,False,False,False,-320172.0,-263774.86125557526,False,False,False,False,16625.60913703987,False,False,False,False
2025-09-24 14:00:00+00:00,167.425,168.42,167.055,168.07,23543.0,,,,169.93602452200176,171.3365071632614,174.15369104655437,175.34658385546325,177.98425888717438,178.65742223717209,178.75697475655923,,,,,168.8601973477605,171.41997424799828,171.8308141897876,172.29592156043287,172.96830224670737,173.83915813199246,177.46822450980872,173.93298604169323,176.72632211665726,"rgba(239, 83, 80, 1.0)",0.0,0.0,2.139597204663491,174.23003297066924,-2.8790619829016273,0.0,0.0,0.0,0.0,0.0,0.0,0.0,0.0,35.3592583658084,-11.08766185939271,False,True,False,True,False,0.0,0,0.864532737517,1.0704779483194091,False,False,False,False,-0.34282825441539394,-0.3417018526039588,False,False,False,False,-296629.0,-264284.2277477369,False,False,False,False,16732.855507008244,False,False,False,False
2025-09-24 15:00:00+00:00,168.12,168.37,167.4,167.84,14407.0,,,,169.88315200966792,171.28546748418233,174.11267258607404,175.30670175082625,177.9440524282574,178.61849217074638,178.71836894771496,,,,,168.8124651382481,171.37249678575841,171.7873543944976,172.2563258543672,172.92845981261806,173.7983381495894,177.45271601993943,173.8920387588323,176.68652937681662,"rgba(239, 83, 80, 1.0)",0.0,0.0,2.1802363703590175,174.18694395021333,-2.911126534949137,0.0,0.0,0.0,0.0,0.0,0.0,0.0,0.0,35.01389141086938,-11.08766185939271,False,True,False,True,False,0.0,0,0.8710659898477154,1.068068648779308,False,False,False,False,-0.3330572168952942,-0.3373795347496265,False,False,False,False,-311036.0,-265009.06142606656,False,False,False,False,16696.795731705788,False,False,False,False
2025-09-24 16:00:00+00:00,167.835,168.46,167.465,168.245,11114.0,,,,169.8477916077314,171.24920572341682,174.08232905183365,175.27698999331227,177.9138243665168,178.5891700141493,178.68928305341177,,,,,168.78536723282315,171.33863626103468,171.75604113062332,172.227540718032,172.89926567643863,173.76820740637913,177.44101887848106,173.86179420916517,176.65672030627402,"rgba(239, 83, 80, 1.0)",0.0,0.0,2.2058011925163474,174.1562916314984,-2.6798841398552637,0.0,0.0,0.0,0.0,0.0,0.0,0.0,0.0,37.16209914745983,-11.08766185939271,False,True,False,True,True,0.0,0,0.8789285368919828,1.0629049414950194,False,False,False,False,-0.32794786571645856,-0.33266370023304254,False,False,False,False,-299922.0,-265550.34729542985,False,False,False,False,16610.240759121203,False,False,False,False
2025-09-24 17:00:00+00:00,168.21,168.39,167.885,168.28,14186.0,,,,169.80769321322813,171.20590115525147,174.04485280055167,175.24008542973533,177.87600734612647,178.55243183122528,178.65283266126482,,,,,168.75909464963453,171.29805940601844,171.71818852210157,172.19248045108176,172.86348066245623,173.73105854417074,177.42633439411765,173.82448572252773,176.61953296315085,"rgba(239, 83, 80, 1.0)",0.0,0.0,2.2424966740976404,174.11948439929512,-2.6040102831567724,0.0,0.0,0.0,0.0,0.0,0.0,0.0,0.0,38.79819917418246,-11.08766185939271,False,False,False,True,True,0.0,0,0.8861647081580342,1.0585618260070602,False,False,False,False,-0.31647071702289115,-0.32456720862796684,False,False,False,False,-285736.0,-265863.3031513146,False,False,False,False,16572.655631072812,False,False,False,False
2025-09-24 18:00:00+00:00,168.265,168.335,167.73,167.77,23467.0,,,,169.73623702652645,171.1314082640552,173.98139629633408,175.1778242294835,177.8125569694303,178.49083070603731,178.59171747545315,,,,,168.70413990031778,171.22817844193568,171.65316689235107,172.13240413263827,172.80248537854087,173.66806614657588,177.40151659435432,173.76125249467154,176.55699768811422,"rgba(239, 83, 80, 1.0)",0.0,0.0,2.2865873269152117,174.05591343863952,-2.749037119487454,0.0,0.0,0.0,0.0,0.0,0.0,0.0,0.0,37.837616358628836,-11.08766185939271,False,True,False,True,True,0.0,0,0.8833799556284359,1.058695861869393,False,False,False,False,-0.3233471429679448,-0.3239571757979558,False,False,False,False,-309203.0,-266535.2364357904,False,False,False,False,16679.544691056177,False,False,False,False
2025-09-24 19:00:00+00:00,167.765,168.07,167.52,168.02,42383.0,,,,169.61531473203365,171.002179851907,173.86869021656523,175.06688986895477,177.69913677152272,178.38059059644587,178.48232380992505,,,,,168.61349516222634,171.1063612042357,171.53897679786905,172.0262331242866,172.69443023604606,173.556259881384,177.35666874008686,173.6490008048732,176.44534614167716,"rgba(239, 83, 80, 1.0)",0.0,0.0,2.3174270409434135,173.94435926656587,-2.5564383093389984,0.0,0.0,0.0,0.0,0.0,0.0,0.0,0.0,38.79175789983377,-11.08766185939271,False,False,False,True,True,0.0,0,0.8824944663651234,1.060051968049273,False,False,False,False,-0.33901180014558874,-0.33148448797177227,False,False,False,False,-266820.0,-266539.6513747704,False,False,False,False,17078.047874140575,False,False,False,False
2025-09-25 14:00:00+00:00,167.235,167.375,166.565,167.32,17311.0,,,,169.55011972581616,170.9398207743842,173.81798675589167,175.01771546826606,177.64991917109288,178.33291246972396,178.4350313872029,,,,167.08666666666667,168.54860723766694,171.0476743108279,171.4847558105015,171.97648525016433,172.6446987830626,173.50570265414422,177.33696962014577,173.5983242285467,176.39647346029335,"rgba(239, 83, 80, 1.0)",0.0,0.0,2.360542295307074,173.89116316626613,-2.7837515046140338,0.0,0.0,0.0,0.0,0.0,0.0,0.0,0.0,36.8451341910847,-11.08766185939271,False,True,False,True,False,0.0,1,0.8713809523809519,1.060285714285714,False,False,False,False,-0.34282825441539394,-0.3371563711935831,False,False,False,False,-284131.0,-266812.3854619832,False,False,False,False,17081.659535006613,False,False,False,False
2025-09-25 15:00:00+00:00,167.32,167.32,166.59,166.59,9583.0,,,,169.5118895721917,170.90393282062837,173.7891989329677,174.98989205949064,177.6222204360079,178.30610092395634,178.40843905138703,,,,166.9963977095263,168.5091808082383,171.0138864152725,171.4536078848724,171.9479698284433,172.616308344553,173.47696237516098,177.32582835789916,173.56952751961384,176.36890720585006,"rgba(239, 83, 80, 1.0)",0.0,0.0,2.4174710373077657,173.8606636179828,-3.0075494207698217,0.0,0.0,0.0,0.0,0.0,0.0,0.0,0.0,33.54203585839217,-12.724624809212159,False,True,False,True,False,0.0,1,0.8706140350877188,1.066361556064073,False,False,False,False,-0.34282825441539394,-0.3399923128044885,False,False,False,False,-293714.0,-267229.46475714626,False,False,False,False,16965.401247642167,False,False,False,False
2025-09-25 16:00:00+00:00,166.595,167.265,166.33,166.955,8014.0,,,,169.48092910220313,170.8745197671573,173.7653632932892,174.96681619398697,177.5992010481065,178.28380740481907,178.38632591751391,,,,166.96278847255644,168.47788928660242,170.9861547403865,171.4279710601139,171.92444174415758,172.5928461331339,173.45317690801258,177.3165441281122,173.54569230984868,176.34601611263778,"rgba(239, 83, 80, 1.0)",0.0,0.0,2.4583193006176915,173.83560847582572,-2.7989075601761124,0.0,0.0,0.0,0.0,0.0,0.0,0.0,0.0,33.60816772002748,-12.724624809212159,False,True,False,True,False,0.0,1,0.862411010915994,1.0692453725676314,False,False,False,False,-0.34282825441539394,-0.3414102836099412,False,False,False,False,-285700.0,-267515.82964463235,False,False,False,False,16826.61983295004,False,False,False,False
2025-09-25 17:00:00+00:00,166.95,167.055,166.19,166.345,12348.0,,,,169.4289762435697,170.82648845001506,173.72727139328512,174.93012411339393,177.5628744692615,178.24867018363258,178.35147853291892,,,,166.84970077873712,168.4228840224084,170.9408909592153,171.3863015077847,171.8863522052499,172.55507320151358,173.41510060678675,177.30183474459233,173.50755668230747,176.30977881891522,"rgba(239, 83, 80, 1.0)",0.0,0.0,2.5140149827196754,173.79495019230885,-2.96336745942916,0.0,0.0,0.0,0.0,0.0,0.0,0.0,0.0,31.976380742887606,-14.33510249134919,False,True,False,True,False,0.0,0,0.8614976805831671,1.0721385969894912,False,False,False,False,-0.34282825441539394,-0.34211926901266754,False,False,False,False,-298048.0,-267989.19662688614,False,False,False,False,16757.18386654771,False,False,False,False
2025-09-25 18:00:00+00:00,166.26,167.11,166.16,166.985,19031.0,,,,169.35824894028633,170.7582202175017,173.67112660083376,174.87567023151945,177.50846727499277,178.19594208249188,178.2991699275227,,,,166.82155518176015,168.35318343092825,170.8763191552318,171.32631885231822,171.831076102205,172.49987793231313,173.35909304765661,177.27970763424398,173.4514280208476,176.25570418052342,"rgba(239, 83, 80, 1.0)",0.0,0.0,2.5466388075700674,173.1385860759338,-2.4163560445406747,0.0,0.0,0.0,0.0,0.0,0.0,0.0,0.0,34.44272691515924,-14.33510249134919,False,True,False,True,True,0.0,0,0.8643660844592999,1.066851843133562,False,False,False,False,-0.3420591748786911,-0.3420892219456793,False,False,False,False,-279017.0,-268160.1703225933,False,False,False,False,16792.43682985705,False,False,False,False
2025-09-25 19:00:00+00:00,166.95,167.385,166.895,167.22,28491.0,,,,169.27487171458202,170.67034224878003,173.5936834287381,174.79958607905192,177.4311343158033,178.12073151621087,178.22451834142083,,,,166.925298363896,168.2834534002752,170.7926470228883,171.24725481032775,171.7570946539881,172.4250069328411,173.28214019504958,177.24805340945795,173.37421890466817,176.1793693702059,"rgba(239, 83, 80, 1.0)",0.0,0.0,2.5674347926325414,173.0775972948831,-2.2814979806661295,0.0,0.0,0.0,0.0,0.0,0.0,0.0,0.0,37.26289150635495,-16.71030037649267,False,True,False,True,True,0.0,0,0.8707489401789917,1.0663683466792273,False,False,False,False,-0.31086049358996654,-0.3264748577678229,False,False,False,False,-250526.0,-267886.7723330957,False,False,False,False,16973.80990226237,False,False,False,False
2025-09-26 14:00:00+00:00,168.95,168.97,168.24,168.64,12478.0,,,168.6166666666667,169.26408444405334,170.64856827844477,173.5678656094796,174.77297554133338,177.40236153261708,178.0924317108172,178.1963840362875,,,,167.12206958118892,168.29181460567585,170.7713621627159,171.22553721118007,171.73543029157446,172.40173481887481,173.25688564495883,177.2362373453318,173.34875821191218,176.15165375418837,"rgba(239, 83, 80, 1.0)",0.0,0.0,2.5637082956590276,172.58749031779328,-1.5397579843531117,0.0,0.0,0.0,0.0,0.0,0.0,0.0,0.0,44.537681266629065,-10.126174260427938,True,False,False,True,True,0.0,0,0.8757896692679296,1.054254923820141,False,False,False,False,-0.217711650523954,-0.2720932541458885,False,False,False,False,-238048.0,-267424.15570777643,False,False,False,False,16904.107423157522,False,False,False,False
2025-09-26 15:00:00+00:00,168.58,168.74,167.7,167.7,15622.0,,,168.2997791221827,169.23960729438818,170.6144834220949,173.5322398510791,174.73692641894115,177.36428282040092,178.05512106854428,178.15931030830382,,,,167.23961752035896,168.28434783131445,170.73839821415436,171.19301667927277,171.7038442808848,172.36866919213637,173.22181382826994,177.22051434440687,173.31347034289132,176.11463656581495,"rgba(239, 83, 80, 1.0)",0.0,0.0,2.567335585585708,172.55041850038168,-1.8892810615076354,0.0,0.0,0.0,0.0,0.0,0.0,0.0,0.0,45.954621750323376,-9.106398336314783,True,False,False,True,True,0.0,0,0.8794464567660437,1.054704188724807,False,False,False,False,-0.23390330628610304,-0.25299828021599574,False,False,False,False,-253670.0,-267210.91298362485,False,False,False,False,16884.22978868996,False,False,False,False
2025-09-26 16:00:00+00:00,167.74,168.565,167.71,168.535,5156.0,,,168.2951621762489,169.2332155271096,170.60439041995468,173.52105696946165,174.72550751141335,177.35208259299125,178.04314097670402,178.14740251363324,,,,167.28111159275403,168.2842050329277,170.72858113992294,171.18318045413108,171.69416718181589,172.35842414354067,173.21083694406298,177.2154628565934,173.30241604853933,176.1028293896236,"rgba(239, 83, 80, 1.0)",0.0,0.0,2.5663814273479173,172.5440502942053,-1.5621412512902406,0.0,0.0,0.0,0.0,0.0,0.0,0.0,0.0,49.43153682355458,-6.0289192850731155,True,False,False,False,True,0.0,0,0.8858428425642447,1.0476389275442988,False,False,False,False,-0.23892039563526718,-0.24595933792563146,False,False,False,False,-248514.0,-266921.0383637237,False,False,False,False,16702.39676871027,False,False,False,False
2025-09-26 17:00:00+00:00,168.47,168.6,168.185,168.285,6673.0,,,168.305440907611,169.22580037794899,170.59193634879122,173.50689193843866,174.7109862646023,177.33649153622258,178.0278166895843,178.13216856056633,,,,167.33439151887677,168.28512653222245,170.7164348286975,171.17092387789174,171.68203851620706,172.3455200517058,173.19695041164886,177.20899683521083,173.28842624337628,176.08776946216094,"rgba(239, 83, 80, 1.0)",0.0,0.0,2.5824503570935398,172.53691160745242,-1.6464640242834367,0.0,0.0,0.0,0.0,0.0,0.0,0.0,0.0,50.85505723034382,-4.784971728690991,True,False,True,False,True,0.0,0,0.8952554403661152,1.0457177547398895,False,False,False,False,-0.22197264293814886,-0.23396599043189015,False,False,False,False,-255187.0,-266739.11528831715,False,False,False,False,16546.902245164372,False,False,False,False
2025-09-26 18:00:00+00:00,168.285,168.285,167.79,167.835,4752.0,,,168.2697654484009,169.21828049202065,170.58163164205064,173.49609818788065,174.70005884350206,177.32494502317365,178.0164983017394,178.12092100790807,,,,167.35604957968533,168.28229832099422,170.70645578047163,171.16106994289208,171.67245693897638,172.33549548683024,173.1863237061024,177.2041971044802,173.2777346097668,176.07654598513628,"rgba(239, 83, 80, 1.0)",0.0,0.0,2.602005117334771,172.52737342112792,-1.8033682523784966,0.0,0.0,0.0,0.0,0.0,0.0,0.0,0.0,50.230677354566126,-4.784971728690991,True,False,False,False,True,0.0,0,0.8895234528602185,1.0476547139780916,False,False,False,False,-0.24560300184750003,-0.2397844961396951,False,False,False,False,-259939.0,-266633.68714431225,False,False,False,False,16364.035543688955,False,False,False,False
2025-09-26 19:00:00+00:00,167.835,167.98,167.54,167.695,24343.0,,,168.08234292902952,169.17423386403297,170.52551693022392,173.43916802261805,174.64272417941586,177.2647857231917,177.95758712366924,178.06238548563303,,,,167.41286166632074,168.25838862476522,170.65221947861755,171.10793134303043,171.62111582816672,172.28216740251145,173.1301692018397,177.17907270265016,173.22127058009713,176.0179056720533,"rgba(239, 83, 80, 1.0)",0.0,0.0,2.621962249164114,172.47208850236152,-1.8219516714569273,0.0,0.0,0.0,0.0,0.0,0.0,0.0,0.0,49.32713028820107,-4.784971728690991,True,False,False,False,True,0.0,0,0.8861666744741642,1.0498899142736682,False,False,False,False,-0.2642624486405158,-0.2520234723901055,False,False,False,False,-284282.0,-266907.3043978888,False,False,False,False,16487.7404189806,False,False,False,False
2025-09-29 14:00:00+00:00,167.66,168.56,167.545,168.13,6223.0,,,168.08201133157027,169.16595879689905,170.51323233182868,173.4256519572154,174.62893281845834,177.25007225605853,177.9431328561216,178.04801667052115,,,,167.4372182620203,168.2563879246824,170.64025209228052,171.0959549205773,171.60933594452678,172.26973796568782,173.11689280098065,177.17290187690006,173.2079041394781,176.00365727404377,"rgba(239, 83, 80, 1.0)",0.0,0.0,2.6321369354295676,172.4625069303391,-1.6460036223882948,0.0,0.0,0.0,0.0,0.0,0.0,0.0,0.0,50.377356339496444,-4.784971728690991,True,False,False,False,True,0.0,0,0.8870453693288332,1.0487907761529804,False,False,False,False,-0.24459925270501676,-0.24831136254756112,False,False,False,False,-278059.0,-267080.19890334783,False,False,False,False,16328.597156670823,False,False,False,False
2025-09-29 15:00:00+00:00,168.115,168.81,168.01,168.17,10172.0,,,168.1115427090772,169.15576668236827,170.4954637860313,173.4047379122365,174.6073753706306,177.22678026526376,177.92019747046044,178.02520916182687,,,,167.48761519337174,168.25770107514438,170.62282649307227,171.078196821143,171.59160895647443,172.25078898272088,173.09641752529993,177.16311178241972,173.1872691965501,175.98121298927546,"rgba(239, 83, 80, 1.0)",0.0,0.0,2.637553975367837,172.45065481922853,-1.6229638745616792,0.0,0.0,0.0,0.0,0.0,0.0,0.0,0.0,51.23081611742731,-3.7175703412772023,True,False,False,False,True,0.0,0,0.8891025039857445,1.0466566632279841,False,False,False,False,-0.21998937817822695,-0.23415037036289404,False,False,False,False,-267887.0,-267092.7074474819,False,False,False,False,16233.146037962748,False,False,False,False
2025-09-29 16:00:00+00:00,168.17,168.175,167.84,168.055,6293.0,,,168.1054900485578,169.14728894490693,170.48307885789168,173.39110828556713,174.5934644528297,177.211936669403,177.90561102285528,178.01070799557195,,,,167.50569270023416,168.2551427957721,170.61075262182473,171.06611108805987,171.5797154792782,172.2382472178653,173.0830284130894,177.1568559980868,173.17378990334137,175.96683934209318,"rgba(239, 83, 80, 1.0)",0.0,0.0,2.647642372968986,172.44022557380455,-1.6562756430307042,0.0,0.0,0.0,0.0,0.0,0.0,0.0,0.0,51.26418883337983,-3.321883947362579,True,False,False,False,True,0.0,0,0.8863892541799733,1.0503945143715945,False,False,False,False,-0.24608063728473964,-0.24011550382381686,False,False,False,False,-274180.0,-267202.58795217215,False,False,False,False,16079.035246676503,False,False,False,False
2025-09-29 17:00:00+00:00,168.08,168.18,167.855,168.17,6801.0,,,168.10292487624307,169.138629573729,170.47007526125677,173.37657866257268,174.57859904096088,177.19602687005892,177.88996691869028,177.9951538311666,,,,167.52548937439752,168.25296473128165,170.5980543234157,171.05334838224232,171.56711224542929,172.2249202453276,173.06876569455855,177.1501381016514,173.15942798361056,175.95145132417863,"rgba(239, 83, 80, 1.0)",0.0,0.0,2.61345428624876,172.42943319309953,-1.6298097179321038,0.0,0.0,0.0,0.0,0.0,0.0,0.0,0.0,51.822109313839874,-2.404431849823098,True,False,True,False,True,0.0,0,0.8872371454109229,1.04948957990309,False,False,False,False,-0.24472741443553817,-0.2424214591296775,False,False,False,False,-267379.0,-267205.3230226811,False,False,False,False,15935.189738976092,False,False,False,False
2025-09-29 18:00:00+00:00,168.1,168.5,168.1,168.3,5524.0,,,168.11338887447093,169.13319817131674,170.4606248137503,173.36534797304014,174.56700249999656,177.18347203650063,177.8775956806788,177.98284999161464,,,,167.54700886083378,168.25340597948048,170.58876933693782,171.04386013068148,171.55761528590202,172.21475798700226,173.057774559721,177.14482790881829,173.1483502023372,175.93936273114815,"rgba(239, 83, 80, 1.0)",0.0,0.0,2.5653216137528827,172.42242073571236,-1.606980081410356,0.0,0.0,0.0,0.0,0.0,0.0,0.0,0.0,52.82625046266301,-1.1015429344049181,True,False,True,False,True,0.0,0,0.889640909945478,1.0446042489189693,False,False,False,False,-0.22546565039252803,-0.23394355476110276,False,False,False,False,-261855.0,-267122.3722781434,False,False,False,False,15773.775944573363,False,False,False,False
2025-09-29 19:00:00+00:00,168.31,168.31,167.85,167.885,28315.0,,,168.09233984626852,169.09726958277824,170.40722466846552,173.3053573727201,174.50555412688263,177.11762376757898,177.8128086756219,177.91842796280852,,,,167.6053506435375,168.24246786982985,170.53654763073473,170.99128713226352,171.5056056026031,172.1597506402389,172.99889449385037,177.11683473850852,173.08905956850035,175.8757042474296,"rgba(239, 83, 80, 1.0)",0.0,0.0,2.5057927428811793,172.37584758280929,-1.7921863632048374,0.0,0.0,0.0,0.0,0.0,0.0,0.0,0.0,51.1847412338072,-1.1015429344049181,True,False,False,False,True,0.0,1,0.8867482304411002,1.0458913420522191,False,False,False,False,-0.23941768476606615,-0.23668061976358445,False,False,False,False,-290170.0,-267479.6998397226,False,False,False,False,15968.213526828038,False,False,False,False
2025-09-30 14:00:00+00:00,168.49,169.115,168.2,168.34,7933.0,,,168.11831439569445,169.0924018481551,170.39594232468212,173.29047093315415,174.48995076452815,177.10042207517705,177.79579557166358,177.90149793910805,,,,167.63728729461184,168.2463919409232,170.5253280926764,170.97948066876933,171.4935051967473,172.14655886652687,172.9843937388656,177.10948328256177,173.0744240074597,175.8592572343411,"rgba(239, 83, 80, 1.0)",0.0,0.0,2.4190760595706147,171.89870609793587,-1.471101366927478,0.0,0.0,0.0,0.0,0.0,0.0,0.0,0.0,52.433205841621955,-1.1015429344049181,True,False,True,False,True,0.0,1,0.8890848338592904,1.0339706701317983,False,False,False,False,-0.19779164130559956,-0.217236130534592,False,False,False,False,-282237.0,-267708.4951910447,False,False,False,False,15843.636572923726,False,False,False,False
2025-09-30 15:00:00+00:00,168.2,168.525,168.11,168.37,4220.0,,,168.12464229611427,169.08882421922365,170.38929781108075,173.28222960929145,174.48138212000322,177.09106846152488,177.7865592835538,177.8923087175092,,,,167.6495921704983,168.24698613070953,170.51876179194463,170.9726902532275,171.48663752256783,172.13916008272395,172.97634329317637,177.1054788980373,173.06630582130845,175.8502797094119,"rgba(239, 83, 80, 1.0)",0.0,0.0,2.3451183588729214,171.8900543798829,-1.5010135273405423,0.0,0.0,0.0,0.0,0.0,0.0,0.0,0.0,53.41436150234695,-0.049225268202278016,True,False,True,False,True,0.0,1,0.8928521536670544,1.0404190919674035,False,False,False,False,-0.2213088917519645,-0.21927251114327825,False,False,False,False,-278017.0,-267868.3169710285,False,False,False,False,15663.425153188473,False,False,False,False
2025-09-30 16:00:00+00:00,168.38,168.475,168.15,168.365,3206.0,,,168.12909949157472,169.08611087131658,170.38426622219922,173.27598053744026,174.47488303479756,177.08397165774434,177.77955067122357,177.88533566786103,,,,167.65858799093294,168.24740690265773,170.513788165414,170.96754499826724,171.48143172762448,172.13355092040993,172.9702392859128,177.1024374138076,173.0601503762954,175.84346912220514,"rgba(239, 83, 80, 1.0)",0.0,0.0,2.245473368502585,171.88477945180577,-1.5674999762535409,0.0,0.0,0.0,0.0,0.0,0.0,0.0,0.0,54.034237965309735,0.735070275368571,True,False,True,False,True,0.0,1,0.8892757660167125,1.037790157845868,False,False,False,False,-0.2216564758469941,-0.2204644934951362,False,False,False,False,-281223.0,-268075.3663203149,False,False,False,False,15470.286778720434,False,False,False,False
2025-09-30 17:00:00+00:00,168.365,168.365,167.745,167.745,10909.0,,,168.11689665027527,169.07247393968106,170.36420846998192,173.2532170362021,174.4515159660605,177.058869436476,177.75482850711143,177.86074814256332,,,,167.67120527786332,168.24239270470207,170.494129649232,170.94769647545252,171.4617347628467,172.11270161600527,172.9479051921523,177.09165832708754,173.0376589581067,175.81922469417907,"rgba(239, 83, 80, 1.0)",0.0,0.0,2.199482244563442,171.85729003055002,-1.869662753911537,0.0,0.0,0.0,0.0,0.0,0.0,0.0,0.0,50.661058076280106,4.060348835937425,True,False,False,False,False,0.0,1,0.886170605612998,1.0385893648449036,False,False,False,False,-0.23963051779253536,-0.23004750564383578,False,False,False,False,-292132.0,-268448.33738511615,False,False,False,False,15399.569154244147,False,False,False,False
2025-09-30 18:00:00+00:00,167.745,168.09,167.745,167.755,6480.0,,,168.10694455885317,169.06390138294725,170.35201936511973,173.23956355696876,174.43752734091396,177.04387982608955,177.74007042166508,177.84607088712144,,,,167.67599594809874,168.23861318707478,170.48219379690278,170.9356855784149,171.44984656538924,172.10015433160584,172.93449959896088,177.08520574609926,173.02416204856334,175.8047328769601,"rgba(239, 83, 80, 1.0)",0.0,0.0,2.163176430686124,171.84283586263967,-1.8897376120833032,0.0,0.0,0.0,0.0,0.0,0.0,0.0,0.0,48.48172634263438,2.0270574098883216,True,False,False,True,False,0.0,1,0.8865320020245704,1.0409975613122897,False,False,False,False,-0.2492901932747941,-0.23966884945931494,False,False,False,False,-285652.0,-268715.0608365097,False,False,False,False,15261.281260379898,False,False,False,False
2025-09-30 19:00:00+00:00,167.755,168.37,167.755,168.275,12130.0,,,168.10875066298027,169.0517131239292,170.3319600042535,173.21546474543533,174.41256978602343,177.01677290208679,177.71331458529892,177.81945182723635,,,,167.69639057797323,168.23668420114532,170.4624133356938,170.9154057551668,171.42946223817998,172.0783491397339,172.91092056181216,177.07350422825775,173.0003972887353,175.7786643738782,"rgba(239, 83, 80, 1.0)",0.0,0.0,2.1279193513315904,171.82589598260503,-1.6687173695671216,0.0,0.0,0.0,0.0,0.0,0.0,0.0,0.0,50.35414547674313,2.0270574098883216,True,False,False,False,True,0.0,1,0.887262079062957,1.0382046120058561,False,False,False,False,-0.23910490173032295,-0.23938687559481894,False,False,False,False,-273522.0,-268789.58702509094,False,False,False,False,15212.734264094937,False,False,False,False
2025-10-01 14:00:00+00:00,165.195,165.545,163.65,163.825,14603.0,,,167.82186015961796,168.97857241540103,170.26744362904492,173.16532211838847,174.3647916607115,176.970515816258,177.66862469900184,177.77512424636456,,,164.34,167.52538049249102,168.15258637634642,170.40096610212981,170.85861494629498,171.37738984449817,172.02747671863008,172.86054406862772,177.05349756584835,172.9500313430331,175.7320601751037,"rgba(239, 83, 80, 1.0)",0.0,0.0,2.176646219708537,171.7058142712932,-3.6206224970948635,0.0,0.0,0.0,0.0,0.0,0.0,0.0,0.0,40.202092915817694,-5.156952855393897,False,True,False,True,False,0.0,0,0.8706378122119305,1.0374873798340718,False,False,False,False,-0.34282825441539394,-0.29110756500510643,False,False,False,False,-288125.0,-269089.3608696631,False,False,False,False,15203.281019690365,False,False,False,False
2025-10-01 15:00:00+00:00,163.825,164.195,163.38,163.74,33825.0,,,167.21475651206688,168.797849057546,170.1093809176793,173.043983246901,174.24966841985471,176.85989265527908,177.56188229831284,177.66926294917187,,,163.94304214504004,167.12914108693576,167.94400991192998,170.2503531324185,170.71961714473807,171.2501556552054,171.90364665169923,172.73846711391892,177.00533576712724,172.8280344005672,175.62024220850455,"rgba(239, 83, 80, 1.0)",0.0,0.0,2.1967952846199,171.47170997358305,-3.5195404996150175,0.0,0.0,0.0,0.0,0.0,0.0,0.0,0.0,33.345160529361934,-10.901523808226393,False,True,False,True,False,0.0,0,0.8692032775453271,1.0489888423988838,False,False,False,False,-0.34282825441539394,-0.3169679097102502,False,False,False,False,-321950.0,-269908.9056623815,False,False,False,False,15491.989841090513,False,False,False,False
2025-10-01 16:00:00+00:00,163.74,164.29,163.4,164.105,18593.0,,,166.96483946159205,168.70674726113074,170.02784153798757,172.9797391747778,174.18839678021644,176.8006049854117,177.5045760688616,177.6124138727676,,,163.93988635402835,166.9537854627972,167.8416829138377,170.17241622750456,170.6472165866604,171.18347173883143,171.83845705338348,172.6739227050931,176.97932883530592,172.76350665484378,175.56048184178772,"rgba(239, 83, 80, 1.0)",0.0,0.0,2.2197847615012356,171.37111379348704,-3.2733415957739047,0.0,0.0,0.0,0.0,0.0,0.0,0.0,0.0,30.40296636418679,-13.067719865861598,False,True,False,True,False,0.0,0,0.8735920450545578,1.0486184442097848,False,False,False,False,-0.3393414526431162,-0.3281546811766832,False,False,False,False,-303357.0,-270427.48076839105,False,False,False,False,15540.067517972831,False,False,False,False
2025-10-01 17:00:00+00:00,164.105,164.23,163.62,164.09,18818.0,,,166.7513262426714,168.61885048867262,169.94811538784862,172.9159759537194,174.12740896668896,176.7413742822791,177.44726973029452,177.55555552058578,,,163.94868024246944,166.7974038392572,167.7445144976565,170.09606562296477,170.57601188469562,171.11764856332164,171.77395198702453,172.60990933389047,176.95320944380867,172.69949645730367,175.50086612216273,"rgba(239, 83, 80, 1.0)",0.0,0.0,2.2533162248150433,171.27978741594904,-3.1907582862850035,0.0,0.0,0.0,0.0,0.0,0.0,0.0,0.0,28.418590368085816,-14.618192024324976,False,True,False,True,False,0.0,0,0.8811451834151949,1.0487189698659227,False,False,False,False,-0.3345034185027423,-0.3313290498397128,False,False,False,False,-322175.0,-271229.76788826095,False,False,False,False,15590.88817660891,False,False,False,False
2025-10-01 18:00:00+00:00,164.1,164.57,163.5,163.53,15972.0,,,166.58621150057994,168.54501101889784,169.8808237660569,172.86188336178262,174.07564190563662,176.69108656345415,177.3986038246291,177.50726734034285,,,163.93581404104992,166.6721835210802,167.66342816340253,170.03155027279107,170.5157405092054,171.06184468867608,171.71924351631404,172.555608356732,176.93092956246412,172.64519782071025,175.45025301049276,"rgba(239, 83, 80, 1.0)",0.0,0.0,2.304507387122681,171.20562499860506,-3.3307009738808206,0.0,0.0,0.0,0.0,0.0,0.0,0.0,0.0,26.237111579625665,-16.58235318215462,False,True,False,True,False,0.0,0,0.882793897169062,1.0381426933592022,False,False,False,False,-0.3278756406508914,-0.3296023452453021,False,False,False,False,-338147.0,-272267.24435510964,False,False,False,False,15596.796887049082,False,False,False,False
2025-10-01 19:00:00+00:00,163.54,163.755,162.375,162.695,48820.0,,,166.04352213285503,168.29095481530393,169.65380926773003,172.68388391857903,173.90655214745416,176.5288707707083,177.2419685997629,177.3518920727566,,,163.6136076239287,166.24126296516258,167.37977153422102,169.81400001424657,170.31332915025828,170.87521804496055,171.5374611870538,172.37650325015335,176.85850813212014,172.4662309460827,175.28610473217287,"rgba(239, 83, 80, 1.0)",0.0,0.0,2.3776509775778445,170.95726344949617,-3.4749690040348518,0.0,0.0,0.0,0.0,0.0,0.0,0.0,0.0,23.68780980103624,-19.024862908810363,False,True,False,True,False,0.0,0,0.8684025951253721,1.050587410135016,False,False,False,False,-0.34282825441539394,-0.33621529983034804,False,False,False,False,-386967.0,-274045.53514030174,False,False,False,False,16111.885307404911,False,False,False,False
2025-10-02 14:00:00+00:00,162.06,162.475,161.78,161.95,13141.0,,,165.89033254448162,168.2159276851896,169.58759482882886,172.6328594902249,173.85835599914355,176.48309382327582,177.19784522732874,177.3081334744448,,,163.4896154308022,166.11542775406554,167.29525043361946,169.7505491354703,170.25444294862842,170.82107002265613,171.4849679466221,172.32506972172814,176.83792689620932,172.41486582508406,175.2395798139483,"rgba(239, 83, 80, 1.0)",0.0,0.0,2.469063189965324,170.88569346973242,-3.6190622848570846,0.0,0.0,0.0,0.0,0.0,0.0,0.0,0.0,21.17659857924753,-21.50809918678879,False,True,False,True,False,0.0,0,0.8586316661579378,1.0594340034012117,False,False,False,False,-0.34282825441539394,-0.339521777122871,False,False,False,False,-400108.0,-275999.9919598319,False,False,False,False,16065.825070080804,False,False,False,False
2025-10-02 15:00:00+00:00,161.93,161.93,160.995,161.14,17637.0,,,165.6672958415937,168.106669885544,169.49226156881542,172.56057153574707,173.79040712317646,176.41909063413843,177.13625428118618,177.24706521389982,,,163.28208321160108,165.93025678716654,167.17103478659175,169.6592481520578,170.16994637927544,170.74359579959315,171.41015470741849,172.2520951103242,176.80906418292565,172.34202094530397,175.17429538921152,"rgba(239, 83, 80, 1.0)",0.0,0.0,2.5806902928079314,170.78228772967606,-3.736321152734967,0.0,0.0,0.0,0.0,0.0,0.0,0.0,0.0,18.758844958030554,-23.958785571204025,False,True,False,True,False,0.0,0,0.8528555917480996,1.0647122692725293,False,False,False,False,-0.34282825441539394,-0.34117501576913245,False,False,False,False,-417745.0,-278197.5889837105,False,False,False,False,16090.184371319861,False,False,False,False
2025-10-02 16:00:00+00:00,161.09,161.43,160.87,161.33,12510.0,,,165.5170576057953,168.02963922833638,169.4247875414341,172.50920035350723,173.7420998945337,176.3735863873866,177.09245832472385,177.20363925252101,,,163.14841007499697,165.80351931024964,167.0839120347654,169.59457264026375,170.11000878832832,170.68857043190337,171.35700013260458,172.2002387388689,176.7884654094801,172.29025649798865,175.12787781349206,"rgba(239, 83, 80, 1.0)",0.0,0.0,2.682828448949387,170.71043256542367,-3.4964712593148093,0.0,0.0,0.0,0.0,0.0,0.0,0.0,0.0,18.155851986866267,-24.813850992529392,False,True,False,True,False,0.0,0,0.8589379990400972,1.068545748069287,False,False,False,False,-0.34282825441539394,-0.3420016350922632,False,False,False,False,-405235.0,-280167.161247529,False,False,False,False,16034.677636880793,False,False,False,False
2025-10-02 17:00:00+00:00,161.29,162.35,161.21,162.21,9433.0,,,165.4279845517304,167.97864125449766,169.37898748956044,172.47319714476012,173.7079785242816,176.34105983827234,177.0610695886117,177.17250321986498,,,163.0915817728209,165.72652125757324,167.02765965703745,169.55054956348715,170.06892137135213,170.65058855518697,171.3200765550245,172.16397518663823,176.7736786879412,172.2540338776229,175.09486426492094,"rgba(239, 83, 80, 1.0)",0.0,0.0,2.7643258663734236,170.66377149719025,-3.058167490318688,0.0,0.0,0.0,0.0,0.0,0.0,0.0,0.0,22.040323312063315,-24.813850992529392,False,True,False,True,True,0.0,0,0.8602739726027393,1.0613611654707542,False,False,False,False,-0.3116929042266813,-0.32684726965947225,False,False,False,False,-395802.0,-281959.9494452417,False,False,False,False,15932.326045611324,False,False,False,False
2025-10-02 18:00:00+00:00,162.21,162.45,162.125,162.245,9794.0,,,165.34883866665297,167.92959407343557,169.3342274489853,172.4373058997266,173.67380518640766,176.30825915249955,177.02936711096794,177.14104850716595,,,163.05398348237048,165.6568103564367,166.97445444434928,169.5074462743893,170.0285100334988,170.61306748443343,171.283461098298,172.12787125362175,176.75871828026413,172.21795702819793,175.06166770867924,"rgba(239, 83, 80, 1.0)",0.0,0.0,2.8326039129983576,170.61940196705103,-2.956432393749886,0.0,0.0,0.0,0.0,0.0,0.0,0.0,0.0,24.790953226165385,-24.813850992529392,False,True,False,True,True,0.0,0,0.8710407239818999,1.0543421510616078,False,False,False,False,-0.28703316007057766,-0.306940214865025,False,False,False,False,-386008.0,-283573.0975158581,False,False,False,False,15837.15819994293,False,False,False,False
2025-10-02 19:00:00+00:00,162.245,162.345,160.73,160.93,41458.0,,,164.96349215979592,167.6980423466167,169.12647118724763,172.27436337290666,173.51966126087456,176.16192077960523,176.88822383975378,177.0010474434083,,,162.7740757935199,165.31657197645836,166.71938998305035,169.30755631714234,169.84184157534344,170.44043503826424,171.1158901145259,171.96363993457916,176.6916511307853,172.05394791272485,174.912857528185,"rgba(239, 83, 80, 1.0)",0.0,0.0,2.9326835372633377,170.41023116862956,-3.232613082240755,0.0,0.0,0.0,0.0,0.0,0.0,0.0,0.0,24.34975169932565,-24.813850992529392,False,True,False,True,True,0.0,0,0.8597595138559664,1.0565444123604701,False,False,False,False,-0.32360537023653163,-0.31527279255077834,False,False,False,False,-427466.0,-285803.99522879056,False,False,False,False,16234.380553432187,False,False,False,False
2025-10-03 14:00:00+00:00,161.03,161.94,160.75,161.86,12390.0,,,164.86735559837675,167.63385129305888,169.06785945003404,172.2273844782588,173.4750147568695,176.11926920154727,176.84702058609415,176.96016689406324,,,162.7157250475042,165.22922382786462,166.65000338886486,169.25102021273418,169.78875874151967,170.39108723065397,171.067810469089,171.9163463852978,176.67195649429183,172.00670235317827,174.86959548604597,"rgba(239, 83, 80, 1.0)",0.0,0.0,2.9979854692575714,170.35304550048275,-2.832917499959056,0.0,0.0,0.0,0.0,0.0,0.0,0.0,0.0,27.933461029849067,-28.672063803881628,False,True,False,True,True,0.0,0,0.8592999313658197,1.0622426218256686,False,False,False,False,-0.3331251169506121,-0.3241989547506952,False,False,False,False,-415076.0,-287808.21235702635,False,False,False,False,16174.777754154169,False,False,False,False
2025-10-03 15:00:00+00:00,161.8,162.16,161.105,161.97,40962.0,,,164.60374962042044,167.43838591923566,168.88602282543658,172.0781984624603,173.3325202249259,175.9821897642181,176.71436459753346,176.82851254314858,,,162.58660647408504,164.98313824938563,166.44286745499505,169.07516216137375,169.6226969010615,170.2358553696688,170.91594842093104,171.76636132818402,176.60818282855928,171.85681282452032,174.73094888556037,"rgba(239, 83, 80, 1.0)",0.0,0.0,3.045654735154894,170.18022918665815,-2.6957189506382453,0.0,0.0,0.0,0.0,0.0,0.0,0.0,0.0,30.751492522114106,-25.824262600505968,False,True,False,True,True,0.0,0,0.8599905890405095,1.063652307823929,False,False,False,False,-0.31892821883603784,-0.3215635867933665,False,False,False,False,-374114.0,-289146.2865840492,False,False,False,False,16559.07577346961,False,False,False,False
2025-10-03 16:00:00+00:00,161.91,162.105,161.13,161.69,16056.0,,,164.50886690128382,167.3639360816831,168.81619154354752,172.0203003479828,173.27711649231145,175.9287840952379,176.6626460572311,176.77717775281874,,,162.5397811912316,164.8931233711397,166.3646880690898,169.00751778926292,169.55863118048464,170.1757965619654,170.85710813843102,171.7081771766161,176.5831609246148,171.7986596750729,174.6769728799238,"rgba(239, 83, 80, 1.0)",0.0,0.0,3.100809438062395,170.11455222624198,-2.716888088261961,0.0,0.0,0.0,0.0,0.0,0.0,0.0,0.0,31.97855513133639,-24.437823432190314,False,True,False,True,True,0.0,0,0.8568974403023533,1.0732262497852598,False,False,False,False,-0.3196658148378816,-0.32061470081562404,False,False,False,False,-390170.0,-290712.5457067771,False,False,False,False,16551.276149074733,False,False,False,False
2025-10-03 17:00:00+00:00,161.725,162.47,161.16,162.445,11940.0,,,164.45107576519305,167.3134263668528,168.76785661148676,171.97923428719747,173.2376011140166,175.89038497574506,176.62539087318467,176.74018837720388,,,162.52148546022448,164.83679500570216,166.31276736564462,168.96058368100375,169.5139264693531,170.13365722188087,170.81563359543483,171.66697163868238,176.56508362711733,171.75745768938398,174.63829342218128,"rgba(239, 83, 80, 1.0)",0.0,0.0,3.1172187808900387,170.07009326622332,-2.446120661459055,0.0,0.0,0.0,0.0,0.0,0.0,0.0,0.0,35.85930254977533,-20.586494615234443,False,False,False,True,True,0.0,0,0.8593403783875913,1.0595278677347875,False,False,False,False,-0.3099807067709434,-0.3152977037932837,False,False,False,False,-378230.0,-292069.4054632611,False,False,False,False,16479.783495600706,False,False,False,False
2025-10-03 18:00:00+00:00,162.44,162.935,162.42,162.615,10599.0,,,164.41476489856126,167.27464415521894,168.72948886744595,171.94535749578665,173.20471861999877,175.85802059581667,176.5939023218936,176.70891123038626,,,162.52561987509293,164.79943853644792,166.27434600957125,168.92319295043052,169.47799471356973,170.09949968722503,170.78176428270032,171.63306378248174,176.54976969170303,171.72352810977137,174.60586532458294,"rgba(239, 83, 80, 1.0)",0.0,0.0,3.121072209793357,169.3587958858903,-2.1607304902236715,0.0,0.0,0.0,0.0,0.0,0.0,0.0,0.0,39.090699570507695,-17.43923331492408,False,False,False,True,True,0.0,0,0.8735661592256189,1.053814336275638,False,False,False,False,-0.26831250195167017,-0.29180510287247696,False,False,False,False,-367631.0,-293240.903052978,False,False,False,False,16388.608557684416,False,False,False,False
2025-10-03 19:00:00+00:00,162.66,162.915,162.365,162.47,23183.0,,,164.3371399031746,167.19071598215024,168.64623096595253,171.87153257428926,173.13300782637492,175.78738924658185,176.5251606044541,176.6406267022568,,,162.52923861478791,164.71938149339354,166.1914115111707,168.841995994024,169.39986859223296,170.02513910872602,170.70799404409576,171.55918136861658,176.5162148806856,171.649596122013,174.5351126286555,"rgba(239, 83, 80, 1.0)",0.0,0.0,3.1271209191921074,169.2857025432847,-2.179545569042323,0.0,0.0,0.0,0.0,0.0,0.0,0.0,0.0,40.761392451527385,-15.728259267659183,False,False,False,True,True,0.0,0,0.8760771265250403,1.0509342206296386,False,False,False,False,-0.27010441230672905,-0.280954757589603,False,False,False,False,-390814.0,-294753.66424595506,False,False,False,False,16493.94795989086,False,False,False,False
2025-10-06 14:00:00+00:00,159.38,160.01,158.505,158.615,11344.0,,,164.22957751515887,167.12001214939636,168.58299683525382,171.82222394031493,173.08661311292195,175.74390807832773,176.48329025401054,176.5990995204763,,159.04333333333332,162.42546954516746,164.6207894391653,166.11367471250153,168.78097064299058,169.3427611115405,169.97223135391894,170.6568598819038,171.50938120091615,176.495697588568,171.59989750136663,174.49062942012964,"rgba(239, 83, 80, 1.0)",0.0,0.0,3.2442293008914147,169.18044901713208,-3.2566899677001886,0.0,0.0,0.0,0.0,0.0,0.0,0.0,0.0,34.70350752296685,-15.728259267659183,False,True,False,True,False,0.0,0,0.8696538525545016,1.0527958062905638,False,False,False,False,-0.34282825441539394,-0.3118915060024985,False,False,False,False,-402158.0,-296418.84774601774,False,False,False,False,16414.103805473944,False,False,False,False
2025-10-06 15:00:00+00:00,158.44,159.32,158.36,159.2,20522.0,,,164.042748446579,166.99388633271067,168.46971243670592,171.73340259625616,173.00296046828285,175.66542940593683,176.40769209407557,176.52411591059135,,158.9896658925919,162.24838198041166,164.44832901578766,165.97564941190336,168.67155342984103,169.24021149787637,169.87708205042702,170.564829491816,171.41969381635874,176.45852605806795,171.51038811066346,174.41037162966947,"rgba(239, 83, 80, 1.0)",0.0,0.0,3.3291628861514364,169.02996419889405,-2.952683462796154,0.0,0.0,0.0,0.0,0.0,0.0,0.0,0.0,32.648756949460264,-10.40302637846333,False,True,False,True,False,0.0,0,0.8647210443169535,1.0612787893905375,False,False,False,False,-0.34282825441539394,-0.32735988020894624,False,False,False,False,-381636.0,-297740.0439049942,False,False,False,False,16477.79211856737,False,False,False,False
2025-10-06 16:00:00+00:00,159.16,159.34,158.56,158.99,8787.0,,,163.96679281459407,166.9410886524849,168.42203507286942,171.69575534764664,172.9674531082343,175.63205743500492,176.37552809583843,176.49221045329458,,158.98397420444576,162.1780441713147,164.37770033729248,165.9181929571485,168.62546149141284,169.19693316326092,169.83685469877165,170.52587690529825,171.3816928867454,176.4426613139971,171.47245897496936,174.3762677007577,"rgba(239, 83, 80, 1.0)",0.0,0.0,3.4051129414675487,168.97395549810753,-2.9320482667469454,0.0,0.0,0.0,0.0,0.0,0.0,0.0,0.0,30.992455014559532,-12.083215602630204,False,True,False,True,False,0.0,0,0.8715865304071033,1.062070698609482,False,False,False,False,-0.3380843905676334,-0.3327221353882898,False,False,False,False,-390423.0,-299176.98896073067,False,False,False,False,16358.555031457798,False,False,False,False
2025-10-06 17:00:00+00:00,158.96,159.28,158.5,158.835,16244.0,,,163.82973274754733,166.84419004310473,168.33430235580826,171.62624356916194,172.90185690177609,175.5703771787375,176.31606829485102,176.43322613818728,,158.95191058696707,162.05215365659473,164.24967998494222,165.81305106430537,168.54059891149527,169.11717134549426,169.7626439695433,170.4539866191071,171.31153585268137,176.41325533673992,171.40243268345438,174.31324410045906,"rgba(239, 83, 80, 1.0)",0.0,0.0,3.463516937533612,168.87602959693803,-2.8990848833810774,0.0,0.0,0.0,0.0,0.0,0.0,0.0,0.0,29.663173850208665,-13.571829690988729,False,True,False,True,False,0.0,0,0.8688634835238734,1.06060860793544,False,False,False,False,-0.3406701226887945,-0.3366961290385422,False,False,False,False,-406667.0,-300843.50075978914,False,False,False,False,16356.778984458451,False,False,False,False
2025-10-06 18:00:00+00:00,158.835,159.1,158.765,158.835,15431.0,,,163.7068977908106,166.75459173194793,168.25268568336574,171.56105030706792,172.84023139751295,175.5123016825164,176.2600484877491,176.3776483420621,,158.94083559156434,161.94212184414553,164.13407379528624,165.71643285894612,168.4615723617237,169.04274097201275,169.69325282410506,170.38667611698992,171.2457652071527,176.38545709349484,171.33677701728274,174.25395648143996,"rgba(239, 83, 80, 1.0)",0.0,0.0,3.515017643773877,168.7899057226843,-2.83210690003714,0.0,0.0,0.0,0.0,0.0,0.0,0.0,0.0,28.776986407308087,-14.74197131931625,False,True,False,True,False,0.0,0,0.8667423573440981,1.059627433665531,False,False,False,False,-0.3388381111841359,-0.337767120111339,False,False,False,False,-406667.0,-302484.1751666141,False,False,False,False,16342.425821908708,False,False,False,False
2025-10-06 19:00:00+00:00,158.77,159.075,158.23,159.04,44893.0,,,163.3739959624703,166.50129411861835,168.02016842337827,171.37339008995423,172.6624956391975,175.34443481639258,176.09800480499175,176.21686137398848,,158.87987748213487,161.65075546679535,163.81747652608456,165.44547829502704,168.23610215321557,168.8297854821486,169.49416538914647,170.19326474996555,171.05652748500353,176.30453998604486,171.14784834731657,174.08272797619065,"rgba(239, 83, 80, 1.0)",0.0,0.0,3.5402557639073904,168.5562557163174,-2.6880136213137,0.0,0.0,0.0,0.0,1.0,160.345,159.1,853.0,29.140778660261773,-14.782772210675468,False,True,False,True,False,0.0,0,0.8603586577632185,1.064382008315484,False,False,False,False,-0.34282825441539394,-0.3402976872633665,False,False,False,False,-361774.0,-303403.3972570542,False,False,False,False,16785.070382809346,False,False,False,False
2025-10-07 14:00:00+00:00,161.88,162.2,160.345,160.345,54894.0,,160.96333333333334,163.1899676229362,166.29420471867365,167.81449924077518,171.18976472782117,172.4843921329418,175.17013571553267,175.92835456847354,176.04831155824115,,159.54437055650774,161.58111364666786,163.62496686354817,165.24110304643276,168.03469840493906,168.6350982180536,169.30799485699367,170.00892469605182,170.87256341887687,176.21879558299088,170.96383664601422,173.90756432954143,"rgba(239, 83, 80, 1.0)",0.0,0.0,3.524414323590511,168.39691883890345,-2.284611881471564,0.0,0.0,0.0,0.0,0.0,0.0,0.0,0.0,34.510801789660036,-14.782772210675468,False,True,False,True,True,0.0,0,0.8701640422645232,1.0464991982896845,False,False,False,False,-0.23445139115629302,-0.28737453920982975,False,False,False,False,-306880.0,-303457.2980747743,False,False,False,False,17375.906500905323,False,False,False,False
2025-10-07 15:00:00+00:00,160.315,161.39,160.315,161.125,25162.0,,160.95704723360313,163.11401129696787,166.2040327071101,167.72391626874395,171.10758301795153,172.40441540980711,175.09153535676904,175.8517537548074,175.97219060514266,,159.72280342699182,161.55281114769673,163.54454524867737,165.15311528238846,167.94581109069782,168.54881906508572,169.22515002120272,169.92668529633448,170.79029617423072,176.17976098644405,170.88153036650726,173.82870602305738,"rgba(239, 83, 80, 1.0)",0.0,0.0,3.5264267804455374,168.32451255207758,-2.041588554170399,0.0,0.0,0.0,0.0,0.0,0.0,0.0,0.0,40.43643958008221,-16.04552293952755,False,False,False,True,True,0.0,0,0.8702127659574466,1.052332242225859,False,False,False,False,-0.25140488885413326,-0.26938971403198153,False,False,False,False,-281718.0,-303120.2546937701,False,False,False,False,17496.621128798262,False,False,False,False
2025-10-07 16:00:00+00:00,161.125,161.49,160.92,161.24,22429.0,,161.0138653461482,163.05850430867693,166.13022392822893,167.64833666046812,171.03737124555428,172.3357321352468,175.02354030130985,175.78537002140257,175.90620381870087,,159.87530658395005,161.54002038940914,163.4839356834849,165.08256570744732,167.87145628831902,168.47623266088902,169.1550666795163,169.8568186451732,170.72010910970687,176.1457551564853,170.81128207620998,173.76069139305775,"rgba(239, 83, 80, 1.0)",0.0,0.0,3.5211720612163115,168.26547931691056,-1.9952104568510494,0.0,0.0,0.0,0.0,0.0,0.0,0.0,0.0,44.718839829096765,-12.169209753913222,True,False,False,True,True,0.0,0,0.8838241393612606,1.050642886768975,False,False,False,False,-0.23716691048962663,-0.2532783122608041,False,False,False,False,-259289.0,-302440.70035743254,False,False,False,False,17573.092119049452,False,False,False,False
2025-10-07 17:00:00+00:00,161.24,162.27,161.16,161.78,20599.0,,161.1348313888618,163.02391824776538,166.07130887709755,167.58594227908466,170.97712869914164,172.27630698274766,174.96400737678783,175.72708816348262,175.84824571291924,,160.0348627993591,161.54666048400182,163.4431306079306,165.02838450460197,167.80982517441026,168.41550854673568,169.09591944124045,169.79743545375146,170.6600270074643,176.11574286352356,170.75110722417122,173.70143196805532,"rgba(239, 83, 80, 1.0)",0.0,0.0,3.5163582333475176,168.21954706669473,-1.8313114419415628,0.0,0.0,0.0,0.0,1.0,161.74,161.49,857.0,49.120328093171224,-8.192244053501959,True,False,False,False,True,0.0,0,0.8813216731292794,1.044922036135632,False,False,False,False,-0.21673154329051042,-0.23500492777565726,False,False,False,False,-238690.0,-301452.3174061545,False,False,False,False,17620.005419529305,False,False,False,False
2025-10-07 18:00:00+00:00,161.81,162.515,161.74,161.83,17019.0,,161.24336946151521,163.0028513418079,166.02700783704978,167.5378981310426,170.92949415435137,172.22905483843138,174.91629768185035,175.68029524702393,175.80169926914644,,160.16670776919366,161.5597335812636,163.41634899810848,164.98877672724964,167.7622326972689,168.36831256831886,169.04966730933913,169.75077575227812,170.61259264593025,176.09154177038815,170.70357846691977,173.65409321413688,"rgba(239, 83, 80, 1.0)",0.0,0.0,3.5221747888554447,168.1852210675713,-1.8043457376618304,0.0,0.0,0.0,0.0,0.0,0.0,0.0,0.0,52.19826762353056,-5.401290031056071,True,False,True,False,True,0.0,0,0.8839510244465513,1.0471616440615077,False,False,False,False,-0.2003330917582851,-0.21766900976697118,False,False,False,False,-221671.0,-300215.39775644674,False,False,False,False,17610.68750604823,False,False,False,False
2025-10-07 19:00:00+00:00,161.83,162.64,161.67,161.77,64191.0,,161.48948844149442,162.93069960240834,165.86824017174393,167.36387508075492,170.75427056475954,172.05465840764262,174.73945042046734,175.50662411086125,175.62890407092488,,160.5380516305615,161.6030940804254,163.3237412116739,164.84827284933328,167.5895154334714,168.19636339821963,168.88049321522521,169.57968298452352,170.43824557074652,176.0009946013328,170.5288465520609,173.47892237662296,"rgba(239, 83, 80, 1.0)",0.0,0.0,3.5201200545157336,167.40991014012553,-1.6021925538847595,0.0,0.0,0.0,0.0,-1.0,161.74,158.51,859.0,53.98501207936168,-3.672908439689209,True,False,True,False,True,0.0,0,0.882280406099716,1.0466932467425702,False,False,False,False,-0.19924372592333975,-0.20845636784515548,False,False,False,False,-285862.0,-299992.86445789714,False,False,False,False,18332.86289355136,False,False,False,False
2025-10-08 14:00:00+00:00,157.705,158.51,156.96,157.57,37633.0,,160.89690275027863,162.71262548117673,165.682048226125,167.18786568080137,170.60513052602033,171.9120328401371,174.60332530680714,175.37467186894472,175.49786841685807,157.68,160.23857326227622,161.4005403069358,163.11153915848232,164.65432542053378,167.41760341195092,168.03180916779382,168.72451905382687,169.42713380783303,170.28814804787888,175.9321061088995,170.3789234165422,173.34060351837553,"rgba(239, 83, 80, 1.0)",0.0,0.0,3.5999372829880105,167.1618535614411,-2.664450185498702,0.0,0.0,0.0,0.0,-1.0,161.67,158.51,862.0,45.241978008375526,3.5052373470201132,True,False,False,True,False,0.0,0,0.8711583455605342,1.0522266724828484,False,False,False,False,-0.34282825441539394,-0.2756423111302747,False,False,False,False,-323495.0,-300357.23865234834,False,False,False,False,18632.089825434283,False,False,False,False
2025-10-08 15:00:00+00:00,157.57,158.51,156.56,157.96,32552.0,,160.51499693965656,162.53798308375875,165.52762876427462,167.0406493056629,170.47881161881116,171.79089887126437,174.48729644301602,175.26207947059996,175.38603708358136,157.67845399064376,160.02566750914812,161.24134130250727,162.94034815854852,164.49475910391303,167.27359269498223,167.89352587515066,168.59302619158615,169.29826459993674,170.16110224655608,175.87292425759054,170.2520025744296,173.22287350105015,"rgba(239, 83, 80, 1.0)",0.0,0.0,3.654396657169769,166.1625817123861,-2.2445789228416078,0.0,0.0,0.0,0.0,0.0,0.0,0.0,0.0,40.64899703691223,-0.5715590563026609,True,False,False,True,False,0.0,0,0.8703369198146543,1.053286735254849,False,False,False,False,-0.34282825441539394,-0.3092352827728343,False,False,False,False,-290943.0,-300211.2814639399,False,False,False,False,18847.902386280264,False,False,False,False
2025-10-08 16:00:00+00:00,157.955,158.1,157.735,157.97,23821.0,,160.30896909151858,162.424061661567,165.42194531687485,166.9386675198622,170.38976055152511,171.7051519866716,174.40468079799808,175.18178691857463,175.30626694942745,157.74346242083837,159.90581366124292,161.1410422198309,162.82757357125587,164.38679133696866,167.17364229101614,167.79715017286702,168.50099878473557,169.20779390917954,170.07163280255668,175.8304699585079,170.162594774548,173.13924899416816,"rgba(239, 83, 80, 1.0)",0.0,0.0,3.711761842168572,166.06495023984115,-2.1808916045949043,0.0,0.0,0.0,0.0,0.0,0.0,0.0,0.0,37.62077607036284,-3.3177775588585945,False,False,False,True,False,0.0,0,0.8764545777286888,1.0611810185002557,False,False,False,False,-0.3275514435176219,-0.3183933631452281,False,False,False,False,-267122.0,-299698.26934821985,False,False,False,False,18925.004674865064,False,False,False,False
2025-10-08 17:00:00+00:00,157.975,158.435,157.54,158.4,26160.0,,160.13288380694073,162.3103065188549,165.31208388128394,166.83158044388796,170.2948807692122,171.61348256520847,174.31593379622979,175.09542537948676,175.22044915528673,157.82652271302476,159.80033915503114,161.04380509151707,162.7140266697926,164.2756174739816,167.0685213073039,167.69543588372684,168.40353364409827,169.1117320319475,169.9763896542466,175.7845705195463,170.0673942088222,173.04959558440027,"rgba(239, 83, 80, 1.0)",0.0,0.0,3.757651607534852,165.96843045033614,-2.0141384143117214,0.0,0.0,0.0,0.0,1.0,158.2,158.1,870.0,37.124158970275616,-3.946709226812416,False,False,False,True,False,0.0,0,0.8754620526936682,1.0547384978371996,False,False,False,False,-0.32477178676072976,-0.32158257495297893,False,False,False,False,-240962.0,-298787.6295133637,False,False,False,False,19037.175145022193,False,False,False,False
2025-10-08 18:00:00+00:00,158.415,158.85,158.2,158.78,28255.0,,160.01088989694225,162.20749192480415,165.20484158176606,166.7250849966603,170.19805681969925,171.51936249813306,174.22399908294105,175.0057625701857,175.13131904343115,157.97567378156282,159.72876976510273,160.9619072472916,162.60971654262,164.16901686911515,166.9637016992937,167.59339899715607,168.30517049497294,169.014328781141,169.87935101320952,175.73661605433568,169.9703545485747,172.95706531106754,"rgba(239, 83, 80, 1.0)",0.0,0.0,3.7963076632274575,165.8839890652737,-1.8712890775649629,0.0,0.0,0.0,0.0,1.0,158.56,158.435,864.0,38.11757738743653,-3.946709226812416,False,False,False,True,False,0.0,0,0.8800219926952827,1.0520755606173657,False,False,False,False,-0.3035852435396248,-0.31258390924630186,False,False,False,False,-212707.0,-297453.0461100557,False,False,False,False,19180.08715827766,False,False,False,False
2025-10-08 19:00:00+00:00,158.785,159.545,158.56,159.24,52103.0,,159.89558239752182,162.05676446495784,165.03029939697592,166.54755119269788,170.03125544837494,171.35597976879336,174.06265382222674,174.84796864500106,174.97439227373357,158.27170973715533,159.6675114183678,160.85399928382373,162.4532565075961,163.99954261117784,166.78835373780967,167.42137447681966,168.1380560170136,168.84786466768264,169.7125135549583,175.65147217195607,169.80342071391215,172.7954080247978,"rgba(239, 83, 80, 1.0)",0.0,0.0,3.815164358331986,165.75618265636382,-1.707969053058759,0.0,0.0,0.0,0.0,0.0,0.0,0.0,0.0,40.33927371361901,-3.946709226812416,True,False,False,True,False,0.0,0,0.882912879974929,1.0481040426198678,False,False,False,False,-0.2830470056980372,-0.29781545747216953,False,False,False,False,-160604.0,-295331.3554726905,False,False,False,False,19690.519915513665,False,False,False,False
2025-10-09 14:00:00+00:00,158.48,159.37,158.29,159.015,65407.0,,159.75594048948193,161.87427352103737,164.81710471158786,166.3297237668479,169.8246973979495,171.15323979314175,173.8619698839224,174.65151545420434,174.7789824684237,158.42419110596356,159.58112785685827,160.71990717002026,162.26373878799123,163.79321295150908,166.5729283136781,167.20951447361514,167.93169772216464,168.64203990921274,169.5059946951137,175.54438759947828,169.59676261900177,172.59451414155208,"rgba(239, 83, 80, 1.0)",0.0,0.0,3.825254308216402,165.58332770100725,-1.7170956939774997,0.0,0.0,0.0,0.0,0.0,0.0,0.0,0.0,41.205257829897775,-3.946709226812416,True,False,False,True,True,0.0,0,0.882603763251574,1.0496811798302228,False,False,False,False,-0.2916807859632625,-0.294748121717716,False,False,False,False,-226011.0,-294256.62127931544,False,False,False,False,20399.302552482448,False,False,False,False
2025-10-09 15:00:00+00:00,159.015,159.49,158.77,158.9,59711.0,,159.67677361668828,161.73321481798467,164.63997727753474,166.14550803137422,169.6453960214098,170.97619560211726,173.68527223615044,174.478144313966,174.60646437678582,158.53955310330568,159.53243003114642,160.62204733021207,162.1150098960431,163.62463853945795,166.3902053681718,167.02867459369114,167.75442032009644,168.4644270914764,169.3269943723042,175.44875397608504,169.41756790215524,172.4182229856724,"rgba(239, 83, 80, 1.0)",0.0,0.0,3.8360221866175146,165.44057725037592,-1.7050415592468708,0.0,0.0,0.0,0.0,0.0,0.0,0.0,0.0,41.451296912775035,-3.946709226812416,True,False,False,True,True,0.0,0,0.8868456060724622,1.0470694107520142,False,False,False,False,-0.28004942075360956,-0.2873987712356628,False,False,False,False,-285722.0,-294124.3015695586,False,False,False,False,21008.78623383931,False,False,False,False
2025-10-09 16:00:00+00:00,158.9,159.075,158.69,158.785,27686.0,,159.63572420624243,161.66788151620236,164.55863483325953,166.06086254261263,169.56271263714686,170.89448212891702,173.60364765395616,174.39801642895148,174.52672236267105,158.56387903496656,159.50443276683114,160.57508008664433,162.0463511584896,163.54718033141026,166.30619712750624,166.94544952032874,167.67273770166267,168.38255619995172,169.24446002202123,175.40424195045316,169.33494218880497,172.33681085423365,"rgba(239, 83, 80, 1.0)",0.0,0.0,3.829865001267475,165.3723421174028,-1.7199932935554554,0.0,0.0,0.0,0.0,0.0,0.0,0.0,0.0,41.26049514403742,-3.946709226812416,True,False,False,True,True,0.0,0,0.8983788058521149,1.0453934361407666,False,False,False,False,-0.2896398304390329,-0.2885193008373479,False,False,False,False,-313408.0,-294423.27363824757,False,False,False,False,21112.308927888313,False,False,False,False
2025-10-09 17:00:00+00:00,158.785,159.09,158.69,158.94,22077.0,,159.6079591017637,161.61887426131912,164.49601935292216,165.99527982682153,169.4980264978684,170.83041111397043,173.53944807511562,174.33493908347333,174.4639394098561,158.5840378568923,159.4854967595515,160.5405482111975,161.99457198306968,163.48791635983392,166.2410370791849,166.88074544688476,167.60908107758442,168.3186464763726,169.17992638574634,175.3690393988278,169.27032721129504,172.27285891779258,"rgba(239, 83, 80, 1.0)",0.0,0.0,3.8453829223921763,165.32000815663065,-1.6591346779742053,0.0,0.0,0.0,0.0,0.0,0.0,0.0,0.0,41.863565056655126,-3.946709226812416,True,False,False,True,True,0.0,0,0.901147326213823,1.036404779864226,False,False,False,False,-0.2893484572835215,-0.28893387906043466,False,False,False,False,-291331.0,-294375.331411298,False,False,False,False,21127.265378618726,False,False,False,False
2025-10-09 18:00:00+00:00,158.94,159.01,158.47,158.49,21068.0,,159.57459869910738,161.5695381682467,164.43493040831078,165.93163793154315,169.43558496181157,170.76863514887842,173.47766567482628,174.27425408484714,174.40353943884685,158.58789724647076,159.46117630796053,160.5040594609652,161.94285363515797,163.42974535805385,166.17783291741117,166.81805682580313,167.54746942683462,168.25685763182202,169.1176085543557,175.3350775014979,169.20793810732988,172.2112642800295,"rgba(239, 83, 80, 1.0)",0.0,0.0,3.872443698519548,165.26734394497112,-1.750146541203973,0.0,0.0,0.0,0.0,0.0,0.0,0.0,0.0,40.71562056011489,-3.946709226812416,True,False,False,True,True,0.0,0,0.8940444585331058,1.0377223917264329,False,False,False,False,-0.2951850833857953,-0.292059481223115,False,False,False,False,-312399.0,-294654.76813360344,False,False,False,False,21126.346535539364,False,False,False,False
2025-10-09 19:00:00+00:00,158.49,159.305,158.31,159.28,46582.0,,159.5307331387963,161.47703229576967,164.31126639630162,165.80056934260386,169.30392311396747,170.63766861443864,173.34567153143158,174.1443475298618,174.2742011431545,158.62754514676507,159.43094639470547,160.44085553343723,161.84421664846303,163.31396684245072,166.0473368155527,166.68789712951664,167.41883090372912,168.12730580169736,168.98639310786777,175.26185367518542,169.076520115567,172.08008861295727,"rgba(239, 83, 80, 1.0)",0.0,0.0,3.877129421305806,165.16390145285212,-1.5175922218429412,0.0,0.0,0.0,0.0,0.0,0.0,0.0,0.0,43.55796520662142,-3.946709226812416,True,False,False,True,True,0.0,0,0.8924023183377356,1.0366281591294397,False,False,False,False,-0.2925562042674094,-0.2923078427452622,False,False,False,False,-265817.0,-294207.67095323745,False,False,False,False,21521.007829562008,False,False,False,False
2025-10-10 14:00:00+00:00,158.27,158.5,157.495,157.67,48780.0,,159.41564489723407,161.34834381988276,164.1627218862345,165.64769829968955,169.15555873322398,170.49123567025597,173.19984078914774,174.00117070620172,174.13169925616276,158.5542304126384,159.33842943997044,160.33561192189228,161.71160098697084,163.17052717096462,165.89563131691418,166.53777336598984,167.2715540902071,167.9799639859165,168.8381960236657,175.18085393044564,168.9281940297926,171.93442899959788,"rgba(239, 83, 80, 1.0)",0.0,0.0,3.90790969332413,165.0272776374067,-1.8826631664429552,0.0,0.0,0.0,0.0,0.0,0.0,0.0,0.0,40.738407633167576,-4.184059945282726,True,False,False,True,False,0.0,0,0.8814945226917054,1.0392018779342715,False,False,False,False,-0.3243750894117739,-0.3083414660785181,False,False,False,False,-314597.0,-294523.78458186943,False,False,False,False,21943.62786321221,False,False,False,False
2025-10-10 15:00:00+00:00,157.68,158.83,157.48,157.77,9170.0,,159.39758598835385,161.32610202699215,164.13616018071724,165.62011839433606,169.1284349046693,170.4643810280455,173.17297814242997,173.9747651632116,174.10541286973125,158.544574302319,159.32380503614903,160.31785309869653,161.6885239367454,163.1450891979991,165.86822226776152,166.5105644483444,167.24477547135345,167.95311110424623,168.81112414210605,175.16583243943498,168.9010926308935,171.90764652492354,"rgba(239, 83, 80, 1.0)",0.0,0.0,3.9394465838989223,165.00317337090829,-1.8360887035431024,0.0,0.0,0.0,0.0,0.0,0.0,0.0,0.0,39.28433650986254,-5.755423086982681,False,False,False,True,False,0.0,1,0.8832612001403668,1.0359106328225516,False,False,False,False,-0.31814001210284215,-0.3132407390906801,False,False,False,False,-305427.0,-294692.8266813753,False,False,False,False,21745.587121146902,False,False,False,False
2025-10-10 16:00:00+00:00,157.77,158.46,157.755,158.345,20524.0,,159.36334498447508,161.27974706260684,164.07907124759262,165.56039304543862,169.06907179808456,170.40546097507266,173.11382983666,173.91657005973997,174.0474717108363,158.5304893783471,159.29612127599503,160.28178675322278,161.64011822803647,163.0908080565093,165.80880049347206,166.4514289490576,167.18642957908483,167.8944920849053,168.75191297710822,175.13261993921265,168.8418060825926,171.8487616964176,"rgba(239, 83, 80, 1.0)",0.0,0.0,3.9500729837032202,164.95199241075548,-1.6726254016100182,0.0,0.0,0.0,0.0,0.0,0.0,0.0,0.0,40.70936620169318,-5.755423086982681,True,False,False,True,False,0.0,1,0.8802209593450696,1.0542860549219084,False,False,False,False,-0.32001789287890087,-0.3166293159847905,False,False,False,False,-284903.0,-294541.0464227493,False,False,False,False,21726.64778593532,False,False,False,False
2025-10-10 17:00:00+00:00,158.355,158.49,157.99,158.43,12667.0,,159.34516306246528,161.2528682541097,164.04506750047835,165.5245840319178,169.0331438078334,170.36972260844178,173.0778406256395,173.88113163096838,174.01218310752617,158.52510299278418,159.28142514041923,160.26133616631782,161.6118922641757,163.05867890277344,165.77313753075956,166.41585849973467,167.15125525192462,167.85909405466236,168.71609717951472,175.1123272918947,168.8059389975872,171.81297892219115,"rgba(239, 83, 80, 1.0)",0.0,0.0,3.954854273463156,164.92177544286875,-1.6414702019308731,0.0,0.0,0.0,0.0,0.0,0.0,0.0,0.0,42.006119065284516,-5.755423086982681,True,False,False,True,True,0.0,0,0.8763522112631242,1.0540089086859679,False,False,False,False,-0.31478499508805097,-0.3157071555364207,False,False,False,False,-272236.0,-294195.2317495284,False,False,False,False,21586.188130339426,False,False,False,False
2025-10-10 18:00:00+00:00,158.4,158.44,158.08,158.16,15656.0,,159.32194318253138,161.21946405434744,164.0030353849469,165.48034587267122,168.9887530443518,170.32556294382454,173.03337052213254,173.83733808227745,173.96857372298237,158.51660558053197,159.2624741144278,160.2356696124382,161.5768656455021,163.01892860533263,165.72907721970623,166.37190997126547,167.1077905803093,167.81535451185033,168.6718444312465,175.08719967264742,168.7616232380712,171.76876345481887,"rgba(239, 83, 80, 1.0)",0.0,0.0,3.9636515287606815,164.88421147118476,-1.6964688803728476,0.0,0.0,0.0,0.0,0.0,0.0,0.0,0.0,41.95200880281577,-5.755423086982681,True,False,False,True,True,0.0,1,0.8729684512428295,1.0581182281708088,False,False,False,False,-0.3139965780085584,-0.31485186677248955,False,False,False,False,-287892.0,-294097.5072262799,False,False,False,False,21494.247229093853,False,False,False,False
2025-10-10 19:00:00+00:00,158.16,158.23,157.44,157.52,29843.0,,159.2613449338362,161.1475555158887,163.91782794675075,165.3918156673091,168.9012802323757,170.23885140958853,172.94651762797568,173.75190076300154,173.88350895813372,158.47611071626747,159.21172720194693,160.1768340553688,161.50246150884797,162.93727330214477,165.64103346661312,166.28440060388922,167.02153300652233,167.72880823277436,168.58455492762442,175.03810386088455,168.67423570006505,171.68221140800628,"rgba(239, 83, 80, 1.0)",0.0,0.0,3.9726996652951323,164.1080974615247,-1.6583426930249086,0.0,0.0,0.0,0.0,-1.0,158.08,157.52,877.0,39.94279154304887,-5.8034574081956265,False,False,False,True,True,0.0,0,0.8656401686957901,1.0627436938012247,False,False,False,False,-0.330833758224422,-0.3228428124984558,False,False,False,False,-317735.0,-294463.9799824616,False,False,False,False,21623.685256549765,False,False,False,False
2025-10-13 14:00:00+00:00,157.52,157.52,157.52,157.52,0.0,,159.2613449338362,161.1475555158887,163.91782794675075,165.3918156673091,168.9012802323757,170.23885140958853,172.94651762797568,173.75190076300154,173.88350895813372,158.47611071626747,159.21172720194693,160.1768340553688,161.50246150884797,162.93727330214477,165.64103346661312,166.28440060388922,167.02153300652233,167.72880823277436,168.58455492762442,175.03810386088455,168.67423570006505,171.68221140800628,"rgba(239, 83, 80, 1.0)",0.0,0.0,3.9758826908218223,164.1080974615247,-1.6570150514583997,0.0,0.0,0.0,0.0,0.0,0.0,0.0,0.0,38.60331336987094,-7.276447657243224,False,False,False,True,False,0.0,0,0.8662685849396863,1.0700516971907177,False,False,False,False,-0.34282825441539394,-0.33283553345692485,False,False,False,False,-317735.0,-294824.77099048544,False,False,False,False,21288.43432233969,False,False,False,False
2025-10-13 15:00:00+00:00,157.52,157.52,157.52,157.52,0.0,,159.2613449338362,161.1475555158887,163.91782794675075,165.3918156673091,168.9012802323757,170.23885140958853,172.94651762797568,173.75190076300154,173.88350895813372,158.47611071626747,159.21172720194693,160.1768340553688,161.50246150884797,162.93727330214477,165.64103346661312,166.28440060388922,167.02153300652233,167.72880823277436,168.58455492762442,175.03810386088455,168.67423570006505,171.68221140800628,"rgba(239, 83, 80, 1.0)",0.0,0.0,3.982911518244857,164.1080974615247,-1.6540908406692019,0.0,0.0,0.0,0.0,0.0,0.0,0.0,0.0,37.71032792108565,-8.330391848622,False,False,False,True,False,0.0,0,0.864313092596328,1.0711720798870275,False,False,False,False,-0.34282825441539394,-0.3378318939361594,False,False,False,False,-317735.0,-295179.96833947016,False,False,False,False,20958.381077032096,False,False,False,False
2025-10-13 16:00:00+00:00,157.52,157.52,157.52,157.52,0.0,,159.2613449338362,161.1475555158887,163.91782794675075,165.3918156673091,168.9012802323757,170.23885140958853,172.94651762797568,173.75190076300154,173.88350895813372,158.47611071626747,159.21172720194693,160.1768340553688,161.50246150884797,162.93727330214477,165.64103346661312,166.28440060388922,167.02153300652233,167.72880823277436,168.58455492762442,175.03810386088455,168.67423570006505,171.68221140800628,"rgba(239, 83, 80, 1.0)",0.0,0.0,3.980723531952855,164.1080974615247,-1.6550000040552195,0.0,0.0,0.0,0.0,0.0,0.0,0.0,0.0,37.115004288562126,-9.127567922364697,False,True,False,True,False,0.0,0,0.8736596545796839,1.0698207415895875,False,False,False,False,-0.34282825441539394,-0.34033007417577665,False,False,False,False,-317735.0,-295529.6587528117,False,False,False,False,20633.444936302916,False,False,False,False
2025-10-13 17:00:00+00:00,157.52,158.92,157.52,158.85,1845.0,,159.25939308216914,161.14409770607602,163.9132233712264,165.38690274144113,168.89625301209315,170.23382756685092,172.94142594702103,173.74687793875609,173.8785058234184,158.47596442491772,159.21013008251612,160.1743018926677,161.49879197072497,162.93297526520155,165.63612987115263,166.27948654962674,167.0166501454463,167.72387753856646,168.57954914334152,175.0352000870317,168.66922116239394,171.67716217711092,"rgba(239, 83, 80, 1.0)",0.0,0.0,3.966238034227082,164.1063384889979,-1.3252705570461867,0.0,0.0,0.0,0.0,1.0,158.32,157.52,883.0,43.555957473601254,-10.566082960032638,True,False,False,True,True,0.0,0,0.8790582101103913,1.0470080247667923,False,False,False,False,-0.312291635788747,-0.32631085498226187,False,False,False,False,-315890.0,-295845.3229581945,False,False,False,False,20342.151216360235,False,False,False,False
2025-10-13 18:00:00+00:00,158.82,159.34,158.32,158.425,11740.0,,159.25108542070492,161.12442797456123,163.8855111734156,165.3569874507206,168.86518391257545,170.20267543952434,172.90970046887733,173.71554560302945,173.8472906962342,158.48029876561935,159.20351917278361,160.16078175865758,161.4776446946009,162.90741536428234,165.60622486657735,166.2494119889504,166.98666424191825,167.6935160263479,168.54864051887708,175.01704121221493,168.63825043252442,171.64576403199453,"rgba(239, 83, 80, 1.0)",0.0,0.0,3.965228993762948,164.096515540318,-1.430312233981673,0.0,0.0,0.0,0.0,0.0,0.0,0.0,0.0,45.90825265701374,-8.517487770134899,True,False,False,True,True,0.0,0,0.8911298537261129,1.0398484292873724,False,False,False,False,-0.2861354084169452,-0.3062231316996035,False,False,False,False,-327630.0,-296338.1086487651,False,False,False,False,20208.78453083527,False,False,False,False
2025-10-13 19:00:00+00:00,158.48,159.02,158.48,158.75,32713.0,,159.2313428408891,161.072453322422,163.81062447344658,165.27570009524015,168.7800640079463,170.11716278621938,172.82237879647914,173.62924076703052,173.76129760514934,158.49439275146312,159.18786128630745,160.1257457488196,161.42149906559698,162.83870242461327,165.52489157867166,166.16745606219695,166.90478524918436,167.61049276525375,168.4640009908056,174.96682434060253,168.55342955607063,171.55943848649304,"rgba(239, 83, 80, 1.0)",0.0,0.0,3.9514923079091013,164.0520274571805,-1.341778508987155,0.0,0.0,0.0,0.0,0.0,0.0,0.0,0.0,48.818972387449776,-5.915178391505961,True,False,False,False,True,0.0,0,0.8886667754569189,1.0432033289817226,False,False,False,False,-0.28954339401606605,-0.2978832628578348,False,False,False,False,-294917.0,-296316.07595653617,False,False,False,False,20402.648336558756,False,False,False,False
2025-10-14 14:00:00+00:00,160.205,160.42,159.05,159.19,18610.0,159.5533333333333,159.23840169851778,161.053769058782,163.775598315688,165.2359267521518,168.73610406846416,170.07248105597859,172.77599004322022,173.5832127236198,173.7154076733657,158.5249648776068,159.1949012491227,160.11777136613935,161.39987618532294,162.8080996415703,165.4848624678088,166.12659028510262,166.86344518466072,167.56816630266363,168.42042826136006,174.9398030509602,168.50972343148428,171.51389044973791,"rgba(239, 83, 80, 1.0)",0.0,0.0,3.939047336466553,163.50053149075103,-1.094308121368684,0.0,0.0,0.0,0.0,0.0,0.0,0.0,0.0,52.42997276598988,-2.673294644818185,True,False,True,False,True,0.0,0,0.888596100052702,1.0341752138484612,False,False,False,False,-0.24783072105901446,-0.2728569919584246,False,False,False,False,-276307.0,-296005.85772465187,False,False,False,False,20374.85533909273,False,False,False,False
2025-10-14 15:00:00+00:00,159.225,159.225,158.085,158.725,14452.0,159.17085495936925,159.2290264539601,161.03129506009904,163.74323805524222,165.2007217282607,168.69902842735544,170.03517770423895,172.73781987634158,173.54545944119866,173.677785616435,158.5283279974104,159.18728788187818,160.10236538463437,161.3756319355751,162.77844084121932,165.44961396589173,166.09102347315152,166.82785651055727,167.53204718951287,168.3835736029062,174.91769473889212,168.47278682988625,171.47618655412245,"rgba(239, 83, 80, 1.0)",0.0,0.0,3.919216152785855,163.4575914642465,-1.2075352008545073,0.0,0.0,0.0,0.0,-1.0,159.05,158.93,0.0,52.528644874434214,-2.6165936951714457,True,False,True,False,True,0.0,0,0.8814718860057482,1.0438003481358535,False,False,False,False,-0.2906799556800612,-0.2817684738192429,False,False,False,False,-290759.0,-295924.5110932619,False,False,False,False,20283.02812453315,False,False,False,False
2025-10-14 16:00:00+00:00,158.71,158.93,158.46,158.7,14280.0,159.0278232154676,159.2203643680872,161.00967215781756,163.7117782771876,165.16640175742316,168.66272808244568,169.9986165715383,172.70035538583932,173.50838863281345,173.64084098241162,158.53189810173734,159.1802455428791,160.08765513030588,161.35225676079725,162.74967968395217,165.41523506771352,166.05629812490898,166.793072495288,167.49671838381232,168.34749871039114,174.8959331102582,168.43662923382504,171.43920138738298,"rgba(239, 83, 80, 1.0)",0.0,0.0,3.892245278282394,163.42725832139251,-1.214532482772672,0.0,0.0,0.0,0.0,0.0,0.0,0.0,0.0,52.471862951254536,-2.5001058095153326,True,False,True,False,True,0.0,0,0.892238223090066,1.0397038483443166,False,False,False,False,-0.28846652893151487,-0.2851175013753789,False,False,False,False,-305039.0,-296065.82099879265,False,False,False,False,20189.957921052017,False,False,False,False
2025-10-14 17:00:00+00:00,158.64,158.81,158.49,158.625,7544.0,158.97474656560874,159.21543234298076,160.9981420702424,163.69513563375233,165.1482637286726,168.64355183918775,169.97930313242594,172.68056639729372,173.4888066265568,173.6213253555052,158.53311431497616,159.17619220752178,160.07970504330984,161.3398194127493,162.73444445373033,165.39706639850888,166.03794824967645,166.7746922533779,167.47805235921206,168.3284409189736,174.8844212323985,168.41752799554072,171.4196647716473,"rgba(239, 83, 80, 1.0)",0.0,0.0,3.8322900758202643,163.4120440935902,-1.2491340683717886,0.0,0.0,0.0,0.0,0.0,0.0,0.0,0.0,52.03268719453875,-2.5001058095153326,True,False,True,False,True,0.0,0,0.8925170624054927,1.039437655809391,False,False,False,False,-0.29001247521994905,-0.28756498829766397,False,False,False,False,-312583.0,-296321.901293385,False,False,False,False,19993.89655793493,False,False,False,False
2025-10-14 18:00:00+00:00,158.59,158.675,158.3,158.44,11294.0,158.8888930694067,159.20606212684532,160.97985867765522,163.66959210238798,165.12059273152195,168.61449455864937,169.95008006029258,172.65068704956474,173.45925238971577,173.59187307162557,158.5321116902855,159.16834273958054,160.06657731697194,161.3202517372123,162.71090743801736,165.36936790934635,166.010018563447,166.74675796545864,167.44971959177997,168.2995510255967,174.86703737531002,168.38857582153565,171.39014042274547,"rgba(239, 83, 80, 1.0)",0.0,0.0,3.790363055182884,163.38744228608294,-1.3052687075233835,0.0,0.0,0.0,0.0,0.0,0.0,0.0,0.0,50.71711033433333,-2.5001058095153326,True,False,False,False,False,0.0,0,0.8905891980360066,1.0378477905073646,False,False,False,False,-0.2965384042189894,-0.2920516962583267,False,False,False,False,-323877.0,-296749.1121260457,False,False,False,False,19859.014440757644,False,False,False,False
2025-10-14 19:00:00+00:00,158.455,158.73,157.93,158.245,23102.0,158.7369463796361,159.18334132620822,160.94079226214,163.6164293336946,165.06327075240844,168.55458408227625,169.8898853657101,172.58923015205448,173.39847814798267,173.5313100327184,158.52466876143208,159.14903125833897,160.03758885616833,161.27870629613653,162.66166418425507,165.31201536994908,165.95225153996552,166.68903762600223,167.39122937357436,168.23996765456724,174.83122544545708,168.3288694916266,171.32937625323498,"rgba(239, 83, 80, 1.0)",0.0,0.0,3.7264549755350447,163.33599846662182,-1.3661773723405437,0.0,0.0,0.0,0.0,0.0,0.0,0.0,0.0,48.77567712245257,-2.5001058095153326,True,False,False,False,False,0.0,0,0.8908905228758168,1.0348447712418298,False,False,False,False,-0.30398562110764443,-0.2980186586829856,False,False,False,False,-346979.0,-297527.87007757986,False,False,False,False,19909.29328663737,False,False,False,False
2025-10-15 14:00:00+00:00,158.22,158.38,157.04,157.15,16603.0,158.54664919488127,159.1539011029312,160.90533762883322,163.57336716403174,165.01799204251964,168.50871951293314,169.84412735603763,172.5429978413507,173.35286452618837,173.48587056634832,158.5019529917099,159.12340790347628,160.00825613713087,161.24192429511513,162.6207503595255,165.26685577702332,165.9070977185616,166.6442354291519,167.34609316382665,168.19426344260444,174.80437611255962,168.28309726932994,171.2834651063965,"rgba(239, 83, 80, 1.0)",0.0,0.0,3.6777756534027364,163.28605290796295,-1.6684141411088453,0.0,0.0,0.0,0.0,-1.0,157.93,157.405,893.0,43.059044417311185,-2.277504122035765,False,False,False,True,False,0.0,0,0.8855578093306287,1.0354158215010139,False,False,False,False,-0.333631151356307,-0.31582490501964633,False,False,False,False,-363582.0,-298551.96511513676,False,False,False,False,19858.032925604235,False,False,False,False
2025-10-15 15:00:00+00:00,157.255,157.405,156.68,156.68,16763.0,158.3245535869589,159.1146340533894,160.86404305802907,163.52624037444193,164.9691994120046,168.46028315505765,169.7960312984465,172.49474861462863,173.305336123808,173.4385347733691,158.46656842198064,159.08891967152445,159.97232248991241,161.19962009321424,162.57529963571386,165.21828752594507,165.85876022216056,166.59648891833461,167.29817315816328,168.14593297989683,174.77641154252072,168.23471341783812,171.23540693613137,"rgba(239, 83, 80, 1.0)",0.0,0.0,3.641268506075659,163.2281808900447,-1.798324094781448,0.0,0.0,0.0,0.0,-1.0,157.04,156.96,892.0,37.93145909692408,-6.877671382367133,False,True,False,True,False,0.0,0,0.8863553225216436,1.0432874039751245,False,False,False,False,-0.34282825441539394,-0.3293265797175201,False,False,False,False,-380345.0,-299820.07418311917,False,False,False,False,19810.04791900572,False,False,False,False
2025-10-15 16:00:00+00:00,156.68,156.96,156.36,156.81,12023.0,158.18041136052554,159.08467325175465,160.83338641236526,163.49177842289544,164.9336532943819,168.42515884717082,169.76119150883574,172.45985788436977,173.27097787108704,173.40431722791064,158.43880422893682,159.0624898930768,159.94530785246775,161.16830850620954,162.5419408692386,165.18291952885608,165.82359639551916,166.56178833375077,167.26337812215223,168.11087424519621,174.75617105365563,168.19961931390685,171.20062876525947,"rgba(239, 83, 80, 1.0)",0.0,0.0,3.5994931600176856,163.1866786127875,-1.771549029073903,0.0,0.0,0.0,0.0,0.0,0.0,0.0,0.0,35.414848624720676,-9.012708029742875,False,True,False,True,False,0.0,0,0.8979709192475149,1.0423888934527228,False,False,False,False,-0.34282825441539394,-0.336077417066457,False,False,False,False,-368322.0,-300882.1195446212,False,False,False,False,19689.318493904855,False,False,False,False
2025-10-15 17:00:00+00:00,156.73,156.73,155.98,156.695,17185.0,157.9866616180241,159.03889396961543,160.78782232236426,163.44138722515723,164.8818960853495,168.37428900458576,169.7107981754187,172.40949286713064,173.2214013488774,173.35494642482442,158.39527066092947,159.02193864664778,159.9046354078035,161.12191898521203,162.49296446121386,165.1314465870858,165.7724815333995,166.51140372351944,167.21290940917422,168.06008050119192,174.72693267764248,168.1487799437797,171.1503827299762,"rgba(239, 83, 80, 1.0)",0.0,0.0,3.541630378617142,163.1265945265972,-1.815998237825276,0.0,0.0,0.0,0.0,0.0,0.0,0.0,0.0,33.37364183189416,-10.828484629218494,False,True,False,True,False,0.0,0,0.8902018709995073,1.0407845068110944,False,False,False,False,-0.34282825441539394,-0.33945283574092544,False,False,False,False,-385507.0,-302194.1331950922,False,False,False,False,19650.491850588503,False,False,False,False
2025-10-15 18:00:00+00:00,156.695,157.02,156.495,156.835,25481.0,157.8137591327999,158.9818548949476,160.7267876085127,163.3713025631577,164.80913771332604,168.30162829591137,169.63853773013025,172.3368597104599,173.14980015174103,173.28362527774678,158.34414126822102,158.97122774693398,159.85142049031867,161.0593398419287,162.42550337845358,165.05896953147342,165.7002424113213,166.43992956414422,167.14110829496818,167.98760138733235,174.68449622593909,168.0762151021201,171.0780932373941,"rgba(239, 83, 80, 1.0)",0.0,0.0,3.4726759458996828,163.05148036416853,-1.7901124265592783,0.0,0.0,0.0,0.0,0.0,0.0,0.0,0.0,33.11709432446814,-11.147017003712833,False,True,False,True,False,0.0,0,0.8927514792899406,1.0400230111768567,False,False,False,False,-0.32477883919085004,-0.33211583746588774,False,False,False,False,-360026.0,-303090.75128509075,False,False,False,False,19740.88732577318,False,False,False,False
2025-10-15 19:00:00+00:00,156.835,157.515,156.64,157.34,88100.0,157.59843240894577,158.83577347641074,160.54848663482034,163.15335953312058,164.57884614823453,168.06537319603714,169.40204207731855,172.09688974968557,172.91263854234384,173.04729131737932,158.22760677226478,158.84003576007152,159.70188059928768,160.87435372832897,162.21903984393515,164.8289193521782,165.4695002987758,166.21015713875966,166.909171898833,167.75232692163274,174.5424028574054,167.84055309556248,170.84018997361105,"rgba(239, 83, 80, 1.0)",0.0,0.0,3.391640447914979,162.84845905457405,-1.624128246837128,0.0,0.0,0.0,0.0,0.0,0.0,0.0,0.0,36.53491114502739,-11.147017003712833,False,True,False,True,True,0.0,0,0.8931629183564783,1.0352709843922818,False,False,False,False,-0.3105739998584477,-0.32134491866216774,False,False,False,False,-271926.0,-302607.5768465622,False,False,False,False,20800.71853002476,False,False,False,False
