date,Open,High,Low,Close,Volume,Gap_Up_aVWAP_443,Gap_Up_aVWAP_439,Gap_Up_aVWAP_435,Gap_Up_aVWAP_423,Gap_Up_aVWAP_418,Gap_Up_aVWAP_412,Gap_Up_aVWAP_410,Gap_Up_aVWAP_407,Gap_Up_aVWAP_401,Gap_Up_aVWAP_400,Gap_Down_aVWAP_441,Gap_Down_aVWAP_437,Gap_Down_aVWAP_433,Gap_Down_aVWAP_427,Gap_Down_aVWAP_426,Gap_Down_aVWAP_425,Gap_Down_aVWAP_424,Gap_Down_aVWAP_408,Gap_Down_aVWAP_406,Gap_Down_aVWAP_405,aVWAP_OB_bull_387,aVWAP_OB_bull_301,aVWAP_OB_bull_152,color,Liquidity,Liquidity_Level,StDev,StDev_Mean,StdDev_ZScore,OB,OB_High,OB_Low,OB_Mitigated_Index,FVG,FVG_High,FVG_Low,FVG_Mitigated_Index,QQEMOD,QQE1_Value,QQE1_Above_Upper,QQE1_Below_Lower,QQE2_Above_Threshold,QQE2_Below_Threshold,QQE2_Above_TL,banker_RSI,TTM_squeeze_Active,VI_plus,VI_minus,VI_Regular_Bullish,VI_Regular_Bearish,VI_Hidden_Bullish,VI_Hidden_Bearish,Fisher,Fisher_Signal,Fisher_Regular_Bullish,Fisher_Regular_Bearish,Fisher_Hidden_Bullish,Fisher_Hidden_Bearish,OBV,OBV_Smoothed,OBV_Regular_Bullish,OBV_Regular_Bearish,OBV_Hidden_Bullish,OBV_Hidden_Bearish,Volume_MA,Vol_Regular_Bullish,Vol_Regular_Bearish,Vol_Hidden_Bullish,Vol_Hidden_Bearish
2024-02-13 17:00:00+00:00,48.25,48.405,47.595,48.245,264219.0,,,,,,,,,,,,,,,,,,,,,,,,"rgba(38, 166, 154, 1.0)",0.0,0.0,,,,0.0,0.0,0.0,0.0,0.0,0.0,0.0,0.0,,,False,False,False,False,False,,0,,,False,False,False,False,,,False,False,False,False,0.0,0.0,False,False,False,False,264219.0,False,False,False,False
2024-02-14 17:00:00+00:00,48.155,48.545,47.96,48.475,185367.0,,,,,,,,,,,,,,,,,,,,,,,,"rgba(38, 166, 154, 1.0)",0.0,0.0,,,,0.0,0.0,0.0,0.0,0.0,0.0,0.0,0.0,100.0,,False,False,True,False,False,,0,,,False,False,False,False,,,False,False,False,False,185367.0,2873.906976744186,False,False,False,False,262996.488372093,False,False,False,False
2024-02-15 17:00:00+00:00,50.935,52.445,50.86,52.05,1178539.0,,,,,,,,,,,,,,,,,,,,,,,,"rgba(38, 166, 154, 1.0)",0.0,0.0,,,,0.0,0.0,0.0,0.0,0.0,0.0,0.0,0.0,100.0,50.0,False,False,True,False,True,,0,,,False,False,False,False,,,False,False,False,False,1363906.0,23975.179736794664,False,False,False,False,277190.9459167117,False,False,False,False
2024-02-16 17:00:00+00:00,51.885,52.08,51.575,51.915,275736.0,,,,,,,,,,,,,,,,,,,,,,,,"rgba(38, 166, 154, 1.0)",0.0,0.0,,,,0.0,0.0,0.0,0.0,0.0,0.0,0.0,0.0,98.71226440091151,48.84103796082036,False,False,True,False,False,,0,,,False,False,False,False,,,False,False,False,False,1088170.0,40474.3242369994,False,False,False,False,277168.3886156774,False,False,False,False
2024-02-19 17:00:00+00:00,51.915,51.915,51.915,51.915,0.0,,,,,,,,,,,,,,,,,,,,,,,,"rgba(38, 166, 154, 1.0)",0.0,0.0,,,,0.0,0.0,0.0,0.0,0.0,0.0,0.0,0.0,97.85377400151918,48.14566073731258,False,False,True,False,False,,0,,,False,False,False,False,,,False,False,False,False,1088170.0,56717.66804727848,False,False,False,False,272871.2042960545,False,False,False,False
2024-02-20 17:00:00+00:00,52.025,52.085,51.7,51.79,269876.0,,,,,,,,,,,,,,,,,,,,,,,,"rgba(239, 83, 80, 1.0)",0.0,0.0,,,,0.0,0.0,0.0,0.0,0.0,0.0,0.0,0.0,95.89351463524646,46.4741442708015,False,False,True,False,False,,0,,,False,False,False,False,,,False,False,False,False,818294.0,68525.05303879353,False,False,False,False,272824.76702014665,False,False,False,False
2024-02-21 17:00:00+00:00,52.19,52.685,52.13,52.645,348178.0,,,,,,,,,,,,,,,,,,,,,,,,"rgba(38, 166, 154, 1.0)",0.0,0.0,,,,0.0,0.0,0.0,0.0,0.0,0.0,0.0,0.0,95.25551100638917,46.061511275255185,False,False,True,False,False,,0,,,False,False,False,False,,,False,False,False,False,1166472.0,85547.48632501377,False,False,False,False,273993.03419812885,False,False,False,False
2024-02-22 17:00:00+00:00,53.815,53.91,53.245,53.375,395323.0,,,,,,,,,,,,,,,,,,,,,,,,"rgba(239, 83, 80, 1.0)",0.0,0.0,,,,0.0,0.0,0.0,0.0,0.0,0.0,0.0,0.0,95.2187281094557,46.061511275255185,False,False,True,False,False,,0,,,False,False,False,False,,,False,False,False,False,1561795.0,108435.04467656394,False,False,False,False,275874.1189392431,False,False,False,False
2024-02-23 17:00:00+00:00,53.875,54.025,53.685,53.9,255818.0,,,,,,,,,,,,,,,,,,,,,,,,"rgba(38, 166, 154, 1.0)",0.0,0.0,,,,0.0,0.0,0.0,0.0,0.0,0.0,0.0,0.0,95.41337554495632,46.061511275255185,False,False,True,False,True,,0,,,False,False,False,False,,,False,False,False,False,1817613.0,134933.92770483426,False,False,False,False,275563.1713587897,False,False,False,False
2024-02-26 17:00:00+00:00,54.45,54.45,53.84,54.145,281613.0,,,,,,,,,,,,,,,,,,,,,,,,"rgba(38, 166, 154, 1.0)",0.0,0.0,,,,0.0,0.0,0.0,0.0,0.0,0.0,0.0,0.0,95.63601712719338,46.061511275255185,False,False,True,False,True,,0,,,False,False,False,False,,,False,False,False,False,2099226.0,165388.06836057326,False,False,False,False,275656.9671516767,False,False,False,False
2024-02-27 17:00:00+00:00,54.705,54.89,54.545,54.77,414316.0,,,,,,,,,,,,,,,,,,,,,,,,"rgba(38, 166, 154, 1.0)",0.0,0.0,,,,0.0,0.0,0.0,0.0,0.0,0.0,0.0,0.0,95.99347465607411,46.061511275255185,False,False,True,False,True,,0,,,False,False,False,False,,,False,False,False,False,2513542.0,201793.55567281242,False,False,False,False,277806.7195989375,False,False,False,False
2024-02-28 17:00:00+00:00,55.055,55.17,54.595,54.68,325520.0,,,,,,,,,,,,,,,,,,,,,,,,"rgba(239, 83, 80, 1.0)",0.0,0.0,,,,0.0,0.0,0.0,0.0,0.0,0.0,0.0,0.0,95.41720632001014,46.061511275255185,False,False,True,False,False,,0,,,False,False,False,False,,,False,False,False,False,2188022.0,232587.79511974554,False,False,False,False,278546.4603803493,False,False,False,False
2024-02-29 17:00:00+00:00,55.185,55.695,55.095,55.51,525180.0,,,,,,,,,,,,,,,,,,,,,,,,"rgba(38, 166, 154, 1.0)",0.0,0.0,,,,0.0,0.0,0.0,0.0,0.0,0.0,0.0,0.0,95.43012416226819,46.061511275255185,False,False,True,False,False,,0,,,False,False,False,False,,,False,False,False,False,2713202.0,271046.9300791293,False,False,False,False,282370.2361884059,False,False,False,False
2024-03-01 17:00:00+00:00,55.515,55.535,55.025,55.055,274469.0,,,,,,,,,,,,,,,,,,,,,,,,"rgba(239, 83, 80, 1.0)",0.0,0.0,,,,0.0,0.0,0.0,0.0,0.0,0.0,0.0,0.0,91.82563901493921,43.132970780789876,False,False,True,False,False,,0,,,False,False,False,False,,,False,False,False,False,2438733.0,304654.4660468947,False,False,False,False,282247.7364025391,False,False,False,False
2024-03-04 17:00:00+00:00,56.525,56.56,55.77,55.82,207947.0,,,,,,,,,,,,,,,,,,,,,,,,"rgba(38, 166, 154, 1.0)",0.0,0.0,,,,0.0,0.0,0.0,0.0,0.0,0.0,0.0,0.0,90.32928028026203,41.92857661322374,False,False,True,False,False,,0,,,False,False,False,False,,,False,False,False,False,2646680.0,340964.9394415165,False,False,False,False,281095.7870009494,False,False,False,False
2024-03-05 17:00:00+00:00,56.645,57.105,56.39,56.605,406281.0,,,,,,,,,,,,,,,,,,,,,,,,"rgba(38, 166, 154, 1.0)",0.0,0.0,,,,0.0,0.0,0.0,0.0,0.0,0.0,0.0,0.0,90.04723615757888,41.79762237244151,False,False,True,False,False,,0,,,False,False,False,False,,,False,False,False,False,3052961.0,383011.3899928108,False,False,False,False,283036.6430164386,False,False,False,False
2024-03-06 17:00:00+00:00,57.015,57.375,56.77,57.11,691931.0,,,,,,,,,,,,,,,,,,,,,,,,"rgba(38, 166, 154, 1.0)",0.0,0.0,,,,0.0,0.0,0.0,0.0,0.0,0.0,0.0,0.0,90.24227803624082,41.79762237244151,False,False,True,False,False,,0,,,False,False,False,False,,,False,False,False,False,3744892.0,435133.56999292225,False,False,False,False,289376.09041153255,False,False,False,False
2024-03-07 17:00:00+00:00,57.23,57.24,56.875,57.0,218678.0,,,,,,,,,,,,,,,,,,,,,,,,"rgba(38, 166, 154, 1.0)",0.0,0.0,,,,0.0,0.0,0.0,0.0,0.0,0.0,0.0,0.0,89.58443579047014,41.404488803216566,False,False,True,False,False,,0,,,False,False,False,False,,,False,False,False,False,3526214.0,483057.2975899312,False,False,False,False,288279.99598654755,False,False,False,False
2024-03-08 17:00:00+00:00,57.22,57.485,57.04,57.065,265252.0,,,,,,,,,,,,,,,,,,,,,,,,"rgba(38, 166, 154, 1.0)",0.0,0.0,,,,0.0,0.0,0.0,0.0,0.0,0.0,0.0,0.0,89.21251262135019,41.011983372383895,False,False,True,False,False,,0,,,False,False,False,False,,,False,False,False,False,3791466.0,534350.4557668314,False,False,False,False,287922.9727929577,False,False,False,False
2024-03-11 17:00:00+00:00,57.195,57.345,57.02,57.09,198336.0,,,,,,,,,,,,,,,,,,,,,,,,"rgba(38, 166, 154, 1.0)",0.0,0.0,,,,0.0,0.0,0.0,0.0,0.0,0.0,0.0,0.0,88.99269891162604,40.728999556094664,False,False,True,False,False,,0,,,False,False,False,False,,,False,False,False,False,3989802.0,587923.3479254852,False,False,False,False,286534.0274783382,False,False,False,False
2024-03-12 17:00:00+00:00,57.935,58.11,57.615,57.625,290358.0,,,,,,,,,,,,,,,,,,,,,,,,"rgba(38, 166, 154, 1.0)",0.0,0.0,,57.783333333333324,,0.0,0.0,0.0,0.0,0.0,0.0,0.0,0.0,89.4178127987967,40.728999556094664,False,False,True,False,False,,0,,,False,False,False,False,,,False,False,False,False,4280160.0,645167.3270274156,False,False,False,False,286593.31387402286,False,False,False,False
2024-03-13 17:00:00+00:00,57.915,58.02,57.69,57.845,155626.0,,,,,,,,,,,,,,,,,,,,,,,,"rgba(38, 166, 154, 1.0)",0.0,0.0,,57.807178232103986,,0.0,0.0,0.0,0.0,0.0,0.0,0.0,0.0,89.9114859086069,40.728999556094664,False,False,True,False,True,,0,,,False,False,False,False,,,False,False,False,False,4435786.0,703936.6087789285,False,False,False,False,284562.81288372795,False,False,False,False
2024-03-14 17:00:00+00:00,57.555,57.715,57.12,57.385,292273.0,,,,,,,,,,,,,,,,,,,,,,,,"rgba(38, 166, 154, 1.0)",0.0,0.0,,57.64861730174361,,0.0,0.0,0.0,0.0,0.0,0.0,0.0,0.0,86.23209891162661,38.10540123623257,False,False,True,False,False,,0,,,False,False,False,False,,,False,False,False,False,4143513.0,757263.3745342939,False,False,False,False,284682.3506684763,False,False,False,False
2024-03-15 17:00:00+00:00,57.69,57.81,57.38,57.44,241810.0,,,,,,,,,,,,,,,,,,,,,,,,"rgba(38, 166, 154, 1.0)",0.0,0.0,,57.622640795646284,,0.0,0.0,0.0,0.0,0.0,0.0,0.0,0.0,83.90230087524404,36.10317257665211,False,False,True,False,False,,0,,,False,False,False,False,,,False,False,False,False,4385323.0,813512.3609756227,False,False,False,False,284017.6630612131,False,False,False,False
2024-03-18 17:00:00+00:00,57.435,57.7,57.425,57.67,234916.0,,,,,,,,,,,,,,,,,,,,,,,,"rgba(38, 166, 154, 1.0)",0.0,0.0,,57.617940967075256,,0.0,0.0,0.0,0.0,0.0,0.0,0.0,0.0,82.87497395384011,35.300187880485595,False,False,True,False,False,,0,,,False,False,False,False,,,False,False,False,False,4620239.0,872531.3786349153,False,False,False,False,283256.3969672408,False,False,False,False
2024-03-19 17:00:00+00:00,57.535,57.6,56.925,57.0,256534.0,,,,,,,,,,,,,,,,,,,,,,,,"rgba(38, 166, 154, 1.0)",0.0,0.0,,57.54072173138333,,0.0,0.0,0.0,0.0,0.0,0.0,0.0,0.0,76.8180313201803,29.895509977277896,False,False,True,False,False,,0,,,False,False,False,False,,,False,False,False,False,4363705.0,926658.1014467771,False,False,False,False,282842.0962390665,False,False,False,False
2024-03-20 17:00:00+00:00,56.69,57.505,56.41,57.32,516473.0,,,,,,,,,,,,,,,,,,,,,,,,"rgba(38, 166, 154, 1.0)",0.0,0.0,,57.42059480765329,,0.0,0.0,0.0,0.0,0.0,0.0,0.0,0.0,73.91865936893801,27.580425502365273,False,False,True,False,False,,0,,,False,False,False,False,,,False,False,False,False,4880178.0,987952.9835948892,False,False,False,False,286464.28079349955,False,False,False,False
2024-03-21 17:00:00+00:00,57.795,57.985,57.61,57.885,497491.0,,,,,,,,,,,,,,,,,,,,,,,,"rgba(38, 166, 154, 1.0)",0.0,0.0,,57.501873680922664,,0.0,0.0,0.0,0.0,0.0,0.0,0.0,0.0,73.69912936030865,27.580425502365273,False,False,True,False,False,,0,,,False,False,False,False,,,False,False,False,False,5377669.0,1056010.5962523327,False,False,False,False,289736.01287422044,False,False,False,False
2024-03-22 17:00:00+00:00,57.48,57.495,57.125,57.13,156292.0,,,,,,,,,,,,,,,,,,,,,,,,"rgba(38, 166, 154, 1.0)",0.0,0.0,,57.486972384960154,,0.0,0.0,0.0,0.0,0.0,0.0,0.0,0.0,68.78849714680278,23.193938000846487,False,False,True,False,False,,0,,,False,False,False,False,,,False,False,False,False,5221377.0,1120589.9203414437,False,False,False,False,287667.1134498139,False,False,False,False
2024-03-25 17:00:00+00:00,56.785,56.835,56.375,56.735,218129.0,,,,,,,,,,,,,,,,,,,,,,,,"rgba(38, 166, 154, 1.0)",0.0,0.0,,57.035670732190596,,0.0,0.0,0.0,0.0,0.0,0.0,0.0,0.0,63.49016309369728,18.56553868224313,False,False,True,False,False,,0,,,False,False,False,False,,,False,False,False,False,5003248.0,1180786.1696384756,False,False,False,False,286589.00316377025,False,False,False,False
2024-03-26 17:00:00+00:00,56.905,56.975,56.675,56.8,128603.0,,,,,,,,,,,,,,,,,,,,,,,,"rgba(38, 166, 154, 1.0)",0.0,0.0,,57.053841962801826,,0.0,0.0,0.0,0.0,0.0,0.0,0.0,0.0,60.251752959358726,15.876712767877976,False,False,True,False,False,,0,,,False,False,False,False,,,False,False,False,False,5131851.0,1242042.988713848,False,False,False,False,284139.60776588233,False,False,False,False
2024-03-27 17:00:00+00:00,57.015,57.64,56.865,57.635,118037.0,,,,,,,,,,,,,,,,,,,,,,,,"rgba(38, 166, 154, 1.0)",0.0,0.0,,57.13850271830869,,0.0,0.0,0.0,0.0,0.0,0.0,0.0,0.0,61.37260162851733,15.876712767877976,False,False,True,False,False,,0,,,False,False,False,False,,,False,False,False,False,5249888.0,1304180.1206717729,False,False,False,False,281564.37353695394,False,False,False,False
2024-03-28 17:00:00+00:00,57.975,58.075,57.835,57.92,232787.0,,,,,,,,,,,,,,,,,,,,,,,,"rgba(38, 166, 154, 1.0)",0.0,0.0,,57.5376945949964,,0.0,0.0,0.0,0.0,0.0,0.0,0.0,0.0,63.03624375022567,15.876712767877976,False,False,True,False,True,,0,,,False,False,False,False,,,False,False,False,False,5482675.0,1368962.9870179468,False,False,False,False,280808.13518754375,False,False,False,False
2024-03-29 17:00:00+00:00,57.92,57.92,57.92,57.92,0.0,,,,,,,,,,,,,,,,,,,,,,,,"rgba(38, 166, 154, 1.0)",0.0,0.0,,57.5376945949964,,0.0,0.0,0.0,0.0,0.0,0.0,0.0,0.0,64.14533849803124,15.876712767877976,False,False,True,False,True,,0,,,False,False,False,False,,,False,False,False,False,5482675.0,1432741.4678393737,False,False,False,False,276454.5206885121,False,False,False,False
2024-04-01 17:00:00+00:00,57.675,57.68,57.415,57.63,152392.0,,,,,,,,,,,,,,,,,,,,,,,,"rgba(38, 166, 154, 1.0)",0.0,0.0,,57.511463940761324,,0.0,0.0,0.0,0.0,0.0,0.0,0.0,0.0,62.923096725809174,15.876712767877976,False,False,True,False,True,,0,,,False,False,False,False,,,False,False,False,False,5330283.0,1493168.468337988,False,False,False,False,274531.07075535686,False,False,False,False
2024-04-02 17:00:00+00:00,57.59,57.635,57.24,57.37,170217.0,,,,,,,,,,,,,,,,,,,,,,,,"rgba(38, 166, 154, 1.0)",0.0,0.0,,57.47858636060031,,0.0,0.0,0.0,0.0,0.0,0.0,0.0,0.0,60.45320301256916,15.876712767877976,False,False,True,False,False,,0,,,False,False,False,False,,,False,False,False,False,5160066.0,1550019.5928598796,False,False,False,False,272913.7983405451,False,False,False,False
2024-04-03 17:00:00+00:00,57.35,57.405,56.855,57.135,148289.0,,,,,,,,,,,,,,,,,,,,,,,,"rgba(38, 166, 154, 1.0)",0.0,0.0,,57.42825299556208,,0.0,0.0,0.0,0.0,0.0,0.0,0.0,0.0,57.38087618703362,13.041732418543816,False,False,True,False,False,,0,,,False,False,False,False,,,False,False,False,False,5011777.0,1603690.2503349204,False,False,False,False,270981.6309244126,False,False,False,False
2024-04-04 17:00:00+00:00,57.775,57.825,56.535,56.71,216280.0,,,,,,,,,,,,,,,,,,,,,,,,"rgba(38, 166, 154, 1.0)",0.0,0.0,,57.36457090499072,,0.0,0.0,0.0,0.0,0.0,0.0,0.0,0.0,53.01821160878732,8.90705914144909,False,False,False,False,False,,0,,,False,False,False,False,,,False,False,False,False,4795497.0,1653175.62629872,False,False,False,False,270133.5436232589,False,False,False,False
2024-04-05 17:00:00+00:00,57.61,57.61,57.16,57.405,132659.0,,,,,,,,,,,,,,,,,,,,,,,,"rgba(38, 166, 154, 1.0)",0.0,0.0,,57.3666101326271,,0.0,0.0,0.0,0.0,0.0,0.0,0.0,0.0,53.81537199816238,8.90705914144909,False,False,True,False,False,,0,,,False,False,False,False,,,False,False,False,False,4928156.0,1703950.5158134685,False,False,False,False,268002.15535003005,False,False,False,False
2024-04-08 17:00:00+00:00,57.825,57.985,57.715,57.82,146964.0,,,,,,,,,,,,,,,,,,,,,,,,"rgba(38, 166, 154, 1.0)",0.0,0.0,,57.40521656827195,,0.0,0.0,0.0,0.0,0.0,0.0,0.0,0.0,56.10380570822311,8.90705914144909,False,False,True,False,True,,0,,,False,False,False,False,,,False,False,False,False,5075120.0,1756216.709366748,False,False,False,False,266125.59480196756,False,False,False,False
2024-04-09 17:00:00+00:00,57.36,57.63,57.235,57.58,150078.0,,,,,,,,,,,,,,,,,,,,,,,,"rgba(38, 166, 154, 1.0)",0.0,0.0,,57.41053292016537,,0.0,0.0,0.0,0.0,0.0,0.0,0.0,0.0,56.18492839123081,8.90705914144909,False,False,True,False,True,,0,,,False,False,False,False,,,False,False,False,False,4925042.0,1805345.7836401318,False,False,False,False,264326.407285658,False,False,False,False
2024-04-10 17:00:00+00:00,56.9,57.02,56.54,56.93,126638.0,,,,,,,,,,,,,,,,,,,,,,,,"rgba(38, 166, 154, 1.0)",0.0,0.0,,57.375619636563556,,0.0,0.0,0.0,0.0,0.0,0.0,0.0,0.0,52.882468290243594,8.468893916825493,False,True,True,False,False,,0,,,False,False,False,False,,,False,False,False,False,4798404.0,1851749.7869945483,False,False,False,False,262191.7032967331,False,False,False,False
2024-04-11 17:00:00+00:00,56.425,56.995,56.38,56.66,267728.0,,,,,,,,,,,,,,,,,,,,,,,,"rgba(38, 166, 154, 1.0)",0.0,0.0,,57.299061241886626,,0.0,0.0,0.0,0.0,0.0,0.0,0.0,0.0,49.49188847500339,5.164993176637914,False,True,False,False,False,,0,,,False,False,False,False,,,False,False,False,False,4530676.0,1893283.5267310669,False,False,False,False,262277.5373541481,False,False,False,False
2024-04-12 17:00:00+00:00,56.565,56.675,56.08,56.345,309936.0,,,,,,,,,,,,,,,,,,,,,,,,"rgba(38, 166, 154, 1.0)",0.0,0.0,,57.19653883675437,,0.0,0.0,0.0,0.0,0.0,0.0,0.0,0.0,45.923599768106065,1.7820837603986206,False,True,False,True,False,,0,,,False,False,False,False,,,False,False,False,False,4220740.0,1929368.1232158565,False,False,False,False,263016.4282478822,False,False,False,False
2024-04-15 17:00:00+00:00,57.345,57.44,56.74,56.975,182479.0,,,,,,,,,,,,,,,,,,,,,,,,"rgba(38, 166, 154, 1.0)",0.0,0.0,,57.1890327555545,,0.0,0.0,0.0,0.0,0.0,0.0,0.0,0.0,47.03988176643067,1.7820837603986206,False,True,False,True,False,,0,,,False,False,False,False,,,False,False,False,False,4403219.0,1967722.4003753006,False,False,False,False,261767.78594946544,False,False,False,False
2024-04-16 17:00:00+00:00,56.145,56.735,56.075,56.41,547866.0,,,,,,,,,,,,,,,,,,,,,,,,"rgba(38, 166, 154, 1.0)",0.0,0.0,,56.906034975688456,,0.0,0.0,0.0,0.0,0.0,0.0,0.0,0.0,45.363859604981485,1.1490969915862905,False,True,False,True,False,,0,,,False,False,False,False,,,False,False,False,False,3855353.0,1996987.9910671564,False,False,False,False,266203.4171750551,False,False,False,False
2024-04-17 17:00:00+00:00,56.96,57.635,56.92,57.185,251530.0,,,,,,,,,,,,,,,,,,,,,,,,"rgba(38, 166, 154, 1.0)",0.0,0.0,,56.981894826277966,,0.0,0.0,0.0,0.0,0.0,0.0,0.0,0.0,47.82756502073573,1.1490969915862905,False,True,False,True,False,,0,,,False,False,False,False,,,False,False,False,False,4106883.0,2029699.541593247,False,False,False,False,265975.92233513173,False,False,False,False
2024-04-18 17:00:00+00:00,58.69,58.985,58.385,58.725,436347.0,,,,,,,,,,,,,,,,,,,,,,,,"rgba(38, 166, 154, 1.0)",0.0,0.0,,57.28461340189348,,0.0,0.0,0.0,0.0,0.0,0.0,0.0,0.0,54.082165447013345,-2.0502216920789635,False,True,True,False,True,,0,,,False,False,False,False,,,False,False,False,False,4543230.0,2068669.0060646697,False,False,False,False,268617.3343919514,False,False,False,False
2024-04-19 17:00:00+00:00,60.635,60.79,59.97,60.295,342201.0,,,,,,,,,,,,,,,,,,,,,,,,"rgba(38, 166, 154, 1.0)",0.0,0.0,,57.61574869507936,,0.0,0.0,0.0,0.0,0.0,0.0,0.0,0.0,61.05194185858589,4.226936404437588,False,True,True,False,True,,0,,,False,False,False,False,,,False,False,False,False,4885431.0,2112339.734652814,False,False,False,False,269758.16641688236,False,False,False,False
2024-04-22 17:00:00+00:00,61.215,61.495,60.855,61.12,348329.0,,,,,,,,,,,,,,,,,,,,,,,,"rgba(38, 166, 154, 1.0)",0.0,0.0,,57.94719133151612,,0.0,0.0,0.0,0.0,0.0,0.0,0.0,0.0,66.77719948097786,9.209392761120455,False,True,True,False,True,20.0,0,,,False,False,False,False,,,False,False,False,False,5233760.0,2160733.8472938556,False,False,False,False,270976.31887553533,False,False,False,False
2024-04-23 17:00:00+00:00,61.485,61.53,60.81,60.965,379510.0,,,,,,,,,,,,,,,,,,,,,,,,"rgba(38, 166, 154, 1.0)",0.0,0.0,,58.8008402127053,,0.0,0.0,0.0,0.0,0.0,0.0,0.0,0.0,69.89981181739778,11.847063322638853,False,False,True,False,True,20.0,0,,,False,False,False,False,,,False,False,False,False,4854250.0,2202493.787645889,False,False,False,False,272659.01160614716,False,False,False,False
2024-04-24 17:00:00+00:00,60.62,60.96,60.535,60.595,272476.0,,,,,,,,,,,,,,,,,,,,,,,,"rgba(38, 166, 154, 1.0)",0.0,0.0,,58.879939927268595,,0.0,0.0,0.0,0.0,0.0,0.0,0.0,0.0,70.28794217197738,12.20812784561388,False,False,True,False,True,20.0,0,,,False,False,False,False,,,False,False,False,False,4581774.0,2239381.8529537045,False,False,False,False,272656.17421690456,False,False,False,False
2024-04-25 17:00:00+00:00,59.775,60.27,59.745,59.94,329867.0,,,,,,,,,,,,,,,,,,,,,,,,"rgba(38, 166, 154, 1.0)",0.0,0.0,,58.89517714343668,,0.0,0.0,0.0,0.0,0.0,0.0,0.0,0.0,67.76808209816137,12.20812784561388,False,False,True,False,True,20.0,0,,,False,False,False,False,,,False,False,False,False,4251907.0,2270583.7932179878,False,False,False,False,273543.1637639293,False,False,False,False
2024-04-26 17:00:00+00:00,60.03,60.435,59.875,59.885,223500.0,,,,,,,,,,,,,,,,,,,,,,,,"rgba(38, 166, 154, 1.0)",0.0,0.0,,58.92524428821649,,0.0,0.0,0.0,0.0,0.0,0.0,0.0,0.0,65.85902042554132,12.20812784561388,False,False,True,False,False,20.0,0,,,False,False,False,False,,,False,False,False,False,4028407.0,2297836.8661913523,False,False,False,False,272767.3007598373,False,False,False,False
2024-04-29 17:00:00+00:00,60.12,60.24,59.615,59.81,178083.0,,,,,,,,,,,,,,,,,,,,,,,,"rgba(38, 166, 154, 1.0)",0.0,0.0,,58.941494204605114,,0.0,0.0,0.0,0.0,0.0,0.0,0.0,0.0,64.24436980807845,12.20812784561388,False,True,True,False,False,20.0,0,,,False,False,False,False,,,False,False,False,False,3850324.0,2321906.434157378,False,False,False,False,271299.3271046461,False,False,False,False
2024-04-30 17:00:00+00:00,59.46,59.775,59.305,59.32,264825.0,,,,,,,,,,,,,,,,,,,,,,,,"rgba(38, 166, 154, 1.0)",0.0,0.0,,58.93866549583487,,0.0,0.0,0.0,0.0,0.0,0.0,0.0,0.0,60.96405105971808,18.42559545095078,False,True,True,False,False,20.0,0,,,False,False,False,False,,,False,False,False,False,3585499.0,2341497.0165735427,False,False,False,False,271198.94994023297,False,False,False,False
2024-05-01 17:00:00+00:00,59.625,60.16,59.325,59.48,213268.0,,,,,,,,,,,,,,,,,,,,,,,,"rgba(38, 166, 154, 1.0)",0.0,0.0,,58.95105200892691,,0.0,0.0,0.0,0.0,0.0,0.0,0.0,0.0,59.35901812534132,16.592091354465964,False,True,True,False,False,20.0,0,,,False,False,False,False,,,False,False,False,False,3798767.0,2364090.349649922,False,False,False,False,270300.7956775937,False,False,False,False
2024-05-02 17:00:00+00:00,59.435,59.97,59.4,59.825,408313.0,,,,,,,,,,,,,,,,,,,,,,,,"rgba(38, 166, 154, 1.0)",0.0,0.0,,58.984314285478845,,0.0,0.0,0.0,0.0,0.0,0.0,0.0,0.0,59.531052421604564,16.345784607441388,False,True,True,False,False,20.0,0,,,False,False,False,False,,,False,False,False,False,4207080.0,2392663.832601086,False,False,False,False,272440.5197756155,False,False,False,False
2024-05-03 17:00:00+00:00,60.115,60.26,59.905,59.94,260705.0,,,,,,,,,,,,,,,,,,,,,,,,"rgba(38, 166, 154, 1.0)",0.0,0.0,,59.02132459342033,,0.0,0.0,0.0,0.0,0.0,0.0,0.0,0.0,60.0587736818902,16.345784607441388,False,True,True,False,False,20.0,0,,,False,False,False,False,,,False,False,False,False,4467785.0,2424836.2538010688,False,False,False,False,272258.5737325827,False,False,False,False
2024-05-06 17:00:00+00:00,60.25,60.32,59.84,60.195,216452.0,,,,,,,,,,,,,,,,,,,,,,,,"rgba(38, 166, 154, 1.0)",0.0,0.0,,59.053553520186426,,0.0,0.0,0.0,0.0,0.0,0.0,0.0,0.0,61.33768607497203,16.345784607441388,False,True,True,False,False,20.0,0,,,False,False,False,False,,,False,False,False,False,4684237.0,2459865.7227343856,False,False,False,False,271393.35553517827,False,False,False,False
2024-05-07 17:00:00+00:00,60.335,60.47,60.06,60.25,227787.0,,,,,,,,,,,,,,,,,,,,,,,,"rgba(38, 166, 154, 1.0)",0.0,0.0,,59.091230017148156,,0.0,0.0,0.0,0.0,0.0,0.0,0.0,0.0,62.39559884710002,16.345784607441388,False,False,True,False,False,20.0,0,,,False,False,False,False,,,False,False,False,False,4912024.0,2497883.680521449,False,False,False,False,270717.28800750105,False,False,False,False
2024-05-08 17:00:00+00:00,60.65,61.44,60.605,61.2,262261.0,,,,,,,,,,,,,,,,,,,,,,,,"rgba(38, 166, 154, 1.0)",0.0,0.0,,59.168582979369795,,0.0,0.0,0.0,0.0,0.0,0.0,0.0,0.0,66.04598048802427,16.345784607441388,False,False,True,False,True,20.0,0,,,False,False,False,False,,,False,False,False,False,5174285.0,2539378.274621892,False,False,False,False,270586.1827670747,False,False,False,False
2024-05-09 17:00:00+00:00,61.225,61.37,61.04,61.295,181382.0,,,,,,,,,,,,,,,,,,,,,,,,"rgba(38, 166, 154, 1.0)",0.0,0.0,,59.22272767758604,,0.0,0.0,0.0,0.0,0.0,0.0,0.0,0.0,68.72162579136514,13.379107460973124,True,False,True,False,True,20.0,0,,,False,False,False,False,,,False,False,False,False,5355667.0,2583041.6657130253,False,False,False,False,269203.1721815386,False,False,False,False
2024-05-10 17:00:00+00:00,61.72,61.975,61.615,61.875,117140.0,,,,,,,,,,,,,,,,,,,,,,,,"rgba(38, 166, 154, 1.0)",0.0,0.0,,59.267131884701016,,0.0,0.0,0.0,0.0,0.0,0.0,0.0,0.0,71.86771253987237,16.4380156403475,True,False,True,False,True,20.0,0,,,False,False,False,False,,,False,False,False,False,5472807.0,2627844.229035304,False,False,False,False,266845.60362058453,False,False,False,False
2024-05-13 17:00:00+00:00,61.77,61.77,61.21,61.27,278554.0,,,,,,,,,,,,,,,,,,,,,,,,"rgba(38, 166, 154, 1.0)",0.0,0.0,,59.34863576111345,,0.0,0.0,0.0,0.0,0.0,0.0,0.0,0.0,69.89805998615309,16.4380156403475,True,False,True,False,True,20.0,0,,,False,False,False,False,,,False,False,False,False,5194253.0,2667633.512306074,False,False,False,False,267027.1291458468,False,False,False,False
2024-05-14 17:00:00+00:00,61.765,61.995,61.465,61.875,195524.0,,,,,,,,,,,,,,,,,,,,,,,,"rgba(38, 166, 154, 1.0)",0.0,0.0,,59.41231953915682,,0.0,0.0,0.0,0.0,0.0,0.0,0.0,0.0,70.28002464168048,16.4380156403475,True,False,True,False,True,20.0,0,,,False,False,False,False,,,False,False,False,False,5389777.0,2709837.2873090804,False,False,False,False,265918.5535001748,False,False,False,False
2024-05-15 17:00:00+00:00,62.115,62.38,61.87,62.33,124640.0,,,,,,,,,,,,,,,,,,,,,,,,"rgba(38, 166, 154, 1.0)",0.0,0.0,,59.91433014964799,,0.0,0.0,0.0,0.0,0.0,0.0,0.0,0.0,71.61769770192635,16.48951003486205,True,False,True,False,True,20.0,0,,,False,False,False,False,,,False,False,False,False,5514417.0,2753319.1433197926,False,False,False,False,263728.1883296294,False,True,False,False
2024-05-16 17:00:00+00:00,62.045,62.045,60.965,61.07,345091.0,,,,,,,,,,,,,,,,,,,,,,,,"rgba(38, 166, 154, 1.0)",0.0,0.0,,59.878720193849034,,0.0,0.0,0.0,0.0,0.0,0.0,0.0,0.0,66.09493819050127,21.4554375123616,True,False,True,False,False,20.0,0,,,False,False,False,False,,,False,False,False,False,5169326.0,2790776.6139659975,False,False,False,False,264989.6272702553,False,False,False,False
2024-05-17 17:00:00+00:00,60.95,61.14,60.94,61.115,159215.0,,,,,,,,,,,,,,,,,,,,,,,,"rgba(38, 166, 154, 1.0)",0.0,0.0,,59.8802964640652,,0.0,0.0,0.0,0.0,0.0,0.0,0.0,0.0,62.56742868974443,18.214938447875497,False,False,True,False,False,20.0,0,,,False,False,False,False,,,False,False,False,False,5328541.0,2830121.7982455944,False,False,False,False,263349.71056839084,False,False,False,False
2024-05-20 17:00:00+00:00,61.36,61.395,60.59,60.725,265114.0,,,,,,,,,,,,,,,,,,,,,,,,"rgba(38, 166, 154, 1.0)",0.0,0.0,,59.885519308129766,,0.0,0.0,0.0,0.0,0.0,0.0,0.0,0.0,58.52706611088579,14.536398415790742,False,True,True,False,False,20.0,0,,,False,False,False,False,,,False,False,False,False,5063427.0,2864746.6850945,False,False,False,False,263377.0638929119,False,False,False,False
2024-05-21 17:00:00+00:00,61.325,61.67,61.205,61.475,198808.0,,,,,,,,,,,,,,,,,,,,,,,,"rgba(38, 166, 154, 1.0)",0.0,0.0,,59.92474557651897,,0.0,0.0,0.0,0.0,0.0,0.0,0.0,0.0,58.557018201583304,14.536398415790742,False,True,True,False,False,20.0,0,,,False,False,False,False,,,False,False,False,False,5262235.0,2901917.046565903,False,False,False,False,262375.99313488224,False,False,False,False
2024-05-22 17:00:00+00:00,61.015,61.045,60.51,60.96,153347.0,,,,,,,,,,,,,,,,,,,,,,,,"rgba(38, 166, 154, 1.0)",0.0,0.0,,59.93063411141019,,0.0,0.0,0.0,0.0,0.0,0.0,0.0,0.0,56.36943886041189,12.34785716213193,False,True,True,False,False,19.95694580293042,0,,,False,False,False,False,,,False,False,False,False,5108888.0,2936133.650495114,False,False,False,False,260685.62114829491,False,False,False,False
2024-05-23 17:00:00+00:00,59.845,59.895,59.355,59.69,217640.0,,,,,,,,,,,,,,,,,,,,,,,,"rgba(239, 83, 80, 1.0)",0.0,0.0,,59.88622278093238,,0.0,0.0,0.0,0.0,0.0,0.0,0.0,0.0,50.77505115666688,7.057705992696626,False,True,False,False,False,13.707128904314441,0,,,False,False,False,False,,,False,False,False,False,4891248.0,2966445.5008750344,False,False,False,False,260018.24717700353,False,False,False,False
2024-05-24 17:00:00+00:00,59.88,60.225,59.875,60.22,121075.0,,,,,,,,,,,,,,,,,,,,,,,,"rgba(239, 83, 80, 1.0)",0.0,0.0,,59.877801586185456,,0.0,0.0,0.0,0.0,0.0,0.0,0.0,0.0,49.074380616822324,5.47050769535354,False,True,False,True,False,15.378187968358887,0,,,False,False,False,False,,,False,False,False,False,5012323.0,2998164.5318692196,False,False,False,False,257864.08830604225,False,False,False,False
2024-05-27 17:00:00+00:00,60.22,60.22,60.22,60.22,0.0,,,,,,,,,,,,,,,,,,,,,,,,"rgba(239, 83, 80, 1.0)",0.0,0.0,3.0184517285916335,59.877801586185456,0.11336885416226557,0.0,0.0,0.0,0.0,0.0,0.0,0.0,0.0,47.94060025692595,4.266882523506496,False,True,False,True,False,15.378187968358876,0,,,False,False,False,False,,,False,False,False,False,5012323.0,3029391.794941014,False,False,False,False,253866.1954640881,False,False,False,False
2024-05-28 17:00:00+00:00,59.705,59.705,59.19,59.475,154643.0,,,,,,,,,,,,,,,,,,,,,,,,"rgba(239, 83, 80, 1.0)",0.0,0.0,2.8192138655695844,59.85002916277369,-0.13302614865577644,0.0,0.0,0.0,0.0,0.0,0.0,0.0,0.0,44.870697742933515,1.2062182906016545,False,True,False,True,False,11.910175010599428,0,,,False,False,False,False,,,False,False,False,False,4857680.0,3057737.34850782,False,False,False,False,252327.85134836577,False,False,False,False
2024-05-29 17:00:00+00:00,58.69,58.945,58.62,58.765,200695.0,,,,,,,,,,,,,,,,,,,,,,,,"rgba(239, 83, 80, 1.0)",0.0,0.0,2.6029968920111672,59.79514903475975,-0.39575499990851803,0.0,0.0,0.0,0.0,0.0,0.0,0.0,0.0,41.01501133841592,-2.5114077954748524,False,True,False,True,False,8.783716269190062,0,,,False,False,False,False,,,False,False,False,False,4656985.0,3082531.8857402573,False,False,False,False,251527.34202513527,False,False,False,False
2024-05-30 17:00:00+00:00,59.18,59.395,59.015,59.205,164144.0,,,,,,,,,,,,,,,,,,,,,,,,"rgba(239, 83, 80, 1.0)",0.0,0.0,2.515177331523363,59.768110240335226,-0.2238849059577717,0.0,0.0,0.0,0.0,0.0,0.0,0.0,0.0,40.423203641473606,-3.2146193535649985,False,True,False,True,False,10.256524950920472,0,,,False,False,False,False,,,False,False,False,False,4821129.0,3109486.8797597885,False,False,False,False,250172.56152862153,False,False,False,False
2024-05-31 17:00:00+00:00,59.13,59.98,59.105,59.95,142128.0,,,,,,,,,,,,,,,,,,,,,,,,"rgba(239, 83, 80, 1.0)",0.0,0.0,2.421900684984399,59.75828221841696,0.07916005093506928,0.0,0.0,0.0,0.0,0.0,0.0,0.0,0.0,42.964506782549265,-3.2146193535649985,False,True,False,True,False,12.652477717003702,0,,,False,False,False,False,,,False,False,False,False,4963257.0,3138227.5017790166,False,False,False,False,248497.4520475576,False,False,False,False
2024-06-03 17:00:00+00:00,58.71,59.36,58.605,59.34,77046.0,,,,,,,,,,,,,,,,,,,,,,,,"rgba(239, 83, 80, 1.0)",0.0,0.0,2.314770190761063,59.74626022371485,-0.1755078000124379,0.0,0.0,0.0,0.0,0.0,0.0,0.0,0.0,42.77213166099596,-3.2146193535649985,False,True,False,True,False,10.023606829186477,0,,,False,False,False,False,,,False,False,False,False,4886211.0,3165328.02113128,False,False,False,False,245839.29000030863,False,False,False,False
2024-06-04 17:00:00+00:00,58.58,58.805,58.505,58.68,145338.0,,,,,,,,,,,,,,,,,,,,,,,,"rgba(239, 83, 80, 1.0)",0.0,0.0,2.190073331694209,59.71518090588571,-0.47266951791285866,0.0,0.0,0.0,0.0,0.0,0.0,0.0,0.0,40.87206369817837,-3.3442169451189017,False,True,False,True,False,7.298491056706656,0,,,False,False,False,False,,,False,False,False,False,4740873.0,3189755.0750672286,False,False,False,False,244281.1304654201,False,False,False,False
2024-06-05 17:00:00+00:00,58.275,58.695,58.125,58.655,164947.0,,,,,,,,,,,,,,,,,,,,,,,,"rgba(239, 83, 80, 1.0)",0.0,0.0,2.088029643657572,59.67855941892509,-0.4902034901823206,0.0,0.0,0.0,0.0,0.0,0.0,0.0,0.0,39.539667412812264,-4.921000584635536,False,True,False,True,False,7.196662493911827,0,,,False,False,False,False,,,False,False,False,False,4575926.0,3211246.0971592097,False,False,False,False,243051.1439465764,False,False,False,False
2024-06-06 17:00:00+00:00,57.57,58.065,57.565,57.7,361911.0,,,,,,,,,,,,,,,,,,,,,,,,"rgba(239, 83, 80, 1.0)",0.0,0.0,2.0061168846692183,59.57193111489835,-0.9331116891561387,0.0,0.0,0.0,0.0,0.0,0.0,0.0,0.0,36.36573910107249,-8.155517251959758,False,True,False,True,False,3.4147390738761416,0,,,False,False,False,False,,,False,False,False,False,4214015.0,3226792.901854416,False,False,False,False,244893.93241252095,False,False,False,False
2024-06-07 17:00:00+00:00,58.49,58.675,58.305,58.345,135655.0,,,,,,,,,,,,,,,,,,,,,,,,"rgba(239, 83, 80, 1.0)",0.0,0.0,1.934707317762917,59.5482770002509,-0.6219426521021469,0.0,0.0,0.0,0.0,0.0,0.0,0.0,0.0,37.13768403374222,-8.155517251959758,False,True,False,True,False,5.6149028731336195,0,,,False,False,False,False,,,False,False,False,False,4349670.0,3244201.849112487,False,False,False,False,243200.3055534121,False,False,False,False
2024-06-10 17:00:00+00:00,57.795,58.12,57.625,57.95,150749.0,,,,,,,,,,,,,,,,,,,,,,,,"rgba(239, 83, 80, 1.0)",0.0,0.0,1.8678408067282541,59.51269390955296,-0.8366312075011358,0.0,0.0,0.0,0.0,0.0,0.0,0.0,0.0,36.639004111145,-8.340704875803496,False,True,False,True,False,4.095769299023253,0,,,False,False,False,False,,,False,False,False,False,4198921.0,3259003.696413068,False,False,False,False,241766.95197894057,False,False,False,False
2024-06-11 17:00:00+00:00,57.305,57.545,57.03,57.13,235904.0,,,,,,,,,,,,,,,,,,,,,,,,"rgba(239, 83, 80, 1.0)",0.0,0.0,1.8227137920056302,59.125961104166564,-1.095049103661139,0.0,0.0,0.0,0.0,0.0,0.0,0.0,0.0,34.464156754840054,-10.676620470587494,False,True,False,True,False,1.0596042975434443,0,,,False,False,False,False,,,False,False,False,False,3963017.0,3269918.6313524004,False,False,False,False,241676.0534986469,False,False,False,False
2024-06-12 17:00:00+00:00,57.495,57.63,57.155,57.29,135125.0,,,,,,,,,,,,,,,,,,,,,,,,"rgba(239, 83, 80, 1.0)",0.0,0.0,1.7715053455152672,59.10121854690969,-1.022417771131746,0.0,0.0,0.0,0.0,0.0,0.0,0.0,0.0,33.781148251852805,-11.588780706885515,False,True,False,True,False,1.620429261061318,0,,,False,False,False,False,,,False,False,False,False,4098142.0,3282759.303734534,False,False,False,False,240024.0991808384,False,False,False,False
2024-06-13 17:00:00+00:00,57.3,57.63,57.26,57.28,162103.0,,,,,,,,,,,,,,,,,,,,,,,,"rgba(239, 83, 80, 1.0)",0.0,0.0,1.7411574745988165,59.07094732769455,-1.028595835713942,0.0,0.0,0.0,0.0,0.0,0.0,0.0,0.0,33.300856303941664,-12.352903410974903,False,True,False,True,False,1.5833838805520024,0,,,False,False,False,False,,,False,False,False,False,3936039.0,3292887.6711184946,False,False,False,False,238816.02012377116,False,False,False,False
2024-06-14 17:00:00+00:00,57.565,57.58,57.095,57.415,158806.0,,,,,,,,,,,,,,,,,,,,,,,,"rgba(239, 83, 80, 1.0)",0.0,0.0,1.696328972216757,59.03952622056106,-0.9576716823023622,0.0,0.0,0.0,0.0,0.0,0.0,0.0,0.0,33.74488326226711,-12.352903410974903,False,True,False,True,False,2.0691291406722385,0,,,False,False,False,False,,,False,False,False,False,4094845.0,3305321.118077898,False,False,False,False,237575.55469549564,False,False,False,False
2024-06-17 17:00:00+00:00,57.86,58.24,57.55,58.24,317157.0,,,,,,,,,,,,,,,,,,,,,,,,"rgba(239, 83, 80, 1.0)",0.0,0.0,1.6641604273410375,59.02852649785866,-0.4738284151597973,0.0,0.0,0.0,0.0,0.0,0.0,0.0,0.0,38.15781178419237,-15.958113982440459,False,True,False,True,True,4.958886345676497,0,,,False,False,False,False,,,False,False,False,False,4412002.0,3322478.961208473,False,False,False,False,238809.37555292982,False,False,False,False
2024-06-18 17:00:00+00:00,58.68,59.05,58.595,59.035,137785.0,,,,,,,,,,,,,,,,,,,,,,,,"rgba(239, 83, 80, 1.0)",0.0,0.0,1.6464025757515743,59.04623784230172,-0.006825695286946898,0.0,0.0,0.0,0.0,0.0,0.0,0.0,0.0,44.10418704370365,-10.493441030102524,False,True,False,True,True,7.585466123106404,0,,,False,False,False,False,,,False,False,False,False,4549787.0,3341506.992817644,False,False,False,False,237243.1061645123,False,False,False,False
2024-06-19 17:00:00+00:00,59.035,59.035,59.035,59.035,0.0,,,,,,,,,,,,,,,,,,,,,,,,"rgba(239, 83, 80, 1.0)",0.0,0.0,1.6357556729602372,59.04623784230172,-0.006870122774135064,0.0,0.0,0.0,0.0,0.0,0.0,0.0,0.0,48.068437216711175,-7.050000228034449,False,True,False,False,True,7.585466123106404,0,,,False,False,False,False,,,False,False,False,False,4549787.0,3360240.0161848124,False,False,False,False,233564.91847203925,False,False,False,False
2024-06-20 17:00:00+00:00,58.98,59.2,58.76,58.97,121832.0,,,,,,,,,,,,,,,,,,,,,,,,"rgba(239, 83, 80, 1.0)",0.0,0.0,1.6229274711386685,59.0599531206613,-0.055426457596522635,0.0,0.0,0.0,0.0,0.0,0.0,0.0,0.0,50.388575016565056,-5.090456707777378,False,True,False,False,True,7.322650622781044,0,,,False,False,False,False,,,False,False,False,False,4427955.0,3376793.736864118,False,False,False,False,231832.6251623952,False,False,False,False
2024-06-21 17:00:00+00:00,58.155,58.425,58.08,58.145,236260.0,,,,,,,,,,,,,,,,,,,,,,,,"rgba(239, 83, 80, 1.0)",0.0,0.0,1.612231610459782,59.04562929307307,-0.5586227730742866,0.0,0.0,0.0,0.0,0.0,0.0,0.0,0.0,48.30374878162558,-5.090456707777378,False,True,False,False,True,4.063979463876521,0,,,False,False,False,False,,,False,False,False,False,4191695.0,3389427.8649747516,False,False,False,False,231901.26663274565,False,False,False,False
2024-06-24 17:00:00+00:00,59.11,59.47,58.91,59.005,169887.0,,,,,,,,,,,,,,,,,,,,,,,,"rgba(239, 83, 80, 1.0)",0.0,0.0,1.5999386897036982,59.061491761632325,-0.03530870401214241,0.0,0.0,0.0,0.0,0.0,0.0,0.0,0.0,50.42280177722523,-5.090456707777378,False,False,False,False,True,6.930101774274583,0,,,False,False,False,False,,,False,False,False,False,4361582.0,3404500.0221069255,False,False,False,False,230939.80513456353,False,False,False,False
2024-06-25 17:00:00+00:00,58.45,58.585,57.195,57.195,561479.0,,,,,,,,,,,,,,,,,,,,,,,,"rgba(239, 83, 80, 1.0)",0.0,0.0,1.6050527004342092,58.9743410137322,-1.108587283925843,0.0,0.0,0.0,0.0,0.0,0.0,0.0,0.0,46.21436430502956,-5.090456707777378,False,True,False,True,False,0.3884591650947833,0,,,False,False,False,False,,,False,False,False,False,3800103.0,3410633.4016091437,False,False,False,False,236064.44381464782,False,False,False,False
2024-06-26 17:00:00+00:00,56.95,57.265,56.875,57.015,700479.0,,,,,,,,,,,,,,,,,,,,,,,,"rgba(239, 83, 80, 1.0)",0.0,0.0,1.6146808654645268,58.83147710637957,-1.124975928823552,0.0,0.0,0.0,0.0,0.0,0.0,0.0,0.0,42.988380769147064,-0.6696216497663201,False,True,False,True,False,0.0,0,,,False,False,False,False,,,False,False,False,False,3099624.0,3405811.5504214047,False,False,False,False,243264.6694919401,False,False,False,False
2024-06-27 17:00:00+00:00,57.17,57.46,56.845,57.435,133601.0,,,,,,,,,,,,,,,,,,,,,,,,"rgba(239, 83, 80, 1.0)",0.0,0.0,1.6140962857958,58.615241672401346,-0.7312089636706202,0.0,0.0,0.0,0.0,0.0,0.0,0.0,0.0,42.54125370474124,-1.165525396982808,False,True,False,True,False,1.1948988017617204,0,,,False,False,False,False,,,False,False,False,False,3233225.0,3403135.7899497547,False,False,False,False,241564.4575618325,False,False,False,False
2024-06-28 17:00:00+00:00,59.035,59.445,58.965,59.38,290610.0,,,,,,,,,,,,,,,,,,,,,,,,"rgba(38, 166, 154, 1.0)",0.0,0.0,1.6074232555622985,58.809918707690834,0.3546553717799403,0.0,0.0,0.0,0.0,0.0,0.0,0.0,0.0,47.99180138194827,-1.165525396982808,False,True,False,False,True,7.209897372451117,0,,,False,False,False,False,,,False,False,False,False,3523835.0,3405007.0955319293,False,False,False,False,242324.85356862578,False,False,False,False
2024-07-01 17:00:00+00:00,60.26,60.61,60.22,60.585,226363.0,,,,,,,,,,,,,,,,,,,,,,,,"rgba(38, 166, 154, 1.0)",0.0,0.0,1.6141516556902398,58.93178838012901,1.0241984475517276,0.0,0.0,0.0,0.0,0.0,0.0,0.0,0.0,53.96592676510758,-3.0923520032186076,False,False,True,False,True,10.531430204855212,0,,,False,False,False,False,,,False,False,False,False,3750198.0,3410358.8925004266,False,False,False,False,242077.3829706626,False,False,False,False
2024-07-02 17:00:00+00:00,60.715,60.98,60.57,60.965,180559.0,,,,,,,,,,,,,,,,,,,,,,,,"rgba(38, 166, 154, 1.0)",0.0,0.0,1.6169464325591427,59.2144723990518,1.0826132305308602,0.0,0.0,0.0,0.0,0.0,0.0,0.0,0.0,58.597835622295804,1.0368097492178237,True,False,True,False,True,11.532113769356648,0,,,False,False,False,False,,,False,False,False,False,3930757.0,3418427.0802135984,False,False,False,False,241123.60959127248,False,False,False,False
2024-07-03 17:00:00+00:00,60.54,60.54,60.54,60.54,0.0,,,,,,,,,,,,,,,,,,,,,,,,"rgba(38, 166, 154, 1.0)",0.0,0.0,1.6165122114384727,59.2144723990518,0.8199923214738121,0.0,0.0,0.0,0.0,0.0,0.0,0.0,0.0,60.16868977567671,2.4312613751426113,True,False,True,False,True,10.025925173059353,0,,,False,False,False,False,,,False,False,False,False,3930757.0,3426370.1797451708,False,False,False,False,237385.2590549737,False,False,False,False
2024-07-04 17:00:00+00:00,60.54,60.54,60.54,60.54,0.0,,,,,,,,,,,,,,,,,,,,,,,,"rgba(38, 166, 154, 1.0)",0.0,0.0,1.6215470590966008,59.2144723990518,0.8174462736139642,0.0,0.0,0.0,0.0,0.0,0.0,0.0,0.0,61.215925877930644,3.5703733856205986,True,False,True,False,True,10.025925173059353,0,,,False,False,False,False,,,False,False,False,False,3930757.0,3434190.130446796,False,False,False,False,233704.8674417183,False,False,False,False
2024-07-05 17:00:00+00:00,59.23,59.645,59.17,59.62,91331.0,,,,,,,,,,,,,,,,,,,,,,,,"rgba(38, 166, 154, 1.0)",0.0,0.0,1.6081153649620403,59.16784849866656,0.28116857234562426,0.0,0.0,0.0,0.0,0.0,0.0,0.0,0.0,58.63836095099945,3.5703733856205986,True,False,True,False,True,6.816056023292145,0,,,False,False,False,False,,,False,False,False,False,3839426.0,3440472.857106535,False,False,False,False,231497.52065967614,False,False,False,False
2024-07-08 17:00:00+00:00,58.875,59.185,58.665,59.02,152532.0,,,,,,,,,,,,,,,,,,,,,,,,"rgba(38, 166, 154, 1.0)",0.0,0.0,1.5854137351845041,59.103280454988145,-0.052529162035075835,0.0,0.0,0.0,0.0,0.0,0.0,0.0,0.0,55.09724323459693,3.5703733856205986,True,False,True,False,False,4.810956987195116,0,,,False,False,False,False,,,False,False,False,False,3686894.0,3444293.3399420925,False,False,False,False,230273.24902154162,False,False,False,False
2024-07-09 17:00:00+00:00,60.175,60.415,59.8,59.885,162272.0,,,,,,,,,,,,,,,,,,,,,,,,"rgba(38, 166, 154, 1.0)",0.0,0.0,1.5657081637565866,59.13221696872837,0.4807939619254983,0.0,0.0,0.0,0.0,0.0,0.0,0.0,0.0,55.2012313189378,3.5703733856205986,True,False,True,False,False,7.253395298591851,0,,,False,False,False,False,,,False,False,False,False,3849166.0,3450570.4354468663,False,False,False,False,229218.96609097507,False,False,False,False
2024-07-10 17:00:00+00:00,59.545,59.695,59.465,59.63,136239.0,,,,,,,,,,,,,,,,,,,,,,,,"rgba(38, 166, 154, 1.0)",0.0,0.0,1.557272381528112,59.13412409812075,0.31842592712821477,0.0,0.0,0.0,0.0,0.0,0.0,0.0,0.0,54.43853970454916,3.5703733856205986,True,False,True,False,False,6.401308831999653,0,,,False,False,False,False,,,False,False,False,False,3712927.0,3454637.979083349,False,False,False,False,227777.41622909947,False,False,False,False
2024-07-11 17:00:00+00:00,60.225,60.705,60.005,60.16,228688.0,,,,,,,,,,,,,,,,,,,,,,,,"rgba(38, 166, 154, 1.0)",0.0,0.0,1.5551457073763661,59.18220629565365,0.6287473255454303,0.0,0.0,0.0,0.0,0.0,0.0,0.0,0.0,55.42578163780502,3.5703733856205986,True,False,True,False,False,7.876053815641491,0,,,False,False,False,False,,,False,False,False,False,3941615.0,3462188.0104153897,False,False,False,False,227791.53380694287,False,False,False,False
2024-07-12 17:00:00+00:00,56.805,56.91,56.14,56.525,402928.0,,,,,,,,,,,,,,,,,,,,,,,,"rgba(239, 83, 80, 1.0)",0.0,0.0,1.5783970943293562,58.689152182921774,-1.371107556328403,0.0,0.0,0.0,0.0,0.0,0.0,0.0,0.0,47.976700426619686,4.573003520954849,False,False,False,True,False,0.0,0,,,False,False,False,False,,,False,False,False,False,3538687.0,3463374.0412616627,False,False,False,False,230506.82785644763,False,False,False,False
2024-07-15 17:00:00+00:00,58.035,58.04,57.34,57.74,306730.0,,,,,,,,,,,,,,,,,,,,,,,,"rgba(239, 83, 80, 1.0)",0.0,0.0,1.5770201915906632,58.67892711632978,-0.5953805292643268,0.0,0.0,0.0,0.0,0.0,0.0,0.0,0.0,46.07642626593802,2.7347834584727906,False,True,False,True,False,0.36669073177119316,0,,,False,False,False,False,,,False,False,False,False,3845417.0,3469297.1879087687,False,False,False,False,231688.58246332442,False,False,False,False
2024-07-16 17:00:00+00:00,59.555,60.61,59.415,60.245,462109.0,,,,,,,,,,,,,,,,,,,,,,,,"rgba(38, 166, 154, 1.0)",0.0,0.0,1.5681559090074308,58.88608186760753,0.8665708075242334,0.0,0.0,0.0,0.0,0.0,0.0,0.0,0.0,49.46058396068146,2.7347834584727906,False,False,False,False,True,6.518551258668701,0,,,False,False,False,False,,,False,False,False,False,4307526.0,3482292.983445067,False,False,False,False,235260.99203753646,False,False,False,False
2024-07-17 17:00:00+00:00,60.78,61.005,60.285,60.95,233391.0,,,,,,,,,,,,,,,,,,,,,,,,"rgba(38, 166, 154, 1.0)",0.0,0.0,1.5626098519942573,59.143961648396406,1.1557832873629126,0.0,0.0,0.0,0.0,0.0,0.0,0.0,0.0,52.753940363184086,-4.1462919492926815,True,False,True,False,True,8.102136127602417,0,,,False,False,False,False,,,False,False,False,False,4540917.0,3498705.7588955313,False,False,False,False,235231.9999129235,False,False,False,False
2024-07-18 17:00:00+00:00,59.545,59.725,58.98,59.155,184639.0,,,,,,,,,,,,,,,,,,,,,,,,"rgba(38, 166, 154, 1.0)",0.0,0.0,1.5344424758561908,59.096889072116625,0.03787103706898601,0.0,0.0,0.0,0.0,0.0,0.0,0.0,0.0,51.60307137525535,-4.1462919492926815,True,False,False,False,True,3.392450644429122,0,,,False,False,False,False,,,False,False,False,False,4356278.0,3512001.4525560657,False,False,False,False,234447.61231737427,False,False,False,False
2024-07-19 17:00:00+00:00,59.325,59.55,59.11,59.28,134078.0,,,,,,,,,,,,,,,,,,,,,,,,"rgba(38, 166, 154, 1.0)",0.0,0.0,1.518858989712539,59.0873683699841,0.12682653973846555,0.0,0.0,0.0,0.0,0.0,0.0,0.0,0.0,51.05688375315593,-4.1462919492926815,True,False,False,False,True,3.6796692379489713,0,,,False,False,False,False,,,False,False,False,False,4490356.0,3527169.7401133357,False,False,False,False,232891.49429694985,False,False,False,False
2024-07-22 17:00:00+00:00,58.975,59.28,58.835,59.17,119914.0,,,,,,,,,,,,,,,,,,,,,,,,"rgba(38, 166, 154, 1.0)",0.0,0.0,1.5091235807520689,59.07638332384147,0.06203380382664152,0.0,0.0,0.0,0.0,0.0,0.0,0.0,0.0,50.4798372937267,-4.1462919492926815,True,False,False,False,True,3.3973038477132036,0,,,False,False,False,False,,,False,False,False,False,4370442.0,3540243.72863871,False,False,False,False,231139.9052380824,False,False,False,False
2024-07-23 17:00:00+00:00,59.795,59.835,59.465,59.665,181832.0,,,,,,,,,,,,,,,,,,,,,,,,"rgba(38, 166, 154, 1.0)",0.0,0.0,1.4959345567898887,59.09254928905897,0.38267095866108153,0.0,0.0,0.0,0.0,0.0,0.0,0.0,0.0,51.12191237168959,-4.1462919492926815,True,False,False,False,True,4.558127552220942,0,,,False,False,False,False,,,False,False,False,False,4552274.0,3555934.1204427606,False,False,False,False,230375.44159098034,False,False,False,False
2024-07-24 17:00:00+00:00,59.655,59.805,59.37,59.44,293016.0,,,,,,,,,,,,,,,,,,,,,,,,"rgba(38, 166, 154, 1.0)",0.0,0.0,1.4691325442016436,59.1087390182615,0.22548066411428466,0.0,0.0,0.0,0.0,0.0,0.0,0.0,0.0,51.02333407593115,-4.1462919492926815,True,False,False,False,True,3.9643562075976853,0,,,False,False,False,False,,,False,False,False,False,4259258.0,3566838.3666374465,False,False,False,False,231346.61303918218,False,False,False,False
2024-07-25 17:00:00+00:00,60.585,60.72,59.685,59.695,151418.0,,,,,,,,,,,,,,,,,,,,,,,,"rgba(38, 166, 154, 1.0)",0.0,0.0,1.4347860593259176,59.13198402058283,0.39240413283753667,0.0,0.0,0.0,0.0,0.0,0.0,0.0,0.0,51.564332723717996,-3.2282836520183196,True,False,False,False,True,4.572225539413719,0,,,False,False,False,False,,,False,False,False,False,4410676.0,3579921.1206430676,False,False,False,False,230107.4097362491,False,False,False,False
2024-07-26 17:00:00+00:00,60.235,60.445,60.0,60.41,113054.0,,,,,,,,,,,,,,,,,,,,,,,,"rgba(38, 166, 154, 1.0)",0.0,0.0,1.3934831851828515,59.15345320980434,0.9017308594439722,0.0,0.0,0.0,0.0,0.0,0.0,0.0,0.0,53.57530622282174,-0.9252903706598445,True,False,True,False,True,6.255336273436715,0,,,False,False,False,False,,,False,False,False,False,4523730.0,3594553.8164470512,False,False,False,False,228292.62818995066,False,False,False,False
2024-07-29 17:00:00+00:00,59.485,59.68,59.37,59.595,87511.0,,,,,,,,,,,,,,,,,,,,,,,,"rgba(38, 166, 154, 1.0)",0.0,0.0,1.3626440513981515,59.15693092538823,0.32148459765577353,0.0,0.0,0.0,0.0,0.0,0.0,0.0,0.0,52.64621215843218,-0.9252903706598445,True,False,True,False,True,4.057785779492857,0,,,False,False,False,False,,,False,False,False,False,4436219.0,3607602.889060275,False,False,False,False,226109.96728778086,False,False,False,False
2024-07-30 17:00:00+00:00,60.13,60.245,59.89,60.0,239984.0,,,,,,,,,,,,,,,,,,,,,,,,"rgba(38, 166, 154, 1.0)",0.0,0.0,1.3147452053363458,59.18688508262974,0.6184581727850766,0.0,0.0,0.0,0.0,0.0,0.0,0.0,0.0,53.04376975031713,-0.8781473499043386,True,False,True,False,True,5.0175127144349005,0,,,False,False,False,False,,,False,False,False,False,4676203.0,3624170.332640736,False,False,False,False,226325.06857014084,False,False,False,False
2024-07-31 17:00:00+00:00,60.005,60.06,59.2,59.31,115417.0,,,,,,,,,,,,,,,,,,,,,,,,"rgba(38, 166, 154, 1.0)",0.0,0.0,1.285650534669998,59.19001948070654,0.09332280900443916,0.0,0.0,0.0,0.0,0.0,0.0,0.0,0.0,51.40285659401532,-0.8781473499043386,True,False,False,False,False,3.178857675208416,0,,,False,False,False,False,,,False,False,False,False,4560786.0,3638691.5057780887,False,False,False,False,224605.5636310689,False,False,False,False
2024-08-01 17:00:00+00:00,57.09,57.135,56.51,56.875,247358.0,,,,,,,,,,,,,,,,,,,,,,,,"rgba(38, 166, 154, 1.0)",0.0,0.0,1.3195569827144964,59.09331003010288,-1.6811021116644251,0.0,0.0,0.0,0.0,0.0,0.0,0.0,0.0,45.551574634052216,-0.3986978554691163,False,False,False,True,False,0.0,0,,,False,False,False,False,,,False,False,False,False,4313428.0,3649152.536696258,False,False,False,False,224958.31458252517,False,False,False,False
2024-08-02 17:00:00+00:00,53.65,53.655,52.835,53.255,320062.0,,,,,,,,,,,,,,,,,,,,,,,,"rgba(239, 83, 80, 1.0)",0.0,0.0,1.5037037996617137,58.82087818579237,-3.7014458479419368,0.0,0.0,0.0,0.0,0.0,0.0,0.0,0.0,37.909652808609756,-7.236441495529768,False,True,False,True,False,0.0,0,,,False,False,False,False,,,False,False,False,False,3993366.0,3654489.1795381764,False,False,False,False,226432.79032543176,False,False,False,False
2024-08-05 17:00:00+00:00,52.135,52.4,51.97,52.14,206695.0,,,,,,,,,,,,,,,,,,,,,,,,"rgba(239, 83, 80, 1.0)",0.0,0.0,1.712763038258704,58.63505775060626,-3.792151982220212,0.0,0.0,0.0,0.0,0.0,0.0,0.0,0.0,32.03782591976096,-12.20056788468375,False,True,False,True,False,0.0,0,,,False,False,False,False,,,False,False,False,False,3786671.0,3656538.510087972,False,False,False,False,226126.7780723243,False,False,False,False
2024-08-06 17:00:00+00:00,52.755,52.95,52.34,52.345,263696.0,,,,,,,,,,,,,,,,,,,,,,,,"rgba(239, 83, 80, 1.0)",0.0,0.0,1.8830486781611062,58.433242950339384,-3.233184049328383,0.0,0.0,0.0,0.0,0.0,0.0,0.0,0.0,28.6777693445661,-14.874154730376652,False,True,False,True,False,0.0,0,,,False,False,False,False,,,False,False,False,False,4050367.0,3662644.3781486233,False,False,False,False,226709.24662934252,False,False,False,False
2024-08-07 17:00:00+00:00,52.54,52.695,52.155,52.305,189258.0,,,,,,,,,,,,,,,,,,,,,,,,"rgba(239, 83, 80, 1.0)",0.0,0.0,2.0384844485172837,58.29681897181533,-2.939349856788728,0.0,0.0,0.0,0.0,0.0,0.0,0.0,0.0,26.404353124327738,-16.738811738712215,False,True,False,True,False,0.0,0,,,False,False,False,False,,,False,False,False,False,3861109.0,3665721.3490300397,False,False,False,False,226128.60714671706,False,False,False,False
2024-08-08 17:00:00+00:00,52.78,53.125,52.645,52.795,133192.0,,,,,,,,,,,,,,,,,,,,,,,,"rgba(239, 83, 80, 1.0)",0.0,0.0,2.162599474356372,58.213912555882324,-2.5057402538651252,0.0,0.0,0.0,0.0,0.0,0.0,0.0,0.0,26.428972247502596,-16.738811738712215,False,True,False,True,False,0.0,0,,,False,False,False,False,-0.10209842232475398,-0.10209842232475398,False,False,False,False,3994301.0,3670815.6071846127,False,False,False,False,224687.7295165354,False,False,False,False
2024-08-09 17:00:00+00:00,52.675,52.825,52.395,52.765,191706.0,,,,,,,,,,,,,,,,,,,,,,,,"rgba(239, 83, 80, 1.0)",0.0,0.0,2.277346650329224,58.096625591892185,-2.341156798031349,0.0,0.0,0.0,0.0,0.0,0.0,0.0,0.0,26.409583639821584,-17.022244723997666,False,True,False,True,False,0.0,0,0.8906753831883032,0.7882857016652681,False,False,False,False,-0.12330815716984486,-0.11270328974729943,False,False,False,False,3802595.0,3672858.6985460916,False,False,False,False,224176.38487286816,False,False,False,False
2024-08-12 17:00:00+00:00,51.805,52.09,51.675,52.005,179380.0,,,,,,,,,,,,,,,,,,,,,,,,"rgba(239, 83, 80, 1.0)",0.0,0.0,2.4107830678018236,57.47355664671306,-2.2683735918633854,0.0,0.0,0.0,0.0,0.0,0.0,0.0,0.0,25.48576223875108,-18.294623908479505,False,True,False,True,False,0.0,0,0.8810466138962179,0.7909850483729116,False,False,False,False,-0.32664716278425515,-0.2196752262657773,False,False,False,False,3623215.0,3672089.0288011907,False,False,False,False,223481.86727793998,False,False,False,False
2024-08-13 17:00:00+00:00,52.52,52.955,52.375,52.89,168025.0,,,,,,,,,,,,,,,,,,,,,,,,"rgba(239, 83, 80, 1.0)",0.0,0.0,2.505278871747654,57.42408884413194,-1.809814027198101,0.0,0.0,0.0,0.0,0.0,0.0,0.0,0.0,27.91230879969317,-18.294623908479505,False,True,False,True,False,0.0,0,0.8761293820021684,0.7942265992049156,False,False,False,False,-0.28369553752583543,-0.25168538189580636,False,False,False,False,3791240.0,3673936.330680242,False,False,False,False,222622.07088603394,False,False,False,False
2024-08-14 17:00:00+00:00,53.24,53.785,53.18,53.585,181758.0,,,,,,,,,,,,,,,,,,,,,,,,"rgba(239, 83, 80, 1.0)",0.0,0.0,2.5731527529647487,57.38774211148253,-1.4778532316439694,0.0,0.0,0.0,0.0,0.0,0.0,0.0,0.0,31.670593772779927,-18.294623908479505,False,True,False,True,True,0.0,0,0.8747636625551453,0.785630683352841,False,False,False,False,-0.23091894892707795,-0.24130216541144217,False,False,False,False,3972998.0,3678572.945708455,False,False,False,False,221988.51939942874,False,False,False,False
2024-08-15 17:00:00+00:00,54.755,54.77,54.42,54.57,200096.0,,,,,,,,,,,,,,,,,,,,,,,,"rgba(239, 83, 80, 1.0)",0.0,0.0,2.6121601240187187,57.377037142222285,-1.0746037796120074,0.0,0.0,0.0,0.0,0.0,0.0,0.0,0.0,36.85515179449855,-19.397326407000932,False,True,False,True,True,0.0,0,0.8766647365373478,0.781524208275801,False,False,False,False,-0.1564783352283646,-0.19889025031990337,False,False,False,False,4173094.0,3686239.9387982464,False,False,False,False,221649.10049401125,False,False,False,False
2024-08-16 17:00:00+00:00,55.29,55.425,55.09,55.17,253523.0,,,,,,,,,,,,,,,,,,,,,,,,"rgba(239, 83, 80, 1.0)",0.0,0.0,2.6367164520760706,57.37128217531761,-0.8348573748172222,0.0,0.0,0.0,0.0,0.0,0.0,0.0,0.0,41.77246381072659,-14.896079368381727,False,True,False,True,True,0.0,0,0.8804169438899977,0.7791971612330898,False,False,False,False,-0.11300235151518917,-0.15594630091754627,False,False,False,False,4426617.0,3697718.652925405,False,False,False,False,222143.2694786002,False,False,False,False
2024-08-19 17:00:00+00:00,56.405,56.46,56.185,56.44,121071.0,,,,,,,,,,,,,,,,,,,,,,,,"rgba(38, 166, 154, 1.0)",0.0,0.0,2.6401872237734487,57.385486404756904,-0.3581133929606642,0.0,0.0,0.0,0.0,0.0,0.0,0.0,0.0,47.7139552414405,-9.548276939244523,True,False,False,False,True,0.0,0,0.880746110325318,0.7827970297029708,False,False,False,False,-0.04392620717587244,-0.09993625404670936,False,False,False,False,4547688.0,3710896.472259895,False,False,False,False,220576.25754869942,False,False,False,False
2024-08-20 17:00:00+00:00,56.255,56.365,56.06,56.14,152751.0,,,,,,,,,,,,,,,,,,,,,,,,"rgba(38, 166, 154, 1.0)",0.0,0.0,2.645452341300078,57.392977878156195,-0.47363464410038564,0.0,0.0,0.0,0.0,0.0,0.0,0.0,0.0,50.83996058908783,-6.824343800143623,True,False,True,False,True,0.0,0,0.8734352029224395,0.7875439925157042,False,False,False,False,-0.051030339974534926,-0.07548329701062215,False,False,False,False,4394937.0,3721501.751759741,False,False,False,False,219524.70316809943,False,False,False,False
2024-08-21 17:00:00+00:00,55.495,55.58,55.2,55.4,249234.0,,,,,,,,,,,,,,,,,,,,,,,,"rgba(38, 166, 154, 1.0)",0.0,0.0,2.647805700391742,57.36833126656823,-0.7433820639773583,0.0,0.0,0.0,0.0,0.0,0.0,0.0,0.0,50.93612015763373,-6.688554226352764,True,False,True,False,True,0.0,0,0.8685181070873138,0.7938680293268169,False,False,False,False,-0.10436309768997303,-0.08992319735029758,False,False,False,False,4145703.0,3728078.51529835,False,False,False,False,219985.31242130717,False,False,False,False
2024-08-22 17:00:00+00:00,56.195,56.38,55.755,55.99,214656.0,,,,,,,,,,,,,,,,,,,,,,,,"rgba(38, 166, 154, 1.0)",0.0,0.0,2.638663857893788,57.36367567813335,-0.5205951769960684,0.0,0.0,0.0,0.0,0.0,0.0,0.0,0.0,52.3957635137142,-5.044525027164113,True,False,True,False,True,0.0,0,0.8693476238983123,0.7911776429425579,False,False,False,False,-0.060402865054260055,-0.07516303120227882,False,False,False,False,4360359.0,3737881.3135107784,False,False,False,False,219902.6874225272,False,False,False,False
2024-08-23 17:00:00+00:00,56.945,56.955,56.505,56.685,141357.0,,,,,,,,,,,,,,,,,,,,,,,,"rgba(38, 166, 154, 1.0)",0.0,0.0,2.6107527615578534,57.371145201951016,-0.2628150823219226,0.0,0.0,0.0,0.0,0.0,0.0,0.0,0.0,54.88741831922613,-2.3864172209790055,True,False,True,False,True,0.0,0,0.8689828935154487,0.7899040799186676,False,False,False,False,-0.017641569379956833,-0.04640230029111783,False,False,False,False,4501716.0,3749723.711750921,False,False,False,False,218684.92482682908,False,False,False,False
2024-08-26 17:00:00+00:00,56.92,56.985,56.535,56.645,148095.0,,,,,,,,,,,,,,,,,,,,,,,,"rgba(38, 166, 154, 1.0)",0.0,0.0,2.5918326814531496,57.37719576146225,-0.2825011686524945,0.0,0.0,0.0,0.0,0.0,0.0,0.0,0.0,56.41764694630008,-0.6117281145734097,True,False,True,False,True,0.0,0,0.8686609434463225,0.7918842375431462,False,False,False,False,-0.015707909451991395,-0.031055104871554613,False,False,False,False,4353621.0,3759086.4604059453,False,False,False,False,217590.50738765343,False,False,False,False
2024-08-27 17:00:00+00:00,56.33,56.51,56.155,56.275,107244.0,,,,,,,,,,,,,,,,,,,,,,,,"rgba(38, 166, 154, 1.0)",0.0,0.0,2.563261906946612,57.37533675706376,-0.42927207480506435,0.0,0.0,0.0,0.0,0.0,0.0,0.0,0.0,56.17124981045708,-0.4451352547935272,True,False,True,False,True,0.0,0,0.8631574267549902,0.8022940470368566,False,False,False,False,-0.04328060733058567,-0.03716785610107014,False,False,False,False,4246377.0,3766641.3524926747,False,False,False,False,215879.70882350375,False,False,False,False
2024-08-28 17:00:00+00:00,56.985,57.185,56.635,57.07,139391.0,,,,,,,,,,,,,,,,,,,,,,,,"rgba(38, 166, 154, 1.0)",0.0,0.0,2.5165104754347736,57.38282709523036,-0.1243098720565883,0.0,0.0,0.0,0.0,0.0,0.0,0.0,0.0,57.98319893430536,1.71458795647861,True,False,True,False,True,0.27242730146724625,0,0.865325831745891,0.7946218934124847,False,False,False,False,-0.006041082264792279,-0.02160446918293121,False,False,False,False,4385768.0,3776240.2152447263,False,False,False,False,214693.83736887577,False,False,False,False
2024-08-29 17:00:00+00:00,57.495,57.765,57.29,57.36,136489.0,,,,,,,,,,,,,,,,,,,,,,,,"rgba(38, 166, 154, 1.0)",0.0,0.0,2.491576822629204,57.39685457746521,-0.014791668123771938,0.0,0.0,0.0,0.0,0.0,0.0,0.0,0.0,59.857119642534386,3.874436448949062,True,False,True,False,True,0.9322160440911382,0,0.8679666235330862,0.7992057471777256,False,False,False,False,0.0337619033150855,0.006078717066077146,False,False,False,False,4522257.0,3787806.3669463582,False,False,False,False,213481.35927013351,False,False,False,False
2024-08-30 17:00:00+00:00,57.895,58.59,57.84,58.43,155892.0,,,,,,,,,,,,,,,,,,,,,,,,"rgba(38, 166, 154, 1.0)",0.0,0.0,2.464555545333887,57.42513826048302,0.4077253366918328,0.0,0.0,0.0,0.0,0.0,0.0,0.0,0.0,63.26136746929768,7.360560602693951,True,False,True,False,True,3.315145245294726,0,0.8680803571428569,0.7987500000000006,False,False,False,False,0.07820885746690574,0.04214378726649144,False,False,False,False,4678149.0,3801610.128699128,False,False,False,False,212588.50098687562,False,False,False,False
2024-09-02 17:00:00+00:00,58.43,58.43,58.43,58.43,0.0,,,,,,,,,,,,,,,,,,,,,,,,"rgba(38, 166, 154, 1.0)",0.0,0.0,2.4432767338552086,57.42513826048302,0.4112762691156261,0.0,0.0,0.0,0.0,0.0,0.0,0.0,0.0,65.53086602047321,9.6915424226843,True,False,True,False,True,3.315145245294726,0,0.8705385237795558,0.8027061044682197,False,False,False,False,0.09216389672135378,0.0671538419939226,False,False,False,False,4678149.0,3815199.878641777,False,False,False,False,209292.5552351411,False,False,False,False
2024-09-03 17:00:00+00:00,58.83,58.95,58.075,58.28,214556.0,,,,,,,,,,,,,,,,,,,,,,,,"rgba(38, 166, 154, 1.0)",0.0,0.0,2.407311455013958,57.53843174136425,0.3080483238224994,0.0,0.0,0.0,0.0,0.0,0.0,0.0,0.0,66.33024623107147,10.683906848175774,True,False,True,False,True,2.949088713680851,0,0.8670127080723105,0.7977447646321824,False,False,False,False,0.09752795986846081,0.0823409009311917,False,False,False,False,4463593.0,3825252.4851744627,False,False,False,False,209374.15902994512,False,False,False,False
2024-09-04 17:00:00+00:00,58.38,58.38,57.72,58.11,83656.0,,,,,,,,,,,,,,,,,,,,,,,,"rgba(38, 166, 154, 1.0)",0.0,0.0,2.379666126555121,57.54052368714776,0.23930933272417923,0.0,0.0,0.0,0.0,0.0,0.0,0.0,0.0,66.0141743343253,10.685591234602477,True,False,True,False,True,2.530002103719152,0,0.8629316892284321,0.8057007550373059,False,False,False,False,0.06752003895766182,0.07493046994442676,False,False,False,False,4379937.0,3833852.2450942383,False,False,False,False,207425.0402852948,False,False,False,False
2024-09-05 17:00:00+00:00,56.89,57.085,56.54,56.75,205446.0,,,,,,,,,,,,,,,,,,,,,,,,"rgba(38, 166, 154, 1.0)",0.0,0.0,2.372280817963855,57.49062992108203,-0.31220162279005403,0.0,0.0,0.0,0.0,0.0,0.0,0.0,0.0,60.30462035630999,15.7876515086148,True,False,True,False,False,0.0,0,0.8563538352774829,0.8089872746553559,False,False,False,False,-0.012324278485272986,0.03130309572957689,False,False,False,False,4174491.0,3839133.466100529,False,False,False,False,207394.35749017395,False,False,False,False
2024-09-06 17:00:00+00:00,54.12,54.39,53.69,54.03,324765.0,,,,,,,,,,,,,,,,,,,,,,,,"rgba(239, 83, 80, 1.0)",0.0,0.0,2.3930805150164356,57.29766643790182,-1.3654644786907113,0.0,0.0,0.0,0.0,0.0,0.0,0.0,0.0,50.5974188546759,6.930695664704395,True,False,False,False,False,0.0,0,0.8503906249999997,0.8217881944444448,False,False,False,False,-0.1933502553906258,-0.08102357983052447,False,False,False,False,3849726.0,3839297.6914323033,False,False,False,False,209214.05737404723,False,False,False,False
2024-09-09 17:00:00+00:00,54.885,54.94,54.52,54.615,263561.0,,,,,,,,,,,,,,,,,,,,,,,,"rgba(239, 83, 80, 1.0)",0.0,0.0,2.4000756988812535,57.22078717189855,-1.0857104103479664,0.0,0.0,0.0,0.0,0.0,0.0,0.0,0.0,45.973907866558626,3.0603619239408673,False,False,False,True,False,0.0,0,0.8539083092079677,0.8156245949099085,False,False,False,False,-0.14757662324506202,-0.11430010153779324,False,False,False,False,4113287.0,3843545.5876891664,False,False,False,False,210056.64563181394,False,False,False,False
2024-09-10 17:00:00+00:00,53.435,54.485,53.39,53.945,338265.0,,,,,,,,,,,,,,,,,,,,,,,,"rgba(239, 83, 80, 1.0)",0.0,0.0,2.426538978548334,57.10723191625722,-1.3031861199068853,0.0,0.0,0.0,0.0,0.0,0.0,0.0,0.0,41.74033714155818,-0.5512764525484286,False,True,False,True,False,0.0,0,0.8503205266101619,0.8177085574151363,False,False,False,False,-0.20021419095799514,-0.1572571462478942,False,False,False,False,3775022.0,3842483.2064846833,False,False,False,False,212044.37205612691,False,False,False,False
2024-09-11 17:00:00+00:00,53.13,53.855,53.085,53.73,265355.0,,,,,,,,,,,,,,,,,,,,,,,,"rgba(239, 83, 80, 1.0)",0.0,0.0,2.461247480884874,57.01916156897675,-1.3363798620503715,0.0,0.0,0.0,0.0,0.0,0.0,0.0,0.0,38.5537985595509,-3.3294599295435745,False,True,False,True,False,0.0,0,0.8452569762955975,0.8238244245359857,False,False,False,False,-0.23176829945347038,-0.19451272285068227,False,False,False,False,3509667.0,3837323.2652988746,False,False,False,False,212870.89341959782,False,False,False,False
2024-09-12 17:00:00+00:00,53.96,54.335,50.235,51.58,1332446.0,,,,,,,,,,,,,,,,,,,,,,,52.05,"rgba(239, 83, 80, 1.0)",0.0,0.0,2.544299443394514,56.176515857231614,-1.806593901187632,1.0,54.335,50.235,0.0,0.0,0.0,0.0,0.0,33.535956785984524,-7.908839918981769,False,True,False,True,False,0.0,0,0.8261392877894909,0.8245206275421271,False,False,False,False,-0.31399150381486796,-0.2542521133327751,False,False,False,False,2177221.0,3811585.2456818377,True,False,False,False,230228.64700999166,False,False,False,False
2024-09-13 17:00:00+00:00,52.155,53.035,52.13,52.755,376869.0,,,,,,,,,,,,,,,,,,,,,,,52.180082933806816,"rgba(239, 83, 80, 1.0)",0.0,0.0,2.5806670780183065,56.095571221067814,-1.294460354658779,0.0,0.0,0.0,0.0,0.0,0.0,0.0,0.0,33.818139360799584,-7.908839918981769,False,True,False,True,False,0.0,0,0.8429608846344279,0.8314903449414099,False,False,False,False,-0.29300016984871713,-0.2736261415907461,False,False,False,False,2554090.0,3792089.1953611886,False,False,False,False,232502.140854798,False,False,False,False
2024-09-16 17:00:00+00:00,53.73,53.93,53.28,53.815,221189.0,,,,,,,,,,,,,,,,,,,,,,,52.351364221467556,"rgba(239, 83, 80, 1.0)",0.0,0.0,2.599366130286239,56.07609088779497,-0.8698624104738883,0.0,0.0,0.0,0.0,0.0,0.0,0.0,0.0,36.76563346348537,-7.908839918981769,False,True,False,True,True,0.0,0,0.8524657760184725,0.8231486063005119,False,False,False,False,-0.222612413152286,-0.24811927737151607,False,False,False,False,2775279.0,3776324.696208302,False,False,False,False,232326.74332216548,False,False,False,False
2024-09-17 17:00:00+00:00,54.595,54.745,54.38,54.54,179988.0,,,,,,,,,,,,,,,,,,,,,,,52.539295754260145,"rgba(239, 83, 80, 1.0)",0.0,0.0,2.611214040588351,56.07670878041494,-0.5885035682745847,0.0,0.0,0.0,0.0,0.0,0.0,0.0,0.0,40.42182165117873,-7.908839918981769,False,True,False,True,True,0.0,0,0.8497017074675989,0.82419255297264,False,False,False,False,-0.1586249665054339,-0.20337212193847498,False,False,False,False,2955267.0,3763595.1195229017,False,False,False,False,231515.2899373257,False,False,False,False
2024-09-18 17:00:00+00:00,54.695,55.17,54.105,54.185,247501.0,,,,,,,,,,,,,,,,,,,,,,,52.743696805574345,"rgba(239, 83, 80, 1.0)",0.0,0.0,2.6269970747282163,56.07250611031206,-0.7185033163797252,0.0,0.0,0.0,0.0,0.0,0.0,0.0,0.0,42.11977092167599,-16.14100488949741,False,True,False,True,True,0.0,0,0.8531149963063279,0.8203234014610528,False,False,False,False,-0.15367335569115165,-0.17852273881481331,False,False,False,False,2707766.0,3747225.6758093685,False,False,False,False,231763.13040341367,False,False,False,False
2024-09-19 17:00:00+00:00,55.845,55.995,55.61,55.79,238504.0,,,,,,,,,,,,,,,,,,,,,,,53.02428370030854,"rgba(239, 83, 80, 1.0)",0.0,0.0,2.63010786097459,56.097529979146934,-0.11692675563236374,0.0,0.0,0.0,0.0,0.0,0.0,0.0,0.0,46.72412656203164,-11.552845461998558,False,False,False,False,True,0.0,0,0.8588110835333844,0.8077470806038171,False,False,False,False,-0.07756057330080623,-0.12804165605780976,False,False,False,False,2946270.0,3734807.7583549595,False,False,False,False,231867.64000956228,False,False,False,False
2024-09-20 17:00:00+00:00,55.9,56.235,55.82,56.175,235890.0,,,,,,,,,,,,,,,,,,,,,,,53.27849564872315,"rgba(38, 166, 154, 1.0)",0.0,0.0,2.627593567307343,56.12432475050759,0.019285802082525744,0.0,0.0,0.0,0.0,0.0,0.0,0.0,0.0,50.514408023802375,-7.820878841672048,True,False,True,False,True,0.0,0,0.8580021133056975,0.8069170121108677,False,False,False,False,-0.062990185776983,-0.09551592091739639,False,False,False,False,3182160.0,3726239.5760548827,False,False,False,False,231930.00217995667,False,False,False,False
2024-09-23 17:00:00+00:00,55.17,55.27,54.92,55.11,191010.0,,,,,,,,,,,,,,,,,,,,,,,53.393573339855806,"rgba(38, 166, 154, 1.0)",0.0,0.0,2.6344668794157786,56.12574283741533,-0.38555916012904407,0.0,0.0,0.0,0.0,0.0,0.0,0.0,0.0,50.47610653583178,-7.566920502345027,True,False,False,False,True,0.0,0,0.851755842682976,0.8139657337275716,False,False,False,False,-0.12362077879884484,-0.10956834985812061,False,False,False,False,2991150.0,3714842.8384416285,False,False,False,False,231295.58354150775,False,False,False,False
2024-09-24 17:00:00+00:00,53.935,54.185,53.92,54.155,171881.0,,,,,,,,,,,,,,,,,,,,,,,53.43085634750195,"rgba(38, 166, 154, 1.0)",0.0,0.0,2.654533012323163,56.11026855572026,-0.7365772234299962,0.0,0.0,0.0,0.0,0.0,0.0,0.0,0.0,48.470246770555896,-7.566920502345027,True,False,False,False,True,0.0,0,0.8427875518338095,0.8183501751278238,False,False,False,False,-0.19251443226125534,-0.15104139105968797,False,False,False,False,2819269.0,3700957.972729355,False,False,False,False,230374.42720753088,False,False,False,False
2024-09-25 17:00:00+00:00,53.74,53.84,53.465,53.615,101291.0,,,,,,,,,,,,,,,,,,,,,,,53.43728253476064,"rgba(38, 166, 154, 1.0)",0.0,0.0,2.68181193286241,56.09713955028828,-0.9255457177561998,0.0,0.0,0.0,0.0,0.0,0.0,0.0,0.0,46.09927987686552,-7.566920502345027,False,False,False,True,False,0.0,0,0.8380910437602591,0.8183528846538822,False,False,False,False,-0.21939968513874636,-0.18522053809921718,False,False,False,False,2717978.0,3685717.973152156,False,False,False,False,228373.1337624529,False,False,False,False
2024-09-26 17:00:00+00:00,56.215,56.585,56.125,56.44,190540.0,,,,,,,,,,,,,,,,,,,,,,,53.59825843748122,"rgba(38, 166, 154, 1.0)",0.0,0.0,2.6819304463238587,56.118346454741136,0.11993358951562462,0.0,0.0,0.0,0.0,0.0,0.0,0.0,0.0,50.207924842216514,-7.197138306133148,True,False,False,False,True,0.17700859580006423,0,0.8444837063211619,0.8164899882214375,False,False,False,False,-0.041828138677324565,-0.11352433838827088,False,False,False,False,2908518.0,3673668.3611653005,False,False,False,False,227786.57354908154,False,False,False,False
2024-09-27 17:00:00+00:00,56.24,56.345,55.855,55.875,202393.0,,,,,,,,,,,,,,,,,,,,,,,53.731380876515765,"rgba(38, 166, 154, 1.0)",0.0,0.0,2.6836923401493977,56.132718101314815,-0.09603116477221381,0.0,0.0,0.0,0.0,0.0,0.0,0.0,0.0,51.75006179196604,-5.474452994853593,True,False,True,False,True,0.0,0,0.8432256546965655,0.8175474360984795,False,False,False,False,-0.05830126313924293,-0.0859128007637569,False,False,False,False,2706125.0,3658667.6888991715,False,False,False,False,227392.8747343671,False,False,False,False
2024-09-30 17:00:00+00:00,56.275,56.51,55.62,56.48,167890.0,,,,,,,,,,,,,,,,,,,,,,,53.83897069315226,"rgba(38, 166, 154, 1.0)",0.0,0.0,2.6791699198556693,56.14598393226803,0.12467147576438893,0.0,0.0,0.0,0.0,0.0,0.0,0.0,0.0,53.8159850798002,-3.2105904929508426,True,False,True,False,True,0.2719264679556659,0,0.8448154519862369,0.8149436972161407,False,False,False,False,-0.06056454857992754,-0.07323867467184222,False,False,False,False,2874015.0,3646502.5309317424,False,False,False,False,226470.349544687,False,False,False,False
2024-10-01 17:00:00+00:00,55.815,55.965,55.305,55.4,111534.0,,,,,,,,,,,,,,,,,,,,,,,53.88724105715249,"rgba(38, 166, 154, 1.0)",0.0,0.0,2.6717647135712865,56.14835109499269,-0.2800961818199884,0.0,0.0,0.0,0.0,0.0,0.0,0.0,0.0,52.84435556902966,-3.2105904929508426,True,False,True,False,True,0.0,0,0.8406840684068404,0.8182992212264711,False,False,False,False,-0.08842845714436262,-0.08083356590810242,False,False,False,False,2762481.0,3632796.7707622577,False,False,False,False,224688.39063701744,False,False,False,False
2024-10-02 17:00:00+00:00,54.95,55.35,54.93,55.325,145503.0,,,,,,,,,,,,,,,,,,,,,,,53.93372451074013,"rgba(38, 166, 154, 1.0)",0.0,0.0,2.6639697026386298,56.14693155804237,-0.308536376081249,0.0,0.0,0.0,0.0,0.0,0.0,0.0,0.0,52.03692636299149,-3.2105904929508426,True,False,True,False,True,0.0,0,0.8354340911768168,0.8239682726665887,False,False,False,False,-0.12067761399750644,-0.10075558995280443,False,False,False,False,2616978.0,3617047.642533385,False,False,False,False,223460.71016202492,False,False,False,False
2024-10-03 17:00:00+00:00,54.785,55.0,54.655,54.975,121099.0,,,,,,,,,,,,,,,,,,,,,,,53.960684396766275,"rgba(38, 166, 154, 1.0)",0.0,0.0,2.6587225442997138,56.14246290777799,-0.4391067094537647,0.0,0.0,0.0,0.0,1.0,56.635,55.35,0.0,50.7073263045311,-3.2105904929508426,True,False,False,False,True,0.0,0,0.8289189719442807,0.8280164802825196,False,False,False,False,-0.1411620984271527,-0.12095884418997856,False,False,False,False,2495879.0,3599665.182959224,False,False,False,False,221873.70690369894,False,False,False,False
2024-10-04 17:00:00+00:00,56.71,57.125,56.635,56.955,184703.0,,,,,,,,,,,,,,,,,,,,,,,54.08371505395683,"rgba(38, 166, 154, 1.0)",0.0,0.0,2.6534507534342664,56.16445589780603,0.29793057254625754,0.0,0.0,0.0,0.0,1.0,56.79,55.0,0.0,53.81352929815409,-1.9849538935409186,True,False,True,False,True,1.3080499355253998,0,0.8373517326924564,0.8248313822776965,False,False,False,False,-0.007974299577135639,-0.0644665718835571,False,False,False,False,2680582.0,3585415.8312854376,False,False,False,False,221297.41687418421,False,False,False,False
2024-10-07 17:00:00+00:00,57.18,57.275,56.79,57.175,153346.0,,,,,,,,,,,,,,,,,,,,,,,54.184176533305696,"rgba(38, 166, 154, 1.0)",0.0,0.0,2.640081629232131,56.18375169137259,0.3754612348542079,0.0,0.0,0.0,0.0,0.0,0.0,0.0,0.0,56.257584941193294,0.5510587807887362,True,False,True,False,True,1.731892960560124,0,0.8442792073811651,0.8225172266126838,False,False,False,False,0.0018525739343216653,-0.031306998974617715,False,False,False,False,2833928.0,3573764.8571569812,False,False,False,False,220243.90653504958,False,False,False,False
2024-10-08 17:00:00+00:00,57.515,57.65,57.27,57.285,252638.0,,,,,,,,,,,,,,,,,,,,,,,54.35260257158042,"rgba(38, 166, 154, 1.0)",0.0,0.0,2.640354548946811,56.21961257041749,0.40350165473325206,0.0,0.0,0.0,0.0,0.0,0.0,0.0,0.0,58.087863561807595,2.4854230857836725,True,False,True,False,True,1.946266577565666,0,0.848357301531626,0.8184652558556457,False,False,False,False,0.029408031885890407,-0.0009494835443636541,False,False,False,False,3086566.0,3566211.3865033844,False,False,False,False,220746.1405422581,False,False,False,False
2024-10-09 17:00:00+00:00,57.37,57.725,57.195,57.54,304676.0,,,,,,,,,,,,,,,,,,,,,,,54.53870555296016,"rgba(38, 166, 154, 1.0)",0.0,0.0,2.6420357084423856,56.26146857261659,0.4839190565433975,0.0,0.0,0.0,0.0,0.0,0.0,0.0,0.0,59.80382394542002,4.320499888079418,True,False,True,False,True,2.448406486694328,0,0.8500350931919206,0.8152928331903615,False,False,False,False,0.029408031885890407,0.014229274170763376,False,False,False,False,3391242.0,3563498.6828366653,False,False,False,False,222047.37867338586,False,False,False,False
2024-10-10 17:00:00+00:00,57.895,57.9,57.45,57.755,268973.0,,,,,,,,,,,,,,,,,,,,,,,54.69625602823823,"rgba(38, 166, 154, 1.0)",0.0,0.0,2.643570088121513,56.299764694005376,0.5504810757745782,0.0,0.0,0.0,0.0,0.0,0.0,0.0,0.0,61.38369308998459,6.0379495884384795,True,False,True,False,True,2.874927849837203,0,0.8491985735000193,0.821060469490928,False,False,False,False,0.043280600874767934,0.028754937522765655,False,False,False,False,3660215.0,3564998.160622143,False,False,False,False,222774.90768620156,False,False,False,False
2024-10-11 17:00:00+00:00,61.18,61.465,60.96,60.985,485899.0,,,,,,,,,,,,,,,,,,,,,,,55.22794394853025,"rgba(38, 166, 154, 1.0)",0.0,0.0,2.672232218020545,56.47396738550238,1.6881139985054026,0.0,0.0,0.0,0.0,0.0,0.0,0.0,0.0,66.87439008237985,11.281458177364527,True,False,True,False,True,8.837626943451621,0,0.8616511369300969,0.8163656581924158,False,False,False,False,0.27815957675263453,0.1534572571377001,False,False,False,False,4146114.0,3574007.708519474,False,False,False,False,226854.35097788836,False,False,False,False
2024-10-14 17:00:00+00:00,62.925,62.935,62.085,62.16,440755.0,,,,,,,,,,,,,,,,,,,,,,,55.727141326661304,"rgba(38, 166, 154, 1.0)",0.0,0.0,2.709260475540198,56.653728103478045,2.0323892612887504,0.0,0.0,0.0,0.0,0.0,0.0,0.0,0.0,71.51798072687714,15.526206455392412,True,False,True,False,True,10.807552594090232,0,0.8600518608907867,0.8151693105552169,False,False,False,False,0.34282824744613866,0.24814275229191937,False,False,False,False,4586869.0,3589710.9843563815,False,False,False,False,230170.64011001412,False,False,False,False
2024-10-15 17:00:00+00:00,63.595,63.615,62.88,62.925,384519.0,,,,,,,,,,,,,,,,,,,,,,,56.15187225933438,"rgba(38, 166, 154, 1.0)",0.0,0.0,2.759918121255775,56.81713523797908,2.213060132103416,0.0,0.0,0.0,0.0,0.0,0.0,0.0,0.0,75.18240806232976,18.808602913618742,True,False,True,False,True,12.052679175424434,0,0.8582297839801183,0.8120053527050282,False,False,False,False,0.34282824789838906,0.29548550009515423,False,False,False,False,4971388.0,3611132.3334361273,False,False,False,False,232563.63793776583,False,False,False,False
2024-10-16 17:00:00+00:00,63.745,63.89,63.59,63.745,312588.0,,,,,,,,,,,,,,,,,,,,,,,56.48965775531391,"rgba(38, 166, 154, 1.0)",0.0,0.0,2.8432931199167166,56.95374439967399,2.388517579406282,0.0,0.0,0.0,0.0,0.0,0.0,0.0,0.0,78.18970245657452,21.525620312962644,True,False,True,False,True,13.360402018002045,0,0.8547522652785806,0.8114902641218433,False,False,False,False,0.34282824816907215,0.3191568741321132,False,False,False,False,5283976.0,3637067.8941580476,False,False,False,False,233804.32572167643,False,False,False,False
2024-10-17 17:00:00+00:00,64.645,64.725,64.34,64.37,357876.0,,,,,,,,,,,,,,,,,,,,,,,56.87697129237897,"rgba(38, 166, 154, 1.0)",0.0,0.0,2.9444996240509194,57.11747098940277,2.4630769015414273,0.0,0.0,0.0,0.0,0.0,0.0,0.0,0.0,80.59812746899686,23.773988833150668,True,False,True,False,True,14.340517500641319,0,0.8531922289598698,0.8158433432466883,False,False,False,False,0.342828248560393,0.3309925613462531,False,False,False,False,5641852.0,3668149.818279628,False,False,False,False,235727.91757095276,False,False,False,False
2024-10-18 17:00:00+00:00,64.645,64.66,64.32,64.37,171767.0,,,,,,,,,,,,,,,,,,,,,,,57.04918766574503,"rgba(38, 166, 154, 1.0)",0.0,0.0,3.054529146416232,57.1926215884165,2.3497495252269767,0.0,0.0,0.0,0.0,0.0,0.0,0.0,0.0,82.2037441439451,25.389573231007972,True,False,True,False,True,14.340517500641319,0,0.8529537090838654,0.8160759248498937,False,False,False,False,0.3403419097699875,0.3356672355581203,False,False,False,False,5641852.0,3698749.8521047505,False,False,False,False,234736.27543806977,False,False,False,False
2024-10-21 17:00:00+00:00,64.31,64.435,63.915,63.97,212333.0,,,,,,,,,,,,,,,,,,,,,,,57.24215865262714,"rgba(38, 166, 154, 1.0)",0.0,0.0,3.1531678936849734,57.27872709606803,2.1220794862629915,0.0,0.0,0.0,0.0,0.0,0.0,0.0,0.0,81.60985551000337,25.389573231007972,True,False,True,False,True,13.403783835192836,0,0.8520884140440517,0.8135717880230714,False,False,False,False,0.3220372173900742,0.32885222647409723,False,False,False,False,5429519.0,3725583.482304677,False,False,False,False,234388.93783437877,False,False,False,False
2024-10-22 17:00:00+00:00,65.015,65.04,64.7,64.825,267836.0,,,,,,,,,,,,,,,,,,,,,,,57.49597193019625,"rgba(38, 166, 154, 1.0)",0.0,0.0,3.2648995155818827,57.39485127090078,2.2757664343537978,0.0,0.0,0.0,0.0,0.0,0.0,0.0,0.0,82.01820126256611,25.787054316146367,True,False,True,False,True,14.780935331563516,0,0.857286393322255,0.8048460022413728,False,False,False,False,0.34282824871254414,0.3358402375933207,False,False,False,False,5697355.0,3756153.583354217,False,False,False,False,234907.49693772173,False,False,False,False
2024-10-23 17:00:00+00:00,64.685,64.685,63.865,64.555,333590.0,,,,,,,,,,,,,,,,,,,,,,,57.769970214231,"rgba(38, 166, 154, 1.0)",0.0,0.0,3.3661250037009176,57.524585688120546,2.088577906093745,0.0,0.0,0.0,0.0,0.0,0.0,0.0,0.0,81.13221651586784,25.787054316146367,True,False,True,False,True,14.13874204885703,0,0.8494433100897634,0.8083753900681899,False,False,False,False,0.3092594366255639,0.3225498371094423,False,False,False,False,5363765.0,3781077.791364229,False,False,False,False,236437.45822550898,False,False,False,False
2024-10-24 17:00:00+00:00,64.985,65.57,64.895,65.425,401160.0,,,,,,,,,,,,,,,,,,,,,,,58.11432983485259,"rgba(38, 166, 154, 1.0)",0.0,0.0,3.4840072105613102,57.692873202466146,2.219319975600201,0.0,0.0,0.0,0.0,0.0,0.0,0.0,0.0,81.44962025721688,26.065204509968012,True,False,True,False,True,15.537221987443345,0,0.8571922412137503,0.8012675244862687,False,False,False,False,0.3428282488673968,0.33268904298841956,False,False,False,False,5764925.0,3811835.112428349,False,False,False,False,238991.2960824778,False,False,False,False
2024-10-25 17:00:00+00:00,64.795,64.835,64.24,64.515,299791.0,,,,,,,,,,,,,,,,,,,,,,,58.32643447102173,"rgba(38, 166, 154, 1.0)",0.0,0.0,3.5852387245079886,57.80095200124201,1.8726920338280617,0.0,0.0,0.0,0.0,0.0,0.0,0.0,0.0,77.9829309977105,26.065204509968012,True,False,True,False,False,13.369937473385523,0,0.8519735585189709,0.8001222727446412,False,False,False,False,0.30473572307469177,0.3187123830315557,False,False,False,False,5465134.0,3837467.6533209328,False,False,False,False,239933.9271509665,False,False,False,False
2024-10-28 17:00:00+00:00,65.58,65.745,65.4,65.61,243200.0,,,,,,,,,,,,,,,,,,,,,,,58.516021990092625,"rgba(38, 166, 154, 1.0)",0.0,0.0,3.7124117692066565,57.89888043655951,2.0771186072089085,0.0,0.0,0.0,0.0,0.0,0.0,0.0,0.0,77.15758490856246,26.065204509968012,True,False,True,False,False,15.12967159328607,0,0.8543944531220233,0.7986208998438039,False,False,False,False,0.34282824900518494,0.3307703160183703,False,False,False,False,5708334.0,3866473.3331144066,False,False,False,False,239984.5639393236,False,False,False,False
2024-10-29 17:00:00+00:00,65.71,65.765,65.245,65.355,155833.0,,,,,,,,,,,,,,,,,,,,,,,58.63024196514261,"rgba(38, 166, 154, 1.0)",0.0,0.0,3.811563341741557,57.959057092906484,1.9403961692301852,0.0,0.0,0.0,0.0,0.0,0.0,0.0,0.0,75.6314873370703,30.435452223018345,True,False,True,False,False,14.522256676097243,0,0.8525858454971603,0.7969434810777853,False,False,False,False,0.3391807374680953,0.33497552674323283,False,False,False,False,5552501.0,3892613.29694209,False,False,False,False,238679.8885294116,False,False,False,False
2024-10-30 17:00:00+00:00,65.755,65.84,65.305,65.44,126251.0,,,,,,,,,,,,,,,,,,,,,,,58.721023487978684,"rgba(38, 166, 154, 1.0)",0.0,0.0,3.901753702497751,58.00744592270702,1.9049265135661806,0.0,0.0,0.0,0.0,0.0,0.0,0.0,0.0,74.74508097400285,29.321797845677864,True,False,True,False,False,14.660572389271138,0,0.8499181233101029,0.7993449864808259,False,False,False,False,0.34282824900518494,0.3389018878742089,False,False,False,False,5678752.0,3920305.3698577164,False,False,False,False,236936.80498631997,False,False,False,False
2024-10-31 17:00:00+00:00,65.2,65.28,64.895,64.915,162702.0,,,,,,,,,,,,,,,,,,,,,,,58.826239445772174,"rgba(38, 166, 154, 1.0)",0.0,0.0,3.99060109383161,58.06466212691614,1.7166180512686764,0.0,0.0,0.0,0.0,0.0,0.0,0.0,0.0,71.95127099368915,26.478861459393812,True,False,True,False,False,13.386551830393476,0,0.8465286236297198,0.8029461023142513,False,False,False,False,0.31680812333088787,0.3278550056025484,False,False,False,False,5516050.0,3945045.5966816274,False,False,False,False,235785.8777772297,False,False,False,False
2024-11-01 17:00:00+00:00,64.91,65.165,64.62,64.685,215784.0,,,,,,,,,,,,,,,,,,,,,,,58.956013774950314,"rgba(38, 166, 154, 1.0)",0.0,0.0,4.06993272848758,58.136652548857874,1.6089571715293551,0.0,0.0,0.0,0.0,0.0,0.0,0.0,0.0,69.14354273495655,23.739361508085253,True,False,True,False,False,12.828655352121668,0,0.8429217840982547,0.8051636944370513,False,False,False,False,0.30646409270141695,0.31715954915198263,False,False,False,False,5300266.0,3966056.765725323,False,False,False,False,235475.7711450246,False,False,False,False
2024-11-04 17:00:00+00:00,63.245,63.865,63.165,63.71,216589.0,,,,,,,,,,,,,,,,,,,,,,,59.05431289408009,"rgba(38, 166, 154, 1.0)",0.0,0.0,4.126350666123732,58.55301633342067,1.2497686415545888,0.0,0.0,0.0,0.0,0.0,0.0,0.0,0.0,63.68713059497291,18.68842394792621,True,False,True,False,False,10.494361083899914,0,0.8360705480750996,0.8172956571211839,False,False,False,False,0.2350418718423148,0.2761007104971487,False,False,False,False,5083677.0,3983384.211217954,False,False,False,False,235182.9529877374,False,False,False,False
2024-11-05 17:00:00+00:00,63.95,64.175,63.62,64.065,283783.0,,,,,,,,,,,,,,,,,,,,,,,59.18707099056032,"rgba(38, 166, 154, 1.0)",0.0,0.0,4.185496461667429,58.639985035839324,1.2961461116608952,0.0,0.0,0.0,0.0,0.0,0.0,0.0,0.0,61.07025913408014,16.39269163009233,False,False,True,False,False,11.125096602119783,0,0.8365013252555847,0.8147292692162064,False,False,False,False,0.2546104359195799,0.2653555732083643,False,False,False,False,5367460.0,4004842.7505789152,False,False,False,False,235936.4420887027,False,False,False,False
2024-11-06 17:00:00+00:00,73.21,73.57,71.365,72.51,1404136.0,,,,,,,,,,,,,,,,,,,,,,,60.7588980372546,"rgba(38, 166, 154, 1.0)",0.0,0.0,4.515459762290525,59.89467638713518,2.793807115328062,0.0,0.0,0.0,0.0,0.0,0.0,0.0,0.0,68.66496719381155,12.590432140109016,True,False,True,False,True,20.0,0,0.8480922803904168,0.8129902395740909,False,False,False,False,0.34282825081734863,0.30409191201285646,False,False,False,False,6771596.0,4047738.1497947457,False,False,False,False,254048.06314159103,False,False,False,False
2024-11-07 17:00:00+00:00,70.47,70.665,69.74,69.795,355187.0,,,,,,,,,,,,,,,,,,,,,,,61.02918490497536,"rgba(38, 166, 154, 1.0)",0.0,0.0,4.714875589007599,60.04911003633631,2.0670513526137464,0.0,0.0,0.0,0.0,0.0,0.0,0.0,0.0,68.51151355271273,12.590432140109016,True,False,True,False,True,17.553558090888327,0,0.8394181004336269,0.8224576863897053,False,False,False,False,0.26329959500637984,0.2836957535096182,False,False,False,False,6416409.0,4084461.7288676957,False,False,False,False,255616.10867427953,False,False,False,False
2024-11-08 17:00:00+00:00,69.64,70.13,69.495,70.03,272730.0,,,,,,,,,,,,,,,,,,,,,,,61.222340138101615,"rgba(38, 166, 154, 1.0)",0.0,0.0,4.906380317486583,60.16100338600361,2.0114618059311056,0.0,0.0,0.0,0.0,0.0,0.0,0.0,0.0,68.59838196861458,12.590432140109016,True,False,True,False,True,17.852379340326298,0,0.8371824480369513,0.8290293232556516,False,False,False,False,0.24995345202963046,0.26682460276962433,False,False,False,False,6689139.0,4124844.3222185844,False,False,False,False,255881.44032274032,False,False,False,False
2024-11-11 17:00:00+00:00,73.08,73.13,72.36,72.59,419920.0,,,,,,,,,,,,,,,,,,,,,,,61.59504710195136,"rgba(38, 166, 154, 1.0)",0.0,0.0,5.178318366816396,60.401502974456406,2.35375582614806,0.0,0.0,0.0,0.0,0.0,0.0,0.0,0.0,70.52458599386807,14.388160806824445,True,False,True,False,True,20.0,0,0.8409747044267252,0.828739345614518,False,False,False,False,0.3428282508652075,0.3048264268174159,False,False,False,False,7109059.0,4171111.216447754,False,False,False,False,258424.6738061087,False,False,False,False
2024-11-12 17:00:00+00:00,72.575,72.845,72.11,72.605,436990.0,,,,,,,,,,,,,,,,,,,,,,,61.95236058970667,"rgba(38, 166, 154, 1.0)",0.0,0.0,5.4303305840668825,60.63208085943467,2.2048232525097164,0.0,0.0,0.0,0.0,0.0,0.0,0.0,0.0,71.81881506370505,15.868664402320903,True,False,True,False,True,20.0,0,0.8467725232999651,0.8296168450120818,False,False,False,False,0.3333608889022823,0.3190936578598491,False,False,False,False,7546049.0,4223435.833247013,False,False,False,False,261193.12847578144,False,False,False,False
2024-11-13 17:00:00+00:00,73.655,73.72,72.65,72.79,352431.0,,,,,,,,,,,,,,,,,,,,,,,62.23765048148854,"rgba(38, 166, 154, 1.0)",0.0,0.0,5.673820425094201,60.819464337945064,2.109784019443336,0.0,0.0,0.0,0.0,0.0,0.0,0.0,0.0,72.8192536152065,17.126280821549656,True,False,True,False,True,20.0,0,0.8513017528213216,0.8181662264603988,False,False,False,False,0.34282825093853614,0.3309609543991926,False,False,False,False,7898480.0,4280413.26218892,False,False,False,False,262607.6691195678,False,False,False,False
2024-11-14 17:00:00+00:00,72.945,73.21,72.545,72.805,410357.0,,,,,,,,,,,,,,,,,,,,,,,62.54608007335003,"rgba(38, 166, 154, 1.0)",0.0,0.0,5.897628818065408,61.023411101036146,1.997682333427786,0.0,0.0,0.0,0.0,0.0,0.0,0.0,0.0,73.49854509817163,18.129955903310005,True,False,True,False,True,20.0,0,0.8528412017167378,0.8232446351931335,False,False,False,False,0.33217409837839096,0.3315675263887918,False,False,False,False,8308837.0,4342869.444170487,False,False,False,False,264898.3564200396,False,False,False,False
2024-11-15 17:00:00+00:00,73.685,74.41,73.225,74.37,322962.0,,,,,,,,,,,,,,,,,,,,,,,62.80217212877496,"rgba(38, 166, 154, 1.0)",0.0,0.0,6.122699312711165,61.19672823052155,2.151546417138237,0.0,0.0,0.0,0.0,0.0,0.0,0.0,0.0,75.184191995824,20.069387182220538,True,False,True,False,True,20.0,0,0.8543596404279314,0.8183340738968455,False,False,False,False,0.34282825103879194,0.33719788871379186,False,False,False,False,8631799.0,4409364.476043812,False,False,False,False,265798.56794841104,False,False,False,False
2024-11-18 17:00:00+00:00,74.505,74.52,73.805,73.99,297898.0,,,,,,,,,,,,,,,,,,,,,,,63.030530978942,"rgba(38, 166, 154, 1.0)",0.0,0.0,6.298925507540905,61.35261256151922,2.0062766932791365,0.0,0.0,0.0,0.0,0.0,0.0,0.0,0.0,75.29646483705017,20.537446935873476,True,False,True,False,True,20.0,0,0.8635943438216863,0.8159345362413122,False,False,False,False,0.34282825109107773,0.3400130699024348,False,False,False,False,8333901.0,4470210.003547008,False,False,False,False,266296.23356161395,False,False,False,False
2024-11-19 17:00:00+00:00,74.125,74.145,73.375,73.43,277369.0,,,,,,,,,,,,,,,,,,,,,,,63.226609523413266,"rgba(38, 166, 154, 1.0)",0.0,0.0,6.443956261280579,61.487105531889966,1.8533481581603226,0.0,0.0,0.0,0.0,0.0,0.0,0.0,0.0,73.85617656869898,20.537446935873476,True,False,True,False,True,20.0,0,0.8666666666666666,0.816873278236915,False,False,False,False,0.3295059126047232,0.33475949125357896,False,False,False,False,8056532.0,4525811.894964884,False,False,False,False,266467.9043591083,False,False,False,False
2024-11-20 17:00:00+00:00,73.3,73.755,72.775,73.58,359143.0,,,,,,,,,,,,,,,,,,,,,,,63.46345173999698,"rgba(38, 166, 154, 1.0)",0.0,0.0,6.577125559895485,61.65098421863434,1.8137126428152326,0.0,0.0,0.0,0.0,0.0,0.0,0.0,0.0,73.06832868995222,20.537446935873476,True,False,True,False,False,20.0,0,0.8606543307356928,0.8236465378145494,False,False,False,False,0.31327480617767184,0.32401714871562537,False,False,False,False,8415675.0,4586119.850081707,False,False,False,False,267904.72754733916,False,False,False,False
2024-11-21 17:00:00+00:00,75.42,76.045,74.825,74.9,425492.0,,,,,,,,,,,,,,,,,,,,,,,63.780906205171384,"rgba(38, 166, 154, 1.0)",0.0,0.0,6.740039806603108,61.87515191904582,1.9324586285371717,0.0,0.0,0.0,0.0,0.0,0.0,0.0,0.0,73.96767801600133,20.537446935873476,True,False,True,False,False,20.0,0,0.866079265410843,0.8171291607588957,False,False,False,False,0.34282825127068467,0.333422699993155,False,False,False,False,8841167.0,4652089.573336254,False,False,False,False,270347.94107373705,False,False,False,False
2024-11-22 17:00:00+00:00,74.99,76.08,74.905,75.93,373053.0,,,,,,,,,,,,,,,,,,,,,,,64.054299698488,"rgba(38, 166, 154, 1.0)",0.0,0.0,6.915621334445756,62.07044171733251,2.0040944424812492,0.0,0.0,0.0,0.0,0.0,0.0,0.0,0.0,75.50668636089233,21.720260107834108,True,False,True,False,True,20.0,0,0.870194253338729,0.8170443814919739,False,False,False,False,0.3428282512783434,0.3381254756357492,False,False,False,False,9214220.0,4722820.277625615,False,False,False,False,271940.2675687178,False,False,False,False
2024-11-25 17:00:00+00:00,76.21,77.305,76.165,76.83,396619.0,,,,,,,,,,,,,,,,,,,,,,,64.35846490597548,"rgba(38, 166, 154, 1.0)",0.0,0.0,7.087145124026237,62.290120788083115,2.0515848000099535,0.0,0.0,0.0,0.0,0.0,0.0,0.0,0.0,77.26504883853295,23.561440952200073,True,False,True,False,True,20.0,0,0.8816373168436616,0.8074674015324644,False,False,False,False,0.3428282514351801,0.34047686353546464,False,False,False,False,9610839.0,4798603.513631419,False,False,False,False,273873.2711723036,False,False,False,False
2024-11-26 17:00:00+00:00,77.64,78.125,77.305,77.34,311303.0,,,,,,,,,,,,,,,,,,,,,,,64.60237107024378,"rgba(38, 166, 154, 1.0)",0.0,0.0,7.268905810690116,63.41293811590677,1.915977761551293,0.0,0.0,0.0,0.0,0.0,0.0,0.0,0.0,78.83054898187848,25.17153915136859,True,False,True,False,True,20.0,0,0.8856435477935024,0.8034059352939213,False,False,False,False,0.3428282515482397,0.3416525575418522,False,False,False,False,9922142.0,4878038.218846437,False,False,False,False,274453.5770456012,False,False,False,False
2024-11-27 17:00:00+00:00,76.875,77.25,76.425,77.205,373210.0,,,,,,,,,,,,,,,,,,,,,,,64.86956370498596,"rgba(38, 166, 154, 1.0)",0.0,0.0,7.438544523065077,63.57561594401935,1.8322649025920756,0.0,0.0,0.0,0.0,0.0,0.0,0.0,0.0,79.38373337411934,25.84430825333247,True,False,True,False,True,20.0,0,0.8793189952169113,0.812623340134462,False,False,False,False,0.31787095945416677,0.3297617584980095,False,False,False,False,9548932.0,4950455.1766937785,False,False,False,False,275984.68437822757,False,False,False,False
2024-11-28 17:00:00+00:00,77.205,77.205,77.205,77.205,0.0,,,,,,,,,,,,,,,,,,,,,,,64.86956370498596,"rgba(38, 166, 154, 1.0)",0.0,0.0,7.604965349886402,63.57561594401935,1.7921691196376377,0.0,0.0,0.0,0.0,0.0,0.0,0.0,0.0,79.75252296894658,26.39433010773118,True,False,True,False,True,20.0,0,0.8908464965573103,0.8110233562845961,False,False,False,False,0.3282749585379408,0.3290183585179751,False,False,False,False,9548932.0,5021749.391008603,False,False,False,False,271705.85206228605,False,False,False,False
2024-11-29 17:00:00+00:00,76.94,77.19,76.155,76.21,227326.0,,,,,,,,,,,,,,,,,,,,,,,65.02098359034976,"rgba(38, 166, 154, 1.0)",0.0,0.0,7.7385241527737625,63.66956386406862,1.620520384553744,0.0,0.0,0.0,0.0,0.0,0.0,0.0,0.0,76.14975837599334,29.61791133592969,True,False,True,False,False,20.0,0,0.8883084493276263,0.8111624144787845,False,False,False,False,0.31322146919959437,0.32111991385878474,False,False,False,False,9321606.0,5088413.834558858,False,False,False,False,271017.79234039015,False,False,False,False
2024-12-02 17:00:00+00:00,74.84,75.43,74.795,75.265,507711.0,,,,,,,,,,,,,,,,,,,,,,,65.30712466805738,"rgba(38, 166, 154, 1.0)",0.0,0.0,7.852753449506647,63.8290422147543,1.4562991005357704,0.0,0.0,0.0,0.0,0.0,0.0,0.0,0.0,70.69374845358337,24.639150750544673,False,False,True,False,False,20.0,0,0.8868632707774798,0.8180630026809657,False,False,False,False,0.26987463085702323,0.295497272357904,False,False,False,False,8813895.0,5146173.232472673,False,False,False,False,274687.45447464765,False,False,False,False
2024-12-03 17:00:00+00:00,74.61,74.91,74.02,74.11,283502.0,,,,,,,,,,,,,,,,,,,,,,,65.44732182792353,"rgba(38, 166, 154, 1.0)",0.0,0.0,7.9305335857655095,63.908534738066656,1.2863529485889729,0.0,0.0,0.0,0.0,0.0,0.0,0.0,0.0,63.97762597957679,18.742264007756276,False,True,True,False,False,18.213717495307385,0,0.8863111378929397,0.8190887482842897,False,False,False,False,0.2521781503584625,0.27383771135818324,False,False,False,False,8530393.0,5198641.756000229,False,False,False,False,274824.1140951957,False,False,False,False
2024-12-04 17:00:00+00:00,72.885,73.31,72.705,73.07,529465.0,,,,,,,,,,,,,,,,,,,,,,,65.66072479859383,"rgba(239, 83, 80, 1.0)",0.0,0.0,7.972577336557306,64.02106248844754,1.1350078060779198,0.0,0.0,0.0,0.0,0.0,0.0,0.0,0.0,57.220145238992174,12.99425668808258,False,True,True,False,False,15.948687215641563,0,0.8810962379410486,0.8298561271155328,False,False,False,False,0.21288585878967076,0.243361785073927,False,False,False,False,8000928.0,5242088.054356815,False,False,False,False,278772.03480689815,False,False,False,False
2024-12-05 17:00:00+00:00,74.435,74.5,73.675,73.7,301460.0,,,,,,,,,,,,,,,,,,,,,,,65.79161683450911,"rgba(239, 83, 80, 1.0)",0.0,0.0,8.025659338635027,64.107843163711,1.1951861437867115,0.0,0.0,0.0,0.0,0.0,0.0,0.0,0.0,54.29962097374628,10.780883380780644,False,True,True,False,False,16.822523744744363,0,0.887637463038639,0.821389414930729,False,False,False,False,0.24193248946338594,0.24264713726865647,False,False,False,False,8302388.0,5289534.5651419815,False,False,False,False,279123.7862052408,False,False,False,False
2024-12-06 17:00:00+00:00,74.32,74.41,74.0,74.24,232765.0,,,,,,,,,,,,,,,,,,,,,,,65.89299933040894,"rgba(239, 83, 80, 1.0)",0.0,0.0,8.089154905803813,64.17843579983962,1.2438337894779834,0.0,0.0,0.0,0.0,0.0,0.0,0.0,0.0,53.646147369698056,10.38608325394,False,True,True,False,False,17.565881257620084,0,0.8932361845826262,0.8186113051868122,False,False,False,False,0.2451161040812723,0.24388162067496438,False,False,False,False,8535153.0,5339854.230798695,False,False,False,False,278405.04533384176,False,False,False,False
2024-12-09 17:00:00+00:00,73.9,73.9,72.43,72.685,458803.0,,,,,,,,,,,,,,,,,,,,,,,66.05778143084078,"rgba(239, 83, 80, 1.0)",0.0,0.0,8.119514931923552,64.28622745404354,1.034393386350575,0.0,0.0,0.0,0.0,0.0,0.0,0.0,0.0,49.78951807191732,6.8110704759805145,False,True,False,False,False,14.216247179239158,0,0.8822190705498203,0.8220257924074018,False,False,False,False,0.2170987444601156,0.23049018256754,False,False,False,False,8076350.0,5382280.521794064,False,False,False,False,281201.91284804576,False,False,False,False
2024-12-10 17:00:00+00:00,72.1,73.065,71.905,72.09,328076.0,,,,,,,,,,,,,,,,,,,,,,,66.16038533610917,"rgba(239, 83, 80, 1.0)",0.0,0.0,8.131095066593538,64.35293424642984,0.9515404370756607,0.0,0.0,0.0,0.0,0.0,0.0,0.0,0.0,46.12672266888753,3.4139270897767773,False,True,False,True,False,12.973285513853078,0,0.8786954096531809,0.8284279948813865,False,False,False,False,0.1989620722857608,0.2147261274266504,False,False,False,False,7748274.0,5418962.591223613,False,False,False,False,281928.6428814094,False,False,False,False
2024-12-11 17:00:00+00:00,71.865,72.14,71.695,71.72,307934.0,,,,,,,,,,,,,,,,,,,,,,,66.24613454267114,"rgba(239, 83, 80, 1.0)",0.0,0.0,8.142036027657669,64.4085727875285,0.8979851216127421,0.0,0.0,0.0,0.0,0.0,0.0,0.0,0.0,43.01693982279049,0.4936516422225452,False,True,False,True,False,12.202380611338373,0,0.8783681774918766,0.8341264892185505,False,False,False,False,0.18392471496513987,0.19932542119589514,False,False,False,False,7440340.0,5450301.775855805,False,False,False,False,282331.82671270537,False,False,False,False
2024-12-12 17:00:00+00:00,71.545,71.635,70.85,70.86,378982.0,,,,,,,,,,,,,,,,,,,,,,,66.33477446833696,"rgba(239, 83, 80, 1.0)",0.0,0.0,8.141520667773532,64.46473583670257,0.785512243260858,0.0,0.0,0.0,0.0,0.0,0.0,0.0,0.0,39.48448028475577,-2.8633456797185914,False,True,False,True,False,10.426902563018515,0,0.8709889100334663,0.8421484349366762,False,False,False,False,0.16614479343195612,0.18273510731392562,False,False,False,False,7061358.0,5475279.39173401,False,False,False,False,283830.2790117332,False,False,False,False
2024-12-13 17:00:00+00:00,70.48,70.485,70.02,70.48,373401.0,,,,,,,,,,,,,,,,,,,,,,,66.40514608681455,"rgba(239, 83, 80, 1.0)",0.0,0.0,8.144553574501657,64.50798327419912,0.7332528015406045,0.0,0.0,0.0,0.0,0.0,0.0,0.0,0.0,36.526099724369054,-5.719679327187762,False,True,False,True,False,9.649811293369972,0,0.8633709486943966,0.8502493111140276,False,False,False,False,0.14025143429475748,0.16149327080434156,False,False,False,False,6687957.0,5494080.59496294,False,False,False,False,285218.97236038843,False,False,False,False
2024-12-16 17:00:00+00:00,70.545,72.29,70.32,72.03,464855.0,,,,,,,,,,,,,,,,,,,,,,,66.51551503049308,"rgba(239, 83, 80, 1.0)",0.0,0.0,8.161587559199882,64.58897682385111,0.9117127179210667,0.0,0.0,0.0,0.0,0.0,0.0,0.0,0.0,39.2716186326506,-5.719679327187762,False,True,False,True,False,12.033814209653531,0,0.8642075263941961,0.8403717857374187,False,False,False,False,0.16778655023557187,0.16463991051995672,False,False,False,False,7152812.0,5519797.360932506,False,False,False,False,288004.0270524754,False,False,False,False
2024-12-17 17:00:00+00:00,70.96,70.98,70.38,70.8,347519.0,,,,,,,,,,,,,,,,,,,,,,,66.58192220553894,"rgba(239, 83, 80, 1.0)",0.0,0.0,8.159338742306971,64.6370495744199,0.7553247414063826,0.0,0.0,0.0,0.0,0.0,0.0,0.0,0.0,38.80355366758626,-5.719679327187762,False,True,False,True,False,9.53662092571292,0,0.8606683804627246,0.8443444730077128,False,False,False,False,0.1514077580604843,0.1580238342902205,False,False,False,False,6805293.0,5539727.525879289,False,False,False,False,288926.7398113517,False,False,False,False
2024-12-18 17:00:00+00:00,70.825,71.475,68.61,68.73,413272.0,,,,,,,,,,,,,,,,,,,,,,,66.63765712291433,"rgba(239, 83, 80, 1.0)",0.0,0.0,8.134981676308415,65.1605395390182,0.43877916423305235,0.0,0.0,0.0,0.0,0.0,0.0,0.0,0.0,35.64145689854429,-6.962650352193428,False,True,False,True,False,5.566900202373201,0,0.8547041091543705,0.8416944312232276,False,False,False,False,0.1347839813943692,0.14640390784229484,False,False,False,False,6392021.0,5552941.378191237,False,False,False,False,290854.57330264855,False,False,False,False
2024-12-19 17:00:00+00:00,69.375,69.585,68.675,68.875,211803.0,,,,,,,,,,,,,,,,,,,,,,,66.66019058081109,"rgba(239, 83, 80, 1.0)",0.0,0.0,8.091726106238283,65.16212153642707,0.4588487567208319,0.0,0.0,0.0,0.0,0.0,0.0,0.0,0.0,33.945291782780934,-8.87621852632013,False,True,False,True,False,5.7991727787803065,0,0.8543204377704248,0.8586472384830752,False,False,False,False,0.11111506863221311,0.12875948823725397,False,False,False,False,6603824.0,5569234.132017729,False,False,False,False,289628.96751501056,False,False,False,False
2024-12-20 17:00:00+00:00,70.965,71.035,70.125,70.35,237058.0,,,,,,,,,,,,,,,,,,,,,,,66.7000354805125,"rgba(239, 83, 80, 1.0)",0.0,0.0,8.010810062962712,65.20979212141961,0.6416589381323233,0.0,0.0,0.0,0.0,0.0,0.0,0.0,0.0,36.67376185739935,-8.87621852632013,False,True,False,True,False,8.121460911254498,0,0.8653418830550437,0.8457240810107299,False,False,False,False,0.1487948385526436,0.13877716339494878,False,False,False,False,6840882.0,5588949.60283916,False,False,False,False,288813.9137550879,False,False,False,False
2024-12-23 17:00:00+00:00,69.65,69.65,69.65,69.65,0.0,,,,,,,,,,,,,,,,,,,,,,,66.7000354805125,"rgba(239, 83, 80, 1.0)",0.0,0.0,7.928707952295415,65.20979212141961,0.5600165758779051,0.0,0.0,0.0,0.0,0.0,0.0,0.0,0.0,37.34491863251189,-8.87621852632013,False,True,False,True,True,6.792240909551175,0,0.86620833861361,0.8420035483462178,False,False,False,False,0.12458623015851718,0.13168169677673297,False,False,False,False,6840882.0,5608359.407446304,False,False,False,False,284336.17865810974,False,False,False,False
2024-12-24 17:00:00+00:00,71.185,71.565,71.13,71.55,39592.0,,,,,,,,,,,,,,,,,,,,,,,66.70818564016079,"rgba(239, 83, 80, 1.0)",0.0,0.0,7.843540809636434,65.22069813881306,0.8069444674031487,0.0,0.0,0.0,0.0,0.0,0.0,0.0,0.0,41.874347943000245,-14.823320203060867,False,True,False,True,True,9.685088338540659,0,0.8674899446958265,0.8417860734037212,False,False,False,False,0.16890345640892526,0.15029257659282913,False,False,False,False,6880474.0,5628082.114307602,False,False,False,False,280541.69526806154,False,False,False,False
2024-12-25 17:00:00+00:00,71.55,71.55,71.55,71.55,0.0,,,,,,,,,,,,,,,,,,,,,,,66.70818564016079,"rgba(239, 83, 80, 1.0)",0.0,0.0,7.7457041694787705,65.22069813881306,0.8171370507702788,0.0,0.0,0.0,0.0,0.0,0.0,0.0,0.0,44.89396748332581,-11.82795827513631,False,True,False,True,True,9.685088338540659,0,0.8647126217299977,0.8430717331805747,False,False,False,False,0.17423097319811928,0.16226177489547422,False,False,False,False,6880474.0,5647499.042767949,False,False,False,False,276192.21162049467,False,False,False,False
2024-12-26 17:00:00+00:00,71.55,71.845,71.11,71.745,196590.0,,,,,,,,,,,,,,,,,,,,,,,66.74953135589806,"rgba(239, 83, 80, 1.0)",0.0,0.0,7.589418779749483,65.2725840812641,0.8528210270865499,0.0,0.0,0.0,0.0,0.0,0.0,0.0,0.0,47.320638539640655,-9.39060216605111,False,True,False,False,True,9.979780806664639,0,0.8588257829709794,0.8435973565750413,False,False,False,False,0.17232248049565468,0.16729212769556445,False,False,False,False,7077064.0,5669662.840554493,False,False,False,False,274958.06880467304,False,False,False,False
2024-12-27 17:00:00+00:00,70.82,71.275,70.635,71.155,123334.0,,,,,,,,,,,,,,,,,,,,,,,66.77221871326418,"rgba(239, 83, 80, 1.0)",0.0,0.0,7.445132658139612,65.29575540382666,0.7869899523909151,0.0,0.0,0.0,0.0,0.0,0.0,0.0,0.0,47.560105692867154,-8.899793666146564,False,True,False,False,True,8.812284022605546,0,0.8512220703683687,0.8472809331595847,False,False,False,False,0.1586039895753083,0.16294805863543638,False,False,False,False,6953730.0,5689570.858530392,False,False,False,False,272607.30804801144,False,False,False,False
2024-12-30 17:00:00+00:00,70.55,70.8,70.415,70.43,129792.0,,,,,,,,,,,,,,,,,,,,,,,66.79320467331446,"rgba(239, 83, 80, 1.0)",0.0,0.0,7.310373383693114,65.31378935410578,0.6998562696273085,0.0,0.0,0.0,0.0,0.0,0.0,0.0,0.0,46.138590091594956,-8.899793666146564,False,True,False,True,True,7.392932506325604,0,0.8503774662183591,0.8482522362494456,False,False,False,False,0.14951318890445436,0.15623062376994537,False,False,False,False,6823938.0,5707157.9459950365,False,False,False,False,270393.11722556164,False,False,False,False
2024-12-31 17:00:00+00:00,70.295,70.565,70.06,70.28,136681.0,,,,,,,,,,,,,,,,,,,,,,,66.8136185909649,"rgba(239, 83, 80, 1.0)",0.0,0.0,7.18250510766413,65.32968382644907,0.6892186081801278,0.0,0.0,0.0,0.0,0.0,0.0,0.0,0.0,44.86667625268254,-8.899793666146564,False,True,False,True,True,7.099404547816324,0,0.8486103645619247,0.8502229108040606,False,False,False,False,0.14181508097146392,0.14902285237070464,False,False,False,False,6687257.0,5722353.2801656565,False,False,False,False,268320.06114454515,False,False,False,False
2025-01-01 17:00:00+00:00,70.28,70.28,70.28,70.28,0.0,,,,,,,,,,,,,,,,,,,,,,,66.8136185909649,"rgba(239, 83, 80, 1.0)",0.0,0.0,7.037319775427383,65.32968382644907,0.7034377194050833,0.0,0.0,0.0,0.0,0.0,0.0,0.0,0.0,44.01873369340759,-8.899793666146564,False,True,False,True,False,7.099404547816324,0,0.8517207284789331,0.8507319873696303,False,False,False,False,0.14096802065774625,0.14499543651422545,False,False,False,False,6687257.0,5737313.027759988,False,False,False,False,264160.0601965677,False,False,False,False
2025-01-02 17:00:00+00:00,70.605,70.73,69.76,70.15,219002.0,,,,,,,,,,,,,,,,,,,,,,,66.84502092155006,"rgba(239, 83, 80, 1.0)",0.0,0.0,6.920212380222667,65.35357233519517,0.693104113179039,0.0,0.0,0.0,0.0,0.0,0.0,0.0,0.0,43.11414301496018,-8.899793666146564,False,True,False,True,False,6.836313836790847,0,0.8544138282944249,0.84771654547774,False,False,False,False,0.14005602651365254,0.142525731513939,False,False,False,False,6468255.0,5748645.461438128,False,False,False,False,263459.9352322798,False,False,False,False
2025-01-03 17:00:00+00:00,70.61,71.42,70.54,71.295,204339.0,,,,,,,,,,,,,,,,,,,,,,,66.88125018019296,"rgba(239, 83, 80, 1.0)",0.0,0.0,6.811798963351516,65.38817393509908,0.8671462702702358,0.0,0.0,0.0,0.0,0.0,0.0,0.0,0.0,46.27630489210785,-8.80318663889448,False,True,False,True,True,8.744511785160231,0,0.8545210813571219,0.8456799974466189,False,False,False,False,0.1592589900047355,0.15089236075933726,False,False,False,False,6672594.0,5762970.244981722,False,False,False,False,262543.33158526773,False,False,False,False
2025-01-06 17:00:00+00:00,73.19,73.19,71.92,71.965,253907.0,,,,,,,,,,,,,,,,,,,,,,,66.938791748836,"rgba(239, 83, 80, 1.0)",0.0,0.0,6.674875672493301,65.45030473805943,0.9760024877747432,0.0,0.0,0.0,0.0,0.0,0.0,0.0,0.0,50.16097469689869,-5.030019405800928,False,True,False,False,True,9.8337831970098,0,0.862644659457408,0.8349459305634611,False,False,False,False,0.20082293532663853,0.1758576480429879,False,False,False,False,6926501.0,5781009.481493632,False,False,False,False,262409.4349715426,False,False,False,False
2025-01-07 17:00:00+00:00,72.36,72.635,71.51,71.595,329481.0,,,,,,,,,,,,,,,,,,,,,,,67.00569703518896,"rgba(239, 83, 80, 1.0)",0.0,0.0,6.49793780038385,65.51660323676032,0.9354347409851498,0.0,0.0,0.0,0.0,0.0,0.0,0.0,0.0,51.489892871155234,-3.697714930748319,False,False,True,False,True,9.055067384598118,0,0.8590529776204321,0.8433430269313447,False,False,False,False,0.18802340057164244,0.18194052430731517,False,False,False,False,6597020.0,5793660.807361948,False,False,False,False,263449.30419679004,False,False,False,False
2025-01-08 17:00:00+00:00,71.78,71.835,71.155,71.58,275654.0,,,,,,,,,,,,,,,,,,,,,,,67.0559652003712,"rgba(239, 83, 80, 1.0)",0.0,0.0,6.290701166894737,65.5632004560514,0.9564592855900437,0.0,0.0,0.0,0.0,0.0,0.0,0.0,0.0,52.322247246155655,-2.738924448662317,False,False,True,False,True,9.023161364414658,0,0.8596938775510198,0.8416106949108764,False,False,False,False,0.17278303684014418,0.17736178057372967,False,False,False,False,6321366.0,5801842.283216802,False,False,False,False,263638.5242867623,False,False,False,False
2025-01-09 17:00:00+00:00,71.58,71.58,71.58,71.58,0.0,,,,,,,,,,,,,,,,,,,,,,,67.0559652003712,"rgba(239, 83, 80, 1.0)",0.0,0.0,6.150371905549793,65.5632004560514,0.9782822301395026,0.0,0.0,0.0,0.0,0.0,0.0,0.0,0.0,52.8771501628226,-1.956145847334568,False,False,True,False,True,9.023161364414669,0,0.8585684004565461,0.8487852600684824,False,False,False,False,0.17502106123829977,0.17619142090601472,False,False,False,False,6321366.0,5809896.914484759,False,False,False,False,259551.10530557216,False,False,False,False
2025-01-10 17:00:00+00:00,69.635,70.48,69.49,69.99,228002.0,,,,,,,,,,,,,,,,,,,,,,,67.08269212151173,"rgba(239, 83, 80, 1.0)",0.0,0.0,5.976116637337551,66.04678265596891,0.6598293814070948,0.0,0.0,0.0,0.0,0.0,0.0,0.0,0.0,48.12081040422168,-1.956145847334568,False,True,False,True,False,5.644555725817302,0,0.8487331607066761,0.8578124487856048,False,False,False,False,0.13328835001798686,0.1547398854620008,False,False,False,False,6093364.0,5814291.753019879,False,False,False,False,259061.97188998188,False,False,False,False
2025-01-13 17:00:00+00:00,69.62,70.615,69.555,70.585,180407.0,,,,,,,,,,,,,,,,,,,,,,,67.10539538268496,"rgba(239, 83, 80, 1.0)",0.0,0.0,5.810281651078927,66.06969367978627,0.7771234840870864,0.0,0.0,0.0,0.0,0.0,0.0,0.0,0.0,47.141246649507806,2.097505910363509,False,True,False,True,False,6.6933617239269765,0,0.8440249926396018,0.8600543033792409,False,False,False,False,0.13588983305564223,0.1453148592588215,False,False,False,False,6273771.0,5821415.462275384,False,False,False,False,257842.51496145502,False,False,False,False
2025-01-14 17:00:00+00:00,70.425,71.445,70.41,71.15,622026.0,,,,,,,,,,,,,,,,,,,,,,,67.19931935066525,"rgba(239, 83, 80, 1.0)",0.0,0.0,5.602007231968432,66.18052910304922,0.8870875547235967,0.0,0.0,0.0,0.0,0.0,0.0,0.0,0.0,48.36390862592129,2.097505910363509,False,True,False,False,False,7.679789910323567,0,0.8579751168455002,0.8533671252715429,False,False,False,False,0.1578836449270778,0.15159925209294967,False,False,False,False,6895797.0,5838072.540379642,False,False,False,False,263488.770543448,False,False,False,False
2025-01-15 17:00:00+00:00,75.62,76.81,75.23,75.925,736253.0,,,,,,,,,,,,,,,,,,,,,,,67.44313846776636,"rgba(38, 166, 154, 1.0)",0.0,0.0,5.426520460323159,66.569895848541,1.7239599886999946,0.0,0.0,0.0,0.0,0.0,0.0,0.0,0.0,57.2778170293204,1.763814384317719,True,False,True,False,True,15.135221564820618,0,0.8665754470820337,0.8451918793355827,False,False,False,False,0.29496055020366674,0.2232799011483082,False,False,False,False,7632050.0,5865886.144404762,False,False,False,False,270818.44851951854,False,False,False,False
2025-01-16 17:00:00+00:00,75.415,76.12,75.105,75.98,426401.0,,,,,,,,,,,,,,,,,,,,,,,67.57425235230838,"rgba(38, 166, 154, 1.0)",0.0,0.0,5.218478328312059,66.7331937381766,1.7719353574118093,0.0,0.0,0.0,0.0,0.0,0.0,0.0,0.0,63.273195323896424,6.969100355078702,True,False,True,False,True,15.213042603125363,0,0.8680088776157254,0.8484147114774895,False,False,False,False,0.28365315994516543,0.25346653054673685,False,False,False,False,8058451.0,5899879.397979883,False,False,False,False,273230.5811006113,False,False,False,False
2025-01-17 17:00:00+00:00,76.315,77.24,75.865,77.2,369337.0,,,,,,,,,,,,,,,,,,,,,,,67.69847527319332,"rgba(38, 166, 154, 1.0)",0.0,0.0,5.081636186636433,66.88496728930608,2.0298644633041927,0.0,0.0,0.0,0.0,0.0,0.0,0.0,0.0,68.39943375676519,11.329219656171674,True,False,True,False,True,16.92191255451132,0,0.8712833785745843,0.8450539738652868,False,False,False,False,0.3098482514107417,0.28165739097873926,False,False,False,False,8427788.0,5939071.779406551,False,False,False,False,274720.60309905146,False,False,False,False
2025-01-20 17:00:00+00:00,77.2,77.2,77.2,77.2,0.0,,,,,,,,,,,,,,,,,,,,,,,67.69847527319332,"rgba(38, 166, 154, 1.0)",0.0,0.0,4.93387156608582,66.88496728930608,2.0906569156758845,0.0,0.0,0.0,0.0,0.0,0.0,0.0,0.0,71.81692604534436,14.197455035580163,True,False,True,False,True,16.92191255451132,0,0.8799810096534258,0.8446906156037353,False,False,False,False,0.32813295071739046,0.30489517084806483,False,False,False,False,8427788.0,5977656.527012652,False,False,False,False,270461.368942477,False,False,False,False
2025-01-21 17:00:00+00:00,77.93,78.12,77.6,77.93,317306.0,,,,,,,,,,,,,,,,,,,,,,,67.81534222121982,"rgba(38, 166, 154, 1.0)",0.0,0.0,4.785435582233994,67.02685651621903,2.2784014738928,0.0,0.0,0.0,0.0,0.0,0.0,0.0,0.0,74.76398831828419,16.803065499747333,True,False,True,False,True,17.93806745274534,0,0.8792627605240614,0.8483964089712279,False,False,False,False,0.34282825156424324,0.32386171120615403,False,False,False,False,8745094.0,6020562.534345789,False,False,False,False,271187.642292206,False,False,False,False
2025-01-22 17:00:00+00:00,77.21,77.645,77.01,77.54,143680.0,,,,,,,,,,,,,,,,,,,,,,,67.86487642251628,"rgba(38, 166, 154, 1.0)",0.0,0.0,4.617338750312198,67.08362825820267,2.2645883932796442,0.0,0.0,0.0,0.0,0.0,0.0,0.0,0.0,75.29130632033971,17.37755945672427,True,False,True,False,True,17.059987240666903,0,0.8737839465094902,0.8499540513990562,False,False,False,False,0.3277204133402669,0.3257910622732105,False,False,False,False,8601414.0,6060575.735363684,False,False,False,False,269210.779621009,False,False,False,False
2025-01-23 17:00:00+00:00,77.79,77.9,77.025,77.46,242873.0,,,,,,,,,,,,,,,,,,,,,,,67.94800203063473,"rgba(38, 166, 154, 1.0)",0.0,0.0,4.433681510746819,67.17698901376085,2.3192940136349702,0.0,0.0,0.0,0.0,0.0,0.0,0.0,0.0,75.33270637851118,17.76156199477292,True,False,True,False,True,16.878288150801772,0,0.8783149346529625,0.8479571120416197,False,False,False,False,0.33153667728649017,0.3286638697798503,False,False,False,False,8358541.0,6096203.103807657,False,False,False,False,268802.4419524662,False,False,False,False
2025-01-24 17:00:00+00:00,77.595,77.645,77.04,77.225,131519.0,,,,,,,,,,,,,,,,,,,,,,,67.99167824357234,"rgba(38, 166, 154, 1.0)",0.0,0.0,4.340466590727852,67.2246907472315,2.3039710233298996,0.0,0.0,0.0,0.0,0.0,0.0,0.0,0.0,74.38706119353202,17.76156199477292,True,False,True,False,True,16.337926166468183,0,0.8769474853244481,0.8523242900206257,False,False,False,False,0.32814398591298233,0.3284039278464163,False,False,False,False,8227022.0,6129239.055686608,False,False,False,False,266674.01649583876,False,False,False,False
2025-01-27 17:00:00+00:00,77.29,77.97,76.895,77.955,161875.0,,,,,,,,,,,,,,,,,,,,,,,68.04661176912701,"rgba(38, 166, 154, 1.0)",0.0,0.0,4.284813242432153,67.28474315491239,2.490250155927668,0.0,0.0,0.0,0.0,0.0,0.0,0.0,0.0,74.84922521920572,18.218785158606437,True,False,True,False,True,17.411511318255336,0,0.8805691108435257,0.8492933645985176,False,False,False,False,0.33068781652897716,0.3295458721876967,False,False,False,False,8388897.0,6164272.512187591,False,False,False,False,265049.2255424149,False,False,False,False
2025-01-28 17:00:00+00:00,77.265,78.0,77.18,78.0,317618.0,,,,,,,,,,,,,,,,,,,,,,,68.15392429152222,"rgba(38, 166, 154, 1.0)",0.0,0.0,4.24059440100952,67.40027335503461,2.499585115341851,0.0,0.0,0.0,0.0,0.0,0.0,0.0,0.0,75.22352828564084,19.149296307488243,True,False,True,False,True,17.477729717892288,0,0.8855978435273727,0.8423721198896097,False,False,False,False,0.33514950093595014,0.33234768656182345,False,False,False,False,8706515.0,6203687.124401737,False,False,False,False,265864.24530144717,False,False,False,False
2025-01-29 17:00:00+00:00,78.505,78.58,78.02,78.375,196906.0,,,,,,,,,,,,,,,,,,,,,,,68.22334974958659,"rgba(38, 166, 154, 1.0)",0.0,0.0,4.216009572061134,67.47537488132822,2.5852942059007566,0.0,0.0,0.0,0.0,0.0,0.0,0.0,0.0,76.04462130128549,20.487222473460406,True,False,True,False,True,18.03471783555422,0,0.8961601575319983,0.8334099113882512,False,False,False,False,0.342828251611731,0.33758796908677724,False,False,False,False,8903421.0,6245543.463558299,False,False,False,False,264795.1252192542,False,False,False,False
2025-01-30 17:00:00+00:00,78.725,79.03,78.08,78.845,244954.0,,,,,,,,,,,,,,,,,,,,,,,68.3111547986854,"rgba(38, 166, 154, 1.0)",0.0,0.0,4.208006311439719,67.56994493364652,2.679429219414799,0.0,0.0,0.0,0.0,0.0,0.0,0.0,0.0,77.27198419151638,22.144918243990816,True,False,True,False,True,18.731529697639402,0,0.9019175739236257,0.8274512383646355,False,False,False,False,0.34282825163853525,0.34020811036265625,False,False,False,False,9148375.0,6290548.6036581695,False,False,False,False,264487.5108747696,False,False,False,False
2025-01-31 17:00:00+00:00,79.105,79.29,78.31,78.86,317101.0,,,,,,,,,,,,,,,,,,,,,,,68.42446401379439,"rgba(38, 166, 154, 1.0)",0.0,0.0,4.191317535654399,67.69037471681753,2.664943705210952,0.0,0.0,0.0,0.0,0.0,0.0,0.0,0.0,78.11233533857806,23.381729957639052,True,False,True,False,True,18.753935719048254,0,0.9024213950126485,0.8308637513552589,False,False,False,False,0.3428282516638099,0.34151818101323306,False,False,False,False,9465476.0,6339772.284221608,False,False,False,False,265303.2238844631,False,False,False,False
2025-02-03 17:00:00+00:00,78.155,78.39,77.525,78.21,271955.0,,,,,,,,,,,,,,,,,,,,,,,68.51258125513489,"rgba(38, 166, 154, 1.0)",0.0,0.0,4.1416926752495264,67.7797565121702,2.5183528343762016,0.0,0.0,0.0,0.0,0.0,0.0,0.0,0.0,75.01392498410613,23.381729957639052,True,False,True,False,False,17.131733825509247,0,0.8959341090338603,0.8328866518499155,False,False,False,False,0.3198180954259375,0.3306681382195853,False,False,False,False,9193521.0,6384016.450357707,False,False,False,False,265406.35219633183,False,False,False,False
2025-02-04 17:00:00+00:00,79.175,79.845,79.01,79.495,398506.0,,,,,,,,,,,,,,,,,,,,,,,68.65748269309111,"rgba(38, 166, 154, 1.0)",0.0,0.0,4.132242863274183,67.93170467031396,2.7983097103164605,0.0,0.0,0.0,0.0,0.0,0.0,0.0,0.0,75.38329484341354,23.381729957639052,True,False,True,False,False,19.083462149777286,0,0.8999642381091709,0.8321791995838622,False,False,False,False,0.34282825172649345,0.33674819497303937,False,False,False,False,9592027.0,6433753.048026579,False,False,False,False,267469.91262739646,False,False,False,False
2025-02-05 17:00:00+00:00,80.195,80.355,79.84,80.07,366407.0,,,,,,,,,,,,,,,,,,,,,,,68.79504741564534,"rgba(38, 166, 154, 1.0)",0.0,0.0,4.119745775196764,68.07576998828864,2.911400524741965,0.0,0.0,0.0,0.0,0.0,0.0,0.0,0.0,76.46915433037373,23.381729957639052,True,False,True,False,False,19.931510665970954,0,0.905008915545469,0.8251580483060469,False,False,False,False,0.3428282517903447,0.339788223381692,False,False,False,False,9958434.0,6488399.264336244,False,False,False,False,269003.8209587547,False,False,False,False
2025-02-06 17:00:00+00:00,81.195,81.5,80.775,81.44,379574.0,,,,,,,,,,,,,,,,,,,,,,,68.9482674070046,"rgba(38, 166, 154, 1.0)",1.0,84.295,4.154473716954312,69.30909006517243,2.9199630955231717,0.0,0.0,0.0,0.0,0.0,0.0,0.0,0.0,78.76243754386104,24.685766309593404,True,False,True,False,True,20.0,0,0.9117846860544104,0.8186199980590695,False,False,False,False,0.34282825184834553,0.3413082376150188,False,False,False,False,10338008.0,6548083.120703124,False,False,False,False,270718.0873004794,False,False,False,False
2025-02-07 17:00:00+00:00,80.695,81.14,80.45,80.68,296931.0,,,,,,,,,,,,,,,,,,,,,,,69.06092673085423,"rgba(38, 166, 154, 1.0)",0.0,0.0,4.13414528351684,69.40641811913018,2.72694380766406,0.0,0.0,0.0,0.0,0.0,0.0,0.0,0.0,76.93149487702179,24.685766309593404,True,False,True,False,False,19.97790930389769,0,0.9056304776688975,0.8233562950745451,False,False,False,False,0.33406132259876253,0.3376847801068906,False,False,False,False,10041077.0,6602238.064568192,False,False,False,False,271124.4890477588,False,False,False,False
2025-02-10 17:00:00+00:00,78.55,79.4,78.255,79.105,282207.0,,,,,,,,,,,,,,,,,,,,,,,69.14952071261635,"rgba(38, 166, 154, 1.0)",0.0,0.0,4.097662597843442,69.44881505903737,2.3565105008998506,0.0,0.0,0.0,0.0,0.0,0.0,0.0,0.0,70.33944611579086,24.868472183960492,True,False,True,False,False,16.173372393755432,0,0.8944503154321575,0.832324590898902,False,False,False,False,0.28460184716852066,0.31114331363770564,False,False,False,False,9758870.0,6651178.094574886,False,False,False,False,271296.31092298735,False,False,False,False
2025-02-11 17:00:00+00:00,79.585,79.97,79.475,79.64,250220.0,,,,,,,,,,,,,,,,,,,,,,,69.23287772795707,"rgba(38, 166, 154, 1.0)",0.0,0.0,4.056536544730989,69.51752576715072,2.4953489562413305,0.0,0.0,0.0,0.0,0.0,0.0,0.0,0.0,67.05198315195416,22.035614844618095,True,False,True,False,False,16.978958312298293,0,0.8970894971600932,0.8304399448063413,False,False,False,False,0.3069193412965504,0.309031327467128,False,False,False,False,10009090.0,6703238.744271399,False,False,False,False,270969.5464125534,False,False,False,False
2025-02-12 17:00:00+00:00,79.14,79.58,79.05,79.23,312692.0,,,,,,,,,,,,,,,,,,,,,,,69.33121800347229,"rgba(38, 166, 154, 1.0)",0.0,0.0,4.000179678396802,69.59504581858164,2.4086303506446183,0.0,0.0,0.0,0.0,0.0,0.0,0.0,0.0,63.59730168572001,19.018003856977174,True,False,True,False,False,16.00440782883384,0,0.8928318868531013,0.8357119897139186,False,False,False,False,0.2967224718764553,0.30287689967179166,False,False,False,False,9696398.0,6749644.314127657,False,False,False,False,271616.4061580952,False,False,False,False
2025-02-13 17:00:00+00:00,79.0,79.15,78.6,78.845,176936.0,,,,,,,,,,,,,,,,,,,,,,,69.38369502864789,"rgba(38, 166, 154, 1.0)",0.0,0.0,3.9117643677077156,69.63432020444277,2.354610076106057,0.0,0.0,0.0,0.0,0.0,0.0,0.0,0.0,60.12114105181913,15.952356305915757,False,False,True,False,False,15.089784656038642,0,0.8884369552585701,0.840693395312803,False,False,False,False,0.2857792042378953,0.29432805195484346,False,False,False,False,9519462.0,6792587.223986142,False,False,False,False,270148.49288432626,False,False,False,False
2025-02-14 17:00:00+00:00,79.775,80.335,79.57,79.975,279427.0,,,,,,,,,,,,,,,,,,,,,,,69.4748396885751,"rgba(38, 166, 154, 1.0)",0.0,0.0,3.8261634372629603,69.7189395469475,2.6805076733442297,0.0,0.0,0.0,0.0,0.0,0.0,0.0,0.0,60.45920599727416,15.952356305915757,False,False,True,False,False,16.840408182144223,0,0.8920833333333329,0.8348397435897438,False,False,False,False,0.3127019483653409,0.30351500016009214,False,False,False,False,9798889.0,6839196.553846822,False,False,False,False,270292.3457078251,False,False,False,False
2025-02-17 17:00:00+00:00,79.975,79.975,79.975,79.975,0.0,,,,,,,,,,,,,,,,,,,,,,,69.4748396885751,"rgba(38, 166, 154, 1.0)",0.0,0.0,3.6916306304546445,69.7189395469475,2.7781924790751367,0.0,0.0,0.0,0.0,0.0,0.0,0.0,0.0,60.68458262757751,15.952356305915757,False,False,True,False,False,16.840408182144223,0,0.8970076099574356,0.8347091448471562,False,False,False,False,0.31326872175396464,0.3083918609570284,False,False,False,False,9798889.0,6885083.258438344,False,False,False,False,266101.766704603,False,False,False,False
2025-02-18 17:00:00+00:00,80.795,80.95,80.355,80.7,300040.0,,,,,,,,,,,,,,,,,,,,,,,69.57746947532927,"rgba(38, 166, 154, 1.0)",0.0,0.0,3.5690207958823477,69.82118127686059,3.048124218186269,0.0,0.0,0.0,0.0,0.0,0.0,0.0,0.0,62.40714499784279,15.952356305915757,False,False,True,False,True,17.953996121530356,0,0.8957144239140945,0.8360581729063883,False,False,False,False,0.3304283751527557,0.31941011805489206,False,False,False,False,10098929.0,6934910.324198989,False,False,False,False,266627.94086422154,False,False,False,False
2025-02-19 17:00:00+00:00,80.5,80.62,80.225,80.38,261253.0,,,,,,,,,,,,,,,,,,,,,,,69.66325215328615,"rgba(38, 166, 154, 1.0)",0.0,0.0,3.6257551086783737,69.90296466978981,2.889614719188571,0.0,0.0,0.0,0.0,0.0,0.0,0.0,0.0,62.30783710321175,15.952356305915757,False,False,True,False,True,17.15925076291382,0,0.8925047714553744,0.8425904959078707,False,False,False,False,0.32458233436716377,0.3219962262110279,False,False,False,False,9837676.0,6979914.443203655,False,False,False,False,266544.608447722,False,False,False,False
2025-02-20 17:00:00+00:00,78.625,79.17,78.43,78.69,293274.0,,,,,,,,,,,,,,,,,,,,,,,69.74344761909829,"rgba(38, 166, 154, 1.0)",0.0,0.0,3.612629498286684,69.96454720947204,2.415263672808425,0.0,0.0,0.0,0.0,0.0,0.0,0.0,0.0,57.015061547321196,12.365966112721573,False,False,True,False,False,13.099994519688181,0,0.8876109313427092,0.8458334668247206,False,False,False,False,0.2839205706177243,0.3029583984143761,False,False,False,False,9544402.0,7019673.94020825,False,False,False,False,266959.01761907514,False,False,False,False
2025-02-21 17:00:00+00:00,79.05,79.2,77.33,77.515,338001.0,,,,,,,,,,,,,,,,,,,,,,,69.82661390035759,"rgba(239, 83, 80, 1.0)",0.0,0.0,3.5852438418334396,70.02196279921996,2.0899658520710855,0.0,0.0,0.0,0.0,0.0,0.0,0.0,0.0,50.93445201624984,6.753333155256662,False,True,False,False,False,10.430401454669497,0,0.8845628632220772,0.8448347041824134,False,False,False,False,0.27071675768058445,0.2868375780474803,False,False,False,False,9206401.0,7053576.6853213,False,False,False,False,268060.4437025003,False,False,False,False
2025-02-24 17:00:00+00:00,77.43,77.905,77.075,77.225,264934.0,,,,,,,,,,,,,,,,,,,,,,,69.88584589864402,"rgba(239, 83, 80, 1.0)",0.0,0.0,3.586637697478261,70.05920278957234,1.9979149874730517,0.0,0.0,0.0,0.0,0.0,0.0,0.0,0.0,46.31485884161722,2.6624490596351578,False,True,False,True,False,9.783386972436556,0,0.8821211832364244,0.857973501096178,False,False,False,False,0.25175060910644564,0.269294093576963,False,False,False,False,8941467.0,7082846.3026031405,False,False,False,False,268011.9717071127,False,False,False,False
2025-02-25 17:00:00+00:00,75.305,76.795,75.195,76.005,332250.0,,,,,,,,,,,,,,,,,,,,,,,69.94520372489437,"rgba(239, 83, 80, 1.0)",0.0,0.0,3.579247929207744,70.08375448267341,1.6543267285307146,0.0,0.0,0.0,0.0,0.0,0.0,0.0,0.0,41.1138740492931,-1.9339670516101535,False,True,False,True,False,7.113744110166206,0,0.8693446754883423,0.8671707624448651,False,False,False,False,0.21564724619050443,0.24247066988373372,False,False,False,False,8609217.0,7106510.964578286,False,False,False,False,269007.9101302582,False,False,False,False
2025-02-26 17:00:00+00:00,77.26,77.52,76.27,76.47,337156.0,,,,,,,,,,,,,,,,,,,,,,,70.01163842923752,"rgba(239, 83, 80, 1.0)",0.0,0.0,3.5750986567372633,70.12366023114859,1.775150947762448,0.0,0.0,0.0,0.0,0.0,0.0,0.0,0.0,39.229862060033696,-3.5207402420170553,False,True,False,True,False,7.935050222029371,0,0.874233418247004,0.8684467088090077,False,False,False,False,0.2373095988550293,0.2398901343693815,False,False,False,False,8946373.0,7135035.957375522,False,False,False,False,270064.4696631224,False,False,False,False
2025-02-27 17:00:00+00:00,77.405,77.645,76.36,76.605,249584.0,,,,,,,,,,,,,,,,,,,,,,,70.06082511137883,"rgba(239, 83, 80, 1.0)",0.0,0.0,3.5711704430526003,70.15530913111964,1.8060439768221301,0.0,0.0,0.0,0.0,0.0,0.0,0.0,0.0,38.44498413240933,-4.3268734535313484,False,True,False,True,False,8.174558085806552,0,0.8721220440506642,0.8677232170711929,False,False,False,False,0.23991134283702478,0.23990073860320316,False,False,False,False,9195957.0,7166988.221602257,False,False,False,False,269746.9430016786,False,False,False,False
2025-02-28 17:00:00+00:00,77.835,78.42,76.89,78.325,300942.0,,,,,,,,,,,,,,,,,,,,,,,70.12784784249206,"rgba(239, 83, 80, 1.0)",0.0,0.0,3.590833446128768,70.20777041765173,2.2605419338230113,0.0,0.0,0.0,0.0,0.0,0.0,0.0,0.0,42.94872898958196,-4.3268734535313484,False,True,False,True,True,11.13955807311601,0,0.8765895415917122,0.8651448421313818,False,False,False,False,0.2557732962708857,0.24783701743704442,False,False,False,False,9496899.0,7203110.869329354,False,False,False,False,270230.58729622624,False,False,False,False
2025-03-03 17:00:00+00:00,78.435,78.85,76.32,77.07,338102.0,,,,,,,,,,,,,,,,,,,,,,,70.19735252766473,"rgba(239, 83, 80, 1.0)",0.0,0.0,3.5960811415450205,70.25924533687402,1.8939379827786098,0.0,0.0,0.0,0.0,0.0,0.0,0.0,0.0,43.11171612716439,-4.3268734535313484,False,True,False,True,True,8.384950513551626,0,0.8766862889379441,0.8605592347314206,False,False,False,False,0.25406571920512305,0.2509513683210837,False,False,False,False,9158797.0,7233431.584533549,False,False,False,False,271282.8572606258,False,False,False,False
2025-03-04 17:00:00+00:00,72.565,74.92,72.395,73.295,578208.0,,,,,,,,,,,,,,,,,,,,,,,70.2509594410837,"rgba(239, 83, 80, 1.0)",0.0,0.0,3.596960741595012,70.25264695533205,0.8458121350857079,0.0,0.0,0.0,0.0,0.0,0.0,0.0,0.0,38.0536188771038,-4.654598670546349,False,True,False,True,False,0.9319866920983166,0,0.8649095887113755,0.8722508048259475,False,False,False,False,0.16025311777739906,0.2056022430492414,False,False,False,False,8580589.0,7254317.746013649,False,False,False,False,276041.3866054223,False,False,False,False
2025-03-05 17:00:00+00:00,72.735,74.63,72.64,74.14,302712.0,,,,,,,,,,,,,,,,,,,,,,,70.28056634437104,"rgba(239, 83, 80, 1.0)",0.0,0.0,3.594352249027528,70.25546810728517,1.0807321107066827,0.0,0.0,0.0,0.0,0.0,0.0,0.0,0.0,36.6620896525466,-6.134496274485755,False,True,False,True,False,2.4138521138401465,0,0.8710292826212032,0.8711504103200804,False,False,False,False,0.15972514401895707,0.18266369353409923,False,False,False,False,8883301.0,7279573.300339018,False,False,False,False,276454.88448750874,False,False,False,False
2025-03-06 17:00:00+00:00,72.6,72.82,71.78,72.645,392509.0,,,,,,,,,,,,,,,,,,,,,,,70.30338598668318,"rgba(239, 83, 80, 1.0)",0.0,0.0,3.605488673755021,70.23965634409211,0.6671338821327604,0.0,0.0,0.0,0.0,0.0,0.0,0.0,0.0,34.142387624287096,-8.746920425642621,False,True,False,True,False,0.0,0,0.8570227838981774,0.8798967370095762,False,False,False,False,0.1285458565133885,0.15560477502374387,False,False,False,False,8490792.0,7298351.884829886,False,False,False,False,278254.1731001055,False,False,False,False
2025-03-07 17:00:00+00:00,68.66,71.4,68.66,71.035,341494.0,,,,,,,,,,,,,,,,,,,,,,,70.30395381644166,"rgba(239, 83, 80, 1.0)",0.0,0.0,3.6339591282711368,70.20138313565535,0.22939632365684953,0.0,0.0,0.0,0.0,0.0,0.0,0.0,0.0,31.047410731285773,-11.876169466000931,False,True,False,True,False,0.0,0,0.8450908017126821,0.8809685516019493,False,False,False,False,0.07606264580875556,0.11583371041624971,False,False,False,False,8149298.0,7311544.847855779,False,False,False,False,279234.635532662,False,False,False,False
2025-03-10 17:00:00+00:00,67.845,67.845,65.515,66.805,465083.0,,,,,,,,,,,,,,,,,,,,,,,70.25954906624301,"rgba(239, 83, 80, 1.0)",0.0,0.0,3.7485930129284197,70.15378429075264,-0.8933443239111588,0.0,0.0,0.0,0.0,0.0,0.0,0.0,0.0,26.48776559775507,-16.284841052595567,False,True,False,True,False,0.0,0,0.824467626519527,0.8831508463373283,False,False,False,False,-0.0007148439976312477,0.05755943320930923,False,False,False,False,7684215.0,7317322.679671968,False,False,False,False,282116.00552440365,False,False,False,False
2025-03-11 17:00:00+00:00,66.785,68.015,66.37,67.265,371137.0,,,,,,,,,,,,,,,,,,,,,,,70.22974447496124,"rgba(239, 83, 80, 1.0)",0.0,0.0,3.8384774430860333,70.09190253587624,-0.7364645429838684,0.0,0.0,0.0,0.0,0.0,0.0,0.0,0.0,24.427133920595416,-18.331882225986153,False,True,False,True,False,0.0,0,0.8435550632542409,0.8832857226141205,False,False,False,False,0.007685319094900494,0.032622376152104865,False,False,False,False,8055352.0,7328764.994715814,False,False,False,False,283496.17598138965,False,False,False,False
2025-03-12 17:00:00+00:00,69.0,69.49,68.825,68.945,163889.0,,,,,,,,,,,,,,,,,,,,,,,70.22482164362258,"rgba(239, 83, 80, 1.0)",0.0,0.0,3.885005942231028,70.0928612709206,-0.2954593346803023,0.0,0.0,0.0,0.0,0.0,0.0,0.0,0.0,26.438854988376015,-18.331882225986153,False,True,False,True,False,0.0,0,0.8416424840394656,0.8712420197330244,False,False,False,False,0.042845592526495474,0.03773398433930017,False,False,False,False,8219241.0,7342570.824255102,False,False,False,False,281641.8011599728,False,False,False,False
2025-03-13 17:00:00+00:00,68.83,69.01,68.31,68.47,188746.0,,,,,,,,,,,,,,,,,,,,,,,70.21678612056856,"rgba(239, 83, 80, 1.0)",0.0,0.0,3.9373366667109218,70.07918038477024,-0.40869768602096185,0.0,0.0,0.0,0.0,0.0,0.0,0.0,0.0,27.38442145677224,-18.331882225986153,False,True,False,True,True,0.0,0,0.8345700567437794,0.8790920995198606,False,False,False,False,0.03038591608551798,0.034059950212409075,False,False,False,False,8030495.0,7353236.315351922,False,False,False,False,280201.5561807484,False,False,False,False
2025-03-14 17:00:00+00:00,70.53,71.065,70.275,70.955,309633.0,,,,,,,,,,,,,,,,,,,,,,,70.22118899084361,"rgba(239, 83, 80, 1.0)",0.0,0.0,3.953457841042466,70.10264463833512,0.2155974329146062,0.0,0.0,0.0,0.0,0.0,0.0,0.0,0.0,32.4119794756649,-24.57683138993345,False,True,False,True,True,0.0,0,0.833996195746152,0.8753530462850887,False,False,False,False,0.07880562663418508,0.056432788423297076,False,False,False,False,8340128.0,7368536.961625535,False,False,False,False,280657.85763531044,False,False,False,False
2025-03-17 17:00:00+00:00,70.545,71.555,70.52,70.88,143544.0,,,,,,,,,,,,,,,,,,,,,,,70.2240223106056,"rgba(239, 83, 80, 1.0)",0.0,0.0,3.973512668650648,70.11088519980005,0.19356042482711522,0.0,0.0,0.0,0.0,0.0,0.0,0.0,0.0,35.6746001585109,-21.406066349958607,False,True,False,True,True,0.0,0,0.8369652945924126,0.8749567623659638,False,False,False,False,0.0876917978446213,0.07206229313395919,False,False,False,False,8196584.0,7381374.900204984,False,False,False,False,278532.0613929025,False,False,False,False
2025-03-18 17:00:00+00:00,70.76,71.215,70.39,71.12,113995.0,,,,,,,,,,,,,,,,,,,,,,,70.22603226630883,"rgba(239, 83, 80, 1.0)",0.0,0.0,3.9912655007273785,70.11522634240714,0.25174312693799783,0.0,0.0,0.0,0.0,0.0,0.0,0.0,0.0,38.276508262036494,-18.83991000788433,False,True,False,True,True,0.0,0,0.8348166400927666,0.8841571242209019,False,False,False,False,0.08200797989650825,0.07703513651523372,False,False,False,False,8310579.0,7395781.165318085,False,False,False,False,275981.09920076444,False,False,False,False
2025-03-19 17:00:00+00:00,72.34,73.83,72.07,72.795,270902.0,,,,,,,,,,,,,,,,,,,,,,,70.24455580137949,"rgba(239, 83, 80, 1.0)",0.0,0.0,3.992578552200917,70.15622645643677,0.6609196310260703,0.0,0.0,0.0,0.0,0.0,0.0,0.0,0.0,42.80258491278434,-14.50466541874328,False,True,False,True,True,0.7697073036401711,0,0.8401052993018194,0.8765880737095115,False,False,False,False,0.13419249401283656,0.10561381526403514,False,False,False,False,8581481.0,7414164.108491448,False,False,False,False,275902.35347672156,False,False,False,False
2025-03-20 17:00:00+00:00,72.51,72.715,72.29,72.51,144418.0,,,,,,,,,,,,,,,,,,,,,,,70.25287802745909,"rgba(239, 83, 80, 1.0)",0.0,0.0,3.997522365548733,70.17103840596765,0.5851028162318461,0.0,0.0,0.0,0.0,0.0,0.0,0.0,0.0,45.34325471363723,-12.047905104142927,False,True,False,True,True,0.30847191305185007,0,0.8442726593482378,0.8816598655095123,False,False,False,False,0.12326746947644909,0.11444064237024212,False,False,False,False,8437063.0,7430023.006034216,False,False,False,False,273863.8363685553,False,False,False,False
2025-03-21 17:00:00+00:00,72.6,72.775,72.32,72.515,202244.0,,,,,,,,,,,,,,,,,,,,,,,70.26459249474246,"rgba(239, 83, 80, 1.0)",0.0,0.0,4.002978307876851,70.1895175063951,0.5809380702935443,0.0,0.0,0.0,0.0,0.0,0.0,0.0,0.0,47.0460249524478,-10.273467567703825,False,True,False,False,True,0.3166105205160967,0,0.8464113589795383,0.879888026319587,False,False,False,False,0.12436470971113063,0.11940267604068638,False,False,False,False,8639307.0,7448771.595087949,False,False,False,False,272753.45130857767,False,False,False,False
2025-03-24 17:00:00+00:00,73.67,74.53,73.615,74.285,231126.0,,,,,,,,,,,,,,,,,,,,,,,70.2871968533754,"rgba(38, 166, 154, 1.0)",0.0,0.0,3.99850382153251,70.22860883226062,1.0144772516897786,0.0,0.0,0.0,0.0,0.0,0.0,0.0,0.0,51.12241580372132,-6.266069030269335,False,False,True,False,True,3.144835364370504,0,0.8521881086035051,0.8738973536487572,False,False,False,False,0.15397623520884077,0.1366894556247636,False,False,False,False,8870433.0,7470812.857179608,False,False,False,False,272108.0644665842,False,False,False,False
2025-03-25 17:00:00+00:00,74.26,74.555,73.91,74.255,205614.0,,,,,,,,,,,,,,,,,,,,,,,70.30758438822987,"rgba(38, 166, 154, 1.0)",0.0,0.0,3.989966586371324,70.76672630576347,0.8742613800705877,0.0,0.0,0.0,0.0,0.0,0.0,0.0,0.0,53.77314490894447,-3.6290285230658554,False,False,True,False,True,3.093687470471,0,0.851034803053612,0.8760268207018668,False,False,False,False,0.15808843666069297,0.1473889461427283,False,False,False,False,8664819.0,7489324.58032411,False,False,False,False,271077.1487384201,False,False,False,False
2025-03-26 17:00:00+00:00,73.84,73.935,73.11,73.44,247498.0,,,,,,,,,,,,,,,,,,,,,,,70.32725098918361,"rgba(38, 166, 154, 1.0)",0.0,0.0,3.979560851094859,70.76536070449202,0.6720940816301689,0.0,0.0,0.0,0.0,0.0,0.0,0.0,0.0,53.69455763276383,-3.4281482923167275,False,False,True,False,True,1.701991425123417,0,0.8471486850099814,0.8773254636460956,False,False,False,False,0.1398789853307757,0.143633965736752,False,False,False,False,8417321.0,7503712.121714433,False,False,False,False,270711.5805409252,False,False,False,False
2025-03-27 17:00:00+00:00,72.485,72.995,72.215,72.25,151252.0,,,,,,,,,,,,,,,,,,,,,,,70.33536287418791,"rgba(38, 166, 154, 1.0)",0.0,0.0,3.9661821533904793,70.75026285649938,0.3781311814482798,0.0,0.0,0.0,0.0,0.0,0.0,0.0,0.0,51.261082504110796,-3.4281482923167275,False,False,False,False,True,0.0,0,0.8423909904706899,0.8813745307536821,False,False,False,False,0.11648177392204301,0.1300578698293975,False,False,False,False,8266069.0,7515531.60819948,False,False,False,False,268859.4940209108,False,False,False,False
2025-03-28 17:00:00+00:00,70.3,70.84,69.97,70.695,197814.0,,,,,,,,,,,,,,,,,,,,,,,70.33617592024684,"rgba(38, 166, 154, 1.0)",0.0,0.0,3.9633917395433356,70.69234275155814,0.0006704480950842413,0.0,0.0,0.0,0.0,0.0,0.0,0.0,0.0,47.10286003705838,-3.4281482923167275,False,False,False,True,False,0.0,0,0.8429600298413242,0.8862299503601048,False,False,False,False,0.060844640534128386,0.09545125518176294,False,False,False,False,8068255.0,7524100.963111116,False,False,False,False,267758.01349345484,False,False,False,False
2025-03-31 17:00:00+00:00,71.345,72.075,71.015,71.79,155240.0,,,,,,,,,,,,,,,,,,,,,,,70.34110824227467,"rgba(38, 166, 154, 1.0)",0.0,0.0,3.9654248570987405,70.68024124932755,0.27985872653363,0.0,0.0,0.0,0.0,0.0,0.0,0.0,0.0,46.67662517347726,-3.4281482923167275,False,False,False,True,False,0.0,0,0.8503411069562979,0.8767162389746813,False,False,False,False,0.08960621571349195,0.09252873544762744,False,False,False,False,8223495.0,7534944.281512493,False,False,False,False,266013.5481679749,False,False,False,False
2025-04-01 17:00:00+00:00,71.18,71.34,70.28,71.3,178834.0,,,,,,,,,,,,,,,,,,,,,,,70.34387969028978,"rgba(38, 166, 154, 1.0)",0.0,0.0,3.9597178521288274,70.65828538112447,0.16206069291793762,0.0,0.0,0.0,0.0,0.0,0.0,0.0,0.0,45.55675553944556,1.9188194748043372,False,False,False,True,False,0.0,0,0.8477315985341323,0.8787818527882733,False,False,False,False,0.049047846006020995,0.07078829072682422,False,False,False,False,8044661.0,7542846.8662952455,False,False,False,False,264661.9272661458,False,False,False,False
2025-04-02 17:00:00+00:00,72.145,72.475,71.54,72.22,158131.0,,,,,,,,,,,,,,,,,,,,,,,70.35057675493604,"rgba(38, 166, 154, 1.0)",0.0,0.0,3.9124062582672816,70.65901001913154,0.39898463447397303,0.0,0.0,0.0,0.0,0.0,0.0,0.0,0.0,46.76750830652518,1.9188194748043372,False,False,False,True,False,0.0,0,0.8508827058218588,0.875478489401817,False,False,False,False,0.08019011192684197,0.0754892013268331,False,False,False,False,8202792.0,7553078.573794544,False,False,False,False,263010.2849829498,False,False,False,False
2025-04-03 17:00:00+00:00,66.81,67.2,65.405,65.61,347626.0,,,,,,,,,,,,,,,,,,,,,,,70.31456209188453,"rgba(239, 83, 80, 1.0)",0.0,0.0,3.9925847224279454,70.49099680150381,-1.2225155233614207,0.0,0.0,0.0,0.0,0.0,0.0,0.0,0.0,40.10231662897866,-3.648958587594052,False,True,False,True,False,0.0,0,0.8415857962064398,0.882057785619762,False,False,False,False,-0.08371417624347915,-0.00411248745832303,False,False,False,False,7855166.0,7557762.099782225,False,False,False,False,264322.1565336017,False,False,False,False
2025-04-04 17:00:00+00:00,61.085,61.775,60.44,60.92,377843.0,,,,,,,,,,,,,,,,,,,,,,,70.23052916217257,"rgba(239, 83, 80, 1.0)",0.0,0.0,4.261388665723843,70.20911582037762,-2.1798330424760164,0.0,0.0,0.0,0.0,0.0,0.0,0.0,0.0,33.278454833225155,-9.902769947436738,False,True,False,True,False,0.0,0,0.8352368923167877,0.896105990164199,False,False,False,False,-0.23242429289412583,-0.11826839017622442,False,False,False,False,7477323.0,7556514.981956144,True,False,False,False,266082.1696106001,True,False,False,False
2025-04-07 17:00:00+00:00,60.665,62.975,60.59,62.14,372446.0,,,,,,,,,,,,,,,,,,,,,,,70.15676179170187,"rgba(239, 83, 80, 1.0)",0.0,0.0,4.45541231446554,69.99976876830802,-1.7640945918269864,0.0,0.0,0.0,0.0,0.0,0.0,0.0,0.0,30.669012682818785,-12.159186612593068,False,True,False,True,False,0.0,0,0.8380607737746789,0.8911446969293815,False,False,False,False,-0.2178375734004003,-0.16805298178831235,False,False,False,False,7849769.0,7561061.555879304,False,False,False,False,267731.22124454426,False,False,False,False
2025-04-08 17:00:00+00:00,63.045,63.82,60.89,62.085,326806.0,,,,,,,,,,,,,,,,,,,,,,,70.0959038570482,"rgba(239, 83, 80, 1.0)",0.0,0.0,4.660182315770008,69.84653265727059,-1.6654997876382733,0.0,0.0,0.0,0.0,0.0,0.0,0.0,0.0,28.89834469594699,-13.813723518401183,False,True,False,True,False,0.0,0,0.840406533956615,0.8890435422028471,False,False,False,False,-0.2973593038335088,-0.23270614281091057,False,False,False,False,7522963.0,7560470.880594353,False,False,False,False,268647.1092872645,False,False,False,False
2025-04-09 17:00:00+00:00,60.125,67.2,59.45,66.3,462034.0,,,,,,,,,,,,,,,,,,,,,,64.31666666666666,70.03357511054945,"rgba(239, 83, 80, 1.0)",0.0,0.0,4.737055965071082,69.56969950803003,-0.6902387331159525,1.0,67.2,59.45,0.0,0.0,0.0,0.0,0.0,33.68454526061152,-13.813723518401183,False,True,False,True,True,0.0,0,0.8347477241166483,0.8773080285964102,True,False,False,False,-0.26282088377591795,-0.24776351329341426,False,False,False,False,7984997.0,7567052.680895216,False,False,False,False,271645.3556549038,False,False,False,False
2025-04-10 17:00:00+00:00,62.5,63.7,61.475,63.025,367071.0,,,,,,,,,,,,,,,,,,,,,,63.61567493461826,69.9715559407028,"rgba(239, 83, 80, 1.0)",0.0,0.0,4.896995251732925,69.3964984761221,-1.3011036663487454,0.0,0.0,0.0,0.0,0.0,0.0,0.0,0.0,34.37664017240371,-13.813723518401183,False,True,False,True,True,0.0,0,0.8341146955221609,0.8903981145941565,False,False,False,False,-0.2890206286954008,-0.26839207099440754,False,False,False,False,7617926.0,7567841.414524748,False,False,False,False,273124.8230090913,False,False,False,False
2025-04-11 17:00:00+00:00,61.865,63.6,61.825,62.47,442423.0,,,,,,,,,,,,,,,,,,,,,,63.27329325687939,69.89716132340459,"rgba(239, 83, 80, 1.0)",0.0,0.0,5.061856123440664,69.23010515575675,-1.3354992696160917,0.0,0.0,0.0,0.0,0.0,0.0,0.0,0.0,34.45680888349082,-13.813723518401183,False,True,False,True,True,0.0,0,0.8357748260594557,0.8981657179000634,False,False,False,False,-0.2845536513187486,-0.2764728611565781,False,False,False,False,7175503.0,7561758.648408084,False,False,False,False,275749.60094693484,False,False,False,False
2025-04-14 17:00:00+00:00,62.97,64.015,62.945,63.115,290362.0,,,,,,,,,,,,,,,,,,,,,,63.28910256910965,69.85395228230605,"rgba(239, 83, 80, 1.0)",0.0,0.0,5.195386932498648,69.15271710542191,-1.1621304021947325,0.0,0.0,0.0,0.0,0.0,0.0,0.0,0.0,35.38497696393255,-13.813723518401183,False,True,False,True,True,0.0,0,0.8392825609848387,0.8987159758835552,False,False,False,False,-0.25736017606677436,-0.2669165186116762,False,False,False,False,7465865.0,7560271.92517695,False,False,False,False,275976.14976946294,False,False,False,False
2025-04-15 17:00:00+00:00,64.895,65.075,64.51,64.535,174986.0,,,,,,,,,,,,,,,,,,,,,,63.431918677556716,69.8335353525726,"rgba(239, 83, 80, 1.0)",0.0,0.0,5.2873075966526635,69.12744822945142,-0.8685797346760853,0.0,0.0,0.0,0.0,0.0,0.0,0.0,0.0,37.8952435581637,-18.570071605853723,False,True,False,True,True,0.0,0,0.8401486055676882,0.8945201696914931,False,False,False,False,-0.2116833022973258,-0.239299910454501,False,False,False,False,7640851.0,7561521.2131587025,False,False,False,False,274410.4110133473,False,False,False,False
2025-04-16 17:00:00+00:00,64.665,64.865,63.365,63.965,213413.0,,,,,,,,,,,,,,,,,,,,,,63.50119445374506,69.80576384755962,"rgba(239, 83, 80, 1.0)",0.0,0.0,5.389779306518248,69.08484882574064,-0.9499180828329707,0.0,0.0,0.0,0.0,0.0,0.0,0.0,0.0,39.00757032895683,-17.131877600615844,False,False,False,True,True,0.0,0,0.8354588335121914,0.8958546507274954,False,False,False,False,-0.23514115749512146,-0.23722053397481124,False,False,False,False,7427438.0,7559442.403652365,False,False,False,False,273464.7147185667,False,False,False,False
2025-04-17 17:00:00+00:00,65.465,65.75,64.575,64.705,241194.0,,,,,,,,,,,,,,,,,,,,,,63.667253166006766,69.77981125904292,"rgba(239, 83, 80, 1.0)",0.0,0.0,5.471441064685215,69.05421325126186,-0.7948935572628851,0.0,0.0,0.0,0.0,0.0,0.0,0.0,0.0,40.810672502822904,-15.054952696908835,False,False,False,True,True,0.0,0,0.8414761172560884,0.8879767868657312,False,False,False,False,-0.19897018463131413,-0.21809535930306267,False,False,False,False,7668632.0,7561135.265611243,False,False,False,False,272964.3935601393,False,False,False,False
2025-04-18 17:00:00+00:00,64.705,64.705,64.705,64.705,0.0,,,,,,,,,,,,,,,,,,,,,,63.667253166006766,69.77981125904292,"rgba(239, 83, 80, 1.0)",0.0,0.0,5.558225237680833,69.05421325126186,-0.7824823689722522,0.0,0.0,0.0,0.0,0.0,0.0,0.0,0.0,42.012740618733616,-13.563219837501727,False,False,False,True,True,0.0,0,0.8410042884212624,0.8966041687443905,False,False,False,False,-0.21469951886470132,-0.21639743908388198,False,False,False,False,7668632.0,7562801.881648278,False,False,False,False,268732.3874584317,False,False,False,False
2025-04-21 17:00:00+00:00,63.975,64.065,63.4,63.995,236642.0,,,,,,,,,,,,,,,,,,,,,,63.682139679794076,69.7483351553806,"rgba(239, 83, 80, 1.0)",0.0,0.0,5.659939337687788,69.00363280919049,-0.8849269418559941,0.0,0.0,0.0,0.0,1.0,65.22,64.705,0.0,41.89999809687002,-13.278812757464571,True,False,False,True,True,0.0,0,0.8426711800283743,0.8957114767155341,False,False,False,False,-0.24849640729969638,-0.23244692319178917,False,False,False,False,7431990.0,7560773.790459933,False,False,False,False,268234.8620714793,False,False,False,False
2025-04-22 17:00:00+00:00,65.99,66.475,65.22,66.225,251910.0,,,,,,,,,,,,,,,,,,,,,,63.897500521448414,69.72723020290684,"rgba(239, 83, 80, 1.0)",0.0,0.0,5.71452886221747,68.98742720353442,-0.4834041913408929,0.0,0.0,0.0,0.0,1.0,67.69,64.065,0.0,45.30667551209409,-9.751474904373048,True,False,False,True,True,0.0,0,0.8433407462317765,0.893896713615024,False,False,False,False,-0.17559710074375914,-0.20402201196777414,False,False,False,False,7683900.0,7562682.723941174,False,False,False,False,267981.7634347122,False,False,False,False
2025-04-23 17:00:00+00:00,68.435,68.635,67.69,67.905,211653.0,,,,,,,,,,,,,,,,,,,,,,64.20338865742086,69.71951329611473,"rgba(38, 166, 154, 1.0)",0.0,0.0,5.743874938254287,69.00094480265419,-0.1908023441379582,0.0,0.0,0.0,0.0,0.0,0.0,0.0,0.0,49.68103826850279,-5.534999726711362,True,False,False,False,True,0.0,0,0.8547464079577549,0.8879528429325805,False,False,False,False,-0.09784475153659253,-0.15093338175218335,False,False,False,False,7895553.0,7567843.503414955,False,False,False,False,267108.4492729337,False,False,False,False
2025-04-24 17:00:00+00:00,69.56,69.86,69.195,69.51,221422.0,,,,,,,,,,,,,,,,,,,,,,64.58165468507912,69.71855031670562,"rgba(38, 166, 154, 1.0)",0.0,0.0,5.756254258638118,69.03173253052114,0.08308657817905692,0.0,0.0,0.0,0.0,0.0,0.0,0.0,0.0,54.316410371391726,-1.2555713647008417,True,False,True,False,True,0.0,0,0.8549681840430736,0.8847772883015176,False,False,False,False,-0.052604636841639255,-0.1017690092969113,False,False,False,False,8116975.0,7576357.170028676,False,False,False,False,266400.1322299425,False,False,False,False
2025-04-25 17:00:00+00:00,69.815,70.195,69.27,69.715,220839.0,,,,,,,,,,,,,,,,,,,,,,64.92245752909437,69.71858952707524,"rgba(38, 166, 154, 1.0)",0.0,0.0,5.7583336929113695,69.06129326381914,0.11352359398441811,0.0,0.0,0.0,0.0,0.0,0.0,0.0,0.0,57.619246211668695,1.7120561668299459,True,False,True,False,True,0.0,0,0.8563786912874622,0.8834664517232117,False,False,False,False,-0.045833366539429564,-0.07380118791817043,False,False,False,False,8337814.0,7588162.702276294,False,False,False,False,265693.7580868426,False,False,False,False
2025-04-28 17:00:00+00:00,69.105,69.585,68.795,69.43,205879.0,,,,,,,,,,,,,,,,,,,,,,65.17531379679087,69.71657824025476,"rgba(38, 166, 154, 1.0)",0.0,0.0,5.766613815047031,69.08040710598152,0.06062360082207693,0.0,0.0,0.0,0.0,0.0,0.0,0.0,0.0,59.250323708980304,3.201780198606386,True,False,True,False,True,0.0,0,0.8534058218343165,0.8863913403871474,False,False,False,False,-0.0637632607784909,-0.06878222434833067,False,False,False,False,8131935.0,7596593.280535576,False,False,False,False,264766.39749634895,False,False,False,False
2025-04-29 17:00:00+00:00,70.86,71.335,70.785,71.06,236096.0,,,,,,,,,,,,,,,,,,,,,,65.543263700929,69.72345029437808,"rgba(38, 166, 154, 1.0)",0.0,0.0,5.767025321086551,69.12328810698975,0.33582510656384,0.0,0.0,0.0,0.0,1.0,70.335,69.585,0.0,62.16753197354817,5.978743159189918,True,False,True,False,True,1.1540810180792462,0,0.859966093485105,0.8817873577137324,False,False,False,False,-0.002059415432375377,-0.03542081989035303,False,False,False,False,8368031.0,7608553.555255955,False,False,False,False,264321.89520958386,False,False,False,False
2025-04-30 17:00:00+00:00,70.595,71.41,70.335,71.025,224376.0,,,,,,,,,,,,,,,,,,,,,,65.84503069436458,69.72925519397823,"rgba(38, 166, 154, 1.0)",0.0,0.0,5.761832413891014,69.15885923648501,0.3238797364213463,0.0,0.0,0.0,0.0,1.0,71.785,71.335,0.0,64.03243814114839,7.814953268054467,True,False,True,False,True,1.1065161780577242,0,0.8594791767320511,0.8811720939221184,False,False,False,False,-0.00823783148091815,-0.021829325685635587,False,False,False,False,8143655.0,7616849.701686095,False,False,False,False,263702.5790047841,False,False,False,False
2025-05-01 17:00:00+00:00,72.045,72.595,71.785,71.795,446181.0,,,,,,,,,,,,,,,,,,,,,,66.46850296035599,69.75144821562009,"rgba(38, 166, 154, 1.0)",0.0,0.0,5.752744795720046,69.2475487065615,0.44282362313964696,0.0,0.0,0.0,0.0,0.0,0.0,0.0,0.0,66.13796473465965,9.940261119547529,True,False,True,False,True,2.1282752734345323,0,0.8665410810027528,0.8731101772689951,False,False,False,False,0.0351892536375424,0.0066799639759534055,False,False,False,False,8589836.0,7631934.760574683,False,False,False,False,266531.7018109115,False,False,False,False
2025-05-02 17:00:00+00:00,73.96,74.345,73.72,73.765,347489.0,,,,,,,,,,,,,,,,,,,,,,67.0103130533427,69.78232703868885,"rgba(38, 166, 154, 1.0)",0.0,0.0,5.7319623858493856,69.3412931199995,0.7717613239963668,0.0,0.0,0.0,0.0,0.0,0.0,0.0,0.0,69.39602427179705,13.133082852684026,True,False,True,False,True,4.66719930744479,0,0.8656859227365143,0.8689869632819042,False,False,False,False,0.09618166461401201,0.05143081429498271,False,False,False,False,8937325.0,7652173.368937866,False,False,False,False,267786.8537208198,False,False,False,False
2025-05-05 17:00:00+00:00,74.86,74.885,73.82,73.84,239437.0,,,,,,,,,,,,,,,,,,,,,,67.35145125160751,69.80454428641707,"rgba(38, 166, 154, 1.0)",0.0,0.0,5.710902303236898,69.40404870377192,0.7767513889554403,0.0,0.0,0.0,0.0,0.0,0.0,0.0,0.0,71.63207108376946,15.354290445663139,True,False,True,False,True,4.762266377530199,0,0.8580791467304622,0.8720843301435408,False,False,False,False,0.10683496623915527,0.07913289026706899,False,False,False,False,9176762.0,7675810.401977589,False,False,False,False,267347.32110499317,False,False,False,False
2025-05-06 17:00:00+00:00,73.845,74.105,73.38,73.435,209968.0,,,,,,,,,,,,,,,,,,,,,,67.60327264595799,69.82145502306305,"rgba(38, 166, 154, 1.0)",0.0,0.0,5.6803088808603865,69.45088041771271,0.7013913619577364,0.0,0.0,0.0,0.0,0.0,0.0,0.0,0.0,71.95098870599132,15.882930431031369,True,False,True,False,True,4.172588646799873,0,0.864825398423928,0.8693572345728748,False,False,False,False,0.0865459388394384,0.08283941455325369,False,False,False,False,8966794.0,7695825.651559331,False,False,False,False,266457.71922739636,False,False,False,False
2025-05-07 17:00:00+00:00,74.215,74.22,72.975,73.14,243198.0,,,,,,,,,,,,,,,,,,,,,,67.86221322854904,69.83986587427458,"rgba(38, 166, 154, 1.0)",0.0,0.0,5.653181052204892,69.50023872127471,0.6438430407789052,0.0,0.0,0.0,0.0,0.0,0.0,0.0,0.0,71.28114665743307,15.882930431031369,True,False,True,False,True,3.739922276624913,0,0.8644361336311838,0.8664943149017346,False,False,False,False,0.08173419171648474,0.08228680313486922,False,False,False,False,8723596.0,7711760.075566163,False,False,False,False,266097.1034254212,False,False,False,False
2025-05-08 17:00:00+00:00,73.7,73.815,73.16,73.31,211096.0,,,,,,,,,,,,,,,,,,,,,,68.06843540285217,69.85562231450245,"rgba(38, 166, 154, 1.0)",0.0,0.0,5.626458158949893,69.54087888864832,0.669892320332324,0.0,0.0,0.0,0.0,0.0,0.0,0.0,0.0,71.06601574112689,15.882930431031369,True,False,True,False,True,3.9681834504197724,0,0.8608852525663176,0.8712267506860455,False,False,False,False,0.07808643008405784,0.08018661660946352,False,False,False,False,8934692.0,7730720.260441106,False,False,False,False,265244.3731397558,False,False,False,False
2025-05-09 17:00:00+00:00,72.25,72.72,72.205,72.43,173925.0,,,,,,,,,,,,,,,,,,,,,,68.19827297294965,69.86498013915426,"rgba(38, 166, 154, 1.0)",0.0,0.0,5.601185564657641,69.56545824950489,0.5114170415223888,0.0,0.0,0.0,0.0,0.0,0.0,0.0,0.0,68.13098659044906,15.882930431031369,True,False,True,False,False,2.654293763023926,0,0.8590413390819173,0.8725843266548317,False,False,False,False,0.04418249449051758,0.062184555549990556,False,False,False,False,8760767.0,7746689.977333492,False,False,False,False,263828.5689050309,False,False,False,False
2025-05-12 17:00:00+00:00,74.645,74.945,74.625,74.895,203956.0,,,,,,,,,,,,,,,,,,,,,,68.42062006649604,69.88584410235902,"rgba(38, 166, 154, 1.0)",0.0,0.0,5.572768699037524,69.61445472352273,0.9475622552555026,0.0,0.0,0.0,0.0,0.0,0.0,0.0,0.0,69.59597883325803,15.882930431031369,True,False,True,False,False,5.938648114561975,0,0.8586753966255349,0.8750440695039035,False,False,False,False,0.12127251804917337,0.09172853679958196,False,False,False,False,8964723.0,7765574.21024305,False,False,False,False,262900.31202278234,False,False,False,False
2025-05-13 17:00:00+00:00,76.11,76.305,75.91,75.97,168762.0,,,,,,,,,,,,,,,,,,,,,,68.62713093692308,69.9072793426671,"rgba(38, 166, 154, 1.0)",0.0,0.0,5.550902335543127,69.66271351422263,1.1362632783846722,0.0,0.0,0.0,0.0,0.0,0.0,0.0,0.0,71.6508736792124,16.764342000378576,True,False,True,False,True,7.306224053879447,0,0.8610853257733508,0.8707192854813218,False,False,False,False,0.16576027661894813,0.12874440670926504,False,False,False,False,9133485.0,7786782.129464088,False,False,False,False,261440.80330925083,False,False,False,False
2025-05-14 17:00:00+00:00,76.04,76.4,75.835,76.195,195969.0,,,,,,,,,,,,,,,,,,,,,,68.85583876309124,69.93231213354444,"rgba(38, 166, 154, 1.0)",0.0,0.0,5.5255751011272665,70.27928048955849,1.0706070231919653,0.0,0.0,0.0,0.0,0.0,0.0,0.0,0.0,73.23875593571233,18.457397590330885,True,False,True,False,True,7.591312897670072,0,0.8586668684270256,0.8775819020957861,False,False,False,False,0.1660989380892125,0.14742167239923876,False,False,False,False,9329454.0,7810699.52280573,False,False,False,False,260425.73659127794,False,False,False,False
2025-05-15 17:00:00+00:00,75.37,75.965,75.34,75.655,239715.0,,,,,,,,,,,,,,,,,,,,,,69.09977025809596,69.96026674768952,"rgba(38, 166, 154, 1.0)",0.0,0.0,5.488296760683841,70.320303326441,0.9720131593056006,0.0,0.0,0.0,0.0,0.0,0.0,0.0,0.0,72.56813093424572,18.457397590330885,True,False,True,False,True,6.748182485593119,0,0.8521888152423196,0.879256029637844,False,False,False,False,0.15038972592133037,0.14890569916028457,False,False,False,False,9089739.0,7830529.592219595,False,False,False,False,260104.63989994026,False,False,False,False
2025-05-16 17:00:00+00:00,76.08,76.345,76.045,76.215,175122.0,,,,,,,,,,,,,,,,,,,,,,69.28119650092091,69.98246710353519,"rgba(38, 166, 154, 1.0)",0.0,0.0,5.45505592988721,70.37089948565541,1.071318166020238,0.0,0.0,0.0,0.0,0.0,0.0,0.0,0.0,72.82493517813985,18.51555516950924,True,False,True,False,True,7.477600431350957,0,0.8558858381867231,0.8742404760103878,False,False,False,False,0.16872485113146835,0.15881527514587646,False,False,False,False,9264861.0,7852767.288464252,False,False,False,False,258787.07959141405,False,False,False,False
2025-05-19 17:00:00+00:00,76.13,76.19,75.725,76.005,145510.0,,,,,,,,,,,,,,,,,,,,,,69.42029442620482,70.00012089603642,"rgba(38, 166, 154, 1.0)",0.0,0.0,5.429372056502238,70.4058525347346,1.0312698056048355,0.0,0.0,0.0,0.0,0.0,0.0,0.0,0.0,72.26197922180413,18.51555516950924,True,False,True,False,True,7.14168417765795,0,0.8568178946038164,0.87261468469607,False,False,False,False,0.16068482853667532,0.1597500518412759,False,False,False,False,9119351.0,7872404.245232248,False,False,False,False,257030.8457992991,False,False,False,False
2025-05-20 17:00:00+00:00,75.44,75.545,75.07,75.41,193536.0,,,,,,,,,,,,,,,,,,,,,,69.57959002996503,70.02097470696675,"rgba(38, 166, 154, 1.0)",0.0,0.0,5.377495420732537,70.43823583288224,0.9245501442826867,0.0,0.0,0.0,0.0,0.0,0.0,0.0,0.0,69.81512314213859,18.51555516950924,True,False,True,False,False,6.185709939417368,0,0.8477546549835704,0.8796709034870988,False,False,False,False,0.13878234665498757,0.14926619924813173,False,False,False,False,8925815.0,7888736.194918569,False,False,False,False,256046.42958535647,False,False,False,False
2025-05-21 17:00:00+00:00,74.465,74.52,73.145,73.16,242665.0,,,,,,,,,,,,,,,,,,,,,,69.71104861180305,70.03844973631945,"rgba(38, 166, 154, 1.0)",0.0,0.0,5.302060976978954,70.44250955811142,0.5125347395451801,0.0,0.0,0.0,0.0,0.0,0.0,0.0,0.0,62.320267450724685,16.754933259285394,True,False,True,False,False,2.6965275477645996,0,0.8395227479987838,0.8812189684871825,False,False,False,False,0.08953453835979658,0.11940036880396415,False,False,False,False,8683150.0,7901052.6880206065,False,False,False,False,255838.9655607773,False,False,False,False
2025-05-22 17:00:00+00:00,73.225,73.89,73.135,73.375,137459.0,,,,,,,,,,,,,,,,,,,,,,69.77920597553197,70.04788340731473,"rgba(38, 166, 154, 1.0)",0.0,0.0,5.193946794712642,70.44733758015653,0.5636681574835898,0.0,0.0,0.0,0.0,0.0,0.0,0.0,0.0,57.82060458575364,12.864432284112077,True,False,True,False,False,2.998256481771893,0,0.8337568611506402,0.8906027647895917,False,False,False,False,0.0789152812685708,0.09915782503626747,False,False,False,False,8820609.0,7915309.375028038,False,False,False,False,254003.6172575094,False,False,False,False
2025-05-23 17:00:00+00:00,72.72,73.19,72.685,72.835,117782.0,,,,,,,,,,,,,,,,,,,,,,69.82704302959628,70.05460032340551,"rgba(38, 166, 154, 1.0)",0.0,0.0,5.097901447769522,70.7682109399421,0.40541957925886923,0.0,0.0,0.0,0.0,0.0,0.0,0.0,0.0,53.615735725065605,9.268160811029048,False,False,False,False,False,2.1728806669117695,0,0.826616706176238,0.8994927480818742,False,False,False,False,0.05987674483735996,0.07951728493681372,False,False,False,False,8702827.0,7927518.950608999,False,False,False,False,251891.65419925345,False,False,False,False
2025-05-26 17:00:00+00:00,72.835,72.835,72.835,72.835,0.0,,,,,,,,,,,,,,,,,,,,,,69.82704302959628,70.05460032340551,"rgba(38, 166, 154, 1.0)",0.0,0.0,5.031507831958773,70.7682109399421,0.41076932185819454,0.0,0.0,0.0,0.0,0.0,0.0,0.0,0.0,50.812489817940246,6.908644819244898,False,False,False,False,False,2.1728806669117695,0,0.8309772587584509,0.8968192993239094,False,False,False,False,0.056487861664702654,0.06800257330075818,False,False,False,False,8702827.0,7939539.230444518,False,False,False,False,247986.35723492393,False,False,False,False
2025-05-27 17:00:00+00:00,73.49,74.09,73.435,73.985,186807.0,,,,,,,,,,,,,,,,,,,,,,69.92211060874116,70.06865825608686,"rgba(38, 166, 154, 1.0)",0.0,0.0,4.956671478335392,70.81959840205693,0.6386143628397412,0.0,0.0,0.0,0.0,0.0,0.0,0.0,0.0,51.98258718200922,6.908644819244898,False,False,False,False,False,3.8425826025197907,0,0.8280872286826635,0.8939158757220288,False,False,False,False,0.08720993694085212,0.07760625512080516,False,False,False,False,8889634.0,7954269.381910494,False,False,False,False,247037.840068491,False,False,False,False
2025-05-28 17:00:00+00:00,73.765,74.05,73.565,73.67,157947.0,,,,,,,,,,,,,,,,,,,,,,69.99756906853587,70.08022811619036,"rgba(38, 166, 154, 1.0)",0.0,0.0,4.886400322129525,70.8389080068564,0.5793819184895996,0.0,0.0,0.0,0.0,0.0,0.0,0.0,0.0,51.87953185382469,6.908644819244898,False,False,False,False,False,3.3405647580942315,0,0.8335374878783235,0.8938141172867864,False,False,False,False,0.08870421407132797,0.08315523459606657,False,False,False,False,8731687.0,7966322.368237463,False,False,False,False,245656.5867340958,False,False,False,False
2025-05-29 17:00:00+00:00,73.9,74.835,73.74,74.525,206714.0,,,,,,,,,,,,,,,,,,,,,,70.10712805169335,70.0977316550761,"rgba(38, 166, 154, 1.0)",0.0,0.0,4.827458578209008,70.88068763116961,0.7549132343218244,0.0,0.0,0.0,0.0,0.0,0.0,0.0,0.0,53.898875668016125,6.908644819244898,False,False,True,False,True,4.582414152782281,0,0.8373875715453798,0.8843008994276371,False,False,False,False,0.10466913601713251,0.09391218530659953,False,False,False,False,8938401.0,7981393.354776416,False,False,False,False,245052.82569945863,False,False,False,False
2025-05-30 17:00:00+00:00,74.075,74.815,74.03,74.705,108112.0,,,,,,,,,,,,,,,,,,,,,,70.16420947138191,70.1071489108925,"rgba(38, 166, 154, 1.0)",0.0,0.0,4.743785064559539,70.9015313300887,0.8017793003158438,0.0,0.0,0.0,0.0,0.0,0.0,0.0,0.0,55.66271928810387,6.908644819244898,False,False,True,False,True,4.843596116692929,0,0.8442782501792846,0.883285524024178,False,False,False,False,0.10916851656207775,0.10154035093433864,False,False,False,False,9046513.0,7997906.837648099,False,False,False,False,242929.71212272282,False,False,False,False
2025-06-02 17:00:00+00:00,74.035,74.75,74.03,74.75,168293.0,,,,,,,,,,,,,,,,,,,,,,70.25005114020912,70.12170667084365,"rgba(38, 166, 154, 1.0)",0.0,0.0,4.657941371445033,70.93075719447654,0.8199422236048057,0.0,0.0,0.0,0.0,0.0,0.0,0.0,0.0,56.95162399119849,1.3152810416856724,False,False,True,False,True,4.9099142930439825,0,0.8473025419590303,0.8790963065772229,False,False,False,False,0.1080849367313278,0.10481264383283322,False,False,False,False,9214806.0,8016773.491327974,False,False,False,False,241772.55379523875,False,False,False,False
2025-06-03 17:00:00+00:00,75.705,75.83,75.5,75.65,228441.0,,,,,,,,,,,,,,,,,,,,,,70.3913177018369,70.14645236767038,"rgba(38, 166, 154, 1.0)",0.0,0.0,4.56027692773773,70.99640057961588,1.020464216126605,0.0,0.0,0.0,0.0,0.0,0.0,0.0,0.0,59.935366576645926,4.3532952913287275,True,False,True,False,True,6.236475533551939,0,0.8488554728738057,0.8826634395035666,False,False,False,False,0.1508110206226382,0.1278118322277357,False,False,False,False,9443247.0,8038889.359679478,False,False,False,False,241565.86303872342,False,False,False,False
2025-06-04 17:00:00+00:00,76.285,76.385,75.38,75.39,514595.0,,,,,,,,,,,,,,,,,,,,,,70.6872544203472,70.20197470446116,"rgba(38, 166, 154, 1.0)",0.0,0.0,4.465043548711626,71.1201145105978,0.9562920143599184,0.0,0.0,0.0,0.0,0.0,0.0,0.0,0.0,60.854927851012235,5.43891715475629,True,False,True,False,True,5.785751986268149,0,0.8483391608391606,0.8810674619498152,False,False,False,False,0.1581501950829787,0.1429810136553572,False,False,False,False,8928652.0,8052684.12929685,False,False,False,False,245798.87291409203,False,False,False,False
2025-06-05 17:00:00+00:00,74.315,75.095,74.305,74.915,213731.0,,,,,,,,,,,,,,,,,,,,,,70.77937135901243,70.22080950677132,"rgba(38, 166, 154, 1.0)",0.0,0.0,4.40350593533402,71.14757290137408,0.8555517249098834,0.0,0.0,0.0,0.0,0.0,0.0,0.0,0.0,59.56691021733859,5.43891715475629,True,False,True,False,True,4.958725867402851,0,0.8524683233981056,0.8848803901834795,False,False,False,False,0.11843129240906974,0.13070615303221347,False,False,False,False,8714921.0,8062951.367602325,False,False,False,False,245301.69658984253,False,False,False,False
2025-06-06 17:00:00+00:00,76.01,76.43,75.83,76.31,152190.0,,,,,,,,,,,,,,,,,,,,,,70.8648892865921,70.23827719516653,"rgba(38, 166, 154, 1.0)",0.0,0.0,4.383148954434035,71.18438438861583,1.169391153407884,0.0,0.0,0.0,0.0,0.0,0.0,0.0,0.0,62.02132957834769,6.887105280212388,True,False,True,False,True,7.04355108943113,0,0.8585853382102929,0.8767709030961828,False,False,False,False,0.1665223180340154,0.14861423553311442,False,False,False,False,8867111.0,8075418.958802288,False,False,False,False,243858.10439465113,False,False,False,False
2025-06-09 17:00:00+00:00,76.14,76.67,76.125,76.42,200770.0,,,,,,,,,,,,,,,,,,,,,,70.9780454788072,70.26199168588572,"rgba(38, 166, 154, 1.0)",0.0,0.0,4.369687336001722,71.7517466412759,1.0683266329520884,0.0,0.0,0.0,0.0,0.0,0.0,0.0,0.0,63.87905287825633,8.820533354304267,True,False,True,False,True,7.205918847985711,0,0.8612584315946655,0.8708356933216624,False,False,False,False,0.17559709734605228,0.16210566643958335,False,False,False,False,9067881.0,8090805.96719295,False,False,False,False,243190.07176837747,False,False,False,False
2025-06-10 17:00:00+00:00,75.475,75.545,75.13,75.47,224697.0,,,,,,,,,,,,,,,,,,,,,,71.07645848382765,70.2839316084573,"rgba(38, 166, 154, 1.0)",0.0,0.0,4.362501477838553,71.75146542939075,0.852385859236806,0.0,0.0,0.0,0.0,0.0,0.0,0.0,0.0,61.438001672259404,8.820533354304267,True,False,True,False,False,5.510693143472462,0,0.8620716230796897,0.8702409700457282,False,False,False,False,0.13979016618479762,0.15094791631219048,False,False,False,False,8843184.0,8102470.742895385,False,False,False,False,242903.35747739486,False,False,False,False
2025-06-11 17:00:00+00:00,75.085,75.47,74.8,74.955,225398.0,,,,,,,,,,,,,,,,,,,,,,71.16413201144839,70.30443921222903,"rgba(38, 166, 154, 1.0)",0.0,0.0,4.342141657197585,71.76194344472242,0.7353644370364405,0.0,0.0,0.0,0.0,0.0,0.0,0.0,0.0,58.103126852024126,13.282094331704585,False,False,True,False,False,4.602643733443774,0,0.8626966985498302,0.8665278206314928,False,False,False,False,0.13299275273713682,0.14197033452466365,False,False,False,False,8617786.0,8110460.126726464,False,False,False,False,242631.95658627246,False,False,False,False
2025-06-12 17:00:00+00:00,73.565,74.005,73.46,74.0,191088.0,,,,,,,,,,,,,,,,,,,,,,71.2126307328225,70.31715646293776,"rgba(38, 166, 154, 1.0)",0.0,0.0,4.310034015668047,71.74368633911628,0.5235025182356932,0.0,0.0,0.0,0.0,0.0,0.0,0.0,0.0,53.15520915188541,8.703175892193514,False,True,False,False,False,2.9392982136401287,0,0.8572054540299507,0.8781606825269999,False,False,False,False,0.08621396836978179,0.11409215144722272,False,False,False,False,8426698.0,8115363.039490395,False,False,False,False,241832.82547640774,False,False,False,False
2025-06-13 17:00:00+00:00,73.585,73.65,72.225,72.4,301145.0,,,,,,,,,,,,,,,,,,,,,,71.25584282863154,70.3309878778449,"rgba(239, 83, 80, 1.0)",0.0,0.0,4.233890435074535,71.97187530562991,0.10111851048941017,0.0,0.0,0.0,0.0,0.0,0.0,0.0,0.0,46.532855472108515,2.757298437583678,False,True,False,True,False,0.2511174442571651,0,0.8542321364174951,0.8769254546391223,False,False,False,False,0.05987674483735996,0.08698444814229134,False,False,False,False,8125553.0,8115521.023374265,False,False,False,False,242752.39407367274,False,False,False,False
2025-06-16 17:00:00+00:00,73.275,73.325,72.92,73.12,228748.0,,,,,,,,,,,,,,,,,,,,,,71.29464051301612,70.34294684767347,"rgba(239, 83, 80, 1.0)",0.0,0.0,4.184931002477212,71.96650352347224,0.27563094250418163,0.0,0.0,0.0,0.0,0.0,0.0,0.0,0.0,44.44166606960043,1.0591950408143092,False,True,False,True,False,1.4165009120435705,0,0.8628818233855441,0.8772441067804552,False,False,False,False,0.06599679770915522,0.07649062292572328,False,False,False,False,8354301.0,8119223.038515749,False,False,False,False,242535.27168493363,False,False,False,False
2025-06-17 17:00:00+00:00,72.73,72.77,72.31,72.525,154058.0,,,,,,,,,,,,,,,,,,,,,,71.31177100691326,70.34925511862335,"rgba(239, 83, 80, 1.0)",0.0,0.0,4.180683570555961,71.94505858173035,0.13871928082625318,0.0,0.0,0.0,0.0,0.0,0.0,0.0,0.0,41.85926465195983,-1.2780923502379977,False,True,False,True,False,0.4248991721745803,0,0.859035768209507,0.8684073514864374,False,False,False,False,0.04674144689891171,0.0616160349123175,False,False,False,False,8200243.0,8120479.161949613,False,False,False,False,241163.5310386556,False,False,False,False
2025-06-18 17:00:00+00:00,74.385,75.135,74.25,74.74,343214.0,,,,,,,,,,,,,,,,,,,,,,71.41315784961083,70.37702405167538,"rgba(239, 83, 80, 1.0)",0.0,0.0,4.18695974113357,72.0237378405751,0.6487433191056917,0.0,0.0,0.0,0.0,1.0,74.74,72.77,0.0,45.84609181489451,-1.2780923502379977,False,True,False,True,True,3.9282054174021965,0,0.8594431747350926,0.8712601288177855,False,False,False,False,0.11818068803789673,0.08989836147510712,False,False,False,False,8543457.0,8127036.957888379,False,False,False,False,242745.7088520098,False,False,False,False
2025-06-19 17:00:00+00:00,74.74,74.74,74.74,74.74,0.0,,,,,,,,,,,,,,,,,,,,,,71.41315784961083,70.37702405167538,"rgba(239, 83, 80, 1.0)",0.0,0.0,4.203648524665012,72.0237378405751,0.6461677620017859,0.0,0.0,0.0,0.0,0.0,0.0,0.0,0.0,48.503976590184294,-1.2780923502379977,False,True,False,False,True,3.9282054174021965,0,0.8626576999270149,0.8692784902512775,False,False,False,False,0.11976809993433184,0.10483323070471948,False,False,False,False,8543457.0,8133493.0825722795,False,False,False,False,238982.20948996313,False,False,False,False
2025-06-20 17:00:00+00:00,75.62,75.69,75.21,75.4,409370.0,,,,,,,,,,,,,,,,,,,,,,71.5513694572087,70.41515360883531,"rgba(239, 83, 80, 1.0)",0.0,0.0,4.230992564526733,72.12553414636287,0.7739238024407665,0.0,0.0,0.0,0.0,0.0,0.0,0.0,0.0,51.700910766876035,-5.73258828979418,False,True,True,False,True,4.949181391947441,0,0.8619632705457022,0.8683817557831867,False,False,False,False,0.14357202060168892,0.1242026256532042,False,False,False,False,8952827.0,8146195.934005267,False,False,False,False,241623.88066066138,False,False,False,False
2025-06-23 17:00:00+00:00,75.21,77.02,75.17,77.01,261094.0,,,,,,,,,,,,,,,,,,,,,,71.6554044833475,70.44380054904481,"rgba(38, 166, 154, 1.0)",0.0,0.0,4.248812261165471,72.20607187272584,1.1306520109590392,0.0,0.0,0.0,0.0,0.0,0.0,0.0,0.0,56.66196256768692,-1.0534334468388806,False,True,True,False,True,7.367586176802103,0,0.8609013777535611,0.862665732596456,False,False,False,False,0.16533700275030513,0.14476981420175467,False,False,False,False,9213921.0,8162749.810997433,False,False,False,False,241925.74297599995,False,False,False,False
2025-06-24 17:00:00+00:00,78.155,78.365,78.11,78.145,215798.0,,,,,,,,,,,,,,,,,,,,,,71.76956124309743,70.47439080402074,"rgba(38, 166, 154, 1.0)",0.0,0.0,4.290300916597151,72.3056776672039,1.361051927664681,0.0,0.0,0.0,0.0,0.0,0.0,0.0,0.0,61.5112100062236,3.439091035397581,True,False,True,False,True,9.006517425481839,0,0.8731410836673993,0.8632613474718741,False,False,False,False,0.2388860823579743,0.1918279482798645,False,False,False,False,9429719.0,8182392.744160264,False,False,False,False,241520.66168955032,False,False,False,False
2025-06-25 17:00:00+00:00,79.005,79.315,78.875,79.11,273562.0,,,,,,,,,,,,,,,,,,,,,,71.9279871017245,70.51726490867327,"rgba(38, 166, 154, 1.0)",0.0,0.0,4.366057926759472,72.44157104585135,1.5273340541997849,0.0,0.0,0.0,0.0,0.0,0.0,0.0,0.0,65.86612579861023,7.453097315346454,True,False,True,False,True,10.365382716270936,0,0.8782480543992555,0.8593737880394037,False,False,False,False,0.26900468414378237,0.23041631621182343,False,False,False,False,9703281.0,8205972.4070415,False,False,False,False,242017.42662459606,False,False,False,False
2025-06-26 17:00:00+00:00,79.785,80.095,79.61,79.98,250758.0,,,,,,,,,,,,,,,,,,,,,,72.082751539413,70.55979810574178,"rgba(38, 166, 154, 1.0)",0.0,0.0,4.452134281179876,72.571127450628,1.6641170462200332,0.0,0.0,0.0,0.0,0.0,0.0,0.0,0.0,69.66786098600774,10.992998035374598,True,False,True,False,True,11.566973679661338,0,0.8825853431802922,0.8553684862882821,False,False,False,False,0.29601166022403064,0.263213988217927,False,False,False,False,9954039.0,8233074.2146842675,False,False,False,False,242152.93939010618,False,False,False,False
2025-06-27 17:00:00+00:00,79.89,79.92,78.955,79.425,251388.0,,,,,,,,,,,,,,,,,,,,,,72.22316565346918,70.5999629653704,"rgba(38, 166, 154, 1.0)",0.0,0.0,4.535468727328628,72.67905530498078,1.4873754181946595,0.0,0.0,0.0,0.0,0.0,0.0,0.0,0.0,70.38117844378067,11.814404206279164,True,False,True,False,True,10.531909464081181,0,0.8810455833118723,0.8551377800669587,False,False,False,False,0.28116613466589296,0.27219006144191,False,False,False,False,9702651.0,8255858.350890713,False,False,False,False,242296.1186243681,False,False,False,False
2025-06-30 17:00:00+00:00,80.43,80.46,79.91,80.15,309162.0,,,,,,,,,,,,,,,,,,,,,,72.40564856740527,70.65295921730112,"rgba(38, 166, 154, 1.0)",0.0,0.0,4.630549664801964,72.81888271448881,1.5832067068056659,0.0,0.0,0.0,0.0,0.0,0.0,0.0,0.0,71.7412806042417,13.450343896598397,True,False,True,False,True,11.543283048405904,0,0.8829571944565411,0.8491943540743402,False,False,False,False,0.30799785300164323,0.2900939572217766,False,False,False,False,10011813.0,8283082.453977679,False,False,False,False,243332.79895577324,False,False,False,False
2025-07-01 17:00:00+00:00,80.825,81.715,80.73,81.475,307215.0,,,,,,,,,,,,,,,,,,,,,,72.6041426023241,70.71124396101374,"rgba(38, 166, 154, 1.0)",0.0,0.0,4.75372359977549,72.9725739886751,1.788582325595551,0.0,0.0,0.0,0.0,0.0,0.0,0.0,0.0,74.0283671224702,16.01689525041904,True,False,True,False,True,13.347017844564721,0,0.8871948105015833,0.8453366023087143,False,False,False,False,0.34282825073327794,0.31646110397752725,False,False,False,False,10319028.0,8314647.501202831,False,False,False,False,244323.22067738915,False,False,False,False
2025-07-02 17:00:00+00:00,82.085,82.385,81.81,82.345,241366.0,,,,,,,,,,,,,,,,,,,,,,72.76902566340206,70.76032812813224,"rgba(38, 166, 154, 1.0)",0.0,0.0,4.894703034178086,73.10011559803763,1.888752869665107,0.0,0.0,0.0,0.0,0.0,0.0,0.0,0.0,76.31601485960671,18.575094583502903,True,False,True,False,True,14.499232166525232,0,0.8888036024971856,0.8464077371814558,False,False,False,False,0.3428282508867725,0.32964467743214987,False,False,False,False,10560394.0,8349465.276377981,False,False,False,False,244277.37229479398,False,False,False,False
2025-07-03 17:00:00+00:00,83.515,83.515,83.515,83.515,0.0,,,,,,,,,,,,,,,,,,,,,,72.76902566340206,70.76032812813224,"rgba(38, 166, 154, 1.0)",0.0,0.0,5.061268853301983,73.10011559803763,2.057761542378385,0.0,0.0,0.0,0.0,0.0,0.0,0.0,0.0,78.72832279212494,21.22896155521977,True,False,True,False,True,16.012037713506984,0,0.8872595598243406,0.8527953979300961,False,False,False,False,0.3428282511099933,0.33623646427107157,False,False,False,False,10560394.0,8383743.241085298,False,False,False,False,240490.12621270414,False,False,False,False
2025-07-04 17:00:00+00:00,83.515,83.515,83.515,83.515,0.0,,,,,,,,,,,,,,,,,,,,,,72.76902566340206,70.76032812813224,"rgba(38, 166, 154, 1.0)",0.0,0.0,5.218346798202058,73.10011559803763,1.9958206697858292,0.0,0.0,0.0,0.0,0.0,0.0,0.0,0.0,80.33652808047043,23.13091854929405,True,False,True,False,True,16.012037713506984,0,0.8887224259957636,0.8490726868832983,False,False,False,False,0.3428282511099933,0.33953235769053247,False,False,False,False,10560394.0,8417489.764479324,False,False,False,False,236761.59712413506,False,False,False,False
2025-07-07 17:00:00+00:00,81.835,82.3,81.5,82.29,201303.0,,,,,,,,,,,,,,,,,,,,,,72.90013597067612,70.80041139513608,"rgba(38, 166, 154, 1.0)",0.0,0.0,5.332705618746977,73.19832981949949,1.7048888182649728,0.0,0.0,0.0,0.0,0.0,0.0,0.0,0.0,77.06906337166599,23.13091854929405,True,False,True,False,False,13.596916652331672,0,0.8872014571201355,0.8460018983607404,False,False,False,False,0.2903219439303152,0.31492715081042383,False,False,False,False,10359091.0,8447592.10921608,False,False,False,False,236211.851432288,False,False,False,False
2025-07-08 17:00:00+00:00,81.825,81.955,81.48,81.61,350395.0,,,,,,,,,,,,,,,,,,,,,,73.11133192408113,70.86736254989331,"rgba(38, 166, 154, 1.0)",0.0,0.0,5.42728808226791,73.3500743505074,1.5219250432788916,0.0,0.0,0.0,0.0,0.0,0.0,0.0,0.0,72.80585230109213,29.910392154825985,True,False,True,False,False,12.284939920686302,0,0.8836829062667655,0.8453874255933377,False,False,False,False,0.2844901150989784,0.2997086329547011,False,False,False,False,10008696.0,8471795.270313505,False,False,False,False,237982.13280543083,False,False,False,False
2025-07-09 17:00:00+00:00,81.705,82.015,81.62,81.755,390412.0,,,,,,,,,,,,,,,,,,,,,,73.33799602482406,70.94177912173132,"rgba(38, 166, 154, 1.0)",0.0,0.0,5.52333558721615,73.50918573005181,1.4929048108236,0.0,0.0,0.0,0.0,0.0,0.0,0.0,0.0,70.2117246167006,27.322477612462166,True,False,True,False,False,12.48636580816768,0,0.8884450858114725,0.8436839663969493,False,False,False,False,0.28768328010796307,0.29369595653133207,False,False,False,False,10399108.0,8501676.087828023,False,False,False,False,240345.38656038538,False,False,False,False
2025-07-10 17:00:00+00:00,82.55,82.685,82.1,82.29,218210.0,,,,,,,,,,,,,,,,,,,,,,73.467678538349,70.98506179220338,"rgba(38, 166, 154, 1.0)",0.0,0.0,5.626290312068426,73.60068833520275,1.5444122472952797,0.0,0.0,0.0,0.0,0.0,0.0,0.0,0.0,69.41011258267991,26.320573072910847,True,False,True,False,False,13.23325786795477,0,0.8887313047962867,0.8399174832387831,False,False,False,False,0.3061574987533344,0.29992672764233325,False,False,False,False,10617318.0,8534476.73762914,False,False,False,False,240002.20227262747,False,False,False,False
2025-07-11 17:00:00+00:00,82.305,82.675,82.24,82.53,244670.0,,,,,,,,,,,,,,,,,,,,,,73.61067875701053,71.03372631126061,"rgba(38, 166, 154, 1.0)",0.0,0.0,5.722876861122116,73.70077574491145,1.5427947288310784,0.0,0.0,0.0,0.0,0.0,0.0,0.0,0.0,69.29004061722767,25.80790268085498,True,False,True,False,False,13.56922783263277,0,0.8846870150025867,0.8437661665804451,False,False,False,False,0.3082584809390652,0.30409260429069923,False,False,False,False,10861988.0,8570562.18355737,False,False,False,False,240074.571229641,False,False,False,False
2025-07-14 17:00:00+00:00,83.235,83.52,83.135,83.47,427945.0,,,,,,,,,,,,,,,,,,,,,,73.87430127320835,71.1244261464059,"rgba(38, 166, 154, 1.0)",0.0,0.0,5.839936017173821,73.88821148079248,1.6407351880277161,0.0,0.0,0.0,0.0,0.0,0.0,0.0,0.0,70.70997795111285,25.80790268085498,True,False,True,False,False,14.876248237471643,0,0.8794465355457775,0.8470285744579337,False,False,False,False,0.33664319598479564,0.3203679001377474,False,False,False,False,11289933.0,8612722.971409194,False,False,False,False,242987.29105553802,False,False,False,False
2025-07-15 17:00:00+00:00,78.525,79.03,77.725,78.86,658926.0,,,,,,,,,,,,,,,,,,,,,,74.06045075462798,71.20738360580245,"rgba(239, 83, 80, 1.0)",0.0,0.0,5.868024017833705,74.54434675407126,0.73545255316149,0.0,0.0,0.0,0.0,0.0,0.0,0.0,0.0,60.74385367021322,17.40563969189276,False,False,True,False,False,6.2276220043696,0,0.8745604054613157,0.8474606950765413,False,False,False,False,0.1806166489367384,0.2504922745372429,False,False,False,False,10631007.0,8644014.196658665,False,False,False,False,249435.95320971572,False,False,False,False
2025-07-16 17:00:00+00:00,79.395,80.08,79.37,79.895,439066.0,,,,,,,,,,,,,,,,,,,,,,74.20866257090483,71.2708396834059,"rgba(239, 83, 80, 1.0)",0.0,0.0,5.911789783258602,74.65672449239648,0.8860726953515184,0.0,0.0,0.0,0.0,0.0,0.0,0.0,0.0,56.09370062205471,13.282931435833405,False,True,True,False,False,7.7110260139388025,0,0.8764007142672292,0.8485805232783834,False,False,False,False,0.22194146599686698,0.23621687026705493,False,False,False,False,11070073.0,8681627.51143915,False,False,False,False,252375.95393514648,False,False,False,False
2025-07-17 17:00:00+00:00,80.09,80.15,79.47,79.75,371265.0,,,,,,,,,,,,,,,,,,,,,,74.32830255086392,71.32382030998303,"rgba(239, 83, 80, 1.0)",0.0,0.0,5.878158934518426,74.73449358632607,0.8532444375093837,0.0,0.0,0.0,0.0,0.0,0.0,0.0,0.0,52.74904452423503,10.322736382187998,False,True,False,False,False,7.456768792874172,0,0.8704644505763726,0.8485442401423525,False,False,False,False,0.22457197008767502,0.23039442017736497,False,False,False,False,10698808.0,8712901.627540868,False,False,False,False,254219.19495940776,False,False,False,False
2025-07-18 17:00:00+00:00,80.44,80.77,80.21,80.62,222153.0,,,,,,,,,,,,,,,,,,,,,,74.40688311358738,71.35796412315082,"rgba(239, 83, 80, 1.0)",0.0,0.0,5.7326497678089225,74.79151841433239,1.0167168450437751,0.0,0.0,0.0,0.0,0.0,0.0,0.0,0.0,52.24002550280295,9.807726656852552,False,True,False,False,False,8.704494573055545,0,0.8719746372142175,0.8463540995437793,False,False,False,False,0.24572972853737254,0.23806207435736876,False,False,False,False,10920961.0,8747135.106183644,False,False,False,False,253722.04464995957,False,False,False,False
2025-07-21 17:00:00+00:00,81.11,81.26,80.175,80.26,189229.0,,,,,,,,,,,,,,,,,,,,,,74.47260271517898,71.38694832632348,"rgba(239, 83, 80, 1.0)",0.0,0.0,5.603249256032124,74.83766304070338,0.9677129664469708,0.0,0.0,0.0,0.0,0.0,0.0,0.0,0.0,51.172451343326784,8.54036781666386,False,True,False,False,False,8.056652852103255,0,0.876409992274015,0.8429822302343551,False,False,False,False,0.2528557720990682,0.24545892322821847,False,False,False,False,10731732.0,8777904.05027382,False,False,False,False,252722.15248484391,False,False,False,False
2025-07-22 17:00:00+00:00,81.865,82.595,81.675,82.36,453310.0,,,,,,,,,,,,,,,,,,,,,,74.66548222146393,71.46795783311786,"rgba(38, 166, 154, 1.0)",0.0,0.0,5.493188199451564,74.99492916832075,1.340764336531301,0.0,0.0,0.0,0.0,0.0,0.0,0.0,0.0,54.17571966408013,8.54036781666386,False,True,True,False,False,11.004859037584104,0,0.877690302131793,0.8356423495731305,False,False,False,False,0.2978598818769466,0.27165940255258253,False,False,False,False,11185042.0,8815224.01848663,False,False,False,False,255832.04159360603,False,False,False,False
2025-07-23 17:00:00+00:00,83.325,83.925,83.28,83.535,263974.0,,,,,,,,,,,,,,,,,,,,,,74.7930367415452,71.52052089542522,"rgba(38, 166, 154, 1.0)",0.0,0.0,5.502347216587772,75.10345102796288,1.5323549460162684,0.0,0.0,0.0,0.0,0.0,0.0,0.0,0.0,57.78388233082898,8.54036781666386,False,True,True,False,True,12.57451632974007,0,0.8816960879076157,0.830671007783487,False,False,False,False,0.34282825112285054,0.30724382683771656,False,False,False,False,11449016.0,8856058.00269614,False,False,False,False,255958.27350688344,False,False,False,False
2025-07-24 17:00:00+00:00,84.44,84.785,83.69,83.865,297197.0,,,,,,,,,,,,,,,,,,,,,,74.94080137441733,71.58174924113372,"rgba(38, 166, 154, 1.0)",0.0,0.0,5.424504815694682,76.07715665094938,1.435678207256468,0.0,0.0,0.0,0.0,0.0,0.0,0.0,0.0,60.618924460745156,3.391184944190897,False,False,True,False,True,13.010256579812935,0,0.883834404940405,0.8273145442069685,False,False,False,False,0.3428282512132425,0.3250360390254795,False,False,False,False,11746213.0,8900866.607305503,False,False,False,False,256597.6336075519,False,False,False,False
2025-07-25 17:00:00+00:00,84.24,84.455,84.16,84.295,275406.0,,,,,,,,,,,,,,,,,,,,,,75.0763605694813,71.63881131747496,"rgba(38, 166, 154, 1.0)",0.0,0.0,5.32257776994535,76.1908933145791,1.5225905633886325,0.0,0.0,0.0,0.0,0.0,0.0,0.0,0.0,63.08445294817955,5.906101093785026,False,False,True,False,True,13.580292139934155,0,0.8831386917029234,0.8274431977202759,False,False,False,False,0.34282825122290406,0.3339321451241918,False,False,False,False,12021619.0,8949250.365331773,False,False,False,False,256889.23618727975,False,True,False,False
2025-07-28 17:00:00+00:00,82.995,83.1,82.71,83.045,222086.0,,,,,,,,,,,,,,,,,,,,,,75.16724920237947,71.6795829749042,"rgba(38, 166, 154, 1.0)",0.0,0.0,5.197753805406804,76.23352933175694,1.3104642742327728,0.0,0.0,0.0,0.0,0.0,0.0,0.0,0.0,61.47559673697027,5.906101093785026,False,False,True,False,True,11.228239110612872,0,0.8769238558120697,0.8319663831510735,False,False,False,False,0.29867685835353364,0.3163045017388627,False,False,False,False,11799533.0,8993440.79377624,False,False,False,False,256349.65113011262,False,False,False,False
2025-07-29 17:00:00+00:00,82.585,82.785,82.46,82.625,165694.0,,,,,,,,,,,,,,,,,,,,,,75.23090164126155,71.70893051542548,"rgba(38, 166, 154, 1.0)",0.0,0.0,5.093645816377695,76.26363583052859,1.2488823131395594,0.0,0.0,0.0,0.0,0.0,0.0,0.0,0.0,59.40411521197559,5.906101093785026,False,False,True,False,False,10.450315641610558,0,0.87380487433745,0.8342167330273136,False,False,False,False,0.28992377376064726,0.303114137749755,False,False,False,False,11633839.0,9034377.200074282,False,False,False,False,254944.13715910312,False,False,False,False
2025-07-30 17:00:00+00:00,82.85,82.9,81.3,81.79,362132.0,,,,,,,,,,,,,,,,,,,,,,75.35482491940425,71.7688747663083,"rgba(38, 166, 154, 1.0)",0.0,0.0,4.9432502665956015,76.31382566211101,1.1078084342390402,0.0,0.0,0.0,0.0,0.0,0.0,0.0,0.0,56.12254100126885,5.906101093785026,False,True,True,False,False,8.914512534325596,0,0.8671722917456707,0.8354695992921252,False,False,False,False,0.2738465652527438,0.2884803515012494,False,False,False,False,11271707.0,9069064.48379406,False,False,False,False,256605.96448996975,False,False,False,False
2025-07-31 17:00:00+00:00,80.87,81.125,80.33,80.625,235841.0,,,,,,,,,,,,,,,,,,,,,,75.41775502506754,71.80261259226401,"rgba(38, 166, 154, 1.0)",0.0,0.0,4.785322780870314,76.32243027489372,0.899117974299691,0.0,0.0,0.0,0.0,0.0,0.0,0.0,0.0,51.63233238420921,8.561345183144894,False,True,False,False,False,6.820885017879856,0,0.8671045982819606,0.8390096008084892,False,False,False,False,0.23224246413160496,0.2603614078164272,False,False,False,False,11035866.0,9099557.530556941,False,False,False,False,256284.02705601673,False,False,False,False
2025-08-01 17:00:00+00:00,78.17,78.215,77.405,77.78,264813.0,,,,,,,,,,,,,,,,,,,,,,75.44887464668825,71.8279625786225,"rgba(239, 83, 80, 1.0)",0.0,0.0,4.589823724264265,76.27147428112355,0.32866746295758187,0.0,0.0,0.0,0.0,0.0,0.0,0.0,0.0,44.70223389273515,2.1371438121923703,False,True,False,True,False,2.0316950341581297,0,0.8591874075745044,0.8478832994962029,False,False,False,False,0.14618993161902513,0.20327566971772615,False,False,False,False,10771053.0,9125472.188997919,False,False,False,False,256416.2591946831,False,False,False,False
2025-08-04 17:00:00+00:00,77.58,77.69,77.34,77.585,193005.0,,,,,,,,,,,,,,,,,,,,,,75.46858051739959,71.84550030666183,"rgba(239, 83, 80, 1.0)",0.0,0.0,4.350857664232845,76.23869574549897,0.30943422157166917,0.0,0.0,0.0,0.0,0.0,0.0,0.0,0.0,39.867257223673064,-2.1879574296080193,False,True,False,True,False,1.7176301815490014,0,0.8556752819430838,0.8540426493858791,False,False,False,False,0.1376274999033685,0.17045158481054734,False,False,False,False,10578048.0,9147992.744207252,False,False,False,False,255433.13889709112,False,False,False,False
2025-08-05 17:00:00+00:00,77.605,78.245,77.53,77.98,257875.0,,,,,,,,,,,,,,,,,,,,,,75.49906553612205,71.87031806689106,"rgba(239, 83, 80, 1.0)",0.0,0.0,4.1767489490970195,76.21115869854572,0.42349715604446303,0.0,0.0,0.0,0.0,0.0,0.0,0.0,0.0,37.70195400629492,-4.128201465669619,False,True,False,True,False,2.3300386955546983,0,0.8549533652634232,0.8558104360978072,False,False,False,False,0.14844286858058225,0.1594472266955648,False,False,False,False,10835923.0,9174162.205537373,False,False,False,False,255470.99720876414,False,False,False,False
2025-08-06 17:00:00+00:00,78.12,78.305,77.56,77.62,254435.0,,,,,,,,,,,,,,,,,,,,,,75.52731767844826,71.89424531974423,"rgba(239, 83, 80, 1.0)",0.0,0.0,4.043992883455745,76.18862663248777,0.3539505159289681,0.0,0.0,0.0,0.0,0.0,0.0,0.0,0.0,35.762898838569285,-6.056107021701514,False,True,False,True,False,1.7336806613621611,0,0.8580803109462155,0.8550263749021986,False,False,False,False,0.14975171089994085,0.15459946879775283,False,False,False,False,10581488.0,9195981.210102685,False,False,False,False,255454.9352365352,False,False,False,False
2025-08-07 17:00:00+00:00,77.145,77.29,76.805,77.08,174229.0,,,,,,,,,,,,,,,,,,,,,77.05833333333334,75.53992906882674,71.90840768457457,"rgba(239, 83, 80, 1.0)",0.0,0.0,3.94827282914094,76.51549350771744,0.14297555328905315,1.0,77.29,76.805,0.0,0.0,0.0,0.0,0.0,33.72711325825617,-8.208418058088498,False,True,False,True,False,0.8384937389430114,0,0.8611415048728978,0.8549835873686357,False,False,True,False,0.12409867495433258,0.1393490718760427,False,False,False,False,10407259.0,9214760.710721249,False,False,False,False,254195.61841116258,False,False,True,False
2025-08-08 17:00:00+00:00,77.82,78.18,77.595,77.83,257856.0,,,,,,,,,,,,,,,,,,,,,77.54171822288053,75.56797281580775,71.93250011589211,"rgba(239, 83, 80, 1.0)",0.0,0.0,3.8536416765405734,76.53007702535214,0.33732326037505417,0.0,0.0,0.0,0.0,0.0,0.0,0.0,0.0,34.679201856304154,-8.208418058088498,False,True,False,True,False,2.0447120103247194,0,0.8583845880140293,0.855131398363239,False,False,False,False,0.14844286858058225,0.14389597022831246,False,False,False,False,10665115.0,9237246.823733322,False,False,False,False,254252.36851331507,False,False,False,False
2025-08-11 17:00:00+00:00,77.34,77.835,77.225,77.6,281081.0,,,,,,,,,,,,,,,,,,,,,77.54629610076758,75.5937008458044,71.9571596700067,"rgba(239, 83, 80, 1.0)",0.0,0.0,3.7451855256610305,76.51111785254781,0.2907418444270508,0.0,0.0,0.0,0.0,0.0,0.0,0.0,0.0,34.91320992191992,-8.208418058088498,False,True,False,True,False,1.654567147044311,0,0.8589834815756034,0.855222363405337,False,False,False,False,0.1380623838145916,0.14097917702145202,False,False,False,False,10384034.0,9255026.469876992,False,False,False,False,254668.31628830242,False,False,False,False
2025-08-12 17:00:00+00:00,79.395,79.535,79.18,79.435,269275.0,,,,,,,,,,,,,,,,,,,,,78.04980542173355,75.64017060319883,71.98824050624037,"rgba(239, 83, 80, 1.0)",0.0,0.0,3.680867165504531,76.55832728194423,0.7815203832984479,0.0,0.0,0.0,0.0,0.0,0.0,0.0,0.0,39.97517312295277,-8.208418058088498,False,True,False,True,True,4.5585464902480375,0,0.8644820883088031,0.8514301582893643,False,False,False,False,0.19148766640165357,0.1662334217115528,False,False,False,False,10653309.0,9276705.268793628,False,False,False,False,254894.77650088686,False,False,False,False
2025-08-13 17:00:00+00:00,78.065,78.3,77.63,77.915,274465.0,,,,,,,,,,,,,,,,,,,,,78.0276474109175,75.66866347367093,72.01355812198496,"rgba(239, 83, 80, 1.0)",0.0,0.0,3.604456732065542,76.54947188184241,0.3788443639813315,0.0,0.0,0.0,0.0,0.0,0.0,0.0,0.0,40.425911358721635,-8.208418058088498,False,True,False,True,True,1.982269235175032,0,0.8587992135907647,0.8575641478046078,False,False,False,False,0.15069730247727123,0.15846536209441203,False,False,False,False,10378844.0,9293792.690982874,False,False,False,False,255198.19081870257,False,False,False,False
2025-08-14 17:00:00+00:00,78.905,79.575,78.88,79.375,262716.0,,,,,,,,,,,,,,,,,,,,,78.24358094096208,75.71079767013183,72.04297046337648,"rgba(239, 83, 80, 1.0)",0.0,0.0,3.548006059746696,76.5780095278306,0.7883274225211115,0.0,0.0,0.0,0.0,0.0,0.0,0.0,0.0,43.8379498294901,-12.922579617361635,False,True,False,True,True,4.228464812797572,0,0.8593710943358496,0.8515472679098137,False,False,False,False,0.18765488068782807,0.17306012139112004,False,False,False,False,10641560.0,9314688.308176938,False,False,False,False,255314.74599980796,False,False,False,False
2025-08-15 17:00:00+00:00,77.485,77.73,77.01,77.12,427744.0,,,,,,,,,,,,,,,,,,,,,78.03339223511827,75.74020159613647,72.07731739483984,"rgba(239, 83, 80, 1.0)",0.0,0.0,3.519958208955338,76.54213330259073,0.16416862448511227,0.0,0.0,0.0,0.0,0.0,0.0,0.0,0.0,42.45528303893797,-12.922579617361635,False,True,False,True,True,0.5648751909515788,0,0.8543094032370171,0.8565187171085298,False,False,False,False,0.13342626297780388,0.15324319218446197,False,False,False,False,10213816.0,9328628.272391248,False,False,False,False,257988.06776725277,False,False,False,False
2025-08-18 17:00:00+00:00,77.365,77.595,77.195,77.48,171527.0,,,,,,,,,,,,,,,,,,,,,77.98400721508825,75.75270172440501,72.09132261692551,"rgba(239, 83, 80, 1.0)",0.0,0.0,3.4916806854304827,76.5324876933151,0.2713628169490196,0.0,0.0,0.0,0.0,0.0,0.0,0.0,0.0,42.28618586349437,-12.922579617361635,False,True,False,True,True,1.1213867546971912,0,0.8558981233243969,0.8555754145566482,False,False,False,False,0.13415027614238484,0.1436967341634234,False,False,False,False,10385343.0,9345011.446462702,False,False,False,False,256647.58609644265,False,False,False,False
2025-08-19 17:00:00+00:00,77.25,77.56,77.025,77.54,223109.0,,,,,,,,,,,,,,,,,,,,,77.92599061614807,75.76822332403836,72.10926595620234,"rgba(239, 83, 80, 1.0)",0.0,0.0,3.455917658866331,76.52061733860381,0.2949672885813455,0.0,0.0,0.0,0.0,0.0,0.0,0.0,0.0,42.308351154922065,-12.922579617361635,False,True,False,True,True,1.21520467960352,0,0.8585035374115647,0.8535286617834558,False,False,False,False,0.13118270216440553,0.13743971816391448,False,False,False,False,10608452.0,9364599.672098938,False,False,False,False,256127.60801742802,False,False,False,False
2025-08-20 17:00:00+00:00,77.785,78.475,77.75,78.185,285680.0,,,,,,,,,,,,,,,,,,,,,77.94889518911852,75.7968877560192,72.13536204348574,"rgba(239, 83, 80, 1.0)",0.0,0.0,3.413729269072432,76.52413311426528,0.48652566001111314,0.0,0.0,0.0,0.0,0.0,0.0,0.0,0.0,43.817201041522196,-11.470264961879252,False,True,False,True,True,2.2289022437698556,0,0.865951675290099,0.8492490078866733,False,False,False,False,0.15499222279947414,0.14621597048169432,False,False,False,False,10894132.0,9388313.35160128,False,False,False,False,256585.78463731284,False,False,False,False
2025-08-21 17:00:00+00:00,77.835,77.98,77.695,77.805,170572.0,,,,,,,,,,,,,,,,,,,,,77.94144455614108,75.81145005618639,72.15003656103507,"rgba(239, 83, 80, 1.0)",0.0,0.0,3.372660867078634,76.5225303648852,0.38025454845855,0.0,0.0,0.0,0.0,0.0,0.0,0.0,0.0,44.05800559168743,-10.79312302081182,False,True,False,True,True,1.5962763127174426,0,0.8656971770744227,0.8439339807779401,False,False,False,False,0.14698919104782163,0.14660258076475796,False,False,False,False,10723560.0,9409014.850026065,False,False,False,False,255252.23758867232,False,False,False,False
2025-08-22 17:00:00+00:00,79.06,79.24,78.885,79.07,184832.0,,,,,,,,,,,,,,,,,,,,,78.01106004821852,75.83654839310539,72.16930291774852,"rgba(239, 83, 80, 1.0)",0.0,0.0,3.3142663544844657,76.53753253089467,0.7641110273707175,0.0,0.0,0.0,0.0,0.0,0.0,0.0,0.0,47.0853987092417,-7.595168140335602,False,True,False,True,True,3.583499056769348,0,0.8746814040931689,0.837358366770132,False,False,False,False,0.1827980119141471,0.16470029633945255,False,False,False,False,10908392.0,9432261.007390004,False,False,False,False,254160.45095939055,False,False,False,False
2025-08-25 17:00:00+00:00,79.635,80.495,79.505,80.185,260799.0,,,,,,,,,,,,,,,,,,,,,78.17592290725473,75.88204232528705,72.20020882928556,"rgba(239, 83, 80, 1.0)",0.0,0.0,3.304212742370886,76.57558691055489,1.0923670389501723,0.0,0.0,0.0,0.0,0.0,0.0,0.0,0.0,51.18546566233322,-3.608725680300097,False,True,True,False,True,5.281106265864679,0,0.871468605619935,0.8364260647832564,False,False,False,False,0.21051464716456203,0.1876074717520073,False,False,False,False,11169191.0,9459190.15456225,False,False,False,False,254263.37420033023,False,False,False,False
2025-08-26 17:00:00+00:00,80.975,81.63,80.885,81.515,185283.0,,,,,,,,,,81.34333333333332,,,,,,,,,,,78.34706275982978,75.92350239207258,72.22557484170537,"rgba(38, 166, 154, 1.0)",0.0,0.0,3.319256241991462,76.6171083642108,1.4755991338742223,0.0,0.0,0.0,0.0,0.0,0.0,0.0,0.0,55.972794661536824,0.8189183971326344,False,False,True,False,True,7.241543073227778,0,0.8745490779748242,0.8318659973260011,False,False,False,False,0.24820729657936927,0.21790738416568828,False,False,False,False,11354474.0,9488574.40022795,False,False,False,False,253193.9110344336,False,False,False,False
2025-08-27 17:00:00+00:00,82.905,83.205,82.535,82.58,351719.0,,,,,,,,,82.77333333333334,82.2799372379743,,,,,,,,,,,78.7588189058987,76.02081314339576,72.28083305168109,"rgba(38, 166, 154, 1.0)",0.0,0.0,3.3510860374854468,77.37902267112256,1.5520273937162468,0.0,0.0,0.0,0.0,0.0,0.0,0.0,0.0,60.54519710940656,4.9100373008582,True,False,True,False,True,8.763394717226582,0,0.8764135702746366,0.8331482229402266,False,False,False,False,0.29759001484575515,0.2577486995057217,False,False,False,False,11706193.0,9522956.083945347,False,False,False,False,254721.43179358967,False,False,False,False
2025-08-28 17:00:00+00:00,82.255,82.36,81.935,81.95,229275.0,,,,,,,,,82.50038408600892,82.22061340959819,,,,,,,,,,,78.94879774474613,76.07642562679169,72.3141895084075,"rgba(38, 166, 154, 1.0)",0.0,0.0,3.3652918765559843,77.41492205506401,1.3476031533933865,0.0,0.0,0.0,0.0,0.0,0.0,0.0,0.0,61.872358342022636,6.021867334302343,True,False,True,False,True,7.642977860344775,0,0.8757358750222993,0.8369224496037109,False,False,False,False,0.2753023201022903,0.266525509804006,False,False,False,False,11476918.0,9553250.067139992,False,False,False,False,254326.91347120842,False,False,False,False
2025-08-29 17:00:00+00:00,82.56,82.725,81.94,82.165,206378.0,,,,,,,,,82.44174553451228,82.23250679326173,,,,,,,,,,,79.11167985480986,76.1272160134396,72.34461674324889,"rgba(38, 166, 154, 1.0)",0.0,0.0,3.385935437037019,77.45925924722799,1.3897904553342395,0.0,0.0,0.0,0.0,0.0,0.0,0.0,0.0,63.08417824855337,7.208712923018773,True,False,True,False,True,7.955270566894757,0,0.8902784638984947,0.8224695145732046,False,False,False,False,0.2809830295884824,0.2737542696962442,False,False,False,False,11683296.0,9586274.03509131,False,False,False,False,253583.51946390283,False,False,False,False
2025-09-01 17:00:00+00:00,82.165,82.165,82.165,82.165,0.0,,,,,,,,,82.44174553451228,82.23250679326173,,,,,,,,,,,79.11167985480986,76.1272160134396,72.34461674324889,"rgba(38, 166, 154, 1.0)",0.0,0.0,3.402635005695037,77.45925924722799,1.3829695941221885,0.0,0.0,0.0,0.0,0.0,0.0,0.0,0.0,63.89205818624053,8.154839916557442,True,False,True,False,True,7.955270566894757,0,0.8890260883272469,0.8220318944907129,False,False,False,False,0.27583893758729916,0.2747966036417717,False,False,False,False,11683296.0,9618786.003539508,False,False,False,False,249651.99203035395,False,False,False,False
2025-09-02 17:00:00+00:00,81.48,81.785,81.245,81.75,180735.0,,,,,,,,,82.28335624574555,82.13234898429845,,,,,,,,,,81.59333333333333,79.21367976189799,76.1661497710207,72.36928823611875,"rgba(38, 166, 154, 1.0)",0.0,0.0,3.4049658026353797,77.4826666152818,1.2532676191388952,0.0,0.0,0.0,0.0,0.0,0.0,0.0,0.0,63.04861040606858,8.154839916557442,True,False,True,False,True,7.189405453333631,0,0.8968630046326936,0.8180807412309732,False,False,False,False,0.25600830022137433,0.265402451931573,False,False,False,False,11502561.0,9647991.817438122,False,False,False,False,248583.5115337593,False,False,False,False
2025-09-03 17:00:00+00:00,80.245,80.615,80.015,80.515,153101.0,,,,,,,,,82.0236804529876,81.9271954750039,,,,,,,,,80.38166666666666,81.03764917005157,79.25297760522061,76.19143235418208,72.38735294259277,"rgba(38, 166, 154, 1.0)",0.0,0.0,3.3537545814791025,77.48321728311947,0.9039965934369069,0.0,0.0,0.0,0.0,0.0,0.0,0.0,0.0,58.91004427594497,8.154839916557442,True,False,True,False,False,4.948058898541003,0,0.9090154052243806,0.8151373074346956,False,False,False,False,0.2198973864128164,0.2426499191721947,False,False,False,False,11349460.0,9674371.169105748,False,False,False,False,247103.162517732,False,False,False,False
2025-09-04 17:00:00+00:00,81.745,82.125,81.58,81.83,313409.0,,,,,,,,81.84499999999998,81.98464560111397,81.91129276395661,,,,,,,,,81.36475778296997,81.42858462148541,79.42000043758789,76.26000124544368,72.43080258371965,"rgba(38, 166, 154, 1.0)",0.0,0.0,3.3167016110250027,77.53950458316669,1.2936030792071653,0.0,0.0,0.0,0.0,0.0,0.0,0.0,0.0,59.0006800611489,8.154839916557442,True,False,True,False,False,6.963940607030317,0,0.9355553731220757,0.8056536135511592,False,False,False,False,0.26627945718356544,0.25446468817788004,False,False,False,False,11662869.0,9705200.592840541,False,False,False,False,248131.15999807723,False,False,False,False
2025-09-05 17:00:00+00:00,79.62,79.695,78.855,78.965,526511.0,,,,,,,,80.16919824903958,81.22943515500602,81.23926710060032,,,,,,,,79.17166666666667,80.20195599253859,80.41620033607212,79.39574379898,76.31814219506187,72.4824294392742,"rgba(239, 83, 80, 1.0)",0.0,0.0,3.2439393844104107,77.51062764324114,0.44833524440938366,0.0,0.0,0.0,0.0,0.0,0.0,0.0,0.0,53.182818896609795,8.795182645885532,False,False,False,False,False,2.035510168318112,0,0.9254530142084818,0.8095846124589098,False,False,False,False,0.18905468414939458,0.2217596861636373,False,False,False,False,11136358.0,9727389.079773245,False,False,False,False,252447.12650973495,False,False,False,False
2025-09-08 17:00:00+00:00,79.125,79.38,78.55,79.15,320488.0,,,,,,,,79.85364745848011,80.92002249867345,80.9518163829704,,,,,,,,79.11680147792383,79.91519273056623,80.11817078625266,79.37503126774422,76.3506682083291,72.5127965534334,"rgba(239, 83, 80, 1.0)",0.0,0.0,3.1674905405262987,77.76432196338521,0.4374687213381709,0.0,0.0,0.0,0.0,0.0,0.0,0.0,0.0,49.71707030419079,5.610961653520448,False,False,False,False,False,2.3234495932614614,0,0.9183137147549961,0.8176019709827541,False,False,False,False,0.17993206219800123,0.20084587418081928,False,False,False,False,11456846.0,9754202.365358155,False,False,False,False,253502.0237731499,False,False,False,False
2025-09-09 17:00:00+00:00,80.805,81.125,80.44,80.74,330081.0,,,,,,,80.76833333333333,80.05621213910334,80.90085116624681,80.9301629322817,,,,,,,,79.57992997077514,80.0865283454714,80.23580679063946,79.45116316923709,76.4046392893985,72.55206357231995,"rgba(239, 83, 80, 1.0)",0.0,0.0,3.121363264765876,77.85421237686948,0.924527963696326,0.0,0.0,0.0,0.0,0.0,0.0,0.0,0.0,50.64927229772985,5.610961653520448,False,False,False,False,False,4.754572756747663,0,0.9249422318879983,0.8112817724616015,False,False,False,False,0.23389366296579503,0.21736976857330714,False,False,False,False,11786927.0,9785717.475972757,False,False,False,False,254689.29472240337,False,False,False,False
2025-09-10 17:00:00+00:00,80.545,80.735,80.045,80.3,376704.0,,,,,,,80.55069883345006,80.11750098409752,80.8326739712419,80.86248680030315,,,,,,,,79.76905246160341,80.13751986757043,80.2570623391756,79.50451085735634,76.45902949464836,72.59421841682925,"rgba(239, 83, 80, 1.0)",0.0,0.0,3.0617895726823945,77.89226567460955,0.7863813852109586,0.0,0.0,0.0,0.0,0.0,0.0,0.0,0.0,50.390743862286456,5.610961653520448,False,False,False,False,False,4.008270614645376,0,0.9210822689191049,0.8187336904271395,False,False,False,False,0.2221369404136392,0.21975335449347316,False,False,False,False,11410223.0,9810903.608128216,False,False,False,False,256580.99557942039,False,False,False,False
2025-09-11 17:00:00+00:00,80.94,81.39,80.88,81.26,312646.0,,,,,,81.17666666666666,80.74267488595763,80.26941308127189,80.86525391943827,80.89066172307267,,,,,,,,80.00484215141562,80.27677981002512,80.37144093409051,79.5821893305043,76.51226279526165,72.63250383406854,"rgba(239, 83, 80, 1.0)",0.0,0.0,3.0247874990507455,77.94778927979645,1.0950226160492291,0.0,0.0,0.0,0.0,0.0,0.0,0.0,0.0,52.0537144751506,5.610961653520448,False,False,True,False,True,5.457057933770514,0,0.9211610281195083,0.8162895430579967,False,False,False,False,0.24450656019485173,0.23212995734416245,False,False,False,False,11722869.0,9840546.482420802,False,False,False,False,257450.22045415806,False,False,False,False
2025-09-12 17:00:00+00:00,81.24,81.64,81.205,81.465,226944.0,,,,,,81.28601902679193,80.86903915889413,80.37947751071312,80.90201101278318,80.92403188264586,,,,,,,,80.16006715315403,80.37960843928865,80.45964968862873,79.6426827739599,76.55226976277707,72.6609204315795,"rgba(239, 83, 80, 1.0)",0.0,0.0,2.9903211478981335,77.98909927989727,1.162383753512864,0.0,0.0,0.0,0.0,0.0,0.0,0.0,0.0,53.54474871868656,5.610961653520448,True,False,True,False,True,5.764936550775875,0,0.9234960647256318,0.8126479167813312,False,False,False,False,0.2532025333777115,0.24266624536093695,False,False,False,False,11949813.0,9873248.288894897,False,False,False,False,256977.25579595403,False,False,False,False
2025-09-15 17:00:00+00:00,81.455,81.61,81.13,81.435,241181.0,,,,,,81.31865369615419,80.95377400245772,80.4716693958075,80.9333429977017,80.95255278498131,,,,,,,,80.28730270865326,80.46675001413153,80.53503529020502,79.70128262951367,76.59369490833491,72.69076550361471,"rgba(239, 83, 80, 1.0)",0.0,0.0,2.9533307231598025,78.02810417399071,1.1535774843273268,0.0,0.0,0.0,0.0,0.0,0.0,0.0,0.0,54.459355090663024,5.610961653520448,True,False,True,False,True,5.711578049375138,0,0.9180597347598354,0.8208235818566816,False,False,False,False,0.251611808533784,0.24713902694736048,False,False,False,False,11708632.0,9901703.850307379,False,False,False,False,256732.3526053191,False,False,False,False
2025-09-16 17:00:00+00:00,81.115,81.585,81.035,81.39,290071.0,,,,,,81.32353307179459,81.0162539591639,80.55707022437332,80.96216425821267,80.97880313608633,,,,,,,,80.4032773475789,80.54838265446749,80.6061047226495,79.7646308462503,76.64202707654646,72.72616612499132,"rgba(239, 83, 80, 1.0)",0.0,0.0,2.9303333420439954,78.06999949117491,1.1329770784743858,0.0,0.0,0.0,0.0,0.0,0.0,0.0,0.0,54.93658470875237,5.610961653520448,True,False,True,False,True,5.63004328062874,0,0.9167711205815997,0.8152419152669846,False,False,False,False,0.24979536265955704,0.24846719480345875,False,False,False,False,11418561.0,9925221.015418893,False,False,False,False,257249.23085950018,False,False,False,False
2025-09-17 17:00:00+00:00,81.665,82.715,81.445,82.335,221050.0,,,,,,81.46751280421789,81.14330315837259,80.66958156132762,81.02428309931119,81.03752094018778,,,,,,,,80.54012665590413,80.65627311237957,80.70475963097934,79.83345558009829,76.68458548268676,72.75552586318524,"rgba(239, 83, 80, 1.0)",0.0,0.0,2.91059340719057,78.11548744206671,1.4497086908494512,0.0,0.0,0.0,0.0,0.0,0.0,0.0,0.0,57.357097229938745,2.6981359483322365,True,False,True,False,True,7.099885543274262,0,0.9189743589743593,0.8098960498960501,False,False,False,False,0.2732339548242053,0.260850574813832,False,False,False,False,11639611.0,9951800.70510232,False,False,False,False,256688.00247408156,False,False,False,False
2025-09-18 17:00:00+00:00,82.83,83.52,82.66,83.5,286660.0,,,,,,81.78696952544695,81.40462872361202,80.88231175938246,81.1625230315851,81.16957257103111,,,,,,,,80.7859890281034,80.86101346978077,80.89603212146177,79.95510179956841,76.74931265747459,72.79759427295168,"rgba(38, 166, 154, 1.0)",0.0,0.0,2.895695824202799,78.19481514338463,1.8320932786771265,0.0,0.0,0.0,0.0,0.0,0.0,0.0,0.0,61.056081375744775,6.310558376808942,True,False,True,False,True,8.862728490034645,0,0.9224706897992151,0.8092678715642323,False,False,False,False,0.30443307175659456,0.28264182328521326,False,False,False,False,11926271.0,9982412.647658873,False,False,False,False,257152.68460626635,False,False,False,False
2025-09-19 17:00:00+00:00,84.195,84.925,84.035,84.62,350818.0,,,,,84.52666666666666,82.28512958375013,81.8201077478373,81.2190651070455,81.40251024159792,81.40036163115916,,,,,,,,81.16274441928205,81.186604994332,81.20440231762919,80.14724256440995,76.84235708055,72.85498086778655,"rgba(38, 166, 154, 1.0)",0.0,0.0,2.9254839439493625,78.31805076048686,2.1541561533937545,0.0,0.0,0.0,0.0,0.0,0.0,0.0,0.0,65.11845003849874,10.101111594154176,True,False,True,False,True,10.505332747142518,0,0.925828365451269,0.8051850824899494,False,False,False,False,0.34282825124646626,0.31273503726583973,False,False,False,False,12277089.0,10017989.02521455,False,False,False,False,258604.86003872735,False,False,False,False
2025-09-22 17:00:00+00:00,84.775,85.28,84.34,85.165,479122.0,,,,,84.75854769019448,82.8109428589895,82.29814525749504,81.63471593518543,81.71552356451511,81.70316986541926,,,,,,,,81.61808283883639,81.59139862519135,81.59147448328505,80.40678368602559,76.97234908455152,72.93512035872239,"rgba(38, 166, 154, 1.0)",0.0,0.0,2.965040847142654,78.48312053868516,2.2535539325719687,0.0,0.0,0.0,0.0,0.0,0.0,0.0,0.0,68.51105787506955,13.181190299780113,True,False,True,False,True,11.291002162781417,0,0.9336553408838555,0.8013268931823233,False,False,False,False,0.3428282512905858,0.32778164427821277,False,False,False,False,12756211.0,10060442.07908719,False,False,False,False,262023.73042572383,False,False,False,False
2025-09-23 17:00:00+00:00,85.1,85.1,83.66,84.365,372696.0,,,,,84.63968654688534,83.02053596820257,82.52006080991264,81.8544253156816,81.88731677709913,81.87039099189144,,,,,,,,81.85510674540303,81.80746464355519,81.79969681201493,80.56755957643698,77.0637778335067,72.99388446704488,"rgba(38, 166, 154, 1.0)",0.0,0.0,2.964767865363946,78.58640070356586,1.949089965505537,0.0,0.0,0.0,0.0,0.0,0.0,0.0,0.0,67.95014013523672,13.181190299780113,True,False,True,False,True,9.744694289131512,0,0.9357815964523283,0.7995288248337034,False,False,False,False,0.32945009552487337,0.32861586990154307,False,False,False,False,12383515.0,10096458.713519948,False,False,False,False,263739.5795664103,False,False,False,False
2025-09-24 17:00:00+00:00,84.015,84.22,83.655,84.09,228058.0,,,,,84.53585839692718,83.09388122860898,82.61017074041274,81.95422248215688,81.96720704636334,81.94851150991519,,,,,,,,81.96172436334335,81.90635331958786,81.8954952233807,80.65031656503284,77.11571856813181,73.02833466932286,"rgba(38, 166, 154, 1.0)",0.0,0.0,2.9429555530769695,78.6404944084134,1.8517118227928857,0.0,0.0,0.0,0.0,0.0,0.0,0.0,0.0,66.64776016697712,13.181190299780113,True,False,True,False,False,9.215349864933053,0,0.9394396913269588,0.7977129117038532,False,False,False,False,0.3158008319398538,0.32220835092069844,False,False,False,False,12155457.0,10128381.1675739,False,False,False,False,263186.37678243493,False,False,False,False
2025-09-25 17:00:00+00:00,83.915,84.36,83.66,84.305,177805.0,,,,,84.4885993722512,83.15047732841427,82.67858163389522,82.03000269377576,82.02885483497131,82.00888615519013,,,,,,,,82.04223292521253,81.98154001383301,81.96851820747526,80.71433291044657,77.1563743247744,73.05533673609662,"rgba(38, 166, 154, 1.0)",0.0,0.0,2.8942143233611297,78.68262834372742,1.9426245011956054,0.0,0.0,0.0,0.0,0.0,0.0,0.0,0.0,66.20334217056879,13.181190299780113,True,False,True,False,False,9.541540356510279,0,0.9351669941060906,0.8029188885770421,False,False,False,False,0.31802924236687796,0.3201187966437882,False,False,False,False,12333262.0,10162565.366526244,False,False,False,False,261862.63450673825,False,False,False,False
2025-09-26 17:00:00+00:00,85.315,85.37,84.94,85.015,167608.0,,,,85.10833333333333,84.54708254345037,83.24829720497176,82.7788528238561,82.12880917887625,82.11022648085728,82.08846104006278,,,,,,,,82.146930679104,82.07904329892125,82.06324241330086,80.78969644298789,77.19971878797071,73.08296200848123,"rgba(38, 166, 154, 1.0)",0.0,0.0,2.797207788923371,79.32338265166523,2.0347495709374686,0.0,0.0,0.0,0.0,0.0,0.0,0.0,0.0,67.24960597503292,13.181190299780113,True,False,True,False,False,10.617286548498907,0,0.9453026082552547,0.7980923440533473,False,False,False,False,0.3428282513354162,0.33147352398960217,False,False,False,False,12500870.0,10198818.151541341,False,False,False,False,260401.32234384306,False,False,False,False
2025-09-29 17:00:00+00:00,84.435,84.795,84.135,84.695,224821.0,,,,84.78369227299716,84.54647402438603,83.32953152273517,82.8713150423504,82.2284041120148,82.19345557925504,82.1701312234285,,,,,,,84.54166666666667,82.25181266831396,82.17791326191616,82.15963562349498,80.87407351242685,77.25300921099016,73.1180821345335,"rgba(38, 166, 154, 1.0)",0.0,0.0,2.707378792841348,79.35683158429387,1.9717109515007336,0.0,0.0,0.0,0.0,0.0,0.0,0.0,0.0,66.66189956023399,13.181190299780113,True,False,True,False,False,9.97504119084363,0,0.9353193168367063,0.8052533679048538,False,False,False,False,0.32172127568551395,0.3265973998375581,False,False,False,False,12276049.0,10231023.28097481,False,False,False,False,259849.68943928732,False,False,False,False
2025-09-30 17:00:00+00:00,82.765,84.05,82.66,83.825,178743.0,,,,84.38562361250202,84.46161508395839,83.33819396294473,82.89694956985521,82.26917873184844,82.22837986203668,82.2047234459916,,,,,,83.51166666666666,84.08546817026956,82.29420532390111,82.21916936358123,82.20018871384082,80.92040418753975,77.28891894865313,73.14334723771782,"rgba(38, 166, 154, 1.0)",0.0,0.0,2.5645452541063674,79.36266308945599,1.7400109837792437,0.0,0.0,0.0,0.0,0.0,0.0,0.0,0.0,63.09730555606042,17.683782599116057,True,False,True,False,False,8.242717822630233,0,0.93656954179459,0.7989631002722593,False,False,False,False,0.28833081525282833,0.3074641075451932,False,False,False,False,12097306.0,10259957.89677365,False,False,False,False,258592.22138596504,False,False,False,False
2025-10-01 17:00:00+00:00,81.895,82.025,80.775,80.845,558892.0,,,,82.81753882081014,83.79903868987739,83.06332611246168,82.70983832978365,82.17390985782079,82.1508535246974,82.13087971901706,,,,,81.215,81.7715260460797,82.41860579254185,82.19146820955359,82.13061231701052,82.1157146533328,80.93574206267584,77.35811269565838,73.20423479857178,"rgba(239, 83, 80, 1.0)",0.0,0.0,2.467348852586412,79.28585701401144,0.6319102320509634,0.0,0.0,0.0,0.0,-1.0,82.66,80.72,428.0,54.02315454883113,9.327669127866649,False,False,False,False,False,2.705872907238163,0,0.930649228784236,0.7884581549469245,False,False,False,False,0.22782675714486766,0.26764543234503047,False,False,False,False,11538414.0,10279778.92162987,False,False,False,False,263248.03190711286,False,False,False,False
2025-10-02 17:00:00+00:00,80.485,80.72,80.235,80.49,386368.0,,,,82.22238766833372,83.38887718747498,82.85125548379077,82.55071604062252,82.07440280294854,82.06700925611982,82.04998729302045,,,,80.48166666666665,80.91525544999963,81.32814610073699,81.86377336356213,82.0858929476186,82.03585905064966,82.0242753376343,80.91996655846947,77.39571119403392,73.2419884209847,"rgba(239, 83, 80, 1.0)",0.0,0.0,2.3637473112307217,79.2490200067019,0.5250053537456852,0.0,0.0,0.0,0.0,0.0,0.0,0.0,0.0,47.42476821032416,3.6364848630760847,False,True,False,True,False,2.082628148469567,0,0.9257415473968061,0.8003378078051387,False,False,False,False,0.1971124459708342,0.23237893915793234,False,False,False,False,11152046.0,10293302.442224756,False,False,False,False,265156.86862173124,False,False,False,False
2025-10-03 17:00:00+00:00,81.31,81.335,80.59,80.68,254502.0,,,,82.02779569801396,83.19905734137454,82.74946863830097,82.47513137191214,82.02943004294785,82.02861879538699,82.01300431990039,,,,80.63521955570812,80.90530199878532,81.24325466477573,81.70576340266005,82.03830659175205,81.99327869092079,81.98318175240334,80.9188113831643,77.4230285825012,73.26796042317541,"rgba(239, 83, 80, 1.0)",0.0,0.0,2.275490882591241,79.24295847048182,0.6315303394587701,0.0,0.0,0.0,0.0,0.0,0.0,0.0,0.0,43.61553187694148,0.5403128241000985,False,True,False,True,False,2.4006352250978367,0,0.9245424542454248,0.7986198619861989,False,False,False,False,0.21044023011095653,0.22140958463444443,False,False,False,False,11406548.0,10310562.063275535,False,False,False,False,264991.676860154,False,False,False,False
2025-10-06 17:00:00+00:00,80.51,80.95,80.35,80.695,341335.0,,,,81.80757286201079,82.96658854390635,82.61520573237068,82.3722591790631,81.96444338504189,81.9724572979713,81.95869996048627,,,,80.64556882897834,80.85207791051873,81.12848901448197,81.52308427449995,81.96990581956243,81.93133717228805,81.92319233478337,80.91141738050092,77.45687575935276,73.3015927898476,"rgba(239, 83, 80, 1.0)",0.0,0.0,2.2286924680440374,79.23433868377768,0.6553893536977002,0.0,0.0,0.0,0.0,0.0,0.0,0.0,0.0,41.12688443742721,-1.5200999609288175,False,True,False,True,False,2.4261327265941866,0,0.9286833855799375,0.8131974921630098,False,False,False,False,0.20090882708389435,0.2111592058591694,False,False,False,False,11747883.0,10332846.108806146,False,False,False,False,266175.2942731749,False,False,False,False
2025-10-07 17:00:00+00:00,80.84,81.15,80.765,81.135,220523.0,,,,81.73280708481511,82.85748657144745,82.5513425698883,82.32424935294031,81.9361496871005,81.94768440507035,81.93480401951169,,,,80.71361048799065,80.8726814494613,81.11578036171582,81.47150587278803,81.94018822804763,81.90458621485702,81.89730021276526,80.91336167867318,77.48072592046734,73.3241891657618,"rgba(239, 83, 80, 1.0)",0.0,0.0,2.203651324997052,79.23715919727641,0.861225540173027,0.0,0.0,0.0,0.0,0.0,0.0,0.0,0.0,41.01958075009392,-1.6367237247238933,False,True,False,True,False,3.181118527600457,0,0.9326049120092829,0.8003932185908599,False,False,False,False,0.2095731185467241,0.21036616220294674,False,False,False,False,11968406.0,10358203.626499074,False,False,False,False,265467.5067650637,False,False,False,False
2025-10-08 17:00:00+00:00,80.925,80.96,79.54,79.74,278788.0,,,,81.55636876718307,82.67399950253697,82.43252475713663,82.2280725998153,81.86864588594781,81.88842799176483,81.8771715018179,,,,80.59437924058871,80.76437464222842,80.98565711391429,81.31277445554477,81.86965383142817,81.8395296064783,81.8339673346534,80.89434338856054,77.50255704336035,73.34911164673792,"rgba(239, 83, 80, 1.0)",0.0,0.0,2.1974124279200478,79.2230927623352,0.23523451087153113,0.0,0.0,0.0,0.0,-1.0,80.765,80.035,435.0,38.14087917342951,-4.527267813664707,False,True,False,True,False,0.6355775038727742,0,0.9212326556953857,0.7996127783155861,False,False,False,False,0.18264791536763963,0.1965070387852932,False,False,False,False,11689618.0,10378845.709809165,False,False,False,False,265674.0260400239,False,False,False,False
2025-10-09 17:00:00+00:00,79.9,80.035,79.32,79.89,133211.0,,,,81.46862066243537,82.58447389866822,82.37224604038116,82.17831403566832,81.8324300008484,81.85646875595205,81.84602726465225,,,,80.52458253727515,80.70210619555067,80.91558918298571,81.23191067275134,81.83190371876267,81.80449872336187,81.79980604143358,80.88198157264343,77.51153375105517,73.36037174293796,"rgba(239, 83, 80, 1.0)",0.0,0.0,2.198024598391527,79.2142685985828,0.3074266784419441,0.0,0.0,0.0,0.0,-1.0,79.54,79.21,435.0,36.77073929186044,-6.061247035449995,False,True,False,True,False,0.9002968399419409,0,0.915195951206852,0.8103101479366732,False,False,False,False,0.16266485619731896,0.17958594749130607,False,False,False,False,11822829.0,10401233.04764158,False,False,False,False,263620.3357138219,False,False,False,False
2025-10-10 17:00:00+00:00,78.77,79.21,77.64,77.65,481739.0,,,,80.97562043743588,82.14430486594118,82.05635518285338,81.90690003926765,81.61917201761575,81.66741057984724,81.6611474793211,,,78.16666666666667,79.98276595947658,80.24212298304032,80.44832877692079,80.74917604197383,81.61028871402276,81.59670745574643,81.59663666646934,80.78003645568273,77.52086884907655,73.3907625520365,"rgba(239, 83, 80, 1.0)",0.0,0.0,2.2250450790046266,79.26323980578266,-0.7250369086923566,0.0,0.0,0.0,0.0,-1.0,79.32,79.185,435.0,32.563365054170276,-10.239461574017099,False,True,False,True,False,0.0,0,0.9003950521339296,0.8210931934460208,False,False,False,False,0.1232779817319305,0.15143196461161829,False,False,False,False,11341090.0,10415804.47325954,False,False,False,False,267002.0204314371,False,False,False,False
2025-10-13 17:00:00+00:00,77.65,79.185,77.65,78.9,502657.0,,,,80.65249018307028,81.8084925771205,81.80358018742751,81.68741659356574,81.44515131311823,81.51064097910754,81.50756867958609,,,78.37687387155847,79.71115592387639,79.97729982230399,80.16662830607834,80.44279808899367,81.43035605318772,81.42693165443448,81.43023029726635,80.69703679276795,77.53636078414971,73.42476419330707,"rgba(239, 83, 80, 1.0)",0.0,0.0,2.2362797734685005,79.22067424581122,-0.1433963002374469,0.0,0.0,0.0,0.0,1.0,84.115,79.21,437.0,33.65696671724911,-10.239461574017099,False,True,False,True,False,0.0,0,0.9078960147625371,0.8199358995111532,False,False,False,False,0.12304339357673348,0.1372376790941759,False,False,False,False,11843747.0,10437943.117084974,False,False,False,False,270655.5860061435,False,False,False,False
2025-10-14 17:00:00+00:00,84.885,86.075,84.115,84.56,613556.0,,,84.91666666666667,81.25494606557805,82.12893642089053,82.05724620908177,81.9279686186057,81.67181642122807,81.70932407033716,81.70298857249952,,,80.88791870156301,80.70530203972034,80.78083186864748,80.90439612310988,81.10025441293115,81.66584110046357,81.65113355238192,81.65006000263287,80.8826617906195,77.66601873928616,73.51597567125405,"rgba(38, 166, 154, 1.0)",0.0,0.0,2.2731973196476267,79.53908991825259,2.2087436221883805,0.0,0.0,0.0,0.0,0.0,0.0,0.0,0.0,43.79375526545449,-13.873426728504775,False,True,False,True,True,8.023936071083345,0,0.9150686645603281,0.821315731848469,False,False,False,False,0.3407552380312815,0.2389964585627287,False,False,False,False,12457303.0,10469251.022246448,False,False,False,False,275971.87149442034,False,False,False,False
2025-10-15 17:00:00+00:00,86.57,86.67,85.84,86.48,712085.0,,,85.67585672390439,81.96988033849354,82.57788847723266,82.42640521799296,82.27825783677504,81.99993977950366,82.00230999939448,81.99161432248239,,,82.56547817848805,81.72581258431505,81.66213930811521,81.73304488025728,81.86224658565264,82.00489702653782,81.97579681954299,81.96917753895754,81.14726710378181,77.83914144944171,73.63293597854897,"rgba(38, 166, 154, 1.0)",0.0,0.0,2.3539516765419357,79.8626148338752,2.811181398526435,0.0,0.0,0.0,0.0,0.0,0.0,0.0,0.0,52.27338658713136,-6.338190096531633,False,False,True,False,True,10.614362262180915,0,0.9181203495013743,0.8056130167649513,False,False,False,False,0.34282825112687076,0.2909123548447997,False,False,False,False,13169388.0,10511113.611048829,False,False,False,False,282733.31534722,False,False,False,False
2025-10-16 17:00:00+00:00,85.155,85.305,83.005,83.995,399592.0,,,85.31124872408537,82.12605547030358,82.66409781564816,82.50387131986363,82.3561996027209,82.07985795466801,82.07444201678803,82.06297691030433,,84.10166666666667,82.79202160209633,81.94535331696405,81.86176374174184,81.92002314965265,82.03150820286403,82.08707764625143,82.05547223763294,82.04776878595035,81.22566216947871,77.90858442672956,73.68628336663699,"rgba(38, 166, 154, 1.0)",0.0,0.0,2.3612571224238357,79.94375976023741,1.7157132958074404,0.0,0.0,0.0,0.0,-1.0,85.84,83.93,439.0,53.932198101394775,-5.1052092677584255,False,False,True,False,True,6.453708723668754,0,0.90534076714499,0.8093410108765198,False,False,False,False,0.26834457677858786,0.27962846581169376,False,False,False,False,12769796.0,10546131.942660475,False,False,False,False,284545.0778999762,False,False,False,False
2025-10-17 17:00:00+00:00,83.425,83.93,83.025,83.215,447425.0,,,84.91559753997177,82.22187641802408,82.70734307642898,82.5474933532448,82.40341920315016,82.133361563906,82.12317920778685,82.11139602813329,,83.72573860579736,82.87676848469069,82.08081029668658,81.990034807675,82.03940139087943,82.13750716878288,82.14185332626117,82.10922062829663,82.10096203576788,81.28811217686732,77.97580713859678,73.74133747230633,"rgba(38, 166, 154, 1.0)",0.0,0.0,2.3573667302522106,80.00453306352095,1.3618869288681141,0.0,0.0,0.0,0.0,0.0,0.0,0.0,0.0,53.93891903855023,-5.010195768266122,False,False,True,False,True,5.20529056318372,0,0.900525814089358,0.823775406660312,False,False,False,False,0.23279513705032517,0.25621180143100947,False,False,False,False,12322371.0,10573670.532696746,False,False,False,False,287070.34801005415,False,False,False,False
2025-10-20 17:00:00+00:00,85.235,86.14,85.195,86.03,567116.0,,85.78833333333333,85.09624836452447,82.53453787632975,82.92365846152957,82.73783406596844,82.58866252711502,82.31324146450577,82.28756545071197,82.27392910582866,,84.55291007517208,83.32014110481889,82.47463614394509,82.35526928226832,82.38928505601551,82.46607818061719,82.32633279008823,82.28791444471679,82.27732705472921,81.44689119576611,78.09538960549342,73.82735165849623,"rgba(38, 166, 154, 1.0)",0.0,0.0,2.4215849232557654,80.16213335395102,2.423151296366583,0.0,0.0,0.0,0.0,1.0,84.65,83.93,441.0,56.85253997544848,-1.9734650928894553,True,False,True,False,True,8.934214609850535,0,0.8958435507601769,0.8214811181951939,False,False,False,False,0.3175368698275923,0.28687433562930087,False,False,False,False,12889487.0,10609574.663972765,False,False,False,False,291412.14106416184,False,False,False,False
2025-10-21 17:00:00+00:00,85.71,85.955,84.65,84.76,770445.0,,85.40432841692204,85.10182733375515,82.80986991888561,83.11505342243917,82.9139832514535,82.76395202269025,82.48924591842132,82.45033415920864,82.4352528130652,,84.75349603371146,83.62894983737948,82.80845137823354,82.67489769255248,82.69674187236207,82.75539425994162,82.50609970867865,82.46332168397467,82.45086969277443,81.61497526234722,78.23852029639153,73.93585140089519,"rgba(38, 166, 154, 1.0)",0.0,0.0,2.4567535213903637,80.32144191904881,1.806676185586277,0.0,0.0,0.0,0.0,-1.0,85.195,84.38,442.0,56.96148117554431,-1.443587577443509,True,False,True,False,True,6.919345884650387,0,0.8903380602294751,0.8301085853148361,False,False,False,False,0.30202146429651217,0.29444789996290655,False,False,False,False,12119042.0,10632977.258329775,False,False,False,False,298839.00709417486,False,False,False,False
2025-10-22 17:00:00+00:00,84.09,84.38,83.14,83.875,477837.0,,84.98160906130042,84.9456465623017,82.87107369237953,83.150063657848,82.95273635092745,82.8065204749705,82.53822458496808,82.49669837301784,82.4815187119438,83.79833333333333,84.5820681837104,83.64522705866912,82.88025787138926,82.7500185689451,82.76860460620571,82.82140471978668,82.55566409882807,82.51267861214093,82.49999995714211,81.6752048849095,78.30788735092624,73.99426490755114,"rgba(38, 166, 154, 1.0)",0.0,0.0,2.4754576007947335,80.3765892109131,1.4132380162616223,0.0,0.0,0.0,0.0,-1.0,84.65,84.59,443.0,55.80728047113405,-1.443587577443509,False,False,True,False,True,5.544490442219718,0,0.8820754716981137,0.840204606714041,False,False,False,False,0.23789260879599594,0.26617025437945124,False,False,False,False,11641205.0,10648608.696185129,False,False,False,False,301614.16977488535,False,False,False,False
2025-10-23 17:00:00+00:00,84.44,84.59,84.02,84.44,533656.0,,84.83812067609628,84.87534788740784,82.966728468619,83.21501216977616,83.0179279394472,82.87434304247891,82.61089308773307,82.56525524738258,82.54976065191157,84.08938846339026,84.5433191763679,83.71353416575435,82.99040460353316,82.86119956412514,82.8759946121828,82.92232203710924,82.62936928088276,82.58553340527436,82.5723854064394,81.75514770045795,78.3909209446625,74.06231462919112,"rgba(38, 166, 154, 1.0)",0.0,0.0,2.5003506907183355,80.45087160502999,1.5954275573335504,0.0,0.0,0.0,0.0,0.0,0.0,0.0,0.0,55.722731048190354,-1.443587577443509,False,False,True,False,True,6.295652909121689,0,0.890146287606956,0.8348820805348546,False,False,False,False,0.25150567038215904,0.25883796238080514,False,False,False,False,12174861.0,10672271.522600863,False,False,False,False,305211.7175303135,False,False,False,False
2025-10-24 17:00:00+00:00,86.375,86.88,86.26,86.415,462969.0,86.51833333333333,85.11474941409323,85.02794568231481,83.15542572139032,83.36316959294963,83.15410054803331,83.00815444390193,82.74228537325962,82.68817238586672,82.67164287499533,84.8520572724153,84.79321268101288,83.93107786066982,83.20577430930442,83.06913309916028,83.07863863990352,83.11712558319859,82.7631864151888,82.71632405188639,82.70193144970706,81.87552921280039,78.4866757803339,74.13292140681229,"rgba(38, 166, 154, 1.0)",0.0,0.0,2.5666387701769904,80.56292082292478,2.280055629593594,0.0,0.0,0.0,0.0,1.0,86.29,84.59,446.0,57.85967727783479,1.0426624338071946,True,False,True,False,True,8.847564317077829,0,0.8891911719753015,0.8350247600415728,False,False,False,False,0.34282824969707815,0.30083310603894164,False,False,False,False,12637830.0,10702745.297444262,False,False,False,False,307657.56687092874,False,False,False,False
2025-10-27 17:00:00+00:00,86.985,87.095,86.29,87.0,361192.0,86.63958365537802,85.30600436203241,85.14733607619685,83.30028262733249,83.47919363403776,83.2613466620878,83.11362050054224,82.84588623721312,82.78543818780203,82.76812793499353,85.23435991205315,84.97306040256714,84.0944873090438,83.36894614799051,83.22738463277034,83.23323693993215,83.26626125256321,82.86859100984772,82.81947090446836,82.80414878396626,81.97065254963326,78.56234763984165,74.18867103640781,"rgba(38, 166, 154, 1.0)",0.0,0.0,2.6383430713539195,80.65083408840906,2.4064974644608066,0.0,0.0,0.0,0.0,0.0,0.0,0.0,0.0,59.87770745023542,3.4362197998366852,True,False,True,False,True,9.581979197136203,0,0.8919473361910597,0.8338946723821189,False,False,False,False,0.34282824930829103,0.32183067767361634,False,False,False,False,12999022.0,10738346.486631172,False,False,False,False,308487.55808223214,False,False,False,False
2025-10-28 17:00:00+00:00,86.77,87.105,86.665,86.905,281978.0,86.70384489502074,85.43541012470214,85.23473406367724,83.40851039007572,83.56694513410515,83.34295245859093,83.19401715225227,82.92504790193779,82.85998297064197,82.84210452216524,85.45504227993028,85.0988108324946,84.21377248409908,83.48968673698657,83.34498794237624,83.34831130597368,83.377506952009,82.94905838443384,82.89831184243555,82.88231635899197,82.04383273876509,78.62115483430523,74.23218513627688,"rgba(38, 166, 154, 1.0)",0.0,0.0,2.6987306292047872,80.71817179220332,2.2924956425235004,0.0,0.0,0.0,0.0,0.0,0.0,0.0,0.0,61.04163752880626,4.981753780488866,True,False,True,False,True,9.426662940259401,0,0.8892520194857251,0.8400443978541038,False,False,False,False,0.34282824927996247,0.3323294634767894,False,False,False,False,12717044.0,10769023.967458595,False,False,False,False,308076.5571817324,False,False,False,False
2025-10-29 17:00:00+00:00,87.025,87.09,85.67,86.05,258859.0,86.62157030144611,85.49357869652874,85.28025828773627,83.48554140849609,83.62928346211234,83.40213356278049,83.2529558332747,82.98407057630419,82.91588152612337,82.8976444880039,85.54381145282407,85.1652805256107,84.29123788756375,83.57449975545516,83.42870145453105,83.43030925009263,83.45675387787144,83.00893660920421,82.95719179762882,82.94076302280837,82.10075011674591,78.670410832258,74.26992114802913,"rgba(38, 166, 154, 1.0)",0.0,0.0,2.7438928123680073,80.77046728926939,1.924103116176144,0.0,0.0,0.0,0.0,0.0,0.0,0.0,0.0,60.14088943169097,4.981753780488866,True,False,True,False,True,8.026520107416637,0,0.8822342275211131,0.8478638847491309,False,False,False,False,0.3171087149555736,0.3247190892161815,False,False,False,False,12458185.0,10795212.510598771,False,False,False,False,307313.49427968997,False,False,False,False
