date,Open,High,Low,Close,Volume,aVWAP_peak_868,aVWAP_peak_838,aVWAP_peak_798,aVWAP_peak_762,aVWAP_peak_727,aVWAP_peak_685,aVWAP_peak_684,aVWAP_peak_662,aVWAP_peak_638,aVWAP_peak_587,aVWAP_peak_559,aVWAP_peak_552,aVWAP_peak_539,aVWAP_peak_473,aVWAP_valley_881,aVWAP_valley_851,aVWAP_valley_824,aVWAP_valley_772,aVWAP_valley_741,aVWAP_valley_712,aVWAP_valley_672,aVWAP_valley_615,aVWAP_valley_581,aVWAP_valley_580,aVWAP_valley_556,aVWAP_valley_528,aVWAP_valley_522,aVWAP_valley_437,aVWAP_valley_434,aVWAP_valley_398,aVWAP_valley_384,aVWAP_valley_360,aVWAP_valley_330,aVWAP_valley_298,aVWAP_valley_239,aVWAP_valley_177,aVWAP_OB_bull_851,aVWAP_OB_bear_638,aVWAP_OB_bear_559,Peaks_avg,Valleys_avg,color,StDev,StDev_Mean,StdDev_ZScore,QQEMOD,QQE1_Value,QQE1_Above_Upper,QQE1_Below_Lower,QQE2_Above_Threshold,QQE2_Below_Threshold,QQE2_Above_TL,banker_RSI,OB,OB_High,OB_Low,OB_Mitigated_Index,TTM_squeeze_Active,VI_plus,VI_minus,VI_Regular_Bullish,VI_Regular_Bearish,VI_Hidden_Bullish,VI_Hidden_Bearish,Fisher,Fisher_Signal,Fisher_Regular_Bullish,Fisher_Regular_Bearish,Fisher_Hidden_Bullish,Fisher_Hidden_Bearish,OBV,OBV_Smoothed,OBV_Regular_Bullish,OBV_Regular_Bearish,OBV_Hidden_Bullish,OBV_Hidden_Bearish,Volume_MA,Vol_Regular_Bullish,Vol_Regular_Bearish,Vol_Hidden_Bullish,Vol_Hidden_Bearish
2025-02-27 15:00:00+00:00,4.68,4.7,4.61,4.61,832.0,,,,,,,,,,,,,,,,,,,,,,,,,,,,,,,,,,,,,,,,,,#000000,,,,,,False,False,False,False,False,,0.0,0.0,0.0,0.0,0,,,False,False,False,False,,,False,False,False,False,0.0,0.0,False,False,False,False,832.0,False,False,False,False
2025-02-27 16:00:00+00:00,4.615,4.65,4.605,4.62,945.0,,,,,,,,,,,,,,,,,,,,,,,,,,,,,,,,,,,,,,,,,,"rgba(38, 166, 154, 0.5)",,,,100.0,,False,False,True,False,False,,0.0,0.0,0.0,0.0,0,,,False,False,False,False,,,False,False,False,False,945.0,14.651162790697674,False,False,False,False,833.7519379844961,False,False,False,False
2025-02-27 17:00:00+00:00,4.62,4.68,4.61,4.67,711.0,,,,,,,,,,,,,,,,,,,,,,,,,,,,,,,,,,,,,,,,,,"rgba(38, 166, 154, 0.5)",,,,100.0,50.0,False,False,True,False,True,,0.0,0.0,0.0,0.0,0,,,False,False,False,False,,,False,False,False,False,1656.0,40.098431584640345,False,False,False,False,831.848807163031,False,False,False,False
2025-02-27 18:00:00+00:00,4.68,4.7,4.675,4.7,307.0,,,,,,,,,,,,,,,,,,,,,,,,,,,,,,,,,,,,,,,,,,"rgba(38, 166, 154, 0.5)",,,,100.0,50.0,False,False,True,False,True,,0.0,0.0,0.0,0.0,0,,,False,False,False,False,,,False,False,False,False,1963.0,69.91085900193275,False,False,False,False,823.7116163543019,False,False,False,False
2025-02-27 19:00:00+00:00,4.7,4.705,4.67,4.675,1211.0,,,,,,,,,,,,,,,,,,,,,,,,,,,,,,,,,,,,,,,,,,"rgba(38, 166, 154, 0.5)",,,,91.51358524830611,42.3622267234755,False,False,True,False,False,,0.0,0.0,0.0,0.0,0,,,False,False,False,False,,,False,False,False,False,752.0,80.48588444376324,False,False,False,False,829.7160874185763,False,False,False,False
2025-02-27 20:00:00+00:00,4.675,4.71,4.655,4.68,6325.0,,,,,,,,,,,,,,,,,,,,,,,,,,,,,,,,,,,,,,,,,,"rgba(38, 166, 154, 0.5)",,,,86.31576688007195,38.19337507716638,False,False,True,False,False,,0.0,0.0,0.0,0.0,0,,,False,False,False,False,,,False,False,False,False,7077.0,188.95897150665064,False,False,False,False,914.9142876136372,False,False,False,False
2025-02-28 15:00:00+00:00,4.575,4.625,4.575,4.615,526.0,,,,,,,,,,,,,,,,,,,,,,,,,,,,,,,,,,,,,,,,,,"rgba(38, 166, 154, 0.5)",,,,71.66291265020722,25.589240644436387,False,False,True,False,False,,0.0,0.0,0.0,0.0,0,,,False,False,False,False,,,False,False,False,False,6551.0,287.5952665220514,False,False,False,False,908.8846087359063,False,False,False,False
2025-02-28 16:00:00+00:00,4.615,4.625,4.6,4.605,660.0,,,,,,,,,,,,,,,,,,,,,,,,,,,,,,,,,,,,,,,,,,"rgba(38, 166, 154, 0.5)",,,,60.89081790980141,17.048482928468218,False,False,True,False,False,,0.0,0.0,0.0,0.0,0,,,False,False,False,False,,,False,False,False,False,5891.0,374.4697585139576,False,False,False,False,905.0259326314736,False,False,False,False
2025-02-28 17:00:00+00:00,4.605,4.65,4.58,4.58,591.0,,,,,,,,,,,,,,,,,,,,,,,,,,,,,,,,,,,,,,,,,,"rgba(239, 83, 80, 0.5)",,,,51.52440005907759,9.800455957710199,False,False,False,True,False,,0.0,0.0,0.0,0.0,0,,,False,False,False,False,,,False,False,False,False,5300.0,450.8345684594776,False,False,False,False,900.157313520908,False,False,False,False
2025-02-28 18:00:00+00:00,4.58,4.625,4.555,4.605,1069.0,,,,,,,,,,,,,,,,,,,,,,,,,,,,,,,,,,,,,,,,,,"rgba(239, 83, 80, 0.5)",,,,48.81617773343275,8.387783791862653,False,False,False,True,False,,0.0,0.0,0.0,0.0,0,,,False,False,False,False,,,False,False,False,False,6369.0,542.5890712740593,False,False,False,False,902.7750295903512,False,False,False,False
2025-02-28 19:00:00+00:00,4.605,4.605,4.55,4.6,1504.0,,,,,,,,,,,,,,,,,,,,,,,,,,,,,,,,,,,,,,,,,,"rgba(239, 83, 80, 0.5)",,,,46.51455075463862,6.762607370881,False,False,False,True,False,,0.0,0.0,0.0,0.0,0,,,False,False,False,False,,,False,False,False,False,4865.0,609.6031942000428,False,False,False,False,912.0963469610434,False,False,False,False
2025-02-28 20:00:00+00:00,4.59,4.65,4.58,4.61,9914.0,,,,,,,,,,,,,,,,,,,,,,,,,,,,,,,,,,,,,,,,,,"rgba(239, 83, 80, 0.5)",,,,46.36725112238902,6.65304379420666,False,False,False,True,False,,0.0,0.0,0.0,0.0,0,,,False,False,False,False,,,False,False,False,False,14779.0,829.2837648326002,False,False,False,False,1051.6607446825776,False,False,False,False
2025-03-03 15:00:00+00:00,4.435,4.435,4.36,4.38,1949.0,,,,,,,,,,,,,,,,,,,,,,,,,,,,,,,,,,,,,,,,,,"rgba(239, 83, 80, 0.5)",,,,36.29325711512426,-2.80083144363617,False,False,False,True,False,,0.0,0.0,0.0,0.0,0,,,False,False,False,False,,,False,False,False,False,12830.0,1015.3413808817072,False,False,False,False,1065.5729811991266,False,False,False,False
2025-03-03 16:00:00+00:00,4.38,4.39,4.33,4.36,723.0,,,,,,,,,,,,,,,,,,,,,,,,,,,,,,,,,,,,,,,,,,"rgba(239, 83, 80, 0.5)",,,,29.255711162610517,-9.173983246118084,False,False,False,True,False,,0.0,0.0,0.0,0.0,0,,,False,False,False,False,,,False,False,False,False,12107.0,1187.305080402921,False,False,False,False,1060.2617721882873,False,False,False,False
2025-03-03 17:00:00+00:00,4.36,4.375,4.31,4.325,1332.0,,,,,,,,,,,,,,,,,,,,,,,,,,,,,,,,,,,,,,,,,,"rgba(239, 83, 80, 0.5)",,,,24.031433078404234,-13.91343348953422,False,False,False,True,False,,0.0,0.0,0.0,0.0,0,,,False,False,False,False,,,False,False,False,False,10775.0,1335.9515132648912,False,False,False,False,1064.474767968314,False,False,False,False
2025-03-03 18:00:00+00:00,4.325,4.325,4.205,4.235,2204.0,,,,,,,,,,,,,,,,,,,,,,,,,,,,,,,,,,,,,,,,,,"rgba(239, 83, 80, 0.5)",,,,19.491810424728687,-18.171009397018985,False,False,False,True,False,,0.0,0.0,0.0,0.0,0,,,False,False,False,False,,,False,False,False,False,8571.0,1448.1228076328773,False,False,False,False,1082.1418258292701,False,False,False,False
2025-03-03 19:00:00+00:00,4.235,4.28,4.215,4.215,1371.0,,,,,,,,,,,,,,,,,,,,,,,,,,,,,,,,,,,,,,,,,,"rgba(239, 83, 80, 0.5)",,,,16.274032809412155,-21.379986540371853,False,False,False,True,False,,0.0,0.0,0.0,0.0,0,,,False,False,False,False,,,False,False,False,False,7200.0,1537.2991982122126,False,False,False,False,1086.6202471342426,False,False,False,False
2025-03-03 20:00:00+00:00,4.215,4.25,4.14,4.245,4891.0,,,,,,,,,,,,,,,,,,,,,,,,,,,,,,,,,,,,,,,,,,"rgba(239, 83, 80, 0.5)",,,,16.68701282342365,-21.413915448911105,False,False,False,True,False,,0.0,0.0,0.0,0.0,0,,,False,False,False,False,,,False,False,False,False,12091.0,1700.9224664569842,False,False,False,False,1145.6028789616187,False,False,False,False
2025-03-04 15:00:00+00:00,4.155,4.2,4.135,4.155,1223.0,,,,,,,,,,,,,,,,,,,,,,,,,,,,,,,,,,,,,,,,,,"rgba(239, 83, 80, 0.5)",,4.163333333333334,,15.659560168112044,-23.100607418230638,False,False,False,True,False,,0.0,0.0,0.0,0.0,0,,,False,False,False,False,,,False,False,False,False,10868.0,1843.0476995351705,False,False,False,False,1146.8028343265548,False,False,False,False
2025-03-04 16:00:00+00:00,4.155,4.24,4.135,4.225,821.0,,,,,,,,,,,,,,,,,,,,,,,,,,,,,,,,,,,,,,,,,,"rgba(239, 83, 80, 0.5)",,4.189030495759948,,19.679386949117358,-23.100607418230638,False,False,False,True,False,,0.0,0.0,0.0,0.0,0,,,False,False,False,False,,,False,False,False,False,11689.0,1995.698122798191,False,False,False,False,1141.7516275928099,False,False,False,False
2025-03-04 17:00:00+00:00,4.225,4.29,4.225,4.26,2236.0,,,,,,,,,,,,,,,,,,,,,,,,,,,,,,,,,,,,,,,,,,"rgba(239, 83, 80, 0.5)",,4.231332383187761,,24.387027714532486,-23.100607418230638,False,False,False,True,True,,0.0,0.0,0.0,0.0,0,,,False,False,False,False,,,False,False,False,False,13925.0,2180.648539498994,False,False,False,False,1158.7167186378827,False,False,False,False
2025-03-04 18:00:00+00:00,4.26,4.345,4.255,4.335,1087.0,,,,,,,,,,,,,,,,,,,,,,,,,,,,,,,,,,,,,,,,,,"rgba(239, 83, 80, 0.5)",,4.24966496087889,,31.247270134110465,-29.361380816481912,False,False,False,True,True,,0.0,0.0,0.0,0.0,0,,,False,False,False,False,,,False,False,False,False,15012.0,2379.584221057149,False,False,False,False,1157.6048315272178,False,False,False,False
2025-03-04 19:00:00+00:00,4.335,4.37,4.325,4.345,1412.0,,,,,,,,,,,,,,,,,,,,,,,,,,,,,,,,,,,,,,,,,,"rgba(239, 83, 80, 0.5)",,4.271838717550773,,36.27342225107418,-24.47678478774906,False,False,False,True,True,,0.0,0.0,0.0,0.0,0,,,False,False,False,False,,,False,False,False,False,16424.0,2597.3271013508365,False,False,False,False,1161.5489426663307,False,False,False,False
2025-03-04 20:00:00+00:00,4.35,4.42,4.3,4.305,2719.0,,,,,,,,,,,,,,,,,,,,,,,,,,,,,,,,,,,,,,,,,,"rgba(239, 83, 80, 0.5)",,4.293078019393281,,38.080868200024796,-22.510671048608334,False,False,False,True,True,,0.0,0.0,0.0,0.0,0,,,False,False,False,False,,,False,False,False,False,13705.0,2769.5390842756296,False,False,False,False,1185.6954706870076,False,False,False,False
2025-03-05 15:00:00+00:00,4.35,4.495,4.315,4.445,2815.0,,,,,,,,,,,,,,,,,,,,,,,,,,,,,,,,,,,,,,,,,,"rgba(239, 83, 80, 0.5)",,4.323180338031279,,44.774149332039926,-15.961509074127719,False,False,False,True,True,,0.0,0.0,0.0,0.0,0,,,False,False,False,False,,,False,False,False,False,16520.0,2982.7245248294957,False,False,False,False,1210.9560060251936,False,False,False,False
2025-03-05 16:00:00+00:00,4.45,4.485,4.415,4.44,970.0,,,,,,,,,,,,,,,,,,,,,,,,,,,,,,,,,,,,,,,,,,#000000,,4.332624319196135,,49.01883469589501,-11.804102171233524,False,False,False,False,True,,0.0,0.0,0.0,0.0,0,,,False,False,False,False,,,False,False,False,False,15550.0,3177.5660050646975,False,False,False,False,1207.2202539937953,False,False,False,False
2025-03-05 17:00:00+00:00,4.44,4.51,4.43,4.505,1300.0,,,,,,,,,,,,,,,,,,,,,,,,,,,,,,,,,,,,,,,,,,"rgba(38, 166, 154, 0.5)",,4.346485479099232,,53.84504747339232,-7.08345141181578,False,False,True,False,True,,0.0,0.0,0.0,0.0,0,,,False,False,False,False,,,False,False,False,False,16850.0,3389.541725916408,False,False,False,False,1208.65869966831,False,False,False,False
2025-03-05 18:00:00+00:00,4.52,4.54,4.455,4.535,1400.0,,,,,,,,,,,,,,,,,,,,,,,,,,,,,,,,,,,,,,,,,,"rgba(38, 166, 154, 0.5)",,4.361372511940477,,57.89228872584876,-3.071354020767579,False,False,True,False,True,,0.0,0.0,0.0,0.0,0,,,False,False,False,False,,,False,False,False,False,18250.0,3619.9364278401845,False,False,False,False,1211.6252314563983,False,False,False,False
2025-03-05 19:00:00+00:00,4.535,4.59,4.525,4.575,2165.0,,,,,,,,,,,,,,,,,,,,,,,,,,,,,,,,,,,,,,,,,,"rgba(38, 166, 154, 0.5)",,4.3863023438798034,,61.64259280594076,0.7199732898786024,False,False,True,False,True,,0.0,0.0,0.0,0.0,0,,,False,False,False,False,,,False,False,False,False,20415.0,3880.32501035429,False,False,False,False,1226.4062356198651,False,False,False,False
2025-03-05 20:00:00+00:00,4.575,4.62,4.555,4.57,2798.0,,,,,,,,,,,,,,,,,,,,,,,,,,,,,,,,,,,,,,,,,,"rgba(38, 166, 154, 0.5)",,4.413176344488919,,63.845896930417965,3.166106650105249,False,False,True,False,True,,0.0,0.0,0.0,0.0,0,,,False,False,False,False,,,False,False,False,False,17617.0,4093.296715620115,False,False,False,False,1250.7720304164563,False,False,False,False
2025-03-06 15:00:00+00:00,4.455,4.595,4.455,4.56,2643.0,,,,,,,,,,,,,,,,,,,,,,,,,,,,,,,,,,,,,,,,,,"rgba(38, 166, 154, 0.5)",,4.427367940724858,,64.67392424062803,4.493933551386455,False,False,True,False,True,,0.0,0.0,0.0,0.0,0,,,False,False,False,False,,,False,False,False,False,14974.0,4261.9897897965475,False,False,False,False,1272.3569601774416,False,False,False,False
2025-03-06 16:00:00+00:00,4.565,4.625,4.485,4.49,550.0,,,,,,,,,,,,,,,,,,,,,,,,,,,,,,,,,,,,,,,,,,"rgba(38, 166, 154, 0.5)",,4.429842485307748,,61.211872020769995,4.493933551386455,False,False,True,False,True,,0.0,0.0,0.0,0.0,0,,,False,False,False,False,,,False,False,False,False,14424.0,4419.540335691175,False,False,False,False,1261.1576274615122,False,False,False,False
2025-03-06 17:00:00+00:00,4.485,4.525,4.465,4.505,1758.0,,,,,,,,,,,,,,,,,,,,,,,,,,,,,,,,,,,,,,,,,,"rgba(38, 166, 154, 0.5)",,4.434595513978421,,59.542762285784306,4.493933551386455,False,False,True,False,False,,0.0,0.0,0.0,0.0,0,,,False,False,False,False,,,False,False,False,False,16182.0,4601.904051416893,False,False,False,False,1268.8606099814888,False,False,False,False
2025-03-06 18:00:00+00:00,4.505,4.53,4.46,4.46,669.0,,,,,,,,,,,,,,,,,,,,,,,,,,,,,,,,,,,,,,,,,,"rgba(38, 166, 154, 0.5)",,4.435848485607499,,56.10739353618643,4.493933551386455,False,False,True,False,False,,0.0,0.0,0.0,0.0,0,,,False,False,False,False,,,False,False,False,False,15513.0,4771.0683296894995,False,False,False,False,1259.5604454856516,False,False,False,False
2025-03-06 19:00:00+00:00,4.46,4.625,4.455,4.535,1191.0,,,,,,,,,,,,,,,,,,,,,,,,,,,,,,,,,,,,,,,,,,"rgba(38, 166, 154, 0.5)",,4.440340908923144,,57.00861453413235,4.493933551386455,False,False,True,False,False,,0.0,0.0,0.0,0.0,0,,,False,False,False,False,,,False,False,False,False,16704.0,4956.075022252453,False,False,False,False,1258.497492842463,False,False,False,False
2025-03-06 20:00:00+00:00,4.525,4.585,4.51,4.545,5701.0,,,,,,,,,,,,,,,,,,,,,,,,,,,,,,,,,,,,,,,,,,"rgba(38, 166, 154, 0.5)",,4.458781558211625,,57.98717104961446,4.493933551386455,False,False,True,False,False,,0.0,0.0,0.0,0.0,0,,,False,False,False,False,,,False,False,False,False,22405.0,5226.600990899701,False,False,False,False,1327.3735007053706,False,False,False,False
2025-03-07 15:00:00+00:00,4.7,4.74,4.635,4.65,376.0,,,,,,,,,,,,,,,,,,,,,,,,,,,,,,,,,,,,,,,,,,"rgba(38, 166, 154, 0.5)",,4.532485547942413,,61.914508862395124,4.493933551386455,False,False,True,False,True,,0.0,0.0,0.0,0.0,0,,,False,False,False,False,,,False,False,False,False,22781.0,5498.762215846993,False,False,False,False,1312.6235239502485,False,False,False,False
2025-03-07 16:00:00+00:00,4.64,4.64,4.54,4.565,827.0,,,,,,,,,,,,,,,,,,,,,,,,,,,,,,,,,,,,,,,,,,"rgba(38, 166, 154, 0.5)",,4.5130474608081075,,60.286278882830786,4.493933551386455,False,False,True,False,True,,0.0,0.0,0.0,0.0,1,,,False,False,False,False,,,False,False,False,False,21954.0,5753.882181492776,False,False,False,False,1305.0944770672988,False,False,False,False
2025-03-07 17:00:00+00:00,4.565,4.65,4.54,4.6,848.0,,,,,,,,,,,,,,,,,,,,,,,,,,,,,,,,,,,,,,,,,,"rgba(38, 166, 154, 0.5)",,4.513240195265976,,60.31783221534202,4.493933551386455,False,False,True,False,True,,0.0,0.0,0.0,0.0,1,,,False,False,False,False,,,False,False,False,False,22802.0,6018.1940856556785,False,False,False,False,1298.007740988736,False,False,False,False
2025-03-07 18:00:00+00:00,4.6,4.625,4.55,4.595,736.0,,,,,,,,,,,,,,,,,,,,,,,,,,,,,,,,,,,,,,,,,,"rgba(38, 166, 154, 0.5)",,4.513609457519991,,60.08972607345354,4.493933551386455,False,False,True,False,True,,0.0,0.0,0.0,0.0,1,,,False,False,False,False,,,False,False,False,False,22066.0,6266.997278126133,False,False,False,False,1289.294442678833,False,False,False,False
2025-03-07 19:00:00+00:00,4.59,4.665,4.59,4.64,343.0,,,,,,,,,,,,,,,,,,,,,,,,,,,,,,,,,,,,,,,,,,"rgba(38, 166, 154, 0.5)",,4.515756710001054,,61.436241651290125,5.620552672297023,False,False,True,False,True,,0.0,0.0,0.0,0.0,1,,,False,False,False,False,,,False,False,False,False,22409.0,6517.2608862172,False,False,False,False,1274.6232110093938,False,False,False,False
2025-03-07 20:00:00+00:00,4.65,4.71,4.64,4.655,5955.0,,,,,,,,,,,,,,,,,,,,,,,,,,,,,,,,,,,,,,,,,,"rgba(38, 166, 154, 1.0)",,4.548367552584214,,62.81327945661301,7.401396591628959,True,False,True,False,True,,0.0,0.0,0.0,0.0,1,,,False,False,False,False,,,False,False,False,False,28364.0,6855.9700197642205,False,False,False,False,1347.1871922340542,False,False,False,False
2025-03-10 14:00:00+00:00,4.585,4.615,4.525,4.535,303.0,,,,,,,,,,,,,,,,,,,,,,,,,,,,,,,,,,,,,,,,,,"rgba(38, 166, 154, 0.75)",,4.547702748863485,,57.93631067979554,7.401396591628959,True,False,True,False,False,,0.0,0.0,0.0,0.0,1,,,False,False,False,False,,,False,False,False,False,28061.0,7184.730174496558,False,False,False,False,1330.9982435172471,False,False,False,False
2025-03-10 15:00:00+00:00,4.55,4.655,4.525,4.57,503.0,,,,,,,,,,,,,,,,,,,,,,,,,,,,,,,,,,,,,,,,,,"rgba(38, 166, 154, 0.75)",,4.547338329873406,,56.06745661486511,11.470206611929392,True,False,True,False,False,,0.0,0.0,0.0,0.0,1,,,False,False,False,False,,,False,False,False,False,28564.0,7516.191722178782,False,False,False,False,1318.1610614472122,False,False,False,False
2025-03-10 16:00:00+00:00,4.57,4.57,4.57,4.57,0.0,,,,,,,,,,,,,,,,,,,,,,,,,,,,,,,,,,,,,,,,,,"rgba(38, 166, 154, 0.75)",,4.547338329873406,,54.8215539049115,10.118756321545298,True,False,True,False,False,,0.0,0.0,0.0,0.0,1,,,False,False,False,False,,,False,False,False,False,28564.0,7842.51433113725,False,False,False,False,1297.7244558433795,False,False,False,False
2025-03-10 17:00:00+00:00,4.57,4.57,4.505,4.55,507.0,,,,,,,,,,,,,,,,,,,,,,,,,,,,,,,,,,,,,,,,,,"rgba(38, 166, 154, 0.75)",,4.546052448979887,,53.036504851929514,8.232773625720654,True,False,True,False,False,,0.0,0.0,0.0,0.0,1,,,False,False,False,False,,,False,False,False,False,28057.0,8155.917209724269,False,False,False,False,1285.465161954335,False,False,False,False
2025-03-10 18:00:00+00:00,4.55,4.565,4.49,4.505,529.0,,,,,,,,,,,,,,,,,,,,,,,,,,,,,,,,,,,,,,,,,,#000000,,4.544337420638083,,49.84054822114445,5.0839643756431485,False,False,False,False,False,,0.0,0.0,0.0,0.0,1,,,False,False,False,False,,,False,False,False,False,27528.0,8456.259578565752,False,False,False,False,1273.7370199085312,False,False,False,False
2025-03-10 19:00:00+00:00,4.505,4.58,4.505,4.56,3659.0,,,,,,,,,,,,,,,,,,,,,,,,,,,,,,,,,,,,,,,,,,#000000,,4.539914405480848,,50.41123728368839,5.0839643756431485,False,False,False,False,False,,0.0,0.0,0.0,0.0,1,,,False,False,False,False,,,False,False,False,False,31187.0,8808.674158743028,False,False,False,False,1310.7178413052982,False,False,False,False
2025-03-11 14:00:00+00:00,4.605,4.665,4.55,4.55,485.0,,,,,,,,,,,,,,,,,,,,,,,,,,,,,,,,,,,,,,,,,,#000000,,4.540248490705489,,50.3023376959487,5.0839643756431485,False,False,False,False,False,,0.0,0.0,0.0,0.0,1,,,False,False,False,False,,,False,False,False,False,30702.0,9148.10556713461,False,False,False,False,1297.9160143083168,False,False,False,False
2025-03-11 15:00:00+00:00,4.55,4.64,4.55,4.575,854.0,,,,,,,,,,,,,,,,,,,,,,,,,,,,,,,,,,,,,,,,,,#000000,,4.540843263581117,,51.46353467451479,5.0839643756431485,True,False,False,False,False,1.60553823851021,0.0,0.0,0.0,0.0,1,,,False,False,False,False,,,False,False,False,False,31556.0,9495.514783148026,False,False,False,False,1291.033595481831,False,False,False,False
2025-03-11 16:00:00+00:00,4.565,4.585,4.515,4.515,411.0,,,,,,,,,,,,,,,,,,,,,,,,,,,,,,,,,,,,,,,,,,#000000,,4.540433349418607,,49.246900139244936,3.7198038274273273,False,False,False,False,False,0.0,0.0,0.0,0.0,0.0,1,,,False,False,False,False,,,False,False,False,False,31145.0,9831.16571674263,False,False,False,False,1277.3896637689343,False,False,False,False
2025-03-11 17:00:00+00:00,4.515,4.55,4.485,4.51,852.0,,,,,,,,,,,,,,,,,,,,,,,,,,,,,,,,,,,,,,,,,,"rgba(239, 83, 80, 0.5)",,4.533009596507418,,47.53912895872013,1.9248194037318385,False,False,False,True,False,0.0,0.0,0.0,0.0,0.0,1,,,False,False,False,False,,,False,False,False,False,30293.0,10148.403457568324,False,False,False,False,1270.7944751833693,False,False,False,False
2025-03-11 18:00:00+00:00,4.51,4.565,4.51,4.555,1429.0,,,,,,,,,,,,,,,,,,,,,,,,,,,,,,,,,,,,,,,,,,#000000,,4.536824451888604,,48.91277220929942,1.9248194037318385,False,False,False,False,False,0.5227225904227488,0.0,0.0,0.0,0.0,1,,,False,False,False,False,,,False,False,False,False,31722.0,10482.877822567265,False,False,False,False,1273.2472740177357,False,False,False,False
2025-03-11 19:00:00+00:00,4.555,4.56,4.495,4.505,6392.0,,,,,,,,,,,,,,,,,,,,,,,,,,,,,,,,,,,,,,,,,,"rgba(239, 83, 80, 0.5)",,4.530172630388009,,47.344151666776185,1.56106891884491,False,False,False,True,False,0.0,0.0,0.0,0.0,0.0,1,,,False,False,False,False,,,False,False,False,False,25330.0,10713.065763302657,False,False,False,False,1352.6077813973056,False,False,False,False
2025-03-12 14:00:00+00:00,4.6,4.605,4.54,4.59,460.0,,,,,,,,,,,,,,,,,,,,,,,,,,,,,,,,,,,,,,,,,,#000000,,4.531138835848943,,50.3202126687324,1.56106891884491,False,False,False,False,True,2.332949926920424,0.0,0.0,0.0,0.0,1,,,False,False,False,False,,,False,False,False,False,25790.0,10946.816681701064,False,False,False,False,1338.7689010655645,False,False,False,False
2025-03-12 15:00:00+00:00,4.59,4.59,4.535,4.575,1217.0,,,,,,,,,,,,,,,,,,,,,,,,,,,,,,,,,,,,,,,,,,"rgba(38, 166, 154, 1.0)",,4.532782260000872,,51.532098351156336,1.56106891884491,True,False,True,False,True,1.5267123930987196,0.0,0.0,0.0,0.0,1,,,False,False,False,False,,,False,False,False,False,24573.0,11158.07533779872,False,False,False,False,1336.8810111265634,False,False,False,False
2025-03-12 16:00:00+00:00,4.575,4.585,4.56,4.565,1598.0,,,,,,,,,,,,,,,,,,,,,,,,,,,,,,,,,,,,,,,,,,"rgba(38, 166, 154, 1.0)",,4.534754838503077,,51.80137551141984,-2.3533271989515328,True,False,True,False,True,0.987791620260694,0.0,0.0,0.0,0.0,1,,,False,False,False,False,,,False,False,False,False,22975.0,11341.283472096415,False,False,False,False,1340.929367543206,False,False,False,False
2025-03-12 17:00:00+00:00,4.565,4.645,4.54,4.63,322.0,,,,,,,,,,,,,,,,,,,,,,,,,,,,,,,,,,,,,,,,,,"rgba(38, 166, 154, 1.0)",,4.535527424362858,,54.83506872324449,0.6355512700425763,True,False,True,False,True,4.290548580221664,0.0,0.0,0.0,0.0,1,,,False,False,False,False,,,False,False,False,False,23297.0,11526.643418265463,False,False,False,False,1325.1320130076522,False,False,False,False
2025-03-12 18:00:00+00:00,4.63,4.66,4.615,4.63,892.0,,,,,,,,,,,,,,,,,,,,,,,,,,,,,,,,,,,,,,,,,,"rgba(38, 166, 154, 1.0)",,4.53847975971976,,56.85753086446093,2.5950664598539035,True,False,True,False,True,4.290548580221664,0.0,0.0,0.0,0.0,1,,,False,False,False,False,,,False,False,False,False,23297.0,11709.129566819487,False,False,False,False,1318.4167879997815,False,False,False,False
2025-03-12 19:00:00+00:00,4.63,4.685,4.58,4.685,2213.0,,,,,,,,,,,,,,,,,,,,,,,,,,,,,,,,,,,,,,,,,,"rgba(38, 166, 154, 1.0)",,4.545828466739516,,60.30868945758523,5.83132172095079,True,False,True,False,True,6.965403600222839,0.0,0.0,0.0,0.0,0,,,False,False,False,False,,,False,False,False,False,25510.0,11923.09655027965,False,False,False,False,1332.2862951625755,False,False,False,False
2025-03-13 14:00:00+00:00,4.675,4.7,4.615,4.625,386.0,,,,,,,,,,,,,,,,,,,,,,,,,,,,,,,,,,,,,,,,,,"rgba(38, 166, 154, 1.0)",,4.546927032787666,,58.90628621301422,5.83132172095079,True,False,True,False,True,3.653312433317499,0.0,0.0,0.0,0.0,0,,,False,False,False,False,,,False,False,False,False,25124.0,12127.761720042756,False,False,False,False,1317.6151898112178,False,False,False,False
2025-03-13 15:00:00+00:00,4.625,4.63,4.585,4.595,200.0,,,,,,,,,,,,,,,,,,,,,,,,,,,,,,,,,,,,,,,,,,"rgba(38, 166, 154, 0.75)",,4.547213211001948,,56.3805361942943,5.83132172095079,True,False,True,False,False,2.0645094463145597,0.0,0.0,0.0,0.0,0,,,False,False,False,False,,,False,False,False,False,24924.0,12326.153011204882,False,False,False,False,1300.2878225273228,False,False,False,False
2025-03-13 16:00:00+00:00,4.595,4.61,4.57,4.57,121.0,,,,,,,,,,,,,,,,,,,,,,,,,,,,,,,,,,,,,,,,,,"rgba(38, 166, 154, 0.5)",,4.547309401315838,,53.432968233525486,8.333039319801422,False,False,True,False,False,0.7631309616102442,0.0,0.0,0.0,0.0,0,,,False,False,False,False,,,False,False,False,False,24803.0,12519.592499403256,False,False,False,False,1282.0042903951162,False,False,False,False
2025-03-13 17:00:00+00:00,4.57,4.58,4.535,4.54,359.0,,,,,,,,,,,,,,,,,,,,,,,,,,,,,,,,,,,,,,,,,,#000000,,4.547243963257381,,50.03115403042504,5.197854292761292,False,True,False,False,False,0.0,0.0,0.0,0.0,0.0,0,,,False,False,False,False,,,False,False,False,False,24444.0,12704.467034296227,False,False,False,False,1267.6941463579826,False,False,False,False
2025-03-13 18:00:00+00:00,4.54,4.615,4.54,4.61,296.0,,,,,,,,,,,,,,,,,,,,,,,,,,,,,,,,,,,,,,,,,,#000000,,4.547519184928221,,51.401506326581526,5.197854292761292,False,True,False,False,False,2.714956081625445,0.0,0.0,0.0,0.0,0,,,False,False,False,False,,,False,False,False,False,24740.0,12891.064444617215,False,False,False,False,1252.6291208330526,False,False,False,False
2025-03-13 19:00:00+00:00,4.61,4.625,4.585,4.595,2980.0,,,,,,,,,,,,,,,,,,,,,,,,,,,,,,,,,,,,,,,,,,#000000,,4.551084141836499,,51.51568538166209,5.197854292761292,False,True,False,False,False,1.940794919364258,0.0,0.0,0.0,0.0,0,,,False,False,False,False,,,False,False,False,False,21760.0,13028.567321444854,False,False,False,False,1279.410064696106,False,False,False,False
2025-03-14 14:00:00+00:00,4.615,4.74,4.595,4.74,20.0,,,,,,,,,,,,,,,,,,,,,,,,,,,,,,,,,,,,,,,,,,"rgba(38, 166, 154, 1.0)",,4.551154192819824,,56.821103205514106,1.448990347005207,True,False,True,False,True,8.477323385650546,0.0,0.0,0.0,0.0,0,,,False,False,False,False,,,False,False,False,False,21780.0,13164.248448244158,False,False,False,False,1259.884327258957,False,False,False,False
2025-03-14 15:00:00+00:00,4.735,4.76,4.715,4.735,238.0,,,,,,,,,,,,,,,,,,,,,,,,,,,,,,,,,,,,,,,,,,"rgba(38, 166, 154, 1.0)",,4.5522659099143725,,60.07810530181908,4.442186748482904,True,False,True,False,True,8.215353360148832,0.0,0.0,0.0,0.0,0,,,False,False,False,False,,,False,False,False,False,21542.0,13294.136069201611,False,False,False,False,1244.041159394477,False,False,False,False
2025-03-14 16:00:00+00:00,4.735,4.76,4.715,4.755,206.0,,,,,,,,,,,,,,,,,,,,,,,,,,,,,,,,,,,,,,,,,,"rgba(38, 166, 154, 1.0)",,4.553250320225766,,62.840434259026594,6.984883907413661,True,False,True,False,True,9.059982500155705,0.0,0.0,0.0,0.0,0,,,False,False,False,False,,,False,False,False,False,21748.0,13425.203727043447,False,False,False,False,1227.947498008516,False,False,False,False
2025-03-14 17:00:00+00:00,4.755,4.79,4.755,4.76,654.0,,,,,,,,,,,,,,,,,,,,,,,,,,,,,,,,,,,,,,,,,,"rgba(38, 166, 154, 1.0)",,4.556711951346664,,64.8370679869195,8.875511925684656,True,False,True,False,True,9.2720399404777,0.0,0.0,0.0,0.0,0,,,False,False,False,False,,,False,False,False,False,22402.0,13564.378863058277,False,False,False,False,1219.0490871866784,False,False,False,False
2025-03-14 18:00:00+00:00,4.76,4.795,4.755,4.775,563.0,,,,,,,,,,,,,,,,,,,,,,,,,,,,,,,,,,,,,,,,,,"rgba(38, 166, 154, 1.0)",,4.559673134206625,,66.65947200686279,10.686294131924996,True,False,True,False,True,9.912799695694822,0.0,0.0,0.0,0.0,0,,,False,False,False,False,,,False,False,False,False,22965.0,13710.124927196906,False,False,False,False,1208.8777835093656,False,False,False,False
2025-03-14 19:00:00+00:00,4.775,4.785,4.755,4.775,1952.0,,,,,,,,,,,,,,,,,,,,,,,,,,,,,,,,,,,,,,,,,,"rgba(38, 166, 154, 1.0)",,4.569032992101874,,67.87440802015831,12.011225698118594,True,False,True,False,True,9.912799695694822,0.0,0.0,0.0,0.0,0,,,False,False,False,False,,,False,False,False,False,22965.0,13853.611362434163,False,False,False,False,1220.399058183639,False,False,False,False
2025-03-17 14:00:00+00:00,5.04,5.16,5.04,5.125,2893.0,,,,,,,,,,,,,,,,,,,,,,,,,,,,,,,,,,,,,,,,,,"rgba(38, 166, 154, 1.0)",,4.602606465844226,,74.45245374182059,18.236391294350994,True,False,True,False,True,20.0,0.0,0.0,0.0,0.0,0,,,False,False,False,False,,,False,False,False,False,25858.0,14039.725914954564,False,False,False,False,1246.3308557311796,False,False,False,False
2025-03-17 15:00:00+00:00,5.125,5.255,5.115,5.17,3837.0,,,,,,,,,,,,,,,,,,,,,,,,,,,,,,,,,,,,,,,,,,"rgba(38, 166, 154, 1.0)",,4.645588301957199,,79.15889767892412,22.494990055367836,True,False,True,False,True,20.0,0.0,0.0,0.0,0.0,0,,,False,False,False,False,,,False,False,False,False,29695.0,14282.443342629687,False,False,False,False,1286.4962688206188,False,False,False,False
2025-03-17 16:00:00+00:00,5.17,5.19,5.125,5.14,1417.0,,,,,,,,,,,,,,,,,,,,,,,,,,,,,,,,,,,,,,,,,,"rgba(38, 166, 154, 1.0)",0.18155603706457846,4.6588369311914075,2.6502179524740628,80.67008448744735,23.834993575285523,True,False,True,False,True,20.0,0.0,0.0,0.0,0.0,0,,,False,False,False,False,,,False,False,False,False,28278.0,14499.42871716256,False,False,False,False,1288.5195824823145,False,False,False,False
2025-03-17 17:00:00+00:00,5.14,5.165,5.09,5.125,478.0,,,,,,,,,,,,,,,,,,,,,,,,,,,,,,,,,,,,,,,,,,"rgba(38, 166, 154, 1.0)",0.1926141874972485,4.662895740742443,2.3991184930972853,80.83905070670284,24.150909504394377,True,False,True,False,True,20.0,0.0,0.0,0.0,0.0,0,,,False,False,False,False,,,False,False,False,False,27800.0,14705.63912464841,False,False,False,False,1275.9533874050692,False,False,False,False
2025-03-17 18:00:00+00:00,5.13,5.16,5.1,5.145,510.0,,,,,,,,,,,,,,,,,,,,,,,,,,,,,,,,,,,,,,,,,,"rgba(38, 166, 154, 1.0)",0.2035501354891655,4.667216998377916,2.347249735176495,81.2223657758887,24.857466529060147,True,False,True,False,True,20.0,0.0,0.0,0.0,0.0,0,,,False,False,False,False,,,False,False,False,False,28310.0,14916.559448297272,False,False,False,False,1264.0781410887114,False,False,False,False
2025-03-17 19:00:00+00:00,5.145,5.15,5.095,5.13,2413.0,,,,,,,,,,,,,,,,,,,,,,,,,,,,,,,,,,,,,,,,,,"rgba(38, 166, 154, 1.0)",0.2129897218685014,4.686045195413396,2.084395437920236,80.51807806600837,24.857466529060147,True,False,True,False,True,20.0,0.0,0.0,0.0,0.0,0,,,False,False,False,False,,,False,False,False,False,25897.0,15086.798836695763,False,False,False,False,1281.8908830873359,False,False,False,False
2025-03-18 14:00:00+00:00,5.205,5.27,5.14,5.15,2544.0,,,,,,,,,,,,,,,,,,,,,,,,,,,,,,,,,,,,,,,,,,"rgba(38, 166, 154, 1.0)",0.22235417328752421,4.706750683021211,1.993438263043653,80.39703674067809,24.900296611817254,True,False,True,False,True,20.0,0.0,0.0,0.0,0.0,0,,,False,False,False,False,,,False,False,False,False,28441.0,15293.840715196604,False,False,False,False,1301.458466295284,False,False,False,False
2025-03-18 15:00:00+00:00,5.15,5.205,5.1,5.115,2394.0,,,,,,,,,,,,,,,,,,,,,,,,,,,,,,,,,,,,,,,,,,"rgba(38, 166, 154, 0.75)",0.23021777782183805,4.722715631119186,1.7039707905807202,77.92002204797808,24.900296611817254,True,False,True,False,False,19.71091604216465,0.0,0.0,0.0,0.0,0,,,False,False,False,False,,,False,False,False,False,26047.0,15460.556363023014,False,False,False,False,1318.3970947248145,False,False,False,False
2025-03-18 16:00:00+00:00,5.115,5.145,5.08,5.105,164.0,,,,,,,,,,,,,,,,,,,,,,,,,,,,,,,,,,,,,,,,,,"rgba(38, 166, 154, 0.75)",0.23736636828496316,4.723680867357368,1.6064581322019933,75.58716211969502,24.900296611817254,True,False,True,False,False,19.16353240236364,0.0,0.0,0.0,0.0,0,,,False,False,False,False,,,False,False,False,False,25883.0,15622.144636464516,False,False,False,False,1300.499465349236,False,False,False,False
2025-03-18 17:00:00+00:00,5.105,5.185,5.085,5.17,744.0,,,,,,,,,,,,,,,,,,,,,,,,,,,,,,,,,,,,,,,,,,"rgba(38, 166, 154, 0.75)",0.24619056194905758,4.728431382797702,1.7936049770001699,75.68025001471551,24.900296611817254,True,False,True,False,False,20.0,0.0,0.0,0.0,0.0,0,,,False,False,False,False,,,False,False,False,False,26627.0,15792.76254907747,False,False,False,False,1291.871566661651,False,False,False,False
2025-03-18 18:00:00+00:00,5.17,5.2,5.165,5.185,1424.0,,,,,,,,,,,,,,,,,,,,,,,,,,,,,,,,,,,,,,,,,,"rgba(38, 166, 154, 0.75)",0.2549305328448841,4.738017594143898,1.753349827766901,76.08245061236795,24.900296611817254,True,False,True,False,False,20.0,0.0,0.0,0.0,0.0,0,,,False,False,False,False,,,False,False,False,False,28051.0,15982.81274211503,False,False,False,False,1293.920069504106,False,False,False,False
2025-03-18 19:00:00+00:00,5.185,5.2,5.155,5.17,3135.0,,,,,,,,,,,,,,,,,,,,,,,,,,,,,,,,,,,,,,,,,,"rgba(38, 166, 154, 0.75)",0.26268151167635784,4.7572324216860675,1.5713613633474564,75.1868305568145,24.900296611817254,True,False,True,False,False,20.0,0.0,0.0,0.0,0.0,0,,,False,False,False,False,,,False,False,False,False,24916.0,16121.311769369058,False,False,False,False,1322.4639443955155,False,False,False,False
2025-03-19 14:00:00+00:00,5.27,5.315,5.26,5.295,2132.0,,,,,,,,,,,,,,,,,,,,,,,,,,,,,,,,,,,,,,,,,,"rgba(38, 166, 154, 1.0)",0.2737390912713966,4.772794479085142,1.9076760958379915,77.23767993701246,24.900296611817254,True,False,True,False,True,20.0,0.0,0.0,0.0,0.0,0,,,False,False,False,False,,,False,False,False,False,27048.0,16290.717788448606,False,False,False,False,1335.0148909940347,False,False,False,False
2025-03-19 15:00:00+00:00,5.3,5.32,5.27,5.275,4625.0,,,,,,,,,,,,,,,,,,,,,,,,,,,,,,,,,,,,,,,,,,"rgba(38, 166, 154, 1.0)",0.28344594476478846,4.803264153683667,1.6642885708165382,77.22201476830367,24.900296611817254,True,False,True,False,True,20.0,0.0,0.0,0.0,0.0,0,,,False,False,False,False,,,False,False,False,False,22423.0,16385.791931263357,False,False,False,False,1386.0224120638945,False,False,False,False
2025-03-19 16:00:00+00:00,5.275,5.35,5.26,5.33,536.0,,,,,,,,,,,,,,,,,,,,,,,,,,,,,,,,,,,,,,,,,,"rgba(38, 166, 154, 1.0)",0.2942144526432106,4.90804514066402,1.4341744790072495,78.2477980197815,24.900296611817254,True,False,True,False,True,20.0,0.0,0.0,0.0,0.0,0,,,False,False,False,False,,,False,False,False,False,22959.0,16487.70213387943,False,False,False,False,1372.8437700163922,False,False,False,False
2025-03-19 17:00:00+00:00,5.33,5.34,5.3,5.305,603.0,,,,,,,,,,,,,,,,,,,,,,,,,,,,,,,,,,,,,,,,,,"rgba(38, 166, 154, 1.0)",0.3018147513693523,4.9112971315437,1.3044520410948952,77.18773966185745,24.900296611817254,True,False,True,False,True,20.0,0.0,0.0,0.0,0.0,0,,,False,False,False,False,,,False,False,False,False,22356.0,16578.683496144866,False,False,False,False,1360.9082076905565,False,False,False,False
2025-03-19 18:00:00+00:00,5.3,5.33,5.28,5.305,1041.0,,,,,,,,,,,,,,,,,,,,,,,,,,,,,,,,,,,,,,,,,,"rgba(38, 166, 154, 0.75)",0.308457905198228,4.915501762225233,1.2627273647743238,76.48103408990809,24.900296611817254,True,False,True,False,False,20.0,0.0,0.0,0.0,0.0,0,,,False,False,False,False,,,False,False,False,False,22356.0,16668.25429465425,False,False,False,False,1355.9483905170596,False,False,False,False
2025-03-19 19:00:00+00:00,5.32,5.32,5.24,5.24,2866.0,,,,,,,,,,,,,,,,,,,,,,,,,,,,,,,,,,,,,,,,,,"rgba(38, 166, 154, 0.75)",0.3122956557119812,4.922802273306367,1.0156968913655757,71.5923175306704,25.016124339065655,True,False,True,False,False,20.0,0.0,0.0,0.0,0.0,0,,,False,False,False,False,,,False,False,False,False,19490.0,16712.002290085966,False,False,False,False,1379.3600433772601,False,False,False,False
2025-03-20 14:00:00+00:00,5.165,5.195,5.115,5.135,1031.0,,,,,,,,,,,,,,,,,,,,,,,,,,,,,,,,,,,,,,,,,,"rgba(38, 166, 154, 0.5)",0.3117785654497011,4.921127954842404,0.685974178016737,63.328165526745295,17.602941671971877,False,False,True,False,False,14.727347687933843,0.0,0.0,0.0,0.0,0,,,False,False,False,False,,,False,False,False,False,18459.0,16739.087525898587,False,False,False,False,1373.9591124721862,False,False,False,False
2025-03-20 15:00:00+00:00,5.135,5.17,5.11,5.11,700.0,,,,,,,,,,,,,,,,,,,,,,,,,,,,,,,,,,,,,,,,,,"rgba(38, 166, 154, 0.5)",0.30992135009263705,4.920251005997114,0.6122488623199696,56.86575026233334,12.16039726376411,False,True,True,False,False,13.516892827377692,0.0,0.0,0.0,0.0,0,,,False,False,False,False,,,False,False,False,False,17759.0,16754.90012239628,False,False,False,False,1363.5101339842454,False,False,False,False
2025-03-20 16:00:00+00:00,5.11,5.16,5.095,5.13,674.0,,,,,,,,,,,,,,,,,,,,,,,,,,,,,,,,,,,,,,,,,,#000000,0.308583292886456,4.919820950391598,0.6811096208171512,53.53130491845959,9.600327922191184,False,True,False,False,False,14.186603072323202,0.0,0.0,0.0,0.0,0,,,False,False,False,False,,,False,False,False,False,18433.0,16780.91717476223,False,False,False,False,1352.8200543875903,False,False,False,False
2025-03-20 17:00:00+00:00,5.13,5.205,5.13,5.19,761.0,,,,,,,,,,,,,,,,,,,,,,,,,,,,,,,,,,,,,,,,,,"rgba(38, 166, 154, 0.5)",0.3057419420608411,4.920936166948717,0.8800357296014715,53.957744121857765,9.600327922191184,False,True,True,False,False,16.14897072830194,0.0,0.0,0.0,0.0,0,,,False,False,False,False,,,False,False,False,False,19194.0,16818.329311587622,False,False,False,False,1343.6445496684028,False,False,False,False
2025-03-20 18:00:00+00:00,5.19,5.215,5.165,5.18,856.0,,,,,,,,,,,,,,,,,,,,,,,,,,,,,,,,,,,,,,,,,,"rgba(38, 166, 154, 0.5)",0.30380823135892976,4.922689475025343,0.8469504720912623,53.74361207441048,9.600327922191184,False,True,True,False,False,15.651487182170229,0.0,0.0,0.0,0.0,0,,,False,False,False,False,,,False,False,False,False,18338.0,16841.89009745448,False,False,False,False,1336.0841690533887,False,False,False,False
2025-03-20 19:00:00+00:00,5.18,5.215,5.145,5.15,3051.0,,,,,,,,,,,,,,,,,,,,,,,,,,,,,,,,,,,,,,,,,,#000000,0.30160444831474675,4.928202323244667,0.7353925911724972,52.10252038348274,8.306063883503704,False,True,False,False,False,14.161780168832554,0.0,0.0,0.0,0.0,0,,,False,False,False,False,,,False,False,False,False,15287.0,16817.783274238132,False,False,False,False,1362.672011393646,False,False,False,False
2025-03-21 14:00:00+00:00,5.075,5.1,5.05,5.095,467.0,,,,,,,,,,,,,,,,,,,,,,,,,,,,,,,,,,,,,,,,,,"rgba(239, 83, 80, 1.0)",0.2996754701128988,4.928089323159879,0.556971435724249,48.59786066553898,4.828908803774588,False,True,False,True,False,11.502465233074592,0.0,0.0,0.0,0.0,0,,,False,False,False,False,,,False,False,False,False,14820.0,16786.809890141416,False,False,False,False,1348.785623620101,False,False,False,False
2025-03-21 15:00:00+00:00,5.095,5.1,5.07,5.08,372.0,,,,,,,,,,,,,,,,,,,,,,,,,,,,,,,,,,,,,,,,,,"rgba(239, 83, 80, 1.0)",0.2973819699242634,4.928058565541396,0.5109302171120199,45.65875586801398,1.9520755289300311,False,True,False,True,False,10.79037975995639,0.0,0.0,0.0,0.0,0,,,False,False,False,False,,,False,False,False,False,14448.0,16750.54927168961,False,False,False,False,1333.6416604632002,False,False,False,False
2025-03-21 16:00:00+00:00,5.08,5.13,5.06,5.125,746.0,,,,,,,,,,,,,,,,,,,,,,,,,,,,,,,,,,,,,,,,,,"rgba(239, 83, 80, 1.0)",0.29450633606423726,4.92847839707508,0.6672915956621571,46.26770412406716,1.9520755289300311,False,True,False,True,False,12.368682703916132,0.0,0.0,0.0,0.0,0,,,False,False,False,False,,,False,False,False,False,15194.0,16726.416724841707,False,False,False,False,1324.5309370451662,False,False,False,False
2025-03-21 17:00:00+00:00,5.125,5.125,5.035,5.055,782.0,,,,,,,,,,,,,,,,,,,,,,,,,,,,,,,,,,,,,,,,,,"rgba(239, 83, 80, 1.0)",0.2930659920148961,4.928421393968854,0.4319116154040547,43.77787665352085,-0.17312842305044995,False,True,False,True,False,9.087858152372576,0.0,0.0,0.0,0.0,0,,,False,False,False,False,,,False,False,False,False,14412.0,16690.534294999197,False,False,False,False,1316.1196046878767,False,False,False,False
2025-03-21 18:00:00+00:00,5.055,5.065,5.03,5.04,538.0,,,,,,,,,,,,,,,,,,,,,,,,,,,,,,,,,,,,,,,,,,"rgba(239, 83, 80, 1.0)",0.2911396061518764,4.928135372721705,0.3842301937440258,41.57170625854797,-2.460379528212954,False,True,False,True,False,8.40303846875269,0.0,0.0,0.0,0.0,0,,,False,False,False,False,,,False,False,False,False,13874.0,16646.867096627117,False,False,False,False,1304.0557348477546,False,False,False,False
2025-03-21 19:00:00+00:00,5.035,5.04,4.945,5.0,3979.0,,,,,,,,,,,,,,,,,,,,,,,,,,,,,,,,,,,,,,,,,,"rgba(239, 83, 80, 1.0)",0.289660798829213,4.923851722659563,0.2628877557757981,38.707830946704995,-5.328475531922564,False,True,False,True,False,6.594831043671075,0.0,0.0,0.0,0.0,0,,,False,False,False,False,,,False,False,False,False,9895.0,16542.18698660189,False,False,False,False,1345.5277389586422,False,False,False,False
2025-03-24 14:00:00+00:00,5.005,5.045,4.975,4.995,724.0,,,,,,,,,,,,,,,,,,,,,,,,,,,,,,,,,,,,,,,,,,"rgba(239, 83, 80, 1.0)",0.28841197698512433,4.923525673334805,0.2478202445416516,36.62741704076595,-7.442097030917239,False,True,False,True,False,6.3698149189113416,0.0,0.0,0.0,0.0,0,,,False,False,False,False,,,False,False,False,False,9171.0,16427.905017817364,False,False,False,False,1335.891649982539,False,False,False,False
2025-03-24 15:00:00+00:00,4.995,4.995,4.945,4.965,1300.0,,,,,,,,,,,,,,,,,,,,,,,,,,,,,,,,,,,,,,,,,,"rgba(239, 83, 80, 1.0)",0.28733671430464086,4.9222499443685965,0.1487803455080883,34.211272727169764,-9.875099209842084,False,True,False,True,False,5.018775350341961,0.0,0.0,0.0,0.0,0,,,False,False,False,False,,,False,False,False,False,7871.0,16295.239823742675,False,False,False,False,1335.3351902928873,False,False,False,False
2025-03-24 16:00:00+00:00,4.965,4.975,4.915,4.97,2298.0,,,,,,,,,,,,,,,,,,,,,,,,,,,,,,,,,,,,,,,,,,"rgba(239, 83, 80, 1.0)",0.286130207240506,4.919960727830725,0.1748828711650645,33.01291417023302,-11.200956067415028,False,True,False,True,False,5.215828934453452,0.0,0.0,0.0,0.0,0,,,False,False,False,False,,,False,False,False,False,10169.0,16200.259361359067,False,False,False,False,1350.2602261023,False,False,False,False
2025-03-24 17:00:00+00:00,4.97,4.975,4.92,4.925,922.0,,,,,,,,,,,,,,,,,,,,,,,,,,,,,,,,,,,,,,,,,,"rgba(239, 83, 80, 1.0)",0.28446010185885284,4.919017334927048,0.02103164919739891,30.676495688582147,-13.616776803802054,False,True,False,True,False,3.1937809961166863,0.0,0.0,0.0,0.0,0,,,False,False,False,False,,,False,False,False,False,9247.0,16092.456890640322,False,False,False,False,1343.6205326743573,False,False,False,False
2025-03-24 18:00:00+00:00,4.925,4.95,4.89,4.945,1607.0,,,,,,,,,,,,,,,,,,,,,,,,,,,,,,,,,,,,,,,,,,"rgba(239, 83, 80, 1.0)",0.2817001472718329,4.91913432450412,0.0918198863095392,30.846735700843695,-13.70859933365012,False,True,False,True,False,4.0053924008138395,0.0,0.0,0.0,0.0,0,,,False,False,False,False,,,False,False,False,False,10854.0,16011.240504738922,False,False,False,False,1347.7039352685533,False,False,False,False
2025-03-24 19:00:00+00:00,4.95,4.96,4.915,4.93,2764.0,,,,,,,,,,,,,,,,,,,,,,,,,,,,,,,,,,,,,,,,,,"rgba(239, 83, 80, 1.0)",0.27897676612226224,4.9180594236170565,0.04280132911753026,30.380069623503474,-14.514105428826724,False,True,False,True,False,3.3278484584532073,0.0,0.0,0.0,0.0,0,,,False,False,False,False,,,False,False,False,False,8090.0,15888.430574432892,False,False,False,False,1369.6620137915215,False,False,False,False
2025-03-25 14:00:00+00:00,4.975,5.005,4.945,4.965,118.0,,,,,,,,,,,,,,,,,,,,,,,,,,,,,,,,,,,,,,,,,,"rgba(239, 83, 80, 0.75)",0.2754284132234911,4.918217885267471,0.16985217387346396,33.073963761560364,-14.514105428826724,False,True,False,True,True,4.762027619666533,0.0,0.0,0.0,0.0,0,,,False,False,False,False,,,False,False,False,False,8208.0,15769.354131418428,False,False,False,False,1350.2564011745988,False,False,False,False
2025-03-25 15:00:00+00:00,4.965,4.975,4.925,4.965,400.0,,,,,,,,,,,,,,,,,,,,,,,,,,,,,,,,,,,,,,,,,,"rgba(239, 83, 80, 0.75)",0.27303684205087864,4.918389579896558,0.1707111016716071,34.86989318693163,-14.514105428826724,False,True,False,True,True,4.762027619666533,0.0,0.0,0.0,0.0,0,,,False,False,False,False,,,False,False,False,False,8208.0,15652.12383480729,False,False,False,False,1335.5237437920468,False,False,False,False
2025-03-25 16:00:00+00:00,4.965,4.975,4.93,4.945,100.0,,,,,,,,,,,,,,,,,,,,,,,,,,,,,,,,,,,,,,,,,,"rgba(239, 83, 80, 0.75)",0.2705828210789857,4.918403539648264,0.09829323327208622,34.98265665395987,-14.514105428826724,False,True,False,True,True,3.823561027394497,0.0,0.0,0.0,0.0,0,,,False,False,False,False,,,False,False,False,False,8108.0,15535.160674577719,False,False,False,False,1316.3683369115502,False,False,False,False
2025-03-25 17:00:00+00:00,4.945,4.96,4.92,4.925,401.0,,,,,,,,,,,,,,,,,,,,,,,,,,,,,,,,,,,,,,,,,,"rgba(239, 83, 80, 0.75)",0.26940737431134404,4.918188005964745,0.025285106069080836,34.03800723423997,-14.514105428826724,False,True,False,True,True,2.888436300704452,0.0,0.0,0.0,0.0,0,,,False,False,False,False,,,False,False,False,False,7707.0,15413.793842413723,False,False,False,False,1302.1765797501307,False,False,False,False
2025-03-25 18:00:00+00:00,4.925,4.96,4.915,4.955,355.0,,,,,,,,,,,,,,,,,,,,,,,,,,,,,,,,,,,,,,,,,,"rgba(239, 83, 80, 0.75)",0.2671021837735062,4.918125578596495,0.13805361260083646,36.30063566716803,-17.91996658426585,False,True,False,True,True,4.174516992018557,0.0,0.0,0.0,0.0,0,,,False,False,False,False,,,False,False,False,False,8062.0,15299.81254253134,False,False,False,False,1287.4916715369504,False,False,False,False
2025-03-25 19:00:00+00:00,4.955,4.98,4.92,4.93,2440.0,,,,,,,,,,,,,,,,,,,,,,,,,,,,,,,,,,,,,,,,,,"rgba(239, 83, 80, 0.75)",0.265139348030188,4.917647949330834,0.04658701456774836,36.35215351683792,-17.635188561571226,False,True,False,True,True,2.991735372533821,0.0,0.0,0.0,0.0,0,,,False,False,False,False,,,False,False,False,False,5622.0,15149.768937220775,False,False,False,False,1305.360017714672,False,False,False,False
2025-03-26 14:00:00+00:00,5.08,5.2,5.08,5.18,1762.0,,,,,,,,,,,,,,,,,,,,,,,,,,,,,,,,,,,,,,,,,,#000000,0.26511748203254826,4.927551896858605,0.9522122087384697,47.95928703269149,-6.879988203430813,False,True,False,False,True,12.516579257850616,0.0,0.0,0.0,0.0,0,,,False,False,False,False,,,False,False,False,False,7384.0,15029.36941881425,False,False,False,False,1312.4397073625064,False,False,False,False
2025-03-26 15:00:00+00:00,5.18,5.265,5.15,5.16,2519.0,,,,,,,,,,,,,,,,,,,,,,,,,,,,,,,,,,,,,,,,,,"rgba(38, 166, 154, 0.5)",0.26523407985610814,4.976479273193658,0.6919198577569803,54.585459455046816,-1.2680992348025555,False,False,True,False,True,11.581678666339307,0.0,0.0,0.0,0.0,0,,,False,False,False,False,,,False,False,False,False,4865.0,14871.782296041936,False,False,False,False,1331.146068488669,False,False,False,False
2025-03-26 16:00:00+00:00,5.155,5.18,5.14,5.155,719.0,,,,,,,,,,,,,,,,,,,,,,,,,,,,,,,,,,,,,,,,,,"rgba(38, 166, 154, 0.5)",0.26530030578996977,4.9776509649117795,0.6684840960139059,58.708715921151324,2.0278325219001587,False,False,True,False,True,11.346372596045303,0.0,0.0,0.0,0.0,0,,,False,False,False,False,,,False,False,False,False,4146.0,14705.49109765369,False,False,False,False,1321.6554317679145,False,False,False,False
2025-03-26 17:00:00+00:00,5.155,5.185,5.15,5.155,814.0,,,,,,,,,,,,,,,,,,,,,,,,,,,,,,,,,,,,,,,,,,"rgba(38, 166, 154, 1.0)",0.2632437982124109,4.9794932390683035,0.6667080558915225,61.45755356522099,4.239533923515758,True,False,True,False,True,11.346372596045292,0.0,0.0,0.0,0.0,0,,,False,False,False,False,,,False,False,False,False,4146.0,14541.77805737999,False,False,False,False,1313.7848049187996,False,False,False,False
2025-03-26 18:00:00+00:00,5.155,5.16,5.08,5.085,774.0,,,,,,,,,,,,,,,,,,,,,,,,,,,,,,,,,,,,,,,,,,"rgba(38, 166, 154, 0.5)",0.2608553670571524,4.979256291428064,0.4053729458009107,59.10904758524528,4.239533923515758,False,False,True,False,True,8.055934807049525,0.0,0.0,0.0,0.0,0,,,False,False,False,False,,,False,False,False,False,3372.0,14368.6032037772,False,False,False,False,1305.4160482533919,False,False,False,False
2025-03-26 19:00:00+00:00,5.085,5.1,5.035,5.05,6583.0,,,,,,,,,,,,,,,,,,,,,,,,,,,,,,,,,,,,,,,,,,"rgba(38, 166, 154, 0.5)",0.2580033696267122,4.97586240830892,0.2873512535837974,55.81431955048592,4.239533923515758,False,False,True,False,False,6.471912023589034,0.0,0.0,0.0,0.0,0,,,False,False,False,False,,,False,False,False,False,-3211.0,14096.05121612174,False,False,False,False,1387.239055257215,False,False,False,False
2025-03-27 14:00:00+00:00,5.025,5.13,5.005,5.12,630.0,,,,,,,,,,,,,,,,,,,,,,,,,,,,,,,,,,,,,,,,,,"rgba(38, 166, 154, 0.5)",0.255119173706705,4.976375558686797,0.5629700003588093,56.60701466933769,4.239533923515758,False,False,True,False,False,9.039234143674737,0.0,0.0,0.0,0.0,0,,,False,False,False,False,,,False,False,False,False,-2581.0,13837.492282538456,False,False,False,False,1375.4989148656305,False,False,False,False
2025-03-27 15:00:00+00:00,5.115,5.15,5.08,5.09,431.0,,,,,,,,,,,,,,,,,,,,,,,,,,,,,,,,,,,,,,,,,,"rgba(38, 166, 154, 0.5)",0.25070351463880863,4.97696617019061,0.45086655435301304,55.613346295191064,4.239533923515758,False,False,True,False,False,7.684564710296403,0.0,0.0,0.0,0.0,0,,,False,False,False,False,,,False,False,False,False,-3012.0,13576.259844049488,False,False,False,False,1360.855520836706,False,False,False,False
2025-03-27 16:00:00+00:00,5.09,5.12,5.07,5.07,524.0,,,,,,,,,,,,,,,,,,,,,,,,,,,,,,,,,,,,,,,,,,"rgba(38, 166, 154, 0.5)",0.24707419464131966,4.977410731182792,0.37474277292139196,53.957356882513025,11.024311120778911,False,False,True,False,False,6.78771027411155,0.0,0.0,0.0,0.0,0,,,False,False,False,False,,,False,False,False,False,-3536.0,13310.953489878177,False,False,False,False,1347.8810166376873,False,False,False,False
2025-03-27 17:00:00+00:00,5.07,5.07,5.03,5.04,966.0,,,,,,,,,,,,,,,,,,,,,,,,,,,,,,,,,,,,,,,,,,#000000,0.2428101249057703,4.977310794449513,0.2581820077511802,51.405727587562176,8.254099473674934,False,False,False,False,False,5.4520384879845665,0.0,0.0,0.0,0.0,0,,,False,False,False,False,,,False,False,False,False,-4502.0,13034.783668329677,False,False,False,False,1341.9603807208239,False,False,False,False
2025-03-27 18:00:00+00:00,5.04,5.085,5.035,5.045,590.0,,,,,,,,,,,,,,,,,,,,,,,,,,,,,,,,,,,,,,,,,,#000000,0.23887729142879902,4.977399341218791,0.28299324049125113,49.987877124337444,6.564206475950165,False,False,False,False,False,5.644664199175779,0.0,0.0,0.0,0.0,0,,,False,False,False,False,,,False,False,False,False,-3912.0,12772.04283626255,False,False,False,False,1330.302080244532,False,False,False,False
2025-03-27 19:00:00+00:00,5.05,5.095,5.045,5.075,1687.0,,,,,,,,,,,,,,,,,,,,,,,,,,,,,,,,,,,,,,,,,,#000000,0.23339719846701512,4.978347769955911,0.4141104978076619,50.742651122307926,6.564206475950165,False,False,False,False,False,6.801128453265303,0.0,0.0,0.0,0.0,0,,,False,False,False,False,,,False,False,False,False,-2225.0,12539.530544227471,False,False,False,False,1335.8322805508183,False,False,False,False
2025-03-28 14:00:00+00:00,5.0,5.02,4.93,4.93,306.0,,,,,,,,,,,,,,,,,,,,,,,,,,,,,,,,,,,,,,,,,,"rgba(239, 83, 80, 1.0)",0.22717318868576158,4.977794663353585,-0.21038866263261932,45.25162627846362,1.5353121462402868,False,True,False,True,False,0.5851501940690227,0.0,0.0,0.0,0.0,0,,,False,False,False,False,,,False,False,False,False,-2531.0,12305.87890788286,False,False,False,False,1319.865888604294,False,False,False,False
2025-03-28 15:00:00+00:00,4.93,4.985,4.915,4.955,511.0,,,,,,,,,,,,,,,,,,,,,,,,,,,,,,,,,,,,,,,,,,"rgba(239, 83, 80, 1.0)",0.22180362225817188,4.976820591120233,-0.09837797461591627,42.96199575033511,-0.7325174757791189,False,True,False,True,False,1.5668713601706905,0.0,0.0,0.0,0.0,0,,,False,False,False,False,0.11866665201237236,0.11866665201237236,False,False,False,False,-2020.0,12083.772258148241,False,False,False,False,1307.3253321918244,False,False,False,False
2025-03-28 16:00:00+00:00,4.955,4.97,4.92,4.945,1007.0,,,,,,,,,,,,,,,,,,,,,,,,,,,,,,,,,,,,,,,,,,"rgba(239, 83, 80, 1.0)",0.21475940864977844,4.974903711570318,-0.13924284741854173,41.085165997685365,-2.6599311442095015,False,True,False,True,False,1.15678900291746,0.0,0.0,0.0,0.0,0,0.979941291585127,0.9525440313111543,False,False,False,False,0.11576378863858958,0.11721522032548097,False,False,False,False,-3027.0,11849.496719262223,False,False,False,False,1302.669125491176,False,False,False,False
2025-03-28 17:00:00+00:00,4.945,4.95,4.925,4.935,249.0,,,,,,,,,,,,,,,,,,,,,,,,,,,,,,,,,,,,,,,,,,"rgba(239, 83, 80, 1.0)",0.20978846059351575,4.974415532311424,-0.187882270549644,39.461992709479965,-4.403356924018169,False,True,False,True,False,0.74284108797141,0.0,0.0,0.0,0.0,0,0.9808823529411764,0.9495098039215683,False,False,False,False,0.11141311715417165,0.1143141687398263,False,False,False,False,-3276.0,11614.992894157382,False,False,False,False,1286.3331700572041,False,False,False,False
2025-03-28 18:00:00+00:00,4.935,4.99,4.935,4.99,331.0,,,,,,,,,,,,,,,,,,,,,,,,,,,,,,,,,,,,,,,,,,"rgba(239, 83, 80, 1.0)",0.20405903579623472,4.9740120743523715,0.07834951089151304,41.6983875128106,-4.403356924018169,False,True,False,True,False,2.94101391812303,0.0,0.0,0.0,0.0,0,0.9813451153657338,0.9484536082474223,False,False,False,False,0.12593263713708175,0.12012340293845403,False,False,False,False,-2945.0,11389.256570216958,False,False,False,False,1271.521803079573,False,False,False,False
2025-03-28 19:00:00+00:00,4.99,5.02,4.975,4.995,1493.0,,,,,,,,,,,,,,,,,,,,,,,,,,,,,,,,,,,,,,,,,,"rgba(239, 83, 80, 0.75)",0.1977087675262674,4.973048330189189,0.11103033054866619,43.471237397317566,-4.403356924018169,False,True,False,True,True,3.1383479289058442,0.0,0.0,0.0,0.0,0,0.9794117647058821,0.9480392156862743,False,False,False,False,0.1463504850915254,0.1332369440149897,False,False,False,False,-1452.0,11190.167321066307,False,False,False,False,1274.9555735744632,False,False,False,False
2025-03-31 14:00:00+00:00,4.91,5.0,4.9,4.905,204.0,,,,,,,,,,,,,,,,,,,,,,,,,,,,,,,,,,,,,,,,,,"rgba(239, 83, 80, 0.75)",0.19320779552660688,4.97269413774942,-0.3503695985191089,40.87028463167054,-4.403356924018169,False,True,False,True,True,0.0,0.0,0.0,0.0,0.0,0,0.9727228446176326,0.9508037018996585,False,False,False,False,0.11866665201237236,0.12595179801368103,False,False,False,False,-1656.0,10991.001936243572,False,False,False,False,1258.3516111934637,False,False,False,False
2025-03-31 15:00:00+00:00,4.895,4.915,4.875,4.88,30.0,,,,,,,,,,,,,,,,,,,,,,,,,,,,,,,,,,,,,,,,,,"rgba(239, 83, 80, 1.0)",0.18873683952687526,4.972617322066754,-0.49072201430800183,38.30241052974674,-5.860911107589651,False,True,False,True,False,0.0,0.0,0.0,0.0,0.0,0,0.9717073170731707,0.9595121951219506,False,False,False,False,0.08683360363754379,0.10639270082561242,False,False,False,False,-1686.0,10794.459270565376,False,False,False,False,1239.3074001672082,False,False,False,False
2025-03-31 16:00:00+00:00,4.88,4.965,4.88,4.94,971.0,,,,,,,,,,,,,,,,,,,,,,,,,,,,,,,,,,,,,,,,,,"rgba(239, 83, 80, 1.0)",0.18507529512299506,4.970895039751852,-0.16693227332864638,40.137585019052246,-5.860911107589651,False,True,False,True,False,0.8324775923140635,0.0,0.0,0.0,0.0,0,0.9794721407624631,0.951612903225806,False,False,False,False,0.10272419314574496,0.10455844698567869,False,False,False,False,-715.0,10616.01804156436,False,False,False,False,1235.147595513453,False,False,False,False
2025-03-31 17:00:00+00:00,4.925,4.965,4.915,4.95,805.0,,,,,,,,,,,,,,,,,,,,,,,,,,,,,,,,,,,,,,,,,,"rgba(239, 83, 80, 0.75)",0.17959634419120477,4.969774085081019,-0.1101029376186323,41.904009589866206,-5.860911107589651,False,True,False,True,True,1.2308874104788075,0.0,0.0,0.0,0.0,0,0.9804973183812772,0.9517308629936608,False,False,False,False,0.11286286629664101,0.10871065664115985,False,False,False,False,90.0,10452.823963400573,False,False,False,False,1228.4786405442521,False,False,False,False
2025-03-31 18:00:00+00:00,4.95,4.975,4.935,4.935,600.0,,,,,,,,,,,,,,,,,,,,,,,,,,,,,,,,,,,,,,,,,,"rgba(239, 83, 80, 0.75)",0.17296565299826422,4.9690344142182195,-0.1967697842216188,42.375283607945,-5.860911107589651,False,True,False,True,True,0.6092226961298124,0.0,0.0,0.0,0.0,0,0.9843520782396085,0.9530562347188261,False,False,False,False,0.12157150733937809,0.11514108199026897,False,False,False,False,-510.0,10282.857700402115,False,False,False,False,1218.734785652093,False,False,False,False
2025-03-31 19:00:00+00:00,4.935,4.955,4.88,4.89,2211.0,,,,,,,,,,,,,,,,,,,,,,,,,,,,,,,,,,,,,,,,,,"rgba(239, 83, 80, 0.75)",0.165457378633118,4.965123007775884,-0.45403238221524556,40.725815139030814,-5.860911107589651,False,True,False,True,True,0.0,0.0,0.0,0.0,0.0,0,0.9814271749755616,0.9525904203323552,False,False,False,False,0.09983138049383744,0.1074862312420532,False,False,False,False,-2721.0,10081.247503496656,False,False,False,False,1234.1187424636885,False,False,False,False
2025-04-01 14:00:00+00:00,4.835,4.905,4.8,4.895,1116.0,,,,,,,,,,,,,,,,,,,,,,,,,,,,,,,,,,,,,,,,,,"rgba(239, 83, 80, 0.75)",0.1561862482555457,4.962604371189045,-0.43284458103144574,39.97480759153179,-5.860911107589651,False,True,False,True,True,0.0,0.0,0.0,0.0,0.0,0,0.9742217898832681,0.9557392996108944,False,False,False,False,0.06235832575219469,0.08492227849712394,False,False,False,False,-1605.0,9900.065371659497,False,False,False,False,1232.287444130918,False,False,False,False
2025-04-01 15:00:00+00:00,4.895,4.97,4.895,4.965,468.0,,,,,,,,,,,,,,,,,,,,,,,,,,,,,,,,,,,,,,,,,,"rgba(239, 83, 80, 0.5)",0.1484531958273386,4.962161236697293,0.019122278148923224,43.74820179830528,-5.860911107589651,False,False,False,True,True,1.8551980939071413,0.0,0.0,0.0,0.0,1,0.9805542051531354,0.9538162372386967,False,False,False,False,0.10851501131562573,0.09671864490637483,False,False,False,False,-1137.0,9728.948079075628,False,False,False,False,1220.438026392454,False,False,False,False
2025-04-01 16:00:00+00:00,4.965,5.005,4.93,4.96,806.0,,,,,,,,,,,,,,,,,,,,,,,,,,,,,,,,,,,,,,,,,,"rgba(239, 83, 80, 0.5)",0.13953565206855545,4.961699212498873,-0.012177622519284299,45.9821796618247,-9.028551733650332,False,False,False,True,True,1.643746061925821,0.0,0.0,0.0,0.0,1,0.9940652818991096,0.945598417408506,False,False,False,False,0.12884269648345692,0.11278067069491587,False,False,False,False,-1943.0,9547.987643741122,False,False,False,False,1214.0126306344314,False,False,False,False
2025-04-01 17:00:00+00:00,4.97,5.005,4.77,4.955,3691.0,,,,,,,,,,,,,,,,,,,,,,,,,,,,,,,,,,,,,,,,,,"rgba(239, 83, 80, 0.5)",0.1354316755369197,4.9569928096672955,-0.01471450204979684,47.16556462033998,-7.781763664236351,False,False,False,True,True,1.4291747230717107,0.0,0.0,0.0,0.0,1,0.9815264948954783,0.9421487603305779,False,False,False,False,0.0825077214595784,0.09764419607724714,False,False,False,False,-5634.0,9312.607990349787,False,False,False,False,1252.4155355858354,False,False,False,False
2025-04-01 18:00:00+00:00,4.955,4.96,4.89,4.89,773.0,,,,,,,,,,,,,,,,,,,,,,,,,,,,,,,,,,,,,,,,,,"rgba(239, 83, 80, 0.5)",0.1318000123036489,4.956153030286812,-0.5019197580528649,44.484765414889665,-7.781763664236351,False,False,False,True,False,0.0,0.0,0.0,0.0,0.0,1,0.9951409135082602,0.9450923226433426,False,False,False,False,0.10417123919587105,0.10090771763655909,False,False,False,False,-6407.0,9068.893137786223,False,False,False,False,1244.9827365845047,False,False,False,False
2025-04-01 19:00:00+00:00,4.9,4.99,4.9,4.985,3186.0,,,,,,,,,,,,,,,,,,,,,,,,,,,,,,,,,,,,,,,,,,#000000,0.12756422159300537,4.95490177558936,0.23594565964325517,47.90862867849434,-7.230566878158307,True,False,False,False,True,2.560843729050333,0.0,0.0,0.0,0.0,1,1.005355404089581,0.9362220058422582,False,False,False,False,0.11576378863858958,0.10833575313757433,False,False,False,False,-3221.0,8878.352158905816,False,False,False,False,1275.076027490171,False,False,False,False
2025-04-02 14:00:00+00:00,4.955,5.03,4.95,5.025,0.0,,,,,,,,,,,,,,,,,,,,,,,,,,,,,,,,,,,,,,,,,,"rgba(38, 166, 154, 1.0)",0.12306238804504843,4.95490177558936,0.5696153432759633,51.82676383285982,-3.602522840252547,True,False,True,False,True,4.1050017816286335,0.0,0.0,0.0,0.0,1,1.0092367525522603,0.9280505590666015,False,False,False,False,0.14196559107812215,0.12515067210784825,False,False,False,False,-3221.0,8690.765303728982,False,False,False,False,1255.3074069089282,False,False,False,False
2025-04-02 15:00:00+00:00,5.015,5.1,5.01,5.06,74.0,,,,,,,,,,,,,,,,,,,,,,,,,,,,,,,,,,,,,,,,,,"rgba(38, 166, 154, 1.0)",0.11872338962159878,4.9549715559499035,0.884648293692154,55.735796908966215,-0.052879919366517925,True,False,True,False,True,5.429123232498931,0.0,0.0,0.0,0.0,0,1.022406234778373,0.9181685338528975,False,False,False,False,0.18016734985421512,0.15265901098103168,False,False,False,False,-3147.0,8507.234058709928,False,False,False,False,1236.9925633909602,False,False,False,False
2025-04-02 16:00:00+00:00,5.06,5.14,5.06,5.115,826.0,,,,,,,,,,,,,,,,,,,,,,,,,,,,,,,,,,,,,,,,,,"rgba(38, 166, 154, 1.0)",0.1142720004641941,4.956259822082933,1.3891432483218595,60.11166675134024,3.8869403125623734,True,False,True,False,True,7.4521079204137095,0.0,0.0,0.0,0.0,0,1.0322423058133852,0.9135319980459206,False,False,False,False,0.20459578414316537,0.17862739756209853,False,False,False,False,-2321.0,8339.354460900471,False,False,False,False,1230.6205856639685,False,False,False,False
2025-04-02 17:00:00+00:00,5.125,5.14,5.07,5.085,65.0,,,,,,,,,,,,,,,,,,,,,,,,,,,,,,,,,,,,,,,,,,"rgba(38, 166, 154, 1.0)",0.1140583065685967,4.956354168978584,1.1278953273258174,61.14527143183179,4.787101831870999,True,False,True,False,True,6.138920142499217,0.0,0.0,0.0,0.0,0,1.033333333333333,0.9171568627450976,False,False,False,False,0.1990342426896032,0.18883082012585087,False,False,False,False,-2386.0,8173.069895615192,False,False,False,False,1212.5489486769302,False,False,False,False
2025-04-02 18:00:00+00:00,5.085,5.14,5.07,5.13,543.0,,,,,,,,,,,,,,,,,,,,,,,,,,,,,,,,,,,,,,,,,,"rgba(38, 166, 154, 1.0)",0.1136278103251047,4.957239845094969,1.5204038026495525,63.32586504591854,6.9185592453904405,True,False,True,False,True,7.7776373894907,0.0,0.0,0.0,0.0,0,1.0244977951984318,0.9220970112689854,False,False,False,False,0.19325267455586517,0.19104174734085802,False,False,False,False,-1843.0,8017.781990256816,False,False,False,False,1202.1683448214737,False,False,False,False
2025-04-02 19:00:00+00:00,5.13,5.16,5.11,5.16,2351.0,,,,,,,,,,,,,,,,,,,,,,,,,,,,,,,,,,,,,,,,,,"rgba(38, 166, 154, 1.0)",0.11384357847660558,4.984476458528237,1.541795714967208,65.68003119345906,9.262153841834952,True,False,True,False,True,8.848545623400376,0.0,0.0,0.0,0.0,0,1.02557796360059,0.9252336448598126,False,False,False,False,0.2073694310899219,0.19920558921538994,False,False,False,False,508.0,7901.351261725703,False,False,False,False,1219.9796883126135,False,False,False,False
2025-04-03 14:00:00+00:00,4.785,4.785,4.66,4.69,1929.0,,,,,,,,,,,,,,,,,,,,,,,,,,,,,,,,,,,,,,,,,,#000000,0.12129028540378677,4.954499216758972,-2.180712295947105,53.27264950834238,10.681315727114637,True,False,False,False,False,0.0,0.0,0.0,0.0,0.0,0,1.0014124293785307,0.930790960451977,False,False,False,False,-0.08095768299886735,0.059123953108261296,False,False,False,False,-1421.0,7756.818684024529,False,False,False,False,1230.972251284511,False,False,False,False
2025-04-03 15:00:00+00:00,4.69,4.75,4.69,4.72,1600.0,,,,,,,,,,,,,,,,,,,,,,,,,,,,,,,,,,,,,,,,,,"rgba(239, 83, 80, 1.0)",0.12676370157121,4.942434545872764,-1.7547179761693146,45.97932139330787,4.455078649807504,False,True,False,True,False,0.0,0.0,0.0,0.0,0.0,0,1.0066287878787876,0.9384469696969692,False,False,False,False,-0.10315120853803068,-0.022013627714884694,False,False,False,False,179.0,7639.3331230319,False,False,False,False,1236.6936117297123,False,False,False,False
2025-04-03 16:00:00+00:00,4.72,4.78,4.715,4.765,2661.0,,,,,,,,,,,,,,,,,,,,,,,,,,,,,,,,,,,,,,,,,,"rgba(239, 83, 80, 1.0)",0.1305187156507982,4.931468616756787,-1.2754386673722145,42.59770341098108,1.7555304395989282,False,True,False,True,False,0.0,0.0,0.0,0.0,0.0,0,1.0086248203162431,0.942980354575946,False,False,False,False,-0.1046911816254534,-0.06335240467016905,False,False,False,False,2840.0,7564.924857558537,False,False,False,False,1258.775881315298,False,False,False,False
2025-04-03 17:00:00+00:00,4.765,4.815,4.745,4.795,3992.0,,,,,,,,,,,,,,,,,,,,,,,,,,,,,,,,,,,,,,,,,,"rgba(239, 83, 80, 1.0)",0.1329994242350156,4.922421100196088,-0.9580575324215646,41.33375504763795,0.68818848560106,False,True,False,True,False,0.0,0.0,0.0,0.0,0.0,0,1.0019166267369426,0.9386679444178243,False,False,False,False,-0.08953261516761178,-0.07644250991889041,False,False,False,False,6832.0,7553.561681472357,False,False,False,False,1301.1514490468437,False,False,False,False
2025-04-03 18:00:00+00:00,4.795,4.805,4.75,4.8,2702.0,,,,,,,,,,,,,,,,,,,,,,,,,,,,,,,,,,,,,,,,,,"rgba(239, 83, 80, 1.0)",0.13549382486510375,4.917426502323543,-0.8666557493705075,40.66671016029359,-0.16050114854643027,False,True,False,True,False,0.0,0.0,0.0,0.0,0.0,0,1.0009606147934675,0.9418828049951966,False,False,False,False,-0.10437743462452405,-0.09040997227170723,False,False,False,False,9534.0,7584.266151527049,False,False,False,False,1322.870031232164,False,False,False,False
2025-04-03 19:00:00+00:00,4.8,4.825,4.745,4.76,5916.0,,,,,,,,,,,,,,,,,,,,,,,,,,,,,,,,,,,,,,,,,,"rgba(239, 83, 80, 1.0)",0.1388674590073932,4.9075663853117195,-1.0626419347376652,39.27931550667487,-1.892320522403672,False,True,False,True,False,0.0,0.0,0.0,0.0,0.0,0,0.9980778471888512,0.942815953868332,False,False,False,False,-0.09831557939733009,-0.09436277583451866,False,False,False,False,3618.0,7522.773653053761,False,False,False,False,1394.0813485774017,False,False,False,False
2025-04-04 14:00:00+00:00,4.175,4.205,3.96,4.055,324.0,,,,,,,,,,,,,,,,,,,,,,,,,,,,,,,,,,,,,,,,,,"rgba(239, 83, 80, 1.0)",0.17783563623051613,4.9038693906028925,-4.773336821549994,31.202604033369887,-9.73492722816767,False,True,False,True,False,0.0,0.0,0.0,0.0,0.0,0,0.968581687612208,0.9569120287253139,False,False,False,False,-0.34282825441539394,-0.21859551512495629,False,False,False,False,3294.0,7457.211270835874,False,False,False,False,1377.4909400723257,False,False,False,False
2025-04-04 15:00:00+00:00,4.055,4.2,4.055,4.09,1064.0,,,,,,,,,,,,,,,,,,,,,,,,,,,,,,,,,,,,,,,,,,"rgba(239, 83, 80, 1.0)",0.20632400392245595,4.892739365029355,-3.8906736480892143,26.71812310630275,-13.983631760840368,False,True,False,True,False,0.0,0.0,0.0,0.0,0.0,0,0.9745989304812832,0.9603386809269158,False,False,False,False,-0.31612617680453753,-0.2673608459647469,False,False,False,False,4358.0,7409.161483691131,False,False,False,False,1372.6306154200415,False,False,False,False
2025-04-04 16:00:00+00:00,4.09,4.12,4.02,4.035,1076.0,,,,,,,,,,,,,,,,,,,,,,,,,,,,,,,,,,,,,,,,,,"rgba(239, 83, 80, 1.0)",0.2335188708928299,4.881211247285839,-3.623738176064561,23.41372642744719,-17.178621684712198,False,True,False,True,False,0.0,0.0,0.0,0.0,0.0,0,0.9803220035778173,0.9651162790697669,False,False,False,False,-0.34282825441539394,-0.3050945501900704,False,False,False,False,3282.0,7345.174483943982,False,False,False,False,1368.0316911499633,False,False,False,False
2025-04-04 17:00:00+00:00,4.035,4.105,3.965,4.095,867.0,,,,,,,,,,,,,,,,,,,,,,,,,,,,,,,,,,,,,,,,,,"rgba(239, 83, 80, 1.0)",0.2523344698702178,4.872273152685093,-3.0803288709816976,22.910404509210856,-17.937897163448937,False,True,False,True,False,0.0,0.0,0.0,0.0,0.0,0,0.9727191413237922,0.9691413237924861,False,False,False,False,-0.34282825441539394,-0.3239614023027322,False,False,False,False,4149.0,7295.621391169657,False,False,False,False,1360.2637579538398,False,False,False,False
2025-04-04 18:00:00+00:00,4.135,4.165,4.005,4.05,1684.0,,,,,,,,,,,,,,,,,,,,,,,,,,,,,,,,,,,,,,,,,,"rgba(239, 83, 80, 1.0)",0.2711927774158482,4.856191900970846,-2.972763171102556,22.215862410014505,-19.092863264539524,False,True,False,True,False,0.0,0.0,0.0,0.0,0.0,0,0.9782801418439713,0.9552304964539002,False,False,False,False,-0.3142726363698724,-0.3191170193363023,False,False,False,False,2465.0,7220.728036267801,False,False,False,False,1365.282924497191,False,False,False,False
2025-04-04 19:00:00+00:00,4.05,4.16,4.025,4.115,5043.0,,,,,,,,,,,,,,,,,,,,,,,,,,,,,,,,,,,,,,,,,,"rgba(239, 83, 80, 1.0)",0.28431203515386516,4.815136066935381,-2.462562186495123,23.705451448194996,-19.092863264539524,False,True,False,True,False,0.0,0.0,0.0,0.0,0.0,0,0.9806081974438077,0.9563684442485673,False,False,False,False,-0.3100327913413672,-0.31457490533883475,False,False,False,False,7508.0,7225.181865162874,False,False,False,False,1422.3017938848313,False,False,False,False
2025-04-07 14:00:00+00:00,3.99,4.165,3.875,4.015,1569.0,,,,,,,,,,,,,,,,,,,,,,,,,,,,,,,,,,,,,,,,,,"rgba(239, 83, 80, 1.0)",0.3002795694345841,4.802258601810577,-2.621752133496652,23.688773182868246,-19.092863264539524,False,True,False,True,False,0.0,0.0,0.0,0.0,0.0,0,0.9681639773222851,0.9646750981247272,False,False,False,False,-0.34282825441539394,-0.32870157987711435,False,False,False,False,5939.0,7205.241061051822,False,False,False,False,1424.5761846773144,False,False,False,False
2025-04-07 15:00:00+00:00,4.015,4.015,3.785,3.825,386.0,,,,,,,,,,,,,,,,,,,,,,,,,,,,,,,,,,,,,,,,,,"rgba(239, 83, 80, 1.0)",0.3223949231710791,4.79857080338071,-3.019808109273743,22.137953497162112,-20.864172002606633,False,True,False,True,False,0.0,0.0,0.0,0.0,0.0,0,0.9561101549053355,0.9746127366609292,False,False,False,False,-0.34282825441539394,-0.3357649171462541,False,False,False,False,5553.0,7179.624920570398,False,False,False,False,1408.474228325728,False,False,False,False
2025-04-07 16:00:00+00:00,3.815,3.86,3.8,3.81,918.0,,,,,,,,,,,,,,,,,,,,,,,,,,,,,,,,,,,,,,,,,,"rgba(239, 83, 80, 1.0)",0.3435696291730247,4.789453393287149,-2.8508148279715586,20.99590254157471,-22.52907536428947,False,True,False,True,False,0.0,0.0,0.0,0.0,0.0,0,0.9538528515454939,1.0004353504571177,False,False,False,False,-0.34282825441539394,-0.339296585780824,False,False,False,False,4635.0,7140.173371414267,False,False,False,False,1400.8699767237788,False,False,False,False
2025-04-07 17:00:00+00:00,3.815,4.065,3.815,4.005,1603.0,,,,,,,,,,,,,,,,,,,,,,,,,,,,,,,,,,,,,,,,,,"rgba(239, 83, 80, 0.75)",0.35677411027955136,4.776471389159251,-2.162352499610364,25.641836847770882,-22.52907536428947,False,True,False,True,True,0.0,0.0,0.0,0.0,0.0,0,0.964316423043852,0.9746345657781597,False,False,False,False,-0.28906625874796016,-0.31418142226439205,False,False,False,False,6238.0,7126.1861873613325,False,False,False,False,1404.0037755342628,False,False,False,False
2025-04-07 18:00:00+00:00,4.015,4.015,3.865,3.875,1558.0,,,,,,,,,,,,,,,,,,,,,,,,,,,,,,,,,,,,,,,,,,"rgba(239, 83, 80, 0.75)",0.3734371396865838,4.763694014384694,-2.379768694486447,27.223173517243453,-22.52907536428947,False,True,False,True,True,0.0,0.0,0.0,0.0,0.0,0,0.9687232219365894,0.9798628963153382,False,False,False,False,-0.28906625874796027,-0.3016238405061762,False,False,False,False,4680.0,7088.26082011542,False,False,False,False,1406.3913138980727,False,False,False,False
2025-04-07 19:00:00+00:00,3.875,3.965,3.875,3.955,3542.0,,,,,,,,,,,,,,,,,,,,,,,,,,,,,,,,,,,,,,,,,,"rgba(239, 83, 80, 0.75)",0.3859192022051125,4.736985669135919,-2.0262937544120976,30.195890478510925,-25.908271534427094,False,True,False,True,True,0.0,0.0,0.0,0.0,0.0,0,0.9687633718442444,0.9820282413350444,False,False,False,False,-0.2987128261338826,-0.3001683333200294,False,False,False,False,8222.0,7105.838171741538,False,False,False,False,1439.5015260856994,False,False,False,False
2025-04-08 14:00:00+00:00,4.055,4.055,3.885,3.9,2496.0,,,,,,,,,,,,,,,,,,,,,,,,,,,,,,,,,,,,,,,,,,"rgba(239, 83, 80, 0.75)",0.39834598343967575,4.71987011121488,-2.058185962201471,31.453645167612443,-24.491460185395262,False,True,False,True,True,0.0,0.0,0.0,0.0,0.0,0,0.9664685908319183,0.9779286926994903,False,False,False,False,-0.27469335355628877,-0.28743084343815906,False,False,False,False,5726.0,7084.445331869576,False,False,False,False,1455.8813473866965,False,False,False,False
2025-04-08 15:00:00+00:00,3.9,3.9,3.81,3.86,8266.0,,,,,,,,,,,,,,,,,,,,,,,,,,,,,,,,,,,,,,,,,,"rgba(239, 83, 80, 0.75)",0.4110026741983538,4.663046092329362,-1.9538707233369603,31.761440678792738,-23.87484374885729,False,True,False,True,True,0.0,0.0,0.0,0.0,0.0,0,0.9559322033898302,0.9949152542372878,False,False,False,False,-0.33045123711204727,-0.30894104027510316,False,False,False,False,-2540.0,6935.229125173923,False,False,False,False,1561.4645823109336,False,False,False,False
2025-04-08 16:00:00+00:00,3.86,3.865,3.685,3.695,7055.0,,,,,,,,,,,,,,,,,,,,,,,,,,,,,,,,,,,,,,,,,,"rgba(239, 83, 80, 0.75)",0.4281601851458682,4.615334547836491,-2.1495098791657745,30.03860895927624,-23.87484374885729,False,True,False,True,True,0.0,0.0,0.0,0.0,0.0,0,0.9544303797468352,0.9932489451476789,False,False,False,False,-0.34282825441539394,-0.3258846473452486,False,False,False,False,-9595.0,6678.946503078203,False,False,False,False,1646.6356740580507,False,False,False,False
2025-04-08 17:00:00+00:00,3.695,3.82,3.695,3.78,1757.0,,,,,,,,,,,,,,,,,,,,,,,,,,,,,,,,,,,,,,,,,,"rgba(239, 83, 80, 0.75)",0.44175139761782006,4.604617977705882,-1.8667014573189824,31.18575823045557,-23.87484374885729,False,True,False,True,True,0.0,0.0,0.0,0.0,0.0,0,0.955255382017729,1.0004221190375684,False,False,False,False,-0.34282825441539394,-0.3343564508803213,False,False,False,False,-7838.0,6453.877565045983,False,False,False,False,1648.346748878856,False,False,False,False
2025-04-08 18:00:00+00:00,3.78,3.81,3.72,3.72,2730.0,,,,,,,,,,,,,,,,,,,,,,,,,,,,,,,,,,,,,,,,,,"rgba(239, 83, 80, 0.75)",0.4561742297937577,4.5882878808692755,-1.9034128281683942,31.176703028763335,-23.57629511499314,False,True,False,True,True,0.0,0.0,0.0,0.0,0.0,0,0.9539170506912442,0.9941348973607034,False,False,False,False,-0.3392772491967251,-0.3368168500385232,False,False,False,False,-10568.0,6189.972486518138,False,False,False,False,1665.1165667256953,False,False,False,False
2025-04-08 19:00:00+00:00,3.72,3.755,3.66,3.72,7835.0,,,,,,,,,,,,,,,,,,,,,,,,,,,,,,,,,,,,,,,,,,"rgba(239, 83, 80, 0.75)",0.46895598056929805,4.543154968511484,-1.7552926129915198,31.170666227635177,-23.155216900504804,False,True,False,True,True,0.0,0.0,0.0,0.0,0.0,0,0.9544504805683242,0.9987463435018802,False,False,False,False,-0.34282825441539394,-0.33982255222695856,False,False,False,False,-10568.0,5930.158959595376,False,False,False,False,1760.77367421832,False,False,False,False
2025-04-09 14:00:00+00:00,3.645,3.65,3.515,3.515,2231.0,,,,,,,,,,,,,,,,,,,,,,,,,,,,,,,,,,,,,,,,,,"rgba(239, 83, 80, 1.0)",0.4876335575885716,4.528914540924577,-2.0792550577088074,28.770836273407802,-23.155216900504804,False,True,False,True,False,0.0,0.0,0.0,0.0,0.0,0,0.9400578751550228,1.001240181893344,False,False,False,False,-0.34282825441539394,-0.3413254033211762,False,False,False,False,-12799.0,5639.784402082269,False,False,False,False,1768.064004850594,False,False,False,False
2025-04-09 15:00:00+00:00,3.525,3.585,3.5,3.51,1914.0,,,,,,,,,,,,,,,,,,,,,,,,,,,,,,,,,,,,,,,,,,"rgba(239, 83, 80, 1.0)",0.5050786398497097,4.51670367997721,-1.9931622534597055,27.120693216488206,-23.155216900504804,False,True,False,True,False,0.0,0.0,0.0,0.0,0.0,0,0.9376290788930193,1.00784799669558,False,False,False,False,-0.34282825441539394,-0.34207682886828505,False,False,False,False,-14713.0,5324.237357088745,False,False,False,False,1770.326578418802,False,False,False,False
2025-04-09 16:00:00+00:00,3.49,3.51,3.38,3.39,1929.0,,,,,,,,,,,,,,,,,,,,,,,,,,,,,,,,,,,,,,,,,,"rgba(239, 83, 80, 1.0)",0.5252600214085309,4.5033698809459235,-2.119654714935898,24.867950794807072,-21.163060195323293,False,True,False,True,False,0.0,0.0,0.0,0.0,0.0,0,0.9240924092409241,1.0210396039603957,False,False,False,False,-0.34282825441539394,-0.34245254164183947,False,False,False,False,-16642.0,4983.675537598996,False,False,False,False,1772.7866314665725,True,False,False,False
2025-04-09 17:00:00+00:00,3.39,3.875,3.36,3.835,2700.0,,,,,,,,,,,,,,,,,,,,,,,,,,,,,,,,,,,,3.69,,,,,3.69,"rgba(239, 83, 80, 0.75)",0.532356650755491,4.401163575267009,-1.063504277561933,33.37887949189168,-21.27052372628629,False,True,False,True,True,0.0,0.0,0.0,0.0,0.0,0,0.9250697489039459,0.9892387405340769,False,False,False,False,-0.27608737355008245,-0.309269957595961,False,False,False,False,-13942.0,4690.254211434671,False,False,False,False,1787.1620325291062,False,False,False,False
2025-04-09 18:00:00+00:00,3.835,4.08,3.835,3.945,1572.0,,,,,,,,,,,,,,,,,,,,,,,,,,,,,,,,,,,,3.7869007490636704,,,,,3.7869007490636704,"rgba(239, 83, 80, 0.5)",0.5371218929888524,4.36222841041133,-0.7767853365455526,40.62238669963968,-15.00085620390331,False,False,False,True,True,0.0,0.0,0.0,0.0,0.0,0,0.966194968553459,0.9689465408805028,False,False,False,False,-0.15073126371012766,-0.23000061065304434,False,False,False,False,-12370.0,4425.75414614111,False,False,False,False,1783.8261870635386,False,False,False,False
2025-04-09 19:00:00+00:00,3.945,4.015,3.9,3.985,2933.0,,,,,,,,,,,,,,,,,,,,,,,,,,,,,,,,,,,,3.8600795743696503,,,,,3.8600795743696503,#000000,0.5408017654830186,4.363648896723533,-0.7001620943033386,46.01080016719526,-10.54961176559518,True,False,False,False,True,0.0,0.0,0.0,0.0,0.0,0,0.9737666405638215,0.9714173844949096,False,False,False,False,-0.15073126371012788,-0.19036593718158612,False,False,False,False,-9437.0,4210.827725270705,False,False,False,False,1801.6428353261192,False,False,False,False
2025-04-10 14:00:00+00:00,3.575,3.73,3.575,3.64,622.0,,,,,,,,,,,,,,,,,,,,,,,,,,,,,,,,,,,,3.8432524168476636,,,,,3.8432524168476636,"rgba(239, 83, 80, 0.5)",0.5512603740520448,4.3557446004270295,-1.298378468900171,44.56432193442891,-10.54961176559518,True,False,False,True,True,0.0,0.0,0.0,0.0,0.0,0,0.9542857142857142,0.9756190476190473,False,False,False,False,-0.26285075777912187,-0.226608347480354,False,False,False,False,-10059.0,3989.590086119221,False,False,False,False,1783.3537991195128,False,False,False,False
2025-04-10 15:00:00+00:00,3.64,3.655,3.615,3.625,120.0,,,,,,,,,,,,,,,,,,,,,,,,,,,,,,,,,,,,3.840057464032548,,,,,3.840057464032548,"rgba(239, 83, 80, 0.5)",0.5611700132613859,4.354282598102069,-1.2995751392054125,43.42147206003624,-10.54961176559518,True,False,False,True,False,0.0,0.0,0.0,0.0,0.0,0,0.9583969465648855,0.9809160305343508,False,False,False,False,-0.26945754034907443,-0.2480329439147142,False,False,False,False,-10179.0,3769.922022768535,False,False,False,False,1757.5653681254119,False,False,False,False
2025-04-10 16:00:00+00:00,3.625,3.695,3.615,3.675,305.0,,,,,,,,,,,,,,,,,,,,,,,,,,,,,,,,,,,,3.833464008725157,,,,,3.833464008725157,"rgba(239, 83, 80, 0.5)",0.5694004512413685,4.351064323100981,-1.187326637390383,43.56179836865478,-10.54961176559518,True,False,False,True,False,0.0,0.0,0.0,0.0,0.0,0,0.9575688073394494,0.9839449541284402,False,False,False,False,-0.26190877276773583,-0.254970858341225,False,False,False,False,-9874.0,3558.3883479969295,False,False,False,False,1735.044974821142,False,False,False,False
2025-04-10 17:00:00+00:00,3.675,3.74,3.675,3.71,1924.0,,,,,,,,,,,,,,,,,,,,,,,,,,,,,,,,,,,,3.8098052607442345,,,,,3.8098052607442345,"rgba(239, 83, 80, 0.5)",0.5759923829576442,4.336956035502495,-1.0884797335047371,44.3094952102106,-10.54961176559518,True,False,False,True,False,0.0,0.0,0.0,0.0,0.0,0,0.962566844919786,0.9793735676088612,False,False,False,False,-0.24222897868228127,-0.24859991851175314,False,False,False,False,-7950.0,3379.963722446589,False,False,False,False,1737.9745100952327,False,False,False,False
2025-04-10 18:00:00+00:00,3.705,3.78,3.675,3.735,1461.0,,,,,,,,,,,,,,,,,,,,,,,,,,,,,,,,,,,,3.799785884105296,,,,,3.799785884105296,"rgba(239, 83, 80, 0.5)",0.5815504285106332,4.329102784121314,-1.0215842943196314,45.301387779800045,-10.54961176559518,True,False,False,True,False,0.0,0.0,0.0,0.0,0.0,0,0.9608959757023537,0.9760820045558084,False,False,False,False,-0.2347808314909109,-0.241690375001332,False,False,False,False,-6489.0,3226.9565329512934,False,False,False,False,1733.680331644144,False,False,False,False
2025-04-10 19:00:00+00:00,3.73,3.775,3.665,3.725,5193.0,,,,,,,,,,,,,,,,,,,,,,,,,,,,,,,,,,,,3.775681719152307,,,,,3.775681719152307,"rgba(239, 83, 80, 0.5)",0.5869738548745647,4.305897469151434,-0.9896479448400146,45.771269875384995,-10.087893932530278,True,False,False,True,False,0.0,0.0,0.0,0.0,0.0,0,0.9616698292220115,0.9810246679316886,False,False,False,False,-0.237570847879823,-0.2396306114405775,False,False,False,False,-11682.0,2995.8099200373194,False,False,False,False,1787.3131947194283,False,False,False,False
2025-04-11 14:00:00+00:00,3.805,3.865,3.785,3.82,106.0,,,,,,,,,,,,,,,,,,,,,,,,,,,,,,,,,,,,3.7759799637852303,,,,,3.7759799637852303,#000000,0.5905044415544185,4.3056723219500395,-0.8224702267633698,48.12482821402988,-7.450722158260604,True,False,False,False,True,0.0,0.0,0.0,0.0,0.0,0,0.9608138658628484,0.97249434815373,False,False,False,False,-0.19881894048036058,-0.21922477596046905,False,False,False,False,-11576.0,2769.8903863933297,False,False,False,False,1761.2463234834681,False,False,False,False
2025-04-11 15:00:00+00:00,3.82,3.865,3.815,3.855,518.0,,,,,,,,,,,,,,,,,,,,,,,,,,,,,,,,,,,,3.778028341163439,,,,,3.778028341163439,#000000,0.5928158488355645,4.3047610729017185,-0.7586859794405959,50.40836971859851,-4.991000190457356,True,False,False,False,True,0.0,0.0,0.0,0.0,0.0,0,0.9655694286795307,0.9742716609912975,False,False,False,False,-0.19333331968355394,-0.2062790478220115,False,False,False,False,-11058.0,2555.504488929867,False,False,False,False,1741.9711866852747,False,False,False,False
2025-04-11 16:00:00+00:00,3.855,3.94,3.855,3.925,210.0,,,,,,,,,,,,,,,,,,,,,,,,,,,,,,,,,,,,3.7795576690821253,,,,,3.7795576690821253,"rgba(38, 166, 154, 1.0)",0.5940852003081927,4.304608463912216,-0.6389798360829179,53.322951013395944,-2.039146732307273,True,False,True,False,True,0.0,0.0,0.0,0.0,0.0,0,0.9659477866061292,0.9697313658721147,False,False,False,False,-0.17240819309711483,-0.18934362045956316,False,False,False,False,-10848.0,2347.6982177836676,False,False,False,False,1718.2196954188362,False,False,False,False
2025-04-11 17:00:00+00:00,3.925,3.95,3.87,3.925,227.0,,,,,,,,,,,,,,,,,,,,,,,,,,,,,,,,,,,,3.781276153745831,,,,,3.781276153745831,"rgba(38, 166, 154, 1.0)",0.5916651795438742,4.304467848337489,-0.6413557218797767,55.26600520992757,-0.05205986105498539,True,False,True,False,True,0.0,0.0,0.0,0.0,0.0,0,0.9694339622641509,0.9637735849056601,False,False,False,False,-0.16787957703414788,-0.1786115987468555,False,False,False,False,-10848.0,2143.1137492908974,False,False,False,False,1695.1000102185442,False,False,False,False
2025-04-11 18:00:00+00:00,3.925,3.94,3.885,3.935,202.0,,,,,,,,,,,,,,,,,,,,,,,,,,,,,,,,,,,,3.7828249415059227,,,,,3.7828249415059227,"rgba(38, 166, 154, 1.0)",0.5889693471581455,4.304352693529872,-0.6271170058544602,56.785975623844635,1.5568170261309007,True,False,True,False,True,0.0,0.0,0.0,0.0,0.0,0,0.9717301168488501,0.9630606860158308,False,False,False,False,-0.16697467764401494,-0.17279313819543524,False,False,False,False,-10646.0,1944.832915968558,False,False,False,False,1671.9511728508148,False,False,False,False
2025-04-11 19:00:00+00:00,3.935,3.99,3.935,3.96,2323.0,,,,,,,,,,,,,,,,,,,,,,,,,,,,,,,,,,,,3.80317414446186,,,,,3.80317414446186,"rgba(38, 166, 154, 1.0)",0.5856073846947365,4.3040888244024025,-0.587575965391502,58.39301450454472,3.269218505561568,True,False,True,False,True,0.0,0.0,0.0,0.0,0.0,0,0.9781544256120528,0.9570621468926552,False,False,False,False,-0.14893145579146116,-0.1608622969934482,False,False,False,False,-8323.0,1785.6417079690455,False,False,False,False,1682.0449531166937,False,False,False,False
2025-04-14 14:00:00+00:00,4.125,4.215,4.105,4.18,894.0,,,,,,,,,,,,,,,,,,,,,,,,,,,,,,,,,,,,3.818423431878617,,,,,3.818423431878617,"rgba(38, 166, 154, 1.0)",0.5800295270520738,4.306455334500471,-0.21801533991409713,63.36815850632487,8.019232010310603,True,False,True,False,True,0.0,0.0,0.0,0.0,0.0,0,0.979933110367893,0.9498327759197323,False,False,False,False,-0.07848074435588544,-0.11967152067466683,False,False,False,False,-7429.0,1642.7790458299905,False,False,False,False,1669.8272019055821,False,False,False,False
2025-04-14 15:00:00+00:00,4.18,4.195,4.04,4.04,463.0,,,,,,,,,,,,,,,,,,,,,,,,,,,,,,,,,,,,3.824233913562669,,,,,3.824233913562669,"rgba(38, 166, 154, 1.0)",0.5762385798442352,4.307070222600521,-0.46347161044425933,62.30442781813878,8.019232010310603,True,False,True,False,True,0.0,0.0,0.0,0.0,0.0,0,0.9719970523212969,0.95246868091378,False,False,False,False,-0.09355198204146263,-0.10661175135806472,False,False,False,False,-7892.0,1494.9530141116961,False,False,False,False,1651.116702651232,False,False,False,False
2025-04-14 16:00:00+00:00,4.04,4.125,4.035,4.1,200.0,,,,,,,,,,,,,,,,,,,,,,,,,,,,,,,,,,,,3.826622597430179,,,,,3.826622597430179,"rgba(38, 166, 154, 1.0)",0.5721919289920155,4.307305527342831,-0.3623006841568439,62.651173790310146,8.019232010310603,True,False,True,False,True,0.0,0.0,0.0,0.0,0.0,0,0.9707732149463558,0.9659637439881611,False,False,False,False,-0.10688519509971767,-0.1067484732288912,False,False,False,False,-7692.0,1352.519634047949,False,False,False,False,1628.6187692767942,False,False,False,False
2025-04-14 17:00:00+00:00,4.155,4.155,4.095,4.115,320.0,,,,,,,,,,,,,,,,,,,,,,,,,,,,,,,,,,,,3.8308577430882638,,,,,3.8308577430882638,"rgba(38, 166, 154, 1.0)",0.5665499508841625,4.30782263598158,-0.3403453405664572,63.14970561956248,8.181655848671383,True,False,True,False,True,0.0,0.0,0.0,0.0,0.0,0,0.9663710273466372,0.965262379896526,False,False,False,False,-0.09088946462132376,-0.09881896892510747,False,False,False,False,-7372.0,1217.255763752632,False,False,False,False,1608.3301061872314,False,False,False,False
2025-04-14 18:00:00+00:00,4.115,4.18,4.115,4.155,541.0,,,,,,,,,,,,,,,,,,,,,,,,,,,,,,,,,,,,3.8384190972526344,,,,,3.8384190972526344,"rgba(38, 166, 154, 1.0)",0.5608461512798367,4.308853656608319,-0.27432417296120953,64.21828117593626,9.508491683971073,True,False,True,False,True,0.0,0.0,0.0,0.0,0.0,0,0.9678966789667895,0.9634686346863467,False,False,False,False,-0.08290946494105107,-0.09086421693307928,False,False,False,False,-6831.0,1092.4766046246841,False,False,False,False,1591.782352602933,False,False,False,False
2025-04-14 19:00:00+00:00,4.155,4.17,4.105,4.115,2471.0,,,,,,,,,,,,,,,,,,,,,,,,,,,,,,,,,,,,3.866891589277481,,,,,3.866891589277481,"rgba(38, 166, 154, 1.0)",0.5553643151324387,4.312055853620339,-0.35482267810697626,63.4971308056241,9.508491683971073,True,False,True,False,True,0.0,0.0,0.0,0.0,0.0,0,0.9642857142857142,0.9664948453608245,False,False,False,False,-0.08645477091633845,-0.08865949392470887,False,False,False,False,-9302.0,931.3219285839914,False,False,False,False,1605.4136339579263,False,False,False,False
2025-04-15 14:00:00+00:00,4.31,4.365,4.23,4.24,1241.0,,,,,,,,,,,,,,,,,,,,,,,,,,,,,,,,,,,,3.8861260955825103,,,,,3.8861260955825103,"rgba(38, 166, 154, 1.0)",0.5495668810588542,4.315548123899013,-0.13746848018471225,65.36353148094624,11.105994494983406,True,False,True,False,True,0.0,0.0,0.0,0.0,0.0,0,0.965554749818709,0.953589557650471,False,False,False,False,-0.029928949009048238,-0.05929422146687856,False,False,False,False,-8061.0,791.906084729976,False,False,False,False,1599.763810175633,False,False,False,False
2025-04-15 15:00:00+00:00,4.24,4.285,4.24,4.26,1200.0,,,,,,,,,,,,,,,,,,,,,,,,,,,,,,,,,,,,3.902368029025204,,,,,3.902368029025204,"rgba(38, 166, 154, 1.0)",0.543367934011303,4.3183303097047325,-0.10734956197013895,66.94076509352084,12.805047432038187,True,False,True,False,True,0.0,0.0,0.0,0.0,0.0,0,0.9663165519739224,0.9587106120970661,False,False,False,False,-0.04226516408639809,-0.050779692776638324,False,False,False,False,-6861.0,673.2563779899763,False,False,False,False,1593.5659216457782,False,False,False,False
2025-04-15 16:00:00+00:00,4.26,4.29,4.24,4.26,1468.0,,,,,,,,,,,,,,,,,,,,,,,,,,,,,,,,,,,,3.920506492321033,,,,,3.920506492321033,"rgba(38, 166, 154, 1.0)",0.5363295511039714,4.3213765163438245,-0.11443806558390887,67.99225416857058,13.994780673709577,True,False,True,False,True,0.0,0.0,0.0,0.0,0.0,0,0.9639940608760206,0.9669636228656271,False,False,False,False,-0.04138362381248331,-0.04608165829456082,False,False,False,False,-6861.0,556.4462015870308,False,False,False,False,1591.61916317065,False,False,False,False
2025-04-15 17:00:00+00:00,4.26,4.275,4.235,4.245,1439.0,,,,,,,,,,,,,,,,,,,,,,,,,,,,,,,,,,,,3.93605275176981,,,,,3.93605275176981,"rgba(38, 166, 154, 1.0)",0.5315620106546095,4.323818874377065,-0.14827785431844712,67.99770901679719,14.24806524354581,True,False,True,False,True,0.0,0.0,0.0,0.0,0.0,0,0.9577412116679132,0.9749439042632758,False,False,False,False,-0.04491018435315611,-0.04549592132385846,False,False,False,False,-8300.0,419.136958151573,False,False,False,False,1589.2529745943607,False,False,False,False
2025-04-15 18:00:00+00:00,4.24,4.265,4.235,4.26,555.0,,,,,,,,,,,,,,,,,,,,,,,,,,,,,,,,,,,,3.94169523840041,,,,,3.94169523840041,"rgba(38, 166, 154, 1.0)",0.526159808560236,4.3246915472804455,-0.12295037786611868,68.34689632449502,14.870930593234078,True,False,True,False,True,0.0,0.0,0.0,0.0,0.0,0,0.956880389951256,0.9707536557930257,False,False,False,False,-0.046673877855513385,-0.046084899589685924,False,False,False,False,-7745.0,292.5611913585254,False,False,False,False,1573.2180447556884,False,False,False,False
2025-04-15 19:00:00+00:00,4.265,4.285,4.235,4.25,3339.0,,,,,,,,,,,,,,,,,,,,,,,,,,,,,,,,,,,,3.9721375227950326,,,,,3.9721375227950326,"rgba(38, 166, 154, 1.0)",0.5207147893923236,4.329270513344758,-0.15223403475301137,68.03362133044632,14.870930593234078,True,False,True,False,True,0.0,0.0,0.0,0.0,0.0,0,0.9594290007513144,0.9673178061607811,False,False,False,False,-0.0431467700157711,-0.044615834802728516,False,False,False,False,-11084.0,116.18039769405212,False,False,False,False,1600.594509178081,False,False,False,False
2025-04-16 14:00:00+00:00,4.365,4.54,4.365,4.51,1709.0,,,,,,,,,,,,,,,,,,,,,,,,,,,,,,,,,,,,3.99568384083554,,,,,3.99568384083554,"rgba(38, 166, 154, 1.0)",0.5158842404547261,4.334839732077446,0.3395340547099451,72.2756706358873,18.967122726083815,True,False,True,False,True,3.9789642381016,0.0,0.0,0.0,0.0,0,0.9604874446085672,0.9519940915805022,False,False,False,False,0.024644969449439082,-0.009985432676644717,False,False,False,False,-9375.0,-30.969685991126994,False,False,False,False,1602.2752144621418,False,False,False,False
2025-04-16 15:00:00+00:00,4.505,4.58,4.505,4.57,2200.0,,,,,,,,,,,,,,,,,,,,,,,,,,,,,,,,,,,,4.027490638651965,,,,,4.027490638651965,"rgba(38, 166, 154, 1.0)",0.5103640548358285,4.3430119589951754,0.44475710789985257,75.72025426443136,22.12570366479794,True,False,True,False,True,5.177041157055722,0.0,0.0,0.0,0.0,0,0.9712389380530974,0.9483775811209438,False,False,False,False,0.05637964084966447,0.02319710408650988,False,False,False,False,-7175.0,-141.7298458982413,False,False,False,False,1611.5422654007132,False,False,False,False
2025-04-16 16:00:00+00:00,4.57,4.66,4.565,4.655,1892.0,,,,,,,,,,,,,,,,,,,,,,,,,,,,,,,,,,,,4.0555872244803535,,,,,4.0555872244803535,"rgba(38, 166, 154, 1.0)",0.5053962587696693,4.350728628440239,0.6020451601689261,78.7868063894517,24.846340879810413,True,False,True,False,True,6.839205432707029,0.0,0.0,0.0,0.0,0,0.9729929707732149,0.9519052904180538,False,False,False,False,0.08113756153734104,0.05216733281192546,False,False,False,False,-5283.0,-221.43946069051663,False,False,False,False,1615.8904473324849,False,False,False,False
2025-04-16 17:00:00+00:00,4.65,4.705,4.58,4.585,2202.0,,,,,,,,,,,,,,,,,,,,,,,,,,,,,,,,,,,,4.084968585977281,,,,,4.084968585977281,"rgba(38, 166, 154, 1.0)",0.501328190863984,4.358919094174739,0.45096387944120014,77.72879166875693,24.846340879810413,True,False,True,False,True,5.234157413331129,0.0,0.0,0.0,0.0,0,0.9770964166974507,0.9438492796453636,False,False,False,False,0.09177679030188193,0.0719720615569037,False,False,False,False,-7485.0,-334.05280238523727,False,False,False,False,1624.9774171412835,False,False,False,False
2025-04-16 18:00:00+00:00,4.585,4.615,4.52,4.535,1779.0,,,,,,,,,,,,,,,,,,,,,,,,,,,,,,,,,,,,4.103898651747914,,,,,4.103898651747914,"rgba(38, 166, 154, 0.75)",0.49721514548623824,4.364010227412551,0.3438949399263248,74.98336325797854,24.846340879810413,True,False,True,False,False,4.103404565653015,0.0,0.0,0.0,0.0,0,0.9741983044600071,0.9461850350165865,False,False,False,False,0.0652122633603243,0.06859216245861399,False,False,False,False,-9264.0,-472.50159614670645,False,False,False,False,1627.365364162349,False,False,False,False
2025-04-16 19:00:00+00:00,4.535,4.545,4.465,4.51,8926.0,,,,,,,,,,,,,,,,,,,,,,,,,,,,,,,,,,,,4.1714060651582,,,,,4.1714060651582,"rgba(38, 166, 154, 0.75)",0.4917728546194276,4.381716295708311,0.26085966943206873,72.1443422843409,26.72374134071839,True,False,True,False,False,3.5386809807509216,0.0,0.0,0.0,0.0,0,0.9697305278700626,0.9542266519010703,False,False,False,False,0.04314673475020233,0.055869448604408165,False,False,False,False,-18190.0,-747.191493880866,False,False,False,False,1740.5224902993666,False,False,False,False
2025-04-17 14:00:00+00:00,4.74,4.81,4.735,4.77,3845.0,,,,,,,,,,,,,,,,,,,,,,,,,,,,,,,,,,,,4.211826415645066,,,,,4.211826415645066,"rgba(38, 166, 154, 0.75)",0.4887851459679591,4.395366583998554,0.7664582671790193,74.02453947707393,26.72374134071839,True,False,True,False,False,8.571404625020016,0.0,0.0,0.0,0.0,0,0.9677769732078202,0.9482259232440259,False,False,False,False,0.13815224294091216,0.09701084577266017,False,False,False,False,-14345.0,-958.0102304098448,False,False,False,False,1773.1500485892989,False,False,False,False
2025-04-17 15:00:00+00:00,4.77,4.85,4.76,4.785,5843.0,,,,,,,,,,,,,,,,,,,,,,,,,,,,,,,,,,,,4.266271865020732,,,,,4.266271865020732,"rgba(38, 166, 154, 1.0)",0.48627219604728456,4.414799539191565,0.7613029571043738,75.43674849994514,26.72374134071839,True,False,True,False,True,8.845677033146359,0.0,0.0,0.0,0.0,0,0.9704077950198482,0.9455070371706963,False,False,False,False,0.14983120331711675,0.12342102454488846,False,False,False,False,-8502.0,-1074.971312108917,False,False,False,False,1836.2484974483796,False,False,False,False
2025-04-17 16:00:00+00:00,4.785,4.88,4.77,4.86,4606.0,,,,,,,,,,,,,,,,,,,,,,,,,,,,,,,,,,,,4.305165682196133,,,,,4.305165682196133,"rgba(38, 166, 154, 1.0)",0.4857545259279214,4.466566435026494,0.8099431790613634,77.15798701226134,22.33940811778845,True,False,True,False,True,10.210497799961164,0.0,0.0,0.0,0.0,0,0.969971056439942,0.9493487698986974,False,False,False,False,0.15703827387777933,0.1402296492113339,False,False,False,False,-3896.0,-1118.708190990949,False,False,False,False,1879.1903812088697,False,False,False,True
2025-04-17 17:00:00+00:00,4.865,4.865,4.76,4.81,2299.0,,,,,,,,,,,,,,,,,,,,,,,,,,,,,,,,,,,,4.321836821860802,,,,,4.321836821860802,"rgba(38, 166, 154, 1.0)",0.48433633426027917,4.471698639739604,0.6984843719748565,76.29907315968417,22.33940811778845,True,False,True,False,True,9.031154113473562,0.0,0.0,0.0,0.0,0,0.9686486486486485,0.9509909909909909,False,False,False,False,0.1525320053278863,0.1463808272696101,False,False,False,False,-6195.0,-1197.4103895802366,False,False,False,False,1885.6990574691972,False,False,False,False
2025-04-17 18:00:00+00:00,4.81,4.825,4.775,4.805,1381.0,,,,,,,,,,,,,,,,,,,,,,,,,,,,,,,,,,,,4.331139844726164,,,,,4.331139844726164,"rgba(38, 166, 154, 1.0)",0.4815022195041136,4.474623445747869,0.6861371367973687,75.5193401256588,22.33940811778845,True,False,True,False,True,8.912645853008033,0.0,0.0,0.0,0.0,0,0.9703650162631006,0.9559089266353449,False,False,False,False,0.14803187561466427,0.14720635144213717,False,False,False,False,-7576.0,-1296.303251757287,False,False,False,False,1877.8742658805274,False,False,False,False
2025-04-17 19:00:00+00:00,4.805,4.825,4.725,4.75,7060.0,,,,,,,,,,,,,,,,,,,,,,,,,,,,,,,,,,,,4.370415085984834,,,,,4.370415085984834,"rgba(38, 166, 154, 0.75)",0.4779204483540699,4.486600936259247,0.5511357897488669,72.69528668377426,22.33940811778845,True,False,True,False,False,7.605026382234509,0.0,0.0,0.0,0.0,0,0.964015833033465,0.9553796329614966,False,False,False,False,0.1429002762815008,0.14505331386181897,False,False,False,False,-14636.0,-1503.1202556060111,False,False,False,False,1958.2173005180384,False,False,False,False
2025-04-18 14:00:00+00:00,4.75,4.75,4.75,4.75,0.0,,,,,,,,,,,,,,,,,,,,,,,,,,,,,,,,,,,,4.370415085984834,,,,,4.370415085984834,"rgba(38, 166, 154, 0.75)",0.47439631624293316,4.486600936259247,0.5552299938304518,70.81258438918456,25.352806651233124,True,False,True,False,False,7.605026382234509,0.0,0.0,0.0,0.0,0,0.9671361502347416,0.9599133261105091,False,False,False,False,0.14028637515577655,0.14266984450879777,False,False,False,False,-14636.0,-1706.730794278786,False,False,False,False,1927.857342370472,False,False,False,False
2025-04-18 15:00:00+00:00,4.75,4.75,4.75,4.75,0.0,,,,,,,,,,,,,,,,,,,,,,,,,,,,,,,,,,,,4.370415085984834,,,,,4.370415085984834,"rgba(38, 166, 154, 0.75)",0.47209551064500854,4.486600936259247,0.5579359638071528,69.55744952612477,24.041759722095293,True,False,True,False,False,7.605026382234509,0.0,0.0,0.0,0.0,0,0.9698510715582999,0.9589538685070831,False,False,False,False,0.16003315366591445,0.15135149908735612,False,False,False,False,-14636.0,-1907.1845804139987,False,False,False,False,1897.9680812484492,False,False,False,False
2025-04-18 16:00:00+00:00,4.75,4.75,4.75,4.75,0.0,,,,,,,,,,,,,,,,,,,,,,,,,,,,,,,,,,,,4.370415085984834,,,,,4.370415085984834,"rgba(38, 166, 154, 0.75)",0.46786877347092676,4.486600936259247,0.5629763700336381,68.72069295075157,23.073522674130658,True,False,True,False,False,7.605026382234509,0.0,0.0,0.0,0.0,0,0.975439882697947,0.9527126099706744,False,False,False,False,0.16003315366591445,0.15569232637663527,False,False,False,False,-14636.0,-2104.530555911456,False,False,False,False,1868.542219523667,False,False,False,False
2025-04-18 17:00:00+00:00,4.75,4.75,4.75,4.75,0.0,,,,,,,,,,,,,,,,,,,,,,,,,,,,,,,,,,,,4.370415085984834,,,,,4.370415085984834,"rgba(38, 166, 154, 0.75)",0.4626856773621118,4.486600936259247,0.5692829422394434,68.1628552338361,22.31320803751305,True,False,True,False,False,7.605026382234509,0.0,0.0,0.0,0.0,0,0.9756995581737847,0.950662739322533,False,False,False,False,0.16003315366591445,0.15786274002127487,False,False,False,False,-14636.0,-2298.8169038818205,False,False,False,False,1839.5725727093466,False,False,False,False
2025-04-18 18:00:00+00:00,4.75,4.75,4.75,4.75,0.0,,,,,,,,,,,,,,,,,,,,,,,,,,,,,,,,,,,,4.370415085984834,,,,,4.370415085984834,"rgba(38, 166, 154, 0.75)",0.45657609412860184,4.486600936259247,0.576900690001002,67.79096342255912,21.682906066607316,True,False,True,False,False,7.605026382234509,0.0,0.0,0.0,0.0,0,0.97669256381798,0.9496855345911949,False,False,False,False,0.16003315366591445,0.15894794684359465,False,False,False,False,-14636.0,-2490.0910604107844,False,False,False,False,1811.0520677061008,False,False,False,False
2025-04-18 19:00:00+00:00,4.75,4.75,4.75,4.75,0.0,,,,,,,,,,,,,,,,,,,,,,,,,,,,,,,,,,,,4.370415085984834,,,,,4.370415085984834,"rgba(38, 166, 154, 0.75)",0.4489246109385255,4.486600936259247,0.5867334009380519,67.54303554837446,21.138710771916806,True,False,True,False,False,7.605026382234509,0.0,0.0,0.0,0.0,0,0.9739583333333331,0.952752976190476,False,False,False,False,0.16003315366591445,0.15949055025475456,False,False,False,False,-14636.0,-2678.3997261408495,False,False,False,False,1782.9737410749985,False,False,False,False
2025-04-21 14:00:00+00:00,4.62,4.675,4.575,4.67,2242.0,,,,,,,,,,,,,,,,,,,,,,,,,,,,,,,,,,,,4.3779203867661725,,,,,4.3779203867661725,"rgba(38, 166, 154, 0.5)",0.4406975735709825,4.487443599942989,0.4142441688020923,62.08825640684875,15.895971386478223,False,False,True,False,False,5.503129080815114,0.0,0.0,0.0,0.0,0,0.9642462218945814,0.9539255436785843,False,False,False,False,0.11234256111301295,0.13591655568388375,False,False,False,False,-16878.0,-2898.54856759603,False,False,False,False,1790.0904272598823,False,False,False,False
2025-04-21 15:00:00+00:00,4.68,4.705,4.63,4.645,465.0,,,,,,,,,,,,,,,,,,,,,,,,,,,,,,,,,,,,4.379539812665646,,,,,4.379539812665646,"rgba(38, 166, 154, 0.5)",0.4306403884265203,4.487758475295082,0.36513417907560625,57.141306111569605,11.427112965437573,False,True,True,False,False,4.855193054209746,0.0,0.0,0.0,0.0,0,0.9697862932940308,0.9517317612380248,False,False,False,False,0.12848967367500905,0.1322031146794464,False,False,False,False,-17343.0,-3122.4935510441533,False,False,False,False,1769.546389627946,False,False,False,False
2025-04-21 16:00:00+00:00,4.645,4.67,4.62,4.625,588.0,,,,,,,,,,,,,,,,,,,,,,,,,,,,,,,,,,,,4.381405014055043,,,,,4.381405014055043,#000000,0.4190631120629589,4.488039500431555,0.3268254724072875,52.8249509257962,7.676939823599426,False,True,False,False,False,4.3339475251377735,0.0,0.0,0.0,0.0,0,0.9730029585798815,0.9493343195266271,False,False,False,False,0.11993342912684683,0.12606827190314662,False,False,False,False,-17931.0,-3352.0827983147865,False,False,False,False,1751.2278409515436,False,False,False,False
2025-04-21 17:00:00+00:00,4.625,4.67,4.615,4.615,900.0,,,,,,,,,,,,,,,,,,,,,,,,,,,,,,,,,,,,4.384153856101386,,,,,4.384153856101386,"rgba(239, 83, 80, 1.0)",0.4179869388881442,4.4884571502688155,0.3027435499965426,49.430383949068755,4.790106496751164,False,True,False,True,False,4.070618794825659,0.0,0.0,0.0,0.0,0,0.9712070874861569,0.9494278331487632,False,False,False,False,0.11898383573981298,0.1225260538214798,False,False,False,False,-18831.0,-3592.0660107440144,False,False,False,False,1738.0305100840778,False,False,False,False
2025-04-21 18:00:00+00:00,4.615,4.63,4.59,4.595,338.0,,,,,,,,,,,,,,,,,,,,,,,,,,,,,,,,,,,,4.385055138328785,,,,,4.385055138328785,"rgba(239, 83, 80, 1.0)",0.41616142701280406,4.488529125844995,0.25584032359570247,46.12706909032559,1.9276837578976966,False,True,False,True,False,3.5386008750178135,0.0,0.0,0.0,0.0,0,0.9700332963374027,0.9544950055493894,False,False,False,False,0.10665790600808488,0.11459197991478234,False,False,False,False,-19169.0,-3833.568863290619,False,False,False,False,1716.3246107029292,False,False,False,False
2025-04-21 19:00:00+00:00,4.595,4.595,4.535,4.565,4157.0,,,,,,,,,,,,,,,,,,,,,,,,,,,,,,,,,,,,4.3936552692795585,,,,,4.3936552692795585,"rgba(239, 83, 80, 1.0)",0.41316060398431603,4.488353063788064,0.18551366096571548,42.47673058921654,-1.3074745230739353,False,True,False,True,False,2.738011660756957,0.0,0.0,0.0,0.0,0,0.9677419354838709,0.9566184649610678,False,False,False,False,0.08964358664157172,0.10211778327817703,False,False,False,False,-23326.0,-4135.777097968284,False,False,False,False,1754.1645392191629,False,False,False,False
2025-04-22 14:00:00+00:00,4.625,4.645,4.52,4.535,807.0,,,,,,,,,,,,,,,,,,,,,,,,,,,,,,,,,,,,4.395245730146796,,,,,4.395245730146796,"rgba(239, 83, 80, 1.0)",0.40920030778567607,4.488426276076276,0.11381644401919082,38.75270492484843,-4.642014075625653,False,True,False,True,False,1.9377354661679682,0.0,0.0,0.0,0.0,0,0.9672191528545118,0.9488029465930018,False,False,False,False,0.09625358033298875,0.09918568180558289,False,False,False,False,-24133.0,-4445.811561565674,False,False,False,False,1739.4798176808813,False,False,False,False
2025-04-22 15:00:00+00:00,4.535,4.665,4.535,4.625,1174.0,,,,,,,,,,,,,,,,,,,,,,,,,,,,,,,,,,,,4.398057834982015,,,,,4.398057834982015,"rgba(239, 83, 80, 0.75)",0.40621969602844415,4.488989306843747,0.3348205281181869,42.47188636501667,-4.642014075625653,False,True,False,True,True,4.169866618715968,0.0,0.0,0.0,0.0,0,0.9746509919177074,0.9456282145481262,False,False,False,False,0.10287196994413776,0.10102882587486033,False,False,False,False,-22959.0,-4732.8377389057405,False,False,False,False,1730.7126887245884,False,False,False,False
2025-04-22 16:00:00+00:00,4.63,4.68,4.62,4.64,293.0,,,,,,,,,,,,,,,,,,,,,,,,,,,,,,,,,,,,4.398873968755486,,,,,4.398873968755486,"rgba(239, 83, 80, 0.75)",0.4042054044777348,4.48922851347858,0.3730071019615089,45.75826376187665,-11.482608562311462,False,True,False,True,True,4.535980895300025,0.0,0.0,0.0,0.0,0,0.9786764705882353,0.9448529411764706,False,False,False,False,0.12183326362538559,0.11143104475012296,False,False,False,False,-22666.0,-5010.871262333559,False,False,False,False,1708.422569519556,False,False,False,False
2025-04-22 17:00:00+00:00,4.64,4.655,4.56,4.56,742.0,,,,,,,,,,,,,,,,,,,,,,,,,,,,,,,,,,,,4.400463525751431,,,,,4.400463525751431,"rgba(239, 83, 80, 0.75)",0.40602918947127786,4.489493652243968,0.17364847056400975,44.02803165920052,-11.482608562311462,False,True,False,True,True,2.359840928952771,0.0,0.0,0.0,0.0,0,0.9765481861487721,0.9432026383290582,False,False,False,False,0.10571114058714558,0.10857109266863427,False,False,False,False,-23408.0,-5296.098064467922,False,False,False,False,1693.43927386809,False,False,False,False
2025-04-22 18:00:00+00:00,4.56,4.6,4.55,4.595,196.0,,,,,,,,,,,,,,,,,,,,,,,,,,,,,,,,,,,,4.400857310226815,,,,,4.400857310226815,"rgba(239, 83, 80, 0.75)",0.4083175212970885,4.489549035642962,0.2582572602372182,44.84803701822435,-11.482608562311462,False,True,False,True,True,3.2363963984338326,0.0,0.0,0.0,0.0,0,0.9779977997799779,0.9457279061239455,False,False,False,False,0.09341973246990085,0.10099541256926756,False,False,False,False,-23212.0,-5573.8639859490395,False,False,False,False,1670.2231610949411,False,False,False,False
2025-04-22 19:00:00+00:00,4.595,4.6,4.53,4.54,3834.0,,,,,,,,,,,,,,,,,,,,,,,,,,,,,,,,,,,,4.407210653195072,,,,,4.407210653195072,"rgba(239, 83, 80, 0.75)",0.4095657665346522,4.490016247645386,0.12204084530191146,43.07435872864539,-11.482608562311462,False,True,False,True,True,1.751292343921559,0.0,0.0,0.0,0.0,0,0.9761904761904762,0.9457875457875458,False,False,False,False,0.08964358664157172,0.09531949960541963,False,False,False,False,-27046.0,-5906.765319500217,False,False,False,False,1703.7700888299032,False,False,False,False
2025-04-23 14:00:00+00:00,4.615,4.645,4.47,4.48,917.0,,,,,,,,,,,,,,,,,,,,,,,,,,,,,,,,,,,,4.408412715131344,,,,,4.408412715131344,"rgba(239, 83, 80, 1.0)",0.4104396456273477,4.489993974223143,-0.024349436828567522,39.846500174730735,-11.482608562311462,False,True,False,True,False,0.16305660841316438,0.0,0.0,0.0,0.0,0,0.9742099527787867,0.9411551035234289,False,False,False,False,0.08681315539631873,0.09106632750086918,False,False,False,False,-27963.0,-6248.722446329671,False,False,False,False,1691.5721029565714,False,False,False,False
2025-04-23 15:00:00+00:00,4.48,4.5,4.415,4.45,203.0,,,,,,,,,,,,,,,,,,,,,,,,,,,,,,,,,,,,4.408512113090546,,,,,4.408512113090546,"rgba(239, 83, 80, 1.0)",0.41078367205285227,4.4898724847253355,-0.09706443424607504,36.800720663877826,-6.404847029819038,False,True,False,True,False,0.0,0.0,0.0,0.0,0.0,0,0.968489677653024,0.9525534226729445,False,False,False,False,0.04918854708125153,0.07012743729106036,False,False,False,False,-28166.0,-6588.525199099753,False,False,False,False,1668.4934657014308,False,False,False,False
2025-04-23 16:00:00+00:00,4.455,4.49,4.415,4.45,258.0,,,,,,,,,,,,,,,,,,,,,,,,,,,,,,,,,,,,4.408628816703877,,,,,4.408628816703877,"rgba(239, 83, 80, 1.0)",0.4113754121599026,4.489713822139455,-0.09653912452117633,34.77020098997589,-8.521800203056685,False,True,False,True,False,0.0,0.0,0.0,0.0,0.0,0,0.9674031148134733,0.9576240492575152,False,False,False,False,0.047311843870653306,0.05871964058085683,False,False,False,False,-28166.0,-6923.059692136966,False,False,False,False,1646.6253499541217,False,False,False,False
2025-04-23 17:00:00+00:00,4.45,4.47,4.385,4.435,53.0,,,,,,,,,,,,,,,,,,,,,,,,,,,,,,,,,,,,4.40864068261817,,,,,4.40864068261817,"rgba(239, 83, 80, 1.0)",0.4112539821543833,4.489672811390526,-0.13294171913939642,32.9214544750495,-10.509309458343992,False,True,False,True,False,0.0,0.0,0.0,0.0,0.0,0,0.9667630057803468,0.9570086705202311,False,False,False,False,0.03793305644692627,0.048326348513891546,False,False,False,False,-28219.0,-7253.2293093131375,False,False,False,False,1621.917980187391,False,False,False,False
2025-04-23 18:00:00+00:00,4.43,4.44,4.385,4.385,375.0,,,,,,,,,,,,,,,,,,,,,,,,,,,,,,,,,,,,4.408619914223999,,,,,4.408619914223999,"rgba(239, 83, 80, 1.0)",0.40875610032089976,4.489310452009878,-0.25518995784524784,30.19346914651744,-13.316073850518094,False,True,False,True,False,0.0,0.0,0.0,0.0,0.0,0,0.9664259927797832,0.9592057761732851,False,False,False,False,0.03230908933343973,0.04031771892366564,False,False,False,False,-28594.0,-7584.093971184252,False,False,False,False,1602.5859184790595,False,False,False,False
2025-04-23 19:00:00+00:00,4.385,4.445,4.37,4.44,3582.0,,,,,,,,,,,,,,,,,,,,,,,,,,,,,,,,,,,4.418333333333334,4.4089699033325624,,,,,4.413651618332948,"rgba(239, 83, 80, 1.0)",0.40618060599280775,4.480861863977707,-0.1006002339226169,32.380043256535195,-13.316073850518094,False,True,False,True,False,0.0,0.0,0.0,0.0,0.0,0,0.9661505221462009,0.9578682030968672,False,False,False,False,0.030434905101051228,0.035376312012358434,False,False,False,False,-25012.0,-7854.294064654264,False,False,False,False,1633.274508890237,False,False,False,False
2025-04-24 14:00:00+00:00,4.555,4.605,4.5,4.6,467.0,,,,,,,,,,,,,,,,,,,,,,,,,,,,,,,,,,,4.435633901374826,4.409715024696303,,,,,4.422674463035564,"rgba(239, 83, 80, 0.75)",0.4070914964556326,4.482462369579468,0.288725339251446,41.07282059791781,-15.881088707310006,False,True,False,True,True,3.40123311231536,0.0,0.0,0.0,0.0,0,0.9717957872188503,0.9503748661192429,False,False,False,False,0.08492697454708102,0.060151643279719724,False,False,False,False,-24545.0,-8113.064699310787,False,False,False,False,1615.1927335586054,False,False,False,False
2025-04-24 15:00:00+00:00,4.6,4.6,4.555,4.57,59.0,,,,,,,,,,,,,,,,,,,,,,,,,,,,,,,,,,,4.437635507951963,4.409812602354103,,,,,4.423724055153033,"rgba(239, 83, 80, 0.75)",0.406109036527814,4.482651842260799,0.2150854816874268,45.55262507270889,-11.92620064194,False,True,False,True,True,2.5742786432866644,0.0,0.0,0.0,0.0,0,0.975339528234453,0.952108649035025,False,False,False,False,0.09436417997316088,0.0772579116264403,False,False,False,False,-24604.0,-8368.738114825348,False,False,False,False,1591.0657144336658,False,False,False,False
2025-04-24 16:00:00+00:00,4.565,4.595,4.545,4.585,200.0,,,,,,,,,,,,,,,,,,,,,,,,,,,,,,,,,,,4.444012689569793,4.410142518565861,,,,,4.4270776040678275,#000000,0.40602796912492556,4.483260162100197,0.25057347186961915,49.093833946186265,-8.77590612925389,False,True,False,False,True,2.9619507706910575,0.0,0.0,0.0,0.0,0,0.9734931009440811,0.9640522875816993,False,False,False,False,0.091531334170872,0.08439462289865615,False,False,False,False,-24404.0,-8617.346826223404,False,False,False,False,1569.4988041323686,False,False,False,False
2025-04-24 17:00:00+00:00,4.585,4.59,4.545,4.55,165.0,,,,,,,,,,,,,,,,,,,,,,,,,,,,,,,,,,,4.4483527088456665,4.410391775668635,,,,,4.42937224225715,#000000,0.40478430470231064,4.483670995747636,0.16386258924032043,49.81403895325382,-8.063117210781897,False,True,False,False,True,1.9808688644851173,0.0,0.0,0.0,0.0,0,0.9682481751824817,0.968978102189781,False,False,False,False,0.10043794630637301,0.09241628460251458,False,False,False,False,-24569.0,-8864.659278530016,False,False,False,False,1547.7236288745025,False,False,False,False
2025-04-24 18:00:00+00:00,4.55,4.56,4.5,4.51,945.0,,,,,,,,,,,,,,,,,,,,,,,,,,,,,,,,,,,4.4614307247446785,4.411445907284682,,,,,4.43643831601468,#000000,0.4024760862461268,4.484811532846398,0.06258376090995496,48.56448192715824,-8.063117210781897,False,True,False,False,True,0.8674870102098495,0.0,0.0,0.0,0.0,0,0.9657434402332362,0.9650145772594751,False,False,False,False,0.08594390287705024,0.08918009373978242,False,False,False,False,-25514.0,-9122.788592041179,False,False,False,False,1538.3790764888513,False,False,False,False
2025-04-24 19:00:00+00:00,4.505,4.575,4.485,4.555,2559.0,,,,,,,,,,,,,,,,,,,,,,,,,,,,,,,,,,,4.486100873344197,4.41457384466194,,,,,4.450337359003068,#000000,0.3973576349965982,4.487282044833051,0.17042067196602087,49.773415816141636,-7.612932694629855,False,True,False,False,True,2.0782108466667104,0.0,0.0,0.0,0.0,0,0.964065335753176,0.9644283121597096,False,False,False,False,0.09400370440162317,0.0915918990707028,False,False,False,False,-22955.0,-9337.241482087053,False,False,False,False,1554.2026566983266,False,False,False,False
2025-04-25 14:00:00+00:00,4.585,4.6,4.505,4.51,335.0,,,,,,,,,,,,,,,,,,,,,,,,,,,,,,,,,,,4.488206007378889,4.414971945626046,,,,,4.451588976502467,#000000,0.39319649856844624,4.487514302576635,0.057186921819576415,48.60827039732811,-7.612932694629855,False,True,False,False,True,0.8147436650251372,0.0,0.0,0.0,0.0,0,0.970630891950689,0.9608411892675852,False,False,False,False,0.10287616760529211,0.09723403333799746,False,False,False,False,-23290.0,-9553.563319574076,False,False,False,False,1535.30028992781,False,False,False,False
2025-04-25 15:00:00+00:00,4.51,4.555,4.51,4.545,300.0,,,,,,,,,,,,,,,,,,,,,,,,,,,,,,,,,,,4.489894139959746,4.415321499127115,,,,,4.452607819543431,#000000,0.38778334017711297,4.487703222005961,0.14775461464607975,49.446680105656554,-7.128998830079873,False,True,False,False,True,1.7674649402576392,0.0,0.0,0.0,0.0,0,0.9742193173565721,0.9596949891067539,False,False,False,False,0.09498877995227208,0.09611140664513476,False,False,False,False,-22990.0,-9761.880167332616,False,False,False,False,1516.148347448309,False,False,False,False
2025-04-25 16:00:00+00:00,4.545,4.58,4.545,4.555,501.0,,,,,,,,,,,,,,,,,,,,,,,,,,,,,,,,,,,4.493748308277552,4.416012190628653,,,,,4.454880249453103,#000000,0.38204737690265295,4.488177560479637,0.17490615970748855,50.464648290774996,-5.6705944201961955,False,False,False,False,True,2.0406363095068123,0.0,0.0,0.0,0.0,0,0.9788011695906432,0.9597953216374269,False,False,False,False,0.10682458893248402,0.10146799778880938,False,False,False,False,-22489.0,-9959.199854660792,False,False,False,False,1500.409613379343,False,False,False,False
2025-04-25 17:00:00+00:00,4.555,4.57,4.495,4.5,5.0,,,,,,,,,,,,,,,,,,,,,,,,,,,,,,,,,,,4.49376361775243,4.4160172242390745,,,,,4.454890420995753,#000000,0.37009108934749285,4.488179190938001,0.03194026930732147,48.54536000909955,-5.6705944201961955,False,False,False,False,True,0.460881809824933,0.0,0.0,0.0,0.0,0,0.96967482645232,0.9620021921812203,False,False,False,False,0.09498877995227253,0.09822838887054096,False,False,False,False,-22494.0,-10153.537841410236,False,False,False,False,1477.224968210671,False,False,False,False
2025-04-25 18:00:00+00:00,4.5,4.545,4.485,4.53,11.0,,,,,,,,,,,,,,,,,,,,,,,,,,,,,,,,,,,4.4937952313141265,4.416028121824187,,,,,4.454911676569157,#000000,0.35725508841470366,4.49062999433142,0.11020138535543897,48.80464152013833,-5.6705944201961955,False,False,False,False,True,1.302001735792473,0.0,0.0,0.0,0.0,0,0.9696969696969696,0.9616648411829134,False,False,False,False,0.08809700178913979,0.09316269532984037,False,False,False,False,-22483.0,-10344.692293481396,False,False,False,False,1454.492798160893,False,False,False,False
2025-04-25 19:00:00+00:00,4.53,4.555,4.5,4.545,2700.0,,,,,,,,,,,,,,,,,,,,,,,,,,,,,,,,,,,4.502819905881026,4.4189700136231345,,,,,4.46089495975208,#000000,0.33906904874939453,4.492715502915854,0.1542001467753815,49.73522263538638,-5.252606663822398,False,False,False,False,True,1.7238731561938074,0.0,0.0,0.0,0.0,0,0.9737417943107218,0.9573304157549232,False,False,False,False,0.09301881071943177,0.09309075302463607,False,False,False,False,-19783.0,-10491.022645520445,False,False,False,False,1473.8029873366931,False,False,False,False
2025-04-28 14:00:00+00:00,4.59,4.66,4.585,4.6,387.0,,,,,,,,,,,,,,,,,,,,,,,,,,,,,,,,,,,4.506373744815542,4.419672148848803,,,,,4.463022946832172,"rgba(38, 166, 154, 0.5)",0.3338931830056689,4.502644591699394,0.2915765078646519,52.874880965445044,-1.9769333136276401,False,False,True,False,True,3.260360398197342,0.0,0.0,0.0,0.0,1,0.9767695099818512,0.9524500907441018,False,False,False,False,0.13058935332388405,0.11184005317426006,False,False,False,False,-19396.0,-10629.08430993098,False,False,False,False,1456.9533286182948,False,False,False,False
2025-04-28 15:00:00+00:00,4.6,4.635,4.565,4.575,500.0,,,,,,,,,,,,,,,,,,,,,,,,,,,,,,,,,,,4.509727508650519,4.420464407123181,,,,,4.4650959578868505,"rgba(38, 166, 154, 0.5)",0.330426192164707,4.50263583704483,0.21900250243812186,53.51000832220351,-1.124196508495011,False,False,True,False,True,2.506560351400868,0.0,0.0,0.0,0.0,1,0.97462848858282,0.9550561797752809,False,False,False,False,0.12166179201586742,0.11675092259506374,False,False,False,False,-19896.0,-10772.75742140492,False,False,False,False,1442.1168429032825,False,False,False,False
2025-04-28 16:00:00+00:00,4.58,4.58,4.54,4.54,495.0,,,,,,,,,,,,,,,,,,,,,,,,,,,,,,,,,,,4.5113613655287255,4.421067570294015,,,,,4.466214467911371,"rgba(38, 166, 154, 0.5)",0.32721776918203543,4.5016532981713295,0.11719015725988201,52.02872052881402,-1.124196508495011,False,False,True,False,True,1.4545509561803343,0.0,0.0,0.0,0.0,1,0.9813732651570489,0.9572680788897006,False,False,False,False,0.10583717723473693,0.11129404991490033,False,False,False,False,-20391.0,-10921.87746138314,False,False,False,False,1427.4328608427666,False,False,False,False
2025-04-28 17:00:00+00:00,4.54,4.57,4.53,4.565,934.0,,,,,,,,,,,,,,,,,,,,,,,,,,,,,,,,,,,4.514242841993637,4.422205026551247,,,,,4.468223934272443,"rgba(38, 166, 154, 0.5)",0.3151319329029263,4.501293501225116,0.20215818240961497,52.35423416030707,-1.124196508495011,False,False,True,False,True,2.175007009509521,0.0,0.0,0.0,0.0,1,0.9816983894582724,0.9553440702781845,False,False,False,False,0.10188956626538302,0.10659180809014168,False,False,False,False,-19457.0,-11054.204942602004,False,False,False,False,1419.7827389692352,False,False,False,False
2025-04-28 18:00:00+00:00,4.565,4.61,4.565,4.61,1246.0,,,,,,,,,,,,,,,,,,,,,,,,,,,,,,,,,,,4.520780651029822,4.4241408174641705,,,,,4.472460734246996,"rgba(38, 166, 154, 1.0)",0.3018303771600464,4.503483013720227,0.35290346611896034,54.6923310150361,0.5930897850474679,True,False,True,False,True,3.4621709850208084,0.0,0.0,0.0,0.0,1,0.9838886854632003,0.9512998901501282,False,False,False,False,0.11671045128061407,0.11165112968537788,False,False,False,False,-18211.0,-11165.1630055074,False,False,False,False,1417.0884329387043,False,False,False,False
2025-04-28 19:00:00+00:00,4.605,4.655,4.585,4.64,4102.0,,,,,,,,,,,,,,,,,,,,,,,,,,,,,,,,,,,4.543062723370783,4.431344530771276,,,,,4.487203627071029,"rgba(38, 166, 154, 1.0)",0.2894232848922786,4.5110790402202445,0.44544086985861786,57.4996754909569,3.3474977078709145,True,False,True,False,True,4.3120971274100235,0.0,0.0,0.0,0.0,0,0.9850364963503648,0.9467153284671533,False,False,False,False,0.12959640493225233,0.1206237673088151,False,False,False,False,-14109.0,-11210.803889142944,False,True,False,False,1458.7149688621353,False,True,False,False
2025-04-29 14:00:00+00:00,4.585,4.61,4.52,4.59,455.0,,,,,,,,,,,,,,,,,,,,,,,,,,,,,,,,,,,4.543753174921462,4.431902532698791,,,,,4.487827853810126,"rgba(38, 166, 154, 1.0)",0.27677668495256696,4.51110202349784,0.28506005307376536,56.270610701661255,3.3474977078709145,True,False,True,False,True,2.7413006893198357,0.0,0.0,0.0,0.0,1,0.977479113694152,0.9509625862695242,False,False,False,False,0.10781220818923896,0.11421798774902703,False,False,False,False,-14564.0,-11262.791425745378,False,False,False,False,1443.1534964766759,False,False,False,False
2025-04-29 15:00:00+00:00,4.59,4.6,4.545,4.545,71.0,,,,,,,,,,,,,,,,,,,,,,,,,,,,,,,,,,,4.543822618512413,4.431983081570996,,,,,4.487902850041705,"rgba(38, 166, 154, 0.75)",0.2637211535824268,4.511090239848296,0.12858187404032106,53.12209785979479,7.4081578342854755,True,False,True,False,False,1.3525620387909107,0.0,0.0,0.0,0.0,1,0.9764065335753175,0.9539019963702361,False,False,False,False,0.1107763312529318,0.11249715950097941,False,False,False,False,-14635.0,-11315.073729222195,False,False,False,False,1421.8797988568824,False,False,False,False
2025-04-29 16:00:00+00:00,4.545,4.58,4.53,4.545,768.0,,,,,,,,,,,,,,,,,,,,,,,,,,,,,,,,,,,4.544112426035503,4.432771270301325,,,,,4.488441848168414,#000000,0.2491056073307116,4.510794773974764,0.13731214801530012,51.02308929855048,5.4392451252683784,True,False,False,False,False,1.3525620387909107,0.0,0.0,0.0,0.0,1,0.9806921675774134,0.9537340619307833,False,False,False,False,0.10386296855774438,0.1081800640293619,False,False,False,False,-14635.0,-11366.545454350533,False,False,False,False,1411.7421275567756,False,False,False,False
2025-04-29 17:00:00+00:00,4.545,4.58,4.535,4.555,649.0,,,,,,,,,,,,,,,,,,,,,,,,,,,,,,,,,,,4.544492520370716,4.433456954357719,,,,,4.4889747373642175,#000000,0.23700691820973982,4.51066734992144,0.18705213507450194,50.248252243590194,4.648506888160824,True,False,False,False,False,1.6557209224167906,0.0,0.0,0.0,0.0,1,0.982884195193008,0.9475600873998544,False,False,False,False,0.10484997110575932,0.1065150175675606,False,False,False,False,-13986.0,-11407.157152732696,False,False,False,False,1399.91666821481,False,False,False,False
2025-04-29 18:00:00+00:00,4.555,4.59,4.535,4.555,1346.0,,,,,,,,,,,,,,,,,,,,,,,,,,,,,,,,,,,4.545408729113627,4.434892943156876,,,,,4.490150836135252,#000000,0.22521347230595926,4.510591434041388,0.19718432251815265,49.73169420695,3.99741771282757,True,False,False,False,False,1.6557209224167906,0.0,0.0,0.0,0.0,1,0.9824817518248175,0.9503649635036496,False,False,False,False,0.10682458893248402,0.10666980325002232,False,False,False,False,-13986.0,-11447.13921238025,False,False,False,False,1399.0807508781463,False,False,False,False
2025-04-29 19:00:00+00:00,4.555,4.555,4.485,4.49,3959.0,,,,,,,,,,,,,,,,,,,,,,,,,,,,,,,,,,,4.540166473455243,4.437318854768352,,,,,4.488742664111798,"rgba(239, 83, 80, 0.5)",0.2150130940911031,4.507631788003804,-0.08200332206899642,45.73958195580099,0.1477878177948,False,False,False,True,False,0.0,0.0,0.0,0.0,0.0,1,0.9763119533527694,0.9529883381924199,False,False,False,False,0.09006520128853694,0.09836750226927962,False,False,False,False,-17945.0,-11547.881240095287,False,False,False,False,1438.769421407167,False,False,False,False
2025-04-30 14:00:00+00:00,4.35,4.4,4.35,4.365,970.0,,,,,,,,,,,,,,,,,,,,,,,,,,,,,,,,,,,4.534268280947397,4.4368033813062215,,,,,4.485535831126809,"rgba(239, 83, 80, 1.0)",0.20472103629744942,4.505067266611503,-0.6841859983943813,38.96127490115325,-6.037828057953526,False,True,False,True,False,0.0,0.0,0.0,0.0,0.0,0,0.971056439942113,0.9587554269175109,False,False,False,False,0.033207445731101806,0.06578747400019072,False,False,False,False,-18915.0,-11662.100135597686,False,False,False,False,1431.5016784396141,False,False,False,False
2025-04-30 15:00:00+00:00,4.365,4.415,4.33,4.365,953.0,,,,,,,,,,,,,,,,,,,,,,,,,,,,,,,,,,,4.52880680761001,4.43629200637241,,,,,4.48254940699121,"rgba(239, 83, 80, 1.0)",0.1941124871244932,4.50272943612411,-0.7095341374703901,34.442403531388095,-9.925525817882267,False,True,False,True,False,0.0,0.0,0.0,0.0,0.0,0,0.9736080983369486,0.9562545191612437,False,False,False,False,0.0322300687980247,0.04900877139910771,False,False,False,False,-18915.0,-11774.5481955109,False,False,False,False,1424.0830477661318,False,False,False,False
2025-04-30 16:00:00+00:00,4.365,4.365,4.305,4.335,608.0,,,,,,,,,,,,,,,,,,,,,,,,,,,,,,,,,,,4.524781304090371,4.435799727691049,,,,,4.48029051589071,"rgba(239, 83, 80, 1.0)",0.1841468518956051,4.489957081649141,-0.8414864552611964,30.664437908499682,-13.147026594215717,False,True,False,True,False,0.0,0.0,0.0,0.0,0.0,0,0.9775117881755531,0.9561117156329344,False,False,False,False,0.01757575346534722,0.033292262432227465,False,False,False,False,-19523.0,-11894.679231239414,False,False,False,False,1411.4305974131685,False,False,False,False
2025-04-30 17:00:00+00:00,4.335,4.34,4.305,4.325,1397.0,,,,,,,,,,,,,,,,,,,,,,,,,,,,,,,,,,,4.5156051713456575,4.434557707509881,,,,,4.475081439427769,"rgba(239, 83, 80, 1.0)",0.18124675828104136,4.485821535860549,-0.8873071021285752,27.89327540238053,-15.532476767819162,False,True,False,True,False,0.0,0.0,0.0,0.0,0.0,0,0.97053473990542,0.962531829756275,False,False,False,False,0.012692969031667188,0.022992615731947327,False,False,False,False,-20920.0,-12034.606685018649,False,False,False,False,1411.2068672207163,False,False,False,False
2025-04-30 18:00:00+00:00,4.325,4.375,4.315,4.365,833.0,,,,,,,,,,,,,,,,,,,,,,,,,,,,,,,,,,,4.511270183903666,4.434015442448802,,,,,4.472642813176234,"rgba(239, 83, 80, 1.0)",0.17322973341935088,4.484623101570471,-0.6905460119879644,29.37326859471313,-15.532476767819162,False,True,False,True,False,0.0,0.0,0.0,0.0,0.0,0,0.9686817188638019,0.962490895848507,False,False,False,False,0.021482573275987075,0.0222375945039672,False,False,False,False,-20087.0,-12159.449992227661,False,False,False,False,1402.2424196669067,False,False,False,False
2025-04-30 19:00:00+00:00,4.365,4.445,4.34,4.39,2484.0,,,,,,,,,,,,,,,,,,,,,,,,,,,,,,,,,,,4.502528492124207,4.433205114378959,,,,,4.467866803251583,"rgba(239, 83, 80, 0.75)",0.16665446802204414,4.483053438760134,-0.558361500081868,32.229746492358935,-15.532476767819162,False,True,False,True,True,0.0,0.0,0.0,0.0,0.0,0,0.9819852941176471,0.9569852941176471,False,False,False,False,0.0400509651534768,0.031144279828722,False,False,False,False,-17603.0,-12243.846116379169,False,False,False,False,1419.013855020908,False,False,False,False
2025-05-01 14:00:00+00:00,4.525,4.565,4.48,4.52,1465.0,,,,,,,,,,,,,,,,,,,,,,,,,,,,,,,,,,,4.503319370398577,4.434192273121981,,,,,4.468755821760279,"rgba(239, 83, 80, 0.75)",0.15935972678980517,4.485720027531679,0.215110637793298,40.88959191750624,-16.577174917927394,False,True,False,True,True,1.0336692238971779,0.0,0.0,0.0,0.0,0,0.977015687705217,0.9438161255016417,False,False,False,False,0.09104956112029387,0.06109692047450794,False,False,False,False,-16138.0,-12304.220595194996,False,False,False,False,1419.726818508956,False,False,False,False
2025-05-01 15:00:00+00:00,4.515,4.52,4.41,4.41,577.0,,,,,,,,,,,,,,,,,,,,,,,,,,,,,,,,,,,4.5024120591391865,4.434246859650586,,,,,4.468329459394886,"rgba(239, 83, 80, 0.5)",0.1537094779237846,4.485648330263453,-0.49215137078900695,42.061333990403654,-15.645584155477522,False,False,False,True,True,0.0,0.0,0.0,0.0,0.0,0,0.9719285453882609,0.9500546846518413,False,False,False,False,0.06844987640700481,0.06477339844075637,False,False,False,False,-16715.0,-12372.60477201368,False,False,False,False,1406.6612864390497,False,False,False,False
2025-05-01 16:00:00+00:00,4.405,4.415,4.36,4.37,600.0,,,,,,,,,,,,,,,,,,,,,,,,,,,,,,,,,,,4.500434139638163,4.434008686964772,,,,,4.467221413301467,"rgba(239, 83, 80, 0.5)",0.14682839158887287,4.484799315912816,-0.781860474466407,41.53348618887722,-15.645584155477522,False,False,False,True,True,0.0,0.0,0.0,0.0,0.0,0,0.9645726807888969,0.960555149744339,False,False,False,False,0.03809531925887143,0.0514343588498139,False,False,False,False,-17315.0,-12449.231054618118,False,False,False,False,1394.1549099051108,False,False,False,False
2025-05-01 17:00:00+00:00,4.37,4.4,4.36,4.375,104.0,,,,,,,,,,,,,,,,,,,,,,,,,,,,,,,,,,,4.500088433336962,4.433965007832754,,,,,4.467026720584858,"rgba(239, 83, 80, 0.5)",0.14384510563245878,4.4846494053617825,-0.7622741481517601,41.42530498066235,-15.645584155477522,False,False,False,True,True,0.0,0.0,0.0,0.0,0.0,0,0.9600439882697945,0.9666422287390031,False,False,False,False,0.035162391745362266,0.04329837529758808,False,False,False,False,-17211.0,-12523.056929740318,False,False,False,False,1374.1525082011556,False,False,False,False
2025-05-01 18:00:00+00:00,4.375,4.46,4.375,4.415,437.0,,,,,,,,,,,,,,,,,,,,,,,,,,,,,,,,,,,4.499107634498282,4.433908170426066,,,,,4.466507902462174,"rgba(239, 83, 80, 0.5)",0.14075993876227413,4.484340674670892,-0.49261654474004635,43.304024812483945,-13.611108217289477,False,False,False,True,True,0.0,0.0,0.0,0.0,0.0,0,0.9574935873946501,0.9651887138145843,False,False,False,False,0.049834089261156025,0.04656623227937205,False,False,False,False,-16774.0,-12588.963023852872,False,False,False,False,1359.6230119499749,False,False,False,False
2025-05-01 19:00:00+00:00,4.41,4.445,4.33,4.335,4390.0,,,,,,,,,,,,,,,,,,,,,,,,,,,,,,,,,,,4.485469613481235,4.431866123201592,,,,,4.458667868341413,"rgba(239, 83, 80, 0.5)",0.1389399377655867,4.478396347316897,-1.0320743597771656,41.685834960688666,-13.611108217289477,False,False,False,True,True,0.0,0.0,0.0,0.0,0.0,0,0.9536157779401021,0.9663988312636961,False,False,False,False,0.03809531925887143,0.04233077576912174,False,False,False,False,-21164.0,-12721.90933356058,False,False,False,False,1406.6056009119907,False,False,False,False
2025-05-02 14:00:00+00:00,4.18,4.42,4.17,4.39,1886.0,,,,,,,,,,,,,,,,,,,,,,,,,,,,,,,,,,,4.478575785475888,4.430441569258165,,,,,4.454508677367027,"rgba(239, 83, 80, 0.5)",0.1356199312998077,4.475139302214659,-0.6277786856155124,43.150857379026704,-13.111105189713612,False,False,False,True,True,0.0,0.0,0.0,0.0,0.0,1,0.9426820475847151,0.9686373467916367,False,False,False,False,0.0019526455614199529,0.022141710665270847,False,False,False,False,-19278.0,-12823.554150094524,False,False,False,False,1414.0380722156806,False,False,False,False
2025-05-02 15:00:00+00:00,4.39,4.39,4.305,4.315,1669.0,,,,,,,,,,,,,,,,,,,,,,,,,,,,,,,,,,,4.473325833813597,4.429331133893838,,,,,4.451328483853717,"rgba(239, 83, 80, 0.5)",0.13416569022082817,4.472739856183443,-1.1757093480741083,41.67281102942211,-13.111105189713612,False,False,False,True,True,0.0,0.0,0.0,0.0,0.0,1,0.9496583962603379,0.9723121179431861,False,False,False,False,0.1019824927114932,0.062062101688382026,False,False,False,False,-20947.0,-12949.499046992283,False,False,False,False,1417.9909703208639,False,False,False,False
2025-05-02 16:00:00+00:00,4.315,4.355,4.3,4.325,744.0,,,,,,,,,,,,,,,,,,,,,,,,,,,,,,,,,,,4.470946436099844,4.428792049253413,,,,,4.449869242676629,"rgba(239, 83, 80, 0.5)",0.1321502011942262,4.471636472257559,-1.1096197427807253,41.16566687489081,-13.111105189713612,False,False,False,True,True,0.0,0.0,0.0,0.0,0.0,1,0.9606240713224369,0.9739970282317981,False,False,False,False,0.09232663250732086,0.07719436709785144,False,False,False,False,-20203.0,-13061.956426108682,False,False,False,False,1407.5414979127886,False,False,False,False
2025-05-02 17:00:00+00:00,4.31,4.32,4.28,4.3,1037.0,,,,,,,,,,,,,,,,,,,,,,,,,,,,,,,,,,,4.467166257952162,4.427856288739731,,,,,4.447511273345946,"rgba(239, 83, 80, 1.0)",0.13525751215586287,4.469820746272811,-1.2555365211591327,40.00079799604799,-13.111105189713612,False,True,False,True,False,0.0,0.0,0.0,0.0,0.0,1,0.9564894012644104,0.9735961323912236,False,False,False,False,0.07907743266338488,0.07813589988061816,False,False,False,False,-21240.0,-13188.747799347306,False,False,False,False,1401.796668487784,False,False,False,False
2025-05-02 18:00:00+00:00,4.3,4.315,4.275,4.285,515.0,,,,,,,,,,,,,,,,,,,,,,,,,,,,,,,,,,,4.465259860788863,4.427366640836075,,,,,4.446313250812469,"rgba(239, 83, 80, 1.0)",0.13864898319331212,4.46889927549309,-1.3263658431355918,38.72158033419025,-13.111105189713612,False,True,False,True,False,0.0,0.0,0.0,0.0,0.0,1,0.9541728763040238,0.9761549925484353,False,False,False,False,0.07667159608972389,0.07740374798517102,False,False,False,False,-21755.0,-13321.557910985332,False,False,False,False,1388.0478829298338,False,False,False,False
2025-05-02 19:00:00+00:00,4.285,4.35,4.24,4.32,2712.0,,,,,,,,,,,,,,,,,,,,,,,,,,,,,,,,,,,4.456498344040541,4.425061937747085,,,,,4.440780140893812,"rgba(239, 83, 80, 1.0)",0.14048057799137792,4.464732946960328,-1.0302701557023093,39.89205309047849,-13.111105189713612,False,True,False,True,False,0.0,0.0,0.0,0.0,0.0,1,0.9494799405646359,0.9762258543833583,False,False,False,False,0.07667159608972389,0.07703767203744746,False,False,False,False,-19043.0,-13410.262439497186,False,False,False,False,1408.5742723417743,False,False,False,False
2025-05-05 14:00:00+00:00,4.185,4.235,4.165,4.17,288.0,,,,,,,,,,,,,,,,,,,,,,,,,,,,,,,,,,,4.454975798452688,4.424599018059233,,,,,4.4397874082559605,"rgba(239, 83, 80, 1.0)",0.1467850054938742,4.4639514569565115,-2.0025986712163126,36.24725310363486,-9.121500161407894,False,True,False,True,False,0.0,0.0,0.0,0.0,0.0,0,0.9384218289085545,0.9778761061946903,False,False,False,False,0.03109695027448265,0.05406731115596505,False,False,False,False,-19331.0,-13502.056820280175,False,False,False,False,1391.2010278093435,False,False,False,False
2025-05-05 15:00:00+00:00,4.17,4.195,4.15,4.19,343.0,,,,,,,,,,,,,,,,,,,,,,,,,,,,,,,,,,,4.45310618748317,4.424022767377979,,,,,4.438564477430575,"rgba(239, 83, 80, 1.0)",0.1521316108736967,4.4629888936205875,-1.794425839921126,34.88366865809495,-10.531998564903773,False,True,False,True,False,0.0,0.0,0.0,0.0,0.0,0,0.9375231053604436,0.9822550831792976,False,False,False,False,0.017936680705154355,0.03600199593055971,False,False,False,False,-18988.0,-13587.11020291149,False,False,False,False,1374.9498490836172,False,False,False,False
2025-05-05 16:00:00+00:00,4.19,4.24,4.19,4.205,405.0,,,,,,,,,,,,,,,,,,,,,,,,,,,,,,,,,,,4.451194795209612,4.423437660868048,,,,,4.43731622803883,"rgba(239, 83, 80, 1.0)",0.15672400714125861,4.4620187874932355,-1.639945227163437,34.802331453218855,-10.818600293464122,False,True,False,True,False,0.0,0.0,0.0,0.0,0.0,0,0.9573385518590998,0.9726027397260275,False,False,False,False,0.038279529210443385,0.03714076257050154,False,False,False,False,-18583.0,-13664.565858680304,False,False,False,False,1359.911866927282,False,False,False,False
2025-05-05 17:00:00+00:00,4.205,4.205,4.17,4.19,254.0,,,,,,,,,,,,,,,,,,,,,,,,,,,,,,,,,,,4.449896133198475,4.423032096602217,,,,,4.436464114900346,"rgba(239, 83, 80, 1.0)",0.15889279064488046,4.461353810293436,-1.707779246573252,34.2914639578537,-11.584913064583361,False,True,False,True,False,0.0,0.0,0.0,0.0,0.0,0,0.9478878799842084,0.9747335175681012,False,False,False,False,0.02511394846419563,0.031127355517348586,False,False,False,False,-18837.0,-13744.758636065104,False,False,False,False,1342.7659465098047,False,False,False,False
2025-05-05 18:00:00+00:00,4.19,4.2,4.17,4.17,313.0,,,,,,,,,,,,,,,,,,,,,,,,,,,,,,,,,,,4.448262928951184,4.422516569980212,,,,,4.435389749465698,"rgba(239, 83, 80, 1.0)",0.16087841640463707,4.460515577195998,-1.8058082848435104,33.329851484253275,-12.77879418640888,False,True,False,True,False,0.0,0.0,0.0,0.0,0.0,0,0.9503771337832472,0.9686383485510124,False,False,False,False,0.023917577476537822,0.027522466496943204,False,False,False,False,-19150.0,-13828.560827754018,False,False,False,False,1326.8005829980248,False,False,False,False
2025-05-05 19:00:00+00:00,4.18,4.19,4.11,4.11,3476.0,,,,,,,,,,,,,,,,,,,,,,,,,,,,,,,,,,,4.428641751659089,4.415937737256566,,,,,4.422289744457827,"rgba(239, 83, 80, 1.0)",0.1622334820642819,4.4503462360850365,-2.0978791292304297,31.024676135788667,-15.157758108064598,False,True,False,True,False,0.0,0.0,0.0,0.0,0.0,0,0.9497407259672915,0.9680893498205027,False,False,False,False,0.0071740116816770595,0.01734823908931013,False,False,False,False,-22626.0,-13964.955233525272,False,False,False,False,1360.1215041918538,False,False,False,False
2025-05-06 14:00:00+00:00,4.165,4.175,4.1,4.11,378.0,,,,,,,,,,,,,,,,,,,,,,,,,,,,,,,,,,,4.426599315089033,4.415219723488102,,,,,4.420909519288568,"rgba(239, 83, 80, 1.0)",0.1643728731921434,4.449286466708411,-2.064126884925852,29.487892570145597,-16.740790634231544,False,True,False,True,False,0.0,0.0,0.0,0.0,0.0,0,0.9453815261044175,0.9738955823293173,False,False,False,False,0.0011956287439576988,0.009271933916633914,False,False,False,False,-22626.0,-14099.234997346584,False,False,False,False,1344.8948142043832,False,False,False,False
2025-05-06 15:00:00+00:00,4.11,4.17,4.09,4.14,1066.0,,,,,,,,,,,,,,,,,,,,,,,,,,,,,,,,,,,4.421080354253097,4.41324898126044,,,,,4.417164667756769,"rgba(239, 83, 80, 1.0)",0.16520904039133594,4.446424483706252,-1.8547682559042482,30.705191608197197,-16.740790634231544,False,True,False,True,False,0.0,0.0,0.0,0.0,0.0,0,0.942718838241226,0.9737797498991531,False,False,False,False,-0.0023913326458304338,0.00344030063540174,False,False,False,False,-21560.0,-14214.905772581522,False,False,False,False,1340.5708635965634,False,False,False,False
2025-05-06 16:00:00+00:00,4.14,4.175,4.01,4.03,2807.0,,,,,,,,,,,,,,,,,,,,,,,,,,,,,,,,,,,4.404582940859854,4.407074309486552,,,,,4.405828625173203,"rgba(239, 83, 80, 1.0)",0.17034710192760602,4.437746783678213,-2.3936232496135825,28.492288821953778,-17.759912140031986,False,True,False,True,False,0.0,0.0,0.0,0.0,0.0,0,0.947840260798696,0.9735126324368382,False,False,False,False,-0.020328909339703136,-0.008444304352150697,False,False,False,False,-24367.0,-14372.30258230894,False,False,False,False,1363.3061990446788,False,False,False,False
2025-05-06 17:00:00+00:00,4.03,4.07,4.03,4.06,542.0,,,,,,,,,,,,,,,,,,,,,,,,,,,,,,,,,,,4.401409668744653,4.405843906091236,,,,,4.403626787417944,"rgba(239, 83, 80, 1.0)",0.17382571265027927,4.436068335770664,-2.1634793267166303,28.978476129914757,-17.759912140031986,False,True,False,True,False,0.0,0.0,0.0,0.0,0.0,0,0.9561258278145695,0.9693708609271525,False,False,False,False,-0.040674611063420414,-0.024559457707785556,False,False,False,False,-23825.0,-14518.856030645235,False,False,False,False,1350.5727696021256,False,False,False,False
2025-05-06 18:00:00+00:00,4.065,4.11,4.06,4.1,323.0,,,,,,,,,,,,,,,,,,,,,,,,,,,,,,,,,,,4.399742057242016,4.40519056706885,,,,,4.402466312155433,"rgba(239, 83, 80, 0.75)",0.17559876972213395,4.4351898303486115,-1.9088392867388164,31.73414068071161,-17.759912140031986,False,True,False,True,True,0.0,0.0,0.0,0.0,0.0,0,0.9573322286661141,0.9531897265948633,False,False,False,False,-0.023917625329984878,-0.024238541518885215,False,False,False,False,-23502.0,-14658.129580557712,False,False,False,False,1334.6414088331003,False,False,False,False
2025-05-06 19:00:00+00:00,4.095,4.125,4.09,4.1,2729.0,,,,,,,,,,,,,,,,,,,,,,,,,,,,,,,,,,,4.386983895356829,4.4000342508145724,,,,,4.393509073085701,"rgba(239, 83, 80, 0.75)",0.1769243488760785,4.4284498529224345,-1.8564423439110014,33.57125038124285,-20.260170951323445,False,True,False,True,True,0.0,0.0,0.0,0.0,0.0,0,0.9582278481012657,0.9687763713080171,False,False,False,False,-0.013152955308657847,-0.01869574841377153,False,False,False,False,-23502.0,-14795.243850626584,False,False,False,False,1356.2593714868506,False,False,False,False
2025-05-07 14:00:00+00:00,4.1,4.1,4.005,4.06,369.0,,,,,,,,,,,,,,,,,,,,,,,,,,,,,,,,,,,4.385052143288917,4.399234747916223,,,,,4.39214344560257,"rgba(239, 83, 80, 0.75)",0.17889845627521997,4.427417244178694,-2.0537753753081844,33.35025568555264,-20.260170951323445,False,True,False,True,True,0.0,0.0,0.0,0.0,0.0,0,0.9465875370919881,0.9665112335735483,False,False,False,False,-0.03947703750247067,-0.0290863929581211,False,False,False,False,-23871.0,-14935.953248291287,False,False,False,False,1340.9530246420932,False,False,False,False
2025-05-07 15:00:00+00:00,4.06,4.095,4.05,4.06,435.0,,,,,,,,,,,,,,,,,,,,,,,,,,,,,,,,,,,4.382894387888279,4.398333312458382,,,,,4.390613850173331,"rgba(239, 83, 80, 0.75)",0.18037605861788222,4.426263598640909,-2.0305555041360597,33.20292588842584,-20.260170951323445,False,True,False,True,True,0.0,0.0,0.0,0.0,0.0,0,0.9493617021276594,0.9625531914893617,False,False,False,False,-0.029900233417846984,-0.02949331318798404,False,False,False,False,-23871.0,-15074.481104906925,False,False,False,False,1326.9072413143087,False,False,False,False
2025-05-07 16:00:00+00:00,4.06,4.075,4.03,4.065,1508.0,,,,,,,,,,,,,,,,,,,,,,,,,,,,,,,,,,,4.375367361302365,4.3951368579741805,,,,,4.385252109638273,"rgba(239, 83, 80, 0.75)",0.18123617064357964,4.422219463872212,-1.971016395919785,33.50925501507909,-19.829286113560762,False,True,False,True,True,0.0,0.0,0.0,0.0,0.0,0,0.9462365591397851,0.9716129032258067,False,False,False,False,-0.03947703750247067,-0.034485175345227354,False,False,False,False,-22363.0,-15187.481397854104,False,False,False,False,1329.7148809838543,False,False,False,False
2025-05-07 17:00:00+00:00,4.07,4.07,4.025,4.035,908.0,,,,,,,,,,,,,,,,,,,,,,,,,,,,,,,,,,,4.370817714463928,4.3931662008961725,,,,,4.38199195768005,"rgba(239, 83, 80, 0.75)",0.1841949124318176,4.419760414463793,-2.0888764482364173,32.47579992741754,-19.829286113560762,False,True,False,True,True,0.0,0.0,0.0,0.0,0.0,0,0.9520725388601035,0.9585492227979275,False,False,False,False,-0.04187230124110867,-0.03817873829316801,False,False,False,False,-23271.0,-15312.807267654814,False,False,False,False,1323.1766657748021,False,False,False,False
2025-05-07 18:00:00+00:00,4.03,4.055,3.985,4.045,3060.0,,,,,,,,,,,,,,,,,,,,,,,,,,,,,,,,,,4.028333333333333,4.355700699112406,4.386406641357416,,,,,4.256813557934385,"rgba(239, 83, 80, 0.75)",0.18691574437562689,4.38756339907825,-1.8327155918435232,32.69629961098747,-19.829286113560762,False,True,False,True,True,0.0,0.0,0.0,0.0,0.0,0,0.9590235396687009,0.9564080209241502,True,False,False,False,-0.05505557919621062,-0.046617158744689316,False,False,False,False,-20211.0,-15388.748240249311,False,False,False,False,1350.1041593286811,False,False,False,False
2025-05-07 19:00:00+00:00,4.045,4.15,4.035,4.13,2923.0,,,,,,,,,,,,,,,,,,,,,,,,,,,,,,,,,,4.065788901888684,4.345558023871149,4.381512831191498,,,,,4.264286585650443,"rgba(239, 83, 80, 0.5)",0.1877180413893728,4.384641376313519,-1.3565098720869952,38.920667442230595,-14.387157400078479,True,False,False,True,True,0.0,0.0,0.0,0.0,0.0,0,0.962478184991274,0.9441535776614313,False,False,False,False,-0.02032890933970273,-0.03347303404219602,False,False,False,False,-17288.0,-15418.194003966375,False,False,False,False,1374.4901413545929,False,False,False,False
2025-05-08 14:00:00+00:00,4.26,4.35,4.245,4.28,301.0,,,,,,,,,,,,,,,,,,,,,,,,,,,,,,,,,,4.076608317419902,4.345334436021134,4.381352221054237,,,,,4.267764991498424,#000000,0.1864338879994563,4.38519682077329,-0.5642580429025672,48.763557601457066,-5.629926041747424,True,False,False,False,True,0.0,0.0,0.0,0.0,0.0,0,0.9689387402933562,0.9331320103537531,False,False,False,False,0.07787440191851415,0.022200683938159063,False,False,False,False,-16987.0,-15442.516577548291,False,False,False,False,1357.8468833490954,False,False,False,False
2025-05-08 15:00:00+00:00,4.275,4.385,4.275,4.365,483.0,,,,,,,,,,,,,,,,,,,,,,,,,,,,,,,,,,4.095527067632136,4.345310179416611,4.38123870886236,,,,,4.274025318637036,"rgba(38, 166, 154, 1.0)",0.18493858245179262,4.386357851813619,-0.11548618752491038,57.249451250647965,1.4882959556794901,True,False,True,False,True,0.483734581166992,0.0,0.0,0.0,0.0,0,0.9767341663076259,0.925463162429987,False,False,False,False,0.09353264004732982,0.05786666199274444,False,False,False,False,-16504.0,-15458.973684873123,False,False,False,False,1344.2833657777915,False,False,False,False
2025-05-08 16:00:00+00:00,4.365,4.385,4.34,4.37,543.0,,,,,,,,,,,,,,,,,,,,,,,,,,,,,,,,,,4.115544003647971,4.345455492733137,4.381186658953488,,,,,4.280728718444865,"rgba(38, 166, 154, 1.0)",0.18379993039828288,4.387672694733722,-0.09615180318853561,63.00949841449241,6.027474757809287,True,False,True,False,True,0.6456769188681797,0.0,0.0,0.0,0.0,0,0.9991262560069897,0.9213630406290957,False,False,False,False,0.10923674736481692,0.08355170467878067,False,False,False,False,-15961.0,-15466.75703859602,False,False,False,False,1331.8603678587558,False,False,False,False
2025-05-08 17:00:00+00:00,4.38,4.38,4.35,4.36,152.0,,,,,,,,,,,,,,,,,,,,,,,,,,,,,,,,,,4.120591441079246,4.345492350260417,4.381170654462459,,,,,4.282418148600708,"rgba(38, 166, 154, 1.0)",0.1829987446419777,4.388003690900102,-0.1530266830785563,66.19843546429176,8.39544329739865,True,False,True,False,True,0.31165464156909906,0.0,0.0,0.0,0.0,0,1.001316944688323,0.9157155399473225,False,False,False,False,0.11044688351551957,0.09699929409715012,False,False,False,False,-16113.0,-15476.776309315463,False,False,False,False,1313.567959054744,False,False,False,False
2025-05-08 18:00:00+00:00,4.36,4.365,4.35,4.365,114.0,,,,,,,,,,,,,,,,,,,,,,,,,,,,,,,,,,4.124193945793735,4.345514747704558,4.381156430310068,,,,,4.2836217079361205,"rgba(38, 166, 154, 1.0)",0.18082523542294918,4.388237671958663,-0.1285090098420727,68.45719651961775,10.21502808733338,True,False,True,False,True,0.47953921030287106,0.0,0.0,0.0,0.0,0,1.011973392461197,0.9095343680709534,False,False,False,False,0.07461015210230022,0.08580472309972517,False,False,False,False,-15999.0,-15484.872800643905,False,False,False,False,1294.970006201182,False,False,False,False
2025-05-08 19:00:00+00:00,4.365,4.435,4.355,4.395,1728.0,,,,,,,,,,,,,,,,,,,,,,,,,,,,,,,,,,4.1744898251648035,4.346646288209607,4.3812959959393485,,,,,4.300810703104586,"rgba(38, 166, 154, 1.0)",0.17827319858389418,4.391918295371536,0.017286415753704452,70.76754200278627,12.34295294962601,True,False,True,False,True,1.4911713495053789,0.0,0.0,0.0,0.0,0,1.0147601476014758,0.933118081180812,False,False,False,False,0.09176931983688988,0.08878702146830753,False,False,False,False,-14271.0,-15466.053067300589,False,False,False,False,1301.6836495158925,False,False,False,False
2025-05-09 14:00:00+00:00,4.465,4.475,4.385,4.44,246.0,,,,,,,,,,,,,,,,,,,,,,,,,,,,,,,,,,4.181157417102966,4.346927561464598,4.381370574493001,,,,,4.303151851020188,"rgba(38, 166, 154, 1.0)",0.17714777258924982,4.392472922996226,0.2682905706862878,73.38221075590178,14.916389192195808,True,False,True,False,True,2.987476935770488,0.0,0.0,0.0,0.0,0,0.9733270940570891,0.9475900795507722,False,False,False,False,0.11138266648264784,0.10008484397547768,False,False,False,False,-14025.0,-15443.711159280425,False,False,False,False,1285.316461151305,False,False,False,False
2025-05-09 15:00:00+00:00,4.44,4.44,4.39,4.415,800.0,,,,,,,,,,,,,,,,,,,,,,,,,,,,,,,,,,4.199232206119162,4.347638352302391,4.381526584979734,,,,,4.309465714467096,"rgba(38, 166, 154, 1.0)",0.17534902132398267,4.393942959543603,0.12008644415238165,73.14271713695075,14.965190267148657,True,False,True,False,True,2.0978164692103043,0.0,0.0,0.0,0.0,0,0.967514124293785,0.9444444444444444,False,False,False,False,0.1029673652269311,0.1015261046012044,False,False,False,False,-14825.0,-15434.118738206309,False,False,False,False,1277.7921749319048,False,False,False,False
2025-05-09 16:00:00+00:00,4.415,4.455,4.39,4.455,381.0,,,,,,,,,,,,,,,,,,,,,,,,,,,,,,,,,,4.207543875997887,4.348062392041248,4.3816407931585175,,,,,4.312415687065884,"rgba(38, 166, 154, 1.0)",0.17453090281103598,4.394668274762179,0.345679328222707,74.07527706671434,16.316103882826454,True,False,True,False,True,3.4307840550322943,0.0,0.0,0.0,0.0,0,0.9897810218978101,0.9381995133819954,False,False,False,False,0.10717312564774154,0.10434961512447297,False,False,False,False,-14444.0,-15418.768060094582,False,False,False,False,1263.8884202817978,False,False,False,False
2025-05-09 17:00:00+00:00,4.455,4.48,4.455,4.475,454.0,,,,,,,,,,,,,,,,,,,,,,,,,,,,,,,,,,4.2181969900163905,4.348777162334895,4.381872294871944,,,,,4.31628214907441,"rgba(38, 166, 154, 1.0)",0.17449017112668283,4.395688144134824,0.45453480475753555,75.20356102001293,17.9096727271358,True,False,True,False,True,4.092263877036682,0.0,0.0,0.0,0.0,0,0.9922027290448341,0.9283625730994153,False,False,False,False,0.12904486459391679,0.11669723985919488,False,False,False,False,-13990.0,-15396.61661730242,False,False,False,False,1251.3320106650258,False,False,False,False
2025-05-09 18:00:00+00:00,4.475,4.55,4.47,4.535,1988.0,,,,,,,,,,,,,,,,,,,,,,,,,,,,,,,,,,4.263491991194109,4.3530203888098615,4.383420104220157,,,,,4.333310828074709,"rgba(38, 166, 154, 1.0)",0.17527615276964797,4.400646537955252,0.766524481064567,77.27600047569841,20.36440609921469,True,False,True,False,True,6.043285494595089,0.0,0.0,0.0,0.0,0,0.9936647173489276,0.9254385964912282,False,False,False,False,0.1449667336879706,0.13083198677358274,False,False,False,False,-12002.0,-15343.986902305483,False,False,False,False,1262.7532198020021,False,False,False,False
2025-05-09 19:00:00+00:00,4.535,4.57,4.53,4.555,1707.0,,,,,,,,,,,,,,,,,,,,,,,,,,,,,,,,,,4.296550739247311,4.357199143108306,4.3850428963462305,,,,,4.346264259567282,"rgba(38, 166, 154, 1.0)",0.17631252964014596,4.4048170458468805,0.8517996676676511,79.04049251017791,22.47358081179739,True,False,True,False,True,6.682655280756347,0.0,0.0,0.0,0.0,0,0.9936492427943329,0.9276990718124084,False,False,False,False,0.1672898733659101,0.1490609300697464,False,False,False,False,-10295.0,-15265.708035603073,False,False,False,False,1269.640766781816,False,False,False,False
2025-05-12 14:00:00+00:00,4.695,4.735,4.635,4.66,783.0,,,,,,,,,,,,,,,,,,,,,,,,,,,,,,,,,,4.315552895358487,4.360252311961169,4.386327445244525,,,,,4.354044217521394,"rgba(38, 166, 154, 1.0)",0.17924059023889768,4.407567253166572,1.4083458802326927,81.77088037605039,25.414203273003864,True,False,True,False,True,9.915510666362295,0.0,0.0,0.0,0.0,0,0.9961202715809893,0.9209505334626577,False,False,False,False,0.25155522410745956,0.200308077088603,False,False,False,False,-9512.0,-15176.503259857287,False,False,False,False,1262.0959486921754,False,False,False,False
2025-05-12 15:00:00+00:00,4.655,4.725,4.655,4.705,854.0,,,,,,,,,,,,,,,,,,,,,,,,,,,,,,,,,,4.335171944057637,4.363705611860728,4.38780328902923,,,,,4.362226948315865,"rgba(38, 166, 154, 1.0)",0.18317967352518133,4.410564421086327,1.6073594479531486,84.07731006074953,27.87880721436872,True,False,True,False,True,11.235086083343827,0.0,0.0,0.0,0.0,0,0.9990262901655306,0.9211295034079845,False,False,False,False,0.2457292797717263,0.22301867843016465,False,False,False,False,-8658.0,-15075.441193812987,False,False,False,False,1255.7688797202036,False,False,False,False
2025-05-12 16:00:00+00:00,4.705,4.74,4.705,4.735,235.0,,,,,,,,,,,,,,,,,,,,,,,,,,,,,,,,,,4.340663900827761,4.364733049860673,4.388248541134328,,,,,4.364548497274254,"rgba(38, 166, 154, 1.0)",0.1875553972217975,4.411436026474634,1.7251648223310199,85.9124205841415,29.879578323542788,True,False,True,False,True,12.102591375288032,0.0,0.0,0.0,0.0,0,0.998032464338416,0.9316281357599605,False,False,False,False,0.2675243481628325,0.24527151329649857,False,False,False,False,-8423.0,-14972.302570653095,False,False,False,False,1239.9430056160145,False,False,False,False
2025-05-12 17:00:00+00:00,4.735,4.76,4.72,4.735,664.0,,,,,,,,,,,,,,,,,,,,,,,,,,,,,,,,,,4.355825390445566,4.367697493686416,4.389543468532456,,,,,4.371022117554812,"rgba(38, 166, 154, 1.0)",0.1902651776806178,4.413910013947006,1.68759197015011,87.13582759973615,31.327981102902456,True,False,True,False,True,12.102591375288032,0.0,0.0,0.0,0.0,0,0.9965534219596256,0.92959133431807,False,False,False,False,0.2763405011996701,0.26080600724808434,False,False,False,False,-8423.0,-14870.762995914289,False,False,False,False,1231.0136566917352,False,False,False,False
2025-05-12 18:00:00+00:00,4.73,4.74,4.67,4.685,304.0,,,,,,,,,,,,,,,,,,,,,,,,,,,,,,,,,,4.361701373212941,4.368894279999048,4.390065511047343,,,,,4.3735537214197775,"rgba(38, 166, 154, 0.75)",0.19220683772558061,4.414892125203229,1.4052979487775115,83.69027416288635,31.327981102902456,True,False,True,False,False,10.09357388612284,0.0,0.0,0.0,0.0,0,0.9876725838264298,0.9388560157790926,False,False,False,False,0.24843030580336628,0.2546181565257253,False,False,False,False,-8727.0,-14775.510856442748,False,False,False,False,1216.6413519368245,False,False,False,False
2025-05-12 19:00:00+00:00,4.685,4.725,4.675,4.69,3215.0,,,,,,,,,,,,,,,,,,,,,,,,,,,,,,,,,,4.413142186131677,4.38097886874386,4.395451032242086,,,,,4.396524029039207,"rgba(38, 166, 154, 0.75)",0.1940250982186015,4.424328249299746,1.3692648690270515,81.51543065266635,31.327981102902456,True,False,True,False,False,10.245976818151345,0.0,0.0,0.0,0.0,0,0.9866468842729968,0.9411473788328388,False,False,False,False,0.24433801510843883,0.24947808581708206,False,False,False,False,-5512.0,-14631.890533087048,False,False,False,False,1247.623656557959,False,False,False,False
2025-05-13 14:00:00+00:00,4.885,5.135,4.885,5.13,3151.0,,,,,,,,,,,,,,,,,,,,,,,,,,,,,,,,,,4.4964577624622875,4.404310788176613,4.406528755758225,,,,,4.435765768799041,"rgba(38, 166, 154, 1.0)",0.21125265604172622,4.441791710014877,3.2577497622050675,84.70862897614731,31.327981102902456,True,False,True,False,True,20.0,0.0,0.0,0.0,0.0,0,0.9871428571428572,0.9152380952380953,False,False,False,False,0.3428281837082315,0.29615313476265676,False,False,False,False,-2361.0,-14441.644168232984,False,False,False,False,1277.1333673089985,False,False,False,False
2025-05-13 15:00:00+00:00,5.13,5.175,5.105,5.14,1232.0,,,,,,,,,,,,,,,,,,,,,,,,,,,,,,,,,,4.527773191668641,4.414207376106452,4.411350336597036,,,,,4.451110301457376,"rgba(38, 166, 154, 1.0)",0.2276373558222924,4.448983883129754,3.0356007008344212,86.88301388135375,31.327981102902456,True,False,True,False,True,20.0,0.0,0.0,0.0,0.0,0,1.0033285782215882,0.9163100332857821,False,False,False,False,0.3428281882852571,0.3194906615239569,False,False,False,False,-1129.0,-14235.246584229371,False,False,False,False,1276.4336251801767,False,False,False,False
2025-05-13 16:00:00+00:00,5.14,5.18,5.135,5.16,706.0,,,,,,,,,,,,,,,,,,,,,,,,,,,,,,,,,,4.544879534276053,4.419899790515404,4.414153691861444,,,,,4.4596443388843,"rgba(38, 166, 154, 1.0)",0.2431486773134463,4.453072883430855,2.9073862312556833,88.43022397242922,32.65212617293757,True,False,True,False,True,20.0,0.0,0.0,0.0,0.0,0,1.0038816108685102,0.9277049975739933,False,False,False,False,0.34282818930264364,0.33115942541330023,False,False,False,False,-423.0,-14021.103226334342,False,False,False,False,1267.5896930068407,False,False,False,False
2025-05-13 17:00:00+00:00,5.16,5.18,5.125,5.15,3030.0,,,,,,,,,,,,,,,,,,,,,,,,,,,,,,,,,,4.608160494252082,4.443160949083787,4.4258442627381855,,,,,4.492388568691351,"rgba(38, 166, 154, 1.0)",0.25734608800020287,4.469434799760686,2.6445523439966885,88.89909034647059,33.34399739807829,True,False,True,False,True,20.0,0.0,0.0,0.0,0.0,0,1.009309162175404,0.9250367466927978,False,False,False,False,0.3395760343721705,0.33536772989273533,False,False,False,False,-3453.0,-13857.256664685747,False,False,False,False,1294.913883812936,False,False,False,False
2025-05-13 18:00:00+00:00,5.15,5.26,5.15,5.225,764.0,,,,,,,,,,,,,,,,,,,,,,,,,,,,,,,,,,4.623623594249557,4.449271626909787,4.428972565979732,,,,,4.5006225957130255,"rgba(38, 166, 154, 1.0)",0.2731774659958743,4.473679935912225,2.7503002905046414,89.66781389611518,34.4007754153977,True,False,True,False,True,20.0,0.0,0.0,0.0,0.0,0,1.0122249388753057,0.9105134474327629,False,False,False,False,0.3428281919126482,0.33909796090269173,False,False,False,False,-2689.0,-13684.105398566588,False,False,False,False,1286.6826608080844,False,False,False,False
2025-05-13 19:00:00+00:00,5.235,5.44,5.215,5.34,13175.0,,,,,,,,,,,,,,,,,,,,,,,,,,,,,,,,,,4.84060002015832,4.555675260924347,4.486961715994606,,,,,4.627745665692424,"rgba(38, 166, 154, 1.0)",0.2923021391309678,4.591864356320703,2.559460036466206,90.73285966756526,35.754353008243356,True,False,True,False,True,20.0,0.0,0.0,0.0,0.0,0,1.0125120307988449,0.897497593840231,False,False,False,False,0.3428281977685453,0.34096307933561854,False,False,False,False,10486.0,-13309.37508230974,False,True,False,False,1470.9976583149357,False,False,False,False
2025-05-14 14:00:00+00:00,5.19,5.19,5.04,5.08,876.0,,,,,,,,,,,,,,,,,,,,,,,,,,,,,,,,,,4.845846421542926,4.560031264660038,4.489583224092004,,,,,4.631820303431656,"rgba(38, 166, 154, 0.75)",0.30136255140177337,4.5936644714192,1.613788861020169,81.41197208055101,36.9387668665083,True,False,True,False,False,16.13374073854018,0.0,0.0,0.0,0.0,0,0.984470588235294,0.9115294117647059,False,False,False,False,0.2265311828935433,0.28374713111458094,False,False,False,False,9610.0,-12954.035933746798,False,False,False,False,1461.7728884185801,False,False,False,False
2025-05-14 15:00:00+00:00,5.08,5.155,5.05,5.07,416.0,,,,,,,,,,,,,,,,,,,,,,,,,,,,,,,,,,4.848155583154566,4.562031792264807,4.49079683144202,,,,,4.633661402287131,"rgba(38, 166, 154, 0.75)",0.30961952821527805,4.5944913125949,1.5357839027339382,74.9087235641557,31.215675811360867,True,False,True,False,False,15.793132251204323,0.0,0.0,0.0,0.0,0,0.9864041256446319,0.9142053445850915,False,False,False,False,0.21990176775950493,0.25182444943704296,False,False,False,False,9194.0,-12610.655531673205,False,False,False,False,1445.5593552648036,False,False,False,False
2025-05-14 16:00:00+00:00,5.07,5.125,5.05,5.08,537.0,,,,,,,,,,,,,,,,,,,,,,,,,,,,,,,,,,4.85099315068493,4.564559823443276,4.492338918449572,,,,,4.635963964192594,"rgba(38, 166, 154, 0.75)",0.31770980866589815,4.5955413306920825,1.524846435626958,70.76775084413563,27.735823048653245,True,False,True,False,False,16.018073523035305,0.0,0.0,0.0,0.0,0,0.9852240228789322,0.9337464251668257,False,False,False,False,0.21197145095870099,0.23189795019787196,False,False,False,False,9731.0,-12264.273275368194,False,False,False,False,1431.4731637103105,False,False,False,False
2025-05-14 17:00:00+00:00,5.08,5.115,5.04,5.085,463.0,,,,,,,,,,,,,,,,,,,,,,,,,,,,,,,,,,4.85333454786353,4.566699192895327,4.493650927595775,,,,,4.637894889451544,"rgba(38, 166, 154, 0.75)",0.3253376347374765,4.596439065928036,1.5017043277707387,68.11392686389293,25.491775350934077,True,False,True,False,False,16.13218226715046,0.0,0.0,0.0,0.0,0,0.9833650190114068,0.9272813688212928,False,False,False,False,0.20669918843154078,0.21929856931470637,False,False,False,False,10194.0,-11916.082992029153,False,False,False,False,1416.4580759008481,False,False,False,False
2025-05-14 18:00:00+00:00,5.085,5.085,5.045,5.075,461.0,,,,,,,,,,,,,,,,,,,,,,,,,,,,,,,,,,4.8555011731444635,4.568763733647585,4.49492558485652,,,,,4.639730163882856,"rgba(38, 166, 154, 0.5)",0.33252986047587846,4.597293589863544,1.4365819943292233,65.94989700640417,23.511291360527608,False,False,True,False,False,15.773785289943085,0.0,0.0,0.0,0.0,0,0.9838249286393911,0.9305423406279737,False,False,False,False,0.2001247210269242,0.20971164517081528,False,False,False,False,9733.0,-11580.438294478312,False,False,False,False,1401.6447723985093,False,False,False,False
2025-05-14 19:00:00+00:00,5.07,5.115,5.065,5.075,3309.0,,,,,,,,,,,,,,,,,,,,,,,,,,,,,,,,,,4.8709819930010525,4.583576524079164,4.504172744436869,,,,,4.652910420505695,"rgba(38, 166, 154, 0.5)",0.33953797436521754,4.604180165628608,1.386648533942668,64.50721043474499,22.027887026802077,False,False,True,False,False,15.773785289943085,0.0,0.0,0.0,0.0,0,0.9862167300380227,0.9263307984790876,False,False,False,False,0.21329132180736415,0.2115014834890897,False,False,False,False,9733.0,-11249.99739068795,False,False,False,False,1431.2161712760517,False,False,False,False
2025-05-15 14:00:00+00:00,4.745,4.82,4.735,4.785,751.0,,,,,,,,,,,,,,,,,,,,,,,,,,,,,,,,,4.78,4.869610120601265,4.5848474079307096,4.505150296755279,,,,,4.684901956321813,"rgba(38, 166, 154, 0.5)",0.34118186215428004,4.613583687527275,0.5024191831018601,55.143419340674676,13.273588610734038,False,True,True,False,False,6.138483916360347,0.0,0.0,0.0,0.0,0,0.9778393351800554,0.9312096029547552,False,False,False,False,0.052418866042870244,0.13196017476598,False,False,False,False,8982.0,-10936.323012537749,False,False,False,False,1420.670184124485,False,False,False,False
2025-05-15 15:00:00+00:00,4.785,4.84,4.76,4.815,288.0,,,,,,,,,,,,,,,,,,,,,,,,,,,,,,,,,4.786929740134745,4.8692386646438015,4.58539230262404,4.505557273085728,,,,,4.686779495122079,"rgba(239, 83, 80, 1.0)",0.3429866832179698,4.613905555696979,0.5863039416466931,49.86400118993267,8.586980818185324,False,True,False,True,False,6.901510236210342,0.0,0.0,0.0,0.0,0,0.9802025782688765,0.9313996316758747,False,False,False,False,0.0638149440288742,0.09788755939742709,False,False,False,False,9270.0,-10623.04668676197,False,False,False,False,1403.1094060760433,False,False,False,False
2025-05-15 16:00:00+00:00,4.815,4.835,4.76,4.775,474.0,,,,,,,,,,,,,,,,,,,,,,,,,,,,,,,,,4.787891606080635,4.868495919685702,4.586222403866453,4.506191255417364,,,,,4.687200296262539,"rgba(239, 83, 80, 1.0)",0.34413153519186906,4.613816850423896,0.46837657434166186,45.50834235057779,4.697367306879528,False,True,False,True,False,5.685130696454298,0.0,0.0,0.0,0.0,0,0.9783936120244245,0.9502113668388915,False,False,False,False,0.06254794939147708,0.08021775439445208,False,False,False,False,8796.0,-10321.976195494342,False,False,False,False,1388.7046090826161,False,False,False,False
2025-05-15 17:00:00+00:00,4.78,4.825,4.78,4.825,64.0,,,,,,,,,,,,,,,,,,,,,,,,,,,,,,,,,4.788788839568801,4.868421979512297,4.586344918932173,4.506282656964183,,,,,4.687459598744363,"rgba(239, 83, 80, 1.0)",0.34609275952870966,4.613859539690438,0.6100689901663414,44.3394115146353,3.5760375662306316,False,True,False,True,False,6.973787948697922,0.0,0.0,0.0,0.0,0,0.9665725047080979,0.9543314500941619,False,False,False,False,0.0650821433028846,0.07264994884866835,False,False,False,False,8860.0,-10024.581215719236,False,False,False,False,1368.1665531278468,False,False,False,False
2025-05-15 18:00:00+00:00,4.825,4.85,4.79,4.805,2454.0,,,,,,,,,,,,,,,,,,,,,,,,,,,,,,,,,4.804745720664847,4.86595244822866,4.591046302812967,4.5098033456794155,,,,,4.692886954346473,"rgba(239, 83, 80, 1.0)",0.3478883791165255,4.614822339997335,0.5466628706760113,43.05986168215546,2.0854423759228595,False,True,False,True,False,6.356430327311063,0.0,0.0,0.0,0.0,0,0.9617383089277279,0.959376476145489,False,False,False,False,0.07395861467095888,0.07330428175981361,False,False,False,False,6406.0,-9769.843522452271,False,False,False,False,1385.001180211136,False,False,False,False
2025-05-15 19:00:00+00:00,4.805,4.91,4.8,4.885,5388.0,,,,,,,,,,,,,,,,,,,,,,,,,,,,,,,,,4.839213292281559,4.8658646862993225,4.602879415851637,4.518479915008472,,,,,4.706609327360248,"rgba(239, 83, 80, 1.0)",0.35069457464392534,4.619959857649157,0.7557577490896438,44.954102316350614,2.0854423759228595,False,True,False,True,False,8.403566339644424,0.0,0.0,0.0,0.0,0,0.9612109744560076,0.9578997161778618,False,False,False,False,0.09174793472395452,0.08252610824188407,False,False,False,False,11794.0,-9435.520367065414,False,False,False,False,1447.0631774171648,False,False,False,False
2025-05-16 14:00:00+00:00,4.98,5.0,4.92,4.945,1101.0,,,,,,,,,,,,,,,,,,,,,,,,,,,,,,,,,4.851331273764259,4.867511987690585,4.605960166665341,4.520648022002479,,,,,4.711362862530666,#000000,0.35433452407993493,4.622057830214735,0.9114047540916791,48.00488225922511,2.0854423759228595,False,True,False,False,True,9.889612520185398,0.0,0.0,0.0,0.0,0,0.9749763928234183,0.939565627950897,False,False,False,False,0.14551165109848765,0.11401887967018587,False,False,False,False,12895.0,-9089.310748971377,False,False,False,False,1441.6978568370537,False,False,False,False
2025-05-16 15:00:00+00:00,4.945,4.95,4.9,4.92,221.0,,,,,,,,,,,,,,,,,,,,,,,,,,,,,,,,,4.852812742451045,4.867718297767965,4.606516555345781,4.5210490867219795,,,,,4.712024170571692,#000000,0.3574657420743361,4.622378663156072,0.8325870197151282,49.19541565028602,2.0854423759228595,False,True,False,False,True,9.091805792284934,0.0,0.0,0.0,0.0,0,0.9782196969696971,0.9375,False,False,False,False,0.127512598993634,0.12076573933190994,False,False,False,False,12674.0,-8751.895078444688,False,False,False,False,1422.772308669037,False,False,False,False
2025-05-16 16:00:00+00:00,4.92,4.935,4.92,4.92,570.0,,,,,,,,,,,,,,,,,,,,,,,,,,,,,,,,,4.856450505407715,4.868259174590552,4.607950123191609,4.522084099378325,,,,,4.71368597564205,#000000,0.36051098620037947,4.6232034133769915,0.8232664134624812,49.98910457765996,2.0854423759228595,False,True,False,False,True,9.091805792284934,0.0,0.0,0.0,0.0,0,0.9751824817518249,0.9479318734793187,False,False,False,False,0.12879538863274403,0.12478056398232698,False,False,False,False,12674.0,-8419.71065862384,False,False,False,False,1409.5510325656412,False,False,False,False
2025-05-16 17:00:00+00:00,4.92,4.93,4.88,4.89,392.0,,,,,,,,,,,,,,,,,,,,,,,,,,,,,,,,,4.857909225554701,4.868463960850147,4.608851398160977,4.522748850149202,,,,,4.714493358678757,#000000,0.3625570722391575,4.6236480073509645,0.7346484541152144,49.378280600427274,2.0854423759228595,False,True,False,False,True,8.115792376381645,0.0,0.0,0.0,0.0,0,0.9687347337567173,0.9521250610649733,False,False,False,False,0.11726493310372957,0.12102274854302827,False,False,False,False,12282.0,-8098.753904226572,False,False,False,False,1393.7750475646235,False,False,False,False
2025-05-16 18:00:00+00:00,4.89,4.915,4.855,4.86,454.0,,,,,,,,,,,,,,,,,,,,,,,,,,,,,,,,,4.858609717309644,4.868524799059006,4.609805195144783,4.523468385361392,,,,,4.715102024218707,"rgba(239, 83, 80, 0.75)",0.3640754055149838,4.624039292566473,0.6481094406796345,47.85677519981506,2.0854423759228595,False,True,False,True,True,7.142941479571551,0.0,0.0,0.0,0.0,0,0.9651448208149238,0.956308296514482,False,False,False,False,0.10704172635003252,0.1140322374465304,False,False,False,False,11828.0,-7789.81198323081,False,False,False,False,1379.2048917884276,False,False,False,False
2025-05-16 19:00:00+00:00,4.86,4.9,4.835,4.885,3033.0,,,,,,,,,,,,,,,,,,,,,,,,,,,,,,,,,4.861549594031161,4.868751809479336,4.615929436343807,4.528156602250872,,,,,4.718596860526294,"rgba(239, 83, 80, 0.75)",0.365562629430355,4.626544077926466,0.7070085978872555,47.96642843637207,2.0854423759228595,False,True,False,True,True,7.811669105364029,0.0,0.0,0.0,0.0,0,0.9640216855593888,0.9561360275998029,False,False,False,False,0.09811474084243162,0.106073489144481,False,False,False,False,14861.0,-7438.636603645837,False,False,False,False,1404.845126024266,False,False,False,False
2025-05-19 14:00:00+00:00,4.84,4.885,4.84,4.885,183.0,,,,,,,,,,,,,,,,,,,,,,,,,,,,,,,,,4.861650187558274,4.868755354814676,4.616285190342835,4.528432763124012,,,,,4.7187808739599495,"rgba(239, 83, 80, 0.75)",0.366814974101691,4.626689487913628,0.7041983842643259,48.039530594076744,2.0854423759228595,False,True,False,True,True,7.811669105364029,0.0,0.0,0.0,0.0,0,0.9630177514792899,0.9536489151873767,False,False,False,False,0.09556709548728147,0.10082029231588124,False,False,False,False,14861.0,-7092.905803589312,False,False,False,False,1385.901790737068,False,False,False,False
2025-05-19 15:00:00+00:00,4.885,4.885,4.825,4.825,99.0,,,,,,,,,,,,,,,,,,,,,,,,,,,,,,,,,4.861543648741814,4.86871890836394,4.616458309440616,4.528571054551446,,,,,4.718822980274454,"rgba(239, 83, 80, 1.0)",0.367556479694978,4.6267436430270585,0.5393901833466995,45.57389247525448,0.6502260440340635,False,True,False,True,False,5.8212752426722645,0.0,0.0,0.0,0.0,0,0.9663366336633663,0.9534653465346535,False,False,False,False,0.09174793472395452,0.09628411351991789,False,False,False,False,14762.0,-6754.0700546964545,False,False,False,False,1365.9498249892065,False,False,False,False
2025-05-19 16:00:00+00:00,4.825,4.86,4.805,4.815,225.0,,,,,,,,,,,,,,,,,,,,,,,,,,,,,,,,,4.861043723853816,4.868572785396589,4.616819304726576,4.528866720446936,,,,,4.718825633605979,"rgba(239, 83, 80, 1.0)",0.3682651928328976,4.626826766950207,0.5109720840089774,43.54382873081847,-1.6041426184399796,False,True,False,True,False,5.49225376583599,0.0,0.0,0.0,0.0,0,0.9620876415558838,0.9487936976858691,False,False,False,False,0.0803060002458728,0.08829505688289535,False,False,False,False,14537.0,-6423.9759453213155,False,False,False,False,1348.2606804157303,False,False,False,False
2025-05-19 17:00:00+00:00,4.815,4.84,4.8,4.815,204.0,,,,,,,,,,,,,,,,,,,,,,,,,,,,,,,,,4.860495775947006,4.868415004002709,4.617132581934938,4.5291267971207905,,,,,4.718792539751361,"rgba(239, 83, 80, 1.0)",0.3694065486671794,4.626886769064693,0.5092309045793074,42.19045290119446,-3.1598171586755868,False,True,False,True,False,5.49225376583599,0.0,0.0,0.0,0.0,0,0.96174595389897,0.9509563511525255,False,False,False,False,0.07395861467095888,0.08112683577692711,False,False,False,False,14537.0,-6098.999574076023,False,False,False,False,1330.52020475037,False,False,False,False
2025-05-19 18:00:00+00:00,4.815,4.82,4.78,4.79,259.0,,,,,,,,,,,,,,,,,,,,,,,,,,,,,,,,,4.859472772277229,4.868130056990978,4.6174862400904555,4.529431632880506,,,,,4.718630175559792,"rgba(239, 83, 80, 1.0)",0.36987332869413314,4.6269104349869155,0.4409335639011472,40.19903044129129,-5.267557744985062,False,True,False,True,False,4.648214885673223,0.0,0.0,0.0,0.0,0,0.959941377625794,0.9531021006350757,False,False,False,False,0.06381494402887458,0.07247088990290085,False,False,False,False,14278.0,-5783.07710005934,False,False,False,False,1313.9074883976512,False,False,False,False
2025-05-19 19:00:00+00:00,4.79,4.85,4.785,4.845,3860.0,,,,,,,,,,,,,,,,,,,,,,,,,,,,,,,,,4.85314751914752,4.8658130293159605,4.62345218128037,4.534394721967483,,,,,4.719201862927834,"rgba(239, 83, 80, 0.75)",0.37048716406744475,4.628574694461793,0.5841641128997591,42.485860653935376,-5.267557744985062,False,True,False,True,True,6.26620292342691,0.0,0.0,0.0,0.0,0,0.9606796116504855,0.9504854368932039,False,False,False,False,0.07268986734018275,0.07258037862154179,False,False,False,False,18138.0,-5412.20768765532,False,False,False,False,1353.3817909031138,False,False,False,False
2025-05-20 14:00:00+00:00,4.775,4.805,4.765,4.8,275.0,,,,,,,,,,,,,,,,,,,,,,,,,,,,,,,,,4.8522918617064965,4.8655124008651764,4.623789904337737,4.534698426277579,,,,,4.719073148296747,"rgba(239, 83, 80, 0.75)",0.3706328529848787,4.628615713619,0.46240986194494693,41.88793498976935,-5.267557744985062,False,True,False,True,True,4.735206913555579,0.0,0.0,0.0,0.0,0,0.9552023121387283,0.9513487475915221,False,False,False,False,0.05621590181565161,0.0643981402185967,False,False,False,False,17863.0,-5051.351754513376,False,False,False,False,1336.662693369732,False,False,False,False
2025-05-20 15:00:00+00:00,4.8,4.82,4.78,4.81,1203.0,,,,,,,,,,,,,,,,,,,,,,,,,,,,,,,,,4.849552206406798,4.864452184882286,4.62536856479485,4.5360874991045215,,,,,4.718865113797114,"rgba(239, 83, 80, 0.75)",0.3710493155829742,4.62895581738884,0.4879248525946271,42.13616394152456,-5.267557744985062,False,True,False,True,True,5.034097297464669,0.0,0.0,0.0,0.0,0,0.9568138195777351,0.9500959692898271,False,False,False,False,0.06381494402887458,0.06410654212373565,False,False,False,False,19066.0,-4677.439324210844,False,False,False,False,1334.5904035500464,False,False,False,False
2025-05-20 16:00:00+00:00,4.81,4.83,4.805,4.83,34.0,,,,,,,,,,,,,,,,,,,,,,,,,,,,,,,,,4.849508173880737,4.864431576163693,4.625417333440503,4.536129228195035,,,,,4.718871577919993,"rgba(239, 83, 80, 0.75)",0.3709230997739894,4.628971150084297,0.5419690767121106,43.61289977576259,-5.267557744985062,False,True,False,True,True,5.636255519719125,0.0,0.0,0.0,0.0,0,0.9683544303797469,0.9483933787731257,False,False,False,False,0.07268986734018275,0.0683982047319592,False,False,False,False,19100.0,-4308.7968540680395,False,False,False,False,1314.426211246945,False,False,False,False
2025-05-20 17:00:00+00:00,4.83,4.83,4.8,4.805,506.0,,,,,,,,,,,,,,,,,,,,,,,,,,,,,,,,,4.84863931996249,4.864056025206418,4.626103434552279,4.536727118086826,,,,,4.718881474452003,"rgba(239, 83, 80, 0.75)",0.3709523293236337,4.629158762259178,0.47402650917824773,43.23225667159685,-5.267557744985062,False,True,False,True,True,4.760673312044229,0.0,0.0,0.0,0.0,0,0.9623471882640587,0.9511002444987775,False,False,False,False,0.07142135357585727,0.06990977915390824,False,False,False,False,18594.0,-3953.7147322995424,False,False,False,False,1301.8924715376902,False,False,False,False
2025-05-20 18:00:00+00:00,4.805,4.805,4.705,4.745,978.0,,,,,,,,,,,,,,,,,,,,,,,,,,,,,,,,,4.84451874058626,4.862530907022241,4.626991127946005,4.537624810677236,,,,,4.717916396557936,"rgba(239, 83, 80, 1.0)",0.36983532980391437,4.62905154896986,0.31351372269278704,40.26187976457966,-6.005612108654844,False,True,False,True,False,2.694614602914992,0.0,0.0,0.0,0.0,0,0.9542579075425793,0.9503649635036496,False,False,False,False,0.04103637530769408,0.05547307723080116,False,False,False,False,17616.0,-3619.3005504034254,False,False,False,False,1296.8708828316794,False,False,False,False
2025-05-20 19:00:00+00:00,4.75,4.77,4.72,4.735,2949.0,,,,,,,,,,,,,,,,,,,,,,,,,,,,,,,,,4.832837216766161,4.85777979205545,4.629384699592787,4.540162458476899,,,,,4.715041041722825,"rgba(239, 83, 80, 1.0)",0.368682985970526,4.628680678008327,0.28837599248524304,37.88430210733003,-8.293995141912873,False,True,False,True,False,2.3538468917659827,0.0,0.0,0.0,0.0,0,0.95618305744888,0.9537487828627068,False,False,False,False,0.035981074633118636,0.0457270759319599,False,False,False,False,14667.0,-3335.7920147382556,False,False,False,False,1322.4852877490177,False,False,False,False
2025-05-21 14:00:00+00:00,4.72,4.72,4.63,4.65,597.0,,,,,,,,,,,,,,,,,,,,,,,,,,,,,,,,,4.829102414476822,4.856270944364361,4.629541570636839,4.540480163838339,,,,,4.71384877332909,"rgba(239, 83, 80, 1.0)",0.366922961205017,4.6282933775619535,0.05915852844629797,33.54611011634095,-12.294151484478704,False,True,False,True,False,0.0,0.0,0.0,0.0,0.0,0,0.9487179487179488,0.9535558780841797,False,False,False,False,0.0006309499398679505,0.023179012935913925,False,False,False,False,14070.0,-3065.934774199678,False,False,False,False,1311.2374538304282,False,False,False,False
2025-05-21 15:00:00+00:00,4.65,4.675,4.625,4.655,195.0,,,,,,,,,,,,,,,,,,,,,,,,,,,,,,,,,4.827809296009768,4.855744671028332,4.629571937011124,4.5405712968684115,,,,,4.713424300229409,"rgba(239, 83, 80, 1.0)",0.36491888522354077,4.6281480690650785,0.07358328664868334,31.060453468079988,-14.481289188889903,False,True,False,True,False,0.0,0.0,0.0,0.0,0.0,0,0.9535108958837774,0.9544794188861987,False,False,False,False,-0.011989126449365936,0.0055949432432739945,False,False,False,False,14265.0,-2797.2381110337915,False,False,False,False,1293.9314467942975,False,False,False,False
2025-05-21 16:00:00+00:00,4.655,4.67,4.63,4.665,186.0,,,,,,,,,,,,,,,,,,,,,,,,,,,,,,,,,4.826616313451856,4.855253361930576,4.629605182383924,4.54066068866069,,,,,4.713033886606762,"rgba(239, 83, 80, 1.0)",0.36326791294659583,4.628015906201335,0.10180941525683891,30.271366521238015,-15.178745610705036,False,True,False,True,False,0.020550968000570435,0.0,0.0,0.0,0.0,0,0.9550781249999998,0.9594726562499998,False,False,False,False,-0.011989126449365936,-0.003197091603045971,False,False,False,False,14451.0,-2529.823566676678,False,False,False,False,1276.7542150610525,False,False,False,False
2025-05-21 17:00:00+00:00,4.665,4.675,4.575,4.615,235.0,,,,,,,,,,,,,,,,,,,,,,,,,,,,,,,,,4.824844175436015,4.854533294854808,4.629592090704729,4.540740562805075,,,,,4.712427530950157,"rgba(239, 83, 80, 1.0)",0.35937006949222383,4.62779183139305,-0.03559514962145813,28.16333630008147,-17.19932478845103,False,True,False,True,False,0.0,0.0,0.0,0.0,0.0,0,0.9480901077375123,0.9608227228207639,False,False,False,False,-0.024613022942723033,-0.013905057272884502,False,False,False,False,14216.0,-2270.198395100296,False,False,False,False,1260.602986920571,False,False,False,False
2025-05-21 18:00:00+00:00,4.615,4.635,4.59,4.62,449.0,,,,,,,,,,,,,,,,,,,,,,,,,,,,,,,,,4.821433742353496,4.853130743416533,4.629546256913935,4.540880200240949,,,,,4.711247735731228,"rgba(239, 83, 80, 1.0)",0.3556719563594233,4.627349487785561,-0.020663669581342754,27.22108871696586,-18.17687250193102,False,True,False,True,False,0.0,0.0,0.0,0.0,0.0,0,0.9411476213830309,0.9661598822952427,False,False,False,False,-0.030927662108402993,-0.022416359690643747,False,False,False,False,14665.0,-2007.637179672384,False,False,False,False,1248.0199948752909,False,False,False,False
2025-05-21 19:00:00+00:00,4.595,4.62,4.565,4.595,2429.0,,,,,,,,,,,,,,,,,,,,,,,,,,,,,,,,,4.8029996229260945,4.845154003025284,4.6289412011528634,4.5414084109979775,,,,,4.704625809525555,"rgba(239, 83, 80, 1.0)",0.35212766419565905,4.624754518919447,-0.08449923691003848,25.805956409293323,-19.657165213513633,False,True,False,True,False,0.0,0.0,0.0,0.0,0.0,0,0.944362383062531,0.9650418513047759,False,False,False,False,-0.04103642587075366,-0.031726392780698706,False,False,False,False,12236.0,-1786.8055954914166,False,False,False,False,1266.3297623966043,False,False,False,False
2025-05-22 14:00:00+00:00,4.555,4.56,4.545,4.55,354.0,,,,,,,,,,,,,,,,,,,,,,,,,,,,,,,,4.551666666666668,4.800073879206402,4.843846578158098,4.628753491021127,4.541423444084749,,,,,4.673152811827409,"rgba(239, 83, 80, 1.0)",0.3483355791125486,4.620473036265056,-0.20231363228700336,23.64681777150205,-21.823567781115948,False,True,False,True,False,0.0,0.0,0.0,0.0,0.0,0,0.9409158050221568,0.9620876415558838,False,False,True,False,-0.06128120594215925,-0.04650379936142898,False,False,True,False,11882.0,-1574.8861288946505,False,False,False,False,1252.185114917587,False,False,True,False
2025-05-22 15:00:00+00:00,4.55,4.625,4.55,4.585,209.0,,,,,,,,,,,,,,,,,,,,,,,,,,,,,,,,4.56465956187093,4.798617198471539,4.843171946515382,4.62869321867434,4.541462554786693,,,,,4.675320896063777,"rgba(239, 83, 80, 0.75)",0.3439503159176028,4.620953065322366,-0.10452982206586858,25.486890248139453,-21.823567781115948,False,True,False,True,True,0.0,0.0,0.0,0.0,0.0,0,0.9434055118110238,0.9557086614173227,False,False,False,False,-0.0435648464109286,-0.04503432288617879,False,False,False,False,12091.0,-1363.011925345896,False,False,False,False,1236.0117022832058,False,False,False,False
2025-05-22 16:00:00+00:00,4.585,4.65,4.585,4.59,616.0,,,,,,,,,,,,,,,,,,,,,,,,,,,,,,,,4.587478088775799,4.794864521637054,4.841370220450865,4.628607642584858,4.541632499542744,,,,,4.678790594598263,"rgba(239, 83, 80, 0.75)",0.33816609278031595,4.6216546347155445,-0.09360676718144108,27.1674918996143,-21.823567781115948,False,True,False,True,True,0.0,0.0,0.0,0.0,0.0,0,0.9522388059701494,0.9572139303482585,False,False,False,False,-0.028401538733119677,-0.03671793080964923,False,False,False,False,12707.0,-1144.8722055730914,False,False,False,False,1226.3991177516832,False,False,False,False
2025-05-22 17:00:00+00:00,4.59,4.645,4.59,4.625,269.0,,,,,,,,,,,,,,,,,,,,,,,,,,,,,,,,4.593519797421731,4.793371423734554,4.8406310281905185,4.628591872410465,4.541719375027475,,,,,4.679566699356949,"rgba(239, 83, 80, 0.75)",0.3320758216903939,4.621780273006137,0.009695758569453563,31.332612775425464,-23.407823730249532,False,True,False,True,True,0.0,0.0,0.0,0.0,0.0,0,0.9580838323353296,0.9431137724550898,False,False,False,False,-0.028401538733119677,-0.032559734771384456,False,False,False,False,12976.0,-925.9439543238962,False,False,False,False,1211.5557205772384,False,False,False,False
2025-05-22 18:00:00+00:00,4.625,4.645,4.625,4.64,329.0,,,,,,,,,,,,,,,,,,,,,,,,,,,,,,,,4.601508159819922,4.791751850804722,4.839801433257508,4.628609925656114,4.541847932999981,,,,,4.680703860507649,"rgba(239, 83, 80, 0.75)",0.3263799946395303,4.622005588385907,0.055133316715587195,35.30833113322365,-19.785255564668333,False,True,False,True,True,0.0,0.0,0.0,0.0,0.0,0,0.9613647767185148,0.9417962870045158,False,False,False,False,-0.01956274836847383,-0.026061241569929144,False,False,False,False,13305.0,-705.3091643343785,False,False,False,False,1197.8726861496843,False,False,False,False
2025-05-22 19:00:00+00:00,4.64,4.675,4.63,4.655,2509.0,,,,,,,,,,,,,,,,,,,,,,,,,,,,,,,,4.631846321356354,4.781639100809506,4.834191537665223,4.629024397034225,4.542987337097174,,,,,4.683937738792496,"rgba(239, 83, 80, 0.75)",0.3176582814657643,4.622491202981205,0.10233889344483715,39.147521909318705,-16.35225652128598,False,True,False,True,True,0.0,0.0,0.0,0.0,0.0,0,0.964735516372796,0.9365239294710327,False,False,False,False,-0.01072701328576944,-0.018394127427849294,False,False,False,False,15814.0,-449.19584395710126,False,False,False,False,1218.2002414031776,False,False,False,False
2025-05-23 14:00:00+00:00,4.68,4.68,4.635,4.635,313.0,,,,,,,,,,,,,,,,,,,,,,,,,,,,,,,,4.633081829383199,4.780450151493293,4.83350282722096,4.629068173129922,4.543123602392664,,,,,4.683845316724009,"rgba(239, 83, 80, 0.75)",0.30934190536429645,4.622422005101227,0.040660494684546744,40.36224865359571,-15.298974023148617,False,True,False,True,True,0.0,0.0,0.0,0.0,0.0,0,0.9652042360060518,0.9329299041855773,False,False,False,False,-0.008202885454360792,-0.013298506441105043,False,False,False,False,15501.0,-201.90598591125473,False,False,False,False,1204.166129133361,False,False,False,False
2025-05-23 15:00:00+00:00,4.635,4.7,4.635,4.64,301.0,,,,,,,,,,,,,,,,,,,,,,,,,,,,,,,,4.634632993197279,4.779398624938019,4.832875218721357,4.629126790305014,4.54326450853555,,,,,4.6838596271394435,"rgba(239, 83, 80, 0.5)",0.30168747626199577,4.622392788141332,0.058362422188771,41.623198825146375,-14.040994279212612,False,False,False,True,True,0.0,0.0,0.0,0.0,0.0,0,0.9666834931852601,0.9313478041393236,False,False,False,False,-0.003154911182120728,-0.008226708811612886,False,False,False,False,15802.0,46.21658751372598,False,False,False,False,1190.1635534878826,False,False,False,False
2025-05-23 16:00:00+00:00,4.65,4.675,4.63,4.67,49.0,,,,,,,,,,,,,,,,,,,,,,,,,,,,,,,,4.634867650030309,4.779229157739372,4.832773475295424,4.629136310418689,4.543287414130008,,,,,4.68385880152276,"rgba(239, 83, 80, 0.5)",0.2935906938162285,4.622387280909241,0.16217380214565758,45.0275437676364,-10.752417180470616,False,False,False,True,True,0.5779127922464085,0.0,0.0,0.0,0.0,0,0.9586101175268268,0.9443025038323966,False,False,False,False,-0.01072701328576944,-0.009476861048691162,False,False,False,False,15851.0,291.2519892576992,False,False,False,False,1172.4710952942721,False,False,False,False
2025-05-23 17:00:00+00:00,4.67,4.695,4.67,4.685,456.0,,,,,,,,,,,,,,,,,,,,,,,,,,,,,,,,4.63895652173913,4.777996014400799,4.831967181756511,4.629300214879759,4.543546366168858,,,,,4.684353259789011,#000000,0.28383950546896003,4.622511108787183,0.22015572183855203,48.4512285718305,-7.513993838770389,True,False,False,False,True,1.1399527089167556,0.0,0.0,0.0,0.0,0,0.956989247311828,0.9416282642089091,False,False,False,False,0.004416829148515946,-0.002530015950087608,False,False,False,False,16307.0,539.5581599668822,False,False,False,False,1161.3630162974616,False,False,False,False
2025-05-23 18:00:00+00:00,4.685,4.715,4.655,4.695,130.0,,,,,,,,,,,,,,,,,,,,,,,,,,,,,,,,4.64011623005119,4.777668511702398,4.831746587749765,4.629351067730419,4.543622649207207,,,,,4.684501009288196,"rgba(38, 166, 154, 1.0)",0.27346991204297355,4.6225508643992725,0.26492543570695615,51.49595314519054,-4.653700162318387,True,False,True,False,True,1.5174658771544642,0.0,0.0,0.0,0.0,0,0.9565217391304349,0.9391304347826085,False,False,False,False,0.00567881166166346,0.001574397855787926,False,False,False,False,16437.0,786.0301264790236,False,False,False,False,1145.37289201378,False,False,False,False
2025-05-23 19:00:00+00:00,4.7,4.74,4.695,4.725,897.0,,,,,,,,,,,,,,,,,,,,,,,,,,,,,,,,4.6512567371475955,4.776250822188119,4.830574818122659,4.629886688755825,4.544261522101979,,,,,4.686446117663236,"rgba(38, 166, 154, 1.0)",0.26255925114221224,4.623175396784639,0.387815713110062,55.60740690587979,-0.8254414194188513,True,False,True,False,True,2.649499285377061,0.0,0.0,0.0,0.0,0,0.9606138107416884,0.9360613810741689,False,False,False,False,0.02208769433706845,0.011831046096428188,False,False,False,False,17334.0,1042.5877989367132,False,False,False,False,1141.5221495019384,False,False,False,False
2025-05-26 14:00:00+00:00,4.725,4.725,4.725,4.725,0.0,,,,,,,,,,,,,,,,,,,,,,,,,,,,,,,,4.6512567371475955,4.776250822188119,4.830574818122659,4.629886688755825,4.544261522101979,,,,,4.686446117663236,"rgba(38, 166, 154, 1.0)",0.2497509209643108,4.623175396784639,0.4077046155513939,58.348376079672626,1.7174999586212252,True,False,True,False,True,2.649499285377072,0.0,0.0,0.0,0.0,0,0.9680905815748841,0.9341224909933095,False,False,False,False,0.02587572717482299,0.01885338663562559,False,False,False,False,17334.0,1295.1678330617253,False,False,False,False,1123.824131680203,False,False,False,False
2025-05-26 15:00:00+00:00,4.725,4.725,4.725,4.725,0.0,,,,,,,,,,,,,,,,,,,,,,,,,,,,,,,,4.6512567371475955,4.776250822188119,4.830574818122659,4.629886688755825,4.544261522101979,,,,,4.686446117663236,"rgba(38, 166, 154, 1.0)",0.23628969469661332,4.623175396784639,0.43093120648405636,60.175688862201184,3.50057871845722,True,False,True,False,True,2.649499285377061,0.0,0.0,0.0,0.0,0,0.9693506493506494,0.9350649350649353,False,False,False,False,0.02587572717482299,0.022364556905224292,False,False,False,False,17334.0,1543.8318976654195,False,False,False,False,1106.4005017316726,False,False,False,False
2025-05-26 16:00:00+00:00,4.725,4.725,4.725,4.725,0.0,,,,,,,,,,,,,,,,,,,,,,,,,,,,,,,,4.6512567371475955,4.776250822188119,4.830574818122659,4.629886688755825,4.544261522101979,,,,,4.686446117663236,"rgba(38, 166, 154, 1.0)",0.22506601634122958,4.623175396784639,0.4524210490355926,61.39389738388689,4.83566101920087,True,False,True,False,True,2.649499285377061,0.0,0.0,0.0,0.0,0,0.9669464847848901,0.9370409233997904,False,False,False,False,0.02587572717482299,0.02412014204002364,False,False,False,False,17334.0,1788.6407054535525,False,False,False,False,1089.247005580794,False,False,False,False
2025-05-26 17:00:00+00:00,4.725,4.725,4.725,4.725,0.0,,,,,,,,,,,,,,,,,,,,,,,,,,,,,,,,4.6512567371475955,4.776250822188119,4.830574818122659,4.629886688755825,4.544261522101979,,,,,4.686446117663236,"rgba(38, 166, 154, 1.0)",0.21817572882575081,4.623175396784639,0.4667091237113941,62.206036398344025,5.903714805396824,True,False,True,False,True,2.649499285377072,0.0,0.0,0.0,0.0,0,0.9662625197680548,0.9319978914074856,False,False,False,False,0.02587572717482299,0.024997934607423316,False,False,False,False,17334.0,2029.6540278496216,False,False,False,False,1072.359455106673,False,False,False,False
2025-05-26 18:00:00+00:00,4.725,4.725,4.725,4.725,0.0,,,,,,,,,,,,,,,,,,,,,,,,,,,,,,,,4.6512567371475955,4.776250822188119,4.830574818122659,4.629886688755825,4.544261522101979,,,,,4.686446117663236,"rgba(38, 166, 154, 1.0)",0.21328676293488572,4.623175396784639,0.4774070449296796,62.74746240798211,6.806876531701832,True,False,True,False,True,2.649499285377072,0.0,0.0,0.0,0.0,0,0.9624338624338624,0.9343915343915343,False,False,False,False,0.02587572717482299,0.025436830891123155,False,False,False,False,17334.0,2266.930709588387,False,False,False,False,1055.733727120523,False,False,False,False
2025-05-26 19:00:00+00:00,4.725,4.725,4.725,4.725,0.0,,,,,,,,,,,,,,,,,,,,,,,,,,,,,,,,4.6512567371475955,4.776250822188119,4.830574818122659,4.629886688755825,4.544261522101979,,,,,4.686446117663236,"rgba(38, 166, 154, 1.0)",0.2083011939173328,4.623175396784639,0.48883350738628706,63.108413081074175,7.600866431202725,True,False,True,False,True,2.649499285377072,0.0,0.0,0.0,0.0,0,0.9674666666666669,0.9327999999999999,False,False,False,False,0.02587572717482299,0.025656279032973073,False,False,False,False,17334.0,2500.5286830831405,False,False,False,False,1039.3657623589645,False,False,False,False
2025-05-27 14:00:00+00:00,4.72,4.745,4.695,4.705,627.0,,,,,,,,,,,,,,,,,,,,,,,,,,,,,,,,4.656918590924117,4.77521608514078,4.829733859425167,4.63023677696432,4.54469272329119,,,,,4.687359607149115,"rgba(38, 166, 154, 0.75)",0.20288755595245178,4.623485424980966,0.4017721768906222,59.45716744038836,7.600866431202725,True,False,True,False,False,1.741611352392077,0.0,0.0,0.0,0.0,0,0.9652963160704753,0.9279231179925252,False,False,False,False,0.023350296165962094,0.024503287599467585,False,False,False,False,16707.0,2720.7840523376653,False,False,False,False,1032.9724947254922,False,False,False,False
2025-05-27 15:00:00+00:00,4.705,4.75,4.705,4.745,136.0,,,,,,,,,,,,,,,,,,,,,,,,,,,,,,,,4.658362983553394,4.775063175037808,4.829581952587305,4.630328675423186,4.544796003537265,,,,,4.687626558027792,"rgba(38, 166, 154, 1.0)",0.1972129456854819,4.623580053168684,0.6156793937095706,61.67301692100548,7.600866431202725,True,False,True,False,True,3.4489263644390604,0.0,0.0,0.0,0.0,0,0.964724746125067,0.9283805451630144,False,False,False,False,0.02713856442279648,0.025820926011132034,False,False,False,False,16843.0,2939.7331367975466,False,False,False,False,1019.0659444196706,False,False,False,False
2025-05-27 16:00:00+00:00,4.745,4.75,4.72,4.735,276.0,,,,,,,,,,,,,,,,,,,,,,,,,,,,,,,,4.661194173024584,4.774768522219558,4.829280450902035,4.630517682054501,4.545007104205291,,,,,4.688153586481194,"rgba(38, 166, 154, 1.0)",0.1921179489436247,4.623770082539774,0.5789668173735611,61.4802698077208,7.600866431202725,True,False,True,False,True,2.9852842375245494,0.0,0.0,0.0,0.0,0,0.9611650485436896,0.9368932038834953,False,False,False,False,0.03092761158209627,0.02837426879661415,False,False,False,False,16567.0,3151.008592040995,False,False,False,False,1007.5455421806059,False,False,False,False
2025-05-27 17:00:00+00:00,4.735,4.735,4.705,4.725,94.0,,,,,,,,,,,,,,,,,,,,,,,,,,,,,,,,4.661945582727474,4.774635841684167,4.829163743904502,4.630573703321082,4.54507385581769,,,,,4.6882785454909826,"rgba(38, 166, 154, 1.0)",0.1880139682370731,4.623815988398446,0.5381728418920829,59.751841372596544,7.600866431202725,True,False,True,False,True,2.517795424699596,0.0,0.0,0.0,0.0,0,0.9615384615384615,0.935536294691224,False,False,False,False,0.023350296165962094,0.02586228248128812,False,False,False,False,16473.0,3357.551094489972,False,False,False,False,993.382045402612,False,False,False,False
2025-05-27 18:00:00+00:00,4.725,4.745,4.705,4.74,705.0,,,,,,,,,,,,,,,,,,,,,,,,,,,,,,,,4.667747077791214,4.773814773260972,4.828363679365842,4.631029914891492,4.545596438697336,,,,,4.689310376801371,"rgba(38, 166, 154, 1.0)",0.18300438137815847,4.624207421935715,0.6327311793973531,60.30487245750332,7.600866431202725,True,False,True,False,True,3.176800101335374,0.0,0.0,0.0,0.0,0,0.964247020585049,0.9284940411700973,False,False,False,False,0.02587572717482299,0.025869004828055556,False,False,False,False,17178.0,3571.821620156794,False,False,False,False,988.9110059390056,False,False,False,False
2025-05-27 19:00:00+00:00,4.74,4.76,4.71,4.76,1171.0,,,,,,,,,,,,,,,,,,,,,,,,,,,,,,,,4.67712230342831,4.7729110649754,4.827239249254675,4.631879346501481,4.54652024012331,,,,,4.691134440856635,"rgba(38, 166, 154, 1.0)",0.1787708281823628,4.624945839066609,0.7554597263241553,62.59477242192533,8.102889275079598,True,False,True,False,True,4.054397335138251,0.0,0.0,0.0,0.0,0,0.9659090909090909,0.9258658008658008,False,False,False,False,0.03092761158209627,0.02839830820507591,False,False,False,False,18349.0,3800.9251609295566,False,False,False,False,991.7340911182457,False,False,False,False
2025-05-28 14:00:00+00:00,4.685,4.8,4.685,4.8,307.0,,,,,,,,,,,,,,,,,,,,,,,,,,,,,,,4.761666666666667,4.679784913144577,4.772824339262386,4.82701270177097,4.632136201987643,4.546783433483695,,,,,4.7033680427193225,"rgba(38, 166, 154, 1.0)",0.17479589126636377,4.6320091929678835,0.9610683970604464,66.87356348920525,12.210525928212242,True,False,True,False,True,5.780485459792107,0.0,0.0,0.0,0.0,0,0.9597207303974219,0.9264232008592911,False,False,False,False,0.03471754671857795,0.03155792746182693,False,False,False,False,18656.0,4031.2363987446024,False,False,False,False,981.1180586978078,False,False,False,False
2025-05-28 15:00:00+00:00,4.8,4.805,4.75,4.785,772.0,,,,,,,,,,,,,,,,,,,,,,,,,,,,,,,4.7747837503861605,4.6871391001267435,4.77296086356467,4.826607777071176,4.6328684216715725,4.5474986625776,,,,,4.706976429232987,"rgba(38, 166, 154, 1.0)",0.1720425780109317,4.633350417202825,0.881465417168644,67.31394957237066,12.683856080446567,True,False,True,False,True,5.0353682030643085,0.0,0.0,0.0,0.0,0,0.9644970414201184,0.9306078536847766,False,False,False,False,0.052418866042870244,0.041988396752348583,False,False,False,False,17884.0,4246.007927446236,False,False,False,False,977.8759182528805,False,False,False,False
2025-05-28 16:00:00+00:00,4.785,4.815,4.785,4.795,314.0,,,,,,,,,,,,,,,,,,,,,,,,,,,,,,,4.780092127303183,4.690361823887761,4.773155702290699,4.826509070357812,4.633201022975333,4.547811158457721,,,,,4.708521817545418,"rgba(38, 166, 154, 1.0)",0.16958183865024837,4.63393850561393,0.9497567408633241,68.319143215226,13.794818302897447,True,False,True,False,True,5.4716456653892,0.0,0.0,0.0,0.0,0,0.9782726778924496,0.9272134709397065,False,False,False,False,0.06381494402887458,0.05290167039061158,False,False,False,False,18198.0,4462.317882059473,False,False,False,False,967.583268357487,False,False,False,False
2025-05-28 17:00:00+00:00,4.815,4.84,4.79,4.795,1049.0,,,,,,,,,,,,,,,,,,,,,,,,,,,,,,,4.792223587223588,4.700776038598558,4.774035583426724,4.826299536233158,4.634369239899952,4.548890958851431,,,,,4.712765824038901,"rgba(38, 166, 154, 1.0)",0.16872334624338875,4.6468826303042565,0.8778712193277594,68.9892723104629,14.646599376044932,True,False,True,False,True,5.4716456653892,0.0,0.0,0.0,0.0,0,0.9760869565217393,0.9233695652173911,False,False,False,False,0.07142135357585727,0.06216151198323443,False,False,False,False,18198.0,4675.274193965528,False,False,False,False,968.8455432666733,False,False,False,False
2025-05-28 18:00:00+00:00,4.78,4.8,4.76,4.77,124.0,,,,,,,,,,,,,,,,,,,,,,,,,,,,,,,4.7914718108599645,4.701559784570112,4.774043339752278,4.826231992215222,4.6344813534624425,4.549002501168312,,,,,4.712798463671388,"rgba(38, 166, 154, 0.75)",0.1683536603550806,4.6467627556346685,0.732014047721963,65.32940927780298,14.646599376044932,True,False,True,False,False,4.186293603540978,0.0,0.0,0.0,0.0,0,0.9744287268770401,0.9254624591947769,False,False,False,False,0.053684371460279455,0.05792294172175694,False,False,False,False,18074.0,4883.006377004822,False,False,False,False,955.7471627509109,False,False,False,False
2025-05-28 19:00:00+00:00,4.745,4.78,4.72,4.77,2697.0,,,,,,,,,,,,,,,,,,,,,,,,,,,,,,,4.773636075748939,4.71166746010156,4.772996313672923,4.82423212350548,4.636539897510216,4.551191027905429,,,,,4.711710483074091,"rgba(38, 166, 154, 0.75)",0.16819457308252633,4.6454036954874365,0.7407867104691225,62.88950058936304,17.424092867290668,True,False,True,False,False,4.186293603540978,0.0,0.0,0.0,0.0,0,0.9695817490494297,0.9277566539923954,False,False,False,False,0.03850847906012894,0.04821571039094294,False,False,False,False,18074.0,5087.517906043507,False,False,False,False,982.7433307702767,False,False,False,False
2025-05-29 14:00:00+00:00,4.735,4.765,4.71,4.76,1107.0,,,,,,,,,,,,,,,,,,,,,,,,,,,,,,,4.76865960230246,4.714001222777391,4.772320622669895,4.823308102090839,4.6372847751280055,4.5520257776014,,,,,4.711266683761665,"rgba(38, 166, 154, 0.75)",0.16806999292711772,4.645206738659025,0.6830086640793426,59.687784138821655,14.435338593715542,True,False,True,False,False,3.662985474999555,0.0,0.0,0.0,0.0,1,0.9679695982627579,0.9299674267100976,False,False,False,False,0.032190819239489424,0.04020326481521618,False,False,False,False,16967.0,5271.695923004072,False,False,False,False,984.6697907583343,False,False,False,False
2025-05-29 15:00:00+00:00,4.76,4.765,4.735,4.74,247.0,,,,,,,,,,,,,,,,,,,,,,,,,,,,,,,4.767838647927056,4.714503674181094,4.772183212618006,4.82310918821605,4.637452132437201,4.552212651496898,,,,,4.711216584479384,"rgba(38, 166, 154, 0.75)",0.1676381237682509,4.645199819711278,0.5655048992303039,54.80221291207046,9.984718104702118,True,False,True,False,False,2.616185555997351,0.0,0.0,0.0,0.0,1,0.9760087241003272,0.9258451472191929,False,False,False,False,0.03850847906012894,0.039355871937672565,False,False,False,False,16720.0,5449.189009469125,False,False,False,False,973.2330498163446,False,False,False,False
2025-05-29 16:00:00+00:00,4.74,4.74,4.715,4.735,142.0,,,,,,,,,,,,,,,,,,,,,,,,,,,,,,,4.767043694826651,4.71463950617284,4.772053715554019,4.8229704686062815,4.637533467015724,4.55231072849329,,,,,4.7110919301114675,#000000,0.1672815235108378,4.645139560460041,0.5371809011180907,50.91856347763106,6.560501878153566,False,False,False,False,False,2.353589824986301,0.0,0.0,0.0,0.0,1,0.9795692987299833,0.9204859193815567,False,False,False,False,0.02713856442279648,0.033247218180234524,False,False,False,False,16578.0,5621.728714748673,False,False,False,False,960.3457157106648,False,False,False,False
2025-05-29 17:00:00+00:00,4.735,4.765,4.735,4.75,636.0,,,,,,,,,,,,,,,,,,,,,,,,,,,,,,,4.765577867928781,4.715975291043003,4.771754599220906,4.822486772211047,4.637974422518538,4.552797972438812,,,,,4.711094487560182,#000000,0.16319382716642225,4.645210240405183,0.642118402480713,50.66954535160926,6.404745281763191,False,False,False,False,False,3.098270157447029,0.0,0.0,0.0,0.0,1,0.9838888888888889,0.9188888888888886,False,False,False,False,0.03850847906012894,0.03587784862018173,False,False,False,False,17214.0,5801.45385095412,False,False,False,False,955.3170999632126,False,False,False,False
2025-05-29 18:00:00+00:00,4.75,4.775,4.74,4.76,1100.0,,,,,,,,,,,,,,,,,,,,,,,,,,,,,,,4.764639788110653,4.718573074635742,4.771446977273992,4.821759611322349,4.638785103859866,4.553670417477031,,,,,4.711479162113272,#000000,0.15851373317035491,4.645570583738006,0.7218896052307131,51.911463228045896,6.404745281763191,False,False,False,False,False,3.59619039027962,0.0,0.0,0.0,0.0,1,0.9871866295264624,0.9119777158774373,False,False,False,False,0.04230051800677991,0.039089183313480824,False,False,False,False,18314.0,5995.446814505219,False,False,False,False,957.560245700217,False,False,False,False
2025-05-29 19:00:00+00:00,4.76,4.77,4.72,4.75,1727.0,,,,,,,,,,,,,,,,,,,,,,,,,,,,,,,4.761603241374812,4.721040532980726,4.770586227934325,4.820446659377299,4.639913990547743,4.554948077785576,,,,,4.711423121666747,#000000,0.1529325058689297,4.645779001882962,0.6814836226273565,51.16085469067284,6.404745281763191,False,False,False,False,False,3.044700219784257,0.0,0.0,0.0,0.0,1,0.984983314794216,0.9098998887652947,False,False,False,False,0.035981074633118636,0.03753512897329973,False,False,False,False,16587.0,6159.656941412115,False,False,False,False,969.4895442164927,False,False,False,False
2025-05-30 14:00:00+00:00,4.71,4.765,4.71,4.745,654.0,,,,,,,,,,,,,,,,,,,,,,,,,,,,,,,4.760304186588206,4.721650834276715,4.7701891224796364,4.819917511499108,4.6403090335196175,4.555410840263841,,,,,4.711296921437854,#000000,0.14728855664618953,4.6458047269645775,0.6734757627756881,49.88766081030022,5.1864013469861945,False,False,False,False,False,2.7662986768745412,0.0,0.0,0.0,0.0,1,0.9827490261547022,0.9143016138007787,False,False,False,False,0.032190819239489424,0.03486297410639458,False,False,False,False,15933.0,6311.181639994872,False,False,False,False,964.5982334534463,False,False,False,False
2025-05-30 15:00:00+00:00,4.745,4.76,4.705,4.705,219.0,,,,,,,,,,,,,,,,,,,,,,,,,,,,,,,4.759574432927745,4.721668776782237,4.769986295593507,4.819705242840561,4.640418623013264,4.555551340240849,,,,,4.711150785233027,"rgba(239, 83, 80, 1.0)",0.13851259415207562,4.645754399721676,0.42772717268782673,44.37011807116183,-0.1252670571724721,False,True,False,True,False,0.5658181917303224,0.0,0.0,0.0,0.0,1,0.9792949076664801,0.9222160044767764,False,False,False,False,0.02966450258757427,0.03226373834698443,False,False,False,False,15714.0,6456.961769607355,False,False,False,False,953.0385709192843,False,False,False,False
2025-05-30 16:00:00+00:00,4.705,4.755,4.665,4.755,123.0,,,,,,,,,,,,,,,,,,,,,,,,,,,,,,4.7250000000000005,4.759195340821299,4.721688610290915,4.769877189523153,4.819588486853095,4.640481281167937,4.5556309309687775,,,,,4.71306597708931,"rgba(239, 83, 80, 0.5)",0.12224226425901169,4.652592126086094,0.83774523103499,47.22069213922035,-0.1252670571724721,False,False,False,True,True,3.1587085944807036,0.0,0.0,0.0,0.0,1,0.9689265536723165,0.9378531073446327,False,False,False,False,0.018300295174428462,0.025282016760706447,False,False,False,False,15837.0,6602.388718915768,False,False,False,False,940.1697558662721,False,False,False,False
2025-05-30 17:00:00+00:00,4.765,4.865,4.765,4.855,1601.0,,,,,,,,,,,,,,,,,,,,,,,,,,,,,,4.82096094354215,4.767830173960528,4.729358790056904,4.7716660932283315,4.8197265983368025,4.642275342953323,4.557288045100989,,,,,4.7298722838827185,"rgba(38, 166, 154, 1.0)",0.1173246055312437,4.659678240713328,1.6647979202849998,55.36644774525318,-1.0471699102711582,True,False,True,False,True,7.927006194215604,0.0,0.0,0.0,0.0,1,0.9870056497175141,0.9214689265536721,False,False,False,False,0.07142135357585727,0.04835168516828186,False,False,False,False,17438.0,6770.382692265911,False,False,False,False,950.4151860078803,False,False,False,False
2025-05-30 18:00:00+00:00,4.855,4.865,4.825,4.825,57.0,,,,,,,,,,,,,,,,,,,,,,,,,,,,,,4.821516938049784,4.768142280211246,4.7296371226718055,4.771738650322368,4.819737054856647,4.642341984010557,4.557348834708917,,,,,4.730066123547332,"rgba(38, 166, 154, 1.0)",0.11222263104613879,4.65979033996782,1.4721599243583612,57.96854178570463,1.0953423779353813,True,False,True,False,True,6.275634746814731,0.0,0.0,0.0,0.0,0,0.9994340690435768,0.9094510469722693,False,False,False,False,0.0866598495540648,0.06750576736117334,False,False,False,False,17381.0,6934.888386959463,False,False,False,False,936.5637877751999,False,False,False,False
2025-05-30 19:00:00+00:00,4.825,4.825,4.745,4.76,669.0,,,,,,,,,,,,,,,,,,,,,,,,,,,,,,4.80927006802721,4.76856330749354,4.731005902143335,4.771800805650869,4.8194548321694075,4.642875730811795,4.557904197925265,,,,,4.728696406317346,"rgba(38, 166, 154, 0.5)",0.10615800734057415,4.659529153941785,0.9464273922916281,54.986732460704964,1.0953423779353813,False,False,True,False,True,2.8482439133120927,0.0,0.0,0.0,0.0,0,0.9904225352112677,0.9126760563380281,False,False,False,False,0.05621590181565161,0.061860834588412475,False,False,False,False,16712.0,7086.471512743037,False,False,False,False,932.4155119957394,False,False,False,False
2025-06-02 14:00:00+00:00,4.885,4.915,4.845,4.865,321.0,,,,,,,,,,,,,,,,,,,,,,,,,,,,,,4.816884397930951,4.7710273330448585,4.732989087684674,4.772421590490291,4.819628922650315,4.643317455518402,4.5582890069246265,,,,,4.730651113463446,"rgba(38, 166, 154, 1.0)",0.10005282388601756,4.660533573629619,2.043584762818025,57.91458066960615,1.0953423779353813,True,False,True,False,True,7.5376171914257455,0.0,0.0,0.0,0.0,0,0.9904974846282839,0.904974846282839,False,False,False,False,0.10448948593021783,0.08317516025931515,False,False,False,False,17033.0,7240.681256731517,False,False,False,False,922.9362017322395,False,False,False,False
2025-06-02 15:00:00+00:00,4.865,4.905,4.835,4.885,679.0,,,,,,,,,,,,,,,,,,,,,,,,,,,,,,4.828322222222222,4.775881058783087,4.737009158120015,4.773710416589568,4.819993598261831,4.644246303305127,4.559099910505772,,,,,4.73403752396966,"rgba(38, 166, 154, 1.0)",0.09425272715723113,4.662372399810495,2.3620282076095274,60.57141815259607,3.069512288469838,True,False,True,False,True,8.379191403237257,0.0,0.0,0.0,0.0,0,0.9943820224719104,0.9039325842696628,False,False,False,False,0.09938903771315609,0.09128209898623563,False,False,False,False,17712.0,7403.0272837589355,False,False,False,False,919.1542451162358,False,False,False,False
2025-06-02 16:00:00+00:00,4.885,4.895,4.85,4.875,1085.0,,,,,,,,,,,,,,,,,,,,,,,,,,,,,,4.839091142962146,4.782645979953082,4.742908872136467,4.77567117746295,4.820549103172013,4.6457045746112176,4.560380309124393,,,,,4.738135879917467,"rgba(38, 166, 154, 1.0)",0.08780799077101195,4.664781692288698,2.3940680781492314,61.64446653852166,4.269390843119197,True,False,True,False,True,7.851868085259422,0.0,0.0,0.0,0.0,0,1.0143760782058657,0.8999424956871764,False,False,False,False,0.10066365638895182,0.09597287768759372,False,False,False,False,16627.0,7546.034612692905,False,False,False,False,921.7254971299376,False,False,False,False
2025-06-02 17:00:00+00:00,4.87,4.88,4.815,4.815,252.0,,,,,,,,,,,,,,,,,,,,,,,,,,,,,,4.83896351229023,4.783503127229988,4.743841896036542,4.775948735080086,4.82058799496971,4.645986487014252,4.560641532629729,,,,,4.73849618360722,"rgba(38, 166, 154, 1.0)",0.08800721714876088,4.665067539546474,1.7036382391240923,58.60310411780223,4.269390843119197,True,False,True,False,True,4.7633656879268,0.0,0.0,0.0,0.0,0,0.9948126801152738,0.8979827089337172,False,False,False,False,0.08793144109371819,0.09195215939065596,False,False,False,False,16375.0,7682.91779699224,False,False,False,False,911.3421560891634,False,False,False,False
2025-06-02 18:00:00+00:00,4.815,4.82,4.755,4.81,124.0,,,,,,,,,,,,,,,,,,,,,,,,,,,,,,4.837853458223036,4.783592194593694,4.744091182981623,4.77599129776769,4.820557649024146,4.646094654927485,4.5607505140849955,,,,,4.738418707371809,"rgba(38, 166, 154, 0.5)",0.08796457108270718,4.665086134834988,1.6474117179376535,56.29028417372113,4.269390843119197,False,False,True,False,False,4.511326937764533,0.0,0.0,0.0,0.0,0,0.9884858952216468,0.9009786989061599,False,False,False,False,0.0574819349388151,0.07471704716473553,False,False,False,False,16251.0,7815.756280759802,False,False,False,False,899.1353009559981,False,False,False,False
2025-06-02 19:00:00+00:00,4.81,4.84,4.81,4.835,1471.0,,,,,,,,,,,,,,,,,,,,,,,,,,,,,,4.835659145513423,4.787357956170967,4.748694801495902,4.7773427060296525,4.8206655254694475,4.647650550896231,4.562218534072293,,,,,4.739941317092559,"rgba(38, 166, 154, 0.5)",0.08840284533351822,4.666443144227723,1.9066903914275695,56.101081141741545,4.269390843119197,False,False,True,False,False,5.629686440650865,0.0,0.0,0.0,0.0,0,0.9976931949250288,0.8950403690888119,False,False,False,False,0.07649682663772578,0.07560693690123066,False,False,False,False,17722.0,7969.341454701511,False,False,False,False,908.0014203210214,False,False,False,False
2025-06-03 14:00:00+00:00,4.865,4.915,4.815,4.895,692.0,,,,,,,,,,,,,,,,,,,,,,,,,,,,,,4.8395075864668735,4.790695965655788,4.751860437039721,4.778514607105286,4.821017840912286,4.648560017034033,4.563023706249833,,,,,4.741882880066261,"rgba(38, 166, 154, 0.75)",0.0894855164686249,4.667681878809771,2.540278361917153,58.7023081154136,4.269390843119197,True,False,True,False,False,8.224259912564538,0.0,0.0,0.0,0.0,0,0.9988545246277205,0.8865979381443295,False,False,False,False,0.09684076151798872,0.08622384920960968,False,False,False,False,18414.0,8131.274145326293,False,False,False,False,904.6525610912381,False,False,False,False
2025-06-03 15:00:00+00:00,4.895,4.965,4.86,4.9,1808.0,,,,,,,,,,,,,,,,,,,,,,,,,,,,,,4.853517601140884,4.801342627354791,4.7614771001880944,4.7824610754279195,4.822472442081533,4.651246994097845,4.56533065312769,,,,,4.7482640704883945,"rgba(38, 166, 154, 1.0)",0.09081274665460702,4.671630701087225,2.5147273629036286,60.64135060908352,4.269390843119197,True,False,True,False,True,8.435961763662963,0.0,0.0,0.0,0.0,0,1.0080229226361035,0.8848137535816616,False,False,False,False,0.1211048214562558,0.10366433533293273,False,False,False,False,20222.0,8318.727259352243,False,False,False,False,918.6579477409863,False,False,False,False
2025-06-03 16:00:00+00:00,4.9,4.945,4.87,4.945,1721.0,,,,,,,,,,,,,,,,,,,,,,,,,,,,,,4.864308529032663,4.810754063354533,4.7702383934401675,4.7863291118555455,4.82399484504913,4.653867288706593,4.567571859918906,,,,,4.753866298765362,"rgba(38, 166, 154, 1.0)",0.09218332694020462,4.67521760003609,2.926585630163972,63.67334918086568,7.356355687834551,True,False,True,False,True,10.319168392298412,0.0,0.0,0.0,0.0,0,1.0266049739733953,0.8825910931174087,False,False,False,False,0.11854450793358039,0.11110442163325657,False,False,False,False,21943.0,8529.956294090967,False,False,False,False,931.0973594039167,False,False,False,False
2025-06-03 17:00:00+00:00,4.95,4.965,4.89,4.895,1558.0,,,,,,,,,,,,,,,,,,,,,,,,,,,,,,4.8710163637858725,4.817849515537209,4.777215646695416,4.789565067274342,4.825286190016218,4.656166565585091,4.5695575473248065,,,,,4.758093842316994,"rgba(38, 166, 154, 1.0)",0.09100598930888545,4.678061473188123,2.3837829626307423,62.08498248978529,7.356355687834551,True,False,True,False,True,7.667468528285642,0.0,0.0,0.0,0.0,1,1.030547550432277,0.8760806916426512,False,False,False,False,0.12879538863274403,0.1199499051330003,False,False,False,False,20385.0,8713.755421314363,False,False,False,False,940.816780188352,False,False,False,False
2025-06-03 18:00:00+00:00,4.895,4.96,4.89,4.955,2165.0,,,,,,,,,,,,,,,,,,,,,,,,,,,,,,4.880685815998882,4.827826731180258,4.787014370948311,4.794415288004356,4.827370283605181,4.6595158650458535,4.572423425218245,,,,,4.764178825714441,"rgba(38, 166, 154, 1.0)",0.09192231345930431,4.682173045349002,2.968016626036985,63.39984992758231,7.449493187955355,True,False,True,False,True,10.135988947551159,0.0,0.0,0.0,0.0,1,1.025876940770558,0.8821161587119032,False,False,False,False,0.12751259899363357,0.12373125206331693,False,False,False,False,22550.0,8928.270841138947,False,False,False,False,959.7963649916334,False,True,False,False
2025-06-03 19:00:00+00:00,4.955,4.97,4.93,4.95,2226.0,,,,,,,,,,,,,,,,,,,,,,,,,,,,,,4.890007551957466,4.837663519851461,4.796796672778258,4.799573329957506,4.829719475497494,4.663059655276351,4.575443538534514,,,,,4.770323391979007,"rgba(38, 166, 154, 1.0)",0.0926876961036787,4.6863945144596375,2.84401810187944,63.92454703507273,8.296204873475432,True,False,True,False,True,9.871403567008866,0.0,0.0,0.0,0.0,0,1.0327586206896553,0.8770114942528732,False,False,False,False,0.14036000552432645,0.1320456287938217,False,False,False,False,20324.0,9104.948812594155,False,False,False,False,979.4274291002902,False,False,False,False
2025-06-04 14:00:00+00:00,5.0,5.015,4.925,4.925,112.0,,,,,,,,,,,,,,,,,,,,,,,,,,,,,,4.890444371099376,4.838136940571826,4.797272983870968,4.799832158716945,4.829840112571754,4.663238743105645,4.575596229275024,,,,,4.77062307703022,"rgba(38, 166, 154, 1.0)",0.09343143171562407,4.704053333330319,2.364800181401192,62.48736019624728,8.296204873475432,True,False,True,False,True,8.546678434757599,0.0,0.0,0.0,0.0,0,1.0319634703196348,0.8721461187214611,False,False,False,False,0.1506709777204317,0.1413583032571267,False,False,False,False,20212.0,9277.151156584943,False,False,False,False,965.9789418274173,False,False,False,False
2025-06-04 15:00:00+00:00,4.925,4.94,4.845,4.855,837.0,,,,,,,,,,,,,,,,,,,,,,,,,,,,,,4.889944860293697,4.839362265118664,4.799093382758893,4.800817582815661,4.83019849535061,4.664227921532705,4.5765086393668675,,,,,4.771450449605301,"rgba(38, 166, 154, 0.5)",0.0933618843074642,4.701499487942992,1.6441453939756903,57.43006926091686,12.878999897550784,False,False,True,False,False,4.979891575324341,0.0,0.0,0.0,0.0,1,1.0296296296296297,0.8797720797720794,False,False,False,False,0.11087270396413097,0.12611550361062884,False,False,False,False,19375.0,9433.706952606883,False,False,False,False,963.9792683107131,False,False,False,False
2025-06-04 16:00:00+00:00,4.855,4.86,4.83,4.85,244.0,,,,,,,,,,,,,,,,,,,,,,,,,,,,,,4.889349769888231,4.839424063800277,4.799396611025488,4.800981288808895,4.830232724546817,4.664470301683925,4.576744493223947,,,,,4.771514178996797,"rgba(38, 166, 154, 0.5)",0.09282129493166792,4.701189363237913,1.603195008986207,53.80135895690199,9.464382795308495,False,True,True,False,False,4.7317923630494825,0.0,0.0,0.0,0.0,0,1.0292096219931273,0.8865979381443295,False,False,False,False,0.0866598495540648,0.10638767658234682,False,False,False,False,19131.0,9584.052581248636,False,False,False,False,952.816799034578,False,False,False,False
2025-06-04 17:00:00+00:00,4.85,4.86,4.84,4.85,1129.0,,,,,,,,,,,,,,,,,,,,,,,,,,,,,,4.8869959556356175,4.839822483232673,4.800846274211284,4.8017779681186985,4.830421022434843,4.6656038393754224,4.577843871977804,,,,,4.7719016307123345,#000000,0.09227514672273131,4.701061470308572,1.6140698224946624,51.38221875422542,7.197655308497772,False,True,False,False,False,4.7317923630494825,0.0,0.0,0.0,0.0,0,1.0317185697808535,0.8852364475201842,False,False,False,False,0.08920331632679167,0.09779549645456925,False,False,False,False,19131.0,9732.067269911448,False,False,False,False,955.5483215301659,False,False,False,False
2025-06-04 18:00:00+00:00,4.85,4.905,4.85,4.86,554.0,,,,,,,,,,,,,,,,,,,,,,,,,,,,,,4.886558832612724,4.8404004630388,4.801828020218196,4.80233092925831,4.830612919028623,4.666219778678218,4.578422798144911,,,,,4.772339105854256,#000000,0.09269381934165316,4.701553458402719,1.7093538999970987,50.475784626105934,6.246791269173485,False,True,False,False,False,5.182800980519641,0.0,0.0,0.0,0.0,0,1.0426401869158881,0.8790887850467288,False,False,False,False,0.10321387622267963,0.10050468633862444,False,False,False,False,19685.0,9886.376304486465,False,False,False,False,949.3227661576052,False,False,False,False
2025-06-04 19:00:00+00:00,4.86,4.94,4.86,4.9,2439.0,,,,,,,,,,,,,,,,,,,,,,,,,,,,,,4.888058032651941,4.844810488845741,4.807474824894466,4.8056185106980065,4.832005639953695,4.669256257322396,4.581188300171718,,,,,4.775487436362567,"rgba(38, 166, 154, 0.5)",0.09387671616453536,4.704904457584006,2.0782101290596393,52.46189747298576,6.246791269173485,False,True,True,False,False,6.965144240447923,0.0,0.0,0.0,0.0,0,1.0412790697674421,0.8633720930232556,False,False,False,False,0.11470692549053106,0.10760580591457775,False,False,False,False,22124.0,10076.106904416907,False,False,False,False,972.4185372249292,False,False,False,False
2025-06-05 14:00:00+00:00,4.87,4.88,4.78,4.8,938.0,,,,,,,,,,,,,,,,,,,,,,,,,,,,,,4.885258715194036,4.844123992133726,4.80774589880252,4.80580230345473,4.831913675018238,4.670005510868065,4.581975529697876,,,,,4.775260803595599,"rgba(239, 83, 80, 1.0)",0.09377820296502938,4.7046188957960995,1.0170924712586857,48.16866260463207,4.04108987008302,False,True,False,True,False,1.9535974790250599,0.0,0.0,0.0,0.0,0,1.0259515570934257,0.8737024221453285,False,False,False,False,0.07903602273456495,0.09332091432457135,False,False,False,False,21186.0,10248.35330899959,False,False,False,False,971.8849164927598,False,False,False,False
2025-06-05 15:00:00+00:00,4.8,4.82,4.78,4.8,3282.0,,,,,,,,,,,,,,,,,,,,,,,,,,,,,,4.874532334112777,4.840229232782887,4.807200630590053,4.805553954363865,4.831080641141881,4.672227604166664,4.584461559039856,,,,,4.773612279456855,"rgba(239, 83, 80, 1.0)",0.09382593621331578,4.703451885357155,1.029013069726692,45.306506025729604,1.3339860962698467,False,True,False,True,False,1.9535974790250599,0.0,0.0,0.0,0.0,0,1.0224783861671471,0.8824207492795385,False,False,False,False,0.06381494402887458,0.07856792917672296,False,False,False,False,21186.0,10417.92922668952,False,False,False,False,1007.7006542215541,False,False,False,False
2025-06-05 16:00:00+00:00,4.795,4.81,4.76,4.77,1642.0,,,,,,,,,,,,,,,,,,,,,,,,,,,,,,4.8689345089978,4.837681932138196,4.806275251217238,4.805018215633952,4.8304221622074275,4.673141467243674,4.58557072680354,,,,,4.772434894891689,"rgba(239, 83, 80, 1.0)",0.09332699463674388,4.702761030654371,0.7204664588990806,42.05480291008584,-1.7344121153740062,False,True,False,True,False,0.5114017170862049,0.0,0.0,0.0,0.0,0,1.0301274623406722,0.8800695249130936,False,False,False,False,0.05621590181565161,0.06739191549618728,False,False,False,False,19544.0,10559.418696043173,False,False,False,False,1017.5347526057161,False,False,False,False
2025-06-05 17:00:00+00:00,4.77,4.79,4.77,4.775,1039.0,,,,,,,,,,,,,,,,,,,,,,,,,,,,,,4.865662309974045,4.8361350542273955,4.80568642165612,4.804668850806453,4.830000713831458,4.673702869480498,4.586260131537886,,,,,4.771730907359122,"rgba(239, 83, 80, 1.0)",0.0932301714299816,4.702398804640955,0.7787306860587567,40.28950497950821,-3.4542965133155334,False,True,False,True,False,0.7480622040267271,0.0,0.0,0.0,0.0,0,1.0261475886112725,0.8814642649622308,False,False,False,False,0.053684371460279455,0.06053814347823337,False,False,False,False,20583.0,10714.823057344829,False,False,False,False,1017.8675471389607,False,False,False,False
2025-06-05 18:00:00+00:00,4.775,4.78,4.73,4.74,805.0,,,,,,,,,,,,,,,,,,,,,,,,,,,,,,4.8625138921764215,4.834430059670175,4.804791820497981,4.804119877752138,4.8295023345199395,4.674017056634915,4.586712596015111,,,,,4.770869662466668,"rgba(239, 83, 80, 1.0)",0.09307920680118426,4.701868000146991,0.40967259137111633,37.53720732260252,-6.1525476839305995,False,True,False,True,False,0.0,0.0,0.0,0.0,0.0,0,1.023809523809524,0.8803716608594655,False,False,False,False,0.04103637530769449,0.05078725939296393,False,False,False,False,19778.0,10855.337428548784,False,False,False,False,1014.5672750902946,False,False,False,False
2025-06-05 19:00:00+00:00,4.74,4.775,4.71,4.72,1925.0,,,,,,,,,,,,,,,,,,,,,,,,,,,,,,4.854720881749105,4.829936296261514,4.802209869188095,4.802499025459863,4.82811519056515,4.674611715321501,4.587686035197326,,,,,4.768539859106078,"rgba(239, 83, 80, 1.0)",0.09282226550225893,4.700431582628502,0.210815985427781,34.887162050623054,-8.755408477224798,False,True,False,True,False,0.0,0.0,0.0,0.0,0.0,0,1.0220162224797218,0.8806488991888757,False,False,False,False,0.03471754671857795,0.04275240305577094,False,False,False,False,17853.0,10963.828321129422,False,False,False,False,1028.6825111354062,False,False,False,False
2025-06-06 14:00:00+00:00,4.795,4.83,4.75,4.82,887.0,,,,,,,,,,,,,,,,,,,,,,,,,,,,,,4.853222119293911,4.829325590309721,4.802172829941486,4.802472311604422,4.827926310793343,4.675172585368147,4.588326306937889,,,,,4.768374007749846,"rgba(239, 83, 80, 0.75)",0.09294055060061149,4.7005267319367245,1.2854805280493968,40.17177006921537,-8.755408477224798,False,True,False,True,True,2.824859443222987,0.0,0.0,0.0,0.0,0,1.027681660899654,0.8696655132641287,False,False,False,False,0.04277908311920799,0.04276574308748947,False,False,False,False,18740.0,11084.38912235222,False,False,False,False,1026.4858830557876,False,False,False,False
2025-06-06 15:00:00+00:00,4.82,4.865,4.82,4.85,461.0,,,,,,,,,,,,,,,,,,,,,,,,,,,,,,4.853106720250056,4.829490035881447,4.802542679804679,4.802707279656753,4.827985717484445,4.675566481685523,4.588727972209967,,,,,4.768589555281838,"rgba(239, 83, 80, 0.75)",0.09352496414817706,4.700819349979957,1.5950890906911972,45.206431636147926,-11.887145516742144,False,True,False,True,True,4.151835236640949,0.0,0.0,0.0,0.0,0,1.0302325581395348,0.8755813953488368,False,False,False,False,0.019225635474418395,0.030995689280953934,False,False,False,False,19201.0,11210.228050687845,False,False,False,False,1017.7186600626745,False,False,False,False
2025-06-06 16:00:00+00:00,4.85,4.875,4.81,4.81,1023.0,,,,,,,,,,,,,,,,,,,,,,,,,,,,,,4.852459131752735,4.829539557571984,4.80309031032687,4.803058038621376,4.828013920928329,4.6763658053945445,4.589568687213804,,,,,4.768870778829949,"rgba(239, 83, 80, 0.75)",0.09365708007752292,4.7013030419809025,1.1605845273963822,46.327254208139195,-10.87100515033437,False,True,False,True,True,2.220226789505187,0.0,0.0,0.0,0.0,0,1.0183540556542334,0.8869153345174657,False,False,False,False,0.009097961379385861,0.020046825330169896,False,False,False,False,18178.0,11318.255522770205,False,False,False,False,1017.8005413020129,False,False,False,False
2025-06-06 17:00:00+00:00,4.81,4.815,4.765,4.795,977.0,,,,,,,,,,,,,,,,,,,,,,,,,,,,,,4.850754653810099,4.8287341372630115,4.802888784562976,4.802927776087143,4.827749882893534,4.676926920669391,4.590234420131048,,,,,4.768602367916744,"rgba(239, 83, 80, 0.75)",0.0928319221268453,4.701330774140947,1.0090195669013853,46.28610909280083,-10.695331014441066,False,True,False,True,True,1.5058001165535941,0.0,0.0,0.0,0.0,0,1.009540846750149,0.8974358974358972,False,False,False,False,-0.03573688554455729,-0.007845030107193698,False,False,False,False,17201.0,11409.460863502449,False,False,False,False,1017.1679747701987,False,False,False,False
2025-06-06 18:00:00+00:00,4.795,4.8,4.76,4.77,263.0,,,,,,,,,,,,,,,,,,,,,,,,,,,,,,4.850199663903843,4.82843776152137,4.802764848593765,4.802847185758237,4.827650185025775,4.677057411626586,4.590399591717115,,,,,4.768479521163813,"rgba(239, 83, 80, 0.75)",0.09197419340364538,4.701297905620519,0.7469714257560129,44.970133157837175,-10.695331014441066,False,True,False,True,True,0.3206769808471748,0.0,0.0,0.0,0.0,0,1.0011933174224346,0.8991646778042957,False,False,False,False,-0.042551465860575066,-0.025198247983884384,False,False,False,False,16938.0,11495.174648564425,False,False,False,False,1005.4754480295754,False,False,False,False
2025-06-06 19:00:00+00:00,4.77,4.82,4.735,4.74,5088.0,,,,,,,,,,,,,,,,,,,,,,,,,,,,,,4.83941537925716,4.822144941381373,4.799601040620421,4.800726152580893,4.825370758368849,4.679228348939884,4.593341778691866,,,,,4.7656897714057775,"rgba(239, 83, 80, 1.0)",0.0912854645386381,4.700342991006086,0.4344285171176252,42.66058426045277,-10.695331014441066,False,True,False,True,False,0.0,0.0,0.0,0.0,0.0,0,0.9970361588618851,0.8968583283935978,False,False,False,False,-0.04425570355879814,-0.03472697577134126,False,False,False,False,11850.0,11500.675816803736,False,False,False,False,1068.7704023236904,False,False,False,False
2025-06-09 14:00:00+00:00,4.705,4.74,4.705,4.725,1128.0,,,,,,,,,,,,,,,,,,,,,,,,,,,,,,4.8362468239564445,4.820018663360042,4.798210342542151,4.799776392470019,4.82455429683436,4.679468413128864,4.593825597471206,,,,,4.764585789966156,"rgba(239, 83, 80, 1.0)",0.08970858727362481,4.699754174353981,0.2814203903246795,40.436105105656964,-10.695331014441066,False,True,False,True,False,0.0,0.0,0.0,0.0,0.0,0,0.9934949733885275,0.9047900650502658,False,False,False,False,-0.09852130942797133,-0.0666241425996563,False,False,False,False,10722.0,11488.603323519956,False,False,False,False,1069.6886906597572,False,False,False,False
2025-06-09 15:00:00+00:00,4.725,4.75,4.7,4.72,2587.0,,,,,,,,,,,,,,,,,,,,,,,,,,,,,,4.829594719742516,4.815471515746482,4.79520471284343,4.797683801743841,4.822730247958447,4.680009237856942,4.594921720278137,,,,,4.762230850881399,"rgba(239, 83, 80, 1.0)",0.08822917537519166,4.698542002952578,0.2432074986099771,38.715015830060906,-5.180926484540869,False,True,False,True,False,0.0,0.0,0.0,0.0,0.0,0,0.9922848664688428,0.9115727002967356,False,False,False,False,-0.10617806475688736,-0.08640110367827183,False,False,False,False,8135.0,11436.609473542901,False,False,False,False,1093.2128970061174,False,False,False,False
2025-06-09 16:00:00+00:00,4.715,4.74,4.69,4.725,3635.0,,,,,,,,,,,,,,,,,,,,,,,,,,,,,4.718333333333333,4.821088712221592,4.809450280231462,4.791100494984064,4.79474471582823,4.820152134824337,4.6806618570223915,4.5963721382128835,,,,,4.753987958332287,"rgba(239, 83, 80, 1.0)",0.08603283471237941,4.702030482949891,0.2669854727779088,38.03888852840251,-6.157349714242933,False,True,False,True,False,0.0,0.0,0.0,0.0,0.0,0,0.9874776386404297,0.9171138938580796,False,False,True,False,-0.11349858440205925,-0.09994984404016555,False,False,False,False,11770.0,11441.778318914328,False,False,False,False,1132.6204489905185,False,False,False,False
2025-06-09 17:00:00+00:00,4.725,4.75,4.715,4.725,704.0,,,,,,,,,,,,,,,,,,,,,,,,,,,,,4.720226242605824,4.819759694099606,4.8085077904716975,4.790475162458022,4.794283577660195,4.819723007297823,4.68082404138884,4.596675607671094,,,,,4.753809390456638,"rgba(239, 83, 80, 1.0)",0.08228236376883169,4.701910940959191,0.28060762942683526,37.58813699396358,-6.987365959480094,False,True,False,True,False,0.0,0.0,0.0,0.0,0.0,0,0.9898446833930709,0.9115890083632018,False,False,False,False,-0.1042992390098786,-0.10212454152502207,False,False,False,False,11770.0,11446.867027148213,False,False,False,False,1125.9751707115956,False,False,False,False
2025-06-09 18:00:00+00:00,4.73,4.735,4.705,4.73,693.0,,,,,,,,,,,,,,,,,,,,,,,,,,,,,4.720654146793853,4.818394389506376,4.8075246645236165,4.7898054835924,4.793789600412581,4.8192734642968516,4.680961150905019,4.596958121974459,,,,,4.753420127750644,"rgba(239, 83, 80, 1.0)",0.07948182408802235,4.701691244426309,0.35616640531980004,37.855359321910896,-7.153130695511173,False,True,False,True,False,0.0,0.0,0.0,0.0,0.0,0,0.9886022795440911,0.9148170365926811,False,False,False,False,-0.13707303865482973,-0.1195987900899259,False,False,False,False,12463.0,11462.621026727309,False,False,False,False,1119.2623773672299,False,False,False,False
2025-06-09 19:00:00+00:00,4.73,4.73,4.69,4.705,2659.0,,,,,,,,,,,,,,,,,,,,,,,,,,,,4.708333333333334,4.716394487062802,4.812723162090061,4.803317995257691,4.78680246930694,4.791566123587259,4.817323118457301,4.68129575908592,4.597903229752747,,,,,4.74618440865934,"rgba(239, 83, 80, 1.0)",0.07695189792716987,4.70657474655854,-0.020464037937445827,36.35166552440422,-8.983227233516473,False,True,False,True,False,0.0,0.0,0.0,0.0,0.0,0,0.9790419161676648,0.9185628742514967,False,False,False,False,-0.1701554965963107,-0.1448771433431183,False,False,False,False,9804.0,11436.905972049366,True,False,False,False,1143.1342784933192,True,False,False,False
2025-06-10 14:00:00+00:00,4.755,4.79,4.74,4.77,10006.0,,,,,,,,,,,,,,,,,,,,,,,,,,,,4.754419660481643,4.744818707502214,4.8052430651365885,4.7982737996992375,4.7843497473978935,4.789345608922083,4.81417986514197,4.68505021492427,4.6031255315398365,,,,,4.753200688971749,"rgba(239, 83, 80, 0.75)",0.07491153942309374,4.710739809626995,0.7910689171438362,41.518871689627446,-13.267454125371898,False,True,False,True,True,0.5904573429849833,0.0,0.0,0.0,0.0,0,0.9790544584081388,0.9180131657690002,False,False,False,False,-0.1485756730299336,-0.14672640818652594,False,False,False,False,19810.0,11566.721383335422,False,False,False,False,1280.5430493693918,False,False,False,False
2025-06-10 15:00:00+00:00,4.78,4.895,4.77,4.87,8712.0,,,,,,,,,,,,,,,,,,,,,,,,,,,,4.791334845862376,4.777867267471948,4.81016851296199,4.803273783203958,4.790165314725337,4.793355608302389,4.815759603768554,4.690948953156614,4.609471308328191,,,,,4.764705021975706,"rgba(38, 166, 154, 0.5)",0.07390625910661516,4.719068306611509,2.0422044792006244,50.173129141560075,-5.364749272701381,False,False,True,False,True,5.283652376152489,0.0,0.0,0.0,0.0,0,0.9757109004739336,0.908767772511848,False,False,False,False,-0.09180547094873812,-0.11926593956763203,False,False,False,False,28522.0,11829.593920027895,False,False,False,False,1395.759436200874,False,False,False,False
2025-06-10 16:00:00+00:00,4.87,4.88,4.805,4.805,275.0,,,,,,,,,,,,,,,,,,,,,,,,,,,,4.791825928320709,4.778404537050917,4.810245764632558,4.8033637528409905,4.790285519905193,4.793438761813602,4.815782606822798,4.691110634267615,4.609653788289103,,,,,4.764901254882609,"rgba(38, 166, 154, 1.0)",0.0724772098382999,4.719236513518547,1.1833166132194506,51.62764236713832,-4.3151658966382485,True,False,True,False,True,2.059942649849795,0.0,0.0,0.0,0.0,0,0.9766046790641871,0.9232153569286141,False,False,False,False,-0.08322390137972961,-0.10124492047368082,False,False,False,False,28247.0,12084.127347624362,False,False,False,False,1378.383320910938,False,False,False,False
2025-06-10 17:00:00+00:00,4.805,4.815,4.755,4.77,503.0,,,,,,,,,,,,,,,,,,,,,,,,,,,,4.7915574362446405,4.778434055492208,4.810031786663668,4.80322077442798,4.790229060948327,4.793383213768205,4.815677194975774,4.69129928020522,4.609911219403744,,,,,4.764860446903308,#000000,0.07040884465324242,4.719281846350814,0.7203378197578477,50.70477213148749,-4.3151658966382485,False,False,False,False,True,0.3964971022929653,0.0,0.0,0.0,0.0,0,0.9681681681681683,0.9297297297297296,False,False,False,False,-0.13277479805282202,-0.11700985926325141,False,False,False,False,27744.0,12326.916070917008,False,False,False,False,1364.8114864782103,False,False,False,False
2025-06-10 18:00:00+00:00,4.765,4.875,4.73,4.845,2162.0,,,,,,,,,,,,,,,,,,,,,,,,,,,,4.793789872654247,4.7812504684997785,4.810227588121013,4.8035653855880645,4.790838441883358,4.793789653863855,4.815689567091557,4.692432531685438,4.611245543598853,,,,,4.765869894776241,"rgba(38, 166, 154, 1.0)",0.06868540372367124,4.720261819487391,1.8160798910703677,53.50951638453744,-2.6580216487189787,True,False,True,False,True,3.7591063975544365,0.0,0.0,0.0,0.0,0,0.9596917605216363,0.925311203319502,False,False,False,False,-0.11763644553416679,-0.11732315239870911,False,False,False,False,29906.0,12599.460007802014,False,False,False,False,1377.1709983157575,False,False,False,False
2025-06-10 19:00:00+00:00,4.845,4.86,4.795,4.83,4630.0,,,,,,,,,,,,,,,,,,,,,,,,,,,,4.799315012494098,4.787666009397961,4.811303830566649,4.804854078169601,4.792602199261044,4.795034466297746,4.8160193029098,4.695013378232787,4.614204945505225,,,,,4.768445913648323,"rgba(38, 166, 154, 1.0)",0.0674721831238217,4.722675405515934,1.5906495019897136,54.52822496603382,-1.5655223866187171,True,False,True,False,True,3.041237304362035,0.0,0.0,0.0,0.0,0,0.9657210401891252,0.9296690307328601,False,False,False,False,-0.09610123899635775,-0.10671219569753343,False,False,False,False,25276.0,12795.995511557021,False,False,False,False,1427.602455706211,False,False,False,False
2025-06-11 14:00:00+00:00,4.89,4.945,4.885,4.94,5861.0,,,,,,,,,,,,,,,,,,,,,,,,,,,,4.82019732053934,4.807624497991968,4.819143702040948,4.81217541584517,4.799949307047152,4.8006317364378015,4.819448806518393,4.700373293546685,4.619449004715928,,,,,4.777665898298154,"rgba(38, 166, 154, 1.0)",0.0685631161842863,4.729948332915027,3.063624858012418,59.010917794871034,2.7598770890273627,True,False,True,False,True,7.635847545884477,0.0,0.0,0.0,0.0,0,0.9758965314520872,0.9171075837742501,False,False,False,False,-0.02129358011780578,-0.0640028879076696,False,False,False,False,31137.0,13080.35217029257,False,False,False,False,1496.3373013541768,False,False,False,False
2025-06-11 15:00:00+00:00,4.935,4.97,4.92,4.96,1812.0,,,,,,,,,,,,,,,,,,,,,,,,,,,,4.82662010740943,4.813818304043023,4.821914862948595,4.814759118826667,4.80251190700597,4.802619568729986,4.820726045789217,4.702171961385466,4.621173578879075,,,,,4.780701717224159,"rgba(38, 166, 154, 1.0)",0.0702689812771523,4.7323715987351385,3.239386670016718,62.54373884070189,6.088789912466559,True,False,True,False,True,8.424508976349184,0.0,0.0,0.0,0.0,0,0.9794238683127575,0.9124044679600233,False,False,False,False,0.0042580471200432,-0.0298724203938132,False,False,False,False,32949.0,13388.393221915941,False,False,False,False,1501.2312966820189,False,False,False,False
2025-06-11 16:00:00+00:00,4.96,4.975,4.94,4.97,313.0,,,,,,,,,,,,,,,,,,,,,,,,,,,,4.827764600763545,4.814921045315541,4.822424223016642,4.815233297584184,4.802980040032703,4.802984352978821,4.820963828579233,4.702494539100043,4.621480160864852,,,,,4.781249565359507,"rgba(38, 166, 154, 1.0)",0.07257136903492077,4.732808695120799,3.2683868036865413,65.18143674249623,8.590414718880211,True,False,True,False,True,8.819815203984884,0.0,0.0,0.0,0.0,0,0.9789993823347746,0.9425571340333534,False,False,False,False,0.014904284805972967,-0.007484067793920117,False,False,False,False,33262.0,13696.51115645988,False,False,False,False,1482.809106035786,False,False,False,False
2025-06-11 17:00:00+00:00,4.97,5.04,4.965,5.015,1082.0,,,,,,,,,,,,,,,,,,,,,,,,,,,,4.8328565916962605,4.819740632332102,4.824716686407773,4.81734571426629,4.805030264973565,4.804586553351121,4.822040591763753,4.7037960443755455,4.622675366524905,,,,,4.783643160632368,"rgba(38, 166, 154, 1.0)",0.0761858207232707,4.73467666479217,3.679468601198724,68.15812307531034,11.445986518313909,True,False,True,False,True,10.576327500514694,0.0,0.0,0.0,0.0,0,0.9549382716049384,0.9395061728395059,False,False,False,False,0.05327610513519701,0.022896018670638448,False,False,False,False,34344.0,14016.627262561276,False,False,False,False,1476.5950113685647,False,False,False,False
2025-06-11 18:00:00+00:00,5.015,5.12,5.0,5.06,3028.0,,,,,,,,,,,,,,,,,,,,,,,,,,,,4.849614388162009,4.835530222463375,4.832633806364625,4.824614636301882,4.812015673962283,4.810088028795198,4.825840232588391,4.708010915722286,4.6264402294177485,,,,,4.791643125975311,"rgba(38, 166, 154, 1.0)",0.08118730429308173,4.740878854385398,3.9306779353406216,71.1968226772807,14.37178832100362,True,False,True,False,True,12.275107232288708,0.0,0.0,0.0,0.0,0,0.9559633027522937,0.9308868501529047,False,False,False,False,0.102551491489311,0.06272375507997473,False,False,False,False,37372.0,14378.726064692108,False,False,False,False,1500.6478018899822,False,False,False,False
2025-06-11 19:00:00+00:00,5.06,5.07,5.025,5.03,5713.0,,,,,,,,,,,,,,,,,,,,,,,,,,,,4.873080781076225,4.858270191292706,4.845112434691747,4.8362258376640614,4.823303021439141,4.8191316453850295,4.832152161708824,4.71529715648687,4.633076761674558,,,,,4.803961110157685,"rgba(38, 166, 154, 1.0)",0.08455277151678853,4.7507880714269515,3.302220891926758,71.06062263365442,14.422715055726187,True,False,True,False,True,10.73715333298664,0.0,0.0,0.0,0.0,0,0.9601959583588489,0.9369259032455598,False,False,False,False,0.09180538506767982,0.07726457007382728,False,False,False,False,31659.0,14646.63728849533,False,False,False,False,1565.9555879071918,False,False,False,False
2025-06-12 14:00:00+00:00,5.085,5.265,5.085,5.215,1239.0,,,,,,,,,,,,,,,,,,,,,,,,,,,,4.881219085321387,4.865982266895481,4.8494992211597,4.840264021820292,4.8271529687167485,4.822232287903334,4.834397023864026,4.71752689726538,4.634994786482774,,,,,4.80814095104768,"rgba(38, 166, 154, 1.0)",0.09591719401706446,4.754055649412495,4.8056488235623265,74.55320966151736,17.951320822063224,True,False,True,False,True,17.151726008517045,0.0,0.0,0.0,0.0,0,0.9583835946924005,0.920989143546441,False,False,False,False,0.20286689501254895,0.1400657325431881,False,False,False,False,32898.0,14929.604152239588,False,False,False,False,1560.8865090249096,False,False,False,False
2025-06-12 15:00:00+00:00,5.215,5.25,5.195,5.235,208.0,,,,,,,,,,,,,,,,,,,,,,,,,,,,4.882709720695115,4.867391534391534,4.85030676877996,4.841006540899097,4.827859093213689,4.822801686307159,4.834811630435888,4.71792947109658,4.635337697703948,,,,,4.808906015946997,"rgba(38, 166, 154, 1.0)",0.10668037637120421,4.754651613195167,4.502687402727351,77.14523455606155,20.571270773354584,True,False,True,False,True,17.781775031960507,0.0,0.0,0.0,0.0,0,0.9630541871921182,0.9433497536945807,False,False,False,False,0.3428281438695019,0.241446938206345,False,False,False,False,33106.0,15211.408739026572,False,False,False,False,1539.9115243888643,False,False,False,False
2025-06-12 16:00:00+00:00,5.235,5.24,5.18,5.195,997.0,,,,,,,,,,,,,,,,,,,,,,,,,,,,4.889240684281843,4.873598121650194,4.853909935061408,4.844328628054084,4.831027356476801,4.8253636196572005,4.8366776294169105,4.719768503265077,4.636915836778852,,,,,4.812314479404709,"rgba(38, 166, 154, 1.0)",0.11425071214318237,4.757326433197761,3.8308169690332754,76.46055574548427,20.571270773354584,True,False,True,False,True,15.764323852645784,0.0,0.0,0.0,0.0,0,0.9949238578680204,0.9302030456852787,False,False,False,False,0.3290717655480192,0.2852593518771821,False,False,False,False,32109.0,15473.386898111432,False,False,False,False,1531.4942914526027,False,False,False,False
2025-06-12 17:00:00+00:00,5.2,5.22,5.195,5.205,734.0,,,,,,,,,,,,,,,,,,,,,,,,,,,,4.8939066567869585,4.878045822265886,4.856528550334758,4.846747004567789,4.833336292227043,4.827236078588792,4.838045577802965,4.721118183775127,4.638075491789189,,,,,4.814782184237611,"rgba(38, 166, 154, 1.0)",0.12115093705600738,4.759271285259817,3.6791190028858427,76.20445146561079,20.571270773354584,True,False,True,False,True,16.091088667616088,0.0,0.0,0.0,0.0,0,0.9955128205128209,0.9275641025641022,False,False,False,False,0.3263350079095161,0.3057971798933491,False,False,False,False,32843.0,15742.683225272494,False,False,False,False,1519.1300388719421,False,False,False,False
2025-06-12 18:00:00+00:00,5.205,5.215,5.16,5.195,325.0,,,,,,,,,,,,,,,,,,,,,,,,,,,,4.895821345430669,4.87987948611287,4.857621039686301,4.8477584211258,4.834304361987322,4.8280231427395215,4.838620811331825,4.721692975904886,4.638572449694832,,,,,4.815810448223782,"rgba(38, 166, 154, 1.0)",0.12745527390753975,4.76008704267381,3.41227902143689,75.36690169617961,20.571270773354584,True,False,True,False,True,15.581213342907251,0.0,0.0,0.0,0.0,0,0.9910025706940876,0.9241645244215932,False,False,False,False,0.3046062622420551,0.3052017210677021,False,False,False,False,32518.0,16002.765655888423,False,False,False,False,1500.6163948584235,False,False,False,False
2025-06-12 19:00:00+00:00,5.195,5.25,5.185,5.25,4033.0,,,,,,,,,,,,,,,,,,,,,,,,,,,,4.92052150101918,4.903568286022521,4.872103223035894,4.861183114524204,4.847143443859139,4.838518312660894,4.8463676930381885,4.729284609392319,4.645089260598756,,,,,4.8293088271279,"rgba(38, 166, 154, 1.0)",0.13513756754567294,4.770822223168939,3.545851723793321,76.04102375295054,20.839959254687983,True,False,True,False,True,17.390950187477255,0.0,0.0,0.0,0.0,0,0.9954954954954955,0.9182754182754177,False,False,False,False,0.33731085695295243,0.32125628901032727,False,False,False,False,36551.0,16321.342932541314,False,False,False,False,1539.878156178448,False,False,False,False
2025-06-13 14:00:00+00:00,5.545,5.845,5.545,5.81,2651.0,,,,,,,,,,,,,,,,,,,,,,,,,,,,4.958362221870993,4.939061745327417,4.8936650863656554,4.880947439207172,4.865726212793557,4.8536778843593495,4.857807872825584,4.739077593818984,4.652936626671855,,,,,4.849029187026729,"rgba(38, 166, 154, 1.0)",0.173964452203977,4.785969874419701,5.886433191417761,81.13950052071223,25.89660040794243,True,False,True,False,True,20.0,0.0,0.0,0.0,0.0,0,1.003003003003003,0.8840840840840836,False,False,False,False,0.34282818958760086,0.33204223929896404,False,False,False,False,39202.0,16676.08180180424,False,False,False,False,1557.1048514314953,False,False,False,False
2025-06-13 15:00:00+00:00,5.835,5.925,5.77,5.79,1455.0,,,,,,,,,,,,,,,,,,,,,,,,,,,,4.980037758142401,4.959460455094855,4.906334333252596,4.892586086555159,4.876678787594425,4.862657101489652,4.864630044752781,4.744877550273554,4.657570241082027,,,,,4.860536928693049,"rgba(38, 166, 154, 1.0)",0.2034774928341935,4.794848772997142,4.890718934765778,83.80218106565273,28.47595410961503,True,False,True,False,True,20.0,0.0,0.0,0.0,0.0,0,1.0272835112692764,0.8795966785290624,False,False,False,False,0.3428281972217611,0.3374352182603626,False,False,False,False,37747.0,17002.76270410185,False,False,False,False,1555.521830479069,False,False,False,False
2025-06-13 16:00:00+00:00,5.79,5.805,5.695,5.805,654.0,,,,,,,,,,,,,,,,,,,,,,,,,,,,4.988768119623382,4.967715290348084,4.911554409422573,4.897395339138418,4.881215728378924,4.866392013687458,4.86747638173853,4.747321208868638,4.659534970519827,,,,,4.865263717969537,"rgba(38, 166, 154, 1.0)",0.22932356463585787,4.798522416674137,4.388897342163877,85.64977534104175,30.29850885601519,True,False,True,False,True,20.0,0.0,0.0,0.0,0.0,0,1.030487804878049,0.8859756097560971,False,False,False,False,0.2880172093579642,0.31272621380916343,False,False,False,False,38401.0,17334.518321092517,False,False,False,False,1541.5447478359827,False,False,False,False
2025-06-13 17:00:00+00:00,5.795,5.91,5.795,5.905,1250.0,,,,,,,,,,,,,,,,,,,,,,,,,,,,5.007035172962753,4.984978214508015,4.922521007634149,4.907497929494797,4.890739239648025,4.874240647822586,4.873475407664849,4.752421345476615,4.663613466670263,,,,,4.8751691590980055,"rgba(38, 166, 154, 1.0)",0.25706079485649197,4.806212865356678,4.274425181236744,87.34471649839455,32.021981258480906,True,False,True,False,True,20.0,0.0,0.0,0.0,0.0,0,1.0394656952034003,0.8761384335154822,False,False,False,False,0.3428281974417366,0.32777720562545,False,False,False,False,39651.0,17680.510285106586,False,False,False,False,1537.0246742261224,False,False,False,False
2025-06-13 18:00:00+00:00,5.905,5.975,5.845,5.975,1770.0,,,,,,,,,,,,,,,,,,,,,,,,,,,,5.033401292047943,5.0099489846606255,4.9386104705628044,4.922343264188594,4.904744663707127,4.885822030262528,4.8823663782122795,4.759958527275944,4.669634644275139,,,,,4.889647806132555,"rgba(38, 166, 154, 1.0)",0.2846073634875783,4.817490556670098,4.067039689858275,88.76233731363214,33.52900939866356,True,False,True,False,True,20.0,0.0,0.0,0.0,0.0,0,1.0452352231604345,0.8685162846803373,False,False,False,False,0.3428281998549853,0.3353027027402177,False,False,False,False,41421.0,18048.57989308943,False,False,False,False,1540.636694780756,False,False,False,False
2025-06-13 19:00:00+00:00,5.975,6.13,5.975,6.115,9309.0,,,,,,,,,,,,,,,,,,,,,,,,,,,,5.169021798517812,5.139495591936799,5.026398836484524,5.003872457261706,4.9819725119089036,4.9504998722576845,4.932766935488759,4.802671954806838,4.7038353543469915,,,,,4.967837257001113,"rgba(38, 166, 154, 1.0)",0.31564408625727225,4.8792620597566,3.9149725721019406,90.19267619089544,35.08286819276411,True,False,True,False,True,20.0,0.0,0.0,0.0,0.0,0,1.0583680762358547,0.851101846337105,False,False,False,False,0.3428282050382236,0.3390654538892206,False,False,False,False,50730.0,18555.2685769175,False,False,False,False,1661.0764359469456,False,False,False,False
2025-06-16 14:00:00+00:00,5.795,5.895,5.765,5.815,1807.0,,,,,,,,,,,,,,,,,,,,,,,,,,,,5.185217795266983,5.155331777891417,5.038214513804738,5.015009670211995,4.992650103737349,4.959648697729712,4.940036628054655,4.8090853512472,4.709112955746129,,,,,4.9782563881877975,"rgba(38, 166, 154, 0.75)",0.3308500926156481,4.887799668834292,2.8024786810105153,82.00782805518465,37.65267580018596,True,False,True,False,False,20.0,0.0,0.0,0.0,0.0,0,1.024179620034542,0.8606793321819223,False,False,False,False,0.23640785704008785,0.2877366554646542,False,False,False,False,48923.0,19026.08611836064,False,False,False,False,1663.3388167849773,False,False,False,False
2025-06-16 15:00:00+00:00,5.82,5.83,5.72,5.79,616.0,,,,,,,,,,,,,,,,,,,,,,,,,,,,5.190182103951004,5.160212741218055,5.041937098771469,5.018530467288789,4.996035042293626,4.9625639879235415,4.942363197613855,4.811157274449959,4.710828638827338,,,,,4.981534505815294,"rgba(38, 166, 154, 0.75)",0.34384338043689217,4.89050859293285,2.615991635273722,75.9631869421762,32.3291303266751,True,False,True,False,False,20.0,0.0,0.0,0.0,0.0,0,1.017846862406448,0.8750719631548641,False,False,False,False,0.21097543609052735,0.2493560457775908,False,False,False,False,48307.0,19480.053775440316,False,False,False,False,1647.101005672032,False,False,False,False
2025-06-16 16:00:00+00:00,5.79,5.875,5.725,5.86,2756.0,,,,,,,,,,,,,,,,,,,,,,,,,,,,5.21285423197492,5.1824989173775196,5.059022939507907,5.034700790879388,5.011584531635169,4.975983336740566,4.953106063634331,4.82069814046538,4.718722485332399,,,,,4.996574604171953,"rgba(38, 166, 154, 0.75)",0.35806851727436484,4.902950693462286,2.6728105386723757,72.8733931458097,29.755179383843753,True,False,True,False,False,20.0,0.0,0.0,0.0,0.0,0,1.0086009174311927,0.8824541284403664,False,False,False,False,0.22250041608773938,0.23592823093266507,False,False,False,False,51063.0,19969.71185644124,False,False,False,False,1664.2932381422331,False,False,False,False
2025-06-16 17:00:00+00:00,5.86,5.995,5.86,5.945,1128.0,,,,,,,,,,,,,,,,,,,,,,,,,,,,5.223315312532178,5.19273756850419,5.066811035125406,5.042060694949672,5.018649468634487,4.982076703305798,4.957992493043249,4.824988258216684,4.7222502034111296,,,,,5.0034313041914205,"rgba(38, 166, 154, 0.75)",0.3738761297012144,4.908597151248265,2.772048725282311,71.88329191844997,28.91895625596112,True,False,True,False,False,20.0,0.0,0.0,0.0,0.0,0,1.026121521862578,0.8642816581487786,False,False,False,False,0.2822648577358439,0.2590965443342545,False,False,False,False,52191.0,20469.266711380136,False,False,False,False,1655.9786142950666,False,False,False,False
2025-06-16 18:00:00+00:00,5.95,5.965,5.915,5.93,1395.0,,,,,,,,,,,,,,,,,,,,,,,,,,,,5.235898612849789,5.205075214488101,5.076289103079822,5.051031061466436,5.027269609525926,4.989531974015456,4.963989007674716,4.830264135537863,4.726596629815971,,,,,5.011771705383787,"rgba(38, 166, 154, 0.75)",0.38772465153173363,4.915489196268431,2.616575447869183,70.7858497490042,27.74831371362484,True,False,True,False,False,20.0,0.0,0.0,0.0,0.0,0,1.029977375565611,0.866515837104072,False,False,False,False,0.288224645480322,0.2736605949072882,False,False,False,False,50796.0,20939.44862283161,False,False,False,False,1651.9324342284765,False,False,False,False
2025-06-16 19:00:00+00:00,5.93,6.01,5.9,5.95,4723.0,,,,,,,,,,,,,,,,,,,,,,,,,,,,5.276330612764399,5.244855748666111,5.1074927181418746,5.080657212045375,5.055803193594546,5.014360075705513,4.984095434393157,4.848024138689201,4.7412834880462915,,,,,5.039211402449608,"rgba(38, 166, 154, 0.75)",0.40102220737860594,4.938329366392998,2.5227297017291654,70.34093249148486,27.02254138462267,True,False,True,False,False,20.0,0.0,0.0,0.0,0.0,0,1.0325842696629213,0.8617977528089883,False,False,False,False,0.2954028284302373,0.2845317116687628,False,False,False,False,55519.0,21475.565698446622,False,False,False,False,1699.545884860593,False,False,False,False
2025-06-17 14:00:00+00:00,6.09,6.215,6.08,6.16,3379.0,,,,,,,,,,,,,,,,,,,,,,,,,,,,5.310255720594138,5.27808296373409,5.1334112496235225,5.105238400894784,5.079439121692785,5.0349413652811785,5.000828363927343,4.86260822998126,4.753261392454378,,,,,5.062007423131497,"rgba(38, 166, 154, 0.75)",0.42025089031530855,4.957227962135427,2.862033289119625,72.5332260107956,27.02254138462267,True,False,True,False,False,20.0,0.0,0.0,0.0,0.0,0,1.0400878638110929,0.8418451400329485,False,False,False,False,0.34282820797918334,0.31367995982397306,False,False,False,False,58898.0,22055.758478315667,False,False,False,False,1725.583933157328,False,False,False,False
2025-06-17 15:00:00+00:00,6.155,6.235,6.13,6.205,3230.0,,,,,,,,,,,,,,,,,,,,,,,,,,,,5.341683846706851,5.30894293866404,5.157900386770861,5.128526448837077,5.101873291847776,5.054582427397944,5.016899192209958,4.8766530012578935,4.764831153095341,,,,,5.083543631865305,"rgba(38, 166, 154, 1.0)",0.43946042878564967,4.975190610850313,2.798453076988045,74.4228807433374,27.02254138462267,True,False,True,False,True,20.0,0.0,0.0,0.0,0.0,0,1.0475669764898852,0.8387096774193543,False,False,False,False,0.34282820897627986,0.3282540844001265,False,False,False,False,62128.0,22677.033540667362,False,False,False,False,1748.9082132634157,False,False,False,False
2025-06-17 16:00:00+00:00,6.205,6.205,6.11,6.135,1238.0,,,,,,,,,,,,,,,,,,,,,,,,,,,,5.352602151593509,5.319712226991433,5.166636130216152,5.136862974536123,5.1099261479647256,5.0616755496742325,5.022738167585176,4.881796075168834,4.769093306424153,,,,,5.09122697001715,"rgba(38, 166, 154, 1.0)",0.4546986627139697,4.9816536527457105,2.536507014052529,73.36954359152824,27.02254138462267,True,False,True,False,True,20.0,0.0,0.0,0.0,0.0,0,1.044589450788472,0.841218053289831,False,False,False,False,0.33151037309179254,0.3298822287459595,False,False,False,False,60890.0,23269.482633060117,False,False,False,False,1740.9871556934402,False,False,False,False
2025-06-17 17:00:00+00:00,6.135,6.22,6.135,6.185,1157.0,,,,,,,,,,,,,,,,,,,,,,,,,,,,5.3629167654347585,5.329885291251882,5.174907233658312,5.1447590650467685,5.117554932528191,5.068402496889287,5.028284755793609,4.886678048019448,4.7731389746665425,,,,,5.098503062587644,"rgba(38, 166, 154, 1.0)",0.470170249019503,4.987778510141955,2.546357393635051,73.30489398488714,27.02254138462267,True,False,True,False,True,20.0,0.0,0.0,0.0,0.0,0,1.04880694143167,0.8400216919739693,False,False,False,False,0.3405579515235996,0.33522009013477955,False,False,False,False,62047.0,23870.684452702593,False,False,False,False,1731.9330912640844,False,False,False,False
2025-06-17 18:00:00+00:00,6.185,6.28,6.165,6.275,2818.0,,,,,,,,,,,,,,,,,,,,,,,,,,,,5.388762966913456,5.355364163189615,5.195668040837786,5.164585932364171,5.136712394311602,5.0853193553455895,5.042266524444589,4.898960964297791,4.783312372636078,,,,,5.11677252381563,"rgba(38, 166, 154, 1.0)",0.48669331964532414,5.003165965756482,2.613214488274387,74.32380862088107,27.02254138462267,True,False,True,False,True,20.0,0.0,0.0,0.0,0.0,0,1.0538793103448276,0.8318965517241375,False,False,False,False,0.34282821006464176,0.33902415009971065,False,False,False,False,64865.0,24506.255236381625,False,False,False,False,1748.7713379111528,False,False,False,False
2025-06-17 19:00:00+00:00,6.275,6.285,6.18,6.205,5397.0,,,,,,,,,,,,,,6.223333333333334,,,,,,,,,,,,,,5.433347735708982,5.3995331441269,5.232651081223455,5.200062883905363,5.171107240256884,5.115942763880648,5.067802618154818,4.921588520396856,4.802189097745275,,,,6.223333333333334,5.149358342822132,"rgba(38, 166, 154, 1.0)",0.5002912935264581,5.1061117391512285,2.1964968710586934,72.60677442674705,27.02254138462267,True,False,True,False,True,20.0,0.0,0.0,0.0,0.0,0,1.055644729802033,0.8303905831995715,False,False,False,False,0.34282821032863436,0.34092618021417254,False,False,False,False,59468.0,25048.297790856326,False,False,False,False,1805.3330225947009,False,False,False,False
2025-06-18 14:00:00+00:00,6.225,6.25,6.03,6.07,1536.0,,,,,,,,,,,,,,6.199701427953267,,,,,,,,,,,,,,5.443581429588244,5.409770957838025,5.241613478103035,5.2087215764657655,5.179549293482367,5.12354857650864,5.074217280106601,4.9273715573785974,4.807074862855084,,,,6.199701427953267,5.157272112480706,"rgba(38, 166, 154, 0.5)",0.5102736149970527,5.111585553392879,1.8782363391700296,67.55123062677478,22.56304086326223,False,False,True,False,False,20.0,0.0,0.0,0.0,0.0,0,1.0409448818897638,0.8351706036745403,False,False,False,False,0.30256773177354546,0.321746955993859,False,False,False,False,57932.0,25558.122631308168,False,False,False,False,1801.157316818039,False,False,False,False
2025-06-18 15:00:00+00:00,6.06,6.1,6.05,6.08,4529.0,,,,,,,,,,,,,,6.151086488687256,,,,,,,,,,,,,,5.470355573193886,5.436709209610959,5.265851502450322,5.232241871049709,5.2025602499480845,5.144439809123731,5.091974146169119,4.943539304088353,4.820838108596752,,,,6.151086488687256,5.178723308247879,"rgba(38, 166, 154, 0.5)",0.5195202915510918,5.127372795735093,1.8336669803997858,64.378592500206,19.590984177587117,False,False,True,False,False,20.0,0.0,0.0,0.0,0.0,0,1.0425867507886435,0.8538380651945315,False,False,False,False,0.27484244975360084,0.29829470287372994,False,False,False,False,62461.0,26130.260264931298,False,False,False,False,1843.4494514410148,False,False,False,False
2025-06-18 16:00:00+00:00,6.08,6.1,5.975,6.035,2498.0,,,,,,,,,,,,,,6.130612225405922,,,,,,,,,,,,,,5.483264332469491,5.449784534403537,5.2779972918191085,5.244088175821068,5.214196040982569,5.1550975179000655,5.101114478714379,4.951955621651331,4.8280646448207065,,,,6.130612225405922,5.189506959842473,"rgba(38, 166, 154, 0.5)",0.5264017152002488,5.135611394778424,1.708559412424101,60.988552817995725,16.45982491867457,False,True,True,False,False,20.0,0.0,0.0,0.0,0.0,0,1.0408163265306123,0.8540031397174248,False,False,False,False,0.2590351155785101,0.27866490922612003,False,False,False,False,59963.0,26654.798865474997,False,False,False,False,1853.5975219613092,False,False,False,False
2025-06-18 17:00:00+00:00,6.035,6.05,5.99,6.005,980.0,,,,,,,,,,,,,,6.12302855867916,,,,,,,,,,,,,,5.487977277934543,5.454576153402537,5.282525243659831,5.2485164442256185,5.218554811309576,5.159108409803398,5.104570302401227,4.955156922998129,4.830825903172102,,,,6.12302855867916,5.193534607656329,"rgba(38, 166, 154, 0.5)",0.5330979914316565,5.138712480183262,1.6250061597311356,57.877408727878546,13.606627824452495,False,True,True,False,False,20.0,0.0,0.0,0.0,0.0,0,1.0407310704960837,0.8610966057441249,False,False,False,False,0.25170191837841643,0.26518341380226823,False,False,False,False,58983.0,27156.011286165307,False,False,False,False,1840.053374334002,False,False,False,False
2025-06-18 18:00:00+00:00,6.03,6.03,5.92,5.93,801.0,,,,,,,,,,,,,,6.114732651462211,,,,,,,,,,,,,,5.491372210100355,5.458054169064985,5.285910229779661,5.251841250116681,5.22183875314028,5.162150130785582,5.1072060893983675,4.9576241674994215,4.832968903884232,,,,6.114732651462211,5.196551767085507,"rgba(38, 166, 154, 0.5)",0.5380602632111433,5.140929925498694,1.4665087322972628,53.78912731536877,9.863091866703613,False,True,True,False,False,17.588954617985607,0.0,0.0,0.0,0.0,0,1.0305383022774326,0.8654244306418215,False,False,False,False,0.2329642307471569,0.24907382227471256,False,False,False,False,58182.0,27637.034366999953,False,False,False,False,1823.9440196931646,False,False,False,False
2025-06-18 19:00:00+00:00,5.925,5.99,5.925,5.96,2709.0,,,,,,,,,,,,,,6.091768654019874,,,,,,,,,,,,,,5.502461093871443,5.469432359443651,5.29708414610707,5.262833209853145,5.232708144927852,5.172247129557675,5.115984071207488,4.965865677616144,4.840146060811523,,,,6.091768654019874,5.206529099266222,#000000,0.543051123304722,5.148515559551233,1.4943057948402758,51.97020922980283,8.203744098687842,False,True,False,False,False,18.198841170483046,0.0,0.0,0.0,0.0,0,1.031459515214028,0.8700361010830322,False,False,False,False,0.2257212078599238,0.23739751506731818,False,False,False,False,60891.0,28152.59972565112,False,False,False,False,1837.6658178374566,False,False,False,False
2025-06-19 14:00:00+00:00,5.96,5.96,5.96,5.96,0.0,,,,,,,,,,,,,,6.091768654019874,,,,,,,,,,,,,,5.502461093871443,5.469432359443651,5.29708414610707,5.262833209853145,5.232708144927852,5.172247129557675,5.115984071207488,4.965865677616144,4.840146060811523,,,,6.091768654019874,5.206529099266222,#000000,0.547001037599686,5.148515559551233,1.4835153585990806,50.75759717275887,6.965176855824986,False,True,False,False,False,18.198841170483046,0.0,0.0,0.0,0.0,0,1.0453361125586245,0.8692027097446584,False,False,False,False,0.22675448383764088,0.23207599945247953,False,False,False,False,60891.0,28660.171822927845,False,False,False,False,1809.1748749252479,False,False,False,False
2025-06-19 15:00:00+00:00,5.96,5.96,5.96,5.96,0.0,,,,,,,,,,,,,,6.091768654019874,,,,,,,,,,,,,,5.502461093871443,5.469432359443651,5.29708414610707,5.262833209853145,5.232708144927852,5.172247129557675,5.115984071207488,4.965865677616144,4.840146060811523,,,,6.091768654019874,5.206529099266222,#000000,0.5504373772794724,5.148515559551233,1.4742538823571825,49.949189134729565,5.9726951153518755,False,True,False,False,False,18.198841170483046,0.0,0.0,0.0,0.0,0,1.0440020953378735,0.864850707176532,False,False,False,False,0.22675448383764088,0.22941524164506022,False,False,False,False,60891.0,29159.87458536307,False,False,False,False,1781.1256520581896,False,False,False,False
2025-06-19 16:00:00+00:00,5.96,5.96,5.96,5.96,0.0,,,,,,,,,,,,,,6.091768654019874,,,,,,,,,,,,,,5.502461093871443,5.469432359443651,5.29708414610707,5.262833209853145,5.232708144927852,5.172247129557675,5.115984071207488,4.965865677616144,4.840146060811523,,,,6.091768654019874,5.206529099266222,#000000,0.5537051692140974,5.148515559551233,1.465553304478897,49.41025044271002,5.128902883745354,False,True,False,False,False,18.198841170483046,0.0,0.0,0.0,0.0,0,1.0556144067796613,0.8596398305084743,False,False,False,False,0.22675448383764088,0.22808486274135054,False,False,False,False,60891.0,29651.830018148143,False,False,False,False,1753.511300863489,False,False,False,False
2025-06-19 17:00:00+00:00,5.96,5.96,5.96,5.96,0.0,,,,,,,,,,,,,,6.091768654019874,,,,,,,,,,,,,,5.502461093871443,5.469432359443651,5.29708414610707,5.262833209853145,5.232708144927852,5.172247129557675,5.115984071207488,4.965865677616144,4.840146060811523,,,,6.091768654019874,5.206529099266222,#000000,0.5571789302911213,5.148515559551233,1.4564162360281168,49.050957981363666,4.381687305556561,False,True,False,False,False,18.198841170483046,0.0,0.0,0.0,0.0,0,1.056443024494143,0.8541001064962723,False,False,False,False,0.22675448383764088,0.2274196732894957,False,False,False,False,60891.0,30136.15823492104,False,False,False,False,1726.325079144675,False,False,False,False
2025-06-19 18:00:00+00:00,5.96,5.96,5.96,5.96,0.0,,,,,,,,,,,,,,6.091768654019874,,,,,,,,,,,,,,5.502461093871443,5.469432359443651,5.29708414610707,5.262833209853145,5.232708144927852,5.172247129557675,5.115984071207488,4.965865677616144,4.840146060811523,,,,6.091768654019874,5.206529099266222,#000000,0.5603168344382958,5.148515559551233,1.4482599675275882,48.811429673799424,3.7046118610018652,False,True,False,False,False,18.198841170483057,0.0,0.0,0.0,0.0,0,1.056149732620321,0.852941176470588,False,False,False,False,0.22675448383764088,0.2270870785635683,False,False,False,False,60891.0,30612.97748709281,False,False,False,False,1699.5603492354553,False,False,False,False
2025-06-19 19:00:00+00:00,5.96,5.96,5.96,5.96,0.0,,,,,,,,,,,,,,6.091768654019874,,,,,,,,,,,,,,5.502461093871443,5.469432359443651,5.29708414610707,5.262833209853145,5.232708144927852,5.172247129557675,5.115984071207488,4.965865677616144,4.840146060811523,,,,6.091768654019874,5.206529099266222,#000000,0.5635161332494661,5.148515559551233,1.4400376361354799,48.651744135423264,3.085137421301333,False,True,False,False,False,18.198841170483057,0.0,0.0,0.0,0.0,0,1.0627027027027032,0.8518918918918916,False,False,False,False,0.22675448383764088,0.2269207812006046,False,False,False,False,60891.0,31082.404192719277,False,False,False,False,1673.2105763790917,False,False,False,False
2025-06-20 14:00:00+00:00,5.715,5.805,5.715,5.79,1972.0,,,,,,,,,,,,,,6.0606978585185916,,,,,,,,,,,,,,5.507007295705872,5.4743275493742525,5.302736412637228,5.268512911084736,5.238419024775866,5.177714871713994,5.1208575390812445,4.970657818259106,4.844443011090334,,,,6.0606978585185916,5.21163071485807,"rgba(239, 83, 80, 1.0)",0.5636949609576146,5.1516380948787655,1.1324598396919754,42.22054818338672,-3.174539563814278,False,True,False,True,False,12.155286249151803,0.0,0.0,0.0,0.0,0,1.0502645502645505,0.8507936507936504,False,False,False,False,0.14539083085532833,0.18615580602796647,False,False,False,False,58919.0,31513.979321514325,False,False,False,False,1677.842970543757,False,False,False,False
2025-06-20 15:00:00+00:00,5.785,5.84,5.74,5.74,2170.0,,,,,,,,,,,,,,6.033096007436261,,,,,,,,,,,,,,5.511895872102857,5.4795919065545915,5.30884535545931,5.274658240724639,5.24460316995205,5.183650377792881,5.126164188632901,4.975887257300863,4.849142601676817,,,,6.033096007436261,5.217159885577434,"rgba(239, 83, 80, 1.0)",0.5637351064731271,5.155338337539761,1.037121257389901,36.808044156367416,-8.120217539414213,False,True,False,True,False,10.49149107687041,0.0,0.0,0.0,0.0,0,1.0552922590837284,0.8462348604528697,False,False,False,False,0.15744897487542664,0.17180239045169654,False,False,False,False,56749.0,31905.21995218852,False,False,False,False,1685.4733120857143,False,False,False,False
2025-06-20 16:00:00+00:00,5.74,5.755,5.715,5.74,788.0,,,,,,,,,,,,,,6.02310514684916,,,,,,,,,,,,,,5.513384170251857,5.481225048371491,5.310852614635928,5.276691576327258,5.246660309055924,5.185644378248773,5.127961938074008,4.977682875813077,4.85077019179451,,,,6.02310514684916,5.218985900285869,"rgba(239, 83, 80, 1.0)",0.5635292825153365,5.15654141976363,1.0353651502049344,33.199708138354545,-11.27182081488614,False,True,False,True,False,10.49149107687041,0.0,0.0,0.0,0.0,0,1.0574591460200318,0.8523985239852395,False,False,False,False,0.13114177196583482,0.15147208120876568,False,False,False,False,56749.0,32290.39483665071,False,False,False,False,1671.5589971696565,False,False,False,False
2025-06-20 17:00:00+00:00,5.75,5.79,5.715,5.78,1099.0,,,,,,,,,,,,,,6.011367702929042,,,,,,,,,,,,,,5.515655998401423,5.483687952330341,5.313783355318809,5.279650218896524,5.249645703555622,5.188526548383817,5.1305538497991545,4.980255087113838,4.853093977413852,,,,6.011367702929042,5.221650299023709,"rgba(239, 83, 80, 1.0)",0.5632353291795833,5.15842135509984,1.1035860371286736,33.366591759706665,-11.27182081488614,False,True,False,True,False,11.501230405204023,0.0,0.0,0.0,0.0,0,1.0569319978914073,0.8555614127569843,False,False,False,False,0.13464682790106308,0.14305945455491437,False,False,False,False,57848.0,32686.63677716775,False,False,False,False,1662.6821134926076,False,False,False,False
2025-06-20 18:00:00+00:00,5.78,5.81,5.745,5.8,2016.0,,,,,,,,,,,,,,5.994143423287413,,,,,,,,,,,,,,5.520102314879259,5.488465154077044,5.31933657572764,5.2852429613933385,5.255278570794819,5.193951505089649,5.135427492975365,4.985069514511246,4.857434723239476,,,,5.994143423287413,5.226700979187537,"rgba(239, 83, 80, 1.0)",0.5620702402324397,5.162213503352623,1.1347095985434583,34.70217051465062,-11.27182081488614,False,True,False,True,False,12.004321873459176,0.0,0.0,0.0,0.0,0,1.0564048497627834,0.8560885608856087,False,False,False,False,0.14506477598002732,0.14406211526747084,False,False,False,False,59864.0,33107.99124573879,False,False,False,False,1668.1599101826446,False,False,False,False
2025-06-20 19:00:00+00:00,5.805,5.81,5.73,5.755,9277.0,,,,,,,,,,,,,,5.934718075589847,,,,,,,,,,,,,,5.537392389649922,5.507268761483131,5.3422617608570295,5.308491651822949,5.278818423934686,5.216891267133174,5.156287249709217,5.005965597807408,4.8764795357485395,,,,5.934718075589847,5.247761848682895,"rgba(239, 83, 80, 1.0)",0.5601376761263375,5.178939869463276,1.0284259657741626,34.06044912862612,-11.27182081488614,False,True,False,True,False,10.449967686196082,0.0,0.0,0.0,0.0,0,1.0541535226077814,0.855941114616193,False,False,False,False,0.13982431586000235,0.1419432155637366,False,False,False,False,50587.0,33378.983629525785,False,False,False,False,1786.1264232030687,False,False,False,False
2025-06-23 14:00:00+00:00,5.935,5.945,5.825,5.85,1214.0,,,,,,,,,,,,,,5.93270323005101,,,,,,,,,,,,,,5.540467723367566,5.51049735069187,5.345812807293905,5.312050993236545,5.282389737778788,5.220324050542034,5.159382834586866,5.00899602173035,4.879209459164784,,,,5.93270323005101,5.251014553154745,"rgba(239, 83, 80, 0.75)",0.5588366132961922,5.181809257081386,1.195681755669903,38.69807383861634,-11.27182081488614,False,True,False,True,True,12.842128178069391,0.0,0.0,0.0,0.0,0,1.0521694214876032,0.8403925619834706,False,False,False,False,0.18699110628615692,0.16446716092494676,False,False,False,False,51801.0,33664.59628643237,False,False,False,False,1777.256246099145,False,False,False,False
2025-06-23 15:00:00+00:00,5.85,5.875,5.79,5.835,1220.0,,,,,,,,,,,,,,5.929530134882828,,,,,,,,,,,,,,5.543137418991684,5.513333609378824,5.349066891711987,5.315331307952457,5.285695713690808,5.223528709774178,5.162294119382726,5.0118802129488085,4.881828072251393,,,,5.929530134882828,5.254010672898096,"rgba(239, 83, 80, 0.75)",0.5571948160769808,5.1844200396124105,1.1675987313882452,41.172488336373846,-14.46967539328994,False,True,False,True,True,12.320749958692776,0.0,0.0,0.0,0.0,0,1.0478395061728394,0.8513374485596704,False,False,False,False,0.16437598425093675,0.16442157258794177,False,False,False,False,50581.0,33926.866111448915,False,False,False,False,1768.6166143766777,False,False,False,False
2025-06-23 16:00:00+00:00,5.835,5.845,5.75,5.755,1968.0,,,,,,,,,,,,,,5.922368405768242,,,,,,,,,,,,,,5.546618262863087,5.517106558075463,5.353692899079457,5.320034245467837,5.290466472137513,5.22821004257706,5.1665917117041085,5.01620983158377,4.885801649159743,,,,5.922368405768242,5.258303519183116,"rgba(239, 83, 80, 0.75)",0.5550812536901202,5.188101395541459,1.0212894070730374,39.93079109391974,-14.46967539328994,False,True,False,True,True,9.588417216293678,0.0,0.0,0.0,0.0,0,1.0429887410440122,0.8556806550665299,False,False,False,False,0.14939266636207382,0.1569071194750078,False,False,False,False,48613.0,34154.55810972102,False,False,False,False,1771.7078296576594,False,False,False,False
2025-06-23 17:00:00+00:00,5.755,5.775,5.595,5.595,3411.0,,,,,,,,,,,,,,5.901443921838553,,,,,,,,,,,,,,5.549273834579623,5.520367361087038,5.359155138173618,5.325768532645427,5.296424620535108,5.234307578251637,5.172380236781513,5.0223637369258425,4.8916334556565415,,,,5.901443921838553,5.263519388292927,"rgba(239, 83, 80, 1.0)",0.5503632543254584,5.192287009401018,0.7317221624698741,35.3915277430335,-8.787408094826382,False,True,False,True,False,4.5109514958927015,0.0,0.0,0.0,0.0,0,1.0268082953970663,0.8664643399089526,False,False,False,False,0.10164606677975185,0.12927659312737982,False,False,False,False,45202.0,34325.83627856256,False,False,False,False,1797.1232121435871,False,False,False,False
2025-06-23 18:00:00+00:00,5.585,5.59,5.37,5.485,14815.0,,,,,,,,,,,,,,5.79495419520548,,,,,,,,,,,,,,5.542771119536706,5.516762741523114,5.368097299134856,5.336557822239454,5.308703200780284,5.248760043486721,5.187521647131652,5.040810062756685,4.910443528951016,,,,5.79495419520548,5.273380829504498,"rgba(239, 83, 80, 1.0)",0.5451650712902949,5.199325323630592,0.5240150028197419,30.725423247591245,-13.085512689054866,False,True,False,True,False,1.2980588316916446,0.0,0.0,0.0,0.0,0,1.0049677098857428,0.8842523596621955,False,False,False,False,0.009580916398848725,0.06942875476311428,False,False,False,False,30387.0,34264.76904943756,False,False,False,False,1998.9507592421362,False,False,False,False
2025-06-23 19:00:00+00:00,5.485,5.55,5.44,5.46,8159.0,,,,,,,,,,,,,,5.756754783976121,,,,,,,,,,,,,,5.539781034649302,5.515131643732668,5.372550509715137,5.341946666906662,5.314853439059799,5.256072673526337,5.195287729504662,5.0503859938539435,4.920328187505508,,,,5.756754783976121,5.278481986494891,"rgba(239, 83, 80, 1.0)",0.5392447003419174,5.203824915436234,0.4750627765119126,27.289337559669345,-16.190032433941923,False,True,False,True,False,0.5897002861987524,0.0,0.0,0.0,0.0,0,1.0078817733990149,0.8911330049261081,False,False,False,False,0.015461629686729327,0.0424451922249218,False,False,False,False,22228.0,34078.15247502767,False,False,False,False,2094.455398633731,False,False,False,False
2025-06-24 14:00:00+00:00,5.345,5.38,5.335,5.35,910.0,,,,,,,,,,,,,,5.7513360456901195,,,,,,,,,,,,,,5.53875004853962,5.514264929508491,5.372475189546676,5.341999901405421,5.315010519813509,5.256415447919086,5.195754023254023,5.05111941312082,4.921163062711286,,,,5.7513360456901195,5.278550281757658,"rgba(239, 83, 80, 1.0)",0.5333739961976185,5.203859857213848,0.2739918777967681,23.744777352863785,-19.42875961678017,False,True,False,True,False,0.0,0.0,0.0,0.0,0.0,0,1.0029368575624082,0.902594224180127,False,False,False,False,-0.04935038791762497,-0.0034525978463515843,False,False,False,False,21318.0,33880.320653709416,False,False,False,False,2076.0917490425104,False,False,False,False
2025-06-24 15:00:00+00:00,5.35,5.37,5.23,5.245,757.0,,,,,,,,,,,,,,5.746124839992574,,,,,,,,,,,,,,5.537562331913368,5.5132223511717955,5.372152150552794,5.341795909951033,5.314902343136161,5.25648802156498,5.195962174676076,5.051580250727687,4.921738146114218,,,,5.746124839992574,5.278378186645345,"rgba(239, 83, 80, 1.0)",0.5271657345766216,5.2036680587080975,0.07840407405291097,20.464762784659904,-22.45809811403883,False,True,False,True,False,0.0,0.0,0.0,0.0,0.0,0,0.9888457807953441,0.9068865179437438,False,False,False,False,-0.07437329644008282,-0.038912947143217205,False,False,False,False,20561.0,33673.81955830307,False,False,False,False,2055.640714173634,False,False,False,False
2025-06-24 16:00:00+00:00,5.245,5.27,5.2,5.21,823.0,,,,,,,,,,,,,,5.739933380642732,,,,,,,,,,,,,,5.53600858043321,5.511832705788535,5.371591650633599,5.341374260548129,5.31459221804174,5.25639513069632,5.1960428397836145,5.051959916634609,4.9222660692310125,,,,5.739933380642732,5.278007041310086,"rgba(239, 83, 80, 1.0)",0.5206372394817071,5.20328347467276,0.012900585701335157,18.007758565284895,-24.792054790123444,False,True,False,True,False,0.0,0.0,0.0,0.0,0.0,0,0.9831406551059731,0.9157032755298647,False,False,False,False,-0.10277413713927548,-0.07084354214124634,False,False,False,False,19738.0,33457.76034034488,False,False,False,False,2036.530005426756,False,False,False,False
2025-06-24 17:00:00+00:00,5.21,5.25,5.17,5.24,1399.0,,,,,,,,,,,,,,5.729608221667046,,,,,,,,,,,,,,5.533346570244946,5.509446645783169,5.370605339038229,5.340623303776102,5.314030421640713,5.256203434583779,5.1961493525960245,5.052577054232634,4.923139729509779,,,,5.729608221667046,5.2773468723783745,"rgba(239, 83, 80, 1.0)",0.5156246277639909,5.202612738618254,0.07250868047920127,17.912243464195647,-25.08727541918158,False,True,False,True,False,0.0,0.0,0.0,0.0,0.0,0,0.9804015296367115,0.9182600382409176,False,False,False,False,-0.11373918722288712,-0.09229136468206672,False,False,False,False,21137.0,33266.740800184496,False,False,False,False,2026.6458192961086,False,False,False,False
2025-06-24 18:00:00+00:00,5.24,5.24,5.19,5.21,3039.0,,,,,,,,,,,,,,5.708258059248576,,,,,,,,,,,,,,5.527595925849272,5.504279239186816,5.3684135027676,5.33893520660051,5.312747836291623,5.255718484824798,5.196313725058178,5.0538493822466215,4.924977772127311,,,,5.708258059248576,5.275870119439193,"rgba(239, 83, 80, 1.0)",0.5112395112252526,5.201160815937567,0.01728971229404517,17.514717186121167,-25.85287985201361,False,True,False,True,False,0.0,0.0,0.0,0.0,0.0,0,0.9823977164605139,0.9196003805899138,False,False,False,False,-0.11154408094118344,-0.10191772281162509,False,False,False,False,18098.0,33031.56652421264,False,False,False,False,2042.3412329504324,False,False,False,False
2025-06-24 19:00:00+00:00,5.22,5.26,5.165,5.17,6160.0,,,,,,,,,,,,,,5.668819834185009,,,,,,,,,,,,,,5.516024066942421,5.49382691742417,5.363740866444563,5.335254560572966,5.309868249201582,5.254432173384618,5.196352138435856,5.0561307155868604,4.9284427895402185,,,,5.668819834185009,5.2726747197259165,"rgba(239, 83, 80, 1.0)",0.5063862429282854,5.1981875905102894,-0.055664210676990004,16.814151362051575,-26.98425523119569,False,True,False,True,False,0.0,0.0,0.0,0.0,0.0,0,0.9801980198019804,0.9184347006129181,False,False,False,False,-0.11264149896244163,-0.10727961088703336,False,False,False,False,11938.0,32704.53448507756,False,False,False,False,2106.1809037574026,False,False,False,False
2025-06-25 14:00:00+00:00,5.07,5.11,5.02,5.03,2541.0,,,,,,,,,,,,,,5.6497908859363095,,,,,,,,,,,,,,5.509412192003717,5.48770547121106,5.360262538954549,5.3322428019872055,5.307232318085749,5.2525897776111234,5.195238771431577,5.056112613633566,4.929092419577595,,,,5.6497908859363095,5.269987656055126,"rgba(239, 83, 80, 1.0)",0.5026784833844145,5.195689279049499,-0.3296128331054716,15.138170924040416,-29.01641947694783,False,True,False,True,False,0.0,0.0,0.0,0.0,0.0,0,0.97164109716411,0.9279404927940491,False,False,False,False,-0.17796365060759414,-0.14262163074731377,False,False,False,False,9397.0,32343.177361277903,False,False,False,False,2112.922285094497,False,False,False,False
2025-06-25 15:00:00+00:00,5.03,5.03,4.97,4.995,397.0,,,,,,,,,,,,,,5.646659219793749,,,,,,,,,,,,,,5.508273676256313,5.4866452472554945,5.3596299989287886,5.331686407669191,5.30673721771171,5.25222635665055,5.194999571608671,5.0560542566633595,4.929148644954022,,,,5.646659219793749,5.269489041966456,"rgba(239, 83, 80, 1.0)",0.49890120706850544,5.195225643438491,-0.4013332511560692,13.776984338060606,-30.703261425244357,False,True,False,True,False,0.0,0.0,0.0,0.0,0.0,0,0.9671752196024042,0.9357374017568189,False,False,False,False,-0.20720086765397855,-0.17491124920064616,False,False,False,False,9000.0,31981.267634746462,False,False,False,False,2086.318838813962,False,False,False,False
2025-06-25 16:00:00+00:00,5.005,5.03,4.99,5.0,747.0,,,,,,,,,,,,,,5.640922234755757,,,,,,,,,,,,,,5.506179909849499,5.484696553835673,5.358473092471685,5.33067054673869,5.305834976922664,5.2515677005534505,5.194570066951407,5.055960577290128,4.929266905341525,,,,5.640922234755757,5.2685800366616355,"rgba(239, 83, 80, 1.0)",0.4943886205285326,5.19438370358505,-0.3931799712081592,13.162376122290471,-31.685618420787982,False,True,False,True,False,0.0,0.0,0.0,0.0,0.0,0,0.9717723276260991,0.9375289217954649,False,False,False,False,-0.20268124984929922,-0.1887962495249727,False,False,False,False,9747.0,31636.550307075973,False,False,False,False,2065.5542056540557,False,False,False,False
2025-06-25 17:00:00+00:00,5.0,5.02,4.98,4.98,1089.0,,,,,,,,,,,,,,5.6325685749596275,,,,,,,,,,,,,,5.503078032461532,5.4818054167274495,5.356736632415257,5.329140440171938,5.304471150313858,5.25056186252243,5.1939032375852,5.055787875258078,4.9294090758729565,,,,5.6325685749596275,5.267210413703188,"rgba(239, 83, 80, 1.0)",0.48977518284385035,5.193118230409214,-0.43513480852940506,12.583358698068285,-32.64817353991984,False,True,False,True,False,0.0,0.0,0.0,0.0,0.0,0,0.9699074074074074,0.9388888888888887,False,False,False,False,-0.20720086765397855,-0.19799855858947563,False,False,False,False,8658.0,31280.293713167815,False,False,False,False,2050.413830372597,False,False,False,False
2025-06-25 18:00:00+00:00,4.98,4.98,4.93,4.95,1413.0,,,,,,,,,,,,,,5.6213869989359315,,,,,,,,,,,,,,5.498797305588313,5.477801368051161,5.354262700045428,5.326941627570902,5.302493969390005,5.24906724721647,5.192873326405153,5.055422593079481,4.929477764231772,,,,5.6213869989359315,5.265237544619853,"rgba(239, 83, 80, 1.0)",0.4854437182656718,5.191295574437123,-0.49706189483549457,11.942171364326292,-33.6614449755103,False,True,False,True,False,0.0,0.0,0.0,0.0,0.0,0,0.9639556377079482,0.9426987060998149,False,False,False,False,-0.22764566321349688,-0.21282211090148626,False,False,False,False,7245.0,30907.653500560562,False,False,False,False,2040.5314454055801,False,False,False,False
2025-06-25 19:00:00+00:00,4.95,4.985,4.93,4.94,8626.0,,,,,,,,,,,,,,5.560228756440116,,,,,,,,,,,,,,5.4739690739727545,5.454541641041409,5.339734129042696,5.313999714811543,5.290835227506215,5.240209633870123,5.186729902552762,5.053212419793635,4.929859973987039,,,,5.560228756440116,5.253676857397575,"rgba(239, 83, 80, 1.0)",0.4813264985414739,5.180812510001406,-0.5003101028742879,11.42762204360585,-34.538528535748256,False,True,False,True,False,0.0,0.0,0.0,0.0,0.0,0,0.9654218533886585,0.94098662978331,False,False,False,False,-0.22650507091474456,-0.2196635909081154,False,False,False,False,-1381.0,30407.054221482103,False,False,False,False,2142.6317330737106,False,False,False,False
2025-06-26 14:00:00+00:00,4.94,5.07,4.935,5.045,4183.0,,,,,,,,,,,,,,5.53717876585262,,,,,,,,,,,,,,5.4641225401629665,5.445351458165037,5.3341777645293265,5.309109053255214,5.286487008580062,5.237026999583628,5.184655089608453,5.052838769284918,4.930579066815326,,,,5.53717876585262,5.249371972220548,"rgba(239, 83, 80, 0.75)",0.47557762886943955,5.1770625176850915,-0.27768866672521036,17.790405454333033,-36.486346417268535,False,True,False,True,True,0.0,0.0,0.0,0.0,0.0,0,0.9661791590493602,0.9346435100548444,False,False,False,False,-0.20607018745791275,-0.21286688918301408,False,False,False,False,2802.0,29979.068884714936,False,False,False,False,2174.2653496152034,False,False,False,False
2025-06-26 15:00:00+00:00,5.05,5.085,5.045,5.06,1343.0,,,,,,,,,,,,,,5.530814130644957,,,,,,,,,,,,,,5.461370897106885,5.442794465542962,5.332690411545182,5.307817940724341,5.285356483612102,5.236236653678921,5.184181723101059,5.052873105936026,4.93093120640777,,,,5.530814130644957,5.248250320850583,"rgba(239, 83, 80, 0.75)",0.4696292096905727,5.176116255432427,-0.24725092272035906,22.838903506413512,-31.927085664143675,False,True,False,True,True,0.0,0.0,0.0,0.0,0.0,0,0.9757548032936872,0.9345837145471179,False,False,False,False,-0.17796365060759414,-0.1954152698953041,False,False,False,False,4145.0,29578.540684951913,False,False,False,False,2161.377514737448,False,False,False,False
2025-06-26 16:00:00+00:00,5.06,5.11,5.055,5.08,1475.0,,,,,,,,,,,,,,5.524284601965288,,,,,,,,,,,,,,5.458529217764561,5.44015909611899,5.331185491377173,5.306520636933097,5.284229411521969,5.235468037645737,5.183744296266296,5.05297620319168,4.931369065554368,,,,5.524284601965288,5.247131272930431,"rgba(239, 83, 80, 0.75)",0.4626979926825161,5.175188731806897,-0.20572540471817355,27.314413980175452,-28.02159854226724,False,True,False,True,True,0.0,0.0,0.0,0.0,0.0,0,0.9788408463661454,0.935602575896964,False,False,False,False,-0.17014525394116586,-0.182780261918235,False,False,False,False,5620.0,29207.090441774362,False,False,False,False,2150.736002881053,False,False,False,False
2025-06-26 17:00:00+00:00,5.075,5.09,5.03,5.03,2576.0,,,,,,,,,,,,,,5.512541115180177,,,,,,,,,,,,,,5.4532585330428445,5.435249156883913,5.328271945102551,5.303976212662621,5.281987590332348,5.233871232605061,5.182755008767496,5.052957707914175,4.9319678536228855,,,,5.512541115180177,5.2449216934370995,"rgba(239, 83, 80, 0.75)",0.45785582332755387,5.173333610447595,-0.31305402955430534,28.816958512045346,-26.820682907893346,False,True,False,True,True,0.0,0.0,0.0,0.0,0.0,0,0.9705747126436783,0.9379310344827584,False,False,False,False,-0.1802013978008564,-0.18149082985954568,False,False,False,False,3044.0,28801.461132599565,False,False,False,False,2157.329243146463,False,False,False,False
2025-06-26 18:00:00+00:00,5.03,5.04,5.01,5.02,1459.0,,,,,,,,,,,,,,5.50577541644549,,,,,,,,,,,,,,5.450139756236614,5.43233396068996,5.326492807289751,5.302408387354513,5.280593019073381,5.232849564291891,5.182089906542947,5.0528538042202245,4.932228305184978,,,,5.50577541644549,5.243554390098251,"rgba(239, 83, 80, 0.75)",0.45522706936723567,5.172176971420182,-0.33428805460032934,29.53407764421132,-26.142812526543864,False,True,False,True,True,0.0,0.0,0.0,0.0,0.0,0,0.9655172413793102,0.9434482758620688,False,False,False,False,-0.19591704784318184,-0.18870393885136377,False,False,False,False,1585.0,28379.50049488484,False,False,False,False,2146.5024331751997,False,False,False,False
2025-06-26 19:00:00+00:00,5.015,5.03,4.97,4.97,3966.0,,,,,,,,,,,,,,5.487087969645479,,,,,,,,,,,,,,5.441241641880798,5.423985018227504,5.321239453511472,5.297735146538729,5.276395576112952,5.229687846736654,5.179935907404318,5.052260209820128,4.932672532239323,,,,5.487087969645479,5.2394614813857645,"rgba(239, 83, 80, 0.75)",0.4520238971598746,5.168689929887514,-0.4395562516404759,28.658617177812047,-26.142812526543864,False,True,False,True,True,0.0,0.0,0.0,0.0,0.0,0,0.9614147909967846,0.9467156637574641,False,False,False,False,-0.20720086765397855,-0.19795240325267116,False,False,False,False,-2381.0,27902.593510468017,False,False,False,False,2174.7116977771348,False,False,False,False
2025-06-27 14:00:00+00:00,4.95,4.97,4.925,4.96,1180.0,,,,,,,,,,,,,,5.481377686592795,,,,,,,,,,,,,,5.438440951180489,5.421347392200103,5.3195307075630645,5.296201736829523,5.275005983680869,5.228615058784546,5.179176856102342,5.051978346199602,4.932715887944476,,,,5.481377686592795,5.238112546720557,"rgba(239, 83, 80, 0.75)",0.4481646053778799,5.167531622860702,-0.4630700871295206,27.817946080971954,-26.142812526543864,False,True,False,True,True,0.0,0.0,0.0,0.0,0.0,0,0.9600550964187325,0.948576675849403,False,False,False,False,-0.23107094931534822,-0.2145116762840097,False,False,False,False,-3561.0,27414.785859142932,False,False,False,False,2159.2898109898924,False,False,False,False
2025-06-27 15:00:00+00:00,4.96,4.975,4.935,4.945,900.0,,,,,,,,,,,,,,5.47710360223055,,,,,,,,,,,,,,5.436326277935992,5.419355362657591,5.318238011198138,5.295041291024379,5.273954093620096,5.227802379694778,5.178601303496823,5.051764425024939,4.932748823036432,,,,5.47710360223055,5.237092440854353,"rgba(239, 83, 80, 1.0)",0.44620499874037517,5.1666577076095175,-0.4967620448790377,26.855623021144233,-26.142812526543864,False,True,False,True,False,0.0,0.0,0.0,0.0,0.0,0,0.9645814167433303,0.9461821527138912,False,False,False,False,-0.22764566321349688,-0.2210786697487533,False,False,False,False,-4461.0,26920.587628768622,False,False,False,False,2139.7659379512893,False,False,False,False
2025-06-27 16:00:00+00:00,4.925,4.94,4.91,4.93,467.0,,,,,,,,,,,,,,5.4748086612087725,,,,,,,,,,,,,,5.4351799936106415,5.418273467219009,5.317525316891482,5.2943986075205345,5.273368841800875,5.227344558278235,5.178271027731303,5.051626149325986,4.932743343140566,,,,5.4748086612087725,5.236525700613182,"rgba(239, 83, 80, 1.0)",0.4441870598567021,5.166169020710923,-0.5316882053860661,25.804094541259072,-26.142812526543864,False,True,False,True,False,0.0,0.0,0.0,0.0,0.0,0,0.9631166436145691,0.9479022591055785,False,False,False,False,-0.24137919783763714,-0.2312289337931952,False,False,False,False,-4928.0,26426.811076384613,False,False,False,False,2113.831582324138,False,False,False,False
2025-06-27 17:00:00+00:00,4.925,4.96,4.89,4.89,1871.0,,,,,,,,,,,,,,5.465583860203724,,,,,,,,,,,,,,5.430519669893271,5.413869892172398,5.314599267949174,5.291753528450821,5.270954306278405,5.2254434859329635,5.176886778051134,5.051016424540196,4.932673530746104,,,,5.465583860203724,5.234190764890496,"rgba(239, 83, 80, 1.0)",0.44514455593174784,5.164152615281948,-0.6158732295582262,24.084556041589508,-26.142812526543864,False,True,False,True,False,0.0,0.0,0.0,0.0,0.0,0,0.959118052365641,0.9462563160312354,False,False,False,False,-0.2413791978376375,-0.23630406581541635,False,False,False,False,-6799.0,25911.682222487176,False,False,False,False,2110.0667515904306,False,False,False,False
2025-06-27 18:00:00+00:00,4.89,4.89,4.85,4.86,910.0,,,,,,,,,,,,,,5.460835932282139,,,,,,,,,,,,,,5.428081160673831,5.411558660168637,5.3130276473294735,5.290323249167151,5.269639892627552,5.224390146064685,5.176100445949823,5.050621954421648,4.932558263897685,,,,5.460835932282139,5.232922380033387,"rgba(239, 83, 80, 1.0)",0.4470654868691463,5.16304716192351,-0.6778585482985624,22.263052842593787,-23.213057183765393,False,True,False,True,False,0.0,0.0,0.0,0.0,0.0,0,0.9573394495412846,0.95045871559633,False,False,False,False,-0.2667953578870535,-0.2515497118512349,False,False,False,False,-7709.0,25390.43133531683,False,False,False,False,2091.461065519261,False,False,False,False
2025-06-27 19:00:00+00:00,4.86,4.885,4.84,4.86,2671.0,,,,,,,,,,,,,,5.447211145259562,,,,,,,,,,,,,,5.420981342694052,5.404824959540804,5.308426756680775,5.286131288870664,5.265783501846746,5.221291115553779,5.173778358401534,5.049442601013523,4.93219675230744,,,,5.447211145259562,5.229206297434369,"rgba(239, 83, 80, 1.0)",0.4491478417890718,5.159814522564919,-0.6675185644234207,21.048717376596638,-24.56652370673081,False,True,False,True,False,0.0,0.0,0.0,0.0,0.0,0,0.9546495648190564,0.9532753092075124,False,False,False,False,-0.27028674272175407,-0.2609182272864945,False,False,False,False,-7709.0,24877.2618572499,False,False,False,False,2100.446165278652,False,False,False,False
2025-06-30 14:00:00+00:00,4.76,4.81,4.71,4.79,8069.0,,,,,,,,,,,,,,5.403680381847633,,,,,,,,,,,,,4.77,5.397230140141134,5.3821785003757885,5.292341849869062,5.271320805935578,5.252019035134198,5.209936154090816,5.164966738697513,5.044271168040854,4.929735954267464,,,,5.403680381847633,5.171400034655241,"rgba(239, 83, 80, 1.0)",0.45344626309355646,5.144922443857241,-0.7827221718310031,18.844913816240595,-26.81438114417784,False,True,False,True,False,0.0,0.0,0.0,0.0,0.0,0,0.943789664551224,0.9569356300997279,True,False,False,False,-0.31869352765544995,-0.2898058774709722,False,False,False,False,-15778.0,24246.947719928197,False,False,False,False,2192.981883646425,False,False,False,False
2025-06-30 15:00:00+00:00,4.785,4.845,4.775,4.825,1875.0,,,,,,,,,,,,,,5.395016862237223,,,,,,,,,,,,,4.778485016090104,5.392335431677522,5.377515532852475,5.289051071720525,5.268298248031125,5.249217755564139,5.2076405048222245,5.1632010087256655,5.043289452450006,4.929332878663822,,,,5.395016862237223,5.1698366900597605,"rgba(239, 83, 80, 1.0)",0.45759386375271843,5.143030233783804,-0.6950054600287782,20.575264889570846,-26.81438114417784,False,True,False,True,False,0.0,0.0,0.0,0.0,0.0,0,0.95158371040724,0.9533936651583707,False,False,False,False,-0.2949127898470136,-0.2923593336589929,False,False,False,False,-13903.0,23655.47566225489,False,False,False,False,2188.0519319619843,False,False,False,False
2025-06-30 16:00:00+00:00,4.825,4.84,4.8,4.83,2917.0,,,,,,,,,,,,,,5.382220858079731,,,,,,,,,,,,,4.788657051032838,5.3849896511027495,5.370516937827766,5.284109171777728,5.263759742507579,5.245012682079229,5.204196350483073,5.16055405149236,5.041833912952078,4.9287566975627275,,,,5.382220858079731,5.167238624881813,"rgba(239, 83, 80, 0.75)",0.461150617360412,5.140081120747129,-0.6724074718190939,22.177275127121526,-26.81438114417784,False,True,False,True,True,0.0,0.0,0.0,0.0,0.0,0,0.9546896239238786,0.9533303126415947,False,False,False,False,-0.29019607930704866,-0.29127770648302076,False,False,False,False,-10986.0,23118.398520204424,False,False,False,False,2199.3534523966823,False,False,False,False
2025-06-30 17:00:00+00:00,4.83,4.845,4.78,4.795,8868.0,,,,,,,,,,,,,,5.345551452451087,,,,,,,,,,,,,4.7960071026431645,5.363149041669149,5.349669640747688,5.269188357379306,5.250012395839339,5.23223818975697,5.1936527552633835,5.152368867188825,5.0371962009599525,4.926771945068738,,,,5.345551452451087,5.157025449651651,"rgba(239, 83, 80, 0.75)",0.4675723386727333,5.130012856094626,-0.716494172956435,22.209754158437292,-26.81438114417784,False,True,False,True,True,0.0,0.0,0.0,0.0,0.0,0,0.9533725667722951,0.9524671797193297,False,False,False,False,-0.2937324234852825,-0.29250506498415163,False,False,False,False,-19854.0,22452.15978345707,False,False,False,False,2302.7433213517725,False,False,False,False
2025-06-30 18:00:00+00:00,4.795,4.81,4.78,4.785,616.0,,,,,,,,,,,,,,5.34311097759276,,,,,,,,,,,,,4.79588744685612,5.361653789738665,5.3482402085949765,5.268153982844431,5.24905683993687,5.231348128761989,5.192913514643103,5.151790278410694,5.0368603155144855,4.92661955265185,,,,5.34311097759276,5.156252405795319,"rgba(239, 83, 80, 0.75)",0.4742178197205772,5.129282812166634,-0.7260014235009041,21.950355170632143,-26.81438114417784,False,True,False,True,True,0.0,0.0,0.0,0.0,0.0,0,0.9567592171142466,0.9549385525716882,False,False,False,False,-0.3020119177396517,-0.29725849136190163,False,False,False,False,-20470.0,21786.699941853087,False,False,False,False,2276.5922621060085,False,False,False,False
2025-06-30 19:00:00+00:00,4.785,4.8,4.765,4.77,4365.0,,,,,,,,,,,,,,5.3260114609271865,,,,,,,,,,,,,4.793018719580681,5.351035756334817,5.338079552834403,5.2607492418286625,5.242204112442942,5.22495451787329,5.187580606185628,5.1475931065853056,5.034378284534534,4.92544374042136,,,,5.3260114609271865,5.1505037638621625,"rgba(239, 83, 80, 0.75)",0.4806686596402533,5.123942405941661,-0.7363542407914895,21.348498371424036,-26.81438114417784,False,True,False,True,True,0.0,0.0,0.0,0.0,0.0,0,0.9468377635197067,0.9647112740604946,False,False,False,False,-0.3079504854577829,-0.3026044884098423,False,False,False,False,-24835.0,21063.88288849102,False,False,False,False,2308.970676647001,False,False,False,False
2025-07-01 14:00:00+00:00,4.745,4.78,4.71,4.765,4016.0,,,,,,,,,,,,,,5.310446204232941,,,,,,,,,,,,4.751666666666667,4.787613855800733,5.3411632453567925,5.328615769261165,5.253765765242629,5.235720740882135,5.218887635189411,5.182481945103796,5.143541077353557,5.031902942989034,4.924185156196931,,,,5.310446204232941,5.109049527276623,"rgba(239, 83, 80, 0.75)",0.4871563191412759,5.115124541946368,-0.7187108699801785,20.79940046759547,-26.81438114417784,False,True,False,True,True,0.0,0.0,0.0,0.0,0.0,0,0.9364716636197441,0.9666361974405847,True,False,False,False,-0.32589515975906125,-0.3142498240844518,False,False,False,False,-28851.0,20290.00873518108,True,False,False,False,2335.436247551698,True,False,False,False
2025-07-01 15:00:00+00:00,4.77,4.905,4.765,4.895,1830.0,,,,,,,,,,,,,,5.304890390200223,,,,,,,,,,,,4.784013570532557,4.791401687348978,5.337541438525784,5.325158264752383,5.251288614533016,5.2334415278522926,5.216774459870422,5.180745777818981,5.1422017015188874,5.031199944118954,4.923957578764277,,,,5.304890390200223,5.110702233239684,"rgba(239, 83, 80, 0.5)",0.4909947798845434,5.115256557079463,-0.4485924618816852,30.919143187158944,-23.121519990624165,True,False,False,True,True,0.0,0.0,0.0,0.0,0.0,0,0.9490909090909091,0.9518181818181816,False,False,False,False,-0.2831444234719687,-0.2986971237782102,False,False,False,False,-27021.0,19556.50472378292,False,False,False,False,2327.6000266594237,False,False,False,False
2025-07-01 16:00:00+00:00,4.895,4.96,4.825,4.85,2432.0,,,,,,,,,,,,,,5.298085578346421,,,,,,,,,,,,4.811723846339695,4.797444266605693,5.333039634199595,5.320864943561864,5.248234866670483,5.2306386122975335,5.214182519463697,5.178630013837227,5.140583905600318,5.030396867228013,4.92375900124978,,,,5.298085578346421,5.111772588823081,"rgba(239, 83, 80, 0.5)",0.4959611834564202,5.11490682170677,-0.5341281345056054,35.40843568869238,-19.378271020758238,True,False,False,True,True,0.0,0.0,0.0,0.0,0.0,0,0.9530965391621129,0.9590163934426229,False,False,False,False,-0.25635885421178806,-0.27752798899499914,False,False,False,False,-29453.0,18796.667441243648,False,False,False,False,2329.2186308972623,False,False,False,False
2025-07-01 17:00:00+00:00,4.845,4.91,4.84,4.85,1432.0,,,,,,,,,,,,,,5.294070840454638,,,,,,,,,,,,4.81982663920357,4.800166025993044,5.330362992918089,5.318309709110385,5.246404073673242,5.228954841683143,5.212622457200718,5.177350145874219,5.139598601691367,5.029891960221032,4.9236130593344845,,,,5.294070840454638,5.111554591536663,"rgba(239, 83, 80, 0.5)",0.5002412210916616,5.114221206015079,-0.5281875920550442,38.401297356381335,-16.970695111727352,True,False,False,True,True,0.0,0.0,0.0,0.0,0.0,0,0.9553734061930785,0.9626593806921676,False,False,False,False,-0.26447129805819075,-0.27099964352659495,False,False,False,False,-29453.0,18048.61058168948,False,False,False,False,2315.308264526762,False,False,False,False
2025-07-01 18:00:00+00:00,4.85,4.86,4.835,4.845,1654.0,,,,,,,,,,,,,,5.289313027078579,,,,,,,,,,,,4.823733133873049,4.802186093747264,5.327177676117367,5.315264772276325,5.244200973874874,5.22692302748697,5.2107347163875914,5.175790544978268,5.1383865827483906,5.029241656295151,4.923386541390274,,,,5.289313027078579,5.110638701743229,"rgba(239, 83, 80, 0.5)",0.5044138512504696,5.1130288043479455,-0.531366860135755,40.12616714623463,-15.578015487676211,True,False,False,True,True,0.0,0.0,0.0,0.0,0.0,0,0.9534671532846716,0.9662408759124085,False,False,False,False,-0.27728895246270613,-0.27414429799465057,False,False,False,False,-31107.0,17286.508092050884,False,False,False,False,2305.0554232162694,False,False,False,False
2025-07-01 19:00:00+00:00,4.845,4.87,4.8,4.81,8755.0,,,,,,,,,,,,,,5.26465864223832,,,,,,,,,,,,4.8250096923306325,4.806762903329133,5.310318613306246,5.299119550858651,5.232365549447111,5.2159707919084966,5.200526652661319,5.167287149398811,5.13170592732759,5.025506109911712,4.921902535783595,,,,5.26465864223832,5.103315952387572,"rgba(239, 83, 80, 0.5)",0.5086927425335492,5.10528128114044,-0.5804707959264161,39.44877301548379,-15.578015487676211,True,False,False,True,True,0.0,0.0,0.0,0.0,0.0,0,0.9534883720930233,0.9639762881896942,False,False,False,False,-0.2831444234719687,-0.27864436073330967,False,False,False,False,-39862.0,16400.484710778775,False,False,False,False,2405.0545639415986,False,False,False,False
2025-07-02 14:00:00+00:00,4.795,4.83,4.775,4.82,1239.0,,,,,,,,,,,,,,5.261243004750428,,,,,,,,,,,,4.824042279239628,4.80680338270783,5.30793705829571,5.296835143450704,5.230671340412747,5.2143983476340505,5.199056981926805,5.166054123589867,5.13072811012297,5.024940838574775,4.921656468681782,,,,5.261243004750428,5.102102188603352,"rgba(239, 83, 80, 0.5)",0.5113471608593485,5.104078588737582,-0.5555493615338959,39.799163348783495,-15.578015487676211,True,False,False,True,True,0.0,0.0,0.0,0.0,0.0,0,0.9566408032861706,0.9621177544500226,False,False,False,False,-0.2984587011959274,-0.2885515309646185,False,False,False,False,-38623.0,15547.40742844112,False,False,False,False,2386.9761986091708,False,False,False,False
2025-07-02 15:00:00+00:00,4.82,4.87,4.82,4.855,1452.0,,,,,,,,,,,,,,5.2576525073711,,,,,,,,,,,,4.8255885576501525,4.808021102584814,5.305395848327105,5.294401941406584,5.228889445241527,5.212750959766267,5.197523505245079,5.164780239959133,5.129730937905317,5.024403765573534,4.921470761809905,,,,5.2576525073711,5.1011779150426735,"rgba(239, 83, 80, 0.5)",0.512090530777234,5.103023065030655,-0.48433440988298176,42.665033831613314,-12.888737032539225,True,False,False,True,True,0.0,0.0,0.0,0.0,0.0,0,0.9558086560364465,0.9603644646924829,False,False,False,False,-0.27845855238362177,-0.28350504167412016,False,False,False,False,-37171.0,14730.067778387769,False,False,False,False,2372.480443591974,False,False,False,False
2025-07-02 16:00:00+00:00,4.855,4.91,4.855,4.875,1439.0,,,,,,,,,,,,,,5.254425800577922,,,,,,,,,,,,4.828817477009361,4.810053670597932,5.30307754019471,5.292185781180317,5.227285404525782,5.211273490348785,5.1961535563231065,5.1636531310508715,5.128860048775482,5.023969865282953,4.921366929048003,,,,5.254425800577922,5.100608808576118,"rgba(239, 83, 80, 0.5)",0.5097751049802798,5.102231184529943,-0.4457479039482191,45.92783550200802,-9.703977270705515,True,False,False,True,True,0.0,0.0,0.0,0.0,0.0,0,0.9583714547118025,0.9634034766697164,False,False,False,False,-0.2609904279555659,-0.272247734814843,False,False,False,False,-35732.0,13947.710138412765,False,False,False,False,2358.0078785750443,False,False,False,False
2025-07-02 17:00:00+00:00,4.87,4.93,4.87,4.92,1479.0,,,,,,,,,,,,,,5.251398497538735,,,,,,,,,,,,4.833292716106965,4.8127786147450315,5.300869509817581,5.290078356291972,5.2257774908762125,5.209889704903665,5.194875520014009,5.162611987519963,5.1280664971497645,5.023608713723464,4.921329197145741,,,,5.251398497538735,5.10028893711767,"rgba(38, 166, 154, 1.0)",0.5107863836573244,5.101618037996397,-0.35556554326287804,50.7333663829004,-5.203673788472869,True,False,True,False,True,0.0,0.0,0.0,0.0,0.0,0,0.9554432705558107,0.9660082682590717,False,False,False,False,-0.25289223415059425,-0.2625699844827186,False,False,False,False,-34253.0,13200.412306809467,False,False,False,False,2344.3798494498496,False,False,False,False
2025-07-02 18:00:00+00:00,4.92,4.94,4.9,4.93,4367.0,,,,,,,,,,,,,,5.243177383999175,,,,,,,,,,,,4.84635825441657,4.821277733767567,5.29476081350456,5.284252877744071,5.22163503095616,5.206096838853141,5.191381366869589,5.159783495294554,5.125930053247626,5.022705358008543,4.921344271782453,,,,5.243177383999175,5.099593281313167,"rgba(38, 166, 154, 1.0)",0.5116608445247863,5.100063133348634,-0.3323747266738443,54.463652423676955,-1.8042802800612705,True,False,True,False,True,0.0,0.0,0.0,0.0,0.0,0,0.9571428571428573,0.9631336405529953,False,False,False,False,-0.24367669676979006,-0.25312334062625436,False,False,False,False,-29886.0,12532.405914455832,False,False,False,False,2375.7383013963636,False,False,False,False
2025-07-02 19:00:00+00:00,4.93,4.97,4.895,4.93,4107.0,,,,,,,,,,,,,4.931666666666667,5.236004916663397,,,,,,,,,,,,4.856602148022533,4.828720722791348,5.289318396648186,5.279063270891494,5.217947405905031,5.202722737795873,5.188275959951205,5.157275374773227,5.124042086299156,5.021940522605745,4.921416778834559,,,,5.083835791665032,5.0988477640471235,"rgba(38, 166, 154, 1.0)",0.5114528414321371,5.099139971795016,-0.33070492153568176,56.95050978419466,0.4728374318406168,True,False,True,False,True,0.0,0.0,0.0,0.0,0.0,0,0.9548387096774192,0.9622119815668201,False,False,False,False,-0.23793762280260972,-0.24553048171443204,False,False,False,False,-29886.0,11874.756210355743,False,False,False,False,2402.579568041381,False,False,False,False
2025-07-03 14:00:00+00:00,4.93,4.955,4.89,4.905,1605.0,,,,,,,,,,,,,4.927451855742297,5.233157135872163,,,,,,,,,,,,4.859294458253042,4.8309785604982105,5.287148247861076,5.276990684321675,5.216457479587121,5.201354864018035,5.187012701181734,5.156245959307854,5.123257456637678,5.021596022533808,4.921403775239043,,,,5.08030449580723,5.0983400190399335,"rgba(38, 166, 154, 1.0)",0.5100329701407825,5.0982291329602365,-0.378856160822113,56.2978204125792,0.4728374318406168,True,False,True,False,True,0.0,0.0,0.0,0.0,0.0,0,0.9543568464730291,0.9631166436145687,False,False,False,False,-0.24252763338877645,-0.24402905755160426,False,False,False,False,-31491.0,11202.418904768832,False,False,False,False,2390.213993343065,False,False,False,False
2025-07-03 15:00:00+00:00,4.895,4.915,4.88,4.895,2143.0,,,,,,,,,,,,,4.919053044769786,5.229197685421598,,,,,,,,,,,,4.861404830917875,4.833155634601504,5.284135448432456,5.274108473813067,5.214359755693164,5.199421856312243,5.185220766890629,5.1547715343396465,5.122118496974244,5.021052538269258,4.921313686370277,,,,5.074125365095692,5.097369365692216,"rgba(38, 166, 154, 1.0)",0.5085793231423449,5.096673074097872,-0.3965420238711249,54.98360054369448,0.4728374318406168,True,False,True,False,True,0.0,0.0,0.0,0.0,0.0,0,0.9497232472324725,0.967712177121771,False,False,False,False,-0.2540471091173256,-0.24903808333446492,False,False,False,False,-33634.0,10507.280627175516,False,False,False,False,2386.381218252475,False,False,False,False
2025-07-03 16:00:00+00:00,4.895,4.93,4.885,4.92,1947.0,,,,,,,,,,,,,4.917585866829898,5.225838965309922,,,,,,,,,,,,4.863857641760869,4.835450603289944,5.281542645109927,5.271630058629053,5.212566475981824,5.197772749348757,5.183695433439487,5.153523419261385,5.121161779367573,5.0206218982933395,4.9212818719116145,,,,5.071712416069911,5.096645870581252,"rgba(38, 166, 154, 1.0)",0.5061321890502427,5.095695186783005,-0.34713300316404955,55.99497054633031,0.4728374318406168,True,False,True,False,True,0.0,0.0,0.0,0.0,0.0,1,0.9504400185270959,0.9703566465956459,False,False,False,False,-0.24943155580787055,-0.24923481957116772,False,False,False,False,-31687.0,9853.105733730934,False,False,False,False,2379.5691063415834,False,False,False,False
2025-07-03 17:00:00+00:00,4.92,4.92,4.92,4.92,0.0,,,,,,,,,,,,,4.917585866829898,5.225838965309922,,,,,,,,,,,,4.863857641760869,4.835450603289944,5.281542645109927,5.271630058629053,5.212566475981824,5.197772749348757,5.183695433439487,5.153523419261385,5.121161779367573,5.0206218982933395,4.9212818719116145,,,,5.071712416069911,5.096645870581252,"rgba(38, 166, 154, 1.0)",0.49915358087195477,5.095695186783005,-0.3519862293206214,56.6692172147542,1.003204125180062,True,False,True,False,True,0.0,0.0,0.0,0.0,0.0,0,0.9607476635514021,0.9640186915887851,False,False,False,False,-0.24367669676979006,-0.24645575817047888,False,False,False,False,-31687.0,9209.073086696344,False,False,False,False,2342.676562057218,False,False,False,False
2025-07-03 18:00:00+00:00,4.92,4.92,4.92,4.92,0.0,,,,,,,,,,,,,4.917585866829898,5.225838965309922,,,,,,,,,,,,4.863857641760869,4.835450603289944,5.281542645109927,5.271630058629053,5.212566475981824,5.197772749348757,5.183695433439487,5.153523419261385,5.121161779367573,5.0206218982933395,4.9212818719116145,,,,5.071712416069911,5.096645870581252,"rgba(38, 166, 154, 1.0)",0.4904265196450626,5.095695186783005,-0.35824976779428946,57.118714993703456,1.84876239082773,True,False,True,False,True,0.0,0.0,0.0,0.0,0.0,0,0.9620431115276477,0.9564198687910027,False,False,False,False,-0.24367669676979006,-0.24506622747013446,False,False,False,False,-31687.0,8575.025441941361,False,False,False,False,2306.3559952036176,False,False,False,False
2025-07-03 19:00:00+00:00,4.92,4.92,4.92,4.92,0.0,,,,,,,,,,,,,4.917585866829898,5.225838965309922,,,,,,,,,,,,4.863857641760869,4.835450603289944,5.281542645109927,5.271630058629053,5.212566475981824,5.197772749348757,5.183695433439487,5.153523419261385,5.121161779367573,5.0206218982933395,4.9212818719116145,,,,5.071712416069911,5.096645870581252,"rgba(38, 166, 154, 1.0)",0.48265362582551924,5.095695186783005,-0.36401920006816557,57.418380179669626,2.582737873799296,True,False,True,False,True,0.0,0.0,0.0,0.0,0.0,0,0.9610328638497654,0.9563380281690141,False,False,False,False,-0.24367669676979006,-0.24437146211996225,False,False,False,False,-31687.0,7950.807993229092,False,False,False,False,2270.598537913639,False,False,False,False
2025-07-04 14:00:00+00:00,4.92,4.92,4.92,4.92,0.0,,,,,,,,,,,,,4.917585866829898,5.225838965309922,,,,,,,,,,,,4.863857641760869,4.835450603289944,5.281542645109927,5.271630058629053,5.212566475981824,5.197772749348757,5.183695433439487,5.153523419261385,5.121161779367573,5.0206218982933395,4.9212818719116145,,,,5.071712416069911,5.096645870581252,"rgba(38, 166, 154, 1.0)",0.4729266556471727,5.095695186783005,-0.3715062043660376,57.61815697031374,3.2339212676972693,True,False,True,False,True,0.0,0.0,0.0,0.0,0.0,0,0.9598867390278433,0.9603586597451627,False,False,False,False,-0.24367669676979006,-0.24402407944487614,False,False,False,False,-31687.0,7336.268334419338,False,False,False,False,2235.395459806451,False,False,False,False
2025-07-04 15:00:00+00:00,4.92,4.92,4.92,4.92,0.0,,,,,,,,,,,,,4.917585866829898,5.225838965309922,,,,,,,,,,,,4.863857641760869,4.835450603289944,5.281542645109927,5.271630058629053,5.212566475981824,5.197772749348757,5.183695433439487,5.153523419261385,5.121161779367573,5.0206218982933395,4.9212818719116145,,,,5.071712416069911,5.096645870581252,"rgba(38, 166, 154, 1.0)",0.45979973117955447,5.095695186783005,-0.38211241736110374,57.75134149740982,3.8180569962708617,True,False,True,False,True,0.0,0.0,0.0,0.0,0.0,0,0.9586305278174037,0.9633856395625295,False,False,False,False,-0.24367669676979006,-0.24385038810733312,False,False,False,False,-31687.0,6731.2564222577985,False,False,False,False,2200.7381658559634,False,False,False,False
2025-07-04 16:00:00+00:00,4.92,4.92,4.92,4.92,0.0,,,,,,,,,,,,,4.917585866829898,5.225838965309922,,,,,,,,,,,,4.863857641760869,4.835450603289944,5.281542645109927,5.271630058629053,5.212566475981824,5.197772749348757,5.183695433439487,5.153523419261385,5.121161779367573,5.0206218982933395,4.9212818719116145,,,,5.071712416069911,5.096645870581252,"rgba(38, 166, 154, 1.0)",0.44767039636744077,5.095695186783005,-0.39246550187070534,57.84013118214054,4.343907861519682,True,False,True,False,True,0.0,0.0,0.0,0.0,0.0,0,0.9677729677729678,0.959114959114959,False,False,False,False,-0.24367669676979006,-0.24376354243856158,False,False,False,False,-31687.0,6135.6245397421735,False,False,False,False,2166.618194292305,False,False,False,False
2025-07-04 17:00:00+00:00,4.92,4.92,4.92,4.92,0.0,,,,,,,,,,,,,4.917585866829898,5.225838965309922,,,,,,,,,,,,4.863857641760869,4.835450603289944,5.281542645109927,5.271630058629053,5.212566475981824,5.197772749348757,5.183695433439487,5.153523419261385,5.121161779367573,5.0206218982933395,4.9212818719116145,,,,5.071712416069911,5.096645870581252,"rgba(38, 166, 154, 1.0)",0.43835097419370966,5.095695186783005,-0.4008093904802515,57.89932430529435,4.816749760714529,True,False,True,False,True,0.0,0.0,0.0,0.0,0.0,1,0.9676484789956543,0.9531627233220665,False,False,False,False,-0.24367669676979006,-0.24372011960417583,False,False,False,False,-31687.0,5549.227260056248,False,False,False,False,2133.027214535835,False,False,False,False
2025-07-04 18:00:00+00:00,4.92,4.92,4.92,4.92,0.0,,,,,,,,,,,,,4.917585866829898,5.225838965309922,,,,,,,,,,,,4.863857641760869,4.835450603289944,5.281542645109927,5.271630058629053,5.212566475981824,5.197772749348757,5.183695433439487,5.153523419261385,5.121161779367573,5.0206218982933395,4.9212818719116145,,,,5.071712416069911,5.096645870581252,"rgba(38, 166, 154, 1.0)",0.4279988317741039,5.095695186783005,-0.410503893327766,57.93878638739689,5.240303833056267,True,False,True,False,True,0.0,0.0,0.0,0.0,0.0,1,0.9694323144104804,0.9519650655021833,False,False,False,False,-0.24367669676979006,-0.24369840818698296,False,False,False,False,-31687.0,4971.921411063128,False,False,False,False,2099.9570251631862,False,False,False,False
2025-07-04 19:00:00+00:00,4.92,4.92,4.92,4.92,0.0,,,,,,,,,,,,,4.917585866829898,5.225838965309922,,,,,,,,,,,,4.863857641760869,4.835450603289944,5.281542645109927,5.271630058629053,5.212566475981824,5.197772749348757,5.183695433439487,5.153523419261385,5.121161779367573,5.0206218982933395,4.9212818719116145,,,,5.071712416069911,5.096645870581252,"rgba(38, 166, 154, 1.0)",0.4180709668624826,5.095695186783005,-0.42025206414488286,57.965094442131914,5.617739258244505,True,False,True,False,True,0.0,0.0,0.0,0.0,0.0,1,0.9684005833738455,0.949927078269324,False,False,False,False,-0.24367669676979006,-0.24368755247838653,False,False,False,False,-31687.0,4403.566040348971,False,False,False,False,2067.399551904842,False,False,False,False
2025-07-07 14:00:00+00:00,4.895,5.01,4.88,4.89,1755.0,,,,,,,,,,,,4.926666666666668,4.918964840933345,5.2230134411061435,,,,,,,,,,,,4.866504089439483,4.837792316394097,5.279329800450758,5.269516806698244,5.211047826591403,5.196379469384169,5.182410036920838,5.152478413524172,5.120368045446723,5.020289662199009,4.921297831533924,,,,5.022881649568719,5.096128572598439,#000000,0.4084601715121186,5.09504462581998,-0.5019941725551992,51.861115006514346,4.500252409517962,True,False,False,False,False,0.0,0.0,0.0,0.0,0.0,1,0.9686444766039557,0.9406657018813313,False,False,False,False,-0.23221389252003188,-0.2379507224992092,False,False,False,False,-33442.0,3816.813078483095,False,False,False,False,2062.5561479993407,False,False,False,False
2025-07-07 15:00:00+00:00,4.875,4.905,4.85,4.88,3493.0,,,,,,,,,,,,4.8944966336382105,4.909534551495017,5.216653875002642,,,,,,,,,,,,4.867419352456899,4.839763087699764,5.2744141655904295,5.2648046792378205,5.207567103340042,5.193159208811255,5.179413231045301,5.14998780604106,5.1184179670230385,5.01929756042905,4.921045872283558,,,,5.006895020045289,5.094117275814384,"rgba(239, 83, 80, 0.5)",0.4001945247722104,5.090864550992615,-0.5269051372270486,46.38932433201257,-0.34318407341940826,True,False,False,True,False,0.0,0.0,0.0,0.0,0.0,0,0.9676484789956542,0.9502655721873489,False,False,False,False,-0.26331031582629655,-0.25063051916275286,False,False,False,False,-36935.0,3185.002023002737,False,False,False,False,2084.7335720613664,False,False,False,False
2025-07-07 16:00:00+00:00,4.88,4.9,4.82,4.825,381.0,,,,,,,,,,,,4.8913720613489655,4.908023459270299,5.215914115668673,,,,,,,,,,,,4.867259624536895,4.839808290418443,5.273845211600804,5.264258194796978,5.207157648480715,5.192778802461557,5.179057707754963,5.149689177824375,5.118180819175446,5.019167333090754,4.920999390952882,,,,5.005103212095979,5.093836563735801,"rgba(239, 83, 80, 0.5)",0.3909822465497823,5.0903598897646285,-0.6787006113609843,38.05875763941951,-7.569247077934662,False,False,False,True,False,0.0,0.0,0.0,0.0,0.0,0,0.9636803874092011,0.9588377723970943,False,False,False,False,-0.27145196489107193,-0.26104124202691237,False,False,False,False,-37316.0,2557.0795110181984,False,False,False,False,2058.3190980759186,False,False,False,False
2025-07-07 17:00:00+00:00,4.825,4.825,4.76,4.78,456.0,,,,,,,,,,,,4.88365050671049,4.904588027947377,5.214888747482291,,,,,,,,,,,,4.866476918504343,4.839485385828793,5.273070515534621,5.263511936078051,5.206587078945403,5.1922454986216335,5.178556188267217,5.149261534442204,5.117834548113905,5.018957080764943,4.920897967874273,,,,5.001042427380053,5.09335315027049,"rgba(239, 83, 80, 1.0)",0.3814642486170501,5.0893671644173235,-0.8109991055227178,30.598570732924763,-13.751412744715978,False,True,False,True,False,0.0,0.0,0.0,0.0,0.0,0,0.9511841469308846,0.9695505074915417,False,False,False,False,-0.30319796605753424,-0.2821196040422233,False,False,False,False,-37772.0,1931.8224643357457,False,False,False,False,2033.476941516602,False,False,False,False
2025-07-07 18:00:00+00:00,4.78,4.81,4.735,4.795,583.0,,,,,,,,,,,,4.874588082383522,4.900177899210686,5.213559474876269,,,,,,,,,,,4.779999999999999,4.8653942159705075,4.839012100534515,5.272066687851823,5.262544567072528,5.205845372016176,5.191551684983483,5.1779032103955664,5.148703671071954,5.11738172531258,5.018679135550983,4.920760386030028,,,,4.996108485490159,5.066653563065845,"rgba(239, 83, 80, 1.0)",0.3708475440135724,5.077226764061594,-0.7610317733458282,28.18577053783083,-15.330999987778284,False,True,False,True,False,0.0,0.0,0.0,0.0,0.0,0,0.9497827136648962,0.9719942056977304,False,False,False,False,-0.3127165306773187,-0.297418067359771,False,False,False,False,-37189.0,1325.2980850437189,False,False,False,False,2010.9889269194452,False,False,False,False
2025-07-07 19:00:00+00:00,4.805,4.89,4.795,4.885,5901.0,,,,,,,,,,,,4.866174185164558,4.888700549818962,5.202849260312149,,,,,,,,,,,4.849773288093769,4.864412603717964,4.840327898184634,5.263679520298358,5.254488362367149,5.199806540859122,5.185942448377916,5.172663008472819,5.144305238288485,5.113891970015907,5.016793917439984,4.920133111536057,,,,4.98590799843189,5.068851492304346,"rgba(239, 83, 80, 0.5)",0.3583525492438238,5.075894447743915,-0.5327001249097575,36.30497955377169,-21.264097932537886,False,False,False,True,True,0.0,0.0,0.0,0.0,0.0,0,0.9600961538461539,0.958653846153846,False,False,False,False,-0.27962889552065023,-0.2885234814402106,False,False,False,False,-31288.0,819.6655565934286,False,False,False,False,2071.2991761144926,False,False,False,False
2025-07-08 14:00:00+00:00,4.88,5.0,4.87,4.99,3862.0,,,,,,,,,,,,4.886660377741261,4.898215733363829,5.198043099134327,,,,,,,,,,,4.888430633417102,4.8705092493963935,4.845583648450106,5.259632077903511,5.2506264132899885,5.1970480374570265,5.183420207618545,5.170346173167727,5.142441193642065,5.112497653943997,5.016314284465527,4.920344410295285,,,,4.994306403413138,5.071432831920606,#000000,0.3441821877703377,5.078225014341081,-0.2563323073533097,46.98918817388187,-12.040489802614296,True,False,False,False,True,0.0,0.0,0.0,0.0,0.0,0,0.9680648236415634,0.9470924690181124,False,False,False,False,-0.23679166326195075,-0.26265757235108067,False,False,False,False,-27426.0,381.74826114236765,False,False,False,False,2099.0619795855855,False,False,False,True
2025-07-08 15:00:00+00:00,4.985,5.01,4.92,4.925,2430.0,,,,,,,,,,,4.951666666666667,4.895035611402718,4.902747211852678,5.195092832139977,,,,,,,,,,,4.900458150699229,4.873865601279826,4.848599768334346,5.257125501439702,5.248233466956971,5.195332138132937,5.18184974641844,5.168902320509441,5.1412766866033826,5.111623627225586,5.016008305837653,4.920469340467847,,,4.951666666666667,4.98613558051551,5.0719787211587795,#000000,0.3292025581983256,5.0755349201622995,-0.4572714166808236,49.82003056963076,-10.066328841099875,True,False,False,False,True,0.0,-1.0,5.01,4.92,0.0,0,0.9752262982372557,0.9480705097665554,False,False,False,False,-0.22308675546317616,-0.2428721639071284,False,False,False,False,-29856.0,-87.05403747999463,False,False,False,False,2104.1928016075144,False,False,False,False
2025-07-08 16:00:00+00:00,4.925,4.945,4.9,4.94,2973.0,,,,,,,,,,,4.938827503238941,4.899569555128087,4.905151673199309,5.191241116323948,,,,,,,,,,,4.905720257370839,4.876488798172717,4.85128006241449,5.25388370421959,5.2451311154024305,5.1930672413169985,5.179765208484873,5.166974578403098,5.139698191818804,5.110413014870815,5.015503533848321,4.920507528908548,,,4.938827503238941,4.983697461972572,5.071536102935959,"rgba(38, 166, 154, 1.0)",0.312808291173723,5.074403607862967,-0.4296676643661077,52.39909516748973,-7.897992444507629,True,False,True,False,True,0.0,0.0,0.0,0.0,0.0,0,0.9762018086625418,0.9466920514040933,False,False,False,False,-0.2425276333887759,-0.24269989864795216,False,False,False,False,-26883.0,-502.4950601547234,False,False,False,False,2117.662680652359,False,False,False,False
2025-07-08 17:00:00+00:00,4.95,4.955,4.905,4.905,738.0,,,,,,,,,,,4.936765184823319,4.900292028471853,4.905528150161652,5.1902783504323144,,,,,,,,,,,4.9064340591577205,4.877022523171494,4.8518625461151155,5.2530725823882545,5.2443542954767315,5.192496948661588,5.179239475546061,5.166487589262977,5.139297729738878,5.110104060619099,5.015369617274997,4.920508924512254,,,4.936765184823319,4.983215928472284,5.071354195993765,"rgba(38, 166, 154, 1.0)",0.30143772607737795,5.074102610151845,-0.5609868822737772,52.02651037229544,-7.897992444507629,True,False,True,False,True,0.0,0.0,0.0,0.0,0.0,0,0.9771537363160401,0.9466920514040932,False,False,False,False,-0.2390841960702422,-0.2408920473590972,False,False,False,False,-27621.0,-922.9369972065881,False,False,False,False,2096.2725615724776,False,False,False,False
2025-07-08 18:00:00+00:00,4.9,4.925,4.855,4.855,1403.0,,,,,,,,,,,4.925898285613291,4.8990070212026415,4.90439855522989,5.188174656200882,,,,,,,,,,,4.904230296254892,4.877051316174016,4.852272544950063,5.2513412377210855,5.242690795575898,5.191246940714378,5.178078739471924,5.165404166141856,5.138389677427889,5.109385065146603,5.0149988332356195,4.920412608914332,,,4.925898285613291,4.979369629561676,5.07045851847738,#000000,0.2911942325683644,5.072583324343087,-0.7472102810003434,49.22928606903235,-7.897992444507629,True,False,False,False,True,0.0,0.0,0.0,0.0,0.0,0,0.9733966745843231,0.948693586698337,False,False,False,False,-0.25751573167311737,-0.24920388951610728,False,False,False,False,-29024.0,-1358.612392598734,False,False,False,False,2085.5241497651523,False,False,False,False
2025-07-08 19:00:00+00:00,4.855,4.92,4.845,4.915,6573.0,,,,,,,,,,,4.91073575594437,4.897786216228012,4.902596034696407,5.179144611771723,,,,,,,,,,,4.90130237501533,4.878570539664515,4.855050503490984,5.2437562853753805,5.235407251635603,5.185795238148268,5.173024141895073,5.160694636104117,5.134458896643728,5.106290035270485,5.0134758741651595,4.920125955821249,,,4.91073575594437,4.972565654660128,5.067329311102491,#000000,0.2796639392537345,5.068420307212804,-0.5485880933458799,50.512771965326436,-7.897992444507629,True,False,False,False,True,0.0,0.0,0.0,0.0,0.0,0,0.9701845716990062,0.9503076194983434,False,False,False,False,-0.2609904279555659,-0.2550971587358366,False,False,False,False,-22451.0,-1685.6261539537923,False,False,False,False,2155.0974187610414,False,False,False,False
2025-07-09 14:00:00+00:00,4.84,4.84,4.775,4.83,1423.0,,,,,,,,,,,4.901969219219219,4.894101477380542,4.899612069997366,5.176746073625596,,,,,,,,,,,4.8965581781658045,4.877311830949334,4.85447236367817,5.241798682568253,5.233518267082203,5.184332050325698,5.171653520075903,5.1594039963583604,5.133353384257087,5.105389440994688,5.012939467146796,4.9198855878076015,,,4.901969219219219,4.968107210055681,5.065884730784157,"rgba(239, 83, 80, 0.5)",0.2662824315146062,5.066408323482518,-0.8878104429865495,47.63921064311908,-7.897992444507629,True,False,False,True,False,0.0,0.0,0.0,0.0,0.0,0,0.9587822014051522,0.9498829039812644,False,False,False,False,-0.2960939555093817,-0.2755955571226092,False,False,False,False,-23874.0,-2029.6319500165241,False,False,False,False,2143.7470711833507,False,False,False,False
2025-07-09 15:00:00+00:00,4.83,4.85,4.79,4.845,2335.0,,,,,,,,,,,4.8923502097902105,4.8896250412950115,4.895838698951059,5.173020612954535,,,,,,,,,,,4.890913267897429,4.875770588790211,4.8538675393655915,5.238724047405218,5.230552731056878,5.1820417454203485,5.169510298781863,5.157388125996353,5.131631119751995,5.103990963258558,5.012124400517591,4.919543378849243,,,4.8923502097902105,4.962708640747704,5.063838183924273,"rgba(239, 83, 80, 0.5)",0.25056498320956266,5.063704566597213,-0.8728456937428384,46.50144358395195,-7.897992444507629,True,False,False,True,False,0.0,0.0,0.0,0.0,0.0,0,0.9616643291257597,0.9485741000467509,False,False,False,False,-0.3059220374722781,-0.29075879729744364,False,False,False,False,-21539.0,-2332.102772496888,False,False,False,False,2146.7122328704304,False,False,False,False
2025-07-09 16:00:00+00:00,4.845,4.85,4.81,4.825,442.0,,,,,,,,,,,4.8908054448508675,4.8888454011741675,4.895168948746726,5.17232435775568,,,,,,,,,,,4.889948249194664,4.87548969567062,4.853756186999489,5.23814717935997,5.229996254283055,5.181611519000811,5.1691076096912285,5.157009295242461,5.131307293428025,5.103727828349908,5.011970923286875,4.919478888725368,,,4.8908054448508675,4.96178603813186,5.063462576936039,"rgba(239, 83, 80, 0.5)",0.23531462549737656,5.0632202290917085,-1.0123477390671758,44.90526260943125,-7.897992444507629,False,False,False,True,False,0.0,0.0,0.0,0.0,0.0,0,0.9619718309859154,0.9553990610328638,False,False,False,False,-0.30106367276649176,-0.2959112350319677,False,False,False,False,-21981.0,-2636.736838039572,False,False,False,False,2120.2825858491833,False,False,False,False
2025-07-09 17:00:00+00:00,4.825,4.84,4.79,4.83,11774.0,,,,,,,,,,,4.863100705637345,4.8714216929624685,4.879455590275312,5.1543345620654275,,,,,,,,,,,4.86958148890043,4.867929602672253,4.8502429822002595,5.223055231981885,5.215423285534591,5.17026278425498,5.15846600838302,5.146981578543906,5.122698256113469,5.096692133047183,5.007793562198708,4.917639897671975,,,4.863100705637345,4.942078137735139,5.053897234291888,"rgba(239, 83, 80, 0.5)",0.21332908216484436,5.051567169429621,-1.038616803584289,44.14675739140898,-7.897992444507629,False,False,False,True,False,0.0,0.0,0.0,0.0,0.0,0,0.9569739952718678,0.9659574468085105,False,False,False,False,-0.30835646963897373,-0.30213385233547074,False,False,False,False,-10207.0,-2754.1052591552375,False,False,False,False,2269.952623277878,False,False,False,False
2025-07-09 18:00:00+00:00,4.82,4.865,4.79,4.855,64537.0,,,,,,,,,,,4.845072494399122,4.85122535469135,4.856607287159078,5.084868423876276,,,,,,,,,,,4.849345774509244,4.854564012029996,4.845311398917069,5.15923939126392,5.153663258267704,5.121299078081446,5.1123962645169785,5.10346730112515,5.085047920520672,5.065578036486164,4.989557436664619,4.910189870500288,,,4.845072494399122,4.9094433900314565,5.020804978573604,"rgba(239, 83, 80, 0.5)",0.18853871445102316,5.016586941453194,-0.8570491313876492,45.19559020406482,-7.897992444507629,False,False,False,True,False,0.0,0.0,0.0,0.0,0.0,0,0.9536643026004726,0.962174940898345,False,False,False,False,-0.30227696281114175,-0.3022054075733063,False,False,False,False,54330.0,-1869.0803714163967,False,False,False,False,3235.3332027619417,False,False,False,False
2025-07-09 19:00:00+00:00,4.855,4.905,4.84,4.885,10884.0,,,,,,,,,,,4.848331564182274,4.853496114304771,4.8582644755651705,5.077463239338892,,,,,,,,,,,4.85191236973997,4.856050451062779,4.8471213736409435,5.151581963736921,5.146249818649473,5.115389891170625,5.106838969296062,5.098227652319974,5.080522512096574,5.061841214885896,4.987564393497011,4.909677652725972,,,4.848331564182274,4.909388848347778,5.017748188568517,#000000,0.16431819274951284,5.013700665397698,-0.7832405118640136,47.63214885943924,-7.897992444507629,True,False,False,False,False,0.0,0.0,0.0,0.0,0.0,0,0.9631379962192816,0.9522684310018903,False,False,False,False,-0.28056570787264773,-0.29138555772297703,False,False,False,False,65214.0,-829.0326137200184,False,False,False,False,3353.9171841144694,False,False,False,False
2025-07-10 14:00:00+00:00,4.815,4.86,4.795,4.795,1173.0,,,,,,,,,,,4.847983409101562,4.853145218059932,4.857897375324135,5.076467372432592,,,,,,,,,,,4.851559102573962,4.855767055388221,4.846933081387075,5.150606680866838,5.145301904649816,5.114614246038423,5.106103587691649,5.097528358162607,5.079906399547726,5.0613196548924595,4.987239845828968,4.909524741882739,,,4.847983409101562,4.908873343729556,5.01720038824254,"rgba(239, 83, 80, 0.5)",0.1469820115242314,5.013130051926748,-1.4840595094916555,44.87704540378209,-7.897992444507629,False,False,False,True,False,0.0,0.0,0.0,0.0,0.0,0,0.9586698337292161,0.9596199524940617,False,False,False,False,-0.30227696281114175,-0.2968312602670594,False,False,False,False,64041.0,176.70432602757887,False,False,False,False,3320.104514593315,False,False,False,False
2025-07-10 15:00:00+00:00,4.795,4.82,4.74,4.75,3158.0,,,,,,,,,,,4.845741376328033,4.851065830389999,4.85585748650264,5.07334880014092,,,,,,,,,,,4.849416114064793,4.854137093716715,4.8456734722445445,5.147645979587982,5.1424182120768265,5.112221943781317,5.103825916809906,5.0953528727170765,5.077970350500292,5.059660707598744,4.986134798153646,4.908909917050161,,,4.845741376328033,4.9065033733403975,5.0152806148585,"rgba(239, 83, 80, 1.0)",0.13409580412780353,5.011072590948564,-1.9469109615073577,41.42118597140494,-2.195581990953997,False,True,False,True,False,0.0,0.0,0.0,0.0,0.0,0,0.9473434535104366,0.9620493358633776,False,False,False,False,-0.32549893386069845,-0.31116509706387896,False,False,False,False,60883.0,1117.887204693818,False,False,False,False,3317.5912663050462,False,False,False,False
2025-07-10 16:00:00+00:00,4.75,4.77,4.72,4.73,3041.0,,,,,,,,,,,4.842892792601256,4.848453981878874,4.853324923146224,5.070114056388935,,,,,,,,,,,4.846716005301739,4.852085874524266,4.84403326323741,5.144615128525475,5.139462592049617,5.109750244747484,5.101467117933413,5.09309446433336,5.0759493616125955,5.057917370573755,4.984935031662681,4.908196208878064,,,4.842892792601256,4.903696438503823,5.013185221948321,"rgba(239, 83, 80, 1.0)",0.12097736367816946,5.008805990334929,-2.304612878460666,38.44884567683833,-5.173494384981517,False,True,False,True,False,0.0,0.0,0.0,0.0,0.0,0,0.9417661097852029,0.9751789976133654,False,False,False,False,-0.34282825441539394,-0.3269966757396364,False,False,False,False,57842.0,1997.330813923371,False,False,False,False,3313.3030296181464,False,False,False,False
2025-07-10 17:00:00+00:00,4.73,4.75,4.715,4.715,1305.0,,,,,,,,,,,4.841564511467831,4.847237227581279,4.852147835334445,5.068689792217477,,,,,,,,,,,4.845458010465599,4.8511260167607935,4.843256678852287,5.143285853667253,5.138165610524186,5.108661702158545,5.100427234039539,5.092097815182564,5.075055349395512,5.05714392853671,4.984395916543634,4.907867644747232,,,4.841564511467831,4.9024098416502575,5.012245146739488,"rgba(239, 83, 80, 1.0)",0.11243344377575924,5.007786926843798,-2.604091069448527,35.960895058069624,-7.6713224830555475,False,True,False,True,False,0.0,0.0,0.0,0.0,0.0,0,0.9378585086042065,0.9794455066921605,False,False,False,False,-0.34282825441539394,-0.33491246507751515,False,False,False,False,56537.0,2842.907080374171,False,False,False,False,3282.1665485387953,False,False,False,False
2025-07-10 18:00:00+00:00,4.715,4.725,4.69,4.7,1586.0,,,,,,,,,,,4.839693716259989,4.845530888663651,4.850504431675211,5.066866019126875,,,,,,,,,,,4.843691719327736,4.849779405356096,4.842153757551065,5.1415982644739096,5.136517866137085,5.1072725017323215,5.09909836540302,5.090822451469588,5.073907785498927,5.056147483852014,4.983688911261479,4.907422374144859,,,4.839693716259989,4.900648763931432,5.011008407184009,"rgba(239, 83, 80, 1.0)",0.10815541870194073,5.006439721835889,-2.833327497722407,33.78632593586622,-9.88946757814901,False,True,False,True,False,0.0,0.0,0.0,0.0,0.0,0,0.9335564053537284,0.9823135755258128,False,False,False,False,-0.34282825441539394,-0.3388703597464545,False,False,False,False,54951.0,3650.784489980773,False,False,False,False,3255.869392747496,False,False,False,False
2025-07-10 19:00:00+00:00,4.7,4.735,4.695,4.72,3173.0,,,,,,,,,,,4.8364119054825085,4.842510581404797,4.847579343486177,5.063387562464718,,,,,,,,,,,4.840574401493238,4.84736968172102,4.840182479643803,5.138349916681722,5.1333467981569765,5.104601506978522,5.096544334622849,5.0883723760288655,5.071705100227811,5.054236471598428,4.982343906432228,4.906588399610709,,,4.8364119054825085,4.897472348209551,5.008684614433014,"rgba(239, 83, 80, 1.0)",0.10419736124339998,5.003924042863964,-2.724867880298157,33.976186359073935,-9.961477994709554,False,True,False,True,False,0.0,0.0,0.0,0.0,0.0,0,0.9314148681055158,0.9875299760191846,False,False,False,False,-0.3391900334784022,-0.3390301966124284,False,False,False,False,58124.0,4495.330466880296,False,False,False,False,3254.584595960713,False,False,False,False
2025-07-11 14:00:00+00:00,4.69,4.7,4.645,4.685,2527.0,,,,,,,,,,,4.833088783700351,4.839471644936889,4.844655356062862,5.060352399054997,,,,,,,,,,,4.837432300872648,4.844943589253275,4.838162048378342,5.135556171506201,5.1306162305919525,5.102283640484183,5.094322936403422,5.086236431100581,5.0697747409782306,5.052551323782997,4.981122568155932,4.905790623698436,,,4.833088783700351,4.894392045938774,5.00656605043385,"rgba(239, 83, 80, 1.0)",0.0991871467988044,5.001613161701028,-3.1920785295221865,32.720796794540206,-11.501419366090254,False,True,False,True,False,0.0,0.0,0.0,0.0,0.0,0,0.9210019267822738,0.9966281310211947,False,False,False,False,-0.34282825441539394,-0.34092922551391114,False,False,False,False,55597.0,5287.604413130213,False,False,False,False,3243.304214627989,False,False,False,False
2025-07-11 15:00:00+00:00,4.685,4.695,4.64,4.65,607.0,,,,,,,,,,,4.832236461285585,4.838692457266346,4.843906449111688,5.0596021929375885,,,,,,,,,,,4.836626657504455,4.8443200306410334,4.8376397555902235,5.134868355296034,5.129943676691687,5.10171112033959,5.0937738021556465,5.0857079921835435,5.069296278412476,5.0521327158315685,4.9808162656026385,4.905587325781283,,,4.832236461285585,4.893609390150302,5.006035331335848,"rgba(239, 83, 80, 1.0)",0.09586082253608492,5.00103338239302,-3.661906638250261,30.680186821460037,-13.751192851819248,False,True,False,True,False,0.0,0.0,0.0,0.0,0.0,0,0.9181905678537056,0.9923002887391723,False,False,False,False,-0.34282825441539394,-0.34187873996465257,False,False,False,False,54990.0,6058.18418967083,False,False,False,False,3202.4312810678653,False,False,False,False
2025-07-11 16:00:00+00:00,4.645,4.65,4.61,4.62,329.0,,,,,,,,,,,4.831683958141018,4.838190040957827,4.8434256231891855,5.059161092358036,,,,,,,,,,,4.8361063321205915,4.843919402033133,4.837301909476317,5.134468873395803,5.129552765776612,5.101376798108448,5.093452687167723,5.085398526966902,5.069015188949842,5.051885896624342,4.9806323121169775,4.905461487019571,,,4.831683958141018,4.893115178661517,5.005714348313021,"rgba(239, 83, 80, 1.0)",0.09466974363733019,5.000680588075208,-4.021143117631703,28.403444208091578,-16.156870665014935,False,True,False,True,False,0.0,0.0,0.0,0.0,0.0,0,0.9131927415399709,1.0181461500735656,False,False,False,False,-0.34282825441539394,-0.3423534971900233,False,False,False,False,54661.0,6811.716217737949,False,False,False,False,3157.881958880767,False,False,False,False
2025-07-11 17:00:00+00:00,4.62,4.63,4.595,4.61,764.0,,,,,,,,,,,4.83031928827549,4.836950381788749,4.842240520364817,5.0581048266671615,,,,,,,,,,,4.834822100393696,4.842930888805945,4.83646595187177,5.133516288180514,5.128620328169162,5.100577776781152,5.092684790159825,5.08465805137396,5.068341733514766,5.051293659192841,4.980187802533224,4.905154004392755,,,4.83031928827549,4.891903754274055,5.004937781280801,"rgba(239, 83, 80, 1.0)",0.09781108837451125,4.999825552263382,-3.9854944745197933,26.588999378148475,-18.0899769449289,False,True,False,True,False,0.0,0.0,0.0,0.0,0.0,0,0.9007371007371008,1.018673218673219,False,False,False,False,-0.34282825441539394,-0.34259087580270864,False,False,False,False,53897.0,7541.720617462941,False,False,False,False,3120.767509905871,False,False,False,False
2025-07-11 18:00:00+00:00,4.62,4.63,4.59,4.605,1146.0,,,,,,,,,,,4.828273005633268,4.835088986302149,4.840460045343642,5.0565179843195205,,,,,,,,,,4.608333333333333,4.832894708181416,4.841442650296063,4.835205143414722,5.132084815878934,5.127218972297952,5.09937598354183,5.091529573120606,5.083543871072212,5.06732791457686,5.050401571772761,4.979517029878037,4.904688760595384,,,4.828273005633268,4.890085005399645,4.973351102150778,"rgba(239, 83, 80, 1.0)",0.10140197414428273,4.9796269267835225,-3.694473701769093,25.222049538710316,-19.609016075481495,False,True,False,True,False,0.0,0.0,0.0,0.0,0.0,0,0.9015263417035945,1.0177252584933532,False,False,False,False,-0.34282825441539394,-0.34270956510905126,False,False,False,False,52751.0,8242.639677657313,False,False,False,False,3090.1509593646947,False,False,False,False
2025-07-11 19:00:00+00:00,4.605,4.62,4.59,4.615,10048.0,,,,,,,,,,,4.811826103243061,4.819979962422635,4.825937130297257,5.043069821541622,,,,,,,,,4.608333333333333,4.608333333333333,4.8173027329578835,4.829159906378532,4.824719703904044,5.119860184531329,5.115247840934834,5.089084817703989,5.081631898505374,5.073993581691921,5.058626595501153,5.042731046169804,4.973737783817538,4.900671162626285,,,4.811826103243061,4.875203254376144,4.938816708670667,"rgba(239, 83, 80, 1.0)",0.10419567524007962,4.950421673390186,-3.2191515877922274,25.452904304252584,-19.65917035513057,False,True,False,True,False,0.0,0.0,0.0,0.0,0.0,0,0.9000984251968505,1.0167322834645671,False,False,False,False,-0.34282825441539394,-0.34276890976222263,False,False,False,False,62799.0,9088.474721414563,False,False,False,False,3198.024587901676,False,False,False,False
2025-07-14 14:00:00+00:00,4.62,4.68,4.6,4.645,2554.0,,,,,,,,,,,4.808652149991846,4.817010283396586,4.8230526101808495,5.040031538153015,,,,,,,,,4.61508887478178,4.614525749199884,4.814256779544009,4.8266820007830935,4.822594247768165,5.11703994150021,5.11248688221231,5.0867140289436525,5.079353057967224,5.071796373682501,5.05662707681639,5.040969962571414,4.972428784789586,4.89978173989586,,,4.808652149991846,4.872186645430574,4.937881821461149,"rgba(239, 83, 80, 0.75)",0.1061498600695742,4.948863834113732,-2.862592884385998,28.81285330470226,-19.65917035513057,False,True,False,True,True,0.0,0.0,0.0,0.0,0.0,0,0.9047619047619047,1.0103092783505156,False,False,False,False,-0.3269820933451598,-0.3348755015536912,False,False,False,False,65353.0,9960.792942787979,False,False,False,False,3188.039710569867,False,False,False,False
2025-07-14 15:00:00+00:00,4.645,4.695,4.61,4.685,2455.0,,,,,,,,,,,4.806092508621639,4.8145888769797205,4.820684948463568,5.03731057117722,,,,,,,,,4.62295499324788,4.621920837704952,4.811782112420187,4.824632901733554,4.820836345706544,5.114482336597741,5.109983864389748,5.084568499470533,5.0772920332671445,5.069810618137173,5.054822474663937,5.039382727040304,4.971262004852682,4.899003816706938,,,4.806092508621639,4.869669226310537,4.937338254709951,"rgba(239, 83, 80, 0.75)",0.10737083167924555,4.947706921224798,-2.4467252149969028,34.5554557303374,-20.648224195214823,False,True,False,True,True,0.0,0.0,0.0,0.0,0.0,0,0.9034786869181775,1.0122488975992163,False,False,False,False,-0.3213613347734431,-0.3281184181635671,False,False,False,False,67808.0,10857.648866155607,False,False,False,False,3176.6747538168456,False,False,False,False
2025-07-14 16:00:00+00:00,4.685,4.72,4.65,4.67,3969.0,,,,,,,,,,,4.80260125197365,4.811245592843404,4.8173922337539805,5.033186150195146,,,,,,,,,4.6348551105504745,4.633348370678829,4.808378943738492,4.821757990067193,4.818367191583659,5.110558417562812,5.106144532732216,5.081280880311537,5.074135254404458,5.066770739595327,5.052062469465627,5.036957161764998,4.969495286024963,4.897845098791994,,,4.80260125197365,4.866106307191545,4.9365683890908985,"rgba(239, 83, 80, 0.75)",0.10890044217680513,4.9460354870470145,-2.5347508378235744,37.39644295325841,-18.110466889523856,False,True,False,True,True,0.0,0.0,0.0,0.0,0.0,0,0.8956611570247935,1.041322314049587,False,False,False,False,-0.3068378073090633,-0.3174781127363152,False,False,False,False,63839.0,11679.065162804356,False,False,False,False,3188.9588661607704,False,False,False,False
2025-07-14 17:00:00+00:00,4.675,4.7,4.65,4.675,2995.0,,,,,,,,,,,4.799989795592973,4.808738693354139,4.814921048819354,5.030093183908477,,,,,,,,,4.640315078031576,4.638733039812377,4.805829482793833,4.819589241953258,4.816495255325951,5.107610194160493,5.103259002028301,5.078804732475535,5.071756366731145,5.064478805506018,5.049978905483653,5.0351230642123195,4.968153465708035,4.896958934193004,,,4.799989795592973,4.8634356804187355,4.935506112029679,"rgba(239, 83, 80, 0.5)",0.10825882399587725,4.944441980462618,-2.488868532997174,39.73743920612873,-15.977361015256506,False,False,False,True,True,0.0,0.0,0.0,0.0,0.0,0,0.8710182767624022,1.0522193211488253,False,False,False,False,-0.31129297205249495,-0.3143855423944051,False,False,False,False,66834.0,12534.180431598086,False,False,False,False,3185.951751956727,False,False,False,False
2025-07-14 18:00:00+00:00,4.68,4.705,4.675,4.69,2027.0,,,,,,,,,,,4.798487127814212,4.8072782362459545,4.813470807894526,5.028117167524679,,,,,,,,,4.644503007873142,4.642857757137943,4.8043501874429015,4.818305992108662,4.815387225393642,5.1057057993772705,5.101395545253391,5.077207563229573,5.07022263734594,5.06300194950737,5.048637665921613,5.033943533298375,4.967298359149044,4.89640343280578,,,4.798487127814212,4.8618383348698435,4.934944332560333,"rgba(239, 83, 80, 0.5)",0.10668320536196711,4.943524755265271,-2.3764261151048314,42.66270114881702,-13.249083100287528,False,False,False,True,True,0.0,0.0,0.0,0.0,0.0,0,0.880463401790416,1.0394944707740918,False,False,False,False,-0.3046146567161065,-0.3095000995552558,False,False,False,False,68861.0,13407.464455914394,False,False,False,False,3167.9835077403436,False,False,False,False
2025-07-14 19:00:00+00:00,4.69,4.77,4.65,4.695,6795.0,,,,,,,,,,4.705,4.794393104500186,4.803228114649805,4.80940757013622,5.021943960996786,,,,,,,,,4.657831058370889,4.656057811539383,4.800271373330917,4.814665598068328,4.8122382963479176,5.0996724508133315,5.095492911088563,5.072151638729798,5.065369239695175,5.0583307538246185,5.044398552842666,5.030217515000173,4.964622801539598,4.894696579564529,,,4.794393104500186,4.826794550056599,4.93328689862542,"rgba(239, 83, 80, 0.5)",0.10414638000653598,4.926834410710951,-2.2260438691810633,45.07416764850478,-10.968361658344726,True,False,False,True,True,0.0,0.0,0.0,0.0,0.0,0,0.8673684210526318,1.043684210526316,False,False,False,False,-0.2957509536662274,-0.3026255266107416,False,False,False,False,75656.0,14372.558030241304,False,False,False,False,3224.216321573827,False,False,False,False
2025-07-15 14:00:00+00:00,4.71,4.755,4.68,4.7,6599.0,,,,,,,,,,4.708284555273505,4.791018341647967,4.799837349555354,4.8059766874472505,5.016291919476328,,,,,,,,,4.667319365062408,4.665567577139698,4.796874093355568,4.811549055210899,4.809527228238447,5.094080605239975,5.090021429096045,5.067458109229715,5.060862669722427,5.053992933487558,5.0404595587575765,5.026751426123269,4.962141545533957,4.893125087282402,,,4.791018341647967,4.824281770680081,4.931409334534281,#000000,0.10269468437166313,4.924426896231456,-2.1853798724306936,47.17199459647816,-8.922293069851477,True,False,False,False,True,0.0,0.0,0.0,0.0,0.0,0,0.8644785600847008,1.0524086818422447,False,False,False,False,-0.29243874211914356,-0.2975321343649426,False,False,False,False,82255.0,15424.998991012757,False,False,False,False,3276.5385491463257,False,False,False,False
2025-07-15 15:00:00+00:00,4.705,4.755,4.69,4.71,5062.0,,,,,,,,,,4.711040673313105,4.788812847794596,4.797585999912691,4.80367866996792,5.0121858268631145,,,,,,,,,4.67339485695464,4.671686712485681,4.794630084306499,4.8094345508836245,4.807679721820891,5.0899721173397365,5.08600102425154,5.064005709493074,5.05754734785111,5.050801711141831,5.037560647219735,5.024198519155643,4.960320741782222,4.891981408234666,,,4.788812847794596,4.822660803570285,4.9299439394943505,#000000,0.10113544570710944,4.922652819238946,-2.102653701203767,49.57476815444869,-6.549150711092096,True,False,False,False,True,0.0,0.0,0.0,0.0,0.0,0,0.8503474078033139,1.0694815606627475,False,False,False,False,-0.2902340666179409,-0.29388310049144173,False,False,False,False,87317.0,16539.60365781876,False,False,False,False,3304.220122027778,False,False,False,False
2025-07-15 16:00:00+00:00,4.71,4.72,4.63,4.705,2798.0,,,,,,,,,,4.707612527837898,4.787100412876399,4.795892859062423,4.801983225771315,5.0097124101422414,,,,,,,,,4.674111628625668,4.672488697037547,4.792925652010439,4.807893650983326,4.8063211510020665,5.087539241366968,5.083617753723236,5.061945343576312,5.05556482733568,5.048889424484178,5.035815575360674,5.022653648380947,4.959188888252201,4.891235522561579,,,4.787100412876399,4.820460287138056,4.928585071764345,#000000,0.10062901270605555,4.920951610231365,-2.1460173803172893,50.56624709306882,-5.430826879207494,True,False,False,False,True,0.0,0.0,0.0,0.0,0.0,0,0.8691588785046729,1.0736668499175372,False,False,False,False,-0.31129297205249534,-0.3025880362719685,False,False,False,False,84519.0,17593.5477871549,False,False,False,False,3296.3717480428513,False,False,False,False
2025-07-15 17:00:00+00:00,4.705,4.72,4.68,4.705,1671.0,,,,,,,,,,4.707179134860051,4.786266993200774,4.795054121720602,4.801134587507868,5.008327918133657,,,,,,,,,4.675091861282013,4.673501943099399,4.7920861135579536,4.807113826138657,4.805633555090721,5.086159771740391,5.082266846296525,5.060779451873513,5.054443673453911,5.047808761143426,5.034830733782869,5.0217829360467,4.958558178142437,4.890828420782522,,,4.786266993200774,4.8195925510845905,4.927920433745074,#000000,0.10019202284333181,4.920155166333411,-2.1474281108172146,51.227233052148904,-4.514875825455093,True,False,False,False,True,0.0,0.0,0.0,0.0,0.0,0,0.8786703601108035,1.0670360110803327,False,False,False,False,-0.300177080219749,-0.30138255824585874,False,False,False,False,84519.0,18631.151697431567,False,False,False,False,3271.172186057691,False,False,False,False
2025-07-15 18:00:00+00:00,4.705,4.74,4.675,4.685,1532.0,,,,,,,,,,4.706729429883742,4.785502287464464,4.794284676392419,4.800356234416262,5.007062644255452,,,,,,,,,4.675878569219668,4.674319550462226,4.79131593074633,4.8063977208922095,4.805001068275854,5.084898244955603,5.081031294942524,5.059712223987909,5.053417178331619,5.04681914308125,5.033928410810646,5.020984658583031,4.957978907396303,4.890453441605389,,,4.785502287464464,4.818787054482468,4.927295453092183,#000000,0.10023876900086154,4.919411886731888,-2.3385351702580643,49.11681136946151,-4.514875825455093,True,False,False,False,True,0.0,0.0,0.0,0.0,0.0,0,0.8763982102908279,1.0704697986577185,False,False,False,False,-0.2968564237898757,-0.2991194910178672,False,False,False,False,82987.0,19628.916787393868,False,False,False,False,3244.208276196331,False,False,False,False
2025-07-15 19:00:00+00:00,4.675,4.685,4.615,4.635,2910.0,,,,,,,,,,4.700165588726081,4.783175720019424,4.792024046792633,4.798117838216096,5.004262260732432,,,,,,,,,4.674130895653019,4.672696295732577,4.789027803154882,4.804373850891708,4.803201802860153,5.082185373014339,5.078370644132005,5.057395026692549,5.051182755469992,5.0446591563328,5.031947690376311,5.01922124766703,4.956652648337992,4.889540696602096,,,4.783175720019424,4.815549090897333,4.925327563351247,"rgba(239, 83, 80, 0.5)",0.1014300895349123,4.9170057431203045,-2.7802966990701328,43.361174410384166,-0.8417491270893791,True,False,False,True,False,0.0,0.0,0.0,0.0,0.0,1,0.8535211267605636,1.090704225352113,False,False,False,False,-0.3224839066094743,-0.31080169881367076,False,False,False,False,80077.0,20566.096372085434,False,False,False,False,3239.0267525343725,False,False,False,False
2025-07-16 14:00:00+00:00,4.55,4.585,4.51,4.55,1520.0,,,,,,,,,,4.692176353838521,4.781161907072258,4.790111631997329,4.7962520250889895,5.002427706670549,,,,,,,,,4.670518686439344,4.669200951658931,4.787077634211434,4.802707719706829,4.801713485520218,5.080471211119394,5.076686631899082,5.0559136294568985,5.049749872833641,5.043269459022504,5.03066462274772,5.018070476686591,4.9557508621023665,4.888879232025332,,,4.781161907072258,4.812425924933529,4.923619605387878,"rgba(239, 83, 80, 1.0)",0.10535837597165512,4.891408434392416,-3.2404489082506918,35.73160751961778,-7.788698430577369,False,True,False,True,False,0.0,0.0,0.0,0.0,0.0,1,0.8379888268156426,1.092178770949721,False,False,False,False,-0.34282825441539394,-0.32681497661453235,False,False,False,False,78557.0,21465.180149262407,False,False,False,False,3212.3751749757002,False,False,False,False
2025-07-16 15:00:00+00:00,4.55,4.585,4.54,4.58,1082.0,,,,,,,,,,4.687705128632921,4.779870648244719,4.78887958727176,4.795046536410341,5.001187885555001,,,,,,,,,4.668471839112379,4.667222474001293,4.78582325475398,4.8016270642814325,4.800747377979105,5.0793032995057565,5.075539516757489,5.05490569516382,5.048775338132798,5.042324729522287,5.029793121730916,5.0172894624774225,4.955142748962023,4.888437495621873,,,4.779870648244719,4.810537957222949,4.922528815571612,"rgba(239, 83, 80, 1.0)",0.10834242512090228,4.890535894195766,-2.8662446299243403,33.938161632790184,-9.225112234856226,False,True,False,True,False,0.0,0.0,0.0,0.0,0.0,0,0.8418683173888578,1.0979178390545867,False,False,False,False,-0.33624908353489513,-0.33153203007471377,False,False,False,False,79639.0,22367.09983687074,False,False,False,False,3179.3461024954568,False,False,False,False
2025-07-16 16:00:00+00:00,4.58,4.6,4.56,4.595,872.0,,,,,,,,,,4.68480123861094,4.778922446664064,4.7879708667065355,4.794154996763092,5.000232111959422,,,,,,,,,4.667145754765679,4.6659429523214655,4.784899422861845,4.800825075642431,4.800029997051137,5.078396506057805,5.074649054511565,5.054124133813737,5.04801995855872,5.041592764175862,5.02911843427447,5.016685295952951,4.954675105839806,4.888100868292994,,,4.778922446664064,4.809216332140811,4.921728951722891,"rgba(239, 83, 80, 1.0)",0.11073334580816702,4.889959892199935,-2.663695294739132,34.25877406817847,-9.225112234856226,False,True,False,True,False,0.0,0.0,0.0,0.0,0.0,0,0.834295612009238,1.1212471131639723,False,False,False,False,-0.32860864658252886,-0.3300703383286213,False,False,False,False,80511.0,23268.555653353364,False,False,False,False,3143.5732947048296,False,False,False,False
2025-07-16 17:00:00+00:00,4.595,4.61,4.58,4.59,873.0,,,,,,,,,,4.682283376426816,4.778022754322544,4.787106202781142,4.793305245351791,4.999298745079904,,,,,,,,,4.665990160563347,4.66482908085565,4.784021210004779,4.800058866409206,4.799344205390929,5.077507276201673,5.0737759207772095,5.053358129234472,5.047279740071,5.040875634517767,5.028457656096034,5.0160937695895695,4.9542186358196805,4.88777384743639,,,4.778022754322544,4.80800326479244,4.920970295211979,"rgba(239, 83, 80, 1.0)",0.11332755682150902,4.889381537557089,-2.6417364492258053,34.19441369370017,-9.25654481207114,False,True,False,True,False,0.0,0.0,0.0,0.0,0.0,0,0.8293535235876531,1.1234711706464766,False,False,False,False,-0.32208908489151855,-0.32607971161006993,False,False,False,False,79638.0,24142.500526944783,False,False,False,False,3108.3706079652197,False,False,False,False
2025-07-16 18:00:00+00:00,4.59,4.59,4.57,4.575,1274.0,,,,,,,,,,4.678268814922599,4.776619972393309,4.7857614465993885,4.791985941840486,4.997894262933322,,,,,,,,,4.664032190195667,4.662935100202812,4.78265427075563,4.798870409715941,4.79827925389411,5.076175404132213,5.072467790359973,5.052208529308218,5.046168275590068,5.039798271306095,5.027463828521254,5.015202970890068,4.953526956610494,4.887273668268686,,,4.776619972393309,4.806106087737821,4.919789779982231,"rgba(239, 83, 80, 1.0)",0.11611147175826808,4.888118128298533,-2.6967027767110907,33.30374857423399,-10.49596259564835,False,True,False,True,False,0.0,0.0,0.0,0.0,0.0,0,0.829024676850764,1.1233842538190366,False,False,False,False,-0.32860864658252886,-0.3273441790962994,False,False,False,False,78364.0,24983.143929627808,False,False,False,False,3079.9307535781622,False,False,False,False
2025-07-16 19:00:00+00:00,4.575,4.6,4.54,4.55,9686.0,,,,,,,,,,4.652181148552594,4.765806205932696,4.775377308321364,4.781792781224494,4.98714405691684,,,,,,,,,4.649413786557158,4.648720113553761,4.772105816769204,4.789647776012549,4.7899762843830835,5.065978987485544,5.062448578022844,5.043375995279611,5.037621743550758,5.031507533159677,5.019801442289666,5.008318608198154,4.948143381000065,4.883341031027243,,,4.765806205932696,4.792460300189598,4.910742934092093,"rgba(239, 83, 80, 1.0)",0.11935743880544442,4.877654031838906,-2.7451496539984466,31.419712662857222,-12.662808174123214,False,True,False,True,False,0.0,0.0,0.0,0.0,0.0,0,0.8220388921626401,1.1243370654095464,False,False,False,False,-0.33297002237214735,-0.3301571007342234,False,False,False,False,68678.0,25660.583558625825,False,False,False,False,3182.3504318172604,False,False,False,False
2025-07-17 14:00:00+00:00,4.575,4.59,4.545,4.565,418.0,,,,,,,,,,4.651351642996381,4.765371442051732,4.7749576623118415,4.781379711889165,4.986695644963772,,,,,,,,,4.648898619799424,4.648217838698025,4.771680293547796,4.789271624917437,4.789636234254648,5.065550936446343,5.062027895064484,5.043004601775849,5.037262266713171,5.031158736455874,5.019478835248887,5.008028421770183,4.947916377794702,4.883175211330418,,,4.765371442051732,4.791951220842579,4.9103791352726605,"rgba(239, 83, 80, 1.0)",0.12212724128162508,4.877253342398836,-2.5567869962671166,32.009583949030926,-12.662808174123214,False,True,False,True,False,0.0,0.0,0.0,0.0,0.0,0,0.8175876411170531,1.1336898395721928,False,False,False,False,-0.3340622723806343,-0.33210968655742884,False,False,False,False,69096.0,26334.000867794417,False,False,False,False,3139.492285587535,False,False,False,False
2025-07-17 15:00:00+00:00,4.56,4.585,4.545,4.56,1999.0,,,,,,,,,,4.647449564953835,4.763283805437816,4.772942154102208,4.779395694598068,4.984547448676977,,,,,,,,,4.646424690358071,4.645803609115268,4.769636754233601,4.787463489038705,4.7880001301998565,5.063500365273859,5.060012423703901,5.041224086140508,5.035538578354494,5.029485979915348,5.017931051749806,5.006635478920719,4.946825046892774,4.88237628107005,,,4.763283805437816,4.78952373355378,4.908632711783354,"rgba(239, 83, 80, 1.0)",0.12488614634757034,4.875315379382212,-2.524822717362575,32.0941447419459,-12.790555542017728,False,True,False,True,False,0.0,0.0,0.0,0.0,0.0,0,0.8143712574850301,1.135928143712575,False,False,False,False,-0.33471078421713396,-0.33341023538728143,False,False,False,False,67097.0,26965.98535046427,False,False,False,False,3121.8102346481933,False,False,False,False
2025-07-17 16:00:00+00:00,4.56,4.56,4.52,4.52,534.0,,,,,,,,,,4.64611393607306,4.762650829407096,4.772334093699259,4.778799049768345,4.983936668922727,,,,,,,,,4.64555791578756,4.644955543945363,4.769019224495122,4.786921365281518,4.787509240809726,5.062922734045944,5.059444424248666,5.040720967477639,5.035051124521352,5.029012525591152,5.017492194614837,5.006239771080967,4.9465118391401335,4.88214353027168,,,4.762650829407096,4.788766915574097,4.9081073143794045,"rgba(239, 83, 80, 1.0)",0.1285230375114453,4.874685390764993,-2.759702833302613,29.991924433042787,-15.170986110839664,False,True,False,True,False,0.0,0.0,0.0,0.0,0.0,0,0.8255813953488372,1.1376988984088128,False,False,False,False,-0.34282825441539394,-0.3381192449013377,False,False,False,False,66563.0,27579.89255433304,False,False,False,False,3081.689145738919,False,False,False,False
2025-07-17 17:00:00+00:00,4.53,4.54,4.515,4.535,921.0,,,,,,,,,,4.643816403844227,4.761551522458507,4.7712780543122015,4.777762893326339,4.982879357669009,,,,,,,,,4.644050297003522,4.6434797416596965,4.7679467523462,4.785979549678997,4.786655981406928,5.061923182402589,5.058461469458185,5.039849881910519,5.034207052441777,5.028192592500087,5.016731955812782,5.00555403906094,4.94596840813393,4.881738999829536,,,4.761551522458507,4.787457646322057,4.907195707403263,"rgba(239, 83, 80, 1.0)",0.13158681579127635,4.873592271943407,-2.5731473925205655,30.521625346388443,-15.170986110839664,False,True,False,True,False,0.0,0.0,0.0,0.0,0.0,0,0.8219766728054022,1.1221608348680177,False,False,False,False,-0.34282825441539394,-0.34047374965836585,False,False,False,False,67484.0,28198.560886824,False,False,False,False,3048.1900892158346,False,False,False,False
2025-07-17 18:00:00+00:00,4.53,4.56,4.515,4.515,1225.0,,,,,,,,,,4.640897790151627,4.760105358417457,4.769887621861245,4.776398026439061,4.9814806620966,,,,,,,,,4.642104967580538,4.641574544873112,4.766535108110639,4.78473751128856,4.7855298053571556,5.06059949851063,5.057159706735786,5.038695865999275,5.0330887346265785,5.027106185406124,5.015724447155558,5.004645017564993,4.945247797180315,4.88120238161956,,,4.760105358417457,4.785753891793198,4.905996540857773,"rgba(239, 83, 80, 1.0)",0.13425761843599532,4.8721691918668855,-2.6603271831248754,29.771262293904986,-16.019804408186914,False,True,False,True,False,0.0,0.0,0.0,0.0,0.0,0,0.829510229386237,1.120892746435214,False,False,False,False,-0.3378737976560726,-0.33917377365721924,False,False,False,False,66259.0,28788.645214160064,False,False,False,False,3019.923576204736,False,False,False,False
2025-07-17 19:00:00+00:00,4.515,4.54,4.495,4.54,3529.0,,,,,,,,,,4.632925016244315,4.755950047328328,4.765888508406602,4.772470732146388,4.977455052211405,,,,,,,,,4.6366202376528465,4.636196455495419,4.7624764580307755,4.781156947151725,4.782277640808328,5.056787183303884,5.053409933150701,5.035367979831357,5.029862875973386,5.023971552539527,5.012815538220692,5.0020182307629835,4.9431609074095695,4.879643716841666,,,4.755950047328328,4.780937871267407,4.902554689798062,"rgba(239, 83, 80, 0.75)",0.13656345256536892,4.86812298255414,-2.402714462693282,32.34277238991203,-16.019804408186914,False,True,False,True,True,0.0,0.0,0.0,0.0,0.0,0,0.8248447204968945,1.1173913043478263,False,False,False,False,-0.34282825441539394,-0.34100101403630656,False,False,False,False,69788.0,29424.294125568435,False,False,False,False,3027.8162339379955,False,False,False,False
2025-07-18 14:00:00+00:00,4.475,4.525,4.405,4.45,1614.0,,,,,,,,,,4.627650401280065,4.753576953841109,4.763620835897859,4.7702540627179335,4.975376381553512,,,,,,,,,4.6329162660360526,4.632555585428722,4.760169604984823,4.779144815244691,4.780448173015711,5.054850723413949,5.051503715851779,5.033668268802523,5.028212933679434,5.0223658616898055,5.011320856492883,5.0006640263198765,4.942066062773276,4.878805569786503,,,4.753576953841109,4.778095727058096,4.900620890251431,"rgba(239, 83, 80, 1.0)",0.14103424285489974,4.865675257842167,-2.947335692579466,29.78072317158155,-16.097444275768716,False,True,False,True,False,0.0,0.0,0.0,0.0,0.0,0,0.8210526315789476,1.1145510835913317,False,False,False,False,-0.34282825441539394,-0.3419146342258502,False,False,False,False,68174.0,30025.06475928055,False,False,False,False,3005.8966024040733,False,False,False,False
2025-07-18 15:00:00+00:00,4.45,4.475,4.43,4.475,1465.0,,,,,,,,,,4.6231338077811905,4.751455649377553,4.761591423752579,4.768269084916797,4.973504014495664,,,,,,,,,4.629686226257114,4.629378704669507,4.758105968883841,4.7773401434328155,4.778805487322681,5.053103880397559,5.049784047453199,5.032134141629504,5.026723559736681,5.020916299378617,5.009971140236394,4.999440683629204,4.94107657823011,4.878047691573521,,,4.751455649377553,4.775590796064757,4.898893896630767,"rgba(239, 83, 80, 1.0)",0.1445244765578533,4.863523954947977,-2.6882917288577843,30.499174878979993,-16.097444275768716,False,True,False,True,False,0.0,0.0,0.0,0.0,0.0,0,0.8230912476722534,1.1160769708255742,False,False,False,False,-0.34282825441539394,-0.34237144432062205,False,False,False,False,69639.0,30639.234297896357,False,False,False,False,2982.0067325993587,False,False,False,False
2025-07-18 16:00:00+00:00,4.475,4.5,4.47,4.49,1714.0,,,,,,,,,,4.618963863583692,4.7492359297408155,4.7594581690381,4.766176856888966,4.971443472334373,,,,,,,,,4.626627423333042,4.626369509679694,4.755940095340955,4.77542973912599,4.777063831884058,5.0511644183152224,5.047875140998229,5.030432822050723,5.025072451488925,5.019309995807525,5.008476545164203,4.99808683005227,4.9399879445828185,4.877220813606204,,,4.7492359297408155,4.773055658317189,4.897075540102132,"rgba(239, 83, 80, 0.75)",0.14763471478282525,4.861361755114004,-2.5154094391707735,32.36718446758557,-16.097444275768716,False,True,False,True,True,0.0,0.0,0.0,0.0,0.0,0,0.824366110080396,1.108843537414966,False,False,False,False,-0.3269428751428759,-0.334657159731749,False,False,False,False,71353.0,31270.455471572383,False,False,False,False,2962.347713489291,False,False,False,False
2025-07-18 17:00:00+00:00,4.495,4.5,4.455,4.47,818.0,,,,,,,,,,4.616894624940698,4.748143154065991,4.758408664131835,4.765148047841806,4.970442704033476,,,,,,,,,4.6250953980821565,4.624861437590077,4.754874319423446,4.774490350702833,4.776206832964528,5.0502244583741325,5.046949833379076,5.0296072688157185,5.024271022205757,5.018530076880364,5.007750380097059,4.997428543369876,4.939456911138908,4.876815668117646,,,4.748143154065991,4.771807439002761,4.896183035795827,"rgba(239, 83, 80, 0.75)",0.15097989246229135,4.860293672792044,-2.5850705443410193,32.600296747721465,-16.097444275768716,False,True,False,True,True,0.0,0.0,0.0,0.0,0.0,0,0.8234932349323495,1.1082410824108244,False,False,False,False,-0.33059435156464134,-0.3326257556481952,False,False,False,False,70535.0,31879.208099920095,False,False,False,False,2929.102012504961,False,False,False,False
2025-07-18 18:00:00+00:00,4.47,4.485,4.45,4.455,1420.0,,,,,,,,,,4.613156354825622,4.746186550556362,4.75653081224333,4.763308132953825,4.968674292749573,,,,,,,,,4.622307040224653,4.622115314776015,4.752966944027226,4.77281051827182,4.774673446354982,5.048567058517804,5.045318011495314,5.0281499450557074,5.02285588695474,5.017152530605659,5.006466980873659,4.996264290619335,4.938514859371718,4.876093929839442,,,4.746186550556362,4.769571228665742,4.894589768356291,"rgba(239, 83, 80, 0.75)",0.15418945290578245,4.858375729898209,-2.6161045538224457,32.025309842303635,-16.097444275768716,False,True,False,True,True,0.0,0.0,0.0,0.0,0.0,0,0.82363747703613,1.1096142069810166,False,False,False,False,-0.33547627470610636,-0.33405101517715075,False,False,False,False,69115.0,32456.50719914614,False,False,False,False,2905.705082078527,False,False,False,False
2025-07-18 19:00:00+00:00,4.455,4.485,4.435,4.46,1413.0,,,,,,,,,,4.6095340675772185,4.744243463887408,4.754664816992066,4.761479322597071,4.966915272516062,,,,,,,,,4.619570026573738,4.619418418925176,4.751072024193708,4.771139063155865,4.773146288352092,5.046917754111796,5.043694018127835,5.0266987174852,5.021446450544263,5.015780334193218,5.005188099560102,4.9951035898519915,4.937574594711607,4.875372466442843,,,4.744243463887408,4.767367388713965,4.893008703302102,"rgba(239, 83, 80, 0.75)",0.1568101796199135,4.856483826521836,-2.5284316839816046,32.20067851309576,-16.097444275768716,False,True,False,True,True,0.0,0.0,0.0,0.0,0.0,0,0.8228849665246502,1.1089470480827757,False,False,False,False,-0.3391478496604847,-0.33659943241881773,False,False,False,False,70528.0,33046.76290148496,False,False,False,False,2882.5623676276973,False,False,False,False
2025-07-21 14:00:00+00:00,4.445,4.47,4.42,4.445,1735.0,,,,,,,,,,4.604890748602505,4.741769352102474,4.752290454114904,4.759153461453201,4.964708547481359,,,,,,,,,4.616028700488345,4.615926951492006,4.748660355565243,4.769013209305122,4.771202413225623,5.044853764184658,5.041661298181824,5.024879988490812,5.019679472003637,5.0140594283364175,5.00358296546223,4.993645479090979,4.936388996788894,4.874458140424304,,,4.741769352102474,4.764562512750889,4.891002940217149,"rgba(239, 83, 80, 0.75)",0.15891373942039647,4.854070944734384,-2.57416977428372,31.496817474415124,-16.097444275768716,False,True,False,True,True,0.0,0.0,0.0,0.0,0.0,0,0.8221415607985482,1.1101028433151845,False,False,False,False,-0.34282825441539394,-0.33971384341710587,False,False,False,False,68793.0,33600.96812781852,False,False,False,False,2864.7707030133142,False,False,False,False
2025-07-21 15:00:00+00:00,4.445,4.465,4.425,4.425,2236.0,,,,,,,,,,4.599045619817416,4.738570228462936,4.74921841017001,4.756143379056746,4.961855848802948,,,,,,,,,4.61150142998758,4.6114605945404845,4.745540761887635,4.766258488194765,4.768680421430233,5.0421852275268835,5.039032833050489,5.022526032552281,5.01739194016718,5.011831033661017,5.001503320186416,4.991754988565807,4.93484882012019,4.873267303619453,,,4.738570228462936,4.7609666972620115,4.888413085392172,"rgba(239, 83, 80, 1.0)",0.16105507982903186,4.850973868126716,-2.6448955759663657,30.00551571656998,-16.933757422982538,False,True,False,True,False,0.0,0.0,0.0,0.0,0.0,0,0.823600240818784,1.1101745936183025,False,False,False,False,-0.34282825441539394,-0.34127104891624993,False,False,False,False,66557.0,34111.91435839498,True,False,False,False,2855.0223200208593,True,False,False,False
2025-07-21 16:00:00+00:00,4.425,4.44,4.42,4.425,582.0,,,,,,,,,,4.5975003758599415,4.737721207589992,4.7484032309458435,4.755344776104825,4.9611043086095545,,,,,,,,,4.610294753523119,4.610269636052787,4.7447129377193455,4.765527347574048,4.768010555600645,5.041483052374277,5.038341105110363,5.02190599093599,5.0167892453307825,5.0112437752872205,5.000954957487369,4.991256175994547,4.934441451898937,4.87295130901957,,,4.737721207589992,4.760014779822031,4.887727306707785,"rgba(239, 83, 80, 1.0)",0.1628864635259698,4.850153083068227,-2.6101191828039325,29.01131454467322,-18.030836848971745,False,True,False,True,False,0.0,0.0,0.0,0.0,0.0,0,0.8292079207920794,1.1163366336633664,False,False,False,False,-0.34282825441539394,-0.3420496516658219,False,False,False,False,66557.0,34614.93894198575,True,False,False,False,2819.781663896505,True,False,False,False
2025-07-21 17:00:00+00:00,4.425,4.43,4.39,4.425,2181.0,,,,,,,,,,4.5915129315964185,4.734445132272423,4.745259168619582,4.752265748575852,4.958236691015844,,,,,,,,4.415,4.605589609614917,4.605623909154376,4.741519659432871,4.762708134353585,4.765425947373426,5.038809022898749,5.035706432354144,5.019541962692156,5.0144906946076535,5.009003446727332,4.998861678487386,4.989350655356181,4.9328806177562905,4.871735733996055,,,4.734445132272423,4.756343934416025,4.853749833653676,"rgba(239, 83, 80, 1.0)",0.16484193903513134,4.817401885843992,-2.3804736109077385,28.34851376340871,-18.811513578983174,False,True,False,True,False,0.0,0.0,0.0,0.0,0.0,0,0.8210723192019952,1.12281795511222,True,False,False,False,-0.34282825441539394,-0.3424389530406079,False,False,False,False,66557.0,35110.16469482317,True,False,False,False,2809.878072208187,True,False,False,False
2025-07-21 18:00:00+00:00,4.425,4.45,4.425,4.445,751.0,,,,,,,,,,4.589820414801152,4.733419481318626,4.744271147141089,4.751296015261346,4.957301342395323,,,,,,,,4.421403478854025,4.6042271875718965,4.604278101771204,4.740517458603311,4.761816885231031,4.764607576894056,5.037930219681793,5.03484069559451,5.018765682901438,5.01373611315158,5.008268212879564,4.99817505669973,4.988725860042766,4.932371173063283,4.871341487387318,,,4.733419481318626,4.755221680183507,4.853400346021833,"rgba(239, 83, 80, 0.75)",0.16624517875552527,4.816786397308222,-2.236374011513194,30.988919134906002,-18.811513578983174,False,True,False,True,True,0.0,0.0,0.0,0.0,0.0,0,0.8282323547782637,1.1099312929419116,False,False,False,False,-0.3290811592206815,-0.3357600561306447,False,False,False,False,67308.0,35609.355939864676,False,False,False,False,2777.9574819413933,False,False,False,False
2025-07-21 19:00:00+00:00,4.445,4.46,4.43,4.43,4375.0,,,,,,,,,,4.580666396663129,4.727583718607889,4.738640166833047,4.745764387003836,4.951918835657705,,,,,,,,4.432537977282059,4.596715646301175,4.596853189115477,4.734809011269876,4.756721178473235,4.7599207564521855,5.032861541690885,5.029846897395156,5.014284439205914,5.009379359841983,5.004022553138199,4.994208401284743,4.98511414326356,4.929424181814616,4.8690590171442585,,,4.727583718607889,4.748914700953121,4.849717219578221,"rgba(239, 83, 80, 0.75)",0.16731450667572503,4.812072156454708,-2.2835566625146795,31.581492315800027,-21.32414039142897,False,True,False,True,True,0.0,0.0,0.0,0.0,0.0,0,0.8278894472361811,1.1136934673366838,False,False,False,False,-0.3253528924458392,-0.330556474288242,False,False,False,False,62933.0,36032.9783283939,False,False,False,False,2802.717831058581,False,False,False,False
2025-07-22 14:00:00+00:00,4.475,4.485,4.46,4.475,1827.0,,,,,,,,,,4.577995896374374,4.725489419897805,4.736605521531621,4.7437576720302,4.949848322318231,,,,,,,,4.440697941756076,4.594403153499728,4.594565019011407,4.7327511853172854,4.7548596269823005,4.758203138497606,5.030887792423768,5.027902671783701,5.01254097787092,5.007684872466546,5.002371961292028,4.992667193553839,4.983711295118811,4.928287041838613,4.868186487894459,,,4.725489419897805,4.746739366430447,4.848648023953806,"rgba(239, 83, 80, 0.5)",0.16724979968745132,4.810655370587722,-2.006910449010878,37.48601294779603,-15.887868290966452,False,False,False,True,True,0.0,0.0,0.0,0.0,0.0,0,0.8238993710691827,1.1094339622641511,False,False,False,False,-0.31175616274538887,-0.3211563185168154,False,False,False,False,64760.0,36478.35850934903,False,False,False,False,2787.5904228251143,False,False,False,False
2025-07-22 15:00:00+00:00,4.475,4.5,4.47,4.485,2264.0,,,,,,,,,,4.575214435123412,4.723059453251452,4.734236928002661,4.741417143100663,4.947369499147751,,,,,,,,4.449497718898052,4.5919198841021425,4.59210632477277,4.7303583322668254,4.752680669681494,4.756189045767639,5.028511953622161,5.025562462674582,5.010442437500182,5.005645407855505,5.000385548325535,4.990812572847937,4.982023028430788,4.926921686293501,4.86714237171317,,,4.723059453251452,4.744259491725187,4.8473466296501515,"rgba(239, 83, 80, 0.5)",0.16680400647638435,4.809005275967726,-1.9424310171686279,42.400975779426055,-11.629125553130358,True,False,False,True,True,0.0,0.0,0.0,0.0,0.0,1,0.8259493670886077,1.108227848101266,False,False,False,False,-0.3056128281288236,-0.31338457332281955,False,False,False,False,67024.0,36951.934346413385,False,False,False,False,2779.4727418510815,False,False,False,False
2025-07-22 16:00:00+00:00,4.485,4.495,4.47,4.48,545.0,,,,,,,,,,4.574545710912907,4.722473728419906,4.733665857672308,4.7408527878106534,4.946772455470139,,,,,,,,4.450965698177454,4.591320729631994,4.591512937805207,4.729781468791896,4.752154919667636,4.755702726393127,5.0279396277576325,5.024998671784258,5.009936569653138,5.005153705537141,4.999906568103881,4.990365213433247,4.981615612896735,4.926591797366205,4.866889691661535,,,4.722473728419906,4.743662108057182,4.846989062577405,"rgba(239, 83, 80, 0.5)",0.16623268723780957,4.8085736487481245,-1.9765886854615566,45.128465372964044,-9.43316172567203,True,False,False,True,True,0.0,0.0,0.0,0.0,0.0,0,0.819004524886878,1.133807369101487,False,False,False,False,-0.3055266147460782,-0.3094555940344489,False,False,False,False,66479.0,37409.71831003488,False,False,False,False,2744.8297536053283,False,False,False,False
2025-07-22 17:00:00+00:00,4.48,4.54,4.475,4.52,2809.0,,,,,,,,,,4.572311309019301,4.71986990182542,4.731108554884375,4.7383147185174375,4.943916265693269,,,,,,,,4.462524064533622,4.589150460246176,4.589361348004182,4.727204609052113,4.749774158343495,4.7534946927530255,5.025169644761511,5.022270687777433,5.007491736376884,5.002778374664143,4.997593906946025,4.988207124488363,4.97965159580799,4.9250133554170565,4.865693597192471,,,4.71986990182542,4.74110414998796,4.845691957090966,"rgba(38, 166, 154, 1.0)",0.16487442669065963,4.806972570687993,-1.7405523491306292,50.58893564967116,-4.676449882981167,True,False,True,False,True,0.0,0.0,0.0,0.0,0.0,0,0.8237200259235258,1.119248217757615,False,False,False,False,-0.2916161360420503,-0.3005358650382496,False,False,False,False,69288.0,37903.95523546069,False,False,False,False,2745.824641146331,False,False,False,False
2025-07-22 18:00:00+00:00,4.515,4.535,4.51,4.525,3052.0,,,,,,,,,,4.5704906152178415,4.7172672654430805,4.728540197623069,4.735758756228014,4.940937816873139,,,,,,,,4.472948120272598,4.5872580837627615,4.587483184988427,4.724620830841805,4.74736445744624,4.751254072198051,5.022261150367355,5.019406365466642,5.004924323375745,5.000284040415749,4.995165624575348,4.985941160530857,4.977588935723579,4.923359945458516,4.864445654705387,,,4.7172672654430805,4.738598930277028,4.844287063341938,"rgba(38, 166, 154, 1.0)",0.16326726003150577,4.805334720751268,-1.7170296157182467,54.616148926136205,-1.2917479106269312,True,False,True,False,True,0.0,0.0,0.0,0.0,0.0,0,0.8319162851536955,1.1170699803793331,False,False,False,False,-0.2787682774090165,-0.289652071223633,False,False,False,False,72340.0,38437.847402352774,False,False,False,False,2750.5715459347603,False,False,False,False
2025-07-22 19:00:00+00:00,4.525,4.55,4.51,4.52,5702.0,,,,,,,,,,4.5676446514735645,4.71266551496367,4.723983312417772,4.731215233449565,4.935528311551106,,,,,,,,4.485978969908392,4.584169222149705,4.584414291234871,4.720042119980421,4.7430621709401715,4.74724230130635,5.016952330050088,5.014177555361591,5.000232610686637,4.995724876112399,4.990726484861275,4.981796434195637,4.973812762218076,4.9203325387647725,4.862160903232592,,,4.71266551496367,4.734207404771135,4.841388371400199,"rgba(38, 166, 154, 1.0)",0.16152979252717126,4.802144437882399,-1.746702162295784,56.61550708599186,0.33278307208276203,True,False,True,False,True,0.0,0.0,0.0,0.0,0.0,0,0.8494337108594272,1.1079280479680211,False,False,False,False,-0.26289852333946284,-0.2762752972815479,False,False,False,False,66638.0,38875.059070533345,False,False,False,False,2796.330126617942,False,False,False,False
2025-07-23 14:00:00+00:00,4.555,4.62,4.55,4.61,6685.0,,,,,,,,,,4.56946211864646,4.70938071924356,4.720614876122303,4.727789834875568,4.930368635287818,,,,,,,,4.50974975986221,4.5846860447459,4.5849124763957825,4.716696787426162,4.739716624607963,4.744085206380378,5.011698198214909,5.0090061199180385,4.995605986900888,4.991234251439426,4.986360452987632,4.977729410720625,4.970113522161217,4.9174327367,4.8600458372956465,,,4.70938071924356,4.731523236835142,4.839938227717118,"rgba(38, 166, 154, 1.0)",0.15886421194792413,4.800782990196941,-1.200918620107339,63.18933355072054,6.260646457521524,True,False,True,False,True,0.0,0.0,0.0,0.0,0.0,0,0.8780487804878051,1.0718157181571817,False,False,False,False,-0.22738806228021674,-0.25183167978088233,False,False,False,False,73323.0,39409.13567409097,False,False,False,False,2856.6195820192142,False,False,False,False
2025-07-23 15:00:00+00:00,4.61,4.63,4.59,4.615,7254.0,,,,,,,,,,4.572471218048266,4.706546706595605,4.717649826293791,4.724741614316455,4.925238114259927,,,,,,,,4.529493523834957,4.586241950870498,4.5864413956639565,4.713771588656349,4.736685436035666,4.741201919661573,5.006385809238216,5.003777646767158,4.990926584921361,4.986692790589118,4.98194604781193,4.973617416206495,4.96637134460421,4.91451847885831,4.8579432724257,,,4.706546706595605,4.7293294959028085,4.8384010137430336,"rgba(38, 166, 154, 1.0)",0.15602298282999302,4.7995148214958885,-1.1826130878227135,67.76389088870096,10.241479174686312,True,False,True,False,True,0.0,0.0,0.0,0.0,0.0,0,0.8727770177838579,1.0656634746922025,False,False,False,False,-0.19304898935969564,-0.222440334570289,False,False,False,False,80577.0,40047.39713650816,False,False,False,False,2924.7960226080636,False,False,False,False
2025-07-23 16:00:00+00:00,4.615,4.63,4.56,4.57,2628.0,,,,,,,,,,4.572828654466482,4.705300184511821,4.716370992309693,4.723440906853257,4.923274982827269,,,,,,,,4.533242956604197,4.586250642433304,4.586445964928529,4.712501916364166,4.7354098248384116,4.739992430492062,5.00437617135451,5.001798640423564,4.9891494399000775,4.984966300161764,4.980266091584106,4.972049088888271,4.964940627164109,4.9133903282560105,4.857113871457368,,,4.705300184511821,4.728243144193704,4.837459619656697,"rgba(38, 166, 154, 1.0)",0.15325807005190026,4.79863233823973,-1.4918127193060977,65.74416744743829,10.241479174686312,True,False,True,False,True,0.0,0.0,0.0,0.0,0.0,0,0.8766368022053757,1.0537560303239144,False,False,False,False,-0.19525299902489568,-0.20884666679759234,False,False,False,False,77949.0,40635.01888632974,False,False,False,False,2920.1945338854575,False,False,False,False
2025-07-23 17:00:00+00:00,4.575,4.6,4.565,4.585,1618.0,,,,,,,,,,4.572989017624637,4.704524336529627,4.7155760718101725,4.722632987633201,4.922065752677769,,,,,,,,4.535186930832394,4.586214343207522,4.586407573701677,4.711712371979162,4.73461783371153,4.739241161447759,5.003138628915641,5.000579815282845,4.988054044856094,4.9839018977717995,4.97923016497732,4.97108151544055,4.964057402043174,4.912692557957823,4.856599483030102,,,4.704524336529627,4.727557633255081,4.83684771501036,"rgba(38, 166, 154, 0.75)",0.15089292785174796,4.798054056881112,-1.4119552182752868,65.27887755417018,10.241479174686312,True,False,True,False,False,0.0,0.0,0.0,0.0,0.0,0,0.8902097902097905,1.0573426573426576,False,False,False,False,-0.19441291191960677,-0.20162978935859954,False,False,False,False,79567.0,41238.61549274323,False,False,False,False,2900.005471344598,False,False,False,False
2025-07-23 18:00:00+00:00,4.59,4.62,4.59,4.605,3811.0,,,,,,,,,,4.574100082878715,4.703055187578114,4.7140414507457535,4.721056694596713,4.919431297651671,,,,,,,,4.541034093739469,4.58674922361602,4.586932458226229,4.710197810914887,4.733047150573192,4.7377417943021705,5.000401266473625,4.997884514186986,4.985634077040773,4.981551392781991,4.976943777804495,4.968947727572822,4.962110617274112,4.91116800060326,4.855490969186677,,,4.703055187578114,4.726336942690193,4.835722324953114,"rgba(38, 166, 154, 0.75)",0.1485064684489141,4.797066908932907,-1.293323522799796,66.08376460756995,10.241479174686312,True,False,True,False,False,0.0,0.0,0.0,0.0,0.0,0,0.8966971187631765,1.0400562192550948,False,False,False,False,-0.17179460724051732,-0.18671219829955843,False,False,False,False,83378.0,41891.93928355341,False,False,False,False,2914.129417525302,False,False,False,False
2025-07-23 19:00:00+00:00,4.6,4.62,4.59,4.595,8939.0,,,,,,,,,,4.576175388951585,4.69966212042365,4.710498651562283,4.71741850185223,4.913356743355159,,,,,,,,4.550989725880617,4.587683117859362,4.587847536799786,4.70670114698105,4.729416095969824,4.734267874737609,4.994073011098994,4.991651884856736,4.9800273994382875,4.976103074682628,4.971641852927756,4.963994085429333,4.957584211943476,4.907612333690187,4.852894701510355,,,4.69966212042365,4.723422281228982,4.832832536920399,"rgba(38, 166, 154, 0.75)",0.14709753459756506,4.7944808887996455,-1.3561130670571266,65.48910756206516,10.241479174686312,True,False,True,False,False,0.0,0.0,0.0,0.0,0.0,0,0.9002123142250531,1.0375088464260438,False,False,False,False,-0.17179460724051732,-0.17925340277003787,False,False,False,False,74439.0,42396.54487605646,False,False,False,False,3007.5382637652197,False,False,False,False
2025-07-24 14:00:00+00:00,4.585,4.635,4.57,4.63,6017.0,,,,,,,,,,4.5778871521515505,4.69772355535703,4.708444906839806,4.715292916707031,4.909524013121546,,,,,,,,4.557028515663767,4.58865291694388,4.5888033264643315,4.704683923048883,4.727265560182769,4.73219665021348,4.9900309646652605,4.987670622904267,4.976442080034076,4.972618490679971,4.968250799893329,4.960824236017346,4.954684707776918,4.905341339033226,4.851245190481006,,,4.69772355535703,4.721774508835392,4.831049288266834,"rgba(38, 166, 154, 0.75)",0.1462055507258881,4.792936597228169,-1.114435097841458,67.05450196793453,10.431253879010065,True,False,True,False,False,0.0,0.0,0.0,0.0,0.0,0,0.8947740112994352,1.033898305084746,False,False,False,False,-0.173399502516021,-0.17632645264302943,False,False,False,False,80456.0,42986.61394774551,False,False,False,False,3054.1965852572316,False,False,False,False
2025-07-24 15:00:00+00:00,4.63,4.64,4.59,4.615,4133.0,,,,,,,,,,4.579077235015414,4.696490416232352,4.707129879327721,4.713927103583863,4.906976127283939,,,,,,,,4.56073795110774,4.589364930428415,4.589506009786997,4.703395119893279,4.725874629654611,4.730852269205327,4.987327709993067,4.985007751053448,4.974041673629767,4.970285078059999,4.965979735475413,4.958700221918405,4.952740157207657,4.9038189864098225,4.850140753995903,,,4.696490416232352,4.720720152288658,4.829851531854657,"rgba(38, 166, 154, 0.75)",0.14509105559755087,4.791907568213651,-1.2192865196621905,66.37545164238725,10.431253879010065,True,False,True,False,False,0.0,0.0,0.0,0.0,0.0,0,0.9004975124378111,1.0362473347547976,False,False,False,False,-0.12953002940885378,-0.1529282410259416,False,False,False,False,76323.0,43503.457142354106,False,False,False,False,3070.922219594329,False,False,False,False
2025-07-24 16:00:00+00:00,4.61,4.625,4.56,4.565,5083.0,,,,,,,,,,4.5792387158414884,4.694453236051096,4.705023724971075,4.711775884474662,4.903569036469712,,,,,,,,4.562386375596827,4.589170911936751,4.589308882815528,4.701310038744593,4.723735255963559,4.728800041783212,4.983777804092537,4.981508668680949,4.970876331463743,4.967204643861345,4.962977959617066,4.955886089982886,4.95015756422917,4.901765564888996,4.84861550573297,,,4.694453236051096,4.718812119561607,4.827832109292674,"rgba(38, 166, 154, 0.75)",0.14238138733506095,4.789993986313423,-1.5802204945787774,61.23334273716972,10.431253879010065,True,False,True,False,False,0.0,0.0,0.0,0.0,0.0,0,0.90863309352518,1.0258992805755396,False,False,False,False,-0.15205331814954123,-0.15249077958774143,False,False,False,False,71240.0,43933.48106262768,False,False,False,False,3102.1172239417033,False,False,False,False
2025-07-24 17:00:00+00:00,4.57,4.595,4.565,4.58,2299.0,,,,,,,,,,4.579251559404125,4.693528809006026,4.7040690315651945,4.710801358758588,4.902035688814315,,,,,,,,4.56294899939329,4.5890393987782625,4.589176338585279,4.700364594809905,4.722766108352617,4.727869629230728,4.9821794233822185,4.979932923408179,4.9694492861793504,4.965815479488038,4.961623908490016,4.95461582748054,4.948990793717386,4.9008358041434175,4.847922764382681,,,4.693528809006026,4.71793728950965,4.826902085321461,"rgba(38, 166, 154, 0.75)",0.13621905384573715,4.789107423407401,-1.5350820425181282,58.918022876199785,15.046370390311878,True,False,True,False,False,0.0,0.0,0.0,0.0,0.0,0,0.916184971098266,1.01878612716763,False,False,False,False,-0.16463128521029508,-0.15856103239901825,False,False,False,False,73539.0,44392.481356230346,False,False,False,False,3089.66579411315,False,False,False,False
2025-07-24 18:00:00+00:00,4.585,4.605,4.58,4.6,4425.0,,,,,,,,,,4.579746863783362,4.692020527172759,4.702489200587024,4.709176157717961,4.899260493542198,,,,,,,,4.564805405028054,4.5891995006363455,4.58933168162647,4.698807404562305,4.721129229011288,4.726289556806108,4.979251714397518,4.977047017257316,4.966836375535176,4.963272419653972,4.959145853413393,4.952291835529585,4.946856087139412,4.899144251344917,4.8466735072481875,,,4.692020527172759,4.716538648560661,4.825338789279335,"rgba(38, 166, 154, 0.75)",0.13171683386842223,4.787666651424207,-1.424773477410455,58.78592121804752,14.664923309070858,True,False,True,False,False,0.0,0.0,0.0,0.0,0.0,0,0.9152787834902246,1.0173787110789283,False,False,False,False,-0.15205331814954026,-0.15530717527427926,False,False,False,False,77964.0,44912.970017374064,False,False,False,False,3110.368650018372,False,False,False,False
2025-07-24 19:00:00+00:00,4.6,4.625,4.58,4.595,17093.0,,,,,,,,,,4.581940863690522,4.686882944589431,4.697058595897346,4.703561824964649,4.889164373855237,,,,,,,,4.571240048061667,4.590214772285651,4.590328247222861,4.693471230920402,4.71541737359247,4.720743063674164,4.96848843734849,4.966434972348274,4.9572078980019265,4.953897212286652,4.950007405874681,4.943711680582864,4.938960217523998,4.892886735581739,4.842055194463794,,,4.686882944589431,4.711721720599437,4.819670965984642,"rgba(38, 166, 154, 0.75)",0.12641405583838666,4.782506400030927,-1.4832717674262736,58.20255374921536,13.74515143270419,True,False,True,False,False,0.0,0.0,0.0,0.0,0.0,0,0.9167872648335746,1.0130246020260492,False,False,False,False,-0.142025393941571,-0.14866628460792514,False,False,False,False,60871.0,45160.38133493415,False,False,False,False,3327.1536321886297,False,False,False,False
2025-07-25 14:00:00+00:00,4.62,4.665,4.605,4.635,10227.0,,,,,,,,,,4.585170550248491,4.68520584690334,4.695151610754722,4.701515277992627,4.884135500683906,,,,,,,,4.577527028416797,4.592599502940876,4.592692826593655,4.69164101857803,4.713210767742027,4.718547655528906,4.962920233269276,4.960946147339804,4.952226122714317,4.949047964215794,4.945283618112261,4.939277711536831,4.934875875156459,4.889699027518587,4.8397614815440635,,,4.68520584690334,4.710235757316617,4.817350465413845,"rgba(38, 166, 154, 0.75)",0.12190614466918945,4.780655804342955,-1.1948192171790375,60.47755225177284,13.74515143270419,True,False,True,False,False,0.0,0.0,0.0,0.0,0.0,1,0.9264069264069266,1.0,False,False,False,False,-0.10961916323050558,-0.12914272391921536,False,False,False,False,71098.0,45562.51495764835,False,False,False,False,3434.1279944802786,False,False,False,False
2025-07-25 15:00:00+00:00,4.635,4.64,4.615,4.63,3125.0,,,,,,,,,,4.585958698531417,4.684649597768242,4.69453005000893,4.700853820671676,4.882598251693562,,,,,,,,4.57901303782185,4.593171608910385,4.593260107775526,4.691041250448429,4.712505030993046,4.717847315551558,4.961221852956396,4.9592714757862995,4.950703108228754,4.947564657564656,4.943837921850702,4.937919015751921,4.933622392299668,4.888715554094573,4.839048218190034,,,4.684649597768242,4.709718083734765,4.816582836548252,"rgba(38, 166, 154, 1.0)",0.11863992764845094,4.780016520525077,-1.2644690830358571,61.441684035838165,13.74515143270419,True,False,True,False,True,0.0,0.0,0.0,0.0,0.0,1,0.9275362318840581,1.0043478260869565,False,False,False,False,-0.11707476129597369,-0.12310874260759452,False,False,False,False,67973.0,45909.96433814993,False,False,False,False,3429.335312395313,False,False,False,False
2025-07-25 16:00:00+00:00,4.63,4.695,4.625,4.69,15913.0,,,,,,,,,4.670000000000001,4.59310827234349,4.683954595504568,4.6934206472589395,4.699496237205808,4.876285612369482,,,,,,,,4.590807781289713,4.5989630082282895,4.599013602076827,4.690072886058474,4.710778464156562,4.716027800347304,4.953884000555244,4.952040381873369,4.944139001674764,4.941178071337268,4.937621940984846,4.932087415735971,4.928245122670288,4.884603555110272,4.836193241898445,,4.670000000000001,4.683954595504568,4.702710894113715,4.8143770849331755,"rgba(38, 166, 154, 1.0)",0.11360743218929781,4.765627238240247,-0.6656891788050756,65.21046822452651,10.115406721380552,True,False,True,False,True,0.19293813936797122,-1.0,4.695,4.625,0.0,0,0.9275786393562548,1.0087783467446965,False,False,False,False,-0.0848499178368924,-0.10397933022224345,False,False,False,True,83886.0,46498.74008484528,False,False,False,True,3622.8805013504243,False,False,False,True
2025-07-25 17:00:00+00:00,4.685,4.685,4.65,4.655,1729.0,,,,,,,,,4.669346634924234,4.59375144346389,4.68384884418752,4.693273521653628,4.699324172225524,4.8756007904770735,,,,,,,,4.591815104898849,4.5994859433977044,4.599533327725228,4.689939841207262,4.710569983828023,4.715810972364023,4.953090727926751,4.95125835670233,4.943427337435613,4.940485179698943,4.936947106969965,4.931453317849639,4.927659305245932,4.884152475726149,4.835876625853048,,4.669346634924234,4.68384884418752,4.702524234488645,4.814100373788632,"rgba(38, 166, 154, 1.0)",0.11076446075236869,4.765439126662971,-0.9970628296550385,64.23481810023713,10.115406721380552,True,False,True,False,True,0.0,0.0,0.0,0.0,0.0,0,0.9144111192392098,1.0117044623262617,False,False,False,False,-0.07744071814778243,-0.09071002418501295,False,False,False,False,82157.0,47051.58132383993,False,False,False,False,3593.518012957394,False,False,False,False
2025-07-25 18:00:00+00:00,4.65,4.655,4.635,4.635,8986.0,,,,,,,,,4.660005633168094,4.595928571187789,4.682753760312631,4.691994481035281,4.6979327863863,4.8717552112679465,,,,,,,,4.5951713855444245,4.601194728964548,4.601231420600821,4.688723001283838,4.709031551397844,4.7142585503194105,4.94873355297302,4.946960491542248,4.939504319490898,4.9366617827348005,4.933219095161554,4.927942906893142,4.924409746413689,4.881610270506339,4.834045294691301,,4.660005633168094,4.682753760312631,4.700061740559673,4.812179873234526,"rgba(38, 166, 154, 0.75)",0.10725170361316036,4.763596984356946,-1.1990204353375564,61.82705261126115,10.115406721380552,True,False,True,False,False,0.0,0.0,0.0,0.0,0.0,0,0.9102941176470589,1.0198529411764705,False,False,False,False,-0.09164032353405675,-0.09117517385953486,False,False,False,False,73171.0,47456.53355137729,False,False,False,False,3677.1223848495274,False,False,False,False
2025-07-25 19:00:00+00:00,4.635,4.64,4.625,4.63,5574.0,,,,,,,,,4.655100304328924,4.5969082219446395,4.681944119840815,4.69108106382863,4.696955479294992,4.86933176086392,,,,,,,,4.5966343989355956,4.601941686089978,4.6019737371792635,4.687844598134179,4.707974711567603,4.713199623997601,4.946005508578787,4.944268611413193,4.937041731368872,4.93426017514342,4.930875848182627,4.925733245113333,4.922360913527757,4.879995347911677,4.832868426799759,,4.655100304328924,4.681944119840815,4.698553491683653,4.810865237596243,"rgba(38, 166, 154, 0.75)",0.10413184643248534,4.762347097658506,-1.2709569857124796,59.77998171805284,14.747054700351356,True,False,True,False,False,0.0,0.0,0.0,0.0,0.0,0,0.9119170984455957,1.019245003700962,False,False,False,False,-0.09147383459614256,-0.09132450422783871,False,False,False,False,67597.0,47768.788845154384,False,False,False,False,3706.531340123178,False,False,False,False
2025-07-28 14:00:00+00:00,4.66,4.685,4.63,4.645,2806.0,,,,,,,,,4.654958676112127,4.597676256864001,4.681717665631455,4.690795524799522,4.696633998686802,4.8682397354310485,,,,,,,,4.597755978691255,4.602568130346893,4.602596689461203,4.687579187256587,4.707601520443639,4.712815706977789,4.944743315853212,4.943023538556641,4.935903796234353,4.933150987618013,4.929794389577349,4.924714350778035,4.921416396095431,4.879260497677064,4.832344387786944,,4.654958676112127,4.681717665631455,4.698336976254159,4.810351258223627,"rgba(38, 166, 154, 0.75)",0.10077255632415691,4.762000516452607,-1.1610355112581456,59.490148336083216,14.28223990290499,True,False,True,False,False,0.0,0.0,0.0,0.0,0.0,0,0.915929203539823,1.0051622418879056,False,False,False,False,-0.053185732688357544,-0.07225511845809812,False,False,False,False,70403.0,48119.70684755509,False,False,False,False,3692.5696139197175,False,False,False,False
2025-07-28 15:00:00+00:00,4.645,4.675,4.635,4.655,2341.0,,,,,,,,,4.65496126625434,4.598319911362231,4.68154239688242,4.6905710410254065,4.696379580830664,4.8673440900535905,,,,,,,,4.598685352400502,4.603095973257303,4.603121657687267,4.687371488328013,4.707303494471416,4.712508028412776,4.943704564423375,4.941998849067219,4.934966955347334,4.932237762450257,4.928903974587003,4.9238753027047295,4.92063832791068,4.878655555965254,4.831913574417877,,4.65496126625434,4.68154239688242,4.698186381068109,4.8099320574287345,"rgba(38, 166, 154, 0.75)",0.09644944528348914,4.761726801748381,-1.1065569266332616,60.005739923478544,14.28223990290499,True,False,True,False,False,0.0,0.0,0.0,0.0,0.0,0,0.922337278106509,1.0051775147928994,False,False,False,False,-0.03866796188245588,-0.055461540170277004,False,False,False,False,72744.0,48501.4788344147,False,False,False,False,3671.615046262047,False,False,False,False
2025-07-28 16:00:00+00:00,4.655,4.66,4.62,4.635,1286.0,,,,,,,,,4.654407790863207,4.598565208755414,4.681387244609244,4.69039169725689,4.696185377030016,4.866816905728104,,,,,,,,4.599035833596832,4.603289774744145,4.603314373385427,4.68720034917275,4.707089497802827,4.712291816831451,4.9431043431034905,4.9414065358921935,4.934424488480287,4.931708634906411,4.928387672924342,4.923388166113252,4.920186140332956,4.878299964638884,4.831655590202967,,4.654407790863207,4.681387244609244,4.6979590373738125,4.8096522121418825,"rgba(38, 166, 154, 0.75)",0.09045814322476972,4.761491475467436,-1.398342603088046,58.22749091306455,12.602343542513339,True,False,True,False,False,0.0,0.0,0.0,0.0,0.0,0,0.926720947446336,0.9985196150999257,False,False,False,False,-0.05654672878341175,-0.05600413447684438,False,False,False,False,71458.0,48857.393891245476,False,False,False,False,3634.6287664750384,False,False,False,False
2025-07-28 17:00:00+00:00,4.635,4.66,4.635,4.655,1644.0,,,,,,,,,4.654227885498647,4.5989651671168,4.681243825067354,4.690215193809988,4.695988681099387,4.866180719286126,,,,,,,,4.599605327551283,4.603615899467867,4.603638747659682,4.687035118812826,4.706863947392875,4.712060557269296,4.94236969983407,4.94068170871996,4.933761102102215,4.931061765141334,4.927756748622014,4.922793223297517,4.919634017645609,4.877868938903253,4.831346630071151,,4.654227885498647,4.681243825067354,4.697803578646384,4.8093395621660635,"rgba(38, 166, 154, 0.75)",0.0876251743003599,4.761267946789234,-1.2127558962104923,58.62868828553046,12.602343542513339,True,False,True,False,False,0.0,0.0,0.0,0.0,0.0,0,0.9272997032640948,0.9992581602373883,False,False,False,False,-0.04760354398141661,-0.0518038392291305,False,False,False,False,73102.0,49233.27925727268,False,False,False,False,3603.7663049793014,False,False,False,False
2025-07-28 18:00:00+00:00,4.65,4.67,4.65,4.65,2666.0,,,,,,,,,4.6543792835797735,4.599683723754584,4.681063049839888,4.6899791317506185,4.695718971820513,4.865188514849373,,,,,,,,4.600620933141061,4.604209825321705,4.60422957440199,4.68681794527897,4.706544387453775,4.711729058359446,4.941213146142991,4.939540706204768,4.932716992332424,4.930043789949253,4.9267640760870295,4.921857360627272,4.918765465518293,4.877193761892655,4.830866168215426,,4.6543792835797735,4.681063049839888,4.697668779265791,4.80887421272847,"rgba(38, 166, 154, 0.75)",0.08591306102131001,4.760973722648105,-1.2916979249590277,58.327846295300176,12.172900670508497,True,False,True,False,False,0.0,0.0,0.0,0.0,0.0,0,0.9338289962825277,0.9933085501858734,False,False,False,False,-0.03271442196485749,-0.042259130596993995,False,False,False,False,70436.0,49562.00360987311,False,False,False,False,3589.227292499002,False,False,False,False
2025-07-28 19:00:00+00:00,4.65,4.675,4.64,4.67,6195.0,,,,,,,,,4.655297992131326,4.601426888505539,4.680737101325832,4.689523653093729,4.695184751394087,4.862973242460658,,,,,,,,4.6030454173424875,4.60566665848095,4.605679107902807,4.6864068259475715,4.705890193273205,4.71104244015583,4.9386080724935875,4.9369706716949695,4.9303643095331475,4.927749968382734,4.924527419592075,4.919748429524416,4.916807275600474,4.875675867094569,4.82979161199183,,4.655297992131326,4.680737101325832,4.697523938151861,4.807864951267377,"rgba(38, 166, 154, 0.75)",0.08485902458814462,4.760393554461059,-1.0652202862309073,59.73838950752916,12.172900670508497,True,False,True,False,False,0.0,0.0,0.0,0.0,0.0,0,0.9349775784753361,0.9955156950672642,False,False,False,False,-0.03569087579440808,-0.03897500319570103,False,False,False,False,76631.0,49981.67797251073,False,False,False,False,3629.6268693594825,False,False,False,False
2025-07-29 14:00:00+00:00,4.68,4.685,4.575,4.575,2014.0,,,,,,,,,4.653580169683701,4.601519661649288,4.680361806636577,4.689118573266441,4.69476094913193,4.86208709904837,,,,,,,,4.603155313075565,4.60571571230241,4.605727833268685,4.68601175212834,4.705445766616471,4.710601306440438,4.937620565195434,4.935995469534089,4.929467527973611,4.92687412032266,4.923671617296189,4.9189387523499555,4.916053574954528,4.875072774780228,4.829342186388506,,4.653580169683701,4.680361806636577,4.696904709902717,4.807312951508473,#000000,0.08357103037006541,4.759847152531618,-2.2118568086702566,52.77007173647327,6.84157427815466,False,False,False,False,False,0.0,0.0,0.0,0.0,0.0,0,0.9319526627218935,0.9837278106508874,False,False,False,False,-0.06848529575037149,-0.05373014947303626,False,False,False,False,74617.0,50363.62094968111,False,False,False,False,3604.578390764762,False,False,False,False
2025-07-29 15:00:00+00:00,4.575,4.575,4.5,4.51,4163.0,,,,,,,,,4.644154449204886,4.600174264135503,4.678673304413247,4.687407807826228,4.693033427334465,4.859672086791521,,,,,,,,4.601234470070712,4.604429738594706,4.604447515275787,4.68430753879652,4.703735660576036,4.708944086016808,4.935081098576696,4.9334849146060895,4.927147860504116,4.924604430235441,4.921448872934259,4.9168282869710005,4.91408409025832,4.873443219576806,4.828065650612935,,4.644154449204886,4.678673304413247,4.693852556617642,4.805419162240415,"rgba(239, 83, 80, 1.0)",0.08296873393518843,4.757565658699993,-2.9838427918326507,45.199559489221166,0.13681255475295018,False,True,False,True,False,0.0,0.0,0.0,0.0,0.0,0,0.9226804123711341,0.9992636229749631,False,False,False,False,-0.1803072991884467,-0.11701872433074148,False,False,False,False,70454.0,50675.099694647295,False,False,False,False,3613.2360901327497,False,False,False,False
2025-07-29 16:00:00+00:00,4.515,4.515,4.47,4.47,6412.0,,,,,,,,,4.627622538299125,4.597002964470726,4.675415934403181,4.684144191945228,4.68975979476658,4.855542390003269,,,,,,,,4.596813241028561,4.601449073695656,4.60147964515125,4.681043973536542,4.7005303542779835,4.705851250118463,4.93082058909647,4.929270820358234,4.92324449144005,4.920781907430207,4.917701763194949,4.91326427691559,4.910753056659996,4.870651652092563,4.82583931563725,,4.627622538299125,4.675415934403181,4.688247968981352,4.801966360708918,"rgba(239, 83, 80, 1.0)",0.08245954509075254,4.753340367580571,-3.4361136393456353,38.79717256053802,-5.268745468418892,False,True,False,True,False,0.0,0.0,0.0,0.0,0.0,0,0.9349289454001496,1.0044876589379208,False,False,False,False,-0.23618796925601382,-0.17660334679337764,False,False,False,False,64042.0,50882.33845907136,False,False,False,False,3656.6277786578235,False,False,False,False
2025-07-29 17:00:00+00:00,4.475,4.565,4.47,4.535,8247.0,,,,,,,,,4.615331566060744,4.594483208635402,4.672195719989216,4.680876995897345,4.686458232102852,4.850898657138722,,,,,,,,4.593386070878506,4.5990195564506,4.599059636013169,4.6777910000308465,4.697252424222713,4.702665743254825,4.925919059662506,4.924423509072688,4.9187546127638075,4.916386072930453,4.9133945311741245,4.909168538925144,4.906922993164331,4.867470716186044,4.823335283883702,,4.615331566060744,4.672195719989216,4.683374063304046,4.7983299832408965,"rgba(239, 83, 80, 1.0)",0.0817154478321675,4.749265370907764,-2.6220913742997083,39.41999695629457,-5.268745468418892,False,True,False,True,False,0.0,0.0,0.0,0.0,0.0,0,0.9254843517138598,1.002235469448584,False,False,False,False,-0.204985849120364,-0.19079459795687082,False,False,False,False,72289.0,51214.22468451211,False,False,False,False,3727.7963402290197,False,False,False,False
2025-07-29 18:00:00+00:00,4.53,4.57,4.52,4.57,7642.0,,,,,,,,,4.60922743435801,4.593219058951538,4.669908425600206,4.678520159203787,4.684055216994205,4.847093611500613,,,,,,,,4.591726733564276,4.597739767453795,4.597784082613013,4.67545684417536,4.694826980258975,4.700289063828753,4.921811906843183,4.920362320500956,4.914992073094599,4.9127029787878005,4.909786998700287,4.905738509987931,4.9037132191793,4.864827165034521,4.821280030785309,,4.60922743435801,4.669908425600206,4.68033731776806,4.795535911653871,"rgba(239, 83, 80, 0.75)",0.08129542389300408,4.7464006634805,-2.169871993196904,41.95593534568502,-5.268745468418892,False,True,False,True,True,0.0,0.0,0.0,0.0,0.0,0,0.9293154761904763,1.0007440476190477,False,False,False,False,-0.17111011882863758,-0.1809523583927542,False,False,False,False,79931.0,51659.44600723285,False,False,False,False,3788.4816682874844,False,False,False,False
2025-07-29 19:00:00+00:00,4.565,4.565,4.51,4.52,9350.0,,,,,,,,,4.60088881350995,4.590989314550498,4.66672851518454,4.675273400676584,4.680762404381687,4.842234701207294,,,,,,,,4.5888292632169145,4.595550257068194,4.595601966570421,4.672231402777677,4.691530669864559,4.697068285275561,4.916619995046992,4.915226481788185,4.910223126134323,4.908031475190006,4.905207930743285,4.9013782091239255,4.899626452614655,4.861431870128536,4.8186076668916735,,4.60088881350995,4.66672851518454,4.676146191585093,4.7918110034956625,"rgba(239, 83, 80, 0.75)",0.0814139129708338,4.742499122512447,-2.732937337039146,41.342266120873276,-5.268745468418892,False,True,False,True,True,0.0,0.0,0.0,0.0,0.0,0,0.9300074460163813,1.0014892032762472,False,False,False,False,-0.1803072991884467,-0.18062982879060047,False,False,False,False,70581.0,51952.803433477304,False,False,False,False,3874.7067587016318,False,False,False,False
2025-07-30 14:00:00+00:00,4.45,4.455,4.365,4.405,4123.0,,,,,,,,,4.592173284590867,4.58811745496655,4.664133865075499,4.672696084515331,4.6781911126982925,4.839307228997808,,,,,,,,4.5850695012815725,4.592853952496225,4.5929156707546905,4.6696466252995235,4.689030021759244,4.694656691745772,4.913654683255812,4.9122902063760305,4.90748477622316,4.905344533621293,4.902568668323439,4.8988569176559,4.897258208837724,4.85940478929032,4.81694506011149,,4.592173284590867,4.664133865075499,4.672436505140724,4.78919868713548,"rgba(239, 83, 80, 1.0)",0.08368252963291105,4.7394322160754765,-3.9964400878238893,37.24864093925221,-5.947711320959485,False,True,False,True,False,0.0,0.0,0.0,0.0,0.0,0,0.9166666666666667,1.0029239766081872,False,False,False,False,-0.34282825441539394,-0.2617290416029972,False,False,False,False,66458.0,52177.69020195053,False,False,False,False,3878.5562663186606,False,False,False,False
2025-07-30 15:00:00+00:00,4.405,4.44,4.395,4.415,3412.0,,,,,,,,,4.585836675378912,4.585915288563975,4.662094411917207,4.670666611684551,4.676164238094697,4.836960567019953,,,,,,,,4.582215754637954,4.590778806843614,4.590847977847845,4.667612570046988,4.6870542090119205,4.692748429064815,4.911266808329069,4.909925642492024,4.905278599309954,4.903179619949325,4.900442119804672,4.8968249503401555,4.895348669935056,4.857771676850492,4.815607174379203,,4.585836675378912,4.662094411917207,4.669606298776549,4.787126867256205,"rgba(239, 83, 80, 1.0)",0.08557768716515896,4.73704015754784,-3.7631322861802166,35.14022592916913,-8.033689887626672,False,True,False,True,False,0.0,0.0,0.0,0.0,0.0,0,0.9233576642335767,1.0036496350364963,False,False,False,False,-0.33285198842339725,-0.29729051501319725,False,False,False,False,69870.0,52451.98957866447,False,False,False,False,3871.3228358331,False,False,False,False
2025-07-30 16:00:00+00:00,4.415,4.455,4.4,4.445,2817.0,,,,,,,,,4.5814223523770385,4.584314218133056,4.660548406340889,4.669123501669513,4.674620312732754,4.835118729427466,,,,,,,,4.580161504941313,4.589262527292701,4.589336952104632,4.666067618657459,4.685543649711759,4.691286495541147,4.909378418864554,4.908055749771116,4.903533659272868,4.901467374735065,4.8987603906261965,4.89521797342825,4.893838018510111,4.856483008968399,4.814555182270397,,4.5814223523770385,4.660548406340889,4.667524586780119,4.785529901646398,"rgba(239, 83, 80, 1.0)",0.08664658464491201,4.7352343033568225,-3.349633508882512,35.60839524383231,-8.033689887626672,False,True,False,True,False,0.0,0.0,0.0,0.0,0.0,0,0.9319678127286029,0.9985369422092173,False,False,False,False,-0.3196486487338274,-0.30846958187351237,False,False,False,False,72687.0,52765.71067046812,False,False,False,False,3854.976745355067,False,False,False,False
2025-07-30 17:00:00+00:00,4.445,4.46,4.43,4.44,1795.0,,,,,,,,,4.578921522137585,4.583377840681333,4.659617019091117,4.668191910601341,4.673687068728452,4.833982840781769,,,,,,,,4.578968996915228,4.588372482328304,4.58844990731621,4.665135600003108,4.684628257171251,4.690399292750895,4.908208009968969,4.906896821680975,4.902451997634306,4.90040598957997,4.897717978928825,4.894221846842696,4.892901360835757,4.855685249409785,4.813905369635182,,4.578921522137585,4.659617019091117,4.666296367003599,4.784556610733431,"rgba(239, 83, 80, 1.0)",0.08744434523461644,4.734149144656021,-3.363844098401187,35.737429794457874,-8.035613313924621,False,True,False,True,False,0.0,0.0,0.0,0.0,0.0,0,0.9271375464684016,1.0163568773234202,False,False,False,False,-0.29679665603388267,-0.3026331189536975,False,False,False,False,70892.0,53046.738412011255,False,False,False,False,3823.039121396074,False,False,False,False
2025-07-30 18:00:00+00:00,4.44,4.44,4.39,4.39,4627.0,,,,,,,,,4.571238778251175,4.580403318514855,4.656851753845039,4.665439745846619,4.6709383537567515,4.830812993987973,,,,,,,,4.57518314853068,4.585559941569376,4.585646913892926,4.662377426504334,4.681946471106254,4.6878062463665335,4.904982123445528,4.903701718179848,4.899466271953683,4.897474911803735,4.894837746463874,4.891467079164192,4.890309323643276,4.853461388194616,4.812076075707768,,4.571238778251175,4.656851753845039,4.662614157367068,4.781753119101775,"rgba(239, 83, 80, 1.0)",0.08865471029592807,4.7309594514601585,-3.84592595612846,34.088172939637396,-10.016869273814805,False,True,False,True,False,0.0,0.0,0.0,0.0,0.0,0,0.911144578313253,1.0278614457831325,False,False,False,False,-0.3361702265775223,-0.31940167276560993,False,False,False,False,66265.0,53251.67270019713,False,False,False,False,3835.503631141871,False,False,False,False
2025-07-30 19:00:00+00:00,4.395,4.4,4.36,4.4,4315.0,,,,,,,,,4.563868328752418,4.5774091113681985,4.654125043463075,4.662730480160901,4.668235323715272,4.8277615719179785,,,,,,,,4.571397906002791,4.582729805932497,4.5828262005118425,4.6596606890577705,4.679313389571545,4.685261383250685,4.901891681509512,4.900640198062823,4.89660240406124,4.894662550463677,4.892073206811963,4.888821140087791,4.887817912514729,4.851315291318166,4.810301447596838,,4.563868328752418,4.654125043463075,4.659021643229641,4.779021013783592,"rgba(239, 83, 80, 1.0)",0.08969668608980366,4.7278435728523975,-3.655024362039001,33.71572412847547,-10.800350942567057,False,True,False,True,False,0.0,0.0,0.0,0.0,0.0,0,0.9039334341906203,1.0264750378214826,False,False,False,False,-0.34282825441539394,-0.33111496359050197,False,False,False,False,70580.0,53520.32893740338,False,False,False,False,3842.9376833722295,False,False,False,False
2025-07-31 14:00:00+00:00,4.32,4.34,4.195,4.25,2479.0,,,,,,,,,4.55709082712118,4.574630296274207,4.651862712041763,4.660503625428167,4.666026399110484,4.825535955196357,,,,,,,,4.56786571686624,4.580126426668063,4.580231764808117,4.657420345405181,4.677184681304267,4.683214752778789,4.899706086620429,4.898473886904335,4.894571732919113,4.892666652675509,4.890109059404528,4.886938251779078,4.886043455960831,4.849761950304752,4.808989731818502,,4.55709082712118,4.651862712041763,4.655941635862026,4.776886966414515,"rgba(239, 83, 80, 1.0)",0.09548595481831271,4.725293987751522,-4.977632455536468,29.65181809191906,-14.940284401483936,False,True,False,True,False,0.0,0.0,0.0,0.0,0.0,0,0.8799705449189986,1.0184094256259204,False,False,False,False,-0.34282825441539394,-0.336971609002948,False,False,False,False,68101.0,53746.385853102554,False,False,False,False,3821.7913626997915,False,False,False,False
2025-07-31 15:00:00+00:00,4.25,4.405,4.205,4.395,10370.0,,,,,,,,,4.538042294564924,4.566121478579859,4.644401870962614,4.6531149811242,4.658670225380444,4.81759907465484,,,,,,,,4.55726273953636,4.5720846383248865,4.572215583364856,4.650002891406606,4.670041238628427,4.676316355050023,4.8917554169800646,4.890594397861842,4.8871842570501975,4.8854068722034105,4.8829672184299335,4.880092479409814,4.879587566689599,4.844151179823955,4.804296136792617,,4.538042294564924,4.644401870962614,4.646324987544481,4.769597264770173,"rgba(239, 83, 80, 0.75)",0.09584155468063371,4.716937905273963,-3.3590638877544845,34.11206291974797,-14.940284401483936,False,True,False,True,True,0.0,0.0,0.0,0.0,0.0,0,0.8887283236994222,1.0101156069364163,False,False,False,False,-0.303504180365549,-0.32023789468424846,False,False,False,False,78471.0,54129.713204217245,False,False,False,False,3923.3139772315776,False,False,False,False
2025-07-31 16:00:00+00:00,4.395,4.58,4.395,4.505,11199.0,,,,,,,,4.493333333333334,4.534252160528872,4.563433373454908,4.640655714836121,4.6492918558400715,4.6547953284907795,4.812030328077085,,,,,,,,4.55426650010323,4.569390001211962,4.569525883548138,4.646204851790919,4.666145219336066,4.672483531343752,4.885788205185125,4.8846843470740815,4.881647895132118,4.879971194714731,4.87762776939571,4.874980437330411,4.874761608049991,4.84006971584538,4.801005909072155,,4.534252160528872,4.640655714836121,4.621113156365881,4.765236871275585,"rgba(239, 83, 80, 0.75)",0.09443277794043152,4.693469178544697,-1.9958025449974979,40.68531462635645,-15.45327380217082,False,True,False,True,True,0.0,0.0,0.0,0.0,0.0,0,0.9212765957446809,0.9794326241134752,False,False,False,False,-0.12243613784993834,-0.2213370162670934,False,False,False,False,89670.0,54680.72540260147,False,False,False,False,4036.11531091791,False,False,False,False
2025-07-31 17:00:00+00:00,4.505,4.525,4.47,4.5,1778.0,,,,,,,,4.49401839151319,4.533775149446408,4.563053900853379,4.640097590311842,4.648720567816673,4.654215314047433,4.811177352188665,,,,,,,,4.553853378253006,4.569006075689846,4.569142558782054,4.645637903298844,4.6655598596615135,4.671906309614799,4.884869089375982,4.883773961821883,4.880794338623077,4.879133018676033,4.876804342862443,4.874191703325068,4.8740163881187515,4.839439663575201,4.800498317781338,,4.533775149446408,4.640097590311842,4.620722609453941,4.764575127297322,"rgba(239, 83, 80, 0.75)",0.09285113533678864,4.692908868337591,-2.077614534683655,44.895206196375256,-11.770597381434854,False,True,False,True,True,0.0,0.0,0.0,0.0,0.0,0,0.9255846917080084,0.9929128277817149,False,False,False,False,-0.11284214851376419,-0.1670895823904288,False,False,False,False,87892.0,55195.628884731675,False,False,False,False,4001.1057712137563,False,False,False,False
2025-07-31 18:00:00+00:00,4.505,4.505,4.43,4.455,2923.0,,,,,,,,4.488377358490566,4.532270088056567,4.562107360814342,4.638965298094518,4.647574314043199,4.653059060100412,4.8096293521961035,,,,,,,,4.552767430470334,4.568075693135016,4.568214179223951,4.644496011737284,4.664406799663704,4.6707759574898065,4.883231555831985,4.882151532593855,4.879271678483692,4.8776371283348965,4.875333916519246,4.872782114092146,4.872684109978952,4.838303139291296,4.799571306738905,,4.532270088056567,4.638965298094518,4.618854690256529,4.763313503572338,"rgba(239, 83, 80, 0.75)",0.09134199669570221,4.691425110502896,-2.5883505841297256,46.12730420954338,-10.732494722012156,False,True,False,True,True,0.0,0.0,0.0,0.0,0.0,0,0.9151943462897526,1.0014134275618374,False,False,False,False,-0.1416934222230219,-0.15439150230672533,False,False,False,False,84969.0,55657.231537681575,False,False,False,False,3984.3909530554033,False,False,False,False
2025-07-31 19:00:00+00:00,4.46,4.5,4.42,4.48,4099.0,,,,,,,,4.483927529709819,4.530361650284471,4.560853658927399,4.637431348018667,4.6460192165868,4.651489087572717,4.807502288500904,,,,,,,,4.551342890087239,4.566838905699712,4.56697991137838,4.642947616619932,4.662838247455532,4.669236458172325,4.880974573750791,4.879915276233091,4.877171989546668,4.87557417317756,4.873305969218698,4.870837584313871,4.870845410761448,4.836734947982184,4.798292690697122,,4.530361650284471,4.637431348018667,4.616797825657254,4.76158910967297,#000000,0.08954227950983346,4.689575300641669,-2.3405178178276507,47.847789511220526,-9.03382301963758,False,True,False,False,True,0.0,0.0,0.0,0.0,0.0,0,0.911909795630726,1.0049330514446793,False,False,False,False,-0.148941146374053,-0.15166632434038918,False,False,False,False,89068.0,56175.22794795007,False,False,False,False,3986.1678375041565,False,False,False,False
2025-08-01 14:00:00+00:00,4.18,4.215,4.135,4.195,3465.0,,,,,,,,4.4392917519036255,4.521992680843204,4.556689344236316,4.634026958898046,4.642669335082203,4.648167531094933,4.804238302592799,,,,,,,,4.546243917843954,4.562908437831927,4.563061230080462,4.63957719436976,4.659633254967094,4.666147453208926,4.877786306950204,4.8767527778576545,4.874192910563074,4.872642151751832,4.870416794255718,4.868059387053414,4.868217178059504,4.834406608928636,4.796297153995444,,4.521992680843204,4.634026958898046,4.606725129235875,4.758422850514506,"rgba(239, 83, 80, 1.0)",0.0957944496125632,4.683787305966591,-5.102459567787817,42.118107410546244,-9.03382301963758,False,True,False,True,False,0.0,0.0,0.0,0.0,0.0,0,0.8925675675675675,1.0087837837837836,False,False,False,False,-0.34282825441539394,-0.24724728937789156,False,False,False,False,85603.0,56631.472475888826,False,False,False,False,3978.087715992464,False,False,False,False
2025-08-01 15:00:00+00:00,4.19,4.265,4.19,4.25,1472.0,,,,,,,,4.427232181050155,4.519096030864452,4.555195484286174,4.6327647553495455,4.641423773269514,4.646930341508267,4.802979882856497,,,,,,,,4.544430786684343,4.561493074900547,4.561649950123134,4.638325267975202,4.658435084921315,4.6649901560145555,4.876543747816742,4.875520360682397,4.873031920406897,4.871499620011919,4.8692911855954195,4.866977101030489,4.8671929747451355,4.833502896034657,4.79552653693551,,4.519096030864452,4.6327647553495455,4.603660349883515,4.757227377591884,"rgba(239, 83, 80, 1.0)",0.09942392628092328,4.681868594906829,-4.343708914558255,40.15466173320965,-2.543982609614119,False,True,False,True,False,0.0,0.0,0.0,0.0,0.0,0,0.900675675675676,1.006081081081081,False,False,False,False,-0.29435612826711804,-0.2708017088225048,False,False,False,False,87075.0,57103.465150681244,False,False,False,False,3939.2336428763015,False,False,False,False
2025-08-01 16:00:00+00:00,4.245,4.245,4.085,4.085,4582.0,,,,,,,,4.382387187478827,4.507497784041554,4.54925557068992,4.627943887745699,4.636684194690943,4.642233543478056,4.798437422935259,,,,,,,,4.5371980730784225,4.5558829747423895,4.556056317854719,4.633555200900586,4.653906711688687,4.660626199203936,4.872128323281897,4.8711398315635455,4.8689014021199055,4.867433076019538,4.865282701406673,4.863120052541831,4.863541707893682,4.830255662133831,4.792729912972517,,4.507497784041554,4.627943887745699,4.5920627987228935,4.752783876493477,"rgba(239, 83, 80, 1.0)",0.11082117727822016,4.674626484310519,-5.320521752175962,36.27046473981817,-6.262643753037409,False,True,False,True,False,0.0,0.0,0.0,0.0,0.0,0,0.888,1.0059999999999998,False,False,False,False,-0.34282825441539394,-0.3068149816189494,False,False,False,False,82493.0,57497.101349895485,False,False,False,False,3949.1990127541885,False,False,False,False
2025-08-01 17:00:00+00:00,4.085,4.125,4.04,4.05,1118.0,,,,,,,,4.371048058928494,4.504282443151074,4.54760086297552,4.6266236104653915,4.635388373314296,4.640950788013825,4.797227491127489,,,,,,,,4.535183776147995,4.554321662388602,4.554499591808575,4.632250266758343,4.652672410796284,4.659437840010058,4.870961819377855,4.869982360152459,4.86780927565568,4.86635758210965,4.864222217042884,4.862099133431942,4.862574961589655,4.829392044750609,4.791982001164027,,4.504282443151074,4.6266236104653915,4.589017375425156,4.751583129545642,"rgba(239, 83, 80, 1.0)",0.1231906162332396,4.672695683095718,-5.054733080616741,33.22092287271922,-9.199964149732608,False,True,False,True,False,0.0,0.0,0.0,0.0,0.0,0,0.8841059602649007,1.0165562913907285,False,False,False,False,-0.34282825441539394,-0.3248216180171717,False,False,False,False,81375.0,57867.301328966874,False,False,False,False,3905.3044544169143,False,False,False,False
2025-08-01 18:00:00+00:00,4.045,4.06,3.94,3.945,6120.0,,,,,,,,4.306214722312911,4.483995953368599,4.537067115366289,4.6183516566038865,4.627283104606544,4.632935716972186,4.789862206777141,,,,,,,,4.522376741460463,4.54438925889188,4.544596266624482,4.624083225131978,4.644975010887244,4.652033532723203,4.863923799966718,4.862997543886694,4.861213659320084,4.859860440614059,4.857813364452638,4.855925855699173,4.8567270137728045,4.824141776003424,4.787407099046173,,4.483995953368599,4.6183516566038865,4.570815782286794,4.744164305898734,"rgba(239, 83, 80, 1.0)",0.13916099950697824,4.66095178194805,-5.14477320861833,29.917892709036074,-12.404034075090962,False,True,False,True,False,0.0,0.0,0.0,0.0,0.0,0,0.8714754098360656,1.0268852459016393,False,False,False,False,-0.34282825441539394,-0.33382493621628284,False,False,False,False,75255.0,58136.87805254878,False,False,False,False,3939.640819464714,False,False,False,False
2025-08-01 19:00:00+00:00,3.945,4.005,3.86,3.965,8189.0,,,,,,,,4.240097563688953,4.457300388099359,4.522639175329114,4.606962738997856,4.61612135663387,4.621897344829451,4.7797548451406655,,,,,,,,4.5049880696556075,4.530756252556279,4.5310017164340515,4.612837323601758,4.63436790181802,4.641823176717721,4.854277170744146,4.853422275876358,4.8521623088893975,4.850941594991319,4.849013167764827,4.8474434208868535,4.848684913164987,4.816902368392173,4.78107833298998,,4.457300388099359,4.606962738997856,4.54925334467418,4.733979999632232,"rgba(239, 83, 80, 1.0)",0.15192459011324835,4.646037545655591,-4.4827341324266765,28.462882872417715,-13.957331304154536,False,True,False,True,False,0.0,0.0,0.0,0.0,0.0,0,0.8590733590733592,1.0321750321750323,False,False,False,False,-0.34282825441539394,-0.3383265953158384,False,False,False,False,83444.0,58529.236532354225,False,False,False,False,4005.522357147431,False,False,False,False
2025-08-04 14:00:00+00:00,3.865,3.925,3.83,3.91,1571.0,,,,,,,,4.2282173159056375,4.451961500479826,4.519695860728611,4.604644203525071,4.61384991980589,4.619651612350048,4.777717658525229,,,,,,,3.888333333333333,4.501455848662181,4.527972969122014,4.528226141516109,4.610548466951014,4.632210514076466,4.639746340005625,4.8523392583946485,4.851498441379365,4.850342391003865,4.849147901526552,4.847242891225961,4.845736223752557,4.847065513227976,4.815440538522817,4.7797960403969455,,4.451961500479826,4.604644203525071,4.545105438760045,4.6791939258185895,"rgba(239, 83, 80, 1.0)",0.16577723031251174,4.595051814340716,-4.1323637332419185,26.78666584658154,-15.832021991509137,False,True,False,True,False,0.0,0.0,0.0,0.0,0.0,0,0.8526249209361165,1.0366856419987351,False,False,False,False,-0.34282825441539394,-0.34057742486561615,False,False,False,False,81873.0,58891.1553458061,False,False,False,False,3967.7778244784786,False,False,False,False
2025-08-04 15:00:00+00:00,3.89,3.91,3.86,3.9,4506.0,,,,,,,,4.198347706218232,4.43723325074062,4.5114251693541805,4.598091610250482,4.607427645241151,4.613300442366758,4.771936696457473,,,,,,,3.889569140475015,4.491572395741785,4.520142457243305,4.520416899743481,4.604077958001764,4.626104975065341,4.633865567111999,4.846833292278465,4.846032211450303,4.8451693349017555,4.844048910083295,4.842210084896456,4.840881587945739,4.8424588645398785,4.8112805747285785,4.776145310912248,,4.43723325074062,4.598091610250482,4.533966074375557,4.673800597819962,"rgba(239, 83, 80, 1.0)",0.17864484874179687,4.587251454418235,-3.847026428461697,25.538921672552053,-17.37726737798384,False,True,False,True,False,0.0,0.0,0.0,0.0,0.0,0,0.8573224387177877,1.0383406662476429,False,False,False,False,-0.33772882284008826,-0.33915312385285223,False,False,False,False,77367.0,59177.60254974709,False,False,False,False,3976.1223543315255,False,False,False,False
2025-08-04 16:00:00+00:00,3.885,3.905,3.85,3.85,2489.0,,,,,,,,4.182997483383478,4.429114822523034,4.506793066459851,4.594414200372794,4.603823098340964,4.609735718629624,4.768697946742506,,,,,,,3.883398708070667,4.486057064637701,4.5157530336440255,4.516039201512607,4.600446448874151,4.622677296908942,4.630563091169177,4.8437506049172185,4.842971541826762,4.842271416544594,4.84119209450271,4.839389973004719,4.838160474481284,4.839875778250324,4.808945046488405,4.774092562797846,,4.429114822523034,4.594414200372794,4.527939476636036,4.670349021101946,"rgba(239, 83, 80, 1.0)",0.19247351520157668,4.58261346236731,-3.80630790475275,24.048357127493215,-19.192528682480305,False,True,False,True,False,0.0,0.0,0.0,0.0,0.0,0,0.8570536828963796,1.038701622971286,False,False,False,False,-0.34282825441539394,-0.3409906891341231,False,False,False,False,74878.0,59421.01956447969,False,False,False,False,3953.0661937992536,False,False,False,False
2025-08-04 17:00:00+00:00,3.865,3.895,3.85,3.875,1726.0,,,,,,,,4.173321354647549,4.423668799403515,4.503644765220296,4.591903193504044,4.601360947997361,4.607300257719612,4.766478027037236,,,,,,,3.881710713823035,4.482319914530518,4.512766974298762,4.513061003319222,4.597966207376313,4.620334154619129,4.628304578732424,4.841635191132876,4.840871174803892,4.840282191637433,4.839230966395793,4.837453954037053,4.83629212081774,4.838101740095206,4.807340826276823,4.77268235239694,,4.423668799403515,4.591903193504044,4.5239539065042305,4.6681471290183225,"rgba(239, 83, 80, 1.0)",0.2038603125353843,4.5796187177795655,-3.4563800526758435,24.265476292441473,-19.431868094678357,False,True,False,True,False,0.0,0.0,0.0,0.0,0.0,0,0.8578522656734948,1.0397268777157045,False,False,False,False,-0.34282825441539394,-0.3419094717747585,False,False,False,False,76604.0,59687.42236192962,False,False,False,False,3918.5380357558543,False,False,False,False
2025-08-04 18:00:00+00:00,3.875,3.895,3.86,3.88,716.0,,,,,,,,4.16954655395302,4.42146105089365,4.502358201220885,4.59087388456414,4.600351414491837,4.606301521938662,4.765565497672677,,,,,,,3.8814910368217057,4.480795588328598,4.51154601434765,4.511843228570741,4.596949347495167,4.619372916274649,4.627377803014351,4.840764871282045,4.840007032154812,4.839463646998374,4.838423957284986,4.836657259974669,4.835523203042642,4.837371526087941,4.806680511545778,4.7721018921309195,,4.42146105089365,4.59087388456414,4.5223511606764095,4.667273114709689,"rgba(239, 83, 80, 1.0)",0.21409983357942222,4.578425658320557,-3.2621494685163794,24.667457822915082,-19.53392812504623,False,True,False,True,False,0.0,0.0,0.0,0.0,0.0,0,0.8597033374536466,1.0395550061804697,False,False,False,False,-0.33944229198919373,-0.3406758818819761,False,False,False,False,77320.0,59960.79565864389,False,False,False,False,3868.8862832635155,False,False,False,False
2025-08-04 19:00:00+00:00,3.88,3.91,3.85,3.85,2537.0,,,,,,,,4.156553741380293,4.413662344756851,4.497781516496642,4.5872081424987385,4.596755893242466,4.602744367512286,4.762316946523991,,,,,,,3.8793387473852596,4.475381971010239,4.507200921555646,4.507509381736887,4.5933278121528796,4.615948841897606,4.624075989114626,4.837667095999486,4.83693114342519,4.836549429920596,4.835550638484989,4.833820504130267,4.832784973678168,4.834770676424798,4.804327422782764,4.7700320801529,,4.413662344756851,4.5872081424987385,4.516717564630182,4.664076101865769,"rgba(239, 83, 80, 1.0)",0.22478061376444786,4.574135921828279,-3.221523020606729,24.38610497077201,-20.341676852995093,False,True,False,True,False,0.0,0.0,0.0,0.0,0.0,0,0.8595092024539879,1.0374233128834354,False,False,False,False,-0.3377521225044255,-0.3392140021932008,False,False,False,False,74783.0,60190.59727633933,False,False,False,False,3848.236883522996,False,False,False,False
2025-08-05 14:00:00+00:00,3.975,4.0,3.91,3.94,4265.0,,,,,,,,4.142515788914562,4.4028951165462455,4.49119673187693,4.5818070002848605,4.591447177738302,4.597485699300281,4.75739342171769,,,,,,,3.896260153471833,4.4676686379533495,4.50092807424594,4.501251990157766,4.58798466195146,4.610872377261998,4.619171699010135,4.8329305585616655,4.832228140889276,4.832091813136437,4.831155531712855,4.829481652560628,4.828596122231083,4.830789671353574,4.800734569568984,4.766881193589701,,4.4028951165462455,4.5818070002848605,4.509248705196982,4.660564177978543,"rgba(239, 83, 80, 0.75)",0.2317526834932098,4.569101887480809,-2.71453981890674,28.74953124254924,-20.341676852995093,False,True,False,True,True,0.0,0.0,0.0,0.0,0.0,0,0.8620481927710844,1.0186746987951805,False,False,False,False,-0.28785589561408687,-0.31353494890364386,False,False,False,False,79048.0,60482.9601092643,False,False,False,False,3854.698327189306,False,False,False,False
2025-08-05 15:00:00+00:00,3.94,3.98,3.92,3.98,3836.0,,,,,,,,4.132001897153269,4.393833928009515,4.4855150240122095,4.577102417591376,4.586819626812777,4.5928997722722205,4.753070058397701,,,,,,,3.9075558224768243,4.461052422368689,4.495505859910893,4.495842727658789,4.583328356064471,4.606440288236346,4.614886285316574,4.828761184843188,4.828088061637575,4.828165707637531,4.827284052309387,4.8256594179397565,4.824904919005007,4.827279883663747,4.797566505237441,4.764102294414151,,4.393833928009515,4.577102417591376,4.5030346748927235,4.657276486795023,"rgba(239, 83, 80, 0.75)",0.23731370123275725,4.564647630454386,-2.463606725685695,33.37254264223165,-21.972784810300492,False,True,False,True,True,0.0,0.0,0.0,0.0,0.0,0,0.8642344497607656,1.0209330143540671,False,False,False,False,-0.2911367944712042,-0.30233587168742404,False,False,False,False,82884.0,60830.26305330671,False,False,False,False,3854.4084306437353,False,False,False,False
2025-08-05 16:00:00+00:00,3.98,4.005,3.95,3.955,6792.0,,,,,,,,4.117007731127554,4.37901744308736,4.4759334690642145,4.569077007565879,4.578918439014086,4.585065527102457,4.745624119472244,,,,,,,3.9224697001664444,4.449976787588167,4.486341683847827,4.486699579901851,4.575380681008781,4.598858275772959,4.607547472560859,4.82155964646932,4.8209365995179265,4.821379269325899,4.82059104744564,4.8190508146606685,4.818520352531149,4.821205238097222,4.792081600444448,4.759289265488321,,4.37901744308736,4.569077007565879,4.492949105204827,4.651368000926717,"rgba(239, 83, 80, 0.75)",0.24300619129768397,4.55701307056518,-2.4773569239135576,35.67794823958315,-19.802217866062247,False,True,False,True,True,0.0,0.0,0.0,0.0,0.0,0,0.871454435727218,1.0289680144840072,False,False,False,False,-0.2731651102583752,-0.2877504909728996,False,False,False,False,76092.0,61066.87912999963,False,False,False,False,3899.952485982592,False,False,False,False
2025-08-05 17:00:00+00:00,3.955,3.975,3.92,3.935,3203.0,,,,,,,,4.109744274410466,4.371951353303763,4.471305769258592,4.5652003090903115,4.575102059244039,4.5812817650098,4.742042603948895,,,,,,,3.924581713599444,4.44464457478327,4.481912490238023,4.48228036408634,4.571541752078486,4.595196074156375,4.604001906542741,4.818100217103987,4.817500886134739,4.818116918695111,4.817373041659459,4.815872820474471,4.815448878229007,4.818281490400692,4.7894370670129724,4.756963700760028,,4.371951353303763,4.5652003090903115,4.488089733466552,4.648203368497196,"rgba(239, 83, 80, 0.75)",0.2492439016756881,4.5530800040038395,-2.4798199669016356,36.58513573519748,-18.852839213776015,False,True,False,True,True,0.0,0.0,0.0,0.0,0.0,0,0.8714544357272179,1.0199155099577546,False,False,False,False,-0.2927795288470734,-0.2902650099099865,False,False,False,False,72889.0,61250.16782565855,False,False,False,False,3889.147021083637,False,False,False,False
2025-08-05 18:00:00+00:00,3.935,4.045,3.935,4.04,4610.0,,,,,,,,4.103891919963216,4.363619113121097,4.465566902081402,4.560263986636274,4.570231645484925,4.57644649145864,4.73734791329114,,,,,,,3.935020367254237,4.4381091780090305,4.476397920914194,4.476777399632565,4.566646480197961,4.5905015984962665,4.599447668537173,4.813525758454008,4.812957762598698,4.813800703910621,4.813115290102154,4.8116681713701315,4.811384132040515,4.814409574792847,4.785942404008022,4.7538984848511685,,4.363619113121097,4.560263986636274,4.482481138862385,4.6446001809481,"rgba(239, 83, 80, 0.5)",0.2527398156492403,4.548652103705894,-2.0125523253993998,41.6434398946829,-14.055844132010186,False,False,False,True,True,0.0,0.0,0.0,0.0,0.0,0,0.8773301262778112,1.010823812387252,False,False,False,False,-0.2650533815088214,-0.27765919570940395,False,False,False,False,77499.0,61502.08770433051,False,False,False,False,3900.3230362606346,False,False,False,False
2025-08-05 19:00:00+00:00,4.04,4.075,4.01,4.035,5610.0,,,,,,,,4.09976278521454,4.354878630026191,4.459265152794935,4.554728014121845,4.564760131481167,4.571008885411736,4.731972051979697,,,,,,,3.949089207934195,4.431009012732272,4.470321494167287,4.470712938625801,4.561150445742887,4.585209302617833,4.594304767866321,4.808255229461496,4.807723096083115,4.808824134196652,4.808205576944192,4.80681946765409,4.80669506496302,4.809939708150406,4.78191166163394,4.750366876948055,,4.354878630026191,4.554728014121845,4.4766250930043014,4.640658624107598,"rgba(239, 83, 80, 0.5)",0.2560830735143151,4.543949375160628,-1.9874385611518282,44.81747655635431,-11.138477585178727,True,False,False,True,True,0.0,0.0,0.0,0.0,0.0,0,0.8935658448586892,0.9981960312687913,False,False,False,False,-0.23134028794481526,-0.2544997418271096,False,False,False,False,71889.0,61663.12510426337,False,False,False,False,3926.829655853493,False,False,False,False
2025-08-06 14:00:00+00:00,4.13,4.135,4.045,4.075,1204.0,,,,,,,4.084999999999999,4.09956082642124,4.353323297401826,4.458079497933638,4.553657753386636,4.563699977608762,4.56995390252492,4.730903416085442,,,,,,,3.952888966291265,4.429689668386332,4.469173455348129,4.469566983343617,4.560086384877186,4.584179377161526,4.5933019223294504,4.807199141675314,4.806674186499897,4.807826437289541,4.807221235576666,4.805847387640113,4.8057547639763,4.809042792272048,4.78110439361855,4.749661209670787,,4.353323297401826,4.553657753386636,4.426772333920308,4.6399511441222945,#000000,0.25862731891679125,4.507014952629322,-1.6704149988436252,48.45854362619412,-7.787547930159143,True,False,False,False,True,0.0,0.0,0.0,0.0,0.0,0,0.8998800959232613,0.9880095923261389,False,False,False,False,-0.20127894556082315,-0.22788934369396638,False,False,False,False,73093.0,61840.332466987966,False,False,False,False,3884.615242584446,False,False,False,False
2025-08-06 15:00:00+00:00,4.08,4.135,4.07,4.11,1157.0,,,,,,4.105,4.094800931808556,4.09963140324709,4.351955629709672,4.45700788448103,4.5526775519812475,4.562727993655828,4.5689860415186105,4.729911512101623,,,,,,,3.95686871542068,4.428504288202552,4.468133758244687,4.468529097677945,4.559111190133992,4.583233138764202,4.5923797106417235,4.806215206164234,4.805696942047318,4.806896731237034,4.806303965687756,4.8049415672742475,4.804878484437454,4.808206727907213,4.780352636609945,4.749004860683955,,4.351955629709672,4.5526775519812475,4.391410994278185,4.639328563820934,"rgba(38, 166, 154, 1.0)",0.2605621435101964,4.471743314157704,-1.3883187683538079,52.13161129059415,-4.417631315429929,True,False,True,False,True,0.0,0.0,0.0,0.0,0.0,0,0.8953068592057764,0.9975932611311671,False,False,False,False,-0.193429464247583,-0.2106594039707747,False,False,False,False,74250.0,62032.73041323621,False,False,False,False,3842.3266341722842,False,False,False,False
2025-08-06 16:00:00+00:00,4.11,4.11,4.06,4.075,3548.0,,,,,,4.087404534183493,4.08691459355785,4.098943932121735,4.347466439785102,4.453546747201511,4.549542957002357,4.559622231805628,4.56589500914433,4.726776449676878,,,,,,,3.9661377782429694,4.4246642940652725,4.464779660754371,4.465180954820246,4.555994266536148,4.580214165668575,4.589438938190017,4.803115204333515,4.802617841858953,4.803966745653898,4.803412900016791,4.802086249926284,4.802115806930786,4.805570567545601,4.7779784343472045,4.746927816692909,,4.347466439785102,4.549542957002357,4.386234766053209,4.637137601598972,"rgba(38, 166, 154, 1.0)",0.26290507998340135,4.468261607263263,-1.495831146694052,52.86042829209871,-3.6937429816241902,True,False,True,False,True,0.0,0.0,0.0,0.0,0.0,0,0.8839611178614825,1.013973268529769,False,False,False,False,-0.2044255513383887,-0.2075424776545817,False,False,False,False,70702.0,62167.13769365115,False,False,False,False,3837.763430541706,False,False,False,False
2025-08-06 17:00:00+00:00,4.09,4.115,4.04,4.055,3476.0,,,,,,4.0800095750315775,4.080649795773398,4.097898001545536,4.343023848018781,4.450112740413718,4.54643659718055,4.556544812251861,4.562832444091471,4.723679258721618,,,,,,,3.973182719952126,4.420858610648063,4.461451249338039,4.461858395556535,4.552905666310754,4.577223100153923,4.586525055784718,4.800055029643351,4.799578111602495,4.801073091392879,4.800557363283495,4.799265705548467,4.7993860856326505,4.802965063866094,4.775629296766862,4.74486995603544,,4.343023848018781,4.54643659718055,4.38235411922539,4.634836531344744,"rgba(38, 166, 154, 1.0)",0.2655022776916557,4.465267312721967,-1.5452496915993938,52.38991035540601,-3.6937429816241902,True,False,True,False,True,0.0,0.0,0.0,0.0,0.0,0,0.8752282410225198,1.0146074254412658,False,False,False,False,-0.20487592333711918,-0.20620920049585045,False,False,False,False,67226.0,62245.56966739299,False,False,False,False,3832.1546951844703,False,False,False,False
2025-08-06 18:00:00+00:00,4.055,4.055,4.02,4.04,1164.0,,,,,,4.074818441234172,4.075980503681234,4.097185831920976,4.34139891383863,4.448881846733831,4.545336810656352,4.555456401798865,4.561749972961136,4.722598700473673,,,,,,,3.9746296826305407,4.419489019923882,4.460260028040541,4.460669323878325,4.551812900918783,4.576167268138702,4.585497209550564,4.798991775962735,4.798521897164914,4.8000674413626,4.799564866314068,4.798285245251981,4.798437045472643,4.8020591684919625,4.774810980458713,4.7441514347995115,,4.34139891383863,4.545336810656352,4.380378602588764,4.6339634555225295,#000000,0.26828077936478073,4.463884111150771,-1.5800017882548985,51.34450962992496,-3.6937429816241902,True,False,False,False,True,0.0,0.0,0.0,0.0,0.0,0,0.875076173065204,1.0140158439975624,False,False,False,False,-0.23104664096419758,-0.21862792073002402,False,False,False,False,66062.0,62304.73912991403,False,False,False,False,3790.787955724246,False,False,False,False
2025-08-06 19:00:00+00:00,4.04,4.04,3.975,4.005,5963.0,,,,,,4.048270947652644,4.050949107719639,4.091961516870246,4.332497063947956,4.44221222299788,4.539429333882622,4.549614481949333,4.555942676112844,4.716862447910506,,,,,,,3.977902369246055,4.412053486655774,4.453811053729191,4.45423211939059,4.545946035372813,4.5705079566910705,4.579990307464767,4.793366273347142,4.792933215132819,4.794744503100044,4.794310885629016,4.793094203854809,4.793411128001395,4.797260826957192,4.77046816191768,4.7403292373141594,,4.332497063947956,4.539429333882622,4.369748866560408,4.629022610237783,#000000,0.27153315129510397,4.456222413976242,-1.6617581014476233,48.993964395274254,-3.6937429816241902,True,False,False,False,False,0.0,0.0,0.0,0.0,0.0,0,0.8692214111922143,1.0170316301703162,False,False,False,False,-0.24735683146426618,-0.2329923760971451,False,False,False,False,60099.0,62270.541624023885,False,False,False,False,3824.465661837048,False,False,False,False
2025-08-07 14:00:00+00:00,4.01,4.01,3.88,3.89,968.0,,,,,,4.041038645858934,4.044066647597254,4.09042722257382,4.330752580020604,4.440953056191948,4.538340380012765,4.548539844457275,4.554875759136199,4.715835999284306,,,,,,,3.977066586901692,4.410638411613235,4.452597209667445,4.453020608455946,4.544866014349535,4.569471004449591,4.57898285487015,4.792368488759489,4.791941861931443,4.793800104596082,4.793378584186122,4.792172865301267,4.792518911116686,4.796409079469869,4.769694446417884,4.739645247366658,,4.330752580020604,4.538340380012765,4.367203348348124,4.628035767465818,"rgba(239, 83, 80, 0.5)",0.27695849690703944,4.454474315509676,-2.0381187860762435,43.42140164317664,-0.5094563313258504,True,False,False,True,False,0.0,0.0,0.0,0.0,0.0,0,0.8647342995169083,1.0169082125603865,False,False,False,False,-0.2905313209121224,-0.26176184850463374,False,False,False,False,59131.0,62221.86656008553,False,False,False,False,3780.179372506241,False,False,False,False
2025-08-07 15:00:00+00:00,3.89,3.92,3.865,3.885,2441.0,,,,,,4.0213407597371384,4.025188243562071,4.085843163710527,4.32602621324676,4.437580519911497,4.535447897133346,4.545687515193239,4.552045217644067,4.713139697617794,,,,,,,3.9736265956643244,4.406838801588157,4.449349263636386,4.449779004026259,4.541998637937796,4.566722584939323,4.576314082219894,4.789756414224481,4.789346509474032,4.791327403508653,4.790937393447195,4.789760149467889,4.790182215127553,4.794178376988686,4.767665071708534,4.737847967183063,,4.32602621324676,4.535447897133346,4.360255469750715,4.62535190444639,"rgba(239, 83, 80, 0.5)",0.2821290836121249,4.449686260961819,-2.0015173683339857,39.56546035271906,-4.093768861560214,False,False,False,True,False,0.0,0.0,0.0,0.0,0.0,0,0.8638014527845037,1.027239709443099,False,False,False,False,-0.3280860951914797,-0.29492397184805674,False,False,False,False,56690.0,62136.10118706094,False,False,False,False,3759.4169016146716,False,False,False,False
2025-08-07 16:00:00+00:00,3.885,3.93,3.88,3.89,2557.0,,,,,,4.006756369277053,4.010947370762524,4.081494851335359,4.321293822494461,4.434155424878946,4.532492024423062,4.542771183297122,4.549150293205911,4.710368165026653,,,,,,,3.970700482340933,4.402993519922383,4.4460470569705075,4.446483093565663,4.539067461840863,4.563909493031389,4.573580979669804,4.7870666090504,4.7866738437357705,4.788780241477324,4.788422529847161,4.787274514388265,4.78777446452611,4.791879126161357,4.765573382119506,4.735995523328438,,4.321293822494461,4.532492024423062,4.354381056077899,4.622638895123492,"rgba(239, 83, 80, 0.5)",0.2869674778321245,4.44537564772728,-1.9353260931267404,37.32464719119689,-6.190289131816137,False,False,False,True,False,0.0,0.0,0.0,0.0,0.0,0,0.8806609547123624,1.025703794369645,False,False,False,False,-0.318942047881829,-0.3069330098649429,False,False,False,False,59247.0,62091.308920594885,False,False,False,False,3740.774779109018,False,False,False,False
2025-08-07 17:00:00+00:00,3.89,3.89,3.84,3.865,1351.0,,,,,,3.998291712707183,4.002672793654791,4.078851162230156,4.318631430286644,4.432245901015115,4.530855545473792,4.541157615849693,4.547549194531394,4.708848513758471,,,,,,,3.9685266149084075,4.400845577805098,4.444207494686324,4.444647081507452,4.5374453178623755,4.562354898157874,4.572071263504959,4.785596181986366,4.785212721683684,4.787387542158554,4.787047395548578,4.785915235106115,4.786457625841551,4.790621590571296,4.764427774126501,4.734979243406325,,4.318631430286644,4.530855545473792,4.3510115410563595,4.621108972428841,"rgba(239, 83, 80, 1.0)",0.2918381786581736,4.44290886332435,-1.9802373561316908,35.0041691587586,-8.445774457679676,False,True,False,True,False,0.0,0.0,0.0,0.0,0.0,0,0.8737745098039217,1.031862745098039,False,False,False,False,-0.34282825441539394,-0.3248806321401684,False,False,False,False,57896.0,62026.26537143838,False,False,False,False,3703.7240073398852,False,False,False,False
2025-08-07 18:00:00+00:00,3.87,3.875,3.82,3.82,1306.0,,,,,,3.9895622135862836,3.9941338107552555,4.076045074339756,4.3159375183418005,4.430325913952679,4.52921813407778,4.5395438509201735,4.545948341568886,4.707338405137773,,,,,,,3.9659886659900083,4.398682897151326,4.442358880309634,4.442802065639752,4.535822717886198,4.560801428436869,4.570563125661662,4.784138138300941,4.78376386081869,4.78600641054927,4.7856836194757335,4.784567095841553,4.785151480789589,4.789374252395842,4.763290339872475,4.7339690218268045,,4.3159375183418005,4.52921813407778,4.347561473631155,4.619560250059147,"rgba(239, 83, 80, 1.0)",0.2973292075421706,4.440387265486886,-2.086533208813318,32.1149264819156,-11.266499789973004,False,True,False,True,False,0.0,0.0,0.0,0.0,0.0,0,0.869113149847095,1.0336391437308867,False,False,False,False,-0.34282825441539394,-0.33385444327778113,False,False,False,False,56590.0,61941.982187385074,False,False,False,False,3666.5499917222123,False,False,False,False
2025-08-07 19:00:00+00:00,3.825,3.84,3.795,3.81,1008.0,,,,,,3.9825066495582564,3.987226918614289,4.073715408429173,4.313778295667543,4.428794417215029,4.527917124472619,4.538262091336942,4.54467712048199,4.706145247876601,,,,,,,3.9637506127090556,4.396955994262759,4.440884954033358,4.4413310273701425,4.534533776232459,4.559568399563496,4.569366385816931,4.782988165854609,4.782621101675044,4.784916988986403,4.784607845077493,4.7835035980460745,4.784121043623275,4.788390195728739,4.762392253285577,4.733170592641306,,4.313778295667543,4.527917124472619,4.34478036373916,4.61831893343167,"rgba(239, 83, 80, 1.0)",0.3027189550817115,4.438354808821748,-2.075703547047917,29.907043412943167,-13.474486400660865,False,True,False,True,False,0.0,0.0,0.0,0.0,0.0,0,0.8684210526315791,1.0367197062423499,False,False,False,False,-0.34282825441539394,-0.3383413488465875,False,False,False,False,55582.0,61843.377812386854,False,False,False,False,3625.3321623931856,False,False,False,False
2025-08-08 14:00:00+00:00,3.84,3.875,3.79,3.8,1694.0,,,,,,3.972276373922077,3.9771518722084522,4.069991059201172,4.310239171750534,4.426265520664031,4.5257616951741975,4.536137968826463,4.54257012121869,4.704162198660501,,,,,,,3.960297282561909,4.394109724136858,4.438449695908797,4.438900481534739,4.532397963815844,4.557523855632939,4.567381412828163,4.781074975866974,4.780719881758944,4.783104197657593,4.7828177008799875,4.781733842747723,4.782406137026529,4.786752199159276,4.760897388032864,4.731841628416644,,4.310239171750534,4.5257616951741975,4.340506220180679,4.616275522997862,"rgba(239, 83, 80, 1.0)",0.3076394139394471,4.4351508625425735,-2.0645952168781303,28.139044823522582,-15.330490205293103,False,True,False,True,False,0.0,0.0,0.0,0.0,0.0,0,0.8679706601466993,1.0354523227383863,False,False,False,False,-0.3323336618344591,-0.3353375053405233,False,False,False,False,53888.0,61720.03862149713,False,False,False,False,3595.389028092516,False,False,False,False
2025-08-08 15:00:00+00:00,3.8,3.815,3.76,3.76,1073.0,,,,,,3.9647653336220805,3.9697726853453252,4.067286603984468,4.307827160337302,4.424560527955034,4.524319605752361,4.534717818041248,4.541162022377757,4.702849252606953,,,,,,,3.9575384220466945,4.392186011189884,4.436809379897024,4.437263390121246,4.530969642192004,4.556158749674129,4.566056804486242,4.779812515693601,4.779465276238687,4.781907885246591,4.781636274517325,4.780565778995765,4.7812742007899445,4.7856710835833685,4.759909405265597,4.7309618675329705,,4.307827160337302,4.524319605752361,4.337473445558059,4.6148866679669425,"rgba(239, 83, 80, 1.0)",0.31303368842680107,4.43290695075745,-2.1496310960626865,25.84876119877717,-17.709287404146806,False,True,False,True,False,0.0,0.0,0.0,0.0,0.0,0,0.8580171358629133,1.0477356181150552,False,False,False,False,-0.34282825441539394,-0.3390828798779586,False,False,False,False,52815.0,61581.97600721035,False,False,False,False,3556.2822214554226,False,False,False,False
2025-08-08 16:00:00+00:00,3.76,3.785,3.75,3.76,1563.0,,,,,,3.9540976231963296,3.9592696266640424,4.063257971731228,4.3042650600723515,4.422042008184207,4.522191527372836,4.532622335437985,4.539084466037707,4.700915894765579,,,,,,,3.95337803338218,4.389344816459341,4.434386436933852,4.434845204314045,4.52886202556158,4.554144846058719,4.564102708568741,4.777954805515439,4.777619082272128,4.7801472642382,4.779897493416204,4.778846589573713,4.779608049940017,4.784079613306036,4.758454295868351,4.729665356815618,,4.3042650600723515,4.522191527372836,4.333082945940252,4.61283353888901,"rgba(239, 83, 80, 1.0)",0.31805472926967815,4.429629725835836,-2.105391507220942,24.321905448946893,-19.397784322306396,False,True,False,True,False,0.0,0.0,0.0,0.0,0.0,0,0.864448552064079,1.0492914356130623,False,False,False,False,-0.34282825441539394,-0.3409555671466763,False,False,False,False,52815.0,61446.05389857143,False,False,False,False,3525.3786211227803,False,False,False,False
2025-08-08 17:00:00+00:00,3.755,3.785,3.74,3.75,1651.0,,,,,,3.94364462052609,3.9489425870584824,4.059024972673001,4.300506936684511,4.419375713748088,4.51993687259205,4.53040211239556,4.53688318777914,4.6988678377842445,,,,,,,3.9490255457187264,4.386339731182642,4.431820684989029,4.432284457130632,4.526628985420751,4.552010783321666,4.562031786333074,4.775987008731239,4.775663436776584,4.778281955796151,4.778055240916457,4.777025016793663,4.7778424892775755,4.782392959073947,4.756911592915198,4.728290186023643,,4.300506936684511,4.51993687259205,4.328620537915685,4.610661991275061,"rgba(239, 83, 80, 1.0)",0.32181316273842675,4.426246014621501,-2.1013621968320835,23.012457193954305,-20.930950508680358,False,True,False,True,False,0.0,0.0,0.0,0.0,0.0,0,0.8694306930693071,1.0445544554455444,False,False,False,False,-0.34282825441539394,-0.3418919107810351,False,False,False,False,51164.0,61286.642210221486,False,False,False,False,3496.318487461962,False,False,False,False
2025-08-08 18:00:00+00:00,3.75,3.75,3.73,3.73,467.0,,,,,,3.9405650428521373,3.945900862201222,4.057764125843475,4.299411180884133,4.418600818744437,4.519283461828852,4.529758851734424,4.536245521532761,4.698276832331329,,,,,,,3.947693525134762,4.385465755042548,4.431075234620235,4.431540467253122,4.5259819500325635,4.551392797632573,4.56143219776516,4.775419955939224,4.775099873669765,4.777744389790355,4.777524301893713,4.776500014227789,4.777333601960629,4.781906807163547,4.75646663945949,4.727893239798724,,4.299411180884133,4.519283461828852,4.3273118553280865,4.610029421961512,"rgba(239, 83, 80, 1.0)",0.32548372871413256,4.425254962328577,-2.13606672467246,21.563764520066456,-22.620217083158114,False,True,False,True,False,0.0,0.0,0.0,0.0,0.0,0,0.8701863354037268,1.0428571428571425,False,False,False,False,-0.34282825441539394,-0.3423600825982145,False,False,False,False,50697.0,61122.46171083821,False,False,False,False,3449.3523093617764,False,False,False,False
2025-08-08 19:00:00+00:00,3.73,3.75,3.71,3.74,2814.0,,,,,,3.9235143709248272,3.929005931365627,4.050293863345634,4.292859014384019,4.4139458757888645,4.515352495855743,4.52588852220075,4.532408618475165,4.694718632814631,,,,,,,3.939886603853354,4.380222011086983,4.426595601236584,4.427069536762918,4.522089066597786,4.547673588559625,4.557823091164031,4.772005200175911,4.771706053396772,4.774506555234473,4.774326240324251,4.7733375851393625,4.774267912219938,4.778977633261326,4.753784942080144,4.725500052304191,,4.292859014384019,4.515352495855743,4.319776369461696,4.606235729587352,"rgba(239, 83, 80, 1.0)",0.329095785503299,4.419455960506727,-2.0646145907569373,21.830802894584657,-22.71308290343665,False,True,False,True,False,0.0,0.0,0.0,0.0,0.0,0,0.8684047175667288,1.040347610180012,False,False,False,False,-0.34282825441539394,-0.34259416850680424,False,False,False,False,53511.0,61004.45455253063,False,False,False,False,3439.5018859608185,False,False,False,False
2025-08-11 14:00:00+00:00,3.67,3.69,3.605,3.64,20189.0,,,,,,3.820132744989888,3.825868978666763,3.992832642790262,4.243184393823155,4.378212439904309,4.485203054714332,4.496210796567686,4.502992394140802,4.667663365734131,,,,,,,3.878797222649769,4.340120870244147,4.3921793742120965,4.392718301279265,4.492236208494265,4.519160287030185,4.530145832989162,4.746118272498827,4.745973318596849,4.749930682935906,4.750044633490986,4.749318733292423,4.75096765418674,4.75669720583183,4.733319336246115,4.7071630773153545,,4.243184393823155,4.485203054714332,4.268033423481258,4.577180688205869,"rgba(239, 83, 80, 1.0)",0.33433404291553914,4.377685265516431,-2.2064318042024444,19.485788588499428,-25.272179031662418,False,True,False,True,False,0.0,0.0,0.0,0.0,0.0,0,0.8589822194972411,1.0380134886572654,False,False,False,False,-0.34282825441539394,-0.34271121146109906,False,False,False,False,33322.0,60575.26921063093,False,False,False,False,3699.184027263752,False,False,False,False
2025-08-11 15:00:00+00:00,3.64,3.67,3.61,3.67,2130.0,,,,,,3.8137211606510975,3.8193794608828218,3.9877801725132036,4.238424365948853,4.374659581989545,4.482161773044189,4.493213621760761,4.5000196533034025,4.664903623513153,,,,,,,3.8739035329952625,4.336172333115756,4.3887474165479885,4.389292374991881,4.489222618293685,4.516273355237681,4.527339308535296,4.743468396075081,4.7433388387066655,4.747411530195896,4.747554921789246,4.746855376314674,4.748576218359765,4.754407849947019,4.731213843840854,4.705273638708016,,4.238424365948853,4.482161773044189,4.263807045956336,4.574315722103423,"rgba(239, 83, 80, 1.0)",0.338037300036865,4.373986986392682,-2.082571912377444,20.83397067412813,-25.272179031662418,False,True,False,True,False,0.0,0.0,0.0,0.0,0.0,0,0.8593272171253822,1.041590214067278,False,False,False,False,-0.34282825441539394,-0.34276973293824653,False,False,False,False,35452.0,60185.761160853704,False,False,False,False,3674.855592732531,False,False,False,False
2025-08-11 16:00:00+00:00,3.67,3.67,3.635,3.635,338.0,,,,,,3.812728082826222,3.8183740369490087,3.986984300650707,4.237671793829844,4.3740964011224195,4.4816792759514055,4.492738092072534,4.499547984026583,4.664465634234429,,,,,,,3.8731348805246695,4.335546884155403,4.388203286460346,4.388749195714713,4.488744495315036,4.515815247348732,4.526893912755496,4.743047798413902,4.74292067802142,4.747011626757126,4.747159679741901,4.7464643071228,4.748196538511463,4.754044339115526,4.730879457285495,4.704973487917939,,4.237671793829844,4.4816792759514055,4.26314284462924,4.573861613447622,"rgba(239, 83, 80, 1.0)",0.34217211569143674,4.373403554042069,-2.1579886851678616,20.802586130119515,-25.272179031662418,False,True,False,True,False,0.0,0.0,0.0,0.0,0.0,0,0.8703134603564844,1.039950829748002,False,False,False,False,-0.3342994907967667,-0.3385346118675066,False,False,False,False,35114.0,59797.05168549163,False,False,False,False,3623.121397496368,False,False,False,False
2025-08-11 17:00:00+00:00,3.64,3.64,3.59,3.59,653.0,,,,,,3.8103883894675223,3.8160195293650117,3.9852776918795225,4.236125230050506,4.372951132816995,4.480704112735862,4.491777540380974,4.498595548505941,4.663587312789145,,,,,,,3.871404808304167,4.334271778248097,4.387097725738261,4.387645602517645,4.487778514751968,4.5148909015607295,4.525995659024117,4.742206524174952,4.742084269441263,4.7462117989803865,4.746369168801961,4.745682116660343,4.747437145922111,4.753317385530609,4.730210209799558,4.704372193637508,,4.236125230050506,4.480704112735862,4.261714054221276,4.572935987693355,"rgba(239, 83, 80, 1.0)",0.3462577673373388,4.372176596312358,-2.258943105672859,19.76942671694784,-25.832175671735776,False,True,False,True,False,0.0,0.0,0.0,0.0,0.0,0,0.8653136531365314,1.043050430504305,False,False,False,False,-0.34282825441539394,-0.3406814331414503,False,False,False,False,34461.0,59404.24468261579,False,False,False,False,3577.0730037367343,False,False,False,False
2025-08-11 18:00:00+00:00,3.585,3.62,3.57,3.62,1132.0,,,,,,3.8063915556843955,3.811996591307835,3.9823295011580626,4.233447987172921,4.370965244203127,4.479012343260632,4.490111060664557,4.496943118740498,4.662063369423382,,,,,,,3.8684211992501396,4.332061794541698,4.38518043336856,4.385731709683054,4.486102638482972,4.513287094314129,4.524437019416827,4.740746818841438,4.740632989464777,4.744823874622417,4.744997381349696,4.744324739986529,4.746119261866505,4.752055707288137,4.729048493756821,4.703328225350948,,4.233447987172921,4.479012343260632,4.259251196846155,4.57133121134904,"rgba(239, 83, 80, 0.75)",0.3493120394445317,4.370056219474496,-2.1472383851046732,21.795038111969887,-25.832175671735776,False,True,False,True,True,0.0,0.0,0.0,0.0,0.0,0,0.8667076167076166,1.0399262899262898,False,False,False,False,-0.34282825441539394,-0.34175484377842213,False,False,False,False,35593.0,59035.07809838919,False,False,False,False,3539.1648951516686,False,False,False,False
2025-08-11 19:00:00+00:00,3.62,3.63,3.56,3.595,3649.0,,,,,,3.794008460155397,3.7995261906261812,3.9729259978798246,4.224857913483377,4.364564181745294,4.47355158787259,4.484731383451809,4.491608504200772,4.657142192102618,,,,,,,3.8589513590300903,4.324947573211023,4.378998201099496,4.379560328269976,4.480692833640843,4.508108428831585,4.519403267260848,4.736032539732651,4.735945774225712,4.740340265815191,4.7405656401054825,4.739939316242891,4.741860827808079,4.747978100991369,4.725292353975048,4.699951038190767,,4.224857913483377,4.47355158787259,4.251435156835318,4.566160490526941,"rgba(239, 83, 80, 0.75)",0.3531708618468613,4.363281705508227,-2.1753824805664794,22.414086987072253,-25.832175671735776,False,True,False,True,True,0.0,0.0,0.0,0.0,0.0,0,0.8678899082568808,1.0360856269113148,False,False,False,False,-0.34282825441539394,-0.34229154909690807,False,False,False,False,31944.0,58615.06138368548,False,False,False,False,3540.8677649942783,False,False,False,False
2025-08-12 14:00:00+00:00,3.565,3.635,3.555,3.615,21115.0,,,,,,3.7453159407084136,3.750149586539181,3.9271945898014784,4.179843723096254,4.329807187053409,4.443461873520835,4.45505287063963,4.462158335488286,4.629707112412713,,,,,,,3.8159966632930598,4.286687610334215,4.34533053955022,4.345947334565284,4.450861117450846,4.47946331716954,4.491516024580136,4.7096523448011745,4.70971298183662,4.715214319877075,4.715722766644834,4.715349928060301,4.717964729353494,4.725069231618631,4.704162127484228,4.680921512409526,,4.179843723096254,4.443461873520835,4.213632357695577,4.538098284314324,"rgba(239, 83, 80, 0.75)",0.35585611780124515,4.32882811461487,-2.00594588348081,24.633119724277275,-29.313621609942892,False,True,False,True,True,0.0,0.0,0.0,0.0,0.0,0,0.868533171028606,1.0353012781497257,False,False,False,False,-0.34282825441539394,-0.34255990175615103,False,False,False,False,53059.0,58528.92089711672,False,False,False,False,3813.3349314284756,False,False,False,False
2025-08-12 15:00:00+00:00,3.61,3.64,3.59,3.59,6404.0,,,,,,3.735429513088597,3.7400538372795693,3.9156511791820616,4.167556163319685,4.319951223786023,4.434793927130308,4.4464923731657695,4.453657432190945,4.62170507144151,,,,,,,3.805907939231563,4.275949996301502,4.335753176153793,4.336384162759743,4.4422604555438525,4.471177387665712,4.483435623355967,4.7019272725019094,4.702029767763944,4.707844769805126,4.708433788107988,4.708133321746119,4.710945536323966,4.7183311695520205,4.69793804277879,4.675305804955602,,4.167556163319685,4.434793927130308,4.203921191176052,4.530109888409225,"rgba(239, 83, 80, 0.75)",0.35823889809470044,4.319560645198438,-2.036519900766272,25.233031419174626,-28.56784407493801,False,True,False,True,True,0.0,0.0,0.0,0.0,0.0,0,0.8731026108075287,1.033394049787492,False,False,False,False,-0.32974617339745055,-0.3361530375768008,False,False,False,False,46655.0,58344.82910026219,False,False,False,False,3853.5002813288093,False,False,False,False
2025-08-12 16:00:00+00:00,3.595,3.6,3.565,3.575,1213.0,,,,,,3.7333582351907184,3.737948779112634,3.9133770587337233,4.165180002667199,4.318045898078177,4.4331200766057135,4.444839458702899,4.45201614984879,4.620164012433307,,,,,,,3.8038643239440457,4.273874719445012,4.333901677949946,4.334535397784291,4.440599721602531,4.469577750253905,4.4818756408778135,4.700440888213172,4.700551372933248,4.70642636924757,4.707030785709526,4.706744136035582,4.7095941219622395,4.7170336328790485,4.696738450369606,4.674222346629001,,4.165180002667199,4.4331200766057135,4.202005519041462,4.528563208489784,"rgba(239, 83, 80, 0.75)",0.36049421781920177,4.317748495890666,-2.0603617455611336,25.124378087710934,-28.44197358211475,False,True,False,True,True,0.0,0.0,0.0,0.0,0.0,0,0.8681318681318683,1.0457875457875458,False,False,False,False,-0.34282825441539394,-0.33949064599609735,False,False,False,False,45442.0,58144.78523824262,False,False,False,False,3812.562292470998,False,False,False,False
2025-08-12 17:00:00+00:00,3.575,3.585,3.55,3.555,585.0,,,,,,3.7322724841445702,3.7368481785956704,3.9122370035092806,4.164008451875882,4.317109837843952,4.432299435729868,4.444029231772366,4.45121171538492,4.619410543715688,,,,,,,3.8028194999282205,4.272854347911472,4.332992316118401,4.333627387246685,4.439785608151696,4.468793920021132,4.481111356067846,4.6997148063131515,4.699829187079506,4.7057334815037395,4.70634541077648,4.706065496125533,4.708933922551049,4.716399762573818,4.696152215673548,4.673692639979872,,4.164008451875882,4.432299435729868,4.201047431396911,4.527803209876384,"rgba(239, 83, 80, 0.75)",0.36190035212038935,4.3168494188577045,-2.1051358872518264,24.39036921400521,-28.44197358211475,False,True,False,True,True,0.0,0.0,0.0,0.0,0.0,0,0.8642506142506141,1.0497542997542992,False,False,False,False,-0.34282825441539394,-0.3411594502057457,False,False,False,False,44857.0,57938.7730640063,False,False,False,False,3762.5225670063314,False,False,False,False
2025-08-12 18:00:00+00:00,3.555,3.56,3.535,3.54,1478.0,,,,,,3.7292990428308994,3.7338409816419382,3.909239845681229,4.160979030009635,4.314697927828727,4.430189374192827,4.44194634160105,4.449143955826237,4.61747872189869,,,,,,3.545000000000001,3.8000207366276895,4.270223115794212,4.3306498508621445,4.331288425302557,4.437692585464876,4.466779628427553,4.4791475882951275,4.697854958939913,4.697979299591437,4.703958606417313,4.704589752454284,4.704327048376808,4.707242675383619,4.714775977040599,4.694649867784667,4.672334526283852,,4.160979030009635,4.430189374192827,4.198535024612359,4.468147920179214,"rgba(239, 83, 80, 1.0)",0.3631328523673744,4.256724238867531,-1.9737245864564061,23.419671594760153,-28.44197358211475,False,True,False,True,False,0.0,0.0,0.0,0.0,0.0,0,0.8567016676961088,1.0562075355157503,True,False,False,False,-0.34282825441539394,-0.3419938523105698,False,False,False,False,43379.0,57713.040148285276,True,False,False,False,3727.1036124791012,True,False,False,False
2025-08-12 19:00:00+00:00,3.545,3.6,3.54,3.595,8131.0,,,,,,3.717171731641934,3.7214956584848307,3.8950210152126896,4.1457034002506425,4.302257238080596,4.419188788991009,4.431077559742897,4.438348376827326,4.607300594356143,,,,,,3.573206195580532,3.7875276482098825,4.256731350490156,4.318544528703151,4.3192002423318625,4.426774507061839,4.45624863393156,4.468870170057382,4.688022246346281,4.688198657358562,4.694568714515232,4.6953003353928935,4.695127897513188,4.6982900682007775,4.706175129526604,4.686692165800037,4.6651403282602395,,4.1457034002506425,4.419188788991009,4.186396040398675,4.460271695251775,"rgba(239, 83, 80, 0.75)",0.3614282603607307,4.246957752856872,-1.8038372323353253,28.17134593430773,-25.23343523511512,False,True,False,True,True,0.0,0.0,0.0,0.0,0.0,0,0.8574953732264035,1.0487353485502773,False,False,False,False,-0.3287105832995422,-0.335352217805056,False,False,False,False,51510.0,57616.868983195585,False,False,False,False,3795.3810758515183,False,False,False,False
2025-08-13 14:00:00+00:00,3.675,3.745,3.67,3.7,1308.0,,,,,,3.71701644786038,3.721287653844918,3.893716550503143,4.143852525777938,4.30063841999909,4.417708231965186,4.429610559659261,4.436888786093392,4.605881135365924,,,,,,3.588996824524442,3.7867862138914252,4.255006056476645,4.316960500430953,4.317618099975844,4.425302363803353,4.454818889660046,4.467470789699373,4.686635315475069,4.686818966287953,4.693242560106226,4.693988117247836,4.693828337136424,4.697024525933473,4.704957713137899,4.685567711822475,4.664125707120731,,4.143852525777938,4.417708231965186,4.185177812341027,4.4599499231017745,"rgba(239, 83, 80, 0.5)",0.3581858317830101,4.246481681969343,-1.5256931834769032,37.71711714038156,-16.656431526943095,True,False,False,True,True,0.0,0.0,0.0,0.0,0.0,0,0.8632218844984804,1.0389057750759876,False,False,False,False,-0.2449095873780731,-0.29013090259156454,False,False,False,False,52818.0,57542.46791368867,False,False,False,False,3756.8170281638977,False,False,False,False
2025-08-13 15:00:00+00:00,3.71,3.72,3.66,3.66,886.0,,,,,,3.7166993031111795,3.7209379859040044,3.892727359794939,4.1425366868591125,4.299501042468169,4.4166737729298315,4.4285860528875896,4.435869740301182,4.604895559005015,,,,,,3.5958280380694174,3.7861402927877172,4.253790668565654,4.315848521688643,4.316507481064703,4.424274093210189,4.453821324343241,4.466494816110041,4.6856742018009285,4.685862861862929,4.692323606726529,4.693078814875394,4.692927783414407,4.696147558799675,4.70411417747661,4.684788120799319,4.663421768180247,,4.1425366868591125,4.4166737729298315,4.184269722584558,4.459473184104449,"rgba(239, 83, 80, 0.5)",0.3554805401346339,4.245906507335439,-1.6482097926191237,41.879179992940735,-13.355644211604009,True,False,False,True,True,0.0,0.0,0.0,0.0,0.0,0,0.8640538885486836,1.0502143294549906,False,False,False,False,-0.25536742959320974,-0.27274916609238714,False,False,False,False,51932.0,57455.48391502682,False,False,False,False,3712.308237029574,False,False,False,False
2025-08-13 16:00:00+00:00,3.66,3.69,3.66,3.685,450.0,,,,,,3.7165330759405104,3.7207555092354645,3.8922245385812775,4.141868828157136,4.298923412644292,4.4161482944717605,4.428065620706273,4.435352077385652,4.604394886561491,,,,,,3.5988581027775512,3.785810107513707,4.253173550259243,4.315283755868176,4.315943404070881,4.423751752555501,4.453314554092876,4.46599899579445,4.685185946140404,4.685377147330071,4.6918567403141935,4.692616845043045,4.692470252351452,4.6957019958817705,4.703685580227884,4.684391972681891,4.6630640173286775,,4.141868828157136,4.4161482944717605,4.183807360409318,4.459204983543045,#000000,0.3520125279302094,4.245591767256505,-1.5925335684860868,45.908370611401914,-10.071196030628016,True,False,False,False,True,0.0,0.0,0.0,0.0,0.0,0,0.8596059113300494,1.052339901477832,False,False,False,False,-0.2643749362509216,-0.2685620511716544,False,False,False,False,52382.0,57376.82524967757,False,False,False,False,3661.729814750045,False,False,False,False
2025-08-13 17:00:00+00:00,3.685,3.715,3.665,3.695,1149.0,,,,,,3.716260994879901,3.7204408354124494,3.8910306736918097,4.140221049267291,4.297484976302244,4.41483414530697,4.426763627531991,4.434056739061559,4.603137324851454,,,,,,3.6068149032482713,3.7850795987645967,4.251640238927047,4.31387634097077,4.31453766471146,4.422445152240974,4.452045810837716,4.464757209147388,4.68395789204174,4.684155470194752,4.690682279227435,4.691454668981401,4.691319227500718,4.694580979737291,4.702607061081563,4.683395274462171,4.662164090172069,,4.140221049267291,4.41483414530697,4.182692262922853,4.458559638955727,#000000,0.3475642788433882,4.244847418357431,-1.5820020981074172,49.09918644347843,-7.436914276068471,True,False,False,False,True,0.0,0.0,0.0,0.0,0.0,0,0.8587291795188156,1.0493522516964835,False,False,False,False,-0.2542637237407506,-0.2614128874562025,False,False,False,False,53531.0,57317.20005200814,False,False,False,False,3622.7727633585714,False,False,False,False
2025-08-13 18:00:00+00:00,3.695,3.73,3.69,3.71,827.0,,,,,,3.716212072538533,3.7203601701512796,3.8902583553437067,4.139090665514442,4.296485066701792,4.4139151293180685,4.425852656292101,4.433150155337806,4.6022524923271515,,,,,,3.6128120973598516,3.7846626103346908,4.250577763440759,4.312897002665664,4.313559452253495,4.421531121966958,4.451157192414419,4.463887024647485,4.68309216565096,4.683294226206637,4.689854140671108,4.690635162473366,4.690507570984227,4.69379039044229,4.7018462635888225,4.682692371165345,4.661529609742497,,4.139090665514442,4.4139151293180685,4.181952973724987,4.458136833294622,"rgba(38, 166, 154, 1.0)",0.3421454303296948,4.244371948859856,-1.5618269352448446,52.00673626294179,-4.91485721938043,True,False,True,False,True,0.0,0.0,0.0,0.0,0.0,0,0.8684047175667287,1.0434512725015512,False,False,False,False,-0.2421686820142258,-0.25179078473521416,False,False,False,False,54358.0,57271.32098143437,False,False,False,False,3579.427449197973,False,False,False,False
2025-08-13 19:00:00+00:00,3.72,3.77,3.72,3.76,2535.0,,,,,,3.7170024206521295,3.7210458703316687,3.8884478374740525,4.135982001687209,4.293648749357636,4.411272179979626,4.423229860176649,4.430538232752314,4.599672213085676,,,,,,3.63355722580132,3.784082374745219,4.2475858537750835,4.31011259692305,4.310777989563034,4.418900592449283,4.448592819583548,4.461372974770177,4.680556711418385,4.680771828203921,4.687427615089181,4.6882337560408365,4.688129104503669,4.691473103261688,4.699615200638115,4.680632419745211,4.659671533668432,,4.135982001687209,4.411272179979626,4.180093262832995,4.457146688245891,"rgba(38, 166, 154, 1.0)",0.33609707413668416,4.243333484438372,-1.4380770367605453,56.260851881381896,-1.0560047916676538,True,False,True,False,True,0.0,0.0,0.0,0.0,0.0,0,0.8650154798761612,1.0371517027863777,False,False,False,False,-0.22116621173073936,-0.23647849823297676,False,False,False,False,56893.0,57265.455539861745,False,False,False,False,3563.234775566997,False,False,False,False
2025-08-14 14:00:00+00:00,3.69,3.73,3.69,3.715,2338.0,,,,,,3.716889739953572,3.7208499307510157,3.886367964801574,4.132878229936768,4.2908762033035375,4.408712978667032,4.420692156560655,4.428012233312141,4.597199523205517,,,,,,3.6431174746099884,3.78298137117192,4.244647829859077,4.307394792304032,4.308063206327611,4.416354697538447,4.446115432766229,4.4589458403838025,4.678134649469361,4.678362193070612,4.685109678824339,4.6859397650160455,4.685856912331478,4.689259352138273,4.697484079959107,4.6786626757787575,4.657892623118137,,4.132878229936768,4.408712978667032,4.178053217832424,4.455548386745129,"rgba(38, 166, 154, 1.0)",0.32949114466766916,4.241665063012507,-1.5984194766257247,56.01103469503643,-1.0560047916676538,True,False,True,False,True,0.0,0.0,0.0,0.0,0.0,0,0.8582920792079208,1.0408415841584153,False,False,False,False,-0.2386720778254432,-0.23757528802920996,False,False,False,False,54555.0,57223.43297335226,False,False,False,False,3544.23888757371,False,False,False,False
2025-08-14 15:00:00+00:00,3.72,3.73,3.69,3.71,401.0,,,,,,3.7168648750809985,3.7208111934185686,3.8860127878051323,4.132348357018759,4.290401963618695,4.408274874375262,4.420257703119662,4.427579767287,4.596776009202777,,,,,,3.6444926421576174,3.782791553431012,4.244145584965951,4.306929831371697,4.307598758235502,4.415918852572949,4.445691238003539,4.458530205630325,4.677719733437071,4.677949399522621,4.684712547193062,4.685546724274206,4.685467596351037,4.68888002157393,4.697118869638598,4.6783250602697946,4.6575876491285495,,4.132348357018759,4.408274874375262,4.177703058991873,4.455259192221027,"rgba(38, 166, 154, 1.0)",0.3224534046931349,4.241365940917298,-1.647884417356288,55.519690983058,-1.0560047916676538,True,False,True,False,True,0.0,0.0,0.0,0.0,0.0,0,0.8652173913043478,1.0341614906832295,False,False,False,False,-0.2386720778254432,-0.23812368292732658,False,False,False,False,54154.0,57175.84486523827,False,False,False,False,3495.506501719854,False,False,False,False
2025-08-14 16:00:00+00:00,3.715,3.72,3.68,3.695,617.0,,,,,,3.716762538523271,3.720688387509998,3.8854330401173542,4.131513205154192,4.289659146442721,4.4075906110092244,4.419579303009763,4.426904566465631,4.596116594282457,,,,,,3.6461437210072902,3.7824549078129635,4.243357805755172,4.306201874766963,4.306871616964456,4.415238221880602,4.445029168018698,4.457881634476043,4.6770743274009945,4.6773072931107915,4.684094824363301,4.6849353638054705,4.684862023217577,4.688289987517099,4.6965508296524066,4.677799793190157,4.657113010294027,,4.131513205154192,4.4075906110092244,4.17713859916829,4.45477684724906,"rgba(38, 166, 154, 1.0)",0.3143482890789184,4.240863849221636,-1.736493781534771,54.17540613609012,-1.0560047916676538,True,False,True,False,True,0.0,0.0,0.0,0.0,0.0,0,0.8744507219083492,1.0295040803515378,False,False,False,False,-0.2449162403808627,-0.24151996165409464,False,False,False,False,53537.0,57119.42866577721,False,False,False,False,3450.8784939412517,False,False,False,False
2025-08-14 17:00:00+00:00,3.695,3.82,3.695,3.805,1516.0,,,,,,3.7175198463508314,3.721385726393415,3.884588623056985,4.129827710368416,4.288072387176729,4.406092124196756,4.418090612231251,4.425421096576398,4.594635490817953,,,,,,3.655055694213349,3.782366440620134,4.24169684898043,4.3046403974879635,4.305311632706199,4.413745731188599,4.443570294375245,4.456449643626581,4.675613380792073,4.675853769170582,4.682695557057694,4.6835503780180305,4.683490128997948,4.686952833211064,4.695262525911551,4.676610215786059,4.656039861645647,,4.129827710368416,4.406092124196756,4.176181513018748,4.454053254928773,"rgba(38, 166, 154, 1.0)",0.3071490233136333,4.240190260957776,-1.4168700790996773,58.384886878184204,1.6907012187404291,True,False,True,False,True,0.0,0.0,0.0,0.0,0.0,0,0.8738346799254195,1.0167806090739588,False,False,False,False,-0.20925156276315476,-0.22538576220862472,False,False,False,False,55053.0,57087.39101204423,False,False,False,False,3420.880377756116,False,False,False,False
2025-08-14 18:00:00+00:00,3.81,3.915,3.795,3.88,5042.0,,,,,,3.723735166727253,3.727375297442206,3.884069133336889,4.125721193469088,4.28377507727275,4.401860580907729,4.413872689098227,4.421209687765468,4.5902832981787665,,,,,,3.6944190593997557,3.78489653056671,4.2373016723265895,4.300381001331698,4.301055095755729,4.409522086837589,4.4394090023327255,4.452351675231242,4.671269568116434,4.671531737968561,4.678530105207826,4.679426711590708,4.679405220422943,4.682968960306991,4.691419322967726,4.673068230635099,4.652851397164427,,4.125721193469088,4.401860580907729,4.174655791577598,4.45292984577428,"rgba(38, 166, 154, 1.0)",0.3007252195238271,4.239680971501963,-1.1960452537751496,63.34854460024819,6.455514908112292,True,False,True,False,True,0.0,0.0,0.0,0.0,0.0,0,0.8849230769230768,1.0067692307692302,False,False,False,False,-0.14990757795963133,-0.18764667008412803,False,False,False,False,60095.0,57134.02060875672,False,False,False,False,3446.014015310285,False,False,False,False
2025-08-14 19:00:00+00:00,3.88,3.92,3.875,3.905,6675.0,,,,,,3.733150571106949,3.7365082642444607,3.884568440921812,4.121208500310491,4.278702587498533,4.396733574435976,4.408751745499024,4.4160905407924025,4.5848872136717675,,,,,,3.735562368202761,3.7894691031798446,4.232193023855607,4.295329565057417,4.296006091274183,4.404397948170924,4.434335761538081,4.447345126794988,4.665847610812826,4.666136529826743,4.673325391086388,4.674273269126699,4.674299665487072,4.6779870072923115,4.686608558987223,4.668636455505446,4.648863716557609,,4.121208500310491,4.396733574435976,4.173400159831269,4.451212776044478,"rgba(38, 166, 154, 1.0)",0.29483308760983024,4.239088972221541,-1.1331461300017345,67.26455465690938,10.128384965869841,True,False,True,False,True,0.0,0.0,0.0,0.0,0.0,0,0.8925061425061424,1.0073710073710072,False,False,False,False,-0.12438759242008937,-0.1560171312521087,False,False,False,False,66770.0,57283.41563807832,False,False,False,False,3496.0758135225283,False,False,False,False
2025-08-15 14:00:00+00:00,3.85,3.865,3.82,3.855,669.0,,,,,,3.73375505780155,3.737089302374476,3.8844497544946908,4.120659493783133,4.278131024395197,4.396170939491419,4.408190907007392,4.415530566176041,4.58430928767994,,,,,,3.7377470950169505,3.7896959323279735,4.231608694502972,4.294762950657719,4.295439847473666,4.403836357105084,4.433782327586206,4.446799940034784,4.665270846072104,4.665562601089805,4.672771873178618,4.673725202645227,4.673756656202425,4.677457195687607,4.686097151613221,4.668164456442123,4.648438082352066,,4.120659493783133,4.396170939491419,4.173142925911538,4.450877482940503,"rgba(38, 166, 154, 1.0)",0.2870763309989454,4.2388388655697735,-1.3370620428167015,66.54801872850037,10.128384965869841,True,False,True,False,True,0.0,0.0,0.0,0.0,0.0,0,0.8854357099329676,1.0067032297379646,False,False,False,False,-0.1574490204462231,-0.1567330758491659,False,False,False,False,66101.0,57420.122372371676,False,False,False,False,3452.245180754737,False,False,False,False
2025-08-15 15:00:00+00:00,3.86,3.96,3.845,3.95,2011.0,,,,,3.918333333333333,3.7366630889519112,3.7399181193052167,3.8847657259535433,4.119450555327758,4.276705859914098,4.394706254594931,4.40672606461283,4.414065135082319,4.582745744830713,,,,,,3.7478256043071636,3.7912113348212615,4.230187866062549,4.2933393387068275,4.294016742604507,4.402371279771952,4.432327280979418,4.445362057262949,4.663693340502737,4.663992775304193,4.671256421858591,4.672224468081954,4.672269727590862,4.676005684285257,4.684694540714125,4.666872387467785,4.647275471236953,,4.119450555327758,4.394706254594931,4.147407988190665,4.450289783621123,"rgba(38, 166, 154, 1.0)",0.2776021360615623,4.201349692212152,-0.9054314054572383,68.64311070003127,11.675972352283985,True,False,True,False,True,0.0,0.0,0.0,0.0,0.0,0,0.8928571428571428,0.9963680387409197,False,False,False,False,-0.1213964392400724,-0.13906475754461917,False,False,False,False,68112.0,57585.88791698607,False,False,False,False,3429.9002942314078,False,False,False,False
2025-08-15 16:00:00+00:00,3.95,3.95,3.86,3.86,1446.0,,,,,3.9064820171632433,3.7383807170302417,3.7415837503453777,3.884800589288402,4.118468953030139,4.275607591696391,4.3935963065876,4.40561738809159,4.412956831435454,4.581578266582127,,,,,,3.7533109207823054,3.792041110717403,4.229082066418342,4.292245495056191,4.292923411773074,4.401261930537233,4.431228709661301,4.444277657221896,4.6625201928051085,4.662825333725541,4.670129636685472,4.6711086349820805,4.671164127049288,4.674926506427543,4.6836519930940055,4.665911017885938,4.646409382428188,,4.118468953030139,4.3935963065876,4.145907241125056,4.449706948661818,"rgba(38, 166, 154, 0.75)",0.269192034338588,4.200472739135388,-1.2647950002381707,65.40734867827724,11.675972352283985,True,False,True,False,False,0.0,0.0,0.0,0.0,0.0,0,0.8946417820590005,0.9963877182420225,False,False,False,False,-0.11990167617518648,-0.12948321685990283,False,False,False,False,66666.0,57726.664848505665,False,False,False,False,3399.142150134797,False,False,False,False
2025-08-15 17:00:00+00:00,3.86,3.955,3.86,3.925,1472.0,,,,,3.908528099005883,3.7403532220179723,3.7435024488226416,3.884992748318617,4.117579465607778,4.27456323016383,4.392523524814676,4.404544505410985,4.411883529523936,4.580433793221667,,,,,,3.759358339109822,3.7930694312454984,4.228040698842458,4.29120230026085,4.291880585779786,4.4001888726703715,4.430162963625713,4.4432243879232844,4.661365560618368,4.66167628501558,4.669020132675203,4.6700098376169334,4.670075374718262,4.673863530770456,4.682624625163351,4.6649641600190535,4.64555688760731,,4.117579465607778,4.392523524814676,4.145890456690799,4.449193174921312,"rgba(38, 166, 154, 0.75)",0.2633356197870786,4.200392926955777,-1.0457868448577048,65.08745652809009,11.675972352283985,True,False,True,False,False,0.0,0.0,0.0,0.0,0.0,0,0.8953349282296651,0.9952153110047846,False,False,False,False,-0.11840744616422008,-0.12394533151206145,False,False,False,False,68138.0,57888.08089736604,False,False,False,False,3369.2639772644898,False,False,False,False
2025-08-15 18:00:00+00:00,3.925,3.925,3.865,3.885,1467.0,,,,,3.9046607254534083,3.7420345207167207,3.7451338777511736,3.885037243736281,4.116607414338074,4.273466319587517,4.391411018514592,4.403432951731194,4.410772163849994,4.579260182441662,,,,,,3.7641605637752167,3.793895523496217,4.226938697651706,4.290109062275204,4.290787827632055,4.39907676131016,4.429060848516978,4.442136094634762,4.660185158082428,4.660501585360399,4.667886018851219,4.66888667293582,4.668962450827228,4.672777017654328,4.681574709471544,4.663995752506609,4.644684177314909,,4.116607414338074,4.391411018514592,4.145181641812061,4.448565818958635,"rgba(38, 166, 154, 0.75)",0.25694453778099985,4.1998770945942105,-1.2254671662356498,63.047656663145005,11.675972352283985,True,False,True,False,False,0.0,0.0,0.0,0.0,0.0,0,0.8991646778042958,0.9958233890214793,False,False,False,False,-0.12588399651641033,-0.1249146640142359,False,False,False,False,66671.0,58024.25018577896,False,False,False,False,3339.771512500699,False,False,False,False
2025-08-15 19:00:00+00:00,3.885,3.89,3.855,3.86,1779.0,,,,,3.896755351681957,3.743713709898409,3.7467572525491932,3.884903275687958,4.115318674221864,4.272063741497395,4.390005836332034,4.402030276730782,4.409370494801955,4.577794209466846,,,,,,3.768552424737937,3.794644232237052,4.22551963935508,4.288714146728388,4.289393637519419,4.397672918243313,4.427672605868134,4.440766394415975,4.658715243503295,4.65903876415574,4.66647392572767,4.667488215957693,4.667576707937762,4.671424230593992,4.680267732900671,4.662789252893401,4.643595857308036,,4.115318674221864,4.390005836332034,4.143871282286839,4.447665054710798,"rgba(38, 166, 154, 0.75)",0.24938569571092353,4.198917281030729,-1.3590085031323795,60.578987784812504,16.867767406972064,True,False,True,False,False,0.0,0.0,0.0,0.0,0.0,0,0.898688915375447,0.9976162097735399,False,False,False,False,-0.13937772586572628,-0.1321461949399811,False,False,False,False,64892.0,58130.72692708472,False,False,False,False,3315.573504554952,False,False,False,False
2025-08-18 14:00:00+00:00,3.83,3.84,3.79,3.835,2824.0,,,,,3.877476285722944,3.745324916440995,3.7482920276080884,3.8841083140432104,4.112918781676919,4.269602050374892,4.38759251741084,4.39962531634301,4.406969649408062,4.5753272297280105,,,,,,3.7718840837238927,3.7950689037906806,4.2229986213929465,4.286274976852453,4.286956084988068,4.395264509528412,4.425300272763105,4.438429335211887,4.656255953607118,4.65659133656381,4.6641121058165025,4.665149251076245,4.6652589258166115,4.669161880600373,4.678082881213845,4.660769481284208,4.641770884602986,,4.112918781676919,4.38759251741084,4.140723708875697,4.445842911107833,"rgba(38, 166, 154, 0.75)",0.241558807866022,4.196559550025678,-1.4967765126006634,57.826411445147066,14.037189075726303,True,False,True,False,False,0.0,0.0,0.0,0.0,0.0,0,0.8924539512774806,1.0035650623885914,False,False,False,False,-0.17410417832055988,-0.15312518663027047,False,False,False,False,62068.0,58191.76992046325,False,False,False,False,3307.952209910689,False,False,False,False
2025-08-18 15:00:00+00:00,3.835,3.95,3.82,3.915,2251.0,,,,,3.880453333333333,3.7477508682493155,3.7506494509286026,3.884216371150318,4.111508375096199,4.267977134025906,4.3859308722934705,4.397963988102637,4.405307963935698,4.5735625284482095,,,,,,3.7777466223839347,3.796305231588858,4.221374644407297,4.284652906311103,4.285334613049678,4.393602748903566,4.423650673775232,4.43679907038194,4.65447732743221,4.654821172336289,4.662402000440547,4.6634554031115005,4.663580320898276,4.66752247400128,4.676497735960134,4.659306558657035,4.640451558368475,,4.111508375096199,4.3859308722934705,4.140532088556368,4.444822415412197,"rgba(38, 166, 154, 0.75)",0.2346247339172957,4.196159039263021,-1.1983350372690393,58.8018395273254,14.037189075726303,True,False,True,False,False,0.0,0.0,0.0,0.0,0.0,0,0.8994117647058822,0.9882352941176467,False,False,False,False,-0.1318752934313703,-0.1425002400308204,False,False,False,False,64319.0,58286.76573564987,False,False,False,False,3291.565353943081,False,False,False,False
2025-08-18 16:00:00+00:00,3.915,3.92,3.87,3.875,1134.0,,,,,3.8810745736002965,3.74888946422407,3.7517550636481865,3.8842368453751424,4.110783072680079,4.267149331533582,4.385086704366385,4.397120148660599,4.404464042794236,4.572668277059723,,,,,,3.78033732044237,3.7968752548976754,4.2205460125705585,4.283826935529423,4.284508960474879,4.392758630849781,4.422813095592889,4.435971421208161,4.653576604839267,4.653924722144582,4.661535908342386,4.662597523666007,4.662730137024719,4.666692102800825,4.6756948145127035,4.658565278474915,4.639782749332486,,4.110783072680079,4.385086704366385,4.140322752394231,4.444278674864919,"rgba(38, 166, 154, 0.75)",0.22697477734220947,4.195876970901748,-1.4137120197190984,57.61998092575723,13.37921799668333,True,False,True,False,False,0.0,0.0,0.0,0.0,0.0,0,0.9168152109328578,0.9916815210932856,False,False,False,False,-0.12588399651641033,-0.13419211827361538,False,False,False,False,63185.0,58362.707352151425,False,False,False,False,3258.1147283005525,False,False,False,False
2025-08-18 17:00:00+00:00,3.875,3.895,3.855,3.88,1874.0,,,,,3.8805664903432158,3.7505770825551417,3.7533909532029277,3.8841751377778944,4.10953242304604,4.2657473360858615,4.383665312077623,4.395699927435462,4.403044049193139,4.571170473262724,,,,,,3.783927638557412,3.7976837213577412,4.219137878165461,4.28242944811869,4.283112064149455,4.391337721231354,4.421404591256768,4.434580123235884,4.6520701194727145,4.6524253684868215,4.660087349461862,4.661162683799652,4.661308133857054,4.665303228868915,4.67435191247127,4.65732488189545,4.638662988103263,,4.10953242304604,4.383665312077623,4.139756918498003,4.443312344264104,"rgba(38, 166, 154, 0.75)",0.22292199581066963,4.195248085430993,-1.4141632111473532,57.01944443546287,12.447897840238063,True,False,True,False,False,0.0,0.0,0.0,0.0,0.0,0,0.9120095124851366,0.9887039239001186,False,False,False,False,-0.13787601826315235,-0.13603406826838388,False,False,False,False,65059.0,58466.52584281574,False,False,False,False,3236.6555852261254,False,False,False,False
2025-08-18 18:00:00+00:00,3.88,3.9,3.875,3.88,1090.0,,,,,3.88084505418492,3.7516018552841084,3.7543858961643646,3.8841790301702686,4.108836930523781,4.264953862233569,4.382855747061382,4.394890630262586,4.402234648296082,4.570312664749785,,,,,,3.7860722535851017,3.7981952925114473,4.2183439385153765,4.281637615620788,4.282320529681334,4.390528175039726,4.420601162241045,4.4337861028415695,4.651205954468984,4.651565276491084,4.659256197479853,4.660339365363592,4.660492158070969,4.664506155658454,4.6735810347494855,4.656612903998799,4.63802030272851,,4.108836930523781,4.382855747061382,4.139509631893085,4.442768495238007,"rgba(38, 166, 154, 0.75)",0.21462779430932533,4.194935606960002,-1.4673570493209829,56.61908677526663,11.65873626353386,True,False,True,False,False,0.0,0.0,0.0,0.0,0.0,1,0.9095776323616894,0.9910767400356927,False,False,False,False,-0.13037660303505602,-0.13320533565171994,False,False,False,False,65059.0,58568.73474447751,False,False,False,False,3203.3741032846347,False,False,False,False
2025-08-18 19:00:00+00:00,3.885,3.89,3.85,3.88,3339.0,,,,,3.8796326195195046,3.754379786948062,3.7570781420172357,3.8840244870438028,4.106623329035695,4.262469657189252,4.380334349522707,4.392371033439722,4.39971530171266,4.567653727007309,,,,,,3.791397972301937,3.799520046677895,4.215850868289629,4.27916073788233,4.279844664060765,4.388007460831123,4.418101641290654,4.4313165875101115,4.648530707853091,4.648902594727748,4.656682986636125,4.657790340046179,4.657965774338765,4.662038189247817,4.671194147600198,4.654407193505192,4.636027970121783,,4.106623329035695,4.380334349522707,4.138428243343595,4.440984698995373,"rgba(38, 166, 154, 0.75)",0.2015027999268852,4.193723912761255,-1.5569208610257,56.352181668469136,10.968101181320336,True,False,True,False,False,0.0,0.0,0.0,0.0,0.0,1,0.9083333333333333,0.9922619047619046,False,False,False,False,-0.14088005831801984,-0.13704269698486987,False,False,False,False,65059.0,58669.359012004985,False,False,False,False,3205.476830365493,False,False,False,False
2025-08-19 14:00:00+00:00,3.865,3.91,3.86,3.865,752.0,,,,,3.879587045415675,3.755013587634006,3.7576931109522462,3.8840062815495444,4.106141079518106,4.2619216468168934,4.379775493033504,4.391812366254965,4.3991565677869495,4.567061977593452,,,,,,3.792576735603998,3.799831759889902,4.215302473123623,4.278613864829137,4.279297994520088,4.3874486214734905,4.417546991098486,4.430768366922291,4.647934603168719,4.648309275000834,4.6561094627882955,4.657222176987725,4.657402636821368,4.6614879939903044,4.670661899418532,4.653915311606863,4.635583626424187,,4.106141079518106,4.379775493033504,4.138216915655535,4.440589046686345,"rgba(38, 166, 154, 0.75)",0.18730119791057037,4.193470690142567,-1.7537030932359519,55.226654294038724,9.499302579552648,True,False,True,False,False,0.0,0.0,0.0,0.0,0.0,1,0.9102792632204397,0.988116458704694,False,False,False,False,-0.1318752934313703,-0.1344589952081201,False,False,False,False,64307.0,58756.76429864056,False,False,False,False,3167.4384298947098,False,False,False,False
2025-08-19 15:00:00+00:00,3.865,3.87,3.815,3.825,1259.0,,,,,3.87720636179399,3.7557066498571863,3.7583580324521453,3.8837540989849333,4.1051913999262855,4.260908378045053,4.378765119969738,4.390804080680722,4.398149188154736,4.566013742139761,,,,,,3.793555389045604,3.8000740618828166,4.214275291898663,4.277606663010117,4.278291321864934,4.386439402318925,4.416549383288637,4.4297839211257815,4.646884745753417,4.647264337420607,4.65509981976692,4.65622202268004,4.656411323268363,4.6605196672563,4.669725629945879,4.653049029612029,4.634800001662032,,4.1051913999262855,4.378765119969738,4.137485705200454,4.439797177164769,#000000,0.1737343680180364,4.19276160783702,-2.1168040154199086,52.135894014429084,6.327018810987568,True,False,False,False,False,0.0,0.0,0.0,0.0,0.0,1,0.906769596199525,0.9928741092636579,False,False,False,False,-0.1574490204462231,-0.1459540078271716,False,False,False,False,63048.0,58823.29508470815,False,False,False,False,3137.8502371831637,False,False,False,False
2025-08-19 16:00:00+00:00,3.82,3.825,3.805,3.81,1066.0,,,,,3.8743411602984903,3.7561178419625816,3.75874716963592,3.8834378944560286,4.104323101997983,4.260007227612505,4.377875871667011,4.38991739298899,4.397263723990476,4.5651002274420405,,,,,,3.7939202401965875,3.800147502511343,4.213356447542105,4.276712505352315,4.277397695823457,4.3855516353127975,4.415673499530522,4.428920243111504,4.6459724108875164,4.646356278667195,4.654222577641867,4.655353036694888,4.655550006532961,4.659678386461018,4.668912370895238,4.65229605693341,4.6341183423047525,,4.104323101997983,4.377875871667011,4.136713161205202,4.439067013905852,#000000,0.1572483833114029,4.192039969465597,-2.429531938074261,49.26424327740887,3.522713122875551,False,False,False,False,False,0.0,0.0,0.0,0.0,0.0,0,0.9070321811680572,0.9964243146603098,False,False,False,False,-0.17410417832055947,-0.16002909307386554,False,False,False,False,61982.0,58872.26725393748,False,False,False,False,3105.7285280795486,False,False,False,False
2025-08-19 17:00:00+00:00,3.81,3.82,3.785,3.815,1168.0,,,,,3.871170784533932,3.7565099769974464,3.7591159584538576,3.8830620397111164,4.103355972578832,4.259009333124775,4.376893273518824,4.388937786667701,4.396285566274024,4.564092992088947,,,,,3.8066666666666666,3.794172773122548,3.8001868273183614,4.212337808781629,4.275722697882996,4.276408489306058,4.384570778945087,4.4147061331454776,4.427966480146346,4.644967084224251,4.645355655835297,4.653255889878741,4.65439543456014,4.654600838921624,4.6587512783219855,4.668016137376383,4.651466041497894,4.6333667002902725,,4.103355972578832,4.376893273518824,4.135843368394945,4.403161873123431,"rgba(239, 83, 80, 0.5)",0.15165165750898024,4.149309572912405,-2.20445709861502,47.71637385533664,2.0023926804931236,False,False,False,True,False,0.0,0.0,0.0,0.0,0.0,0,0.903995229576625,0.996422182468694,False,False,False,False,-0.18170588993602585,-0.17086749150494568,False,False,False,False,63150.0,58938.58869186093,False,False,False,False,3075.6862253186255,False,False,False,False
2025-08-19 18:00:00+00:00,3.815,3.83,3.805,3.825,2875.0,,,,,3.8658801740568918,3.7576996028797724,3.7602478735832867,3.8823111394586003,4.101107761102861,4.256643511142271,4.374545194562544,4.386595369094774,4.393945740878826,4.561668513981032,,,,,3.816148074861901,3.795373718912916,3.800476710279231,4.209933762719427,4.273372735447137,4.274059818121506,4.382225907685877,4.412389957341664,4.4256813430757695,4.642541926127394,4.642941775463823,4.650923110281024,4.652084432772752,4.6523101027555285,4.656513364874722,4.66585202632271,4.649462041932731,4.631552104818529,,4.101107761102861,4.374545194562544,4.134064488074086,4.40188016187748,"rgba(239, 83, 80, 0.5)",0.14363046930128548,4.148148427834554,-2.2498598619538317,47.45922976723362,1.6171535951956173,False,False,False,True,False,0.0,0.0,0.0,0.0,0.0,0,0.9070321811680572,0.9922526817640046,False,False,False,False,-0.17258625075520068,-0.17172687113007318,False,False,False,False,66025.0,59048.45553384758,False,False,False,False,3072.5748109726,False,False,False,False
2025-08-19 19:00:00+00:00,3.82,3.845,3.82,3.83,3192.0,,,,,3.862357172812026,3.7592069952542078,3.761692231500606,3.881650343361675,4.0987549628956845,4.254115913836648,4.372015662975965,4.384070254668898,4.391422438355959,4.559037205335114,,,,,3.8229947016816404,3.797155406202099,3.800975262274968,4.207377757878923,4.27085830655296,4.27154661434233,4.379698754148086,4.4098896724095376,4.423212768505897,4.639903971264587,4.640315986185552,4.6483845212462676,4.64956933414392,4.649816918603065,4.654077104295477,4.663495163777736,4.647279502034074,4.6295757184030375,,4.0987549628956845,4.372015662975965,4.132432318099679,4.400340414663898,"rgba(239, 83, 80, 0.5)",0.14045893247389965,4.146909047996617,-2.2562399016915915,47.695687160569264,1.6171535951956173,False,False,False,True,False,0.0,0.0,0.0,0.0,0.0,0,0.9122388059701492,0.9892537313432834,False,False,False,False,-0.1634949496036592,-0.1676109103668662,False,False,False,False,69217.0,59206.10738603598,False,False,False,False,3074.4263642908545,False,False,False,False
2025-08-20 14:00:00+00:00,3.945,3.98,3.825,3.84,1627.0,,,,,3.863320102576677,3.760465972015982,3.7629163452714667,3.881650451204046,4.097793011287139,4.25299022130248,4.370853847438358,4.3829076952542945,4.390259084182547,4.557794976447871,,,,,3.833766456029489,3.799218481174729,3.80162737637549,4.206259795731228,4.269732313110857,4.2704209234904535,4.378536249619814,4.408733000453112,4.422068072372637,4.638648740497896,4.63906647088617,4.64717546253803,4.648371290287111,4.648629240636365,4.652916003369227,4.662370862058805,4.64623943570244,4.628634975573966,,4.097793011287139,4.370853847438358,4.1320951706980855,4.400134174994879,#000000,0.13798573499843686,4.113211246666541,-1.9799963138916954,48.70567220970276,1.6171535951956173,False,False,False,False,False,0.0,0.0,0.0,0.0,0.0,1,0.91005291005291,0.9758965314520868,False,False,False,False,-0.1213964392400724,-0.14450367480346932,False,False,False,False,70844.0,59386.539829663336,False,False,False,False,3051.9856454646397,False,False,False,False
2025-08-20 15:00:00+00:00,3.84,3.9,3.805,3.885,1900.0,,,,,3.863320830678329,3.761686324460789,3.7640987392657874,3.881510212880843,4.096586005117324,4.251619746902305,4.369453449262397,4.381507449744425,4.388858499518524,4.556310885434884,,,,,3.838986402775197,3.8009956040536075,3.802204288905728,4.204890730016782,4.268363871801645,4.2690529418041665,4.377135696857664,4.4073418802271425,4.420692270806874,4.637152766282556,4.637577300526095,4.645734650151775,4.646943604263101,4.647213875626982,4.65153236122832,4.6610312597429315,4.6449993858890055,4.627512483303058,,4.096586005117324,4.369453449262397,4.131495214326561,4.3994089652368125,"rgba(38, 166, 154, 1.0)",0.137437389512577,4.112388970733756,-1.6544913399489987,52.66134965798409,-1.1899835815397353,True,False,True,False,True,0.0,0.0,0.0,0.0,0.0,1,0.9078179696616101,0.9865810968494747,False,False,False,False,-0.15141448627783313,-0.1479590805406512,False,False,False,False,72744.0,59593.63223540499,False,False,False,False,3034.1254028992967,False,False,False,False
2025-08-20 16:00:00+00:00,3.88,3.905,3.86,3.88,1081.0,,,,,3.8638777955645423,3.762490717655474,3.7648811165421097,3.8815108914280834,4.095958353370037,4.250880926077144,4.3686888765479175,4.380742214681519,4.388092641947993,4.555491607145664,,,,,3.842882152607729,3.802248033625837,3.802624737114318,4.204158219723255,4.267624461535379,4.268313712441102,4.376370560949931,4.406580135238451,4.419938180054984,4.636324313494757,4.636752591955633,4.644936418441841,4.64615259122986,4.646429662550816,4.650765564140789,4.660288570007195,4.64431212088149,4.626890598992038,,4.095958353370037,4.3686888765479175,4.131261514096048,4.399088479165855,"rgba(38, 166, 154, 1.0)",0.1365856164851424,4.112446362794635,-1.7018363190528185,54.806387674172115,0.8189744720824592,True,False,True,False,True,0.0,0.0,0.0,0.0,0.0,1,0.9141355140186915,0.9924065420560746,False,False,False,False,-0.133374573052284,-0.1406668267964676,False,False,False,False,71663.0,59780.75421625143,False,False,False,False,3003.8443889008577,False,False,False,False
2025-08-20 17:00:00+00:00,3.88,3.88,3.86,3.87,518.0,,,,,3.863965582468281,3.7628350004533577,3.7652152573228608,3.881487018515999,4.095642585178629,4.250516784419691,4.368314596702411,4.380367802037516,4.387718037335954,4.555092940225444,,,,,3.844018552975757,3.802748347517832,3.802795131684088,4.203795730675128,4.26726046784246,4.267949824752004,4.375996128628875,4.40620780414793,4.419569761822546,4.635921846928137,4.636351944506088,4.64454867027545,4.645768352500015,4.646048723796823,4.650393101280356,4.659927859953469,4.643978200330511,4.626588308676356,,4.095642585178629,4.368314596702411,4.131115560466015,4.3988815976829905,"rgba(38, 166, 154, 1.0)",0.13630857283026185,4.112334672927,-1.7778388247727237,55.212369948781635,1.256763871272483,True,False,True,False,True,0.0,0.0,0.0,0.0,0.0,1,0.9128654970760234,0.9970760233918127,False,False,False,False,-0.14088005831801984,-0.14077344255724372,False,False,False,False,71145.0,59956.94407336381,False,False,False,False,2965.3041658171232,False,False,False,False
2025-08-20 18:00:00+00:00,3.87,3.87,3.83,3.855,1212.0,,,,,3.8635663461624303,3.7634956453618704,3.7658534849629253,3.8813430128005915,4.094847447949717,4.249626572674508,4.367408921795082,4.379462512338284,4.386812699093958,4.554137047983387,,,,,3.844701490704585,3.803579202810204,3.8030826210687922,4.202904240482224,4.266372221399284,4.2670618993649185,4.375090539360076,4.405308934303928,4.418680982123219,4.634959317279646,4.635393769461615,4.6436215054261405,4.644849596379138,4.645137852412488,4.649502570858048,4.659065609199569,4.643179547679304,4.625864846003105,,4.094847447949717,4.367408921795082,4.130655369112276,4.398242041462016,"rgba(38, 166, 154, 1.0)",0.1360495736357974,4.1117197339239615,-1.8869572837559658,53.976909442853255,1.256763871272483,True,False,True,False,True,0.0,0.0,0.0,0.0,0.0,1,0.9095154699357851,0.9976649153531816,False,False,False,False,-0.1529220773541216,-0.14684775995568267,False,False,False,False,69933.0,60111.611607110106,False,False,False,False,2938.121155494377,False,False,False,False
2025-08-20 19:00:00+00:00,3.855,3.88,3.845,3.855,3723.0,,,,,3.863242977756129,3.7656510449474374,3.7679411437704124,3.88103103900914,4.092519650414749,4.2469734630459826,4.364691269754497,4.376744548614966,4.384093732714678,4.551251575732875,,,,,3.8479945266728337,3.8063768723972906,3.8040928586866003,4.200258095830311,4.2637216659804915,4.2644121654739475,4.372372204314336,4.402607222449933,4.416008028830626,4.632048655072467,4.632496184955625,4.640816795441589,4.642070137540006,4.642382120497057,4.646807874616825,4.65645564909744,4.640762022220378,4.623674779999861,,4.092519650414749,4.364691269754497,4.129414044576086,4.396408770004311,"rgba(38, 166, 154, 0.5)",0.136066094167422,4.11048993797122,-1.8776899530668787,53.15326910556767,1.256763871272483,False,False,True,False,False,0.0,0.0,0.0,0.0,0.0,1,0.9103690685413006,1.001757469244288,False,False,False,False,-0.14539087661950834,-0.1461193182875955,False,False,False,False,69933.0,60263.88119459677,False,False,False,False,2950.289819750278,False,False,False,False
2025-08-21 14:00:00+00:00,3.835,3.9,3.835,3.865,1108.0,,,,,3.863332938088914,3.766318065065942,3.768588397839092,3.880968821790217,4.091855368116478,4.24620431805253,4.363898692566377,4.375951505286569,4.383300177957535,4.550405695701644,,,,,3.849118669854379,3.8072536422102643,3.8044216572451117,4.199493721539092,4.262952415007442,4.263643117778762,4.371579187719075,4.401818144571184,4.415226943355807,4.631194075147467,4.63164541939589,4.639993053521496,4.6412537604880315,4.641572676505646,4.646016220848249,4.655688663402696,4.6400515417945085,4.623031080932087,,4.091855368116478,4.363898692566377,4.129082398046529,4.395886332850954,"rgba(38, 166, 154, 0.5)",0.13601563238189948,4.1102151085075365,-1.8028450422450757,53.63406967004771,1.256763871272483,False,False,True,False,False,0.0,0.0,0.0,0.0,0.0,1,0.9055393586005832,0.9988338192419826,False,False,False,False,-0.14238302279590978,-0.14425117054175263,False,False,False,False,71041.0,60430.96830785883,False,False,False,False,2921.727186885933,False,False,False,False
2025-08-21 15:00:00+00:00,3.865,3.9,3.86,3.88,922.0,,,,,3.8636895644774496,3.766939296234612,3.7691929086361635,3.8809653424531265,4.09133812364784,4.245589058336389,4.363258719598669,4.375310695271848,4.382658684682119,4.549717100487014,,,,,3.8505919486701847,3.8081234438219735,3.804750683866418,4.198885702196169,4.262336027582597,4.263026851530829,4.370938564205201,4.401179613806626,4.414594426870242,4.630496783529466,4.6309512256608265,4.639320723675268,4.640587409048791,4.640911967942379,4.645369935032868,4.65506233229176,4.639471498652186,4.622505701218569,,4.09133812364784,4.363258719598669,4.128865949382524,4.3955058244223535,"rgba(38, 166, 154, 1.0)",0.13601563238189948,4.110110256576816,-1.6917927193156868,55.423853900098194,1.8820871159075807,True,False,True,False,True,0.0,0.0,0.0,0.0,0.0,1,0.9084548104956266,1.0005830903790087,False,False,False,False,-0.13487444898964168,-0.13956280976569715,False,False,False,False,71963.0,60609.75949688427,False,False,False,False,2890.7236646086317,False,False,False,False
2025-08-21 16:00:00+00:00,3.88,3.89,3.86,3.865,530.0,,,,,3.8637864893779605,3.767267244112787,3.769511532858135,3.8809461856506307,4.0910302547111,4.245228278540054,4.362885274348934,4.3749368978785155,4.382284568916812,4.549316992790936,,,,,3.8511544789148533,3.808557202716743,3.8049177248378196,4.198528130004193,4.261974899204393,4.262665806209798,4.370564827081644,4.400807411720186,4.41422585180574,4.630092095717156,4.630548335477497,4.638930545952182,4.640200702129288,4.640528532855318,4.644994879599709,4.654698885264919,4.639134814588055,4.622200643776002,,4.0910302547111,4.362885274348934,4.128719371918586,4.395262542658639,"rgba(38, 166, 154, 0.5)",0.13607264885259468,4.1099972301148835,-1.8004884315898404,54.68056097160184,1.8820871159075807,False,False,True,False,True,0.0,0.0,0.0,0.0,0.0,1,0.9065255731922399,1.0135214579659022,False,False,False,False,-0.13787601826315235,-0.13871941401442475,False,False,False,False,71433.0,60777.561675227145,False,False,False,False,2854.1232977154746,False,False,False,False
2025-08-21 17:00:00+00:00,3.865,3.89,3.86,3.89,773.0,,,,,3.864068809647166,3.767779774227952,3.77001032736079,3.880943351134606,4.090599773930788,4.24471504144852,4.362350846900299,4.374401722433602,4.381748794643721,4.548741451118417,,,,,3.8522353644545704,3.8092614720822975,3.8051900927155624,4.198021273559045,4.261460612151532,4.262151615288254,4.370029825266826,4.400274030166085,4.413697427681671,4.6295091124257945,4.629967934096832,4.63836835901564,4.639643498654328,4.639976035095898,4.644454403814844,4.654175040333856,4.638649619284408,4.621761099670258,,4.090599773930788,4.362350846900299,4.128535989284586,4.39493482309765,"rgba(38, 166, 154, 1.0)",0.13559511803907914,4.109891999061278,-1.6216807967813731,56.61647159338341,3.2090223205202904,True,False,True,False,True,0.0,0.0,0.0,0.0,0.0,1,0.9017068864037668,1.0147145379635076,False,False,False,False,-0.13787601826315235,-0.13829771613878855,False,False,False,False,72206.0,60954.7467655337,False,False,False,False,2821.857820231514,False,False,False,False
2025-08-21 18:00:00+00:00,3.885,3.91,3.88,3.89,1738.0,,,,,3.865171359823112,3.7690502070694714,3.771249503756037,3.8810262460927283,4.089699146435218,4.243608333423946,4.361186654422319,4.373234996423013,4.380580233657297,4.547476749203754,,,,,3.8554288311649603,3.8110844468287737,3.805903191870667,4.196935068779943,4.260349580747375,4.261040709147589,4.3688638013059675,4.399109396376808,4.412542723993743,4.628224905334394,4.628689384089015,4.637129553979337,4.638415606967242,4.638758478029839,4.6432631382032215,4.65302005988852,4.637580109112035,4.6207924649949526,,4.089699146435218,4.361186654422319,4.12822834303069,4.394285080600799,"rgba(38, 166, 154, 1.0)",0.1345422000845808,4.109839251746085,-1.6339799082212265,57.907078674571125,4.518334710898145,True,False,True,False,True,0.0,0.0,0.0,0.0,0.0,1,0.9071555292726196,1.0124186871673562,False,False,False,False,-0.12588399651641033,-0.13209085632759943,False,False,False,False,72206.0,61129.18480017659,False,False,False,False,2805.053823018622,False,False,False,False
2025-08-21 19:00:00+00:00,3.895,3.9,3.855,3.885,5759.0,,,,,3.8668171131239157,3.7726495550761125,3.774753737119411,3.8810039882348963,4.08657403837279,4.239852761741132,4.3572612069478405,4.369302783265063,4.37664288832831,4.543236008068147,,,,,3.8604599540164495,3.8157041119595245,3.807837691421939,4.1932348801221755,4.256583523175014,4.257275227605128,4.364933327935162,4.3951875113148295,4.4086555557527145,4.623924792239019,4.6244081004463276,4.6329808969154005,4.634303314214195,4.634680574207094,4.639272945300919,4.649151143745407,4.633994936712327,4.61754265500981,,4.08657403837279,4.3572612069478405,4.126809408027762,4.391673952338525,"rgba(38, 166, 154, 1.0)",0.13381606308188304,4.10871291798162,-1.6717941989126432,58.00230001385333,4.751555072680738,True,False,True,False,True,0.0,0.0,0.0,0.0,0.0,1,0.9037212049616067,1.0100413467217955,False,False,False,False,-0.13637492835166187,-0.13423289233963065,False,False,False,False,66447.0,61211.63154746067,False,False,False,False,2850.8514381656205,False,False,False,False
2025-08-22 14:00:00+00:00,4.015,4.09,4.01,4.065,1697.0,,,,,3.8727765129602325,3.7753231074259648,3.777389656841553,3.882108929453501,4.086435990319493,4.239291864691252,4.356536353782911,4.368566157142317,4.375899127827227,4.542323665608828,,,,,3.8715297477338515,3.8203393106492105,3.809724630313608,4.19276094983538,4.255997076514632,4.256687922463964,4.36420078627017,4.394431856706603,4.407896522111951,4.622962953000519,4.623450245935277,4.632049177966032,4.633379203096296,4.633763995651837,4.638374272414,4.64827617965782,4.633188656851795,4.616816397582375,,4.086435990319493,4.356536353782911,4.127665136605328,4.391990549153073,"rgba(38, 166, 154, 1.0)",0.13619216683165766,4.110527587041019,-0.33428932147979834,66.5085028752087,12.625486819947731,True,False,True,False,True,4.722374860652273,0.0,0.0,0.0,0.0,0,0.9067747539085117,1.0017371163867976,False,False,False,False,-0.03389693159342197,-0.08406491196652631,False,False,False,False,68144.0,61319.11012812019,False,False,False,False,2832.962268581657,False,False,False,False
2025-08-22 15:00:00+00:00,4.065,4.075,4.03,4.065,852.0,,,,,3.8756544940208304,3.776654282593806,3.778702277583474,3.882663701133991,4.086370786266513,4.239014075999569,4.356175745770965,4.368199584049497,4.375528941776186,4.541868459344431,,,,,3.876671936973648,3.822615465195586,3.810667533107759,4.192527094354438,4.255706359178374,4.2563967687191075,4.36383628414814,4.394055591947418,4.407518461011732,4.622482688347787,4.622971963662798,4.631583876409579,4.632917686161762,4.633306230072502,4.637925410131522,4.647839095350699,4.632785864564566,4.616453557209581,,4.086370786266513,4.356175745770965,4.128083234853927,4.392125659252612,"rgba(38, 166, 154, 1.0)",0.1367715593954212,4.111376239965907,-0.33907809614005757,72.17930478277896,17.479875665954822,True,False,True,False,True,4.722374860652273,0.0,0.0,0.0,0.0,0,0.9092485549132946,1.003468208092485,False,False,False,False,-0.03242209670139339,-0.05824350433395985,False,False,False,False,68144.0,61424.92237419585,False,False,False,False,2802.2496752703137,False,False,False,False
2025-08-22 16:00:00+00:00,4.065,4.08,4.045,4.075,1843.0,,,,,3.8819093434253693,3.779592460864992,3.7816005249831166,3.8839200500389626,4.086277869178931,4.238448855719803,4.3554246030293555,4.367434932328337,4.374756126700617,4.540906929560392,,,,,3.8874401357197037,3.827596267422632,3.8127646555070562,4.192061002695216,4.255111836914859,4.255801239746603,4.363076334426738,4.393268576755284,4.406726667641403,4.621464899425213,4.621958346556307,4.630597393996072,4.6319391613471055,4.632335625891659,4.636973485256041,4.646911780323492,4.631931579059412,4.615684278895466,,4.086277869178931,4.3554246030293555,4.129027169582988,4.392424625976682,"rgba(38, 166, 154, 1.0)",0.13770162939752933,4.113195315901702,-0.27737737068772417,76.18426887298875,20.749816152416187,True,False,True,False,True,5.1512922702791215,0.0,0.0,0.0,0.0,0,0.9129930394431554,1.0046403712296983,False,False,False,False,-0.026524102639364663,-0.04238380348666226,False,False,False,False,69987.0,61557.6677637432,False,False,False,False,2787.3775872816263,False,False,False,False
2025-08-22 17:00:00+00:00,4.075,4.115,4.075,4.09,938.0,,,,,3.8853751893277404,3.781201907564082,3.7831892097470865,3.8846452547001364,4.0862947619375785,4.238207042489556,4.355078968407951,4.367081620762202,4.374398199434403,4.540446482593475,,,,,3.8932127271640358,3.830328138357336,3.8139295726435187,4.1918752732596625,4.254853302212267,4.255542109263548,4.362725709120102,4.392902060611115,4.406356583584493,4.620973152419304,4.6214685864606935,4.630120321889177,4.631465868871564,4.631866137423162,4.636512814467042,4.6464625940965085,4.631518242163423,4.615312555556988,,4.0862947619375785,4.355078968407951,4.129591863696421,4.392634763864663,"rgba(38, 166, 154, 1.0)",0.13808862541304492,4.114219268344615,-0.1753893072088432,79.19406659574713,23.20559710532264,True,False,True,False,True,5.797752747557926,0.0,0.0,0.0,0.0,0,0.9140534262485482,1.0011614401858302,False,False,False,False,-0.007366233466313545,-0.0248750184764879,False,False,False,False,70925.0,61702.89772089447,False,False,False,False,2758.7050665485776,False,False,False,False
2025-08-22 18:00:00+00:00,4.09,4.105,4.08,4.095,937.0,,,,,3.8887257194605405,3.7827932364100665,3.7847601157527535,3.8853646887271687,4.086311556116904,4.237966290321439,4.354734611228195,4.366729594058735,4.3740415616036925,4.539987471403903,,,,,3.8986647961309955,3.833001587491005,3.815083629780812,4.19169043820368,4.254595866814541,4.255284079012449,4.362376366497407,4.39253682844073,4.405987765707514,4.620482843088638,4.620980253714001,4.629644603531312,4.630993910712709,4.631397965337441,4.636053413619093,4.646014613951335,4.631105978840693,4.614941756353921,,4.086311556116904,4.354734611228195,4.130141484508339,4.392824260957126,"rgba(38, 166, 154, 1.0)",0.13767218539206239,4.115193036060483,-0.14667476951119598,81.31699681229088,25.00120234712375,True,False,True,False,True,6.014918558388782,0.0,0.0,0.0,0.0,0,0.9177362893815635,1.0005834305717616,False,False,False,False,-0.00883954461560151,-0.016857281546044704,False,False,False,False,71862.0,61860.40318258602,False,False,False,False,2730.4615771447234,False,False,False,False
2025-08-22 19:00:00+00:00,4.095,4.12,4.08,4.1,3589.0,,,,,3.901006084064824,3.7888689824969624,3.7907596382102833,3.888161938169438,4.086435524557165,4.2370936568722675,4.353457383000699,4.365422233542237,4.372716105035477,4.538264112993436,,,,,3.917689387955698,3.8430076156266537,3.819521036385149,4.191036386450848,4.253657806985067,4.254343665295936,4.361079566424475,4.391177064311278,4.404613034733696,4.618636851004366,4.619141640305445,4.627852782566811,4.629216117769685,4.629634352035169,4.634322458796873,4.644326020519537,4.629552212040241,4.6135444312299025,,4.086435524557165,4.353457383000699,4.132218565894279,4.3934640239131575,"rgba(38, 166, 154, 1.0)",0.1383287636279693,4.118682353987676,-0.13505762285219416,82.8568303748493,26.430196348197725,True,False,True,False,True,6.235115811095177,0.0,0.0,0.0,0.0,0,0.9172494172494172,0.9953379953379953,False,False,False,False,-0.004419700704373205,-0.010638491125208954,False,False,False,False,75451.0,62071.110109987785,False,False,False,False,2743.772250367286,False,False,False,False
2025-08-25 14:00:00+00:00,4.16,4.25,4.155,4.21,3011.0,,,,4.205000000000001,3.915140859932774,3.7954501246577164,3.7972697102871384,3.8915886847846135,4.087329574292601,4.236924255492216,4.352835517257849,4.3647652661338725,4.372038303675209,4.53717258123466,,,,,3.938792802023109,3.8540419353641298,3.82449281725515,4.191119454097986,4.2534113635395165,4.254094228933235,4.360435049145659,4.390453867962947,4.403863475466971,4.6174097237275085,4.617919076863546,4.626656026408894,4.628027894808488,4.628455312517291,4.633162550531969,4.643189127176957,4.62851275047833,4.612616473098034,,4.087329574292601,4.352835517257849,4.141410443431695,4.394814107188874,"rgba(38, 166, 154, 1.0)",0.14297508130394485,4.1131187394487085,0.6776094104491924,85.71372914918473,29.187533286815636,True,False,True,False,True,10.83306942181423,0.0,0.0,0.0,0.0,0,0.919012062033314,0.983342906375646,False,False,False,False,0.056040701188261495,0.02270110503152627,False,False,False,False,78462.0,62325.23243386394,False,False,False,False,2747.9153162530642,False,True,False,False
2025-08-25 15:00:00+00:00,4.215,4.215,4.14,4.145,2639.0,,,,4.187095280235988,3.9249897620036793,3.800525271939504,3.802288675168571,3.8941717282777715,4.08785047050618,4.2366007250840365,4.352154530031104,4.364056776842218,4.371313431904255,4.536112042107804,,,,,3.952575326977142,3.86217675034675,3.828317583823255,4.1909926209971715,4.253027998323095,4.25370858593372,4.359736284238728,4.3896945601584,4.403085389501423,4.61624076197851,4.616754552806491,4.62551783068282,4.626898058186358,4.627334250793502,4.6320605309211675,4.642110774301059,4.627523805157697,4.611730460316587,,4.08785047050618,4.352154530031104,4.141559881281919,4.395527006969105,"rgba(38, 166, 154, 0.75)",0.1456325748136131,4.115148162376238,0.20498049740565935,81.33816126003387,29.187533286815636,True,False,True,False,False,7.506617520705458,0.0,0.0,0.0,0.0,0,0.9175729822552946,0.9896966227819115,False,False,False,False,0.04127338719597641,0.03198724611375134,False,False,False,False,75823.0,62534.5001480676,False,False,False,False,2746.226706698753,False,False,False,False
2025-08-25 16:00:00+00:00,4.145,4.175,4.13,4.16,2462.0,,,,4.177354331032216,3.9330959947321706,3.8049895475789772,3.806703551558351,3.8964368481017577,4.0882592739127,4.2362516629166,4.351484016057156,4.363361563415253,4.370603486161157,4.535097021929951,,,,,3.963387353379326,3.8691167853934028,3.831689114414346,4.1908192925286105,4.2526254837309105,4.253304049956251,4.359049796166661,4.388953997605872,4.402328484222109,4.615127498143046,4.615645519880046,4.624434171979339,4.625822385070242,4.626266913013456,4.631011453432859,4.6410845601238595,4.626581740624191,4.610885457018922,,4.0882592739127,4.351484016057156,4.142148845217845,4.396007447593525,"rgba(38, 166, 154, 0.75)",0.1493046948085949,4.1170052033880085,0.28796680953073844,78.88514665702223,35.779961792044986,True,False,True,False,False,8.116989021769896,0.0,0.0,0.0,0.0,0,0.9144661308840412,0.9999999999999998,False,False,False,False,0.026524043669330435,0.029255644891540887,False,False,False,False,78285.0,62778.69394422159,False,False,False,False,2741.82009109102,False,False,False,False
2025-08-25 17:00:00+00:00,4.16,4.16,4.145,4.155,1557.0,,,,4.1734862274623366,3.937897640551704,3.8077420585379387,3.8094258848255573,3.897840038448586,4.0885088546875465,4.236027952308838,4.351058746662513,4.362920785584438,4.370153455792884,4.534455093937527,,,,,3.9695938525249552,3.873313843021583,3.8337748166473,4.190705476090653,4.252368313510218,4.253045614891462,4.358614496992232,4.3884847448001345,4.401848977562402,4.61442368557234,4.614944371389886,4.6237490012847084,4.625142244271107,4.62559202305732,4.6303480672247925,4.640435580634125,4.625985804847999,4.610350730498807,,4.0885088546875465,4.351058746662513,4.142683339890897,4.396262313601223,"rgba(38, 166, 154, 0.75)",0.15392779400017903,4.118186101134959,0.23916342791866865,76.78897621188216,33.69978586177744,True,False,True,False,False,7.86210554165331,0.0,0.0,0.0,0.0,0,0.9149425287356321,0.9988505747126435,False,False,False,False,0.026524043669330435,0.02788984428043566,False,False,False,False,76728.0,62994.96225516389,False,False,False,False,2723.4507873531747,False,False,False,False
2025-08-25 18:00:00+00:00,4.16,4.17,4.12,4.13,2552.0,,,,4.166493603905845,3.944870550380575,3.8119902086527255,3.8136271634080674,3.899988769436178,4.088830521516193,4.235605177111406,4.3503189047598765,4.362156609631577,4.369374739257405,4.533370952258894,,,,,3.978256213108114,3.8796161800430293,3.836995277401169,4.190454387282344,4.251893304422824,4.252568648101123,4.357858907041511,4.387676263560574,4.401025070863966,4.613241505964294,4.613766680723137,4.622598563903381,4.624000300378133,4.624458887679869,4.629234439158271,4.639346583488312,4.624984813107055,4.609451493989034,,4.088830521516193,4.3503189047598765,4.143329745483522,4.396523751123118,"rgba(38, 166, 154, 0.75)",0.15769590990255833,4.119777998315497,0.06482096898276689,73.08977003624926,30.104304407230444,True,False,True,False,False,6.5856387152076366,0.0,0.0,0.0,0.0,0,0.9107142857142856,1.004032258064516,False,False,False,False,0.022101780968900957,0.02499581262466831,False,False,False,False,74176.0,63168.311677564445,False,False,False,False,2720.7926356112653,False,False,False,False
2025-08-25 19:00:00+00:00,4.125,4.13,4.11,4.125,9208.0,,,,4.147231555368893,3.964443001703236,3.8256464293810204,3.8271333190482997,3.9068657911523195,4.089554340765706,4.233823527413896,4.347463043017272,4.35921838083031,4.366387177391468,4.529328239471915,,,,,4.000483131631067,3.898633739202653,3.8474024070522868,4.189246915698405,4.249936855873349,4.250605723799351,4.354949697489355,4.384589641937986,4.397889109141838,4.608861202990636,4.6094029475116916,4.618336739653073,4.619769917361521,4.620260890538774,4.625109001077477,4.63531358657043,4.621271868227828,4.606109701602475,,4.089554340765706,4.347463043017272,4.145190436867666,4.396565170964455,"rgba(38, 166, 154, 0.75)",0.16116445632327803,4.123990176546705,0.006265795053898898,70.1648175941244,27.257649655973808,True,False,True,False,False,6.329952093844998,0.0,0.0,0.0,0.0,0,0.9070438799076211,1.0080831408775979,False,False,False,False,0.009640717578093058,0.017318265101380684,False,False,False,False,64968.0,63196.213822098325,False,False,False,False,2821.369493973881,False,False,False,False
2025-08-26 14:00:00+00:00,4.08,4.09,4.0,4.01,1468.0,,,,4.13992917558341,3.9656377963919045,3.827096367913611,3.8285646812749636,3.907488199165896,4.0893574552509975,4.233324959485939,4.346838780071449,4.358584848524977,4.365748005487197,4.528552981728382,,,,,4.001275261858221,3.9003001025295303,3.8484798037412316,4.188811807750971,4.249419301580896,4.250087537881005,4.3543193844606565,4.3839410548321,4.397237844955258,4.608044761470365,4.608589692054107,4.617544334437505,4.618983620507247,4.6194806632702665,4.624343172638012,4.634566844710416,4.620581218063567,4.605484783757979,,4.0893574552509975,4.346838780071449,4.1446475682617026,4.396193955027741,"rgba(38, 166, 154, 0.5)",0.1623950249981198,4.123757764923127,-0.7005003073489735,60.67798424534636,18.485896881755252,False,False,True,False,False,0.7577947526336004,0.0,0.0,0.0,0.0,0,0.8978893325727327,1.0051340559041644,False,False,False,False,-0.03486808292225065,-0.008774908910434984,False,False,False,False,63500.0,63200.923685321606,False,False,False,False,2800.387021199092,False,False,False,False
2025-08-26 15:00:00+00:00,4.005,4.005,3.97,3.985,1514.0,,,,4.130423647809048,3.966007327707944,3.828237081421044,3.8296885094275845,3.9078880557353064,4.08898789885525,4.232693981296875,4.346102099440746,4.357840662187236,4.364999186722439,4.527680859462477,,,,,4.000920776369143,3.901388137694606,3.8493007276089872,4.1882316741446735,4.2487733969592085,4.24944119324904,4.353577768925116,4.3831859481600235,4.39648278390592,4.607136983679743,4.607685508476638,4.616664243337843,4.6181104481205875,4.618614265130553,4.623493218743361,4.633739015183163,4.6198141552982195,4.604789259515517,,4.08898789885525,4.346102099440746,4.143686300915086,4.395630528027907,#000000,0.1632786817925835,4.123098858652134,-0.8457862173799524,53.252819500483724,11.948583673640591,False,True,False,False,False,0.0,0.0,0.0,0.0,0.0,0,0.8953356086461889,1.0125142207053468,False,False,False,False,-0.06907597141293423,-0.03892544016168461,False,False,False,False,61986.0,63182.087659192584,False,False,False,False,2780.4430363743,False,False,False,False
2025-08-26 16:00:00+00:00,3.985,4.0,3.975,3.98,1472.0,,,,4.122153215109016,3.9663263683635934,3.829319117509144,3.83075450891525,3.9082648233588917,4.088625324509207,4.232079459624665,4.345385430921931,4.357116734114567,4.364270777174993,4.5268330142166135,,,,,4.000553824473498,3.9023998569678837,3.8500800091030265,4.187666180231712,4.248144473924623,4.248811846211058,4.352856327287926,4.3824514617347505,4.395748352275046,4.606254564089319,4.606806572539453,4.615808660515026,4.617261572836388,4.617771957773259,4.6226668559959965,4.632934108393185,4.619068190932055,4.6041127079471025,,4.088625324509207,4.345385430921931,4.142829888528897,4.395077640179518,"rgba(239, 83, 80, 1.0)",0.1640478945665184,4.122497153798882,-0.8686314089883196,48.078669604660824,7.51224318399241,False,True,False,True,False,0.0,0.0,0.0,0.0,0.0,0,0.894977168949772,1.0182648401826484,False,False,False,False,-0.06907597141293423,-0.05400070578730942,False,False,False,False,60514.0,63140.72195905006,False,False,False,False,2760.157097825861,False,False,False,False
2025-08-26 17:00:00+00:00,3.985,3.99,3.975,3.98,794.0,,,,4.117971848408741,3.966464117556141,3.8298842270330544,3.831311163038463,3.9084577661246183,4.088424541535646,4.2317447947349836,4.344996473525401,4.356723924224655,4.363875586695667,4.526373976911444,,,,,4.000321893832774,3.9029138660895373,3.8504863571601735,4.187357460714127,4.247802193506084,4.248469343542645,4.3524648357852085,4.382053088751935,4.395350079606678,4.605777075233532,4.606330965973514,4.615345685255852,4.6168022230414145,4.617316155966235,4.622219676162261,4.6324985392764075,4.618664432057428,4.6037464259086605,,4.088424541535646,4.344996473525401,4.142384401798983,4.39477334988136,"rgba(239, 83, 80, 1.0)",0.16475020676960153,4.122175644508838,-0.8629770322999739,44.62923634077889,4.502608323277229,False,True,False,True,False,0.0,0.0,0.0,0.0,0.0,0,0.8941041785918721,1.0183171150543788,False,False,False,False,-0.07205706103589611,-0.06302888341160276,False,False,False,False,60514.0,63099.99758759192,False,False,False,False,2729.674042045615,False,False,False,False
2025-08-26 18:00:00+00:00,3.975,4.01,3.96,4.01,2065.0,,,,4.109017059819544,3.9670772920166213,3.8314459703527532,3.8328506953551478,3.909034061204292,4.087962548182304,4.23091899749794,4.344021132397816,4.355737818807012,4.362882861493445,4.525209237392724,,,,3.9933333333333336,4.000105609176108,3.9044134741520096,3.8516244637014627,4.186604167998426,4.246954952761616,4.247621448232319,4.351482432319057,4.381050798379766,4.394346958972041,4.604561805155838,4.605120450070431,4.614166869337642,4.615632556864813,4.616155480951091,4.62108071604542,4.631388711374505,4.6176359335142925,4.602813658941358,,4.087962548182304,4.344021132397816,4.141468879501782,4.3729523063832385,"rgba(239, 83, 80, 1.0)",0.1655602554908455,4.102153809318708,-0.5566179458076773,44.76464854577813,4.502608323277229,False,True,False,True,False,0.8081585664737396,0.0,0.0,0.0,0.0,0,0.8942252715837622,1.0142938822184102,False,False,False,False,-0.07056635970505315,-0.06679762155832795,False,False,False,False,62579.0,63091.920105613746,False,False,False,False,2719.3690181379307,False,False,False,False
2025-08-26 19:00:00+00:00,4.01,4.06,4.01,4.045,3403.0,,,,4.101534194016694,3.9696599070553447,3.8346531099388677,3.8360186837980126,3.910464824256771,4.087568352947215,4.229825947027189,4.3426303178344625,4.354324738545587,4.361456265554091,4.523462339096444,,,,4.021339002682272,4.001960657093559,3.907976280753325,3.854044119980552,4.185661549728087,4.24581654709714,4.246481500451367,4.350077109595718,4.379600712857335,4.392889033295827,4.602716269791858,4.603281954667434,4.612374070387375,4.6138532559620264,4.6143896673773055,4.619346655182566,4.629696561901288,4.616070028195879,4.60139575192297,,4.087568352947215,4.3426303178344625,4.14105442546097,4.373630038364414,"rgba(239, 83, 80, 1.0)",0.16680092790373016,4.103568643052531,-0.35112900023154864,47.29956006190359,4.502608323277229,False,True,False,True,False,2.42161701574614,0.0,0.0,0.0,0.0,0,0.8985176738882557,1.0085518814139112,False,False,False,False,-0.040809182161894615,-0.05380340186011129,False,False,False,False,65982.0,63136.72754583679,False,False,False,False,2729.9679480892805,False,False,False,False
2025-08-27 14:00:00+00:00,4.125,4.155,4.105,4.115,2133.0,,,,4.102994389015306,3.973110507095449,3.8374471363154457,3.8387845453851996,3.911942561585369,4.087753785090029,4.2294543504550655,4.342011443223833,4.353686587668017,4.360806577587476,4.522568231221882,,,,4.050428452396615,4.005592582341544,3.9115358796118302,3.8562273660219604,4.185420783604447,4.245404724502565,4.246068168223258,4.349445766802642,4.378927277920523,4.392203167298429,4.601742304980434,4.60231150417111,4.611424823304428,4.6129106771911506,4.6134540392302394,4.618426342847684,4.628795557910207,4.615239418195006,4.600646871472492,,4.087753785090029,4.342011443223833,4.141869101331188,4.375063458317188,"rgba(38, 166, 154, 0.5)",0.1691267183115746,4.10605251433521,0.05290403405277838,52.65543508652259,4.502608323277229,False,True,True,False,True,5.505895051253894,0.0,0.0,0.0,0.0,0,0.901805869074492,1.0022573363431149,False,False,False,False,0.01635277764290658,-0.018725312108602354,False,False,False,False,68115.0,63213.91006450598,False,False,False,False,2720.712631064641,False,False,False,False
2025-08-27 15:00:00+00:00,4.115,4.13,4.09,4.105,1332.0,,,,4.103194093419451,3.9749605913691335,3.839065259409742,3.8403860324455494,3.9127837031654114,4.087817252947998,4.229186818629298,4.341597210762315,4.353260966108956,4.3603741252971036,4.52198859627283,,,,4.0590626515914785,4.00745216871399,3.9135311467673435,3.857489544650419,4.185230191964302,4.245113572033406,4.245776140214602,4.349024160778969,4.378481056197951,4.391750036950485,4.601114909961982,4.601686388218308,4.61081367122579,4.612303860315031,4.612851703208869,4.617834015503201,4.628215975688261,4.614704563121767,4.600164064377064,,4.087817252947998,4.341597210762315,4.14223769543889,4.375399990604381,"rgba(38, 166, 154, 0.5)",0.17089330742459866,4.106983323667997,-0.011605625158092001,55.4702424067052,-4.038506018187142,False,True,True,False,True,5.010253436317942,0.0,0.0,0.0,0.0,0,0.901297236322617,1.0056401579244219,False,False,False,False,0.012956813420857688,-0.0028842493438723327,False,False,False,False,66783.0,63269.24479218805,False,False,False,False,2699.1822026760415,False,False,False,False
2025-08-27 16:00:00+00:00,4.11,4.15,4.105,4.145,946.0,,,,4.1039740398293025,3.976484676473182,3.840308388372118,3.841616963596981,3.9134525431462373,4.087916729236598,4.229036687754249,4.3413353439009965,4.352990343687712,4.360098267254566,4.521602737871475,,,,4.066174714039883,4.009049791157977,3.915102538718097,3.858466886143966,4.185139224471241,4.244945199619344,4.245607078279823,4.348756634290628,4.378194282659359,4.391457406627115,4.600692852067505,4.601265833077839,4.610402076125199,4.6118951130812995,4.6124459441932455,4.617434773986424,4.627824890260379,4.614344108721154,4.5998391448329246,,4.087916729236598,4.3413353439009965,4.142619701920311,4.375738868018601,"rgba(38, 166, 154, 0.5)",0.1734069836597646,4.107809152408698,0.21447145210871466,59.14505151418518,-0.2950744960540703,False,False,True,False,True,6.725908305961113,0.0,0.0,0.0,0.0,0,0.909659090909091,1.0045454545454544,False,False,False,False,0.053811239431110644,0.025463495043619156,False,False,False,False,67729.0,63338.388283782035,False,False,False,False,2672.0010832547073,False,False,False,False
2025-08-27 17:00:00+00:00,4.145,4.17,4.125,4.165,1277.0,,,,4.105640093745318,3.9787525817023,3.8420833222325834,3.843375078396213,3.9144305387054894,4.088109154945797,4.228876967592212,4.341016783102341,4.3526592525835435,4.359759698649857,4.521109851097085,,,,4.076151547747102,4.011480050122008,3.917379622907015,3.8598704625229088,4.185064144156135,4.244759301398031,4.245420177330839,4.348429982770076,4.377839763462446,4.391093961838535,4.6001486543299,4.600723537802958,4.6098708359348795,4.611367465879019,4.611922119315277,4.616919104821669,4.6273192581818545,4.613878584511752,4.599420027686918,,4.088109154945797,4.341016783102341,4.143255756613886,4.376266242248386,"rgba(38, 166, 154, 0.5)",0.1747464830356515,4.109059105212444,0.32012601235667065,62.40312220311047,3.058712509766252,False,False,True,False,True,7.5692382112411,0.0,0.0,0.0,0.0,0,0.9201824401368303,0.9897377423033068,False,False,False,False,0.06709293255179634,0.046278213797707746,False,False,False,False,69006.0,63426.258232870685,False,False,False,False,2650.3731594833166,False,False,False,False
2025-08-27 18:00:00+00:00,4.165,4.185,4.145,4.145,2742.0,,,,4.109201026904908,3.983564989917352,3.8458874456025836,3.847143757964008,3.9165471902739357,4.088549916679635,4.228558829269792,4.3403545233836205,4.351969764805746,4.359053968984125,4.52007028775585,,,,4.09236556818727,4.016605903993279,3.9222254534519565,3.862890144652672,4.184929337460526,4.244384366258687,4.245043058929063,4.347750147923912,4.3770991667743315,4.390333635130814,4.5989976300960995,4.599576499838618,4.6087467557857185,4.61025090715595,4.6108136004316185,4.615827613045845,4.626248602317053,4.612892989185139,4.5985328014444535,,4.088549916679635,4.3403545233836205,4.1446274274128685,4.377132325371736,"rgba(38, 166, 154, 0.5)",0.1758888111105132,4.111480117722609,0.19057427283609193,62.845724861926016,3.89208973324682,False,False,True,False,True,6.54147268776234,0.0,0.0,0.0,0.0,0,0.9258414147176272,0.9811751283513978,False,False,False,False,0.07873367501265474,0.06250594440518124,False,False,False,False,66264.0,63470.25422926029,False,False,False,False,2651.7937306541176,False,False,False,False
2025-08-27 19:00:00+00:00,4.145,4.17,4.14,4.15,5354.0,,,,4.114345584126223,3.9920065010448114,3.8529428375895467,3.8541342444529736,3.9204926925518806,4.089334252178014,4.2279021904411005,4.339040002310526,4.350603083505319,4.357656153496014,4.518029705302612,,,,4.109320763210749,4.025329893180473,3.9309578302057684,3.8685167582705855,4.184621240958114,4.243619572436371,4.2442741148257435,4.3464019564542555,4.375634673049254,4.388831568156501,4.596742046979209,4.597328679355342,4.606543756998392,4.608062568972516,4.608640916329739,4.613688156323604,4.624149890850477,4.610959734373629,4.596791100433112,,4.089334252178014,4.339040002310526,4.1469533860908205,4.377916590598096,"rgba(38, 166, 154, 0.5)",0.1762682486878775,4.115088409052807,0.19805944182841656,63.391459440625546,4.991491980609183,False,False,True,False,True,6.758163454609484,0.0,0.0,0.0,0.0,0,0.9247126436781612,0.988505747126437,False,False,False,False,0.07207941619907078,0.06729268030212601,False,False,False,False,71618.0,63596.57586911672,False,False,False,False,2693.688401496689,False,False,False,False
2025-08-28 14:00:00+00:00,4.07,4.075,4.025,4.04,535.0,,,,4.1135663094008255,3.9922767458337187,3.8533860543417684,3.8545724790288394,3.9207024264851333,4.089282695323467,4.227744246999091,4.338834798701065,4.350394265463117,4.357445145776976,4.517767773028724,,,,4.107626724617173,4.025465070380283,3.9313930643830743,3.868860955221868,4.1844869511159635,4.243454401763999,4.244108692398006,4.346194402882688,4.37541967283741,4.388615009117035,4.596463993053619,4.5970516460179764,4.606273257373322,4.607794026220043,4.608374347111778,4.613426174373963,4.623893919333921,4.610722627135284,4.5965761266134,,4.089282695323467,4.338834798701065,4.146906630943884,4.377694792734253,"rgba(38, 166, 154, 0.5)",0.17368489122959826,4.11499671496359,-0.43179757567081756,56.46585584178487,4.991491980609183,False,True,True,False,False,1.3340616678642228,0.0,0.0,0.0,0.0,0,0.912820512820513,0.9914529914529915,False,False,False,False,0.005000007828065778,0.0361463440650959,False,False,False,False,71083.0,63712.64446029321,False,False,False,False,2660.220364264182,False,False,False,False
2025-08-28 15:00:00+00:00,4.045,4.08,4.04,4.075,1359.0,,,,4.11218618656295,3.9931787427709184,3.8546087726757374,3.85578214976622,3.921309154007198,4.089208390000207,4.227384771542254,4.338347463305505,4.34989705653611,4.356941975646255,4.517129565284133,,,,4.104887212711624,4.026091233999573,3.932657571389108,3.869818865709545,4.184192223619785,4.243075052452877,4.243728633512896,4.345700659327028,4.374905179524517,4.388095566555602,4.595782456650234,4.5963725804169355,4.605609783926344,4.607135280899145,4.607720410863314,4.612783270133623,4.623265342153125,4.610140772582023,4.596048987916291,,4.089208390000207,4.338347463305505,4.146906748008862,4.377263741281242,"rgba(38, 166, 154, 0.5)",0.17198200722984588,4.114958269758557,-0.2323398267189361,53.91949666684938,12.241644311621357,False,True,True,False,False,2.887368774550417,0.0,0.0,0.0,0.0,0,0.916047972587093,0.9908623643632211,False,False,False,False,0.026058490793544345,0.03110241742932012,False,False,False,False,72442.0,63847.98330587005,False,False,False,False,2640.0464051283034,False,False,False,False
2025-08-28 16:00:00+00:00,4.075,4.1,4.04,4.095,1764.0,,,,4.110981910581401,3.9945279626585712,3.8562742160553225,3.8574304832443214,3.9221615011252178,4.089165365868243,4.226958648017894,4.337748206032052,4.349284334416276,4.356321141908638,4.516328192295586,,,,4.10284264513313,4.027143604852554,3.9344254640936565,3.8711323708139744,4.183854377931321,4.242621739555451,4.243274334308088,4.345092673400065,4.374268521482051,4.387451526963034,4.594922572999369,4.595515777692768,4.604772189002756,4.606303572569633,4.606894732607367,4.6119712740399805,4.62247098259355,4.60940579282075,4.595383452460422,,4.089165365868243,4.337748206032052,4.147016542018502,4.376828821332628,"rgba(38, 166, 154, 0.5)",0.1697384580586854,4.115088334368427,-0.11834875017824277,53.33175692417424,11.32857076940136,False,True,True,False,False,3.7632208333733956,0.0,0.0,0.0,0.0,0,0.9266743648960739,0.9832563510392612,False,False,False,False,0.03301194858099314,0.03205718300515663,False,False,False,False,74206.0,64008.572711980596,False,False,False,False,2626.464290320113,False,False,False,False
2025-08-28 17:00:00+00:00,4.095,4.15,4.09,4.145,1997.0,,,,4.111653645833332,3.9968857613459225,3.858547817426275,3.85968307205463,3.923420711113014,4.089340008529125,4.226640474601938,4.337203237136634,4.348721397979374,4.355747451442904,4.5155276573835375,,,,4.104886444239236,4.029399772235,3.9370534163092463,3.872953587021527,4.183654501370061,4.242266823726997,4.242918026857662,4.344536095553051,4.37367227986089,4.386843055150528,4.594046440115602,4.594642662062274,4.603916921433068,4.605454028829997,4.606051225971094,4.6111408490384616,4.6216568669025095,4.6086542876214756,4.594704731452435,,4.089340008529125,4.337203237136634,4.14757920316788,4.3767606324079535,"rgba(38, 166, 154, 0.5)",0.16852735228580684,4.115889382956904,0.1727352661052136,55.4068279434218,11.32857076940136,False,True,True,False,False,5.904068767965541,0.0,0.0,0.0,0.0,0,0.9291066282420749,0.9757925072046111,False,False,False,False,0.06784068471435148,0.049948933859754054,False,False,False,False,76203.0,64197.63360016694,False,False,False,False,2616.70515403608,False,False,False,False
2025-08-28 18:00:00+00:00,4.15,4.16,4.09,4.095,3487.0,,,,4.111865531162802,4.000411484059113,3.8622362320992547,3.8633370134454066,3.925442259934192,4.089538244077947,4.22601511262043,4.3361981134808625,4.3476862368284666,4.354694283654453,4.514089856066127,,,,4.106128466107863,4.0326074925042725,3.9411670721762944,3.875909725067976,4.18322563135181,4.241580445192344,4.24222935689164,4.3435115526717425,4.372581867446163,4.385732966706522,4.592480896594812,4.5930825276981775,4.602389198442455,4.603936589594505,4.604544560103713,4.609657788815205,4.620203489496055,4.607311413571612,4.593490573821262,,4.089538244077947,4.3361981134808625,4.148319487948096,4.376409032329179,"rgba(38, 166, 154, 0.5)",0.16554490966838303,4.116913751555556,-0.1323734544266771,53.847578655725194,11.16751834216403,False,True,True,False,False,3.496892282515393,0.0,0.0,0.0,0.0,0,0.9286536248561564,0.976409666283084,False,False,False,False,0.07133121950688938,0.06064007668332172,False,False,False,False,72716.0,64329.701296288375,False,False,False,False,2630.1980973843574,False,False,False,False
2025-08-28 19:00:00+00:00,4.095,4.15,4.09,4.15,3774.0,,,,4.113028577902399,4.004467069128985,3.8663404163722173,3.8674044360738167,3.927752035512259,4.089873752576139,4.22543651807451,4.335193537615628,4.346647719946705,4.35363545308494,4.512603355463352,,,,4.108929111746663,4.036403534138206,3.9457763577448213,3.879224553240668,4.182868193052791,4.240932916721769,4.2415792083159385,4.342485056130012,4.371480144809812,4.3846076861940375,4.590850858039759,4.59145800296088,4.600797014665003,4.602354863270939,4.602973917799602,4.608110994807644,4.6186862834344105,4.605910254705017,4.592224369303438,,4.089873752576139,4.335193537615628,4.14930753379554,4.376192280056917,"rgba(38, 166, 154, 0.5)",0.16269473432343337,4.118267988453529,0.19504018786120453,55.35371624344964,11.16751834216403,False,True,True,False,False,5.807690403633131,0.0,0.0,0.0,0.0,0,0.9254587155963305,0.978211009174312,False,False,False,False,0.06784068471435148,0.0642403806988366,False,False,False,False,76490.0,64518.23305913661,False,False,False,False,2647.9314602156073,False,False,False,False
2025-08-29 14:00:00+00:00,4.165,4.19,4.13,4.155,690.0,,,,4.113553651913439,4.0053424553997194,3.8671563958009334,3.868213496912735,3.9282270747616854,4.089977381819455,4.225362668695481,4.335036143423225,4.3464836100979065,4.353467334938516,4.512352856081007,,,,4.109966573335768,4.037266271521889,3.94672073301868,3.8798886923215745,4.182838106104634,4.240845370927905,4.2414911325713565,4.342323330995664,4.371303305217045,4.38442579680598,4.590572325963975,4.591180383701688,4.600524524696956,4.602084095225555,4.602705015904959,4.607845967833761,4.618425931617836,4.605670168384615,4.5920077615679515,,4.089977381819455,4.335036143423225,4.149561188167646,4.3762150256693575,"rgba(38, 166, 154, 0.5)",0.15888584490667418,4.118614482561784,0.22900414734608954,56.574370541871765,11.16751834216403,False,True,True,False,False,6.0145025905925635,0.0,0.0,0.0,0.0,0,0.9347079037800687,0.9713631156930126,False,False,False,False,0.09581843996782592,0.08002941033333126,False,False,False,False,77180.0,64714.53952333605,False,False,False,False,2617.5759337006366,False,False,False,False
2025-08-29 15:00:00+00:00,4.155,4.195,4.1,4.185,2274.0,,,,4.115262448295016,4.008188890237816,3.8698288025812047,3.8708634530132997,3.929790117122781,4.0903249712946,4.225126456381913,4.334524277991608,4.345949553046311,4.352920033820824,4.511533673785837,,,,4.113205102660443,4.040063081841049,3.9497985746650848,3.882068233584601,4.182746178831568,4.240563960874957,4.2412079714441155,4.34179715602078,4.370727119529525,4.383832820735669,4.589660444788826,4.590271474302522,4.599632239286518,4.601197413600735,4.6018244216471995,4.606977967919969,4.617573083842402,4.604883688565193,4.591298163763659,,4.0903249712946,4.334524277991608,4.150392061597382,4.376280478837095,"rgba(38, 166, 154, 0.5)",0.1546416374591011,4.119739348483647,0.4220121604287341,58.68999910602488,11.16751834216403,False,True,True,False,True,7.254228471142792,0.0,0.0,0.0,0.0,1,0.9351166761525326,0.9664200341491178,False,False,False,False,0.08706136229555132,0.08354538631444129,False,False,False,False,79454.0,64943.058290416106,False,False,False,False,2612.249175038611,False,False,False,False
2025-08-29 16:00:00+00:00,4.185,4.215,4.16,4.165,3648.0,,,,4.118870352546963,4.013116186987205,3.87430408884881,3.8753026712539076,3.932468074348773,4.091033438007577,4.224866345915827,4.33380274445905,4.34519063169903,4.3521388343991845,4.5103017664909935,,,,4.119488439057934,4.044998259843966,3.9550072879516205,3.8857412946084073,4.182728559795847,4.240227647053453,4.240868673300067,4.341051536646011,4.369896432649186,4.382972489009371,4.58827334554808,4.588888764168123,4.5982731185946095,4.599846530540476,4.600482664641438,4.605654502450743,4.616271047499259,4.603684242566348,4.590217230253334,,4.091033438007577,4.33380274445905,4.151945012268848,4.376556424535698,"rgba(38, 166, 154, 0.5)",0.15127095194020873,4.113207255573798,0.34238393929505956,58.70139622748373,11.16751834216403,False,True,True,False,True,6.26081124501415,0.0,0.0,0.0,0.0,0,0.962362478286045,0.9635205558772438,False,False,False,False,0.11513762930748597,0.09934150781096363,False,False,False,False,75806.0,65111.47599133989,False,False,False,False,2628.3073273635937,False,False,False,False
2025-08-29 17:00:00+00:00,4.165,4.175,4.125,4.135,3211.0,,,,4.120092206947437,4.016363376120151,3.8776988224726123,3.8786690521634686,3.934451594464063,4.091406128686059,4.224463185353691,4.333029935285394,4.3443880204919205,4.351318407193099,4.509110882339104,,,,4.121439276670397,4.048009095171121,3.9587173429176095,3.8885244837462243,4.182516692782842,4.239764454691291,4.240403171050744,4.3402595024089425,4.369037555195581,4.382091656023152,4.586956156334566,4.5875758600160195,4.596984577511278,4.598566093828356,4.599210962976103,4.604401116936255,4.615039949137153,4.602547316745068,4.589189696335881,,4.091406128686059,4.333029935285394,4.152817419228818,4.37638078739361,"rgba(38, 166, 154, 0.5)",0.1498602351862766,4.113563645113,0.1430423144628988,56.72854516251423,11.16751834216403,False,True,True,False,True,4.785903673581295,0.0,0.0,0.0,0.0,1,0.9563936358279316,0.9752504419563938,False,False,False,False,0.08881167001420308,0.09407658891258336,False,False,False,False,72595.0,65227.49961938113,False,False,False,False,2637.341322288189,False,False,False,False
2025-08-29 18:00:00+00:00,4.135,4.14,4.11,4.11,1879.0,,,,4.120089751040676,4.017835360399518,3.8794640087777794,3.880419001420148,3.9354594325314456,4.091521217119353,4.224155516891859,4.332520895090263,4.343862814220583,4.350783510669282,4.5083699988920936,,,,4.121377630879112,4.049255498530347,3.960539488320356,3.8899695282330353,4.182311930107743,4.239424533403422,4.2400620274618745,4.339740021798387,4.368482251602137,4.381525199172903,4.586145597377368,4.586767980863894,4.5961924278045885,4.59777903572382,4.5984293034340435,4.603631082707564,4.614284360639997,4.601848416456427,4.588556886817824,,4.091521217119353,4.332520895090263,4.153134682459363,4.376122273754465,"rgba(38, 166, 154, 0.5)",0.14680464435296203,4.113524118433576,-0.024005496890837082,53.88906208508333,9.24345347407887,False,True,True,False,False,3.5732107871848875,0.0,0.0,0.0,0.0,0,0.9309723889555821,1.0,False,False,False,False,0.07133121950688938,0.08270390420973636,False,False,False,False,70716.0,65312.592648538004,False,False,False,False,2625.5840924852714,False,False,False,False
2025-08-29 19:00:00+00:00,4.115,4.115,4.06,4.08,4008.0,,,,4.118203362171102,4.019810370674708,3.882609055021914,3.8835351111212457,3.9371721694833233,4.091465706554978,4.223286754061864,4.331265685422326,4.342576823155525,4.349478987823347,4.506657472596084,,,,4.11833235863375,4.050528537281072,3.963468263241019,3.892532445674328,4.181636783332267,4.238495254010296,4.239130514612207,4.3384648948070215,4.367140315859302,4.380164448311856,4.584296889477124,4.584925510329974,4.594387945925824,4.595986469525688,4.596649122867725,4.601878436563745,4.61256675505536,4.600256575076529,4.587112357438215,,4.091465706554978,4.331265685422326,4.153278318007856,4.375155467264384,#000000,0.1437674548744505,4.112659673506373,-0.22717014455666762,50.31340200933725,5.7218669430005775,False,True,False,False,False,2.137570008909279,0.0,0.0,0.0,0.0,0,0.9159663865546217,0.9963985594237695,False,False,False,False,0.05745439801636387,0.07007915111305012,False,False,False,False,66708.0,65334.22687104129,False,False,False,False,2647.0168972529414,False,False,False,False
2025-09-01 14:00:00+00:00,4.08,4.08,4.08,4.08,0.0,,,,4.118203362171102,4.019810370674708,3.882609055021914,3.8835351111212457,3.9371721694833233,4.091465706554978,4.223286754061864,4.331265685422326,4.342576823155525,4.349478987823347,4.506657472596084,,,,4.11833235863375,4.050528537281072,3.963468263241019,3.892532445674328,4.181636783332267,4.238495254010296,4.239130514612207,4.3384648948070215,4.367140315859302,4.380164448311856,4.584296889477124,4.584925510329974,4.594387945925824,4.595986469525688,4.596649122867725,4.601878436563745,4.61256675505536,4.600256575076529,4.587112357438215,,4.091465706554978,4.331265685422326,4.153278318007856,4.375155467264384,"rgba(239, 83, 80, 1.0)",0.14073670388287451,4.112659673506373,-0.23206223114016875,47.92962862550653,3.394739368793779,False,True,False,True,False,2.137570008909279,0.0,0.0,0.0,0.0,0,0.9224712295578437,0.9981829194427622,False,False,False,False,0.05520666026519821,0.06264290568912416,False,False,False,False,66708.0,65355.5256792422,False,False,False,False,2605.977875590105,False,False,False,False
2025-09-01 15:00:00+00:00,4.08,4.08,4.08,4.08,0.0,,,,4.118203362171102,4.019810370674708,3.882609055021914,3.8835351111212457,3.9371721694833233,4.091465706554978,4.223286754061864,4.331265685422326,4.342576823155525,4.349478987823347,4.506657472596084,,,,4.11833235863375,4.050528537281072,3.963468263241019,3.892532445674328,4.181636783332267,4.238495254010296,4.239130514612207,4.3384648948070215,4.367140315859302,4.380164448311856,4.584296889477124,4.584925510329974,4.594387945925824,4.595986469525688,4.596649122867725,4.601878436563745,4.61256675505536,4.600256575076529,4.587112357438215,,4.091465706554978,4.331265685422326,4.153278318007856,4.375155467264384,"rgba(239, 83, 80, 1.0)",0.13785071570295135,4.112659673506373,-0.23692059442585742,46.340446369619386,1.782124226923166,False,True,False,True,False,2.137570008909279,0.0,0.0,0.0,0.0,0,0.9229357798165136,0.9975535168195722,False,False,False,False,0.1890589425941344,0.12585092414162927,False,False,False,False,66708.0,65376.49427336248,False,False,False,False,2565.5751178290184,False,False,False,False
2025-09-01 16:00:00+00:00,4.08,4.08,4.08,4.08,0.0,,,,4.118203362171102,4.019810370674708,3.882609055021914,3.8835351111212457,3.9371721694833233,4.091465706554978,4.223286754061864,4.331265685422326,4.342576823155525,4.349478987823347,4.506657472596084,,,,4.11833235863375,4.050528537281072,3.963468263241019,3.892532445674328,4.181636783332267,4.238495254010296,4.239130514612207,4.3384648948070215,4.367140315859302,4.380164448311856,4.584296889477124,4.584925510329974,4.594387945925824,4.595986469525688,4.596649122867725,4.601878436563745,4.61256675505536,4.600256575076529,4.587112357438215,,4.091465706554978,4.331265685422326,4.153278318007856,4.375155467264384,"rgba(239, 83, 80, 1.0)",0.135955510741187,4.112659673506373,-0.24022324162016506,45.280991532361284,0.5959507120693104,False,True,False,True,False,2.137570008909279,0.0,0.0,0.0,0.0,0,0.9374201787994891,0.9948914431673054,False,False,False,False,0.1890589425941344,0.15745493336788183,False,False,False,False,66708.0,65397.137773000264,False,False,False,False,2525.7987594130645,False,False,False,False
2025-09-01 17:00:00+00:00,4.08,4.08,4.08,4.08,0.0,,,,4.118203362171102,4.019810370674708,3.882609055021914,3.8835351111212457,3.9371721694833233,4.091465706554978,4.223286754061864,4.331265685422326,4.342576823155525,4.349478987823347,4.506657472596084,,,,4.11833235863375,4.050528537281072,3.963468263241019,3.892532445674328,4.181636783332267,4.238495254010296,4.239130514612207,4.3384648948070215,4.367140315859302,4.380164448311856,4.584296889477124,4.584925510329974,4.594387945925824,4.595986469525688,4.596649122867725,4.601878436563745,4.61256675505536,4.600256575076529,4.587112357438215,,4.091465706554978,4.331265685422326,4.153278318007856,4.375155467264384,"rgba(239, 83, 80, 1.0)",0.13275918047350294,4.112659673506373,-0.2460068930064808,44.57468830752255,-0.33342051113515936,False,True,False,True,False,2.137570008909279,0.0,0.0,0.0,0.0,0,0.9297227595099936,1.0012894906511929,False,False,False,False,0.20958036352880957,0.1835176484483457,False,False,False,False,66708.0,65417.4612183801,False,False,False,False,2486.6390887244897,False,False,False,False
2025-09-01 18:00:00+00:00,4.08,4.08,4.08,4.08,0.0,,,,4.118203362171102,4.019810370674708,3.882609055021914,3.8835351111212457,3.9371721694833233,4.091465706554978,4.223286754061864,4.331265685422326,4.342576823155525,4.349478987823347,4.506657472596084,,,,4.11833235863375,4.050528537281072,3.963468263241019,3.892532445674328,4.181636783332267,4.238495254010296,4.239130514612207,4.3384648948070215,4.367140315859302,4.380164448311856,4.584296889477124,4.584925510329974,4.594387945925824,4.595986469525688,4.596649122867725,4.601878436563745,4.61256675505536,4.600256575076529,4.587112357438215,,4.091465706554978,4.331265685422326,4.153278318007856,4.375155467264384,"rgba(239, 83, 80, 1.0)",0.129152364799602,4.112659673506373,-0.25287708480637716,44.103819490963396,-1.1036416122461574,False,True,False,True,False,2.137570008909279,0.0,0.0,0.0,0.0,0,0.9426877470355731,0.9993412384716733,False,False,False,False,0.20958036352880957,0.19654900598857764,False,False,False,False,66708.0,65437.469571583504,False,False,False,False,2448.0865447132574,False,False,False,False
2025-09-01 19:00:00+00:00,4.08,4.08,4.08,4.08,0.0,,,,4.118203362171102,4.019810370674708,3.882609055021914,3.8835351111212457,3.9371721694833233,4.091465706554978,4.223286754061864,4.331265685422326,4.342576823155525,4.349478987823347,4.506657472596084,,,,4.11833235863375,4.050528537281072,3.963468263241019,3.892532445674328,4.181636783332267,4.238495254010296,4.239130514612207,4.3384648948070215,4.367140315859302,4.380164448311856,4.584296889477124,4.584925510329974,4.594387945925824,4.595986469525688,4.596649122867725,4.601878436563745,4.61256675505536,4.600256575076529,4.587112357438215,,4.091465706554978,4.331265685422326,4.153278318007856,4.375155467264384,"rgba(239, 83, 80, 1.0)",0.12476760378780666,4.112659673506373,-0.26176405184408047,43.78990694659063,-1.7694499201664513,False,True,False,True,False,2.137570008909279,0.0,0.0,0.0,0.0,0,0.9480346435709527,0.9833444370419723,False,False,False,False,0.20958036352880957,0.2030646847586936,False,False,False,False,66708.0,65457.1677177605,False,False,False,False,2410.131714562664,False,False,False,False
2025-09-02 14:00:00+00:00,4.185,4.22,4.1,4.12,2433.0,,,4.146666666666667,4.11910286884536,4.022035069509518,3.885039226070017,3.8859457805692688,3.9386186401797323,4.091749478639537,4.222997476287502,4.3306991679175235,4.341987800613182,4.348876510997453,4.5057756973717265,,,,4.119702583265422,4.052563016439072,3.966048328278034,3.894543663056088,4.181490121077563,4.2381610291576735,4.238794553586764,4.337883866078306,4.366508586949439,4.379515804853616,4.5833190791094855,4.583950799656411,4.5934306182096645,4.595035001340348,4.595704017419474,4.6009465274043935,4.611650773166718,4.5994101214372005,4.586346709726435,,4.091749478639537,4.3306991679175235,4.153291198638956,4.375000273695375,#000000,0.12351029427861045,4.10382984926519,0.1309214817214678,48.15630332680228,-1.7694499201664513,False,True,False,False,True,4.1264638100844415,0.0,0.0,0.0,0.0,0,0.9614617940199335,0.9588039867109635,False,False,False,False,0.29548513378141583,0.24927490927005472,False,False,False,False,69141.0,65514.28139655491,False,False,False,False,2410.486261623708,False,False,False,False
2025-09-02 15:00:00+00:00,4.12,4.135,4.07,4.075,1905.0,,,4.123245735361919,4.118480621432403,4.02300082717691,3.886529443797649,3.8874228336212124,3.939450556998231,4.091755828244096,4.222615300431467,4.330130167338832,4.3414038139573865,4.348283511668096,4.504986200345525,,,,4.118740552065778,4.05322755080214,3.9674366057677446,3.895767883793729,4.181201581020877,4.237749472682414,4.23838190225161,4.337305176589349,4.365897088954509,4.3788946847541705,4.582463373187068,4.583097924845218,4.5925947577543695,4.594204543380999,4.594879218226519,4.6001341641198135,4.610854109969799,4.598671749845609,4.585676582162572,,4.091755828244096,4.330130167338832,4.151442070031144,4.374588364324962,"rgba(239, 83, 80, 0.75)",0.12297432530687392,4.102624338941447,-0.22463501119044282,46.627881800780926,-1.7694499201664513,False,True,False,True,True,1.7223432182935987,0.0,0.0,0.0,0.0,0,0.9677635997313633,0.9623908663532571,False,False,False,False,0.23338352989171296,0.24132921958088382,False,False,False,False,67236.0,65540.97470823623,False,False,False,False,2402.649265319464,False,False,False,False
2025-09-02 16:00:00+00:00,4.075,4.15,4.055,4.135,4096.0,,,4.1184317445261245,4.118226572196313,4.0255572367890755,3.889965485058526,3.8908301665623357,3.94143792181024,4.091940232124996,4.22192710271178,4.329018487522601,4.34025789703091,4.347117053564502,4.503380850403784,,,,4.118347243926694,4.055262693813669,3.9707796524518395,3.898611087182399,4.180727299353096,4.2369939038553746,4.237623780865661,4.336171390011827,4.364687314475139,4.377661181098224,4.580708395514547,4.581348612815732,4.590878593746448,4.592499156534254,4.593185285443637,4.598464835537129,4.609215324001139,4.59715397301063,4.584300152389787,,4.091940232124996,4.329018487522601,4.1515075625251,4.37392736189617,#000000,0.12334278025663933,4.102984373883112,0.2595662757907083,50.49745674800125,-4.177761636390251,False,True,False,False,True,4.63123188815625,0.0,0.0,0.0,0.0,0,0.9750168804861578,0.9547602970965563,False,False,False,False,0.23338352989171296,0.2373563747362984,False,False,False,False,71332.0,65630.75804609303,False,False,False,False,2428.902765081953,False,False,False,False
2025-09-02 17:00:00+00:00,4.135,4.14,4.12,4.125,1736.0,,,4.120121927236972,4.118433657912854,4.026775357124165,3.891486262504502,3.8923387521679,3.942338892714859,4.092071575284082,4.221677962497843,4.328583287426074,4.339807566606851,4.346657659619075,4.5027304352401085,,,,4.118645890757075,4.056296462304514,3.972295019751459,3.899876441167169,4.180572575830001,4.236714943375245,4.2373436780285605,4.335726429005117,4.364208458062722,4.377171309788564,4.579992287144955,4.580634766470057,4.590177668489877,4.591802522363324,4.592493269784319,4.597782545693688,4.6085449248942965,4.5965334119703645,4.583737703178521,,4.092071575284082,4.328583287426074,4.151918611361274,4.373713174108411,"rgba(38, 166, 154, 0.5)",0.12278737206543237,4.103495983256396,0.17513215228797888,52.17516797940689,-2.612190601032708,False,True,True,False,True,4.097234051515095,0.0,0.0,0.0,0.0,0,0.9796610169491525,0.9538983050847458,False,False,False,False,0.2628362727879317,0.25009632376211505,False,False,False,False,69596.0,65692.23466553344,False,False,False,False,2418.16008655355,False,False,False,False
2025-09-02 18:00:00+00:00,4.125,4.135,4.095,4.115,1923.0,,,4.1193074505912515,4.118357453913149,4.027918637770621,3.893054794270596,3.8938944660628065,3.9432560065555355,4.092162872897515,4.22136432898474,4.32807145408852,4.339279645027787,4.346120086530877,4.501987021938966,,,,4.118528983453113,4.057202238626334,3.973799392597141,3.901181063210234,4.180358775416085,4.236369790998469,4.236997328033567,4.335204210732663,4.363650423431124,4.376601956585897,4.579178343135404,4.579823414210405,4.589381372250848,4.591011154688006,4.591707161265817,4.597007668169307,4.607783931274694,4.595828398432403,4.583098091321835,,4.092162872897515,4.32807145408852,4.1520645182193645,4.373405984096491,"rgba(38, 166, 154, 0.5)",0.12316571273203018,4.1037590455314135,0.09126691365025856,52.374105587799065,-2.3134221357329565,False,True,True,False,True,3.5596707134913395,0.0,0.0,0.0,0.0,0,0.9775815217391303,0.953804347826087,False,False,False,False,0.24671896747410157,0.2484076456181083,False,False,False,False,67673.0,65722.94420560269,False,False,False,False,2410.4831859868286,False,False,False,False
2025-09-02 19:00:00+00:00,4.12,4.14,4.115,4.135,3040.0,,,4.121455428533668,4.118752081289209,4.029967895804994,3.895654593687402,3.8964738436548814,3.944811034262366,4.092399558830487,4.220941655595649,4.327323912566678,4.338505592386616,4.345330153989569,4.500862913676655,,,,4.119082408891569,4.058935654421556,3.976359837373825,3.9033539603702656,4.180100535740794,4.235895071560804,4.236520609982195,4.334439570779748,4.362826238641261,4.375758235343549,4.577938799661465,4.578587734984924,4.588167599689774,4.589804709828038,4.590508635635363,4.595825717733987,4.606622154073561,4.594752708117794,4.582122793353182,,4.092399558830487,4.327323912566678,4.152706555356515,4.373031735588613,"rgba(38, 166, 154, 0.5)",0.1226496879162036,4.10460910719421,0.24778614052857165,54.08944475816057,-0.5182240250454697,False,True,True,False,True,4.53698331247373,0.0,0.0,0.0,0.0,0,0.9802452316076292,0.9516348773841962,False,False,False,False,0.2601409804657135,0.2542743130419109,False,False,False,False,70713.0,65800.30941171738,False,False,False,False,2420.243136591684,False,False,False,False
2025-09-03 14:00:00+00:00,4.075,4.075,3.98,4.015,3542.0,,,4.102845069165551,4.115126926239765,4.029816261872807,3.8972662359337678,3.8980683034610673,3.9455655463529893,4.091899822207875,4.219882221848862,4.325993020053595,4.337153211793462,4.343964703816553,4.499187472532622,,,,4.113986572105439,4.057974588198234,3.9772401647989226,3.90466691589016,4.179169447397515,4.234795492794285,4.235419638010063,4.333094723477239,4.3614366621983915,4.374358918022128,4.576161306502802,4.57681622801842,4.5864340949926765,4.588082735008699,4.58879837833865,4.594142496648528,4.604974290461946,4.593219418047457,4.580724879406696,,4.091899822207875,4.325993020053595,4.150564066273243,4.371657734227276,"rgba(239, 83, 80, 1.0)",0.12218273864019344,4.102424309301563,-0.7155209506230872,47.48172329076554,2.514747747574205,False,True,False,True,False,0.0,0.0,0.0,0.0,0.0,0,0.9638069705093835,0.9530831099195711,False,False,False,False,0.1548909492712761,0.2045826311565935,False,False,False,False,67171.0,65821.56042858998,False,False,False,False,2437.634715869332,False,False,False,False
2025-09-03 15:00:00+00:00,4.015,4.04,3.985,4.03,2811.0,,,4.091788451394707,4.112293898786281,4.029611691710978,3.898467005153754,3.899256071795809,3.9461162594096293,4.091479791496556,4.219028301536058,4.324927750808961,4.336071199466199,4.342872500027841,4.497852270609469,,,,4.110110191646002,4.057143152046042,3.9778423935616516,3.9056455772582335,4.17841489520904,4.2339104663802285,4.234533536721131,4.332018578858794,4.360325748038117,4.373240570533959,4.57474605660201,4.575405722541377,4.5850537579572315,4.586711542177043,4.587436471470834,4.59280204818858,4.603661940539826,4.591997788322533,4.579610528635747,,4.091479791496556,4.324927750808961,4.149147099349687,4.370558471930967,"rgba(239, 83, 80, 1.0)",0.12119944845708872,4.1009177487815665,-0.5851326031955912,44.255241454561386,-0.31817925217619347,False,True,False,True,False,0.0,0.0,0.0,0.0,0.0,0,0.96579476861167,0.9597585513078473,False,False,False,False,0.13944643091427783,0.17201453103543568,False,False,False,False,69982.0,65886.0633676816,False,False,False,False,2443.4233249256213,False,False,False,False
2025-09-03 16:00:00+00:00,4.035,4.035,3.99,3.995,724.0,,,4.089013657511631,4.111503591174494,4.029506890163249,3.898742700246121,3.8995286015340445,3.9462340566936804,4.091355252999307,4.2187968196230665,4.32464417908513,4.3357835161644935,4.342582308059132,4.497501238813658,,,,4.109041633375185,4.056871940253463,3.977950784194572,3.9058691032486053,4.178207618145883,4.233671417390489,4.234294230761794,4.331732333794702,4.360031064359522,4.372944235088757,4.574375089068758,4.575036002272251,4.584692028077862,4.586352219312138,4.587079582472538,4.59245082200133,4.6033181644045165,4.591677604414184,4.5793182807729,,4.091355252999307,4.32464417908513,4.148766067672335,4.370258639653128,"rgba(239, 83, 80, 1.0)",0.11979242557533187,4.100503735023875,-0.880721251925305,40.54511138112415,-3.6224843946697973,False,True,False,True,False,0.0,0.0,0.0,0.0,0.0,0,0.9659863945578231,0.9802721088435374,False,False,False,False,0.13944643091427783,0.15573048097485676,False,False,False,False,69258.0,65938.34145500437,False,False,False,False,2416.7655989577825,False,False,False,False
2025-09-03 17:00:00+00:00,3.995,4.035,3.99,4.025,1982.0,,,4.083086419753086,4.1096000722384805,4.029348320487499,3.8995595674136627,3.900336624577719,3.946607178176803,4.0910562210461086,4.218195447676806,4.323894793315073,4.335022379198857,4.341814017585216,4.496562353044714,,,,4.106501225660237,4.056289131542443,3.9783452775707104,3.9065361995692442,4.177675663985637,4.2330482850111375,4.233670345813797,4.330975316050325,4.359249612746691,4.37215752344898,4.573379859052802,4.574044086804072,4.583721170153441,4.58538775164465,4.5861216087816645,4.591507843253909,4.602394815131871,4.590817820705581,4.578533699554324,,4.0910562210461086,4.323894793315073,4.147923616209502,4.369492486130607,"rgba(239, 83, 80, 1.0)",0.11779096617189247,4.099586123243152,-0.6332075002620161,40.44790754737295,-3.683536058210194,False,True,False,True,False,0.0,0.0,0.0,0.0,0.0,0,0.9645535105657805,0.9775051124744377,False,False,False,False,0.13944643091427783,0.1475884559445673,False,False,False,False,71240.0,66020.53771151594,False,False,False,False,2410.025047035956,False,False,False,False
2025-09-03 18:00:00+00:00,4.025,4.06,4.005,4.045,2882.0,,,4.078145083844279,4.107531823265668,4.02947741902576,3.900926814668208,3.9016904827538688,3.947295614332902,4.090741411305383,4.217413508264807,4.322882118898516,4.33399119998273,4.340771618401006,4.495260279848972,,,,4.103815997794143,4.055884063576652,3.97919677097423,3.9076655845687616,4.177003687382703,4.232231716466363,4.232852542866034,4.329950646933493,4.358185607625597,4.371083766718602,4.571990791379221,4.572659556525028,4.582364947902598,4.584040258282869,4.5847830810731915,4.590189683019892,4.601103027455553,4.58961558825116,4.577437217072518,,4.090741411305383,4.322882118898516,4.147177281216008,4.368529186098348,"rgba(239, 83, 80, 1.0)",0.11712190461453717,4.098783763726486,-0.4592118263743647,41.85742707552312,-3.683536058210194,False,True,False,True,False,0.0,0.0,0.0,0.0,0.0,0,0.9625085207907293,0.9775051124744377,False,False,False,False,0.1600550984288964,0.15382177718673185,False,False,False,False,74122.0,66146.14177800406,False,False,False,False,2417.3424881671813,False,False,False,False
2025-09-03 19:00:00+00:00,4.045,4.07,4.035,4.06,2943.0,,,4.075875837025685,4.1060534049905,4.029929041554934,3.902479953690542,3.903229576364561,3.9481298464658905,4.090531400676827,4.216702229398098,4.321921121748535,4.333010002330291,4.339778210747923,4.493991085734136,,,,4.101971649870552,4.055865812253602,3.9803103224518326,3.9089598743137097,4.176412849592239,4.23148235838363,4.232101795900455,4.328976576544042,4.357167844185748,4.370054076471569,4.570628048400013,4.571301172888655,4.581033237661723,4.582716915701973,4.583468429651627,4.588894440163689,4.599832620868678,4.588433807185344,4.576359901643486,,4.090531400676827,4.321921121748535,4.146802642560661,4.367682722849082,"rgba(239, 83, 80, 0.75)",0.11584849534573194,4.098408531160915,-0.33154104458837697,43.88125894698456,-3.683536058210194,False,True,False,True,True,0.7024999623624915,0.0,0.0,0.0,0.0,0,0.9706083390293917,0.9719753930280246,False,False,False,False,0.18079948014044328,0.16731062866358756,False,False,False,False,77065.0,66315.4264016009,False,False,False,False,2425.4922170328064,False,False,False,False
2025-09-04 14:00:00+00:00,4.015,4.03,3.965,4.03,1120.0,,,4.073446328590851,4.105017882148127,4.029784586931681,3.902884485678572,3.9036296001785193,3.9483067859070338,4.090348005086471,4.216355528319409,4.321493585670336,4.33257602808525,4.3393403123883045,4.493458854414851,,,,4.1006443713219,4.055495276343203,3.9804661140342175,3.909290987126165,4.176103650511037,4.231123872171376,4.231742904508305,4.328544858386228,4.35672277143506,4.369606190457238,4.570064556768346,4.570739535427834,4.580483397838954,4.582170654801328,4.582925804122817,4.588360221127321,4.599309423171895,4.587946209993709,4.57591448699126,,4.090348005086471,4.321493585670336,4.146386831949951,4.367245015080957,"rgba(239, 83, 80, 0.75)",0.11454520331991125,4.097947163774817,-0.5931908260274208,43.364066712970214,-3.683536058210194,False,True,False,True,True,0.0,0.0,0.0,0.0,0.0,0,0.9561643835616438,0.9828767123287674,False,False,False,False,0.12406773339616421,0.14568918102987588,False,False,False,False,75945.0,66464.72211630477,False,False,False,False,2405.252027621445,False,False,False,False
2025-09-04 15:00:00+00:00,4.025,4.03,3.98,4.015,1800.0,,,4.069887917337138,4.103398857589401,4.029556433346334,3.903528188223697,3.9042661550811233,3.948588984161227,4.090054970539679,4.215800740823057,4.320808911113972,4.331880994770113,4.338638966154107,4.492605922290929,,,,4.098588319000185,4.0549117253484015,3.9807128964544596,3.909818534585648,4.175609099702821,4.230550140467993,4.231168520399153,4.327853455928218,4.356009850443335,4.368888692738055,4.569161307497355,4.569839247764615,4.579601935182926,4.581294908969641,4.582055869243948,4.587503711506367,4.598470506062506,4.58716428660294,4.575200103628464,,4.090054970539679,4.320808911113972,4.145751420119232,4.366547532185633,"rgba(239, 83, 80, 0.75)",0.11320805211229129,4.097241571148458,-0.7264639715457918,42.14923573268807,-3.683536058210194,False,True,False,True,True,0.0,0.0,0.0,0.0,0.0,0,0.9478380233356213,0.9869595058339056,False,False,False,False,0.13174933694889007,0.13871925898938298,False,False,False,False,74145.0,66583.79619202096,False,False,False,False,2395.868275255221,False,False,False,False
2025-09-04 16:00:00+00:00,4.01,4.045,3.995,4.015,2321.0,,,4.066494128992002,4.101600918531199,4.029404597446555,3.9044247955853164,3.9051534045590737,3.9490092246452058,4.089726055411314,4.215123997287055,4.3199585803714005,4.331016737802923,4.337766240769089,4.49153314998788,,,,4.096347751475492,4.0543372915186575,3.981137629450193,3.910558752504249,4.17501355740853,4.2298477885166585,4.2304652710551816,4.326994090234672,4.355121190749667,4.367993258519295,4.568021587554592,4.568703221172419,4.578489165042263,4.58018926095444,4.580957501344558,4.586422021303366,4.597410549045013,4.586176513424493,4.574297799310727,,4.089726055411314,4.3199585803714005,4.145100985949084,4.365709694767603,"rgba(239, 83, 80, 0.75)",0.1118255559116571,4.096527600230636,-0.7290605404639663,41.33934841249997,-3.6894361318811306,False,True,False,True,True,0.0,0.0,0.0,0.0,0.0,0,0.9460953697304769,0.9944713199723568,False,False,False,False,0.14715997710211182,0.1429396180457474,False,False,False,False,74145.0,66701.02415803615,False,False,False,False,2394.7075268016515,False,False,False,False
2025-09-04 17:00:00+00:00,4.01,4.025,4.0,4.015,818.0,,,4.065288742284806,4.100948272485408,4.029328332666192,3.9047237378414903,3.9054491519947963,3.9491455320736337,4.089602783980766,4.214880561913529,4.319655083957199,4.3307084258749535,4.3374549980101635,4.4911522411740314,,,,4.095538906226424,4.054111596338588,3.981265227383208,3.910805238174819,4.174798077554947,4.229595536989352,4.230212712356871,4.326687468654607,4.3548044770894965,4.367674268888178,4.56761739090412,4.56830033380868,4.578094546269865,4.579797168496393,4.580567987092155,4.586038429059582,4.597034688771566,4.585826147217607,4.573977639133863,,4.089602783980766,4.319655083957199,4.144861488688082,4.365407781074228,"rgba(239, 83, 80, 1.0)",0.11009619053885274,4.096263640694428,-0.7381149183881186,40.799423532374576,-4.5562448859318465,False,True,False,True,False,0.0,0.0,0.0,0.0,0.0,0,0.9430159833217511,0.9972202918693538,False,False,False,False,0.13944643091427783,0.1411930244800126,False,False,False,False,74145.0,66816.43463620613,False,False,False,False,2370.262448866742,False,False,False,False
2025-09-04 18:00:00+00:00,4.015,4.03,4.0,4.025,1163.0,,,4.063822292041497,4.10008882408716,4.029254648303946,3.905165384791085,3.9058862200027757,3.9493533558378813,4.089439649771264,4.214544025782253,4.319231644022769,4.330277998610629,4.337020322570445,4.490617379716852,,,,4.094484004370454,4.05383378066802,3.981472925358849,3.911170644428601,4.17450216013747,4.22924617444575,4.229862899222674,4.326259496480663,4.354361773938334,4.367228114332066,4.56704890796041,4.567733681504546,4.577539399505571,4.57924555217462,4.580019984026188,4.585498689702398,4.596505707972506,4.585333091783829,4.573527130648048,,4.089439649771264,4.319231644022769,4.14455847879488,4.364993374666368,"rgba(239, 83, 80, 1.0)",0.10731153603300049,4.095932537676076,-0.6609963876974234,41.550518669049154,-4.5562448859318465,False,True,False,True,False,0.0,0.0,0.0,0.0,0.0,0,0.9442508710801394,0.9930313588850175,False,False,False,False,0.14201573711866677,0.14160438079933968,False,False,False,False,75308.0,66948.08681238898,False,False,False,False,2351.54520159749,False,False,False,False
2025-09-04 19:00:00+00:00,4.025,4.04,4.005,4.025,2858.0,,,4.060936354340724,4.098175493377059,4.029158711172085,3.906283568796375,3.906993170268409,3.949895442079724,4.089069880319798,4.213742835081652,4.318213312637827,4.329242146218199,4.335973829025849,4.489321978467169,,,,4.092172567964383,4.053262674109307,3.982041488451668,3.912099553551593,4.173802825564758,4.2284127636011934,4.229028346663766,4.325229806929908,4.35329490600095,4.366152186700413,4.565669567183063,4.566358744847691,4.576191983723583,4.577906625541453,4.57868977557722,4.584188318352434,4.595221076058757,4.584135723504675,4.5724330738829435,,4.089069880319798,4.318213312637827,4.143917226815405,4.364015368853146,"rgba(239, 83, 80, 1.0)",0.10394853196314749,4.095241969628862,-0.6757379666868649,42.051248760165535,-4.5562448859318465,False,True,False,True,False,0.0,0.0,0.0,0.0,0.0,0,0.9474421864050454,0.9922915206727401,False,False,False,False,0.14973498315890468,0.14566968197912217,False,False,False,False,75308.0,67077.69786956125,False,False,False,False,2359.3972139758234,False,False,False,False
2025-09-05 14:00:00+00:00,4.01,4.01,3.905,3.92,1529.0,,,4.05667779753039,4.0961596273630505,4.028435500701599,3.906478580699571,3.9071838516612982,3.94987632629156,4.088640038323894,4.213141753484669,4.317527429446676,4.328549670326043,4.33527726897036,4.488515893416702,,,,4.0896584137766645,4.052188916925592,3.981774271169008,3.912244681782033,4.173237945995347,4.227800411778506,4.22841565699033,4.324539611798556,4.352592130834059,4.36544844143832,4.564828333820871,4.565520317253557,4.575372061661287,4.577092153425201,4.577880724343611,4.583392226532186,4.594442359644112,4.58340805222069,4.57176630539288,,4.088640038323894,4.317527429446676,4.143038644851318,4.363242264041201,"rgba(239, 83, 80, 1.0)",0.10154003337784843,4.09423656696184,-1.71593962662465,36.30651866146397,-9.49171972040179,False,True,False,True,False,0.0,0.0,0.0,0.0,0.0,0,0.9349030470914126,0.9861495844875344,False,False,False,False,0.08332199646426877,0.11449583922169547,False,False,False,False,73779.0,67181.5940266223,False,False,False,False,2346.5228385653454,False,False,False,False
2025-09-05 15:00:00+00:00,3.925,3.925,3.895,3.915,1721.0,,,4.050920440476465,4.093466607860765,4.0273168733671785,3.9065078283581043,3.907209024100305,3.9497091239944844,4.0880477121195895,4.212384695076134,4.31668961845771,4.32770573889245,4.334429493090774,4.487555968219002,,,,4.086300520690599,4.0506375146476445,3.9812095911140237,3.9122418260876226,4.172513088302703,4.227033454894372,4.227648446908339,4.323697772643801,4.351739540450981,4.36459655679206,4.563833414023864,4.564528759565396,4.574403058259633,4.576129697642038,4.576924713439633,4.582451872928642,4.593523213253003,4.5825483234772655,4.570977678878236,,4.0880477121195895,4.31668961845771,4.141828593667746,4.362259949684204,"rgba(239, 83, 80, 1.0)",0.09944385894099886,4.092839873167913,-1.7883444494388245,32.29315526388601,-13.140667561759003,False,True,False,True,False,0.0,0.0,0.0,0.0,0.0,1,0.939457202505219,0.9958246346555325,False,False,False,False,0.03528175211977419,0.07488879567073484,False,False,False,False,72058.0,67257.197220008,False,False,False,False,2336.824810060456,False,False,False,False
2025-09-05 16:00:00+00:00,3.915,3.935,3.905,3.935,2213.0,,,4.044804067895814,4.090362777338384,4.026071816753823,3.906640915319207,3.9073365652076273,3.9495708660554607,4.087348992140579,4.211459694450427,4.315652662485231,4.326660170884819,4.333378553615961,4.486354774530688,,,,4.0824802542862635,4.048878873940261,3.9806333909262586,3.9123223660251165,4.17163423457537,4.226094157827383,4.2267087506185055,4.322655167483394,4.350681115239275,4.363537933486043,4.56258457710124,4.563284095932606,4.573186171239673,4.574920931120847,4.575723980544708,4.581270511592154,4.592367972399107,4.5814679512451155,4.569986816678357,,4.087348992140579,4.315652662485231,4.140470154723169,4.361074697487456,"rgba(239, 83, 80, 1.0)",0.09710484720830133,4.091276772585823,-1.6093611913171588,31.909281750305702,-13.435574854974199,False,True,False,True,False,0.0,0.0,0.0,0.0,0.0,0,0.9534227240649258,0.990119971771348,False,False,False,False,0.04537456835447561,0.06013168201260523,False,False,False,False,74271.0,67365.93834837998,False,False,False,False,2334.9050455633947,False,False,False,False
2025-09-05 17:00:00+00:00,3.935,3.935,3.905,3.92,1148.0,,,4.041736604721532,4.088749948459133,4.025406437206186,3.9066906050198726,3.9073834843770854,3.949485280894155,4.0869777924192405,4.21097385493745,4.315110041235348,4.3261131901418794,4.332828849366036,4.48572813821605,,,,4.080508214746367,4.047949783875999,3.980312666546869,3.912347426583832,4.171171587932291,4.225601139165444,4.226215535073099,4.322109684674851,4.350127694829339,4.362984537238403,4.5619335955424996,4.562635286785961,4.572551846826422,4.574290835834246,4.575098064975322,4.580654691599984,4.591765781207374,4.580904644415743,4.56947002520985,,4.0869777924192405,4.315110041235348,4.139765352249498,4.360454370687573,"rgba(239, 83, 80, 1.0)",0.09524184484251239,4.09046521093102,-1.7898142482738955,30.914831465845687,-14.459847465743344,False,True,False,True,False,0.0,0.0,0.0,0.0,0.0,0,0.955382436260623,0.9773371104815864,False,False,False,False,0.04537456835447561,0.05275312518354042,False,False,False,False,73123.0,67455.19511817253,False,False,False,False,2316.5034169500086,False,False,False,False
2025-09-05 18:00:00+00:00,3.925,3.935,3.91,3.925,869.0,,,4.039573953801207,4.087572967499645,4.024924043840664,3.906737332355441,3.9074280928059024,3.9494281111930083,4.0867034865216745,4.210611366102787,4.314703739594447,4.3257035107945665,4.332417063677122,4.4852575049778505,,,,4.0790773313777855,4.047273442672097,3.9800854290959164,3.9123745038866544,4.170827141321802,4.225233053489778,4.2258472925839365,4.321701167853382,4.349712956978306,4.362569696291889,4.561444253586592,4.562147571210894,4.572074950373554,4.573817104932585,4.574627467337354,4.580191645515782,4.5913129165198345,4.580481023803274,4.56908138137951,,4.0867034865216745,4.314703739594447,4.1392550977636935,4.3599937015900485,"rgba(239, 83, 80, 1.0)",0.09443516294260412,4.089878528978397,-1.7459442419621487,30.86752079903826,-14.706526197444312,False,True,False,True,False,0.0,0.0,0.0,0.0,0.0,0,0.9538024164889838,0.978678038379531,False,False,False,False,0.04789913624157932,0.05032613071255987,False,False,False,False,73992.0,67556.5409302939,False,False,False,False,2294.061503508923,False,False,False,False
2025-09-05 19:00:00+00:00,3.925,3.95,3.915,3.93,4058.0,,,4.031093508924825,4.082559354940961,4.022910387933482,3.907059953162589,3.907740574364645,3.949248628947043,4.085499352770008,4.2089794167725145,4.312857683525101,4.323840791000862,4.3305439949321896,4.4831025975284176,,,,4.073066132063146,4.044415876844611,3.9792002015396317,3.912594023157391,4.169284994316672,4.223573111263147,4.2241865291629646,4.319844204998486,4.347824507599371,4.360679374362633,4.559198761289458,4.559909466611729,4.569885701095898,4.571642227764062,4.572466870211055,4.578065273979151,4.589232537505212,4.57853502575064,4.567296030458163,,4.085499352770008,4.312857683525101,4.137119687066886,4.3579421499986015,"rgba(239, 83, 80, 1.0)",0.09341267541358676,4.08743519529819,-1.6853729389629633,31.491432896545653,-14.706526197444312,False,True,False,True,False,0.0,0.0,0.0,0.0,0.0,0,0.9601139601139602,0.9707977207977208,False,False,False,False,0.05800383488100968,0.05416498279678478,False,False,False,False,78050.0,67719.23021819632,False,False,False,False,2321.4093871754512,False,False,False,False
2025-09-08 14:00:00+00:00,3.83,3.85,3.82,3.84,2634.0,,,4.02165680836819,4.077531709929826,4.02033618442917,3.906473566918933,3.9071507642706753,3.9485150000041234,4.08425120179566,4.207570925678308,4.31137266277224,4.322350510283678,4.329050213639636,4.481473402703024,,,,4.06697024875914,4.041135350846694,3.977528577746908,3.91203735301049,4.167898646011351,4.222158277859148,4.222771703599183,4.318355630359824,4.3463301030537265,4.359191497855544,4.55753043384501,4.5582468322300125,4.568262347471667,4.570030020464271,4.570865444918458,4.576490766802468,4.587695121188242,4.577093548291912,4.565970122106237,,4.08425120179566,4.31137266277224,4.134811079232789,4.356134843495806,"rgba(239, 83, 80, 1.0)",0.09424340730160392,4.0847444731002,-2.5969399887777027,27.922395746321868,-17.85937361035394,False,True,False,True,False,0.0,0.0,0.0,0.0,0.0,0,0.9568904593639574,0.9717314487632508,False,False,False,False,-0.04032723473185163,0.006918874032466573,False,False,False,False,75416.0,67838.55998225529,False,False,False,False,2326.2557532657543,False,False,False,False
2025-09-08 15:00:00+00:00,3.835,3.875,3.8,3.81,3700.0,,,4.009317508783431,4.070574223033814,4.016679363772072,3.905569790862382,3.90624257382061,3.947424879446742,4.082460608616337,4.205566260975081,4.309265871846436,4.320236779426667,4.326931828879851,4.479169283086626,,,,4.058628429084747,4.036517522355031,3.9751105236568387,3.9111840916229066,4.16592213080368,4.220145650467424,4.220759126949654,4.3162441343532025,4.3442115162260935,4.357082574589526,4.555172950163379,4.555897362732004,4.565968276552843,4.567751651041822,4.568602248504105,4.574265520032733,4.58552223409773,4.5750554460228585,4.564094526463987,,4.082460608616337,4.309265871846436,4.13161991437917,4.353586100827398,"rgba(239, 83, 80, 1.0)",0.09561597363626334,4.08102738311284,-2.8345408492504216,24.708608962206636,-20.89841807028432,False,True,False,True,False,0.0,0.0,0.0,0.0,0.0,0,0.9577762139338494,0.9634060520760028,False,False,False,False,-0.0378043033988433,-0.015442714683188365,False,False,False,False,71716.0,67898.6753313676,False,False,False,False,2347.554113680239,False,False,False,False
2025-09-08 16:00:00+00:00,3.805,3.83,3.775,3.825,4451.0,,,3.9951047207091746,4.062106868649996,4.012050110456371,3.9042583109296904,3.9049267458337953,3.9459415271048255,4.080186475968304,4.203066764337337,4.306659994347878,4.317623982598717,4.32431426642852,4.476341465421533,,,3.8100000000000005,4.048595199671192,4.030754794987723,3.971952933779607,3.909958317116519,4.16344723284972,4.21763958518657,4.218253255427847,4.31363350685051,4.341596003761942,4.354480495610777,4.552286055521897,4.5530202628222,4.563159226657583,4.564961815128311,4.565830923036852,4.571540722822081,4.582861838902396,4.57255848226583,4.561794928537106,,4.080186475968304,4.306659994347878,4.127715102732179,4.323416279046834,"rgba(239, 83, 80, 1.0)",0.09648656723945488,4.051299504011956,-2.345399059024854,24.294427486795378,-21.335065229376507,False,True,False,True,False,0.0,0.0,0.0,0.0,0.0,0,0.9547703180212015,0.974558303886926,False,False,False,False,-0.07318384957792894,-0.04431328213055865,False,False,False,False,76167.0,68026.86641150143,False,False,False,False,2380.1656778092274,False,False,False,False
2025-09-08 17:00:00+00:00,3.825,3.84,3.81,3.815,4498.0,,,3.9834468055431027,4.0544623002268985,4.007836209540777,3.903128625006336,3.903792071398419,3.944600577332118,4.078024156107548,4.200646785328381,4.3041153033351796,4.315070702654363,4.321755252923572,4.47355757468041,,,3.815863969903528,4.039703561099689,4.025514047161314,3.969103562762481,3.908890503654509,4.161062331325398,4.21520957431617,4.215823277936704,4.311083007442189,4.339036202449715,4.351931773427216,4.5494368095425495,4.5501805425830595,4.560385288427789,4.562206558319137,4.563093740851529,4.568848703341,4.580232135144606,4.570090008543702,4.55952109501465,,4.078024156107548,4.3041153033351796,4.124203030339759,4.320860834662346,"rgba(239, 83, 80, 1.0)",0.09791667720910402,4.047656178173843,-2.376062840418885,23.66298748210774,-22.0925595625043,False,True,False,True,False,0.0,0.0,0.0,0.0,0.0,0,0.9638297872340424,0.9645390070921986,False,False,False,False,-0.050424415395531656,-0.04736884876304515,False,False,False,False,71669.0,68083.33359892001,False,False,False,False,2413.000318463348,False,False,False,False
2025-09-08 18:00:00+00:00,3.81,3.84,3.805,3.825,2137.0,,,3.978491878454372,4.051022967295685,4.005916213794584,3.9026134309403906,3.903274476631417,3.9439820810172868,4.077016059674914,4.199512790834499,4.302919798653032,4.313870895430649,4.320552595377756,4.472246587999681,,,3.817303806602923,4.035749303732335,4.02313475630351,3.9678022277179488,3.9084017061798897,4.159946395751449,4.214070341857902,4.214684037431788,4.309884603916644,4.337832741826283,4.3507331794790165,4.548093987596549,4.548842173378446,4.55907760701756,4.560907610755266,4.561803256384866,4.567579323944782,4.578991850250101,4.568925513744444,4.558448114332454,,4.077016059674914,4.302919798653032,4.122618314675354,4.319610626910208,"rgba(239, 83, 80, 1.0)",0.0993673682547247,4.045961872700075,-2.223686473547805,24.499638375531937,-22.0925595625043,False,True,False,True,False,0.0,0.0,0.0,0.0,0.0,0,0.9645390070921984,0.9602836879432626,False,False,False,False,-0.0529502362402684,-0.05015954250165677,False,False,False,False,73806.0,68172.05710901426,False,False,False,False,2408.72124375849,False,False,False,False
2025-09-08 19:00:00+00:00,3.825,3.84,3.805,3.825,4347.0,,,3.969303107090633,4.0443334099321655,4.002131395354385,3.9015857075830875,3.9022418914555477,3.942743230091841,4.0749898606645205,4.197226971768314,4.300506206013482,4.311448274425596,4.318124020590447,4.469596078519804,,,3.819002138275125,4.028135746481969,4.018463671777664,3.965225527404522,3.9074244514388257,4.157699010228441,4.211773281420034,4.212386929324246,4.3074649422361535,4.335401961988377,4.348311744756267,4.545377742582745,4.5461348695788,4.556431841808469,4.558279387394033,4.559192049668962,4.565010496878726,4.576481414397551,4.56656791730042,4.55627512340986,,4.0749898606645205,4.300506206013482,4.119519179457485,4.317052012417559,"rgba(239, 83, 80, 1.0)",0.1004462116828586,4.042610776147699,-2.166440849305166,25.05740563781474,-22.0925595625043,False,True,False,True,False,0.0,0.0,0.0,0.0,0.0,0,0.9659090909090909,0.9602272727272728,False,False,False,False,-0.0529502362402684,-0.05155488937096259,False,False,False,False,73806.0,68259.40506081248,False,False,False,False,2438.772077188591,False,False,False,False
2025-09-09 14:00:00+00:00,3.9,3.91,3.82,3.855,2592.0,,,3.9656318481283606,4.041188439201411,4.000416401705177,3.901279515830883,3.901931771493725,3.9422498450471437,4.0739787208492855,4.196015559350143,4.299193260006625,4.3101276381560405,4.3167985011307985,4.468119063910888,,,3.8251373092926495,4.024652410014638,4.016307963500257,3.9641357749025325,3.9071131470297202,4.156525179049032,4.2105503169233955,4.2111637104355735,4.306146916589578,4.334071139583755,4.346983117562979,4.543853258584962,4.544615275243893,4.554945298445407,4.556802418016818,4.557724478702466,4.56356592716087,4.575068216597803,4.565241367084501,4.555052976605034,,4.0739787208492855,4.299193260006625,4.11807754706754,4.315982810066293,"rgba(239, 83, 80, 0.75)",0.10125006951391576,4.041356294085619,-1.8405547273229939,29.26416029938415,-24.728555202542033,False,True,False,True,True,0.0,0.0,0.0,0.0,0.0,0,0.9697609001406469,0.9458509142053446,False,False,False,False,-0.010076725772240246,-0.030815807571601416,False,False,False,False,76398.0,68385.58482731151,False,False,False,False,2441.1477038988455,False,False,False,False
2025-09-09 15:00:00+00:00,3.855,3.87,3.79,3.805,1245.0,,,3.963311302148741,4.03938794243075,3.999374239018453,3.9009872797694,3.9016381833761797,3.941898410743924,4.073405584636499,4.195367552015337,4.298508009488287,4.309439724880197,4.316108839983188,4.467365541766725,,,3.8249130773222633,4.022632562588083,4.015031045372792,3.9634192915983353,3.906834835023389,4.155888624229561,4.209898929288173,4.210512299715709,4.305459880417309,4.333380667673964,4.346295135667354,4.543080632876835,4.54384516429876,4.554192468611195,4.556054524218488,4.556981379653903,4.562834751226786,4.574353460122093,4.564569842398215,4.554433701548165,,4.073405584636499,4.298508009488287,4.117232717521474,4.315230613692568,"rgba(239, 83, 80, 0.75)",0.1034452895395635,4.040416132669543,-2.275754978475906,29.228788272931368,-24.690395438471942,False,True,False,True,True,0.0,0.0,0.0,0.0,0.0,0,0.9685314685314684,0.9517482517482518,False,False,False,False,-0.0453746693254194,-0.038095238448510406,False,False,False,False,75153.0,68490.50599277955,True,False,False,False,2422.602778257003,False,False,False,False
2025-09-09 16:00:00+00:00,3.805,3.84,3.795,3.815,744.0,,,3.961912233008048,4.0383016253873345,3.9987398732523216,3.9008027202879165,3.901452855650571,3.9416806800257063,4.07305754716236,4.194976212004837,4.29809516433655,4.30902535420653,4.315693463063756,4.4669126017420115,,,3.8246065254321984,4.021415039872027,4.014256412275178,3.962979576275511,3.9066596689122153,4.155503705601666,4.2095057070675175,4.2101190698257005,4.305046009989157,4.33296491281195,4.345880953732375,4.5426165132488325,4.543382555265115,4.553740256461604,4.555605278101263,4.556535011903535,4.5623955520675175,4.573924142472506,4.564166427419033,4.554061605955531,,4.07305754716236,4.29809516433655,4.116720860843995,4.314768246234522,"rgba(239, 83, 80, 0.75)",0.10518696353300391,4.0398378820590874,-2.1375071064632585,30.3484445405769,-23.47887710320019,False,True,False,True,True,0.0,0.0,0.0,0.0,0.0,0,0.985127478753541,0.9539660056657225,False,False,False,False,-0.058003935983747625,-0.048049587216129015,False,False,False,False,75897.0,68605.33535723259,False,False,False,False,2396.577928981701,False,False,False,False
2025-09-09 17:00:00+00:00,3.815,3.82,3.805,3.805,794.0,,,3.960381096851449,4.0371194097339975,3.9980431052920355,3.9005911104980115,3.9012404812530295,3.941436803593963,4.072677528617994,4.194552119391667,4.297649263519779,4.308577926709689,4.315245020570708,4.466424968501654,,,3.8240491637831613,4.0200896793125676,4.013408698091446,3.96249195771444,3.9064596872117447,4.1550858178413375,4.209079818245208,4.209693182422449,4.304599079380239,4.3325162351344515,4.345434091739727,4.542117313917936,4.542884982649641,4.553253905504698,4.555122122473406,4.556054952685082,4.561923221671144,4.573462480299656,4.563732545574603,4.553661331342297,,4.072677528617994,4.297649263519779,4.116161569544498,4.314256013349762,"rgba(239, 83, 80, 0.75)",0.1086333199262289,4.039194230663819,-2.1558231933154226,30.53380736997755,-23.100165967707742,False,True,False,True,True,0.0,0.0,0.0,0.0,0.0,0,0.9857448325017818,0.9536707056307911,False,False,False,False,-0.06306059699556088,-0.055555092105844944,False,False,False,False,75103.0,68706.07434394215,True,False,False,False,2371.731759540124,False,False,False,False
2025-09-09 18:00:00+00:00,3.805,3.85,3.805,3.845,1402.0,,,3.95815955549458,4.035272963063494,3.996976387349103,3.9003154824019113,3.900963167936153,3.941084435155069,4.0720685556243135,4.193850856750126,4.296901481769086,4.307826722978419,4.314491604489748,4.465596242575324,,,3.824635224373406,4.018045024220983,4.012098658129062,3.9617690876719562,3.906193514999204,4.154400124644687,4.208373860080541,4.208987156140074,4.303849019127041,4.33176115733628,4.344681171396591,4.541265555406027,4.542035963568445,4.55242359715489,4.55429718872228,4.555235261346515,4.561116489851383,4.572673536822543,4.562991318740708,4.552977743045941,,4.0720685556243135,4.296901481769086,4.11529228796561,4.313490532638928,"rgba(239, 83, 80, 0.75)",0.11084576574583258,4.038277324941474,-1.7436599733061071,35.001129788004775,-18.810473942077074,False,True,False,True,True,0.0,0.0,0.0,0.0,0.0,0,0.9822064056939502,0.9494661921708187,False,False,False,False,-0.04789923723628458,-0.051727164671064765,False,False,False,False,76505.0,68826.98792000506,False,False,False,False,2356.6971586170216,False,False,False,False
2025-09-09 19:00:00+00:00,3.84,3.855,3.835,3.845,7325.0,,,3.9486869171695,4.026672703562694,3.9920022936633845,3.899155939857371,3.899794076545746,3.939475508596109,4.0690896513310575,4.190347963605726,4.293130750008638,4.304035784732503,4.3106877677173685,4.461380704650267,,,3.8296859093730604,4.008682222648997,4.005979924115558,3.9584516167817974,3.905051498807222,4.150993069701366,4.204841581070681,4.205454288273535,4.300064913546804,4.327944450569782,4.340872067026122,4.536921264669368,4.537705427671566,4.548186339605689,4.550086906526355,4.55105141963176,4.556997562145143,4.5686433740441945,4.559204512862603,4.549484767495847,,4.0690896513310575,4.293130750008638,4.11120500512003,4.309815155828373,"rgba(239, 83, 80, 0.5)",0.11289247854355897,4.034143586898684,-1.6754312540467737,37.97934473335626,-16.09129979319127,False,False,False,True,True,0.0,0.0,0.0,0.0,0.0,0,0.9928520371694066,0.9442458899213725,False,False,False,False,-0.0302382661778605,-0.040982715424462635,False,False,False,False,76505.0,68946.02686698173,False,False,False,False,2433.725109646215,False,False,False,False
2025-09-10 14:00:00+00:00,3.94,3.955,3.86,3.865,2374.0,,,3.9472248306964244,4.024747617570682,3.990966653255462,3.899116649138267,3.89975062839812,3.9392264486987107,4.068345534776936,4.1893845184774285,4.292052493557591,4.302948414831535,4.309594734728639,4.460132900417675,,,3.8344212186739375,4.006694372658903,4.00465876211414,3.9578574960639417,3.9049810488551233,4.150076783573434,4.203863267955527,4.204475534744056,4.298980699116644,4.326842798259879,4.339769101455834,4.535622448702011,4.536410568080304,4.546917578139663,4.548825881193344,4.5497981124412235,4.5557627150968685,4.567433379397857,4.558068258843501,4.5484372549678875,,4.068345534776936,4.292052493557591,4.110290952045623,4.3089948640167055,"rgba(239, 83, 80, 0.5)",0.1143145652129073,4.033450555129713,-1.4735703610119932,41.957380154881164,-12.51402824249498,False,False,False,True,True,0.0,0.0,0.0,0.0,0.0,0,0.9971651311126861,0.9270021261516657,False,False,False,False,0.03275975046138904,-0.004111482481536796,False,False,False,False,78879.0,69100.02645043937,False,False,False,False,2432.7991389540252,False,False,False,False
2025-09-10 15:00:00+00:00,3.865,3.98,3.855,3.935,6829.0,,,3.945537723915193,4.020703765770184,3.988984455469342,3.899577769474784,3.9001981743890175,3.938983452330578,4.06660070242825,4.186924960008305,4.28921393495847,4.300079122371089,4.3067065405156635,4.456762241206559,,,3.8500952553048693,4.002757086373643,4.002004581573029,3.956974578386949,3.9052930391532077,4.147780763980124,4.201351623897785,4.201962185169139,4.296122144096158,4.323921885070045,4.336837616044498,4.532088511773102,4.532887067494903,4.543461417241886,4.545390082017539,4.546382907669557,4.552395778680887,4.564130617223136,4.5549677896133245,4.545579704469593,,4.06660070242825,4.28921393495847,4.108356070236453,4.3071192317616696,#000000,0.11456144344551766,4.032392231022438,-0.8501309698385159,49.54605581793701,-5.761852687179989,True,False,False,False,True,0.0,0.0,0.0,0.0,0.0,0,0.9978902953586498,0.9254571026722925,False,False,False,False,0.04285057832414443,0.019369547921303815,False,False,False,False,85708.0,69357.51441244806,False,False,False,False,2500.957291838459,False,False,False,False
2025-09-10 16:00:00+00:00,3.935,3.955,3.92,3.925,1150.0,,,3.945394299845692,4.020120998925056,3.9887111409105556,3.8996856629858065,3.9003037316513076,3.938968942166761,4.066331217415002,4.186530782348558,4.288753164590215,4.2996129089311275,4.3062369898601744,4.4562093468771495,,,3.8524950695280125,4.002209261101771,4.00162922897041,3.956873200835261,3.905373083879851,4.147415705471707,4.200948136715485,4.201558384605232,4.295657837725546,4.323446335190319,4.336359851339645,4.531507118023155,4.532307361385645,4.542892491732782,4.5448244467124175,4.545820620859488,4.551841269322007,4.563586390753614,4.5544568686252145,4.545108754858042,,4.066331217415002,4.288753164590215,4.108071598875617,4.3068155708817795,"rgba(38, 166, 154, 1.0)",0.11483635046179241,4.032252344608389,-0.933958142844962,53.626439429521525,-2.4125511655033947,True,False,True,False,True,0.0,0.0,0.0,0.0,0.0,0,1.0077848549186128,0.9292285916489739,False,False,False,False,0.06306049583098651,0.04121502187614516,False,False,False,False,84558.0,69593.18085566591,False,False,False,False,2480.01221754639,False,False,False,False
2025-09-10 17:00:00+00:00,3.925,4.11,3.915,4.105,9760.0,,,3.954276585793446,4.021364616955405,3.9908967631198484,3.90347947994267,3.9040689578596366,3.9411950954230313,4.065943191607673,4.184666324264115,4.286085718146256,4.296877481349438,4.303460620834943,4.452540918165486,,,3.890010809431734,4.004790507733367,4.00347808049517,3.9599092909740725,3.9086364051308653,4.145933388101896,4.19895975112012,4.19956525283762,4.292946582702131,4.320581515774531,4.333444556913337,4.5275170232668716,4.528327497172259,4.5389701096903154,4.540921729897246,4.541939369142143,4.548004770014049,4.559804682185736,4.550916262230667,4.541854259966013,,4.065943191607673,4.286085718146256,4.108737979455163,4.306825592239007,"rgba(38, 166, 154, 1.0)",0.11317438509414428,4.035557512204873,0.6135883816586374,62.44545427118928,5.298229278257509,True,False,True,False,True,6.148959952613794,0.0,0.0,0.0,0.0,0,1.0020804438280166,0.9098474341192789,False,False,False,False,0.13944643091427783,0.0903307263952115,False,False,False,False,94318.0,69976.51138503542,False,False,False,False,2592.8802451813294,False,True,False,False
2025-09-10 18:00:00+00:00,4.105,4.12,4.025,4.05,3128.0,,4.0649999999999995,3.957403976101253,4.022101214247167,3.991835029373749,3.904835174516629,3.9054153549748016,3.942035713329586,4.06593811881046,4.18416904798913,4.285318262157521,4.296086978161366,4.302656267691827,4.45144049433506,,,3.9003823076145734,4.00597782162738,4.004339952765264,3.961078843316684,3.90981286871826,4.145565656550985,4.198420311945496,4.199024173647829,4.292164292422606,4.3197465106239274,4.332591330163052,4.526308605120653,4.52712202813421,4.537780404486374,4.53973766797002,4.540761619282723,4.546839686964612,4.558654640541328,4.549839878732596,4.540865080770359,,4.06593811881046,4.285318262157521,4.105710433206811,4.306850684069947,"rgba(38, 166, 154, 1.0)",0.11232193114531305,4.025696118410389,0.21637699193551463,64.55214970963826,6.770874157918485,True,False,True,False,True,3.239348419300935,0.0,0.0,0.0,0.0,0,1.0206327372764787,0.9037138927097663,False,False,False,True,0.2016989682475473,0.1460148473213794,False,False,False,False,91190.0,70305.40268139145,False,False,False,False,2601.1766754885953,False,False,False,False
2025-09-10 19:00:00+00:00,4.05,4.085,4.05,4.08,6305.0,,4.069455987844093,3.963558835255588,4.023732226890391,3.993821753219843,3.907610695670684,3.9081724647058738,3.943785899972591,4.0659995554784425,4.183234539421393,4.283833731721267,4.29455535674725,4.301096362980735,4.449279233376594,,,3.9186614139909626,4.008489027535247,4.006188902972149,3.9635051541608544,3.9122308178946903,4.144894999239526,4.197399757710734,4.198000255876664,4.29064946487054,4.318123509055913,4.330930329296427,4.523926854856887,4.524745950986538,4.535433978347988,4.537402078603029,4.538438279809438,4.544540527369978,4.556383800807369,4.547714313848107,4.538911406869885,,4.0659995554784425,4.283833731721267,4.106779741791135,4.306828541205147,"rgba(38, 166, 154, 1.0)",0.11136952532523159,4.028246851844059,0.4646975732796483,66.78747633281479,8.688126783221826,True,False,True,False,True,4.643420039382097,0.0,0.0,0.0,0.0,0,1.0261348005502062,0.9064649243466302,False,False,False,False,0.1964584643111151,0.17123665581624725,False,False,False,False,97495.0,70726.946825866,False,False,False,False,2658.6002929228807,False,False,False,False
2025-09-11 14:00:00+00:00,4.0,4.02,3.96,3.96,3216.0,,4.046711861280206,3.9639984839162072,4.023010318873906,3.993648501171236,3.908219814511502,3.9087749585726397,3.9440335872635095,4.06553166845425,4.182377079468701,4.282760697895836,4.293464147359988,4.2999941168475555,4.44792096487454,,,3.921827937139831,4.007944133203285,4.005827122789084,3.963687705545176,3.9127433141373698,4.1441352069922175,4.19651058583937,4.197109925565457,4.289564684949584,4.316998937898612,4.3297945375736795,4.522477284717902,4.523300226443367,4.534011437765356,4.535987000729139,4.537031058926159,4.543150661493729,4.555016137390268,4.546430014296026,4.537726871432857,,4.06553166845425,4.282760697895836,4.104649707730006,4.306063739241422,"rgba(38, 166, 154, 0.75)",0.11046992171446413,4.027051014457628,-0.6069617269299559,62.001630984826576,8.688126783221826,True,False,True,False,False,0.0,0.0,0.0,0.0,0.0,0,1.0156143923964698,0.9049558723693143,False,False,False,False,0.10868675303988054,0.13996170442806388,False,False,False,False,94279.0,71092.09493709289,False,False,False,False,2667.242148846557,False,False,False,False
2025-09-11 15:00:00+00:00,3.965,3.985,3.96,3.985,3151.0,,4.0327427215189875,3.9643219194546395,4.022272695128604,3.993442470936428,3.908779504639518,3.9093283801531324,3.944250815272693,4.0650604752649615,4.181530216029424,4.28170518275489,4.292391019542287,4.298910290029755,4.446588327097575,,,3.9244681528338026,4.007368779006976,4.0054377053719525,3.9638269331154548,3.913213472637838,4.14338255066742,4.195633107142964,4.196231330084322,4.288497787083928,4.315893500545991,4.328678273000993,4.521055805392337,4.521882500242123,4.532616354674323,4.534599204161875,4.535650931974133,4.541787487039594,4.553674665241554,4.545169923594039,4.536564229387427,,4.0650604752649615,4.28170518275489,4.103178770601761,4.305281634659954,"rgba(38, 166, 154, 0.75)",0.1097557484796152,4.0262430211992974,-0.3757709438513609,59.73577174113269,8.688126783221826,True,False,True,False,False,0.0,0.0,0.0,0.0,0.0,0,1.0150068212824013,0.9147339699863576,False,False,False,False,0.04225254381580796,0.09110712412193592,False,False,False,False,97430.0,71500.43455047128,False,False,False,False,2674.742270569866,False,False,False,False
2025-09-11 16:00:00+00:00,3.985,3.985,3.95,3.955,1378.0,,4.027174777816587,3.964311003378874,4.021865278822841,3.993283562367867,3.9089738928667175,3.9095202153647612,3.944306205330531,4.064825132951559,4.18113809035064,4.281225790906865,4.291904276555783,4.298419072253471,4.445991433103479,,,3.925269580702123,4.007017358436659,4.005193238445162,3.963824628340755,3.91337416703894,4.143029365235274,4.195228331548292,4.19582609932696,4.288013640584132,4.315393410054762,4.328173914785762,4.520421317742096,4.52124970093997,4.531993868016479,4.533980000807559,4.535035161442029,4.541179384581347,4.553076453386473,4.544607725583906,4.536045221961666,,4.064825132951559,4.281225790906865,4.102533748620768,4.304896628448017,"rgba(38, 166, 154, 0.75)",0.10923682842650144,4.025845250589416,-0.6485473041455377,56.882241195305625,15.47485051530623,True,False,True,False,False,0.0,0.0,0.0,0.0,0.0,0,1.0062370062370063,0.9244629244629248,False,False,False,False,0.03598702174538655,0.06354707293366124,False,False,False,False,96052.0,71881.07897604538,False,False,False,False,2654.6377392432014,False,False,False,False
2025-09-11 17:00:00+00:00,3.955,3.96,3.94,3.95,351.0,,4.025629433129861,3.964270864963056,4.021738966421466,3.993225452959875,3.9090110950936685,3.9095568083678023,3.9443104119657835,4.064757508744493,4.181032333768722,4.281098800331621,4.291775503057798,4.298289210918276,4.445835436077471,,,3.9253987972073787,4.006901691865482,4.005111731451837,3.963808205485743,3.9134040540006465,4.142932965490814,4.195119538445854,4.195717198769535,4.287885495726985,4.315261439488965,4.3280409817924355,4.520256071022778,4.5210848986818,4.531831814977409,4.533818813438611,4.534874872831632,4.541021125471525,4.5529208317373895,4.544461416986857,4.535910097846397,,4.064757508744493,4.281098800331621,4.102348601984607,4.304788102136005,"rgba(38, 166, 154, 0.75)",0.10948692792924465,4.025720085075966,-0.691590188053309,54.74961110313954,13.223019488161945,True,False,True,False,False,0.0,0.0,0.0,0.0,0.0,0,1.0062717770034841,0.92404181184669,False,False,False,False,0.01407669386372511,0.038811883398693174,False,False,False,False,95701.0,72250.38007719196,False,False,False,False,2618.922425456485,False,False,False,False
2025-09-11 18:00:00+00:00,3.95,3.955,3.91,3.925,2799.0,,4.012462039223403,3.963521135383693,4.020470930041152,3.9925557435117294,3.9091617783728383,3.909703122030135,3.9442265954085385,4.06412759779534,4.180119735526773,4.280028645260491,4.290692188749799,4.297197836325105,4.444544926518058,,,3.925582842688923,4.005677461613857,4.004237496638696,3.9634909432680243,3.9135113479403714,4.142088338274503,4.1941849196223435,4.194781823113375,4.286806807674526,4.3141550229317795,4.3269283560029566,4.518895656587029,4.519728195489644,4.530498457963984,4.532492700222105,4.533556208682494,4.539719532103213,4.551641646246323,4.543258104629396,4.534798089807754,,4.06412759779534,4.280028645260491,4.100677867242082,4.303801697575066,#000000,0.10991511876593482,4.024477178946787,-0.9050363595441763,52.140220248917345,10.459342785575025,True,False,False,False,False,0.0,0.0,0.0,0.0,0.0,0,1.0020862308762168,0.9207232267037552,False,False,False,False,-0.017709229079992384,0.010551327159350395,False,False,False,False,92902.0,72570.56023103395,False,False,False,False,2621.7143258370047,False,False,False,False
2025-09-11 19:00:00+00:00,3.925,3.945,3.92,3.94,2838.0,,4.00297238769461,3.962902224804956,4.019289626534462,3.991944163633915,3.9093485012456033,3.909885374065905,3.9441721254355406,4.063518480042859,4.179219533773051,4.27896562411794,4.289615518895813,4.296112817584344,4.443255662769688,,,3.9259498860109336,4.0045547619980475,4.003429934516961,3.9632224089412604,3.9136512919362985,4.141258785314164,4.193261790527921,4.193857896858469,4.285734942160518,4.313054176709621,4.325820691152366,4.517534331690031,4.518370541905047,4.529163747853503,4.531165152803373,4.532236055987178,4.538416228547473,4.550360379092603,4.542052736587984,4.533684034106588,,4.063518480042859,4.27896562411794,4.099323233892207,4.302838988735018,#000000,0.11017185592443317,4.0234726072005245,-0.7576581741327689,51.20515005554183,9.186271767117333,True,False,False,False,False,0.0,0.0,0.0,0.0,0.0,0,1.0027913468248428,0.9253314724354502,False,False,False,False,-0.024631906879514675,-0.00704028986008214,False,False,False,False,95740.0,72929.77635148303,False,False,False,False,2625.0675921030975,False,False,False,False
2025-09-12 14:00:00+00:00,3.95,3.96,3.91,3.955,766.0,,4.001010153769013,3.96277857173626,4.019001135349144,3.9918003795656793,3.909411415883699,3.9099470548243125,3.9441681395221653,4.063363534900294,4.178984295515278,4.278685366693206,4.289331475081269,4.295826461099058,4.442913346786584,,,3.92611350457552,4.004286283558215,4.003236106672786,3.9631677112595196,3.913700450048029,4.141043219972553,4.193020158770958,4.193616040110293,4.2854522328726565,4.312763364048547,4.3255278768435526,4.517172178422092,4.518009354912996,4.528808553746436,4.530811842629626,4.531884699416627,4.538069294030646,4.550019203038532,4.541731779829573,4.533387390504871,,4.063363534900294,4.278685366693206,4.0990170254404585,4.302591062263202,#000000,0.11030771864556448,4.023251329854722,-0.6187357575041887,51.403658924820654,8.86906612680842,True,False,False,False,False,0.0,0.0,0.0,0.0,0.0,0,0.9979094076655053,0.9254355400696865,False,False,False,False,-0.02134658679664324,-0.01419343832836269,False,False,False,False,96506.0,73295.29919874686,False,False,False,False,2596.244838737158,False,False,False,False
2025-09-12 15:00:00+00:00,3.955,3.965,3.925,3.94,615.0,,3.9995651199739273,3.9626880870231926,4.018776019620838,3.9916893511879277,3.909464352171384,3.9099989965427113,3.9441670745990858,4.063241118474147,4.178797090235511,4.278461803760203,4.289104851295202,4.295597968493413,4.4426397615358555,,,3.9262562391895246,4.004078076226658,4.003085554751855,3.9631273850887268,3.913742137717378,4.140871929243766,4.1928277791698,4.1934234778598185,4.285226688263171,4.312531255246383,4.325294126616805,4.516882586275935,4.517720532873516,4.528524497630151,4.5305292877250904,4.531603703203408,4.537791819402045,4.549746308679997,4.541475055894467,4.533150108936165,,4.063241118474147,4.278461803760203,4.098783968839492,4.302394427499733,#000000,0.11061771684172249,4.023084218479874,-0.7510932321877091,50.63971778776266,7.552845529240571,True,False,False,False,False,0.0,0.0,0.0,0.0,0.0,0,0.997204751921733,0.9315164220824599,False,False,False,False,-0.008209203665799135,-0.011201320997080912,False,False,False,False,95891.0,73645.62014140195,False,False,False,False,2565.527864493171,False,False,False,False
2025-09-12 16:00:00+00:00,3.94,3.94,3.89,3.89,1481.0,,3.994279173710363,3.962067280232456,4.017978546269612,3.9912228927266953,3.909453877921788,3.9099865584961657,3.9440522284511377,4.062857513100508,4.178277482176925,4.277865886653925,4.288502585156695,4.294991795012111,4.441933869630468,,,3.9258728659020043,4.003283321305472,4.002505510828033,3.9628522958557055,3.913718248594526,4.140384314398072,4.192297812085904,4.19289316752141,4.284626646959519,4.311918109208125,4.324678473546236,4.516141902481893,4.516981878300074,4.5277987935550845,4.529807553904383,4.530886019199101,4.537083536352028,4.549050475383325,4.540819891854925,4.532544012990012,,4.062857513100508,4.277865886653925,4.097959206887603,4.301807241511292,"rgba(239, 83, 80, 0.5)",0.1114139267015541,4.022400871458863,-1.188369132824179,47.46304834592222,4.063859067198742,True,False,False,True,False,0.0,0.0,0.0,0.0,0.0,0,1.0007007708479327,0.933426769446391,False,False,False,False,-0.047648022755336805,-0.02942467187620886,False,False,False,False,94410.0,73967.5485113027,False,False,False,False,2548.7134789971524,False,False,False,False
2025-09-12 17:00:00+00:00,3.89,3.91,3.88,3.89,927.0,,3.99080758053546,3.9615938060418703,4.017426029796885,3.9908878884200365,3.9094161891599257,3.9099477422296443,3.943955190149305,4.062597943025776,4.177937336887472,4.277480493097308,4.2881134440242485,4.294600339724814,4.441481994701865,,,3.9254790935080885,4.002724682561431,4.002095964398977,3.962640931030903,3.9136752591743282,4.1400627811169,4.191951650079274,4.192546811948139,4.284238815678098,4.311522669392423,4.324281777081989,4.5156690793324215,4.516510360594017,4.527335683727033,4.52934700132829,4.530428061157018,4.536631650805092,4.5486066750532546,4.540401886000984,4.532157167472719,,4.062597943025776,4.277480493097308,4.097403536753432,4.301415400072068,"rgba(239, 83, 80, 0.5)",0.11154120961078752,4.021924174840259,-1.1827393238839328,45.34526871802858,1.693942080314521,False,False,False,True,False,0.0,0.0,0.0,0.0,0.0,0,0.999298245614035,0.9375438596491228,False,False,False,False,-0.0740155120901395,-0.05172009198317418,False,False,False,False,94410.0,74284.4857436856,False,False,False,False,2523.5706343615375,False,False,False,False
2025-09-12 18:00:00+00:00,3.895,3.905,3.865,3.87,364.0,,3.9893311736642385,3.9613737006185636,4.0171872459119164,3.9907390768958537,3.9093892091745044,3.909920357791222,3.9439071787129967,4.062488224625717,4.177797748986174,4.277324128681401,4.2879556979185685,4.294441737097392,4.441300451889275,,,3.925264009250719,4.002480326087352,4.001916377409524,3.962542387502636,3.913647396308075,4.1399299446508016,4.191809884323881,4.192404978652353,4.284081551039805,4.311362654221946,4.32412139466108,4.515479641182664,4.5163214500037485,4.527150201307132,4.529162553516473,4.530244657474113,4.5364507106974035,4.54842903207833,4.540234518364724,4.532002227214617,,4.062488224625717,4.277324128681401,4.097165840920602,4.301251794797369,"rgba(239, 83, 80, 0.5)",0.11201282905930934,4.021714984459793,-1.3544429306348633,42.88921291991911,-0.9318229822294057,False,False,False,True,False,0.0,0.0,0.0,0.0,0.0,0,0.9985964912280703,0.936842105263158,False,False,False,False,-0.14184258398082794,-0.09678133798200106,False,False,False,False,94046.0,74590.86580967497,False,False,False,False,2490.0889191001183,False,False,False,False
2025-09-12 19:00:00+00:00,3.87,3.875,3.84,3.865,3130.0,,3.9760365967136306,3.9590755266804756,4.014873287837671,3.989247595374082,3.9090027366803515,3.909530901308237,3.9433690123932403,4.06144737461557,4.176522571941602,4.275917200457119,4.286538017161028,4.2930173469116975,4.439688763557917,,3.8600000000000003,3.9227136472027677,4.000081951196775,4.000143859677126,3.9615016315973244,3.913268406524581,4.138705813099511,4.190518300746258,4.191112920077625,4.282667598028198,4.309928012258937,4.322685155433577,4.513804208348642,4.514650730898791,4.525510476165048,4.527532087435488,4.528623469574378,4.534851652385116,4.5468597956558465,4.538755343925193,4.530632167998273,3.8600000000000003,4.06144737461557,4.275917200457119,4.094943610125586,4.278787963249022,"rgba(239, 83, 80, 0.5)",0.111866353659522,4.003133126500325,-1.2348049434126427,40.98623174495399,-3.000278532850132,False,False,False,True,False,0.0,1.0,3.875,3.84,0.0,0,0.9928926794598435,0.9545131485429993,False,False,False,False,-0.24397844812678995,-0.1703798930543955,False,False,False,False,90916.0,74843.96866533892,False,False,False,False,2500.0100211295735,False,False,False,False
2025-09-15 14:00:00+00:00,3.92,3.935,3.88,3.92,705.0,,3.974579936230768,3.9588346748720307,4.014532210482235,3.9890487581433254,3.909007423619657,3.9095346477335986,3.943323279716317,4.061274159215289,4.176283415667747,4.275640815904805,4.286258516567095,4.292735932630004,4.4393592250657345,,3.8694980443285534,3.9226172619489623,3.9997479940065745,3.9998956526122007,3.961387965041921,3.9132658618918006,4.138482406138311,4.190274030502552,4.190868477028645,4.282389191540514,4.309643094161485,4.322398870343403,4.513457744170258,4.5143051987056655,4.525170843277488,4.527194277470109,4.528287528593367,4.534520018629353,4.546533841250522,4.538448355637152,4.5303480619615,3.8694980443285534,4.061274159215289,4.275640815904805,4.094647153526815,4.278987367582873,"rgba(239, 83, 80, 0.5)",0.11051651867887016,4.003371072955316,-0.7543765760263307,44.033907978016856,-3.000278532850132,False,False,False,True,True,0.0,0.0,0.0,0.0,0.0,0,0.9821045096635648,0.9584824624194704,False,False,False,False,-0.15805312132618435,-0.1642165071902899,False,False,False,False,91621.0,75104.0776782794,False,False,False,False,2472.1804083988823,False,False,False,False
2025-09-15 15:00:00+00:00,3.92,3.92,3.88,3.885,1343.0,,3.971291144823625,3.958222816183012,4.0137843998590075,3.988591809417003,3.9089606330287268,3.909486240958878,3.943190849617188,4.06090865989483,4.175800404977016,4.2750914160677755,4.285703590938308,4.292177599689489,4.438712811421461,,3.8761123986095023,3.9221657435023443,3.9989996826106067,3.999338065816747,3.961100760111287,3.9132107496781714,4.138026855018657,4.18978212077984,4.190376276689922,4.281836200167867,4.309078778961066,4.32183252442751,4.512780595870309,4.513629892906147,4.524507345374227,4.5265343890053416,4.527631314113297,4.533872365085277,4.545897557838715,4.537848856421693,4.529793010756185,3.8761123986095023,4.06090865989483,4.2750914160677755,4.093994028990486,4.27877883255927,"rgba(239, 83, 80, 0.5)",0.10984046580347367,4.003152426081856,-1.075673024668835,43.91692853361418,-3.000278532850132,False,False,False,True,True,0.0,0.0,0.0,0.0,0.0,0,0.9706303724928367,0.9613180515759314,False,False,False,False,-0.17076580259948645,-0.1674911548948882,False,False,False,False,90278.0,75339.33228791849,False,False,False,False,2454.67373540045,False,False,False,False
2025-09-15 16:00:00+00:00,3.885,4.0,3.875,3.995,3817.0,,3.9697539516439946,3.9581815476397244,4.012786540098679,3.9881569616127623,3.909409291641106,3.909928644015197,3.9432950002666014,4.060261448965127,4.1747361305681645,4.2737905032138555,4.28438255502765,4.290844317823348,4.437091388075469,,3.910295349268112,3.923697699758809,3.9981572553946885,3.998702989586746,3.9610469026116903,3.9135802326133975,4.137067555220508,4.188683555420572,4.189276467438365,4.280522281645589,4.307720879398947,4.3204624246963785,4.51105541626199,4.511909116025749,4.522813178318204,4.524848792233843,4.525954738651968,4.532215767097183,4.544266604592969,4.536313939521417,4.528373492881396,3.910295349268112,4.060261448965127,4.2737905032138555,4.093278329276282,4.279379268506596,#000000,0.10827579899795144,4.0044842125264495,-0.08759309664968454,49.70639952458454,-6.19933398998225,True,False,False,False,True,1.141768392116898,0.0,0.0,0.0,0.0,0,0.980769230769231,0.9480056980056981,False,False,False,False,-0.1076641344998644,-0.1375776446973763,False,False,False,False,94095.0,75630.11783384222,False,False,False,False,2475.795072836102,False,False,False,False
2025-09-15 17:00:00+00:00,3.995,4.05,3.985,3.985,5765.0,,3.9748111488707756,3.960048776631751,4.012629211612583,3.9885300719937655,3.9107714165864995,3.911279543898408,3.9440262049724013,4.059763540807203,4.173512257836882,4.272152330772839,4.282708682703177,4.289148873452925,4.434915776162184,,3.947936314363144,3.928912261384326,3.9984055510002996,3.9988780651812204,3.961868722377945,3.9147604647531424,4.136034046067178,4.1873971925419955,4.187987724809173,4.278861108159133,4.305978997993741,4.3186942217261235,4.508703168902045,4.509562439776603,4.520497771680657,4.5225441508469375,4.5236618785390785,4.529947477607514,4.542028499056281,4.534209639956343,4.526429151248414,3.947936314363144,4.059763540807203,4.272152330772839,4.093407525869337,4.280157087998633,"rgba(38, 166, 154, 1.0)",0.10811872019985155,4.0070832767658064,-0.20425026050055753,52.93325459384378,-3.179105546215254,True,False,True,False,True,0.6571156885264848,0.0,0.0,0.0,0.0,0,0.9928263988522237,0.9540889526542324,False,False,False,False,0.024754966757002377,-0.05641133897018696,False,False,False,False,88330.0,75827.01523176715,False,False,False,False,2526.7904980634494,False,False,False,False
2025-09-15 18:00:00+00:00,3.98,3.985,3.94,3.94,1602.0,,3.9740845752920806,3.959995318290173,4.012220441319501,3.988343300915514,3.9109428808815125,3.9114485458882897,3.944061278030486,4.059493779059361,4.173070983646925,4.271612772193637,4.282160726350939,4.288595806883992,4.434242640075971,,3.9486279183473902,3.929360059574195,3.998056434175469,3.998611638587249,3.9618345091479332,3.9149017411981295,4.135636212160494,4.186941686833862,4.187531701039326,4.278316123967656,4.30541559325159,4.318125623967375,4.507986538286492,4.508847603100704,4.519793715471152,4.521843587572297,4.5229650049747745,4.529258736515922,4.54135016814859,4.533570875718834,4.52583796801574,3.9486279183473902,4.059493779059361,4.271612772193637,4.093097926832952,4.279753020955009,"rgba(38, 166, 154, 1.0)",0.10779539343980785,4.006941396689505,-0.6210042428843149,52.40102366964233,-3.179105546215254,True,False,True,False,True,0.0,0.0,0.0,0.0,0.0,0,0.9841155234657039,0.9617328519855595,False,False,False,False,-0.06609614953721187,-0.06125374425369941,False,False,False,False,86728.0,75996.0227475537,False,False,False,False,2512.4526608841707,False,False,False,False
2025-09-15 19:00:00+00:00,3.94,3.945,3.905,3.925,2687.0,,3.971240151253739,3.959384658678875,4.011194969516642,3.9877569707116463,3.9110336958255316,3.9115358413186283,3.9439596409797466,4.058915408863912,4.172233559848556,4.2706265314896505,4.281161852660999,4.287589205711391,4.43304742172348,,3.945295028610425,3.9292380436593906,3.997083979398568,3.99786950670739,3.9615293229481465,3.91496085903151,4.134862673733547,4.186083370629127,4.186672652050883,4.277321704403253,4.304394100952363,4.317097446903776,4.506723721699881,4.5075880308406,4.518554228422803,4.52061043966409,4.5217384442702215,4.528047066988555,4.540157899346799,4.53244725809429,4.524797163235786,3.945295028610425,4.058915408863912,4.2706265314896505,4.092283069890984,4.2787177591234,#000000,0.1072898322680403,4.006148940983179,-0.7563525757076979,51.21839624144873,-3.179105546215254,True,False,False,False,True,0.0,0.0,0.0,0.0,0.0,0,0.9788937409024746,0.9679767103347892,False,False,False,False,-0.12857897539889437,-0.0949163598262969,False,False,False,False,84041.0,76120.75107704899,False,False,False,False,2515.15882118054,False,False,False,False
2025-09-16 14:00:00+00:00,4.005,4.08,3.97,4.07,2279.0,,3.974461391932357,3.9605603764569355,4.011479377058792,3.9881639293832167,3.9117365103125508,3.9122339095533323,3.944392026171165,4.058846668006138,4.171856034602275,4.270071295692785,4.2805911588020855,4.287009205218186,4.43226654869005,,3.955414713053263,3.931806093901012,3.9975630851727386,3.9982267055058087,3.9620769095728474,3.915578652866816,4.134568116119744,4.185678501357981,4.186266715323978,4.276756526957913,4.303793318503733,4.316484132125297,4.505867825442753,4.506734007597491,4.517709890076994,4.5197696950204955,4.520901789424805,4.527218435144872,4.539338645482276,4.531677305122671,4.524085931659452,3.955414713053263,4.058846668006138,4.270071295692785,4.092589879375374,4.278929380734902,"rgba(38, 166, 154, 1.0)",0.10612346201093001,4.007217098996416,0.5916024582492216,56.30720976737367,0.24577146468229216,True,False,True,False,True,4.4617448042953,0.0,0.0,0.0,0.0,0,0.981335247666906,0.9454414931801868,False,False,False,False,0.037141978247759326,-0.028887190789268786,False,False,False,False,86320.0,76278.8789673273,False,False,False,False,2511.497444107974,False,False,False,False
2025-09-16 15:00:00+00:00,4.07,4.095,4.025,4.05,6985.0,,3.984782858786311,3.96467251458406,4.0128066601066426,3.9897612975018113,3.9141174660517146,3.9145999937458735,3.9459201869609313,4.058822653842128,4.170856828486522,4.268508143475048,4.278978733113616,4.285367157257468,4.429993302169211,,3.980394224090229,3.9400902039007093,3.9995184888716264,3.999706849997221,3.9640576197442656,3.9176833153228587,4.133833722478654,4.184591845183904,4.185176611101145,4.275161709296728,4.302084118038077,4.314733458802316,4.503357153087896,4.504228581978828,4.515230145756027,4.51729997154721,4.518443746385155,4.524782446396283,4.536927570672699,4.5294118592916774,4.521993596599891,3.980394224090229,4.058822653842128,4.268508143475048,4.0937836766216416,4.279462249454448,"rgba(38, 166, 154, 1.0)",0.10561454650013201,4.0104871754458085,0.37412293915537453,58.574474459083746,2.420121931647202,True,False,True,False,True,3.5089397292724485,0.0,0.0,0.0,0.0,0,0.9907142857142857,0.9385714285714286,False,False,False,False,0.09516110520362461,0.033136957207177915,False,False,False,False,79335.0,76326.26068876409,False,False,False,False,2580.8540728814937,False,False,False,False
2025-09-16 16:00:00+00:00,4.05,4.06,3.96,4.015,770.0,,3.9851498764819224,3.9648931322997125,4.012802980766275,3.9898174613745367,3.9142938076601945,3.914774968493094,3.9460186862427316,4.058765460587281,4.1707047498760375,4.268300921230207,4.278766713328876,4.285152240427462,4.4297143875599785,,3.981222191658357,3.940609900990099,3.9995626334178076,3.9997401490716777,3.9641672648565467,3.9178376110836317,4.133706895776877,4.184431431250541,4.18501587662511,4.274951398779476,4.301862864894174,4.314508513476781,4.5030543935786875,4.503926501451571,4.514931754302663,4.517002890152827,4.51814812261471,4.524489788813508,4.536638490099067,4.529139800686064,4.521741896624649,3.981222191658357,4.058765460587281,4.268300921230207,4.093781183563716,4.2793662081049915,"rgba(38, 166, 154, 1.0)",0.1038763558144653,4.01060296651252,0.042329493107488576,58.17419492458278,2.420121931647202,True,False,True,False,True,1.8631434378317948,0.0,0.0,0.0,0.0,0,0.9893314366998577,0.9395448079658607,False,False,False,False,0.012375546156288882,0.022756251681733397,False,False,False,False,78565.0,76360.96982537239,False,False,False,False,2552.7788159375946,False,False,False,False
2025-09-16 17:00:00+00:00,4.02,4.05,4.01,4.025,882.0,,3.9858147708493363,3.965232452602874,4.012860184473696,3.989930246147107,3.914529456875798,3.9150089633995835,3.946159703055107,4.058723240880703,4.170549125509624,4.268079356571732,4.278539395492453,4.284921454535328,4.429408079149277,,3.9826088770231935,3.9413334642576587,3.999681892166676,3.9998310493395532,3.9643360906935885,3.9180450118962,4.133581740264732,4.184265740563566,4.184849794631868,4.274726133418392,4.301624374991351,4.314265416605671,4.502719801127015,4.503592636839519,4.514601699518608,4.516674234775836,4.517821051608857,4.524165854257946,4.536318252360515,4.528838546661009,4.5214633012242915,3.9826088770231935,4.058723240880703,4.268079356571732,4.093827417657125,4.279302141153621,"rgba(38, 166, 154, 1.0)",0.1020151463758504,4.010812246223144,0.1390749734807543,58.31062203694129,2.623490569463087,True,False,True,False,True,2.3074195196565874,0.0,0.0,0.0,0.0,0,0.9920749279538903,0.9560518731988473,False,False,False,False,0.04540608520923035,0.03408116844548187,False,False,False,False,79447.0,76408.81525443638,False,False,False,False,2526.8752684036785,False,False,False,False
2025-09-16 18:00:00+00:00,4.03,4.03,3.995,4.0,1381.0,,3.9863448677519258,3.965590412672447,4.012834226745336,3.9900142385174786,3.914831976535099,3.9153090927720795,3.946326029656378,4.058614019116976,4.170271965638547,4.267704388315063,4.278155913757489,4.28453282997854,4.428905542525321,,3.9837422105957168,3.942187718310206,3.9997376805503664,3.999873161441653,3.964516599575172,3.9183095858999315,4.133349247889373,4.183973829714125,4.184557317412632,4.2743456844384005,4.301224524918714,4.313859047890196,4.502174808916161,4.503048866617161,4.514064593240174,4.516139487585742,4.51728892480421,4.52363907495022,4.535797937285073,4.528348763045186,4.521010053168603,3.9837422105957168,4.058614019116976,4.267704388315063,4.0938027310755905,4.2791042437261435,"rgba(38, 166, 154, 1.0)",0.09919050739235502,4.010979243065061,-0.11068844543391733,56.95798771643467,2.623490569463087,True,False,True,False,True,1.127714660490799,0.0,0.0,0.0,0.0,0,0.9826714801444043,0.9545126353790615,False,False,False,False,0.016501410971075065,0.025291289708278465,False,False,False,False,78066.0,76434.5080411893,False,False,False,False,2509.1097603664125,False,False,False,False
2025-09-16 19:00:00+00:00,4.0,4.065,3.995,4.05,5164.0,,3.9904160856872797,3.9677312487119356,4.01333451219033,3.990797067071331,3.916283721524091,3.9167511463122437,3.947220793343922,4.058437563898567,4.1694237864821675,4.266463927644227,4.276881116038357,4.283237349988598,4.427162861574128,,3.991227882771843,3.946487173612274,4.000607176293215,4.000542221424054,3.965606759731478,3.919592417141191,4.13268278921835,4.183065518622094,4.183646654615239,4.273083147062161,4.29988267718005,4.312489058143776,4.500263824961111,4.50114192271818,4.512178196469845,4.514260841238805,4.515419168405642,4.521786560400039,4.533965391676815,4.526624789146925,4.519415560916254,3.991227882771843,4.058437563898567,4.266463927644227,4.0941647061897815,4.278760463416636,"rgba(38, 166, 154, 1.0)",0.09712173099068354,4.0122734189913345,0.3884463407297001,58.23090323699938,3.1197533753368205,True,False,True,False,True,3.358813852847142,0.0,0.0,0.0,0.0,0,0.9849029475197699,0.9460819554277499,False,False,False,False,0.04540608520923187,0.03534868745875516,False,False,False,False,83230.0,76539.86450566698,False,False,False,False,2550.2708493529794,False,False,False,False
2025-09-17 14:00:00+00:00,4.06,4.065,4.015,4.03,671.0,,3.9908972351421195,3.967999994189998,4.0133979805842035,3.990896861834699,3.916469822531559,3.9169360119286964,3.947335757708102,4.058414843731772,4.169314365673554,4.266303721797507,4.276716458696196,4.283070011304328,4.42693755716312,,3.9920479097747052,3.9470172787375457,4.00071716023849,4.000627375691191,3.9657459992991493,3.919757067143982,4.13259686479739,4.182948316118897,4.183529147538603,4.27292007942545,4.2997093187227104,4.312312037865979,4.500016666653422,4.500895282359144,4.511934175624293,4.514017813808166,4.51517728336349,4.52154688248191,4.533728261672891,4.5264016664653255,4.519209146095248,3.9920479097747052,4.058414843731772,4.266303721797507,4.0942069709450655,4.2787074158989515,"rgba(38, 166, 154, 1.0)",0.09554372613416155,4.012428444037414,0.18391114386634463,57.85781106906775,3.1197533753368205,True,False,True,False,True,2.404616682763155,0.0,0.0,0.0,0.0,0,0.9849570200573066,0.9469914040114613,False,False,False,False,0.06195404667399319,0.04865136706637418,False,False,False,False,82559.0,76633.18443581168,False,False,False,False,2521.134867192468,False,False,False,False
2025-09-17 15:00:00+00:00,4.03,4.05,3.99,4.05,1445.0,,3.991754062729042,3.9685161786566177,4.013494668509883,3.9910792135018838,3.916846523717895,3.917310131944733,3.947563931380341,4.0583511273878425,4.169067527026754,4.265949481578155,4.27635280767073,4.28270068804251,4.426444972223604,,3.9934676987866546,3.9480546255684454,4.000908244520712,4.000775727982273,3.966015993718833,3.920089943629383,4.13239952452769,4.182685082622876,4.183265274566339,4.27255978780585,4.299327323024066,4.311922393501677,4.49947765928122,4.500357415379392,4.511402166301245,4.513487995091225,4.514649966729998,4.521024453349142,4.533211530010925,4.525915329121077,4.51875909712699,3.9934676987866546,4.0583511273878425,4.265949481578155,4.09426394725923,4.2785598682212385,"rgba(38, 166, 154, 1.0)",0.09464219008529019,4.012706390195095,0.39404846581949116,58.51734883680808,4.09741094599984,True,False,True,False,True,3.295600869232981,0.0,0.0,0.0,0.0,0,0.985,0.947857142857143,False,False,False,False,0.028882939217516116,0.03876715314194515,False,False,False,False,84004.0,76747.46064610916,False,False,False,False,2504.450605685608,False,False,False,False
2025-09-17 16:00:00+00:00,4.05,4.05,4.035,4.04,996.0,,3.9924967010750763,3.96893356362928,4.013607305386176,3.9912412969652937,3.9171313432151957,3.9175931129967534,3.947742627899588,4.058325379683485,4.168912127016321,4.265717973431166,4.276114617066763,4.282458474079217,4.426116128403009,,3.994679302744266,3.948854337315985,4.00109074820023,4.00091758825476,3.9662344692807108,3.920342449423599,4.132279391531263,4.1825179932286,4.1830977261387154,4.272323984724773,4.2990760312025,4.311665535890765,4.499116069620729,4.499996570763898,4.511045020074006,4.5131322757650745,4.514295901658647,4.520673543400917,4.532864220687228,4.525588537336677,4.518456765262905,3.994679302744266,4.058325379683485,4.265717973431166,4.094337742372871,4.278488022024107,"rgba(38, 166, 154, 1.0)",0.0941474308663534,4.012948413544878,0.2873321789685682,58.268844711235275,4.2221416835841055,True,False,True,False,True,2.808373965124126,0.0,0.0,0.0,0.0,0,0.9899497487437184,0.9504666188083274,False,False,False,False,0.06609598381536837,0.05243156847865676,False,False,False,False,83008.0,76844.52327175088,False,False,False,False,2481.063774589707,False,False,False,False
2025-09-17 17:00:00+00:00,4.04,4.085,4.035,4.085,6287.0,,3.9990076655559808,3.972389154616752,4.01495445706082,3.992769544626137,3.919278263474994,3.9197276722802723,3.949170985724972,4.058421928218757,4.168143637084725,4.264440219439417,4.274791938570973,4.281108807424377,4.424196372055098,,4.004765841120477,3.9549675282398518,4.002939071861305,4.002362267169311,3.968062356668795,3.9222575137596185,4.131749385219249,4.181670319285317,4.182246899764594,4.271017386142434,4.297664219049566,4.310214415123692,4.496979030964596,4.49786363304125,4.508930467565112,4.511025511890196,4.51219854394557,4.51859297004459,4.530801600137483,4.523648994345738,4.516663422088185,4.004765841120477,4.058421928218757,4.264440219439417,4.095261588164098,4.278410541782234,"rgba(38, 166, 154, 1.0)",0.09422572093904372,4.015115181190805,0.7416745461083227,60.19630284908017,6.357592441171079,True,False,True,False,True,4.813914119280653,0.0,0.0,0.0,0.0,1,0.9964080459770115,0.9396551724137933,False,False,False,False,0.09516110520362461,0.07379633684114069,False,False,False,False,89295.0,77037.55391870048,False,False,False,False,2540.070537774363,False,False,False,False
2025-09-17 18:00:00+00:00,4.1,4.115,3.97,4.015,3551.0,4.033333333333334,4.000595214837391,3.9735627851652597,4.015206486941545,3.9932186976076096,3.9201856892987537,3.9206290909551367,3.949730295555748,4.0582859642107865,4.167564352649618,4.263598303023091,4.2739268928204375,4.280229823394134,4.423015387338202,,4.006816855371343,3.9571686164084148,4.003403738687928,4.002732647881285,3.968715767504233,3.923063471824622,4.131290808442257,4.181050934505445,4.181625944227465,4.2701606031475015,4.296753874493533,4.309284926480436,4.4956835460468305,4.496570795373556,4.507650868600661,4.509750990355786,4.5109298919693215,4.51733557304254,4.529557115526369,4.522477110686479,4.515578229959128,4.006816855371343,4.0582859642107865,4.263598303023091,4.090934451223648,4.277981062406435,"rgba(38, 166, 154, 0.75)",0.09352833554354317,4.008294201011337,0.07169804690409581,57.07257971927334,6.357592441171079,True,False,True,False,False,1.4430444346918136,0.0,0.0,0.0,0.0,1,0.9887085391672548,0.930134086097389,False,False,False,False,0.06609598381536837,0.06994616032825453,False,False,False,False,85744.0,77172.53757887565,False,False,False,False,2555.7438627701094,False,False,False,False
2025-09-17 19:00:00+00:00,4.015,4.03,3.975,3.98,1058.0,4.0245338829825705,4.000519161838201,3.973685082733903,4.015124264929291,3.993224554914974,3.9203626137906284,3.920804494824526,3.949819753353905,4.058183943265955,4.1673437050572755,4.263307081665063,4.273629480845734,4.27992866580709,4.4226304205524025,,4.006569374612349,3.9574825796498936,4.003365633517905,4.002705193557301,3.968793930842449,3.9232186531716056,4.131101859192335,4.180819761046325,4.181394367975708,4.269865396686329,4.296444559954296,4.308970893552025,4.495267076697131,4.496155232046692,4.507240245532908,4.509342119521082,4.510522968977604,4.516932626259532,4.529158981149509,4.522101759153076,4.51523021863662,4.006569374612349,4.058183943265955,4.263307081665063,4.090221221897251,4.277746830082508,"rgba(38, 166, 154, 0.5)",0.09268458573262588,4.007851496698702,-0.30049761218167953,53.22706474662813,7.337912027532397,False,False,True,False,False,0.0,0.0,0.0,0.0,0.0,0,0.9922589725545391,0.9415904292751585,False,False,False,False,-8.249997932643536e-08,0.034973038914137604,False,False,False,False,84686.0,77289.02536835044,False,False,False,False,2532.523027688402,False,False,False,False
2025-09-18 14:00:00+00:00,4.005,4.035,3.98,3.985,1412.0,4.018780379781875,4.000509911796995,3.9738839239526356,4.0150425750035375,3.9932541585826136,3.920613167468068,3.9210529916163352,3.9499517456272395,4.058059032244004,4.167058625523919,4.262926626437023,4.273240648488641,4.279534767842336,4.422123718500628,,4.0063907503690865,3.9579483360098893,4.003345389019527,4.002692435724871,3.96891729121931,3.9234390707710625,4.130859737512487,4.180520409535134,4.181094468148554,4.269479550289651,4.296039568116781,4.308559422318342,4.494717881964893,4.495607218082439,4.5066985935049235,4.508802748735239,4.509986148656195,4.516400966042822,4.52863352159712,4.5216063927934735,4.514770946151543,4.0063907503690865,4.058059032244004,4.262926626437023,4.089716590918989,4.277452897455397,#000000,0.09182273364701385,4.007590364924233,-0.24602148103186403,50.96202416843308,5.2926556978187875,False,False,False,False,False,0.06101999121823809,0.0,0.0,0.0,0.0,0,0.9901892081289416,0.9425367904695164,False,False,False,False,0.00825010261128417,0.021611570762710888,False,False,False,False,86098.0,77425.59861845353,False,False,False,False,2515.1505776467216,False,False,False,False
2025-09-18 15:00:00+00:00,3.985,4.02,3.945,4.015,2242.0,4.011875832022269,4.000312468043507,3.974114509521895,4.014857975268934,3.9932547040800985,3.92097464009105,3.9214113214695328,3.9501321769780176,4.0578391463471295,4.166589976769634,4.262309526118851,4.272610510200529,4.278896739710463,4.4213089919127455,,4.0058503470427524,3.9585532907830623,4.003250670222432,4.00262287346605,3.9690695896198918,3.9237562157840955,4.130457631878325,4.180029646079103,4.180602858455276,4.268854057323402,4.295384352858149,4.307894260063267,4.493836640817228,4.494727882657203,4.505829636441239,4.507937477991051,4.509124978687634,4.515548159880389,4.527790832826024,4.5208117408467725,4.5140339620579795,4.0058503470427524,4.0578391463471295,4.262309526118851,4.089034894181046,4.276950814561016,#000000,0.09107352736873334,3.9985619535158037,0.18049203713876777,51.23649122377672,5.2926556978187875,False,False,False,False,False,1.4415591488787527,0.0,0.0,0.0,0.0,1,0.9832985386221293,0.9471120389700768,False,False,False,False,-0.033012061164100805,-0.0057002452006949585,False,False,False,False,88340.0,77594.81414374882,False,False,False,False,2510.915684970028,False,False,False,False
2025-09-18 16:00:00+00:00,4.015,4.075,4.0,4.005,2912.0,4.015730052199851,4.001221718027401,3.9749114675554624,4.014986970521115,3.9935510470951723,3.9216526306746102,3.9220847247976534,3.9505434021819497,4.0577022046621645,4.1661014242869,4.261611024416628,4.271893467012679,4.278168515746093,4.4203374628166126,,4.006912240440987,3.960032922793067,4.00353490511245,4.002852766477211,3.9695324733746773,3.924359163435725,4.130064965941764,4.179509175391818,4.1800811392431605,4.26814363791981,4.294631005274196,4.307125606766691,4.492772585511397,4.493665976905463,4.504778504820276,4.506890473447621,4.508082741832742,4.51451508180701,4.526768284522052,4.519848175803884,4.5131409210886195,4.006912240440987,4.0577022046621645,4.261611024416628,4.089321150856736,4.2765353689481245,#000000,0.09024700838542267,4.000088523446424,0.0544225968422171,50.795921573058266,4.989198187759676,False,False,False,False,False,0.9655554373276587,0.0,0.0,0.0,0.0,1,0.9901477832512312,0.9577762139338493,False,False,False,False,0.0578142314646151,0.02605699313196007,False,False,False,False,85428.0,77716.25888570621,False,False,False,False,2517.134046443361,False,False,False,False
2025-09-18 17:00:00+00:00,4.005,4.01,3.97,3.975,3628.0,4.008198563354275,4.000553176343184,3.9750985443245,4.014584337208197,3.99345758936865,3.9221548909480326,3.9225822500348766,3.9507725276000913,4.057306457953235,4.165317031105001,4.2605932356664855,4.270855146862242,4.277117759525593,4.419006321653078,,4.005602818772784,3.960690833993081,4.0032587759281,4.002642601035093,3.9696858084383755,3.9247986064643285,4.129384416148676,4.1786902217054065,4.179260868305462,4.267112630655931,4.293553287033351,4.306032412478576,4.491335760800498,4.4922322511609485,4.503361789008792,4.5054797600305765,4.506678681949158,4.513124674909843,4.525394478875365,4.518551954400911,4.511937963276871,4.005602818772784,4.057306457953235,4.2605932356664855,4.0883998451391035,4.275657647398672,#000000,0.08848413101476137,3.999032658444226,-0.27160416414347355,48.69418057418944,2.8452677262240087,False,True,False,False,False,0.0,0.0,0.0,0.0,0.0,1,0.9886524822695035,0.9553191489361703,False,False,False,False,-0.020628002683868496,0.002714495224045786,False,False,False,False,81800.0,77779.5727014317,False,False,False,False,2534.3567744054794,False,False,False,False
2025-09-18 18:00:00+00:00,3.975,4.05,3.97,4.045,1345.0,4.0093203492692595,4.000870908670487,3.9754164953407813,4.014619416579511,3.993571426428321,3.9224465362895184,3.9228718830299054,3.950946867543676,4.057234681109225,4.165086740144694,4.2602677621917255,4.270521250817326,4.276778782135586,4.418556414437635,,4.005950980550138,3.9612807500863165,4.003359884728421,4.002725266263906,3.9698761466058308,3.9250581485686973,4.129197397476478,4.178445506079944,4.179015589049288,4.26678174347029,4.293202903577541,4.305675091649011,4.490843578290324,4.491741054971286,4.502875546342584,4.504995412534473,4.506196522382702,4.512646724940401,4.524921377104065,4.518105918529067,4.511524320464527,4.005950980550138,4.057234681109225,4.2602677621917255,4.088464965284833,4.275448564936442,#000000,0.08805209350814541,3.9993737311472897,0.5181735837829855,51.39962757413928,2.8452677262240087,False,True,False,False,True,2.7618689556743554,0.0,0.0,0.0,0.0,1,0.9809456598447425,0.9505998588567397,False,False,False,False,0.012375546156288882,0.007545020690167334,False,False,False,False,83145.0,77862.75762078934,False,False,False,False,2515.917134492216,False,False,False,False
2025-09-18 19:00:00+00:00,4.045,4.095,4.045,4.075,1037.0,4.013082533216953,4.001682906956597,3.9759205170933694,4.014836442455258,3.993813655728407,3.9227829581574145,3.92320647012139,3.9511753216101075,4.057257055845759,4.164971413310988,4.2600698849067555,4.270316027380082,4.276569145755718,4.418253841551389,,4.007031070043638,3.962098038235722,4.003647936084497,4.002955465326323,3.970162710769291,3.925360384896504,4.129120489196504,4.178317356544525,4.178886925978838,4.266579152452826,4.29298300333903,4.305448601939785,4.490505172903264,4.491403248378368,4.502540204990833,4.504661203388784,4.505863723669873,4.512316320460483,4.524593400344007,4.51779715071631,4.511238380259469,4.007031070043638,4.057257055845759,4.2600698849067555,4.088852726720728,4.275405235234232,"rgba(38, 166, 154, 0.5)",0.0867564676821313,4.000186324159484,0.8623411929889431,54.59487859164476,0.16630989145009778,False,False,True,False,True,4.084205541202813,0.0,0.0,0.0,0.0,1,0.9915671117357695,0.9409697821503866,False,False,False,False,0.11183885936616841,0.05969194002816788,False,False,False,False,84182.0,77960.73037085462,False,False,False,False,2492.9881866706314,False,False,False,False
2025-09-19 14:00:00+00:00,4.03,4.085,4.005,4.065,2140.0,4.017355239327296,4.002838625796392,3.9767303125676503,4.015123335456668,3.9941816085190127,3.9233798201840013,3.9237998248817574,3.9515662446919912,4.057239227064946,4.164683495654421,4.2596196368195915,4.26985135096664,4.276095787927666,4.41759516864731,,4.00849533985345,3.963445967327938,4.004062211077425,4.0032888188197475,3.9706334847532,3.9258954464563214,4.128907403336416,4.178004460447825,4.17857303801302,4.266119640886839,4.292489700101734,4.30494272354259,4.489775284057197,4.490674715062327,4.5018177800006685,4.503941359810042,4.505146993831976,4.511605169565499,4.523888250205829,4.517132807107861,4.510622680260916,4.00849533985345,4.057239227064946,4.2596196368195915,4.089289977036096,4.275212536881848,"rgba(38, 166, 154, 1.0)",0.08552845793718673,4.001198162192502,0.7459720348793807,56.01393801379983,1.4926179015713643,True,False,True,False,True,3.594852507066104,0.0,0.0,0.0,0.0,1,0.9902166317260656,0.9412997903563941,False,False,False,False,0.07024018675001101,0.06496606338908945,False,False,False,False,82042.0,78024.00586898091,False,False,False,False,2487.5155016059707,False,False,False,False
2025-09-19 15:00:00+00:00,4.065,4.09,3.98,3.98,10352.0,4.01711504981411,4.004229694054388,3.978694103229116,4.015179378436937,3.9948527442912787,3.9254238402045507,3.925829469786219,3.9527686761921084,4.056622811394689,4.162886132322986,4.2571067964592455,4.267274980094562,4.273481067952343,4.414140459261501,,4.00961445682181,3.967057437961452,4.004567169762641,4.003717494327662,3.971884743136974,3.927718199199901,4.127433288971384,4.1760990887083365,4.176663448041712,4.263565968668365,4.28978888555726,4.302189529579603,4.485999187102189,4.486906060601404,4.498086375174907,4.500224263012648,4.501446444871492,4.50793639098096,4.520256008417282,4.513706024730193,4.50744207956655,4.00961445682181,4.056622811394689,4.2571067964592455,4.088971800249574,4.273442978342605,#000000,0.0837117534020979,4.001989821350075,-0.26268499292387315,52.04272296889313,1.4926179015713643,False,True,False,False,False,0.0,0.0,0.0,0.0,0.0,1,0.9847856154910096,0.942600276625173,False,False,False,False,0.05367639476427462,0.05932122907668203,False,False,False,False,71690.0,77925.80422760136,False,False,False,False,2609.4454938291337,False,False,False,False
2025-09-19 16:00:00+00:00,3.985,4.025,3.96,4.025,2171.0,4.016175584024115,4.004211174134278,3.9789456007798405,4.015089846868674,3.994905499808022,3.9257802089368816,3.9261830860806453,3.9529637864690264,4.056453558260099,4.162480847630094,4.256557529534918,4.266712912419814,4.272911262824056,4.4133994322901104,,4.009439085870083,3.9675664408882922,4.004556889804825,4.003714929947012,3.972062999108829,3.928035301048891,4.127092415416643,4.1756722512477324,4.176235774020934,4.263008471844504,4.289201847687983,4.301592140784172,4.485192624510232,4.486101100360446,4.497289630035681,4.499430606810592,4.5006563246549955,4.507153175812335,4.519480857199954,4.512974192345304,4.5067622585330644,4.009439085870083,4.056453558260099,4.256557529534918,4.088769309290041,4.273010443711072,#000000,0.08158221410119759,4.001944567398348,0.28260366374775925,51.81564752062381,1.4926179015713643,False,True,False,False,False,1.61096764573335,0.0,0.0,0.0,0.0,1,0.983402489626556,0.9543568464730289,False,False,False,False,-0.01650157601596801,0.02140982653035701,False,False,False,False,73861.0,77862.78400701839,False,False,False,False,2602.647889273643,False,False,False,False
2025-09-19 17:00:00+00:00,4.03,4.06,4.0,4.015,4165.0,4.017196151389776,4.005003783683173,3.979830126934061,4.015231487041872,3.995260420943543,3.926643323099203,3.927040539395633,3.9534931280875103,4.056263063964349,4.1618141300458245,4.255600000992836,4.265729433482537,4.271912131363487,4.412059973084133,,4.010230218988794,3.96907196218744,4.004878514192755,4.003984066748635,3.972632455277163,3.9288091902923234,4.12655725029755,4.17496146385259,4.17552325309564,4.262034274439895,4.28816719211165,4.30053549955836,4.483722018728261,4.484633258533108,4.495834992252624,4.497981266180668,4.499213232548234,4.505721712793271,4.5180623945227945,4.511635492668175,4.505519072342727,4.010230218988794,4.056263063964349,4.255600000992836,4.088791263821996,4.272367084838698,#000000,0.08158221410119759,4.002472541542294,0.15355624501887694,51.12577557002387,5.811406496473744,False,True,False,False,False,1.148562104909793,0.0,0.0,0.0,0.0,1,0.9855172413793104,0.9496551724137932,False,False,False,False,0.04540608520923035,0.03340795586979368,False,False,False,False,69696.0,77736.16720070802,False,False,False,False,2626.8704026182377,False,False,False,False
2025-09-19 18:00:00+00:00,4.015,4.015,3.97,3.985,7813.0,4.012347807237712,4.004002326561531,3.9801837872563284,4.014572675279999,3.995146562614277,3.927660591214331,3.928048934653803,3.9539895112014536,4.055518708571105,4.160265211961494,4.253555591569887,4.263640863734444,4.269796831277972,4.409347113090314,,4.008468824873238,3.9700528188024147,4.00445200068,4.0036600604572445,3.972975986133124,3.9297118005996214,4.1252275240685226,4.173339040410223,4.1738979929054105,4.259961466092697,4.285992769910282,4.298325965834477,4.480779994229003,4.4816970726804,4.492929256130129,4.495086812417984,4.4963315998314775,4.502865429069866,4.515236045631681,4.508964780967208,4.5030356318912075,4.008468824873238,4.055518708571105,4.253555591569887,4.087719751158904,4.270618708267439,#000000,0.08123162300836144,4.001799214482442,-0.20680633797890036,49.074548334913146,3.7020039209095685,False,True,False,False,False,0.0,0.0,0.0,0.0,0.0,1,0.9814177563661388,0.9545767377838954,False,False,False,False,-0.01650157601596881,0.008453189926912434,False,False,False,False,61883.0,77490.38166271255,False,False,False,False,2707.275512655164,False,False,False,False
2025-09-19 19:00:00+00:00,3.985,3.99,3.9,3.92,8547.0,3.999997040459779,3.9994202142764266,3.9785889668321763,4.0124091890235105,3.9937939185806437,3.927816049008719,3.928197328250941,3.953735621441801,4.054075905762622,4.15808161545206,4.250909522995384,4.2609537172541945,4.267084655797378,4.406046659216134,3.936666666666667,4.0022246189536235,3.9684245559175806,4.0023909210139355,4.00200399608586,3.972206954601062,3.9298222457568075,4.123240088180879,4.171089577212522,4.171646086924333,4.2572889208492075,4.283227993625354,4.295532665891328,4.477256064879291,4.478180612107788,4.489455475216625,4.491627600155874,4.4928882380662385,4.499455640984809,4.511868167093805,4.5057772645648235,4.500066553605783,4.0022246189536235,4.054075905762622,4.250909522995384,4.085079314596555,4.252833677652464,"rgba(239, 83, 80, 1.0)",0.08125989891186884,3.988748208825167,-0.8460287269090586,44.86523003184402,-0.3087129931827093,False,True,False,True,False,0.0,0.0,0.0,0.0,0.0,1,0.9720136518771331,0.9583617747440275,False,False,False,False,-0.09516127170228127,-0.043354040887684415,False,False,False,False,53336.0,77115.89512530615,False,False,False,False,2797.8138768000454,False,False,False,False
2025-09-22 14:00:00+00:00,3.915,4.05,3.9,4.0,12524.0,3.9967812328253487,3.9979615927601815,3.9788307588175122,4.011272287907784,3.9934510033338326,3.9291856256836746,3.929554280855793,3.9543579006094967,4.052839522367509,4.155616285357037,4.247675156202898,4.25765032667319,4.263739466569773,4.401765509082173,3.9644039991773843,4.000089405507524,3.969418934919646,4.001578043048838,4.0013513444364115,3.9725418704609465,3.931039106848556,4.121112177108927,4.1685105950498205,4.169062707666066,4.2540101820927045,4.279789886799454,4.292038916295921,4.472612792424106,4.473546153148206,4.484866124372814,4.487055282818524,4.488335453368966,4.494940982975288,4.507398087227072,4.501547958318977,4.496127475327374,4.000089405507524,4.052839522367509,4.247675156202898,4.083620067789014,4.251426249063343,"rgba(239, 83, 80, 1.0)",0.08103758442899232,3.982697770229245,0.21350870577732425,46.463521538033234,-0.3087129931827093,False,True,False,True,False,0.4923119193416774,0.0,0.0,0.0,0.0,1,0.969778374748153,0.9536601746138348,False,False,False,False,-0.04540625054960964,-0.04438014571864703,False,False,False,False,65860.0,76941.38512336342,False,False,False,False,2948.607460105471,False,False,False,False
2025-09-22 15:00:00+00:00,4.0,4.015,3.97,4.0,8444.0,3.9965761534021444,3.997790972170105,3.9793678972615845,4.010854319966173,3.993484499270571,3.9302623883168843,3.930622520080983,3.9549259621581307,4.052165903024317,4.1541029141662245,4.245632550949714,4.255559965025847,4.261620222156642,4.399006784510078,3.973157264667683,3.9997290286512928,3.970519790164291,4.001394158191641,4.001205101216267,3.9729885899552984,3.932004954847817,4.119832070526454,4.166918453735441,4.167467486751586,4.251936900470097,4.277605465732741,4.289814511477816,4.469604623061601,4.470543375626003,4.481889449156384,4.484088988743081,4.485381353047548,4.492009803921568,4.504492827874584,4.4987982207959085,4.493565026481234,3.9997290286512928,4.052165903024317,4.245632550949714,4.082998075175672,4.250224883868015,"rgba(239, 83, 80, 0.75)",0.08055690171804263,3.9835570675767107,0.2041157501419463,47.529049208826045,-0.3087129931827093,False,True,False,True,True,0.49231191934168805,0.0,0.0,0.0,0.0,1,0.9825386165211552,0.9570181329751511,False,False,False,False,-0.01650157601596881,-0.03044086086730792,False,False,False,False,65860.0,76769.58070284616,False,False,False,False,3033.807344444921,False,False,False,False
2025-09-22 16:00:00+00:00,4.0,4.06,3.99,4.025,4135.0,3.998093172939577,3.9985375305234108,3.9800983401788206,4.011030038212426,3.9938147307212155,3.931015368163824,3.9313709056227726,3.955402328707594,4.0520118495620805,4.15350996157986,4.244762583621156,4.254664877804368,4.260709984361497,4.397768754948256,3.9795278355621595,4.000575934405857,3.9716441895597083,4.00171293831789,4.0014704100581175,3.9734903284155005,3.9326875790701994,4.11936302150368,4.166283598580781,4.166830964711444,4.251050816600946,4.276660200638429,4.288846947172849,4.468237554887137,4.469178527975352,4.480533941190271,4.482737712040151,4.4840353181996555,4.490672802798415,4.503165180791519,4.4975420796300725,4.492394670348952,4.000575934405857,4.0520118495620805,4.244762583621156,4.083056459067632,4.24993829783905,#000000,0.08005983122997788,3.984761948193088,0.5025997580650114,49.51438763317937,-0.3087129931827093,False,True,False,False,True,1.5956136483451289,0.0,0.0,0.0,0.0,1,0.9808481532147743,0.9630642954856362,False,False,False,False,0.037141978247759326,0.003350558690225703,False,False,False,False,69995.0,76664.54844388731,False,False,False,False,3050.880098794612,False,False,False,False
2025-09-22 17:00:00+00:00,4.025,4.09,4.025,4.09,2556.0,4.000336448753831,3.9997015529166133,3.980962842003447,4.011466690715255,3.9942942878675742,3.9316867122282395,3.9320389729516902,3.955874893653713,4.052068862391381,4.153268827565586,4.244333608565426,4.254218798343425,4.260253622616749,4.397096058025152,3.985797151485021,4.001951085561228,3.9728621674190605,4.002264449158717,4.001928083396265,3.974052523964132,3.933300278271606,4.1192074802918,4.166013496771903,4.166559688913459,4.250610881893028,4.276179429834779,4.288350035676335,4.4674789199034235,4.468420937306437,4.479779389173569,4.481985106105821,4.483285386292463,4.489926723648377,4.502422222326206,4.49683983605361,4.491740949754801,4.001951085561228,4.052068862391381,4.244333608565426,4.083400155614149,4.250043464691002,"rgba(38, 166, 154, 1.0)",0.08108359605706643,3.986194286638362,1.280230754548423,53.657314890411044,-1.4250094955364503,True,False,True,False,True,4.370385739380737,0.0,0.0,0.0,0.0,1,0.9829467939972715,0.9570259208731242,False,False,False,False,0.09100025800736555,0.047175408348795626,False,False,False,False,72551.0,76600.77249902084,False,False,False,False,3043.2075391233775,False,False,False,False
2025-09-22 18:00:00+00:00,4.09,4.11,4.06,4.095,2162.0,4.00265108564291,4.000934466592032,3.981845353730815,4.011958955629146,3.9948034089581155,3.93233183356795,3.932681170713167,3.956342078030696,4.052175695985894,4.153113704526682,4.244013432112267,4.253883562482532,4.2599093454016765,4.396563680903635,3.991574966986377,4.003408962579591,3.974079550072333,4.002862939841393,4.002425474471211,3.9746226595779053,3.933890349085856,4.1191280851165075,4.165832731480237,4.166377876870122,4.250281061259843,4.275813462025994,4.287969515460937,4.46687151064981,4.467814280950815,4.479174221963525,4.481381319161555,4.482683635388133,4.489327545209224,4.501824630835836,4.496275273058122,4.491215614561441,4.003408962579591,4.052175695985894,4.244013432112267,4.083800555305537,4.25021980302758,"rgba(38, 166, 154, 1.0)",0.08235098472198533,3.9876016893149986,1.3041533267340386,56.6157925707104,1.3072257849234248,True,False,True,False,True,4.579332678496165,0.0,0.0,0.0,0.0,0,0.9857045609257998,0.955071477195371,False,False,False,False,0.1369751542823751,0.09207528131558537,False,False,False,False,74713.0,76571.50470833834,False,False,False,False,3029.545406733868,False,False,False,False
2025-09-22 19:00:00+00:00,4.095,4.115,4.09,4.11,4852.0,4.008356079927088,4.004084858845894,3.984075911471456,4.013277222296847,3.9961262304383407,3.9339130898432124,3.9342556499010417,3.957509526576492,4.052522643315162,4.152857134483452,4.243376064337786,4.253211377536919,4.2592162764185515,4.395439811706931,4.004308383464445,4.0071163802289,3.9771055598428626,4.004432343474711,4.003733715709673,3.9760662256340513,3.9353395398984325,4.119047017320616,4.165516689205903,4.166059393223847,4.2496214059471304,4.275069872609256,4.287191649011146,4.465575118904781,4.466519323008732,4.477880508043193,4.480090182223875,4.481396621612921,4.488044965154905,4.500543568517184,4.495065466206823,4.490090180771938,4.0071163802289,4.052522643315162,4.243376064337786,4.08487299122137,4.250718823182515,"rgba(38, 166, 154, 1.0)",0.08392805799561256,3.990942009295202,1.4185719716167182,59.208665256175316,3.7083587373760594,True,False,True,False,True,5.211350251648863,0.0,0.0,0.0,0.0,0,0.9856753069577079,0.9590723055934516,False,False,False,False,0.1665221933611221,0.12929873733835373,False,False,False,False,79565.0,76617.91548805403,False,False,False,False,3057.8005167069864,False,False,False,False
2025-09-23 14:00:00+00:00,4.3,4.41,4.265,4.395,1451.0,4.014066992854748,4.007248230020096,3.986083133463527,4.014726080774183,3.9974158969011353,3.935067702039501,3.9354067178988315,3.9584447630920017,4.053118859121756,4.153181635631443,4.243531188258804,4.253350871487026,4.259346487625376,4.39539516806089,4.015753658227187,4.010890002430447,3.9797111110059786,4.0060435029317185,4.005074731350331,3.977322298416598,3.936403973379253,4.119454068889092,4.165813209561627,4.166354709898877,4.2497665612193884,4.27517596049797,4.287279865504195,4.465458565479638,4.46640219381204,4.477755305138919,4.479963695926753,4.481269643150313,4.487913980622461,4.500404800220505,4.4949376131275365,4.489974011619464,4.010890002430447,4.053118859121756,4.243531188258804,4.086170266230665,4.251778339200468,"rgba(38, 166, 154, 1.0)",0.0975901985183085,3.9941127319489818,4.107864049234504,67.050152767823,10.862996329483082,True,False,True,False,True,15.55496080777306,0.0,0.0,0.0,0.0,0,0.9881656804733728,0.9395134779750165,False,False,False,False,0.34282811597475066,0.2360634266565522,False,False,False,False,81016.0,76686.10284482839,False,False,False,False,3032.8888807890485,False,False,False,False
2025-09-23 15:00:00+00:00,4.395,4.465,4.395,4.45,1877.0,4.022844070197181,4.012174932661785,3.9892014448348623,4.017016543561207,3.999439045936397,3.93683362061905,3.9371674666966108,3.9598898353244985,4.054089013076537,4.153764309004789,4.243872676096672,4.253670056564258,4.259652451242206,4.395456548409033,4.0327265403454495,4.016754143950456,3.983733177022274,4.008576524797578,4.007185703068268,3.979274976483929,3.9380335585960826,4.12015544835927,4.1663556360506675,4.1668953908474835,4.250093834563834,4.275447109054087,4.287524838067681,4.4654187611969105,4.466361236777508,4.4777004773289475,4.479906373421022,4.481210982287018,4.487847971403455,4.50032537583411,4.49486806120805,4.489914038935317,4.016754143950456,4.054089013076537,4.243872676096672,4.088219429587506,4.253468643618155,"rgba(38, 166, 154, 1.0)",0.11229032512693679,3.9989381763008574,4.016925084055525,72.85667825118733,15.896771573538558,True,False,True,False,True,17.240740189395503,0.0,0.0,0.0,0.0,0,1.0052390307793058,0.9345121152586773,False,False,False,False,0.3428281363823314,0.2894457815194418,False,False,False,False,82893.0,76782.33380847446,False,False,False,False,3014.968122947358,False,False,False,False
2025-09-23 16:00:00+00:00,4.44,4.44,4.325,4.37,3252.0,4.035191613440711,4.019311393993152,3.9938119752785055,4.02038306124281,4.002438676443381,3.939510259388309,3.939836091543948,3.962069127324384,4.055503766396223,4.154561178768866,4.244283320874357,4.254044994461702,4.260006189693641,4.395412540262976,4.055295080321285,4.025181101515748,3.9896603264634964,4.012306795843427,4.0103044295380625,3.9821925917765686,3.9405045403715135,4.121140700555373,4.167088593350893,4.167625592088242,4.250481711177292,4.275745538533442,4.287782106099494,4.465210670693248,4.466151669086161,4.47747128222187,4.479673919570854,4.4809770967106735,4.487604120805948,4.500062569584938,4.494627568728586,4.48969697078463,4.025181101515748,4.055503766396223,4.244283320874357,4.091168870650926,4.255762953446443,"rgba(38, 166, 154, 1.0)",0.12121383086425772,4.005676568043173,3.005625920401921,72.74865492901844,15.896771573538558,True,False,True,False,True,13.515076979573966,0.0,0.0,0.0,0.0,0,0.9921156373193167,0.9513797634691196,False,False,False,False,0.28772519734315133,0.2885854894312966,False,False,False,False,79641.0,76826.65421454463,False,False,False,False,3018.6430357698796,False,False,False,False
2025-09-23 17:00:00+00:00,4.37,4.395,4.31,4.32,1201.0,4.039073171846275,4.021615096248253,3.9953274483202255,4.0214848084242485,4.003427607310837,3.9404086713144504,3.9407317696347013,3.962797846062696,4.055964144742717,4.154806055619731,4.244393034023152,4.254142211567478,4.260095979719152,4.3953615751092725,4.062038718195068,4.027881897074427,3.9916022363801447,4.013529361767886,4.011329563027475,3.9831606034447327,3.941334265591356,4.121451062834145,4.167311240143798,4.167847284238425,4.250583453721984,4.2758160787224275,4.2878384260157745,4.465101743118994,4.466042315809284,4.4773556976826585,4.479557376684163,4.480860229136456,4.487484211220056,4.499936649441191,4.494511078856038,4.489590694051566,4.027881897074427,4.055964144742717,4.244393034023152,4.092116387138799,4.256462008507184,"rgba(38, 166, 154, 0.75)",0.1273464452472594,4.007786471799015,2.451686245303373,70.49138810338798,15.896771573538558,True,False,True,False,False,11.292245563113873,0.0,0.0,0.0,0.0,0,0.9921259842519685,0.9527559055118112,False,False,False,False,0.25379849007838895,0.27119198975484277,False,False,False,False,78440.0,76851.66732749743,False,False,False,False,2990.4625235874005,False,False,False,False
2025-09-23 18:00:00+00:00,4.315,4.34,4.28,4.335,1830.0,4.0443603843142935,4.024811342967302,3.9974575258316456,4.0230278335610405,4.00482024457693,3.941690759821097,3.9420099092800247,3.9638347990683904,4.056605737065989,4.155131513121407,4.244519746208691,4.254250549514735,4.260193388672982,4.395250437967827,4.0709164442593675,4.031610178209858,3.9943258264892596,4.015243638207633,4.012769975139237,3.9845302592158403,3.9425186595456245,4.1218723648735835,4.167604148781856,4.1681387991469485,4.250698443245951,4.275885290140045,4.2878869148730665,4.4649048304014824,4.465844869582916,4.477149734947944,4.479350189310814,4.480652743071687,4.487272703564869,4.499716935622669,4.494306875351126,4.489403552572022,4.031610178209858,4.056605737065989,4.244519746208691,4.0934260122837385,4.257391062570628,"rgba(38, 166, 154, 0.75)",0.13346295501133082,4.0106581700339685,2.4302011740898086,69.32225523869396,15.896771573538558,True,False,True,False,False,11.778261919359167,0.0,0.0,0.0,0.0,0,0.9895219384413886,0.9548133595284873,False,False,False,False,0.2066781600741426,0.23893507491449267,False,False,False,False,80270.0,76904.66473327266,False,False,False,False,2972.4708565550377,False,False,False,False
2025-09-23 19:00:00+00:00,4.34,4.38,4.285,4.335,6417.0,4.062350754474132,4.0360408560311285,4.005048828480423,4.02858257502636,4.009836827534785,3.946294892440123,3.946600165126603,3.967575480533851,4.058958464444435,4.156366541132103,4.245050258654821,4.254715820411286,4.260619863172405,4.394938757820005,4.099338149248357,4.04460600650186,4.003953669690935,4.021395537030171,4.017958583886568,3.98945774132144,3.9467770898849186,4.123447259587673,4.168723658839982,4.169253353043826,4.25118733992119,4.276211349567724,4.288138903242048,4.464288738422199,4.465226645873243,4.476499527599663,4.478695153898817,4.479996197607722,4.486600683202953,4.499014047016203,4.493655267905578,4.488807806953935,4.04460600650186,4.058958464444435,4.245050258654821,4.098070006091604,4.260601486829409,"rgba(38, 166, 154, 0.75)",0.1392143981369917,4.020434798364771,2.259573764243024,68.54283332889794,15.896771573538558,True,False,True,False,False,11.778261919359167,0.0,0.0,0.0,0.0,0,0.9883344134802334,0.948152948801037,False,False,False,False,0.23149881341019693,0.2352169441623448,False,False,False,False,80270.0,76956.84047384206,False,False,False,False,3025.8744091665876,False,False,False,False
