date,Open,High,Low,Close,Volume,aVWAP_peak_412,aVWAP_valley_324,aVWAP_valley_308,aVWAP_valley_265,aVWAP_valley_213,aVWAP_valley_174,aVWAP_valley_150,aVWAP_OB_bull_423,aVWAP_OB_bull_324,Peaks_avg,Valleys_avg,color,StDev,StDev_Mean,StdDev_ZScore,QQEMOD,QQE1_Value,QQE1_Above_Upper,QQE1_Below_Lower,QQE2_Above_Threshold,QQE2_Below_Threshold,QQE2_Above_TL,banker_RSI,OB,OB_High,OB_Low,OB_Mitigated_Index,TTM_squeeze_Active,VI_plus,VI_minus,VI_Regular_Bullish,VI_Regular_Bearish,VI_Hidden_Bullish,VI_Hidden_Bearish,Fisher,Fisher_Signal,Fisher_Regular_Bullish,Fisher_Regular_Bearish,Fisher_Hidden_Bullish,Fisher_Hidden_Bearish,OBV,OBV_Smoothed,OBV_Regular_Bullish,OBV_Regular_Bearish,OBV_Hidden_Bullish,OBV_Hidden_Bearish,Volume_MA,Vol_Regular_Bullish,Vol_Regular_Bearish,Vol_Hidden_Bullish,Vol_Hidden_Bearish
2024-01-08 17:00:00+00:00,76.625,77.9,76.53,77.7,204714.0,,,,,,,,,,,,#000000,,,,,,False,False,False,False,False,,0.0,0.0,0.0,0.0,0,,,False,False,False,False,,,False,False,False,False,0.0,0.0,False,False,False,False,204714.0,False,False,False,False
2024-01-09 17:00:00+00:00,79.215,80.24,79.135,80.1,221754.0,,,,,,,,,,,,"rgba(38, 166, 154, 0.5)",,,,100.0,,False,False,True,False,False,,0.0,0.0,0.0,0.0,0,,,False,False,False,False,,,False,False,False,False,221754.0,3438.046511627907,False,False,False,False,204978.18604651163,False,False,False,False
2024-01-10 17:00:00+00:00,80.53,81.24,80.415,81.07,253715.0,,,,,,,,,,,,"rgba(38, 166, 154, 0.5)",,,,100.0,50.0,False,False,True,False,True,,0.0,0.0,0.0,0.0,0,,,False,False,False,False,,,False,False,False,False,475469.0,10756.355868036775,False,False,False,False,205733.79556517035,False,False,False,False
2024-01-11 17:00:00+00:00,79.635,81.81,79.615,81.29,100353.0,,,,,,,,,,,,"rgba(38, 166, 154, 0.5)",,,,100.0,50.0,False,False,True,False,True,,0.0,0.0,0.0,0.0,0,,,False,False,False,False,,,False,False,False,False,575822.0,19517.063528997445,False,False,False,False,204099.9847812142,False,False,False,False
2024-01-12 17:00:00+00:00,81.845,82.11,81.095,81.505,138295.0,,,,,,,,,,,,"rgba(38, 166, 154, 0.5)",,,,100.0,50.0,False,False,True,False,True,,0.0,0.0,0.0,0.0,0,,,False,False,False,False,,,False,False,False,False,714117.0,30286.054792113762,False,False,False,False,203079.75245902484,False,False,False,False
2024-01-15 17:00:00+00:00,81.505,81.505,81.505,81.505,0.0,,,,,,,,,,,,"rgba(38, 166, 154, 0.5)",,,,100.0,50.0,False,False,True,False,True,,0.0,0.0,0.0,0.0,0,,,False,False,False,False,,,False,False,False,False,714117.0,40888.08495037557,False,False,False,False,199931.22916508646,False,False,False,False
2024-01-16 17:00:00+00:00,81.345,81.71,81.045,81.355,131611.0,,,,,,,,,,,,"rgba(38, 166, 154, 0.5)",,,,97.92684696838113,48.13416227154302,False,False,True,False,False,,0.0,0.0,0.0,0.0,0,,,False,False,False,False,,,False,False,False,False,582506.0,49285.26192788912,False,False,False,False,198872.00080593786,False,False,False,False
2024-01-17 17:00:00+00:00,79.17,80.295,79.15,80.23,129315.0,,,,,,,,,,,,"rgba(38, 166, 154, 0.5)",,,,85.78617777651368,37.33194918075945,False,False,True,False,False,,0.0,0.0,0.0,0.0,0,,,False,False,False,False,,,False,False,False,False,453191.0,55547.3663941234,False,False,False,False,197793.5976926675,False,False,False,False
2024-01-18 17:00:00+00:00,78.615,78.63,77.215,77.545,224138.0,,,,,,,,,,,,"rgba(38, 166, 154, 0.5)",,,,67.84609359872474,21.980654469273247,False,False,True,False,False,,0.0,0.0,0.0,0.0,0,,,False,False,False,False,,,False,False,False,False,229053.0,58237.376217470315,False,False,False,False,198202.0380385176,False,False,False,False
2024-01-19 17:00:00+00:00,77.235,80.175,77.135,80.0,147314.0,,,,,,,,,,,,"rgba(38, 166, 154, 0.5)",,79.10333333333334,,63.38486975009786,19.45699582912087,False,False,True,False,False,,0.0,0.0,0.0,0.0,0,,,False,False,False,False,,,False,False,False,False,376367.0,63169.618446656816,False,False,False,False,197413.07620846306,False,False,False,False
2024-01-22 17:00:00+00:00,81.22,81.22,79.705,80.31,151666.0,,,,,,,,,,,,"rgba(38, 166, 154, 0.5)",,79.76702215309832,,61.091747305703215,18.390342319428456,False,False,True,False,False,,0.0,0.0,0.0,0.0,0,,,False,False,False,False,,,False,False,False,False,528033.0,70376.80265678617,False,False,False,False,196703.819212983,False,False,False,False
2024-01-23 17:00:00+00:00,80.425,81.28,79.87,81.19,80583.0,,,,,,,,,,,,"rgba(38, 166, 154, 0.5)",,79.98208208738295,,61.379974412599594,18.390342319428456,False,False,True,False,False,,0.0,0.0,0.0,0.0,0,,,False,False,False,False,,,False,False,False,False,608616.0,78721.59641404529,False,False,False,False,194903.49643448717,False,False,False,False
2024-01-24 17:00:00+00:00,81.895,82.28,80.665,80.74,137963.0,,,,,,,,,,,,"rgba(38, 166, 154, 0.5)",,80.31430995737412,,60.18329510768356,18.144524696711485,False,False,True,False,False,,0.0,0.0,0.0,0.0,0,,,False,False,False,False,,,False,False,False,False,470653.0,84798.05228359497,False,False,False,False,194020.69804015403,False,False,False,False
2024-01-25 17:00:00+00:00,81.22,81.275,79.14,80.52,93055.0,,,,,,,,,,,,"rgba(38, 166, 154, 0.5)",,80.31390710923968,,58.69843317188638,16.57982172098258,False,False,True,False,False,,0.0,0.0,0.0,0.0,0,,,False,False,False,False,,,False,False,False,False,377598.0,89337.58635671751,False,False,False,False,192455.33838061674,False,False,False,False
2024-01-26 17:00:00+00:00,82.325,82.5,81.4,81.61,106151.0,,,,,,,,,,,,"rgba(38, 166, 154, 0.5)",,80.53943415390968,,60.15579543153896,16.57982172098258,False,False,True,False,False,,0.0,0.0,0.0,0.0,0,,,False,False,False,False,,,False,False,False,False,483749.0,95452.49199459786,False,False,False,False,191117.2866227777,False,False,False,False
2024-01-29 17:00:00+00:00,82.215,83.575,81.97,83.525,67586.0,,,,,,,,,,,,"rgba(38, 166, 154, 0.5)",,80.75347592005623,,64.16617823919469,16.57982172098258,False,False,True,False,True,,0.0,0.0,0.0,0.0,0,,,False,False,False,False,,,False,False,False,False,551335.0,102520.43785514672,False,False,False,False,189202.07287668812,False,False,False,False
2024-01-30 17:00:00+00:00,82.565,82.715,81.985,82.32,72363.0,,,,,,,,,,,,"rgba(38, 166, 154, 0.5)",,80.88748804591985,,63.260341309029265,16.57982172098258,False,False,True,False,True,,0.0,0.0,0.0,0.0,0,,,False,False,False,False,,,False,False,False,False,478972.0,108356.8961829739,False,False,False,False,187390.6143824759,False,False,False,False
2024-01-31 17:00:00+00:00,81.275,82.05,79.965,80.1,83640.0,,,,,,,,,,,,"rgba(38, 166, 154, 0.5)",,80.8712560356162,,57.82949409771238,15.292114919135628,False,False,True,False,False,,0.0,0.0,0.0,0.0,0,,,False,False,False,False,,,False,False,False,False,395332.0,112806.12259874174,False,False,False,False,185782.07772538325,False,False,False,False
2024-02-01 17:00:00+00:00,76.73,77.16,75.835,76.655,293038.0,,,,,,,,,,,,"rgba(239, 83, 80, 0.5)",,78.19727698774918,,49.645431814344825,7.686986028545178,False,False,False,True,False,,0.0,0.0,0.0,0.0,0,,,False,False,False,False,,,False,False,False,False,102294.0,112643.14395380001,False,False,False,False,187444.96024126877,False,False,False,False
2024-02-02 17:00:00+00:00,81.665,83.03,80.845,82.95,214399.0,,,,,,,,,,,,#000000,,79.58668478846451,,52.52284608440442,7.686986028545178,False,False,False,False,False,,0.0,0.0,0.0,0.0,0,,,False,False,False,False,,,False,False,False,False,316693.0,115806.70761343102,False,False,False,False,187862.85233055142,False,False,False,False
2024-02-05 17:00:00+00:00,80.92,82.0,80.875,81.415,71740.0,,,,,,,,,,,,"rgba(38, 166, 154, 0.5)",,79.76803822015457,,52.63050217944176,7.686986028545178,False,False,True,False,True,,0.0,0.0,0.0,0.0,0,,,False,False,False,False,,,False,False,False,False,244953.0,117808.9757124476,False,False,False,False,186062.49803085296,False,False,False,False
2024-02-06 17:00:00+00:00,80.37,81.575,79.78,81.55,58781.0,,,,,,,,,,,,"rgba(38, 166, 154, 0.5)",,79.85925461562013,,52.845900071002106,7.686986028545178,False,False,True,False,True,,0.0,0.0,0.0,0.0,0,,,False,False,False,False,,,False,False,False,False,303734.0,120691.53422853368,False,False,False,False,184089.1414722351,False,False,False,False
2024-02-07 17:00:00+00:00,84.47,85.455,83.985,85.2,191466.0,,,,,,,,,,,,"rgba(38, 166, 154, 0.5)",,80.73668022983388,,56.37678128156245,7.686986028545178,False,False,True,False,True,,0.0,0.0,0.0,0.0,0,,,False,False,False,False,,,False,False,False,False,495200.0,126497.86703119207,False,False,False,False,184203.51137189037,False,False,False,False
2024-02-08 17:00:00+00:00,88.04,88.225,87.055,87.89,269774.0,,,,,,,,,,,,"rgba(38, 166, 154, 0.5)",,82.05886902521064,,60.592585347274,2.924432594662619,False,False,True,False,True,,0.0,0.0,0.0,0.0,0,,,False,False,False,False,,,False,False,False,False,764974.0,136396.72180590226,False,False,False,False,185530.18561418663,False,False,False,False
2024-02-09 17:00:00+00:00,89.755,91.205,89.58,90.745,113151.0,,,,,,,,,,,,"rgba(38, 166, 154, 0.5)",,85.28207052086059,,64.99602179342732,7.20516997764976,False,False,True,False,True,,0.0,0.0,0.0,0.0,0,,,False,False,False,False,,,False,False,False,False,878125.0,147896.38503371773,False,False,False,False,184408.02769768762,False,False,False,False
2024-02-12 17:00:00+00:00,90.67,91.185,88.99,89.12,160773.0,,,,,,,,,,,,"rgba(38, 166, 154, 0.5)",,85.56973360245428,,65.71994309862491,8.089805824532348,False,False,True,False,True,,0.0,0.0,0.0,0.0,0,,,False,False,False,False,,,False,False,False,False,717352.0,156725.15425800116,False,False,False,False,184041.59315973896,False,False,False,False
2024-02-13 17:00:00+00:00,79.01,79.02,77.015,77.165,307152.0,,,,,,,,,,,,"rgba(38, 166, 154, 0.5)",,82.82341730723734,,56.65053851568168,14.779553450426462,False,False,True,False,False,,0.0,0.0,0.0,0.0,0,,,False,False,False,False,,,False,False,False,False,410200.0,160654.99682764453,False,False,False,False,185950.28163788252,False,False,False,False
2024-02-14 17:00:00+00:00,78.67,80.7,78.495,80.695,288692.0,,,,,,,,,,,,#000000,,82.21647315870909,,53.14842761277089,11.621774743234383,False,False,False,False,False,,0.0,0.0,0.0,0.0,0,,,False,False,False,False,,,False,False,False,False,698892.0,168999.7565667508,False,False,False,False,187543.17649620993,False,False,False,False
2024-02-15 17:00:00+00:00,82.8,84.04,82.2,84.01,348934.0,,,,,,,,,,,,"rgba(38, 166, 154, 0.5)",,82.42301427688665,,52.89496186701735,11.275094292097634,False,False,True,False,False,,0.0,0.0,0.0,0.0,0,,,False,False,False,False,,,False,False,False,False,1047826.0,182624.96964323526,False,False,False,False,190045.35980634618,False,False,False,False
2024-02-16 17:00:00+00:00,81.97,82.635,80.36,81.31,226822.0,,,,,,,,,,,,#000000,,82.31224508065421,,51.04905048131634,9.21891133651826,False,False,False,False,False,,0.0,0.0,0.0,0.0,0,,,False,False,False,False,,,False,False,False,False,821004.0,192522.31895109208,False,False,False,False,190615.54027446482,False,False,False,False
2024-02-19 17:00:00+00:00,81.31,81.31,81.31,81.31,0.0,,,,,,,,,,,,#000000,,82.31224508065421,,49.818442890849006,7.6499962661674275,False,False,False,False,False,,0.0,0.0,0.0,0.0,0,,,False,False,False,False,,,False,False,False,False,821004.0,202266.22098285807,False,False,False,False,187660.26058028705,False,False,False,False
2024-02-20 17:00:00+00:00,78.14,79.55,77.75,78.605,119593.0,,,,,,,,,,,,"rgba(239, 83, 80, 0.5)",,82.12010495336541,,47.28456257122647,4.839725056368977,False,False,False,True,False,,0.0,0.0,0.0,0.0,0,,,False,False,False,False,,,False,False,False,False,701411.0,210004.89972730985,False,False,False,False,186604.9542147012,False,False,False,False
2024-02-21 17:00:00+00:00,75.995,76.09,74.68,75.585,141361.0,,,,,,,,,,,,"rgba(239, 83, 80, 0.5)",,80.16686146254354,,43.90695704323894,1.3207834120619069,False,False,False,True,False,,0.0,0.0,0.0,0.0,0,,,False,False,False,False,,,False,False,False,False,560050.0,215431.95554549107,False,False,False,False,185903.49756020968,False,False,False,False
2024-02-22 17:00:00+00:00,75.985,76.205,74.915,75.025,201896.0,,,,,,,,,,,,"rgba(239, 83, 80, 0.5)",,79.80133454060616,,41.35283894612921,-1.3649310445342735,False,False,False,True,False,,0.0,0.0,0.0,0.0,0,,,False,False,False,False,,,False,False,False,False,358154.0,217644.70042075476,False,False,False,False,186151.44333447,False,False,False,False
2024-02-23 17:00:00+00:00,76.305,76.785,75.76,76.295,78498.0,,,,,,,,,,,,"rgba(239, 83, 80, 0.5)",,79.73775127554464,,40.8963709895386,-2.151263075910606,False,False,False,True,False,,0.0,0.0,0.0,0.0,0,,,False,False,False,False,,,False,False,False,False,436652.0,221040.1624297353,False,False,False,False,184482.39770137746,False,False,False,False
2024-02-26 17:00:00+00:00,77.705,78.23,77.39,77.54,165537.0,,,,,,,,,,,,"rgba(239, 83, 80, 0.5)",,79.7492419086998,,41.807321146174054,-2.151263075910606,False,False,False,True,False,,0.0,0.0,0.0,0.0,0,,,False,False,False,False,,,False,False,False,False,602189.0,226949.44673315025,False,False,False,False,184188.67060523207,False,False,False,False
2024-02-27 17:00:00+00:00,76.91,76.93,75.91,76.585,114335.0,,,,,,,,,,,,"rgba(239, 83, 80, 0.5)",,79.63945746907382,,41.69022988756751,-2.260769896733237,False,False,False,True,False,,0.0,0.0,0.0,0.0,0,,,False,False,False,False,,,False,False,False,False,487854.0,230994.4785667448,False,False,False,False,183105.6679601897,False,False,False,False
2024-02-28 17:00:00+00:00,76.045,76.11,75.215,75.59,58047.0,,,,,,,,,,,,"rgba(239, 83, 80, 0.5)",,79.55835808087716,,40.84989188468225,-3.5823960850908634,False,False,False,True,False,,0.0,0.0,0.0,0.0,0,,,False,False,False,False,,,False,False,False,False,429807.0,234076.8432401286,False,False,False,False,181166.7738832875,False,False,False,False
2024-02-29 17:00:00+00:00,75.8,76.71,75.495,76.375,79915.0,,,,,,,,,,,,"rgba(239, 83, 80, 0.5)",,79.47703368301838,,41.23609637516596,-3.6883040654701773,False,False,False,True,False,,0.0,0.0,0.0,0.0,0,,,False,False,False,False,,,False,False,False,False,509722.0,238350.41156198704,False,False,False,False,179596.97893936056,False,False,False,False
2024-03-01 17:00:00+00:00,77.335,77.665,76.585,76.6,58575.0,,,,,,,,,,,,"rgba(239, 83, 80, 0.5)",,79.44242351961134,,41.78018639042018,-3.6883040654701773,False,False,False,True,False,,0.0,0.0,0.0,0.0,0,,,False,False,False,False,,,False,False,False,False,568297.0,243465.8625455221,False,False,False,False,177720.66918836272,False,False,False,False
2024-03-04 17:00:00+00:00,75.6,76.14,75.41,75.79,76803.0,,,,,,,,,,,,"rgba(239, 83, 80, 0.5)",,79.35436574801415,,41.33342957836913,-4.491026302958801,False,False,False,True,False,,0.0,0.0,0.0,0.0,0,,,False,False,False,False,,,False,False,False,False,491494.0,247311.2600254365,False,False,False,False,176156.05416218654,False,False,False,False
2024-03-05 17:00:00+00:00,73.44,74.385,72.915,73.47,106471.0,,,,,,,,,,,,"rgba(239, 83, 80, 1.0)",,78.02715095018053,,38.95482909708494,-7.0781411270952574,False,True,False,True,False,,0.0,0.0,0.0,0.0,0,,,False,False,False,False,,,False,False,False,False,385023.0,249446.32576147624,False,False,False,False,175075.66572556348,False,False,False,False
2024-03-06 17:00:00+00:00,74.08,74.3,73.34,74.025,116486.0,,,,,,,,,,,,"rgba(239, 83, 80, 1.0)",,77.89824171828053,,38.24394711338592,-8.010065282882621,False,True,False,True,False,,0.0,0.0,0.0,0.0,0,,,False,False,False,False,,,False,False,False,False,501509.0,253354.2741992828,False,False,False,False,174167.29881508963,False,False,False,False
2024-03-07 17:00:00+00:00,74.105,75.96,74.085,75.34,142233.0,,,,,,,,,,,,"rgba(239, 83, 80, 1.0)",,77.88471549106615,,39.793806790081725,-8.010065282882621,False,True,False,True,False,,0.0,0.0,0.0,0.0,0,,,False,False,False,False,,,False,False,False,False,643742.0,259406.79707991407,False,False,False,False,173672.19340710374,False,False,False,False
2024-03-08 17:00:00+00:00,76.835,77.3,76.16,76.24,113859.0,,,,,,,,,,,,"rgba(239, 83, 80, 0.75)",,77.95167402579764,,42.13849783666997,-11.4740065249851,False,True,False,True,True,,0.0,0.0,0.0,0.0,0,,,False,False,False,False,,,False,False,False,False,757601.0,267130.738210458,False,False,False,False,172744.85707521066,False,False,False,False
2024-03-11 17:00:00+00:00,75.39,75.55,74.76,74.975,103469.0,,,,,,,,,,,,"rgba(239, 83, 80, 0.75)",,77.88204933076791,,42.16819619066787,-11.30459369402628,False,True,False,True,True,,0.0,0.0,0.0,0.0,0,,,False,False,False,False,,,False,False,False,False,654132.0,273130.75777308655,False,False,False,False,171670.81277947096,False,False,False,False
2024-03-12 17:00:00+00:00,75.375,76.68,75.11,76.325,68832.0,,,,,,,,,,,,"rgba(239, 83, 80, 0.75)",,77.87419479933097,,44.219675168460206,-9.229933753370425,False,True,False,True,True,,0.0,0.0,0.0,0.0,0,,,False,False,False,False,,,False,False,False,False,722964.0,280104.91656730225,False,False,False,False,170076.41258133962,False,False,False,False
2024-03-13 17:00:00+00:00,78.605,78.98,78.06,78.625,52125.0,,,,,,,,,,,,#000000,,77.93770584201046,,48.484681260552705,-5.238608097381302,False,True,False,False,True,,0.0,0.0,0.0,0.0,0,,,False,False,False,False,,,False,False,False,False,775089.0,287779.08840346814,False,False,False,False,168247.7085103111,False,False,False,False
2024-03-14 17:00:00+00:00,78.15,78.54,77.595,78.255,104694.0,,,,,,,,,,,,#000000,,78.01976919128033,,50.76659400978157,-3.211110527864122,False,True,False,False,True,,0.0,0.0,0.0,0.0,0,,,False,False,False,False,,,False,False,False,False,670395.0,293711.11804062367,False,False,False,False,167262.37969619775,False,False,False,False
2024-03-15 17:00:00+00:00,76.905,77.88,76.825,77.145,78484.0,,,,,,,,,,,,#000000,,78.03699013010635,,50.61574786411368,-3.211110527864122,False,True,False,False,True,0.0,0.0,0.0,0.0,0.0,0,,,False,False,False,False,,,False,False,False,False,591911.0,298334.37202449,False,False,False,False,165885.9707086598,False,False,False,False
2024-03-18 17:00:00+00:00,76.595,77.65,76.275,77.435,80288.0,,,,,,,,,,,,#000000,,78.04375497291048,,50.945060219381446,-2.936550809207496,False,False,False,False,True,0.0,0.0,0.0,0.0,0.0,0,,,False,False,False,False,,,False,False,False,False,672199.0,304130.7228458157,False,False,False,False,164558.8703875953,False,False,False,False
2024-03-19 17:00:00+00:00,78.2,78.49,77.51,77.52,62037.0,,,,,,,,,,,,#000000,,78.06585006099631,,51.301499031302484,-2.386958216769763,False,False,False,False,True,0.0,0.0,0.0,0.0,0.0,0,,,False,False,False,False,,,False,False,False,False,734236.0,310799.0217164232,False,False,False,False,162969.3840249969,False,False,False,False
2024-03-20 17:00:00+00:00,78.58,81.61,78.315,81.44,223585.0,,,,,,,,,,,,"rgba(38, 166, 154, 1.0)",,78.6961210899823,,56.42866486949609,2.498647747058051,True,False,True,False,True,3.916384111206,0.0,0.0,0.0,0.0,0,,,False,False,False,False,,,False,False,False,False,957821.0,320830.3702169438,False,False,False,False,163909.16101685743,False,False,False,False
2024-03-21 17:00:00+00:00,80.97,81.015,79.63,79.7,80297.0,,,,,,,,,,,,"rgba(38, 166, 154, 1.0)",,78.74129111375599,,56.90309532729459,2.9282375243801226,True,False,True,False,True,1.4798754947559942,0.0,0.0,0.0,0.0,0,,,False,False,False,False,,,False,False,False,False,877524.0,329461.2792058283,False,False,False,False,162612.84844295264,False,False,False,False
2024-03-22 17:00:00+00:00,79.095,79.24,78.63,78.725,33760.0,,,,,,,,,,,,"rgba(38, 166, 154, 1.0)",,78.72737813765626,,55.733519077255366,2.9282375243801226,True,False,True,False,True,0.15316147011771974,0.0,0.0,0.0,0.0,0,,,False,False,False,False,,,False,False,False,False,843764.0,337434.9647995364,False,False,False,False,160615.12986244177,False,False,False,False
2024-03-25 17:00:00+00:00,78.8,79.56,78.39,78.42,48230.0,,,,,,,,,,,,"rgba(38, 166, 154, 0.75)",,78.71162309188607,,54.48392438529703,2.9282375243801226,True,False,True,False,False,0.0,0.0,0.0,0.0,0.0,0,,,False,False,False,False,,,False,False,False,False,795534.0,344537.2754227994,False,False,False,False,158872.72474829538,False,False,False,False
2024-03-26 17:00:00+00:00,79.08,79.75,78.42,78.485,68732.0,,,,,,,,,,,,"rgba(38, 166, 154, 0.75)",,78.70279076750293,,53.75152986194851,2.9282375243801226,True,False,True,False,False,0.0,0.0,0.0,0.0,0.0,0,,,False,False,False,False,,,False,False,False,False,864266.0,352595.08510616684,False,False,False,False,157475.19413204273,False,False,False,False
2024-03-27 17:00:00+00:00,78.04,78.65,77.615,78.65,65413.0,,,,,,,,,,,,"rgba(38, 166, 154, 0.75)",,78.67740999767791,,53.54390406551012,2.9282375243801226,True,False,True,False,False,0.06150241060185735,0.0,0.0,0.0,0.0,0,,,False,False,False,False,,,False,False,False,False,929679.0,361542.12254638126,False,False,False,False,156047.87329278624,False,False,False,False
2024-03-28 17:00:00+00:00,78.365,78.365,77.005,77.16,34298.0,,,,,,,,,,,,#000000,,78.65130621945976,,50.71345353627027,4.329521060460507,False,False,False,False,False,0.0,0.0,0.0,0.0,0.0,0,,,False,False,False,False,,,False,False,False,False,895381.0,369818.6942898482,False,False,False,False,154160.27835801436,False,False,False,False
2024-03-29 17:00:00+00:00,77.16,77.16,77.16,77.16,0.0,,,,,,,,,,,,#000000,,78.65130621945976,,48.82648651677704,2.4925688011808305,False,False,False,False,False,0.0,0.0,0.0,0.0,0.0,0,,,False,False,False,False,,,False,False,False,False,895381.0,377966.947091556,False,False,False,False,151770.1965230064,False,False,False,False
2024-04-01 17:00:00+00:00,78.45,78.49,77.83,78.14,113048.0,,,,,,,,,,,,#000000,,78.61840090600451,,49.62581275627953,2.4925688011808305,False,False,False,False,False,0.0,0.0,0.0,0.0,0.0,0,,,False,False,False,False,,,False,False,False,False,1008429.0,387741.5525630047,False,False,False,False,151169.85239086676,False,False,False,False
2024-04-02 17:00:00+00:00,77.725,78.6,77.425,78.07,96600.0,,,,,,,,,,,,#000000,,78.59276755815937,,50.005957702015756,2.4925688011808305,False,False,False,False,False,0.0,0.0,0.0,0.0,0.0,0,,,False,False,False,False,,,False,False,False,False,911829.0,395866.93934497365,False,False,False,False,150323.80816775252,False,False,False,False
2024-04-03 17:00:00+00:00,76.465,77.3,75.13,75.65,167089.0,,,,,,,,,,,,"rgba(239, 83, 80, 1.0)",,78.4215641273443,,45.89163709508223,-0.4179242701881378,False,True,False,True,False,0.0,0.0,0.0,0.0,0.0,0,,,False,False,False,False,,,False,False,False,False,744740.0,401275.82400629186,False,False,False,False,150583.73362251604,False,False,False,False
2024-04-04 17:00:00+00:00,76.865,76.94,74.555,74.77,94281.0,,,,,,,,,,,,"rgba(239, 83, 80, 1.0)",,78.31927025500764,,41.94974545162705,-3.992599750334257,False,True,False,True,False,0.0,0.0,0.0,0.0,0.0,0,,,False,False,False,False,,,False,False,False,False,650459.0,405139.12906045787,False,False,False,False,149710.82302371733,False,False,False,False
2024-04-05 17:00:00+00:00,75.915,75.915,74.915,75.26,64698.0,,,,,,,,,,,,"rgba(239, 83, 80, 1.0)",,78.25412241504087,,40.562467199080544,-5.1684380250298645,False,True,False,True,False,0.0,0.0,0.0,0.0,0.0,0,,,False,False,False,False,,,False,False,False,False,715157.0,409945.60767967557,False,False,False,False,148392.79475978372,False,False,False,False
2024-04-08 17:00:00+00:00,74.66,74.74,74.35,74.385,56664.0,,,,,,,,,,,,"rgba(239, 83, 80, 1.0)",,78.18282687884796,,38.3546809017636,-7.190887897826123,False,True,False,True,False,0.0,0.0,0.0,0.0,0.0,0,,,False,False,False,False,,,False,False,False,False,658493.0,413799.05562262627,False,False,False,False,146970.64290304287,False,False,False,False
2024-04-09 17:00:00+00:00,74.455,74.93,74.055,74.85,52944.0,,,,,,,,,,,,"rgba(239, 83, 80, 1.0)",,78.1221689018286,,38.14674919746875,-7.437588368014659,False,True,False,True,False,0.0,0.0,0.0,0.0,0.0,0,,,False,False,False,False,,,False,False,False,False,711437.0,418413.59739591886,False,False,False,False,145512.86549369336,False,False,False,False
2024-04-10 17:00:00+00:00,72.46,72.55,71.605,71.98,54549.0,,,,,,,,,,,,"rgba(239, 83, 80, 1.0)",,78.0147334130921,,34.42404172152946,-10.98946360391264,False,True,False,True,False,0.0,0.0,0.0,0.0,0.0,0,,,False,False,False,False,,,False,False,False,False,656888.0,422110.8749556721,False,False,False,False,144102.57300541902,False,False,False,False
2024-04-11 17:00:00+00:00,71.1,72.25,70.945,71.56,100329.0,,,,,,,,,,,,"rgba(239, 83, 80, 1.0)",,77.81583578995695,,31.539232783811123,-13.659918801215028,False,True,False,True,False,0.0,0.0,0.0,0.0,0.0,0,,,False,False,False,False,,,False,False,False,False,556559.0,424195.3420106229,False,False,False,False,143423.91295882338,False,False,False,False
2024-04-12 17:00:00+00:00,70.335,70.385,69.22,69.995,142221.0,,,,,,,,,,,,"rgba(239, 83, 80, 1.0)",,77.48660001436429,,28.257554911815184,-16.668276428744115,False,True,False,True,False,0.0,0.0,0.0,0.0,0.0,0,,,False,False,False,False,,,False,False,False,False,414338.0,424042.51500270626,False,False,False,False,143405.26314550827,False,False,False,False
2024-04-15 17:00:00+00:00,69.72,70.095,68.4,68.56,119488.0,,,,,,,,,,,,"rgba(239, 83, 80, 1.0)",,76.03775174372909,,25.055518898111526,-19.57815063099625,False,True,False,True,False,0.0,0.0,0.0,0.0,0.0,0,,,False,False,False,False,,,False,False,False,False,294850.0,422039.5302739821,False,False,False,False,143034.45286418256,False,False,False,False
2024-04-16 17:00:00+00:00,69.135,69.345,68.405,68.66,86830.0,,,,,,,,,,,,"rgba(239, 83, 80, 1.0)",,75.85930274484429,,23.21574729480014,-21.261614733483214,False,True,False,True,False,0.0,0.0,0.0,0.0,0.0,0,,,False,False,False,False,,,False,False,False,False,381680.0,421413.8011224475,False,False,False,False,142163.0659980712,False,False,False,False
2024-04-17 17:00:00+00:00,69.63,70.445,69.4,69.415,57471.0,,,,,,,,,,,,"rgba(239, 83, 80, 1.0)",,75.7938698651668,,24.257423942745916,-21.261614733483214,False,True,False,True,False,0.0,0.0,0.0,0.0,0.0,0,,,False,False,False,False,,,False,False,False,False,439151.0,421688.7964538824,False,False,False,False,140850.01071127938,False,False,False,False
2024-04-18 17:00:00+00:00,69.53,69.93,68.995,69.545,141695.0,,,,,,,,,,,,"rgba(239, 83, 80, 0.75)",,75.5939223377881,,25.347604599190504,-21.261614733483214,False,True,False,True,True,0.0,0.0,0.0,0.0,0.0,0,,,False,False,False,False,,,False,False,False,False,580846.0,424156.349997233,False,False,False,False,140863.1113204068,False,False,False,False
2024-04-19 17:00:00+00:00,69.72,70.335,68.81,69.555,106506.0,,,,,,,,,,,,"rgba(239, 83, 80, 0.75)",4.367943712924798,75.45297976896738,-1.3502874937502471,26.10803865026186,-21.261614733483214,False,True,False,True,True,0.0,0.0,0.0,0.0,0.0,0,,,False,False,False,False,,,False,False,False,False,687352.0,428236.9027104542,False,False,False,False,140330.44292784238,False,False,False,False
2024-04-22 17:00:00+00:00,70.28,71.265,70.22,70.445,70005.0,,,,,,,,,,,,"rgba(239, 83, 80, 0.75)",4.455954556434457,75.39810610377253,-1.111570156526886,29.567461967843734,-25.599405766890367,False,True,False,True,True,0.0,0.0,0.0,0.0,0.0,0,,,False,False,False,False,,,False,False,False,False,757357.0,433339.539877734,False,False,False,False,139240.1259832247,False,False,False,False
2024-04-23 17:00:00+00:00,73.88,74.57,73.76,74.02,110586.0,,,,,,,,,,,,"rgba(239, 83, 80, 0.75)",4.472228368115448,75.2981354141095,-0.2857938613380991,39.41311252795949,-16.531759361234847,False,True,False,True,True,0.0,0.0,0.0,0.0,0.0,0,,,False,False,False,False,,,False,False,False,False,867943.0,440077.57801916444,False,False,False,False,138795.8759679809,False,False,False,False
2024-04-24 17:00:00+00:00,72.13,72.53,71.795,72.25,54718.0,,,,,,,,,,,,"rgba(239, 83, 80, 0.5)",4.503695501604338,75.20219226481557,-0.655504410492209,42.71586661538552,-13.819408465838194,False,False,False,True,True,0.0,0.0,0.0,0.0,0.0,0,,,False,False,False,False,,,False,False,False,False,813225.0,445862.8093677045,False,False,False,False,137492.343007237,False,False,False,False
2024-04-25 17:00:00+00:00,70.87,71.09,70.445,70.49,201245.0,,,,,,,,,,,,"rgba(239, 83, 80, 0.5)",4.562422979233887,74.84753071235411,-0.9550913477745607,42.34918274957691,-13.819408465838194,False,False,False,True,True,0.0,0.0,0.0,0.0,0.0,0,,,False,False,False,False,,,False,False,False,False,611980.0,448438.269687585,False,False,False,False,138480.7562939465,False,False,False,False
2024-04-26 17:00:00+00:00,71.215,71.825,71.11,71.32,146537.0,,,,,,,,,,,,"rgba(239, 83, 80, 0.5)",4.597333546604891,74.74903457910465,-0.7458746563292058,43.594354583288045,-13.04901136002698,False,False,False,True,True,0.0,0.0,0.0,0.0,0.0,0,,,False,False,False,False,,,False,False,False,False,758517.0,453245.6918629713,False,False,False,False,138605.65929714113,False,False,False,False
2024-04-29 17:00:00+00:00,72.11,72.62,71.38,72.46,119873.0,,,,,,,,,,,,"rgba(239, 83, 80, 0.5)",4.609639307966461,74.71681429229739,-0.48958587462518494,46.32522475382644,-10.296677847760606,True,False,False,True,True,0.0,0.0,0.0,0.0,0.0,0,,,False,False,False,False,,,False,False,False,False,878390.0,459837.0764852508,False,False,False,False,138315.2304708289,False,False,False,False
2024-04-30 17:00:00+00:00,70.99,71.26,70.2,70.2,86285.0,,,,,,,,,,,,"rgba(239, 83, 80, 0.5)",4.65952728530722,74.63282470625037,-0.9513464424230964,44.85111594764018,-10.296677847760606,True,False,False,True,True,0.0,0.0,0.0,0.0,0.0,0,,,False,False,False,False,,,False,False,False,False,792105.0,464988.51715989807,False,False,False,False,137508.56023097105,False,False,False,False
2024-05-01 17:00:00+00:00,69.595,72.06,69.32,70.44,100764.0,,,,,,,,,,,,"rgba(239, 83, 80, 0.5)",4.7113869077581105,74.54515432781125,-0.8713260889381437,44.300106747457846,-10.296677847760606,False,False,False,True,True,0.0,0.0,0.0,0.0,0.0,0,,,False,False,False,False,,,False,False,False,False,892869.0,471622.32309540355,False,False,False,False,136938.8771266149,False,False,False,False
2024-05-02 17:00:00+00:00,71.745,72.525,71.745,72.01,65066.0,,,,,,,,,,,,"rgba(239, 83, 80, 0.5)",4.7476349275618634,74.52846396776977,-0.5304670654327486,46.60136956500133,-9.398235536474715,True,False,False,True,True,0.0,0.0,0.0,0.0,0.0,0,,,False,False,False,False,,,False,False,False,False,957935.0,479162.054520281,False,False,False,False,135824.56895410924,False,False,False,False
2024-05-03 17:00:00+00:00,73.975,74.63,73.905,74.455,70913.0,,,,,,,,,,,,"rgba(38, 166, 154, 1.0)",4.743973939508803,74.56644028500934,-0.023490914248334948,51.35658174956754,-4.748896688466388,True,False,True,False,True,0.0,0.0,0.0,0.0,0.0,0,,,False,False,False,False,,,False,False,False,False,1028848.0,487684.31724089675,False,False,False,False,134818.18804009206,False,False,False,False
2024-05-06 17:00:00+00:00,76.54,77.675,76.42,77.38,164520.0,,,,,,,,,,,,"rgba(38, 166, 154, 1.0)",4.728040260266681,75.05115568085975,0.49256017101023764,57.27171331478887,0.7511819223571194,True,False,True,False,True,1.7682683447436922,0.0,0.0,0.0,0.0,0,,,False,False,False,False,,,False,False,False,False,1193368.0,498625.1495317355,False,False,False,False,135278.6812487728,False,False,False,False
2024-05-07 17:00:00+00:00,77.22,77.525,76.16,77.035,184542.0,,,,,,,,,,,,"rgba(38, 166, 154, 1.0)",4.701595189329281,75.20050640698213,0.39018535606413457,60.58942410738136,3.732309000573025,True,False,True,False,True,1.305475412001357,0.0,0.0,0.0,0.0,0,,,False,False,False,False,,,False,False,False,False,1008826.0,506535.24023666984,False,False,False,False,136042.45363251277,False,False,False,False
2024-05-08 17:00:00+00:00,61.86,63.0,61.665,62.745,427439.0,,,,,,,,,,,,#000000,4.9535438920120605,73.20879488130863,-2.112385619148797,50.282678735042595,8.111597352013483,True,False,False,False,False,0.0,0.0,0.0,0.0,0.0,0,,,False,False,False,False,,,False,False,False,False,581387.0,507695.7326361013,False,False,False,False,140560.22954518697,False,False,False,False
2024-05-09 17:00:00+00:00,62.555,63.05,62.27,62.465,259974.0,,,,,,,,,,,,"rgba(239, 83, 80, 0.5)",5.194518731013176,72.50380556955787,-1.9325766426873248,43.29120764169572,2.1280708698265016,False,False,False,True,False,0.0,0.0,0.0,0.0,0.0,0,,,False,False,False,False,,,False,False,False,False,321413.0,504807.6282541462,False,False,False,False,142411.6058313081,False,False,False,False
2024-05-10 17:00:00+00:00,59.54,59.585,58.66,58.94,398050.0,,,,,,,,,,,,"rgba(239, 83, 80, 1.0)",5.534721305352944,71.31265131610054,-2.235460583016935,37.19442186261545,-3.0674263093286456,False,True,False,True,False,0.0,0.0,0.0,0.0,0.0,0,,,False,False,False,False,,,False,False,False,False,-76637.0,495792.9828548571,False,False,False,False,146374.99178741185,False,False,False,False
2024-05-13 17:00:00+00:00,58.57,58.845,58.27,58.77,78052.0,,,,,,,,,,,,"rgba(239, 83, 80, 1.0)",5.815812952399444,71.10692326591722,-2.1212723598387635,33.063972546660345,-6.5975320628583916,False,True,False,True,False,0.0,0.0,0.0,0.0,0.0,0,,,False,False,False,False,,,False,False,False,False,-154689.0,485707.99087261123,False,False,False,False,145315.72059690935,False,False,False,False
2024-05-14 17:00:00+00:00,57.75,58.285,57.55,58.065,272169.0,,,,,,,,,,,,"rgba(239, 83, 80, 1.0)",6.1124162648329525,70.41736778158919,-2.020864948720369,30.016062411791406,-9.369971119907461,False,True,False,True,False,0.0,0.0,0.0,0.0,0.0,0,,,False,False,False,False,,,False,False,False,False,-426858.0,471559.68093660177,False,False,False,False,147282.43810703477,False,False,False,False
2024-05-15 17:00:00+00:00,59.03,59.25,58.655,58.76,101210.0,,,,,,,,,,,,"rgba(239, 83, 80, 1.0)",6.382699351293997,70.206616080178,-1.7933816791570114,28.947184953451075,-10.580218001341088,False,True,False,True,False,0.0,0.0,0.0,0.0,0.0,0,,,False,False,False,False,,,False,False,False,False,-325648.0,459199.87192983273,False,False,False,False,146568.13674103422,False,False,False,False
2024-05-16 17:00:00+00:00,58.35,58.41,57.78,57.78,127698.0,,,,,,,,,,,,"rgba(239, 83, 80, 1.0)",6.687142218769826,69.93041687758574,-1.8169819752720835,27.72683620003769,-12.187912192001157,False,True,False,True,False,0.0,0.0,0.0,0.0,0.0,0,,,False,False,False,False,,,False,False,False,False,-453346.0,445051.8739154167,False,False,False,False,146275.5764814833,False,False,False,False
2024-05-17 17:00:00+00:00,58.435,58.58,57.885,58.53,312589.0,,,,,,,,,,,,"rgba(239, 83, 80, 1.0)",6.881168436686737,69.33967033689092,-1.5709062256432342,28.07477465946937,-12.45649103078263,False,True,False,True,False,0.0,0.0,0.0,0.0,0.0,0,,,False,False,False,False,,,False,False,False,False,-140757.0,435969.5657926971,False,False,False,False,148854.07917169287,False,False,False,False
2024-05-20 17:00:00+00:00,59.03,59.05,58.66,58.93,86997.0,,,,,,,,,,,,"rgba(239, 83, 80, 1.0)",7.066068655429478,69.19784563221326,-1.4531199925893128,28.95304826053345,-12.45649103078263,False,True,False,True,False,0.0,0.0,0.0,0.0,0.0,0,,,False,False,False,False,,,False,False,False,False,-53760.0,428376.8593462987,False,False,False,False,147895.0546884108,False,False,False,False
2024-05-21 17:00:00+00:00,57.47,57.695,57.02,57.02,263525.0,,,,,,,,,,,,"rgba(239, 83, 80, 1.0)",7.288573868462589,68.71784986105001,-1.6049573033301079,28.2326523722189,-13.702112034615453,False,True,False,True,False,0.0,0.0,0.0,0.0,0.0,0,,,False,False,False,False,,,False,False,False,False,-317285.0,416816.2103641855,False,False,False,False,149687.76701882304,False,False,False,False
2024-05-22 17:00:00+00:00,59.165,59.325,58.215,58.725,185968.0,,,,,,,,,,,,"rgba(239, 83, 80, 1.0)",7.376406809173017,68.45551454432659,-1.319140171638323,30.523721451834945,-13.702112034615453,False,True,False,True,False,0.0,0.0,0.0,0.0,0.0,0,,,False,False,False,False,,,False,False,False,False,-131317.0,408318.02105621365,False,False,False,False,150250.25125108936,False,False,False,False
2024-05-23 17:00:00+00:00,58.665,58.7,57.485,57.66,400574.0,,,,,,,,,,,,"rgba(239, 83, 80, 1.0)",7.410090221454101,67.89085053918292,-1.3806647737651025,31.18624942594589,-13.702112034615453,False,True,False,True,False,0.0,0.0,0.0,0.0,0.0,0,,,False,False,False,False,,,False,False,False,False,-531891.0,393741.1370088305,False,False,False,False,154131.23960378565,False,False,False,False
2024-05-24 17:00:00+00:00,57.185,57.44,56.915,56.97,107707.0,,,,,,,,,,,,"rgba(239, 83, 80, 1.0)",7.354471304667027,66.67392162397822,-1.3194587648768537,31.073995843941653,-13.702112034615453,False,True,False,True,False,0.0,0.0,0.0,0.0,0.0,0,,,False,False,False,False,,,False,False,False,False,-639598.0,377720.3751947401,True,False,False,False,153411.48395101377,False,False,False,False
2024-05-27 17:00:00+00:00,56.97,56.97,56.97,56.97,0.0,,,,,,,,,,,,"rgba(239, 83, 80, 1.0)",7.323296762283226,66.67392162397822,-1.325075568964485,30.999160122605495,-13.702112034615453,False,True,False,True,False,0.0,0.0,0.0,0.0,0.0,0,,,False,False,False,False,,,False,False,False,False,-639598.0,361947.9972847441,True,False,False,False,151033.0113316182,False,False,False,False
2024-05-28 17:00:00+00:00,57.645,58.2,57.35,58.195,294287.0,,,,,,,,,,,,"rgba(239, 83, 80, 0.75)",7.479077960828036,66.40844619093947,-1.0981896744435233,33.323907848034096,-13.702112034615453,False,True,False,True,True,0.0,0.0,0.0,0.0,0.0,0,,,False,False,False,False,,,False,False,False,False,-345311.0,350982.7415128876,False,False,False,False,153254.0034039962,False,False,False,False
2024-05-29 17:00:00+00:00,58.165,58.565,57.97,58.37,171879.0,,,,,,,,,,,,"rgba(239, 83, 80, 0.75)",7.574067152146508,66.25795591965172,-1.0414425646353371,35.21048595368643,-13.702112034615453,False,True,False,True,True,0.0,0.0,0.0,0.0,0.0,0,,,False,False,False,False,,,False,False,False,False,-173432.0,342852.2804041606,False,False,False,False,153542.76304114354,False,False,False,False
2024-05-30 17:00:00+00:00,58.29,58.58,58.11,58.54,157989.0,,,,,,,,,,,,"rgba(239, 83, 80, 0.5)",7.58808096192207,66.12347326901312,-0.9993927723053994,36.82389520034086,-17.890773479753392,False,False,False,True,True,0.0,0.0,0.0,0.0,0.0,0,,,False,False,False,False,,,False,False,False,False,-15443.0,337297.31481649925,False,False,False,False,153611.6969474824,False,False,False,False
2024-05-31 17:00:00+00:00,58.16,59.155,58.14,59.115,271793.0,,,,,,,,,,,,"rgba(239, 83, 80, 0.5)",7.629604860891079,65.92101781281808,-0.8920537743317923,39.14631651912245,-15.472915264200296,False,False,False,True,True,0.0,0.0,0.0,0.0,0.0,0,,,False,False,False,False,,,False,False,False,False,256350.0,336042.31768756127,False,False,False,False,155443.96521186252,False,False,False,False
2024-06-03 17:00:00+00:00,58.91,59.71,58.88,59.7,170582.0,,,,,,,,,,,,"rgba(239, 83, 80, 0.5)",7.647529915653174,65.81809958770732,-0.8000098927608803,41.94343551258336,-12.709659284818805,True,False,False,True,True,0.0,0.0,0.0,0.0,0.0,0,,,False,False,False,False,,,False,False,False,False,426932.0,337451.4600489944,False,False,False,False,155678.66342563208,False,False,False,False
2024-06-04 17:00:00+00:00,59.78,60.67,59.68,60.665,166136.0,,,,,,,,,,,,"rgba(239, 83, 80, 0.5)",7.681538941742919,65.74679142156569,-0.6615590261412704,45.73315688135804,-9.134458590036338,True,False,False,True,True,0.0,0.0,0.0,0.0,0.0,0,,,False,False,False,False,,,False,False,False,False,593068.0,341414.50718001777,False,False,False,False,155840.79267484706,False,False,False,False
2024-06-05 17:00:00+00:00,60.815,61.27,60.295,61.26,118852.0,,,,,,,,,,,,#000000,7.733593783669415,65.70755923104699,-0.5750960491923746,49.36362416659491,-5.809626645822398,True,False,False,False,True,0.0,0.0,0.0,0.0,0.0,0,,,False,False,False,False,,,False,False,False,False,711920.0,347158.77838652907,False,False,False,False,155267.32302097345,False,False,False,False
2024-06-06 17:00:00+00:00,60.74,61.48,60.74,61.48,45984.0,,,,,,,,,,,,"rgba(38, 166, 154, 1.0)",7.78212235693951,65.69436531201272,-0.5415444680402218,52.19835151471183,-3.2470486182751443,True,False,True,False,True,0.0,0.0,0.0,0.0,0.0,0,,,False,False,False,False,,,False,False,False,False,757904.0,353526.9213572806,False,False,False,False,153573.00793537695,False,False,False,False
2024-06-07 17:00:00+00:00,61.84,61.93,61.355,61.59,143097.0,,,,,,,,,,,,"rgba(38, 166, 154, 1.0)",7.812156504592801,65.66145749576181,-0.5211694739305566,54.31100448554713,-1.3020205043684925,True,False,True,False,True,0.0,0.0,0.0,0.0,0.0,0,,,False,False,False,False,,,False,False,False,False,901001.0,362014.89156879555,False,False,False,False,153410.58920769667,False,False,False,False
2024-06-10 17:00:00+00:00,62.995,63.71,62.88,63.03,126132.0,,,,,,,,,,,,"rgba(38, 166, 154, 1.0)",7.803145613691174,65.66346094534768,-0.33748709504114394,58.337371446983894,2.43895085208689,True,False,True,False,True,0.0,0.0,0.0,0.0,0.0,0,,,False,False,False,False,,,False,False,False,False,1027133.0,372326.8002266437,False,False,False,False,152987.66534401145,False,False,False,False
2024-06-11 17:00:00+00:00,63.84,64.045,63.5,63.835,84960.0,,,,,,,,,,,,"rgba(38, 166, 154, 1.0)",7.7928596290577135,65.67085734393207,-0.23558198547380418,62.21413533341751,5.981321986484943,True,False,True,False,True,0.0,0.0,0.0,0.0,0.0,0,,,False,False,False,False,,,False,False,False,False,1112093.0,383796.04363398254,False,False,False,False,151932.9728580578,False,False,False,False
2024-06-12 17:00:00+00:00,66.455,66.48,65.34,65.49,191487.0,,,,,,,,,,,,"rgba(38, 166, 154, 1.0)",7.776240686618151,65.73983919451868,-0.03212853158578598,66.77632910886334,10.122597556960727,True,False,True,False,True,0.0,0.0,0.0,0.0,0.0,0,,,False,False,False,False,,,False,False,False,False,1303580.0,398056.2600117503,False,False,False,False,152546.21358894062,False,False,False,False
2024-06-13 17:00:00+00:00,64.695,65.16,64.42,64.705,76614.0,,,,,,,,,,,,"rgba(38, 166, 154, 1.0)",7.7540428879460945,65.75243908689369,-0.13508296278860757,67.40504592509718,10.685204302466467,True,False,True,False,True,0.0,0.0,0.0,0.0,0.0,0,,,False,False,False,False,,,False,False,False,False,1226966.0,410907.5738100177,False,False,False,False,151368.96996740665,False,False,False,False
2024-06-14 17:00:00+00:00,68.03,68.205,66.82,67.67,564968.0,,,,,,,,,,,,"rgba(38, 166, 154, 1.0)",7.709947022521581,66.1664885057592,0.19500931586804413,70.83645079233216,13.999951902617184,True,False,True,False,True,0.0,0.0,0.0,0.0,0.0,0,,,False,False,False,False,,,False,False,False,False,1791934.0,432318.83623156784,False,False,False,False,157781.35802992748,False,False,False,False
2024-06-17 17:00:00+00:00,65.98,66.74,65.98,66.54,188851.0,,,,,,,,,,,,"rgba(38, 166, 154, 1.0)",7.6778349654545215,66.18165043722767,0.04667325676895665,70.27418941404122,13.999951902617184,True,False,True,False,True,0.0,0.0,0.0,0.0,0.0,0,,,False,False,False,False,,,False,False,False,False,1603083.0,450470.21861557453,False,False,False,False,158263.05790543248,False,False,False,False
2024-06-18 17:00:00+00:00,64.4,64.555,64.065,64.26,104882.0,,,,,,,,,,,,"rgba(38, 166, 154, 0.75)",7.681082808309475,66.14361778200386,-0.24522815715072563,65.29278761313587,13.999951902617184,True,False,True,False,False,0.0,0.0,0.0,0.0,0.0,0,,,False,False,False,False,,,False,False,False,False,1498201.0,466714.10669905395,False,False,False,False,157435.44460457304,False,False,False,False
2024-06-19 17:00:00+00:00,64.26,64.26,64.26,64.26,0.0,,,,,,,,,,,,"rgba(38, 166, 154, 0.75)",7.677584204436671,66.14361778200386,-0.24533990534618436,61.97185307919898,18.952733345617034,True,False,True,False,False,0.0,0.0,0.0,0.0,0.0,0,,,False,False,False,False,,,False,False,False,False,1498201.0,482706.15155643295,False,False,False,False,154994.5849983006,False,False,False,False
2024-06-20 17:00:00+00:00,63.605,64.1,63.16,63.865,50090.0,,,,,,,,,,,,"rgba(38, 166, 154, 0.75)",7.66130396247301,66.12173145027946,-0.29456231750280243,58.98363315070273,16.07870385955181,True,False,True,False,False,0.0,0.0,0.0,0.0,0.0,0,,,False,False,False,False,,,False,False,False,False,1448111.0,497673.66858656576,False,False,False,False,153368.15732390832,False,False,False,False
2024-06-21 17:00:00+00:00,64.44,65.19,64.37,65.075,86387.0,,,,,,,,,,,,"rgba(38, 166, 154, 0.75)",7.621594671283206,66.10839170536534,-0.1355873344011544,58.97127443022353,15.856860065922419,True,False,True,False,False,0.0,0.0,0.0,0.0,0.0,0,,,False,False,False,False,,,False,False,False,False,1534498.0,513748.46442243294,False,False,False,False,152329.6897684989,False,False,False,False
2024-06-24 17:00:00+00:00,64.515,64.55,63.41,64.315,94101.0,,,,,,,,,,,,"rgba(38, 166, 154, 0.75)",7.599938897336113,66.08167567879833,-0.23245919508873697,57.35210826954842,13.990116649070742,True,False,True,False,False,0.0,0.0,0.0,0.0,0.0,0,,,False,False,False,False,,,False,False,False,False,1440397.0,528115.1083848758,False,False,False,False,151426.91938449116,False,False,False,False
2024-06-25 17:00:00+00:00,64.615,65.23,64.6,64.78,86466.0,,,,,,,,,,,,"rgba(38, 166, 154, 0.75)",7.554648621398085,66.07233819812073,-0.171065295407686,57.08971636321553,13.329994154237248,True,False,True,False,False,0.0,0.0,0.0,0.0,0.0,0,,,False,False,False,False,,,False,False,False,False,1526863.0,543599.5718207692,False,False,False,False,150419.77334752228,False,False,False,False
2024-06-26 17:00:00+00:00,65.005,65.53,64.97,65.445,263785.0,,,,,,,,,,,,"rgba(38, 166, 154, 0.75)",7.463400834003771,66.06924767428939,-0.08364118291024611,58.06062376331544,13.329994154237248,True,False,True,False,False,0.0,0.0,0.0,0.0,0.0,0,,,False,False,False,False,,,False,False,False,False,1790648.0,562933.6559785868,False,False,False,False,152177.37376073896,False,False,False,False
2024-06-27 17:00:00+00:00,66.52,66.84,66.385,66.39,69557.0,,,,,,,,,,,,"rgba(38, 166, 154, 1.0)",7.370412219087779,66.08279836932853,0.041680386597086866,60.20529691338311,13.329994154237248,True,False,True,False,True,0.0,0.0,0.0,0.0,0.0,0,,,False,False,False,False,,,False,False,False,False,1860205.0,583046.3899944226,False,False,False,False,150896.4377334407,False,False,False,False
2024-06-28 17:00:00+00:00,66.025,66.285,65.47,66.08,77402.0,,,,,,,,,,,,"rgba(38, 166, 154, 1.0)",7.2940536203276825,66.08985871308113,-0.00135160962536038,60.77947456610104,13.329994154237248,True,False,True,False,True,0.0,0.0,0.0,0.0,0.0,0,,,False,False,False,False,,,False,False,False,False,1782803.0,601647.2676689276,False,False,False,False,149756.98908641058,False,False,False,False
2024-07-01 17:00:00+00:00,63.775,64.72,63.64,64.63,61688.0,,,,,,,,,,,,"rgba(38, 166, 154, 0.75)",7.214778532933524,66.07959441460213,-0.20092015409553085,57.587762356391366,12.68893965495564,True,False,True,False,False,0.0,0.0,0.0,0.0,0.0,0,,,False,False,False,False,,,False,False,False,False,1721115.0,619003.3565422774,False,False,False,False,148391.57840290034,False,False,False,False
2024-07-02 17:00:00+00:00,65.605,66.125,65.49,66.06,79022.0,,,,,,,,,,,,"rgba(38, 166, 154, 0.75)",7.123126324208335,66.08600711548722,-0.003651081604271329,58.08122072208213,12.68893965495564,True,False,True,False,False,0.0,0.0,0.0,0.0,0.0,0,,,False,False,False,False,,,False,False,False,False,1800137.0,637315.5060532498,False,False,False,False,147316.08106332048,False,False,False,False
2024-07-03 17:00:00+00:00,66.76,66.76,66.76,66.76,0.0,,,,,,,,,,,,"rgba(38, 166, 154, 0.75)",6.933249305190679,66.08600711548722,0.0972116903409474,59.52238054535607,12.68893965495564,True,False,True,False,False,0.0,0.0,0.0,0.0,0.0,0,,,False,False,False,False,-0.13753584706602792,-0.13753584706602792,False,False,False,False,1800137.0,655343.7462694785,False,False,False,False,145032.11081427676,False,False,False,False
2024-07-04 17:00:00+00:00,66.76,66.76,66.76,66.76,0.0,,,,,,,,,,,,"rgba(38, 166, 154, 1.0)",6.779172663385929,66.08600711548722,0.09942111198214446,60.483153760872035,12.68893965495564,True,False,True,False,True,0.0,0.0,0.0,0.0,0.0,0,0.8914556193866816,0.8458208592928232,False,False,False,False,-0.13753584706602792,-0.13753584706602792,False,False,False,False,1800137.0,673092.4788854555,False,False,False,False,142783.55095669106,False,False,False,False
2024-07-05 17:00:00+00:00,67.43,68.05,67.25,67.63,55188.0,,,,,,,,,,,,"rgba(38, 166, 154, 1.0)",6.641788383253941,66.10496557287455,0.22961201699387837,62.54790409040354,12.68893965495564,True,False,True,False,True,0.0,0.0,0.0,0.0,0.0,0,0.886146464441101,0.8470906355467003,False,False,False,False,-0.11966813883422922,-0.12860199295012859,False,False,False,False,1855325.0,691421.6652593244,False,False,False,False,141425.48039922296,False,False,False,False
2024-07-08 17:00:00+00:00,67.32,67.525,66.94,67.36,58410.0,,,,,,,,,,,,"rgba(38, 166, 154, 1.0)",6.505161736361001,66.1212054065487,0.1904325585829764,63.07615348325062,8.912190891273333,True,False,True,False,True,0.0,0.0,0.0,0.0,0.0,0,0.8803161153658138,0.8524523382760307,False,False,False,False,-0.12803974771894855,-0.12832087033453857,False,False,False,False,1796915.0,708561.0968056915,False,False,False,False,140138.41868760707,False,False,False,False
2024-07-09 17:00:00+00:00,66.465,66.765,65.905,66.125,102704.0,,,,,,,,,,,,"rgba(38, 166, 154, 0.75)",6.360270496117506,66.1335212578363,-0.0013397634332547013,59.91912701900142,8.912190891273333,True,False,True,False,False,0.0,0.0,0.0,0.0,0.0,0,0.8779929721336929,0.8550093977282015,False,False,False,False,-0.14609837253463853,-0.13720962143458854,False,False,False,False,1694211.0,723842.4906536653,False,False,False,False,139558.0401033031,False,False,False,False
2024-07-10 17:00:00+00:00,65.2,65.78,65.1,65.6,155749.0,,,,,,,,,,,,"rgba(38, 166, 154, 0.75)",6.203920358193667,66.13422909688948,-0.08611153368271739,56.51380345681602,10.89377594760014,True,False,True,False,False,0.0,0.0,0.0,0.0,0.0,0,0.8682737487231867,0.8588559754851889,False,False,False,False,-0.16420141191572143,-0.15070551667515497,False,False,False,False,1538462.0,736472.2504884922,False,False,False,False,139809.0627373604,False,False,False,False
2024-07-11 17:00:00+00:00,64.935,65.665,64.845,65.32,131776.0,,,,,,,,,,,,"rgba(38, 166, 154, 0.5)",6.077537095250276,66.13086431530176,-0.13341988746320918,53.55028760482078,8.172844697902477,False,False,True,False,False,0.0,0.0,0.0,0.0,0.0,0,0.8660056195789387,0.8573319216516677,False,False,False,False,-0.1679563374465247,-0.15933092706083984,False,False,False,False,1406686.0,746863.1613336318,False,False,False,False,139684.5191290292,False,False,False,False
2024-07-12 17:00:00+00:00,65.24,65.26,64.63,64.91,146616.0,,,,,,,,,,,,#000000,5.945186063053311,66.12063333985311,-0.203632540178459,50.55088459040692,5.443733846677183,False,False,False,False,False,0.0,0.0,0.0,0.0,0.0,0,0.8667725320140881,0.8595859036218166,False,False,False,False,-0.1742589649999861,-0.16679494603041298,False,False,False,False,1260070.0,754819.8565067538,False,False,False,False,139791.98394873418,False,False,False,False
2024-07-15 17:00:00+00:00,64.83,64.885,63.935,64.23,154256.0,,,,,,,,,,,,"rgba(239, 83, 80, 1.0)",5.78069495105183,66.09892030421842,-0.3233037411666844,46.95626574933883,2.185849903905776,False,True,False,True,False,0.0,0.0,0.0,0.0,0.0,0,0.8691097333906246,0.8588586745237659,False,False,False,False,-0.18516870148948392,-0.17598182375994845,False,False,False,False,1105814.0,760261.6261733158,False,False,False,False,140016.2322596065,False,False,False,False
2024-07-16 17:00:00+00:00,69.135,70.025,68.52,69.71,137056.0,,,,,,,,,,,,"rgba(38, 166, 154, 0.5)",5.622497815444989,66.43757863291519,0.5820227013864672,54.46511500612668,-1.5216810428462466,False,False,True,False,True,2.2046185377799894,0.0,0.0,0.0,0.0,0,0.8818709664367071,0.8514434845940644,False,False,False,False,-0.08728132822117433,-0.13163157599056138,False,False,False,False,1242870.0,767743.9265427218,False,False,False,False,139970.33718581416,False,False,False,False
2024-07-17 17:00:00+00:00,64.39,64.87,63.73,64.835,167427.0,,,,,,,,,,,,#000000,5.50523106845808,66.19154582723758,-0.246410334165597,51.81539674285495,-1.5216810428462466,False,False,False,False,True,0.0,0.0,0.0,0.0,0.0,0,0.874262750664774,0.8606273866885261,False,False,False,False,-0.187417153815824,-0.1595243649031927,False,False,False,False,1075443.0,772514.4548133772,False,False,False,False,140396.02188060773,False,False,False,False
2024-07-18 17:00:00+00:00,63.93,64.08,62.77,63.18,57871.0,,,,,,,,,,,,"rgba(239, 83, 80, 1.0)",5.4091953723798465,66.13310862667593,-0.5459423118186755,48.3109191854351,5.224876103052033,False,True,False,True,False,0.0,0.0,0.0,0.0,0.0,0,0.8574420970734334,0.8652422845971235,False,False,False,False,-0.20537142856906215,-0.18244789673612744,False,False,False,False,1017572.0,776313.7965992163,False,False,False,False,139116.56417703241,False,False,False,False
2024-07-19 17:00:00+00:00,63.25,63.49,62.81,63.16,75017.0,,,,,,,,,,,,"rgba(239, 83, 80, 1.0)",5.294959576702912,66.07108010280562,-0.5497832534197195,45.95365287135046,3.093687117658966,False,True,False,True,False,0.0,0.0,0.0,0.0,0.0,0,0.8565254796822792,0.8674496308597269,False,False,False,False,-0.2110407464807441,-0.19674432160843577,False,False,False,False,942555.0,778891.179597678,False,False,False,False,138122.77248436524,False,False,False,False
2024-07-22 17:00:00+00:00,62.155,63.02,62.065,62.705,127001.0,,,,,,,,,,,,"rgba(239, 83, 80, 1.0)",5.197703597232496,65.97524048374582,-0.6291702523181688,43.86688678110112,1.074685756944838,False,True,False,True,False,0.0,0.0,0.0,0.0,0.0,0,0.8494897447721396,0.8725063656595228,False,False,False,False,-0.22361287738024163,-0.2101785994943387,False,False,False,False,815554.0,779459.595417869,False,False,False,False,137950.34190321228,False,False,False,False
2024-07-23 17:00:00+00:00,63.03,63.385,62.66,62.67,51167.0,,,,,,,,,,,,"rgba(239, 83, 80, 1.0)",5.082206711957119,65.94749849830417,-0.6448967316880405,42.43293010202407,-0.4608177863557259,False,True,False,True,False,0.0,0.0,0.0,0.0,0.0,0,0.8571831837886883,0.866256679100716,False,False,False,False,-0.21367376992378082,-0.21192618470905977,False,False,False,False,764387.0,779225.9117679796,False,False,False,False,136604.86373417024,False,False,False,False
2024-07-24 17:00:00+00:00,60.04,60.4,59.17,59.275,240879.0,,,,,,,,,,,,"rgba(239, 83, 80, 1.0)",5.060535259941978,65.68542323286219,-1.2667480619304474,38.037348829861955,-4.766081008869492,False,True,False,True,False,0.0,0.0,0.0,0.0,0.0,0,0.8475520551514059,0.8773722920299007,False,False,False,False,-0.2816285814105875,-0.24677738305982364,False,False,False,False,523508.0,775261.2929808792,False,False,False,False,138221.51700960944,False,False,False,False
2024-07-25 17:00:00+00:00,60.755,60.97,59.385,59.44,54240.0,,,,,,,,,,,,"rgba(239, 83, 80, 1.0)",5.038539731968928,65.63987800630868,-1.2304910422698863,35.43854653506229,-7.335062328864986,False,True,False,True,False,0.0,0.0,0.0,0.0,0.0,0,0.8469655933393521,0.8802688333834892,False,False,False,False,-0.27326567972141425,-0.26002153139061895,False,False,False,False,577748.0,772199.0713842764,False,False,False,False,136919.47798620464,False,False,False,False
2024-07-26 17:00:00+00:00,60.63,60.67,59.815,59.96,85548.0,,,,,,,,,,,,"rgba(239, 83, 80, 1.0)",5.030369142688296,65.57602191158215,-1.116423417900673,34.810069582873076,-8.170661807403519,False,True,False,True,False,0.0,0.0,0.0,0.0,0.0,0,0.8501898238354458,0.8796175401241391,False,False,False,False,-0.2718843624617584,-0.26595294692618865,False,False,False,False,663296.0,770510.6516728923,False,False,False,False,136123.0209631627,False,False,False,False
2024-07-29 17:00:00+00:00,60.175,60.275,59.78,59.88,62586.0,,,,,,,,,,,,"rgba(239, 83, 80, 1.0)",5.038044181145102,65.53022789534423,-1.1215121765883318,34.299923978140896,-9.043122012914978,False,True,False,True,False,0.0,0.0,0.0,0.0,0.0,0,0.8581894719799236,0.878711218149805,False,False,False,False,-0.2764572322097943,-0.2712050895679915,False,False,False,False,600710.0,767878.0834299017,False,False,False,False,134982.91211102065,False,False,False,False
2024-07-30 17:00:00+00:00,59.02,59.72,58.935,59.185,58616.0,,,,,,,,,,,,"rgba(239, 83, 80, 1.0)",5.050884284365748,65.4822387891256,-1.246759663177744,33.141334578195696,-10.584011977722163,False,True,False,True,False,0.0,0.0,0.0,0.0,0.0,0,0.8586169405296737,0.8706792212854128,False,False,False,False,-0.2914251928876383,-0.28131514122781487,False,False,False,False,542094.0,764377.555004632,False,False,False,False,133798.92897751645,False,False,False,False
2024-07-31 17:00:00+00:00,60.875,61.87,60.66,61.21,234522.0,,,,,,,,,,,,"rgba(239, 83, 80, 0.75)",5.028840003796363,65.37980148358508,-0.8291775996924189,36.859634809526625,-10.584011977722163,False,True,False,True,True,0.0,0.0,0.0,0.0,0.0,0,0.8540690287237809,0.8726280489074968,False,False,False,False,-0.25028428725357843,-0.26579971424069665,False,False,False,False,776616.0,764567.2983378934,False,False,False,False,135360.52697786503,False,False,False,False
2024-08-01 17:00:00+00:00,58.605,58.635,57.25,58.16,140528.0,,,,,,,,,,,,"rgba(239, 83, 80, 0.75)",5.038846460118373,65.25622462018997,-1.408303403637202,35.67494405095622,-10.584011977722163,False,True,False,True,True,0.0,0.0,0.0,0.0,0.0,0,0.8510106229074526,0.8760178564047454,False,False,False,False,-0.3214261357108962,-0.2936129249757964,False,False,False,False,636088.0,762575.3712318796,False,False,False,False,135440.64283867332,False,False,False,False
2024-08-02 17:00:00+00:00,54.4,54.63,53.685,54.44,174875.0,,,,,,,,,,,,"rgba(239, 83, 80, 1.0)",5.119506110926971,65.02239760043871,-2.067073926887567,32.06548174944447,-11.99968268732787,False,True,False,True,False,0.0,0.0,0.0,0.0,0.0,0,0.8495359960753854,0.877580638567516,False,False,False,False,-0.34282825441539394,-0.3182205896955952,False,False,False,False,461213.0,757903.0864065791,False,False,False,False,136052.02822101946,False,False,False,False
2024-08-05 17:00:00+00:00,52.56,53.19,51.865,52.29,126064.0,,,,,,,52.44833333333332,,,,52.44833333333332,"rgba(239, 83, 80, 1.0)",5.233908786861684,63.882616837553655,-2.2149061647107406,28.485309868308434,-15.465102967437012,False,True,False,True,False,0.0,0.0,0.0,0.0,0.0,0,0.8328880302532062,0.8838375534363699,False,False,False,False,-0.34282825441539394,-0.3305244220554946,False,False,False,False,335149.0,751348.7594855468,True,False,False,False,135897.175070306,False,False,False,False
2024-08-06 17:00:00+00:00,54.45,54.88,53.98,54.145,267078.0,,,,,,,53.7300258515583,,,,53.7300258515583,"rgba(239, 83, 80, 1.0)",5.205371365623472,63.70511269559113,-1.8365861000286325,29.27004815607659,-15.465102967437012,False,True,False,True,False,0.0,0.0,0.0,0.0,0.0,0,0.8293355844262801,0.8820852807346253,False,False,False,False,-0.3060493270750292,-0.3182868745652619,False,False,False,False,602227.0,749036.794222205,False,False,False,False,137930.98630952605,False,False,False,False
2024-08-07 17:00:00+00:00,66.33,66.475,63.59,63.9,374060.0,,,,,,,59.05664886605266,,,,59.05664886605266,"rgba(239, 83, 80, 0.75)",5.101691538063454,64.18612382433443,-0.05608410900574384,39.40806286737467,-17.26923246842167,False,True,False,True,True,0.0,0.0,0.0,0.0,0.0,0,0.8327840863972048,0.8797149209878505,False,False,False,False,-0.11071373085436698,-0.21450030270981443,False,False,False,False,976287.0,752560.0532265118,False,False,False,False,141591.90125046365,False,False,False,False
2024-08-08 17:00:00+00:00,67.795,68.78,67.47,68.565,283979.0,,,,,,,61.54610742742369,,,,61.54610742742369,#000000,5.06969048311564,64.5240475292501,0.7970807062498386,48.62949960558147,-9.16222474559757,False,True,False,False,True,2.792615851782969,0.0,0.0,0.0,0.0,0,0.8380836394350704,0.8656426172189595,False,False,False,False,0.006499232354306854,-0.10400053517775379,False,False,False,False,1260266.0,760431.4632540077,False,False,False,False,143799.4531690611,False,False,False,False
2024-08-09 17:00:00+00:00,68.48,69.325,68.395,69.31,212022.0,,,,,,,62.79888265913449,,,,62.79888265913449,"rgba(38, 166, 154, 0.5)",5.0316685723147865,64.73354655809372,0.9095299851597566,55.126984297520266,-3.716054118650419,False,False,True,False,True,3.5128399053676205,0.0,0.0,0.0,0.0,0,0.8432222541808769,0.8487488186711595,False,False,False,False,0.02235969399067079,-0.040820420593541504,False,False,False,False,1472288.0,771467.9987074339,False,False,False,False,144857.16707341676,False,False,False,False
2024-08-12 17:00:00+00:00,68.475,68.83,68.045,68.325,147251.0,,,,,,,63.383637730593605,,,,63.383637730593605,"rgba(38, 166, 154, 1.0)",4.951194694303547,64.843023778594,0.7032598062467805,58.43077557274319,-1.0617614358976226,True,False,True,False,True,2.470341588670472,0.0,0.0,0.0,0.0,0,0.8376814599751142,0.8598714226462053,False,False,False,False,0.013241763218446136,-0.013789328687547684,False,False,False,False,1325037.0,780050.4638437527,False,False,False,False,144894.280762201,False,False,False,False
2024-08-13 17:00:00+00:00,69.68,70.07,69.225,69.905,104755.0,,,,,,,63.82262823478477,,,,63.82262823478477,"rgba(38, 166, 154, 1.0)",4.945653727546186,64.93369457993974,1.0051867142196391,61.513365251775014,1.6765916563957788,True,False,True,False,True,4.013133880001369,0.0,0.0,0.0,0.0,0,0.828580375782881,0.8610020876826725,False,False,False,False,0.06010333349272654,0.02315700240258943,False,False,False,False,1429792.0,790123.9760322217,False,False,False,False,144271.9663317793,False,False,False,False
2024-08-14 17:00:00+00:00,71.02,71.73,70.86,71.605,213571.0,,,,,,,64.75851996976674,,,,64.75851996976674,"rgba(38, 166, 154, 1.0)",4.970554709196531,65.14797795421497,1.2990546173525146,64.47076338822984,4.511409507507693,True,False,True,False,True,5.633114366459246,0.0,0.0,0.0,0.0,0,0.8436520458609448,0.8554538760913016,False,False,False,False,0.10068893357197654,0.06192296798728299,False,False,False,False,1643363.0,803352.4880317221,False,False,False,False,145346.3699545424,False,False,False,False
2024-08-15 17:00:00+00:00,74.015,74.905,74.005,74.86,199234.0,,,,,,,65.77446959064267,,,,65.77446959064267,"rgba(38, 166, 154, 1.0)",5.049182252049643,65.40694794931088,1.872194660204985,67.9510684547796,7.963606840011906,True,False,True,False,True,8.593957340268226,0.0,0.0,0.0,0.0,0,0.8449424214130097,0.8476812947401186,False,False,False,False,0.1930371066687742,0.1274800373280286,False,False,False,False,1842597.0,819464.8060467342,False,False,False,False,146181.83708703012,False,False,False,False
2024-08-16 17:00:00+00:00,75.095,75.21,74.5,74.525,68402.0,,,,,,,66.08182147575121,,,,66.08182147575121,"rgba(38, 166, 154, 1.0)",5.051291980837613,65.49119502703273,1.7884147278038114,69.83708256439914,10.042529053471043,True,False,True,False,True,8.220910487437706,0.0,0.0,0.0,0.0,0,0.8527244094488191,0.8445774278215227,False,False,False,False,0.2029124470103182,0.1651962421691734,False,False,False,False,1774195.0,834266.8245576376,False,False,False,False,144975.94813994435,False,False,False,False
2024-08-19 17:00:00+00:00,74.495,75.175,74.36,75.145,120442.0,,,,,,,66.5831664460567,,,,66.5831664460567,"rgba(38, 166, 154, 1.0)",4.972648788419676,65.63520682103785,1.9124200368038429,71.40177864749923,11.96599885515559,True,False,True,False,True,8.779001497638681,0.0,0.0,0.0,0.0,0,0.8598174584600984,0.8386485968980707,False,False,False,False,0.20074894205157742,0.18297259211037542,False,False,False,False,1894637.0,850706.6722389145,False,False,False,False,144595.57685095296,False,False,False,False
2024-08-20 17:00:00+00:00,74.325,75.15,74.17,74.86,111993.0,,,,,,,66.99235262324251,,,,66.99235262324251,"rgba(38, 166, 154, 1.0)",4.896618499508453,65.7600494197428,1.8584152678365076,72.00399855232186,13.11504314108376,True,False,True,False,True,8.451865993915458,0.0,0.0,0.0,0.0,0,0.8578215206322833,0.8390319763106883,False,False,False,False,0.19809345587700353,0.1905330239936895,False,False,False,False,1782644.0,865155.3129793965,False,False,False,False,144090.11054318625,False,False,False,False
2024-08-21 17:00:00+00:00,75.24,76.125,75.015,76.105,135435.0,,,,,,,67.49392741050224,,,,67.49392741050224,"rgba(38, 166, 154, 1.0)",5.118976904572657,65.91950538893411,1.9897520150886867,73.12190363561285,14.826683536402726,True,False,True,False,True,9.59036496358397,0.0,0.0,0.0,0.0,0,0.8599974381964904,0.8394816617565437,False,False,False,False,0.22066370889388656,0.20559836644378804,False,False,False,False,1918079.0,881479.711227778,False,False,False,False,143955.92278282676,False,False,False,False
2024-08-22 17:00:00+00:00,74.78,74.925,74.225,74.33,88030.0,,,,,,,67.74518283736681,,,,67.74518283736681,"rgba(38, 166, 154, 1.0)",5.272413620666166,66.00598496771019,1.5787864213957619,71.00355459130661,14.826683536402726,True,False,True,False,True,7.5361591929088405,0.0,0.0,0.0,0.0,0,0.8500352330721105,0.845209369861844,False,False,False,False,0.19599572153779568,0.20079704399079185,False,False,False,False,1830049.0,896186.2118288977,False,False,False,False,143088.85421255036,False,False,False,False
2024-08-23 17:00:00+00:00,76.085,76.44,75.95,76.14,47766.0,,,,,,,67.90627285625033,,,,67.90627285625033,"rgba(38, 166, 154, 1.0)",5.442516655881569,66.7833944903087,1.7191689252029934,70.87251194558891,14.826683536402726,True,False,True,False,True,9.198846923698017,0.0,0.0,0.0,0.0,0,0.8557759924989882,0.8379610884991588,False,False,False,False,0.2362930775198042,0.218545060755298,False,False,False,False,1877815.0,911405.2628082946,False,False,False,False,141610.98050382864,False,False,False,False
2024-08-26 17:00:00+00:00,75.72,75.745,74.92,74.945,42541.0,,,,,,,68.02836105011767,,,,68.02836105011767,"rgba(38, 166, 154, 0.75)",5.562317969893214,66.79092626056617,1.4659488694405525,68.92322581948054,14.826683536402726,True,False,True,False,False,7.823673803488312,0.0,0.0,0.0,0.0,0,0.8563447555280724,0.8376655223148606,False,False,False,False,0.21475264610934514,0.21664885343232157,False,False,False,False,1835274.0,925728.8091213444,False,False,False,False,140075.0118138468,False,False,False,False
2024-08-27 17:00:00+00:00,74.395,74.865,74.32,74.545,57971.0,,,,,,,68.17433224935021,,,,68.17433224935021,"rgba(38, 166, 154, 0.75)",5.651511618724266,66.80920404719419,1.368801211905151,66.99670177248191,14.826683536402726,True,False,True,False,False,7.364205291887867,0.0,0.0,0.0,0.0,0,0.8523482759357836,0.8432416255157232,False,False,False,False,0.19642746822576218,0.20653816082904186,False,False,False,False,1777303.0,938931.509755122,False,False,False,False,138802.08139812824,False,False,False,False
2024-08-28 17:00:00+00:00,72.545,72.78,71.765,72.53,49477.0,,,,,,,68.2524478249828,,,,68.2524478249828,"rgba(38, 166, 154, 0.75)",5.696896628709092,66.78791290774392,1.007932470341705,62.74781389025861,18.974019576367482,True,False,True,False,False,5.080617769946947,0.0,0.0,0.0,0.0,0,0.8442763982411796,0.85054272787136,False,False,False,False,0.13975329855272756,0.1731457296908847,False,False,False,False,1727826.0,951162.4320845,False,False,False,False,137417.1964152115,False,False,False,False
2024-08-29 17:00:00+00:00,74.035,74.265,73.23,73.295,47842.0,,,,,,,68.34721667698946,,,,68.34721667698946,"rgba(38, 166, 154, 0.75)",5.73654989149894,66.81003331358349,1.1304646188167318,60.780561949375254,16.9064383956741,True,False,True,False,False,5.823632140121834,0.0,0.0,0.0,0.0,0,0.851036324333489,0.840927393718476,False,False,False,False,0.17565950311419137,0.17440261640253804,False,False,False,False,1775668.0,963945.4641452054,False,False,False,False,136028.43368009193,False,False,False,False
2024-08-30 17:00:00+00:00,73.705,74.215,73.535,74.05,52100.0,,,,,,,68.45304769589573,,,,68.45304769589573,"rgba(38, 166, 154, 0.75)",5.795720947932636,66.84427073711997,1.2432843692121425,60.32161172681977,16.184137424043783,True,False,True,False,False,6.556108755359787,0.0,0.0,0.0,0.0,0,0.8579762795170426,0.8372903087936748,False,False,False,False,0.17878311459679627,0.17659286549966716,False,False,False,False,1827768.0,977338.0616003185,False,False,False,False,134727.21765404398,False,False,False,False
2024-09-02 17:00:00+00:00,74.05,74.05,74.05,74.05,0.0,,,,,,,68.45304769589573,,,,68.45304769589573,"rgba(38, 166, 154, 0.75)",5.852642767191522,66.84427073711997,1.231192394532189,60.01564491178278,15.505721783213644,True,False,True,False,False,6.556108755359787,0.0,0.0,0.0,0.0,0,0.8577773963049593,0.8369632856253894,False,False,False,False,0.18307606494766268,0.17983446522366492,False,False,False,False,1827768.0,990523.0218855849,False,False,False,False,132638.42358188826,False,False,False,False
2024-09-03 17:00:00+00:00,71.965,72.08,70.82,71.24,105318.0,,,,,,,68.56100742552556,,,,68.56100742552556,"rgba(38, 166, 154, 0.5)",5.821926411776693,66.84147757961098,0.7555097933721057,55.4900529742437,10.974718716063634,False,False,True,False,False,3.3414503346518636,0.0,0.0,0.0,0.0,0,0.8502624727924547,0.8452050702061374,False,False,False,False,0.11989117060907437,0.14986281791636963,False,False,False,False,1722450.0,1001870.7269726301,False,False,False,False,132214.85112325434,False,False,False,False
2024-09-04 17:00:00+00:00,70.76,70.845,69.625,70.3,60773.0,,,,,,,68.59634577390472,,,,68.59634577390472,#000000,5.802481484535499,66.83315519807714,0.597476236875987,51.298076028249184,6.979089712044768,False,False,False,False,False,2.301383940784241,0.0,0.0,0.0,0.0,0,0.8378817344474604,0.8560895860491958,False,False,False,False,0.0907175495145867,0.12029018371547817,False,False,False,False,1661677.0,1012100.2815932095,False,False,False,False,131107.2255244442,False,False,False,False
2024-09-05 17:00:00+00:00,70.015,70.66,69.72,70.085,52282.0,,,,,,,68.62379825489901,,,,68.62379825489901,"rgba(239, 83, 80, 1.0)",5.7582556582027635,66.83020811874981,0.5652392103524722,48.22940094043428,4.115704268523949,False,True,False,True,False,2.062604094815029,0.0,0.0,0.0,0.0,0,0.8416407839777232,0.8520081396594199,False,False,False,False,0.08964029872751128,0.10496524122149473,False,False,False,False,1609395.0,1021360.6648243226,False,False,False,False,129885.12900468537,False,False,False,False
2024-09-06 17:00:00+00:00,66.145,67.295,66.05,67.015,132828.0,,,,,,66.78666666666668,68.54511212920704,,,,67.66588939793687,"rgba(239, 83, 80, 1.0)",5.673896168395105,66.74814589273608,0.04703189824839632,42.88201811672849,-0.801007033586643,False,True,False,True,False,0.0,0.0,0.0,0.0,0.0,0,0.8354647833556024,0.8612754766600924,False,False,False,False,0.005877022740698662,0.055421131981096695,False,False,False,False,1476567.0,1028418.1273851857,False,False,False,False,129930.75491158947,False,False,False,False
2024-09-09 17:00:00+00:00,68.4,68.45,67.82,68.12,40890.0,,,,,,67.10286245524355,68.53971003718102,,,,67.82128624621228,"rgba(239, 83, 80, 1.0)",5.589858044257823,66.76138239342195,0.24305046672405026,41.283556359069124,-2.2166718356465296,False,True,False,True,False,0.0,0.0,0.0,0.0,0.0,0,0.8335429680005119,0.8621101328159979,False,False,False,False,0.0406267611221665,0.0480239465516316,False,False,False,False,1517457.0,1036000.1254102215,False,False,False,False,128550.27809125475,False,False,False,False
2024-09-10 17:00:00+00:00,67.34,68.25,67.315,68.17,250163.0,,,,,,67.58019663144452,68.49339492881899,,,,68.03679578013175,"rgba(239, 83, 80, 1.0)",5.525719775380849,66.76146439109004,0.2549053636750657,40.30890640036402,-3.2368576191088323,False,True,False,True,False,0.0,0.0,0.0,0.0,0.0,0,0.833667462890292,0.8613931069783317,False,False,False,False,0.03224538470981243,0.040134665630722016,False,False,False,False,1767620.0,1047343.0692023111,False,False,False,False,130435.74664797948,False,False,False,False
2024-09-11 17:00:00+00:00,70.525,71.75,70.47,71.625,144625.0,,,,,,68.52183155498798,68.6074085317467,,,,68.56462004336734,"rgba(239, 83, 80, 0.75)",5.493718983554694,66.88844601402448,0.862176241659661,44.90381438848564,-3.2368576191088323,False,True,False,True,True,3.6020453076964003,0.0,0.0,0.0,0.0,0,0.8436324443129467,0.8556997337165563,False,False,False,False,0.11170898607228553,0.07592182585150378,False,False,False,False,1912245.0,1060752.4014627403,False,False,False,False,130655.7350720418,False,False,False,False
2024-09-12 17:00:00+00:00,71.84,71.94,71.295,71.32,91479.0,,,,,,68.93716976143398,68.68079917728002,,,,68.808984469357,#000000,5.4550608141876324,66.95773600162103,0.7996728445324568,47.521295240743186,-9.21200487658298,False,True,False,False,True,3.26212033641065,0.0,0.0,0.0,0.0,0,0.8489782074111764,0.8534723988806923,False,False,False,False,0.12392791418830747,0.09992487001990563,False,False,False,False,1820766.0,1072535.5580292093,False,False,False,False,130048.34383061479,False,False,False,False
2024-09-13 17:00:00+00:00,72.64,72.685,72.115,72.45,77079.0,,,,,,69.30104066268329,68.75851090735718,,,,69.02977578502023,#000000,5.436961166840231,67.02511905704775,0.9977781294518617,50.73746478254857,-6.116527135498714,False,False,False,False,True,4.4161241743565505,0.0,0.0,0.0,0.0,0,0.8443705805140369,0.8525003175678538,False,False,False,False,0.14284167154936206,0.12138327078463385,False,False,False,False,1897845.0,1085331.0532535624,False,False,False,False,129227.11369370602,False,False,False,False
2024-09-16 17:00:00+00:00,72.77,73.695,72.655,73.58,94436.0,,,,,,69.75635044497895,68.8716259913236,,,,69.31398821815128,"rgba(38, 166, 154, 0.5)",5.441411964846084,67.11714920868125,1.1877157680895332,54.239340413032096,-2.767922143803169,False,False,True,False,True,5.556025374755471,0.0,0.0,0.0,0.0,0,0.84386585235187,0.8622736526304513,False,False,False,False,0.1616747063812597,0.14152898858294677,False,False,False,False,1992281.0,1099392.2927380032,False,False,False,False,128687.7165821757,False,False,False,False
2024-09-17 17:00:00+00:00,74.0,74.83,73.85,74.485,85676.0,,,,,,70.18903704596137,68.99326847656359,,,,69.59115276126248,"rgba(38, 166, 154, 1.0)",5.471510938941264,67.21117982525332,1.3293988179715048,57.59354971352948,0.43306352009357596,True,False,True,False,True,6.460603425200503,0.0,0.0,0.0,0.0,0,0.8436405817025758,0.8565076364573714,False,False,False,False,0.21534674112872945,0.17843786485583812,False,False,False,False,2077957.0,1114563.8385870263,False,False,False,False,128020.86826307219,False,False,False,False
2024-09-18 17:00:00+00:00,75.63,76.965,75.275,75.29,79203.0,,,,,,70.63850178663607,69.13011030372122,,,,69.88430604517865,"rgba(38, 166, 154, 1.0)",5.519594239395367,67.31314435601246,1.445188776206375,60.70069818047945,3.4178534606615756,True,False,True,False,True,7.261485128287681,0.0,0.0,0.0,0.0,0,0.8501975018682613,0.8430660830575428,False,False,False,False,0.26215984677329457,0.22029885581456635,False,False,False,False,2157160.0,1130728.1201593203,False,False,False,False,127264.00208845091,False,False,False,False
2024-09-19 17:00:00+00:00,78.79,78.99,78.05,78.815,115138.0,,,,,,71.46510348919539,69.39787525381527,,,,70.43148937150534,"rgba(38, 166, 154, 1.0)",5.647851701916916,67.50586289816479,2.0023785500594524,65.69492030925696,8.12565770846959,True,False,True,False,True,10.622712816984542,0.0,0.0,0.0,0.0,0,0.8528759426290111,0.8350478443632373,False,False,False,False,0.32715128987599956,0.27372507284528297,False,False,False,False,2272298.0,1148426.8779863075,False,False,False,False,127076.00205607183,False,False,False,False
2024-09-20 17:00:00+00:00,78.575,79.51,78.425,78.855,94399.0,,,,,,72.04945494130602,69.61343777035458,,,,70.83144635583031,"rgba(38, 166, 154, 1.0)",5.766464768636576,67.65551743425767,1.9421748012153965,69.05173278295831,11.266251995011828,True,False,True,False,True,10.659680333053618,0.0,0.0,0.0,0.0,0,0.854182525585723,0.8334813499111904,False,False,False,False,0.34282825161411695,0.30827666222969996,False,False,False,False,2366697.0,1167314.786854737,False,False,False,False,126569.38186915599,False,False,False,False
2024-09-23 17:00:00+00:00,79.885,80.775,79.685,80.12,123601.0,,,,,,72.80656561618491,69.91769909767623,,,,71.36213235693057,"rgba(38, 166, 154, 1.0)",5.92547044545823,67.86150351811283,2.068780292589781,72.15491002815712,14.232151107426773,True,False,True,False,True,11.830260450508387,0.0,0.0,0.0,0.0,0,0.8599296382902528,0.8221154858960588,False,False,False,False,0.34282825174178094,0.3255524569857404,False,False,False,False,2490298.0,1187826.1545004,False,False,False,False,126523.36044482798,False,False,False,False
2024-09-24 17:00:00+00:00,79.915,80.68,79.75,80.39,108657.0,,,,,,73.37069525546514,70.17304842893321,,,,71.77187184219918,"rgba(38, 166, 154, 1.0)",6.087053601665465,68.03030452553165,2.03048901542228,74.40456207641442,16.485890302705897,True,False,True,False,True,12.079580212344176,0.0,0.0,0.0,0.0,0,0.8635633689726581,0.8219794616067282,False,False,False,False,0.3424272628555448,0.3339898599206426,False,False,False,False,2598955.0,1209704.121097293,False,False,False,False,126246.36260847405,False,False,False,False
2024-09-25 17:00:00+00:00,79.885,79.89,79.01,79.265,138498.0,,,,,,73.89929653620621,70.45385860312453,,,,72.17657756966537,"rgba(38, 166, 154, 1.0)",6.22018304675466,68.21220763523375,1.776923971800632,73.1380002753722,16.485890302705897,True,False,True,False,True,10.642439380715643,0.0,0.0,0.0,0.0,0,0.858493340615941,0.8191672618797532,False,False,False,False,0.3221136439306426,0.3280517519256426,False,False,False,False,2460457.0,1229095.6385996605,False,False,False,False,126436.31047500935,False,False,False,False
2024-09-26 17:00:00+00:00,80.015,81.09,79.995,80.815,91944.0,,,,,,74.27035511365906,70.65570057442285,,,,72.46302784404097,"rgba(38, 166, 154, 1.0)",6.378609769737725,68.34218981016082,1.9554120161127266,73.66710780288409,16.485890302705897,True,False,True,False,True,12.101838412474748,0.0,0.0,0.0,0.0,0,0.8598561875013107,0.8150982159703155,False,False,False,False,0.3428282517716044,0.33544000184862355,False,False,False,False,2552401.0,1249612.0007919138,False,False,False,False,125901.54597152083,False,False,False,False
2024-09-27 17:00:00+00:00,80.22,80.34,79.2,79.215,55047.0,,,,,,74.4400839162489,70.76045888906957,,,,72.60027140265923,"rgba(38, 166, 154, 0.75)",6.5017296125687905,68.40909961732903,1.6620039630349424,70.53280126822843,16.485890302705897,True,False,True,False,False,10.069890541086213,0.0,0.0,0.0,0.0,0,0.8564941722990651,0.8170499487329723,False,False,False,False,0.3225389196106853,0.3289894607296544,False,False,False,False,2497354.0,1268956.8379889384,False,False,False,False,124803.02587893911,False,False,False,False
2024-09-30 17:00:00+00:00,79.495,80.27,79.225,80.18,70875.0,,,,,,74.65539333150556,70.89633641960273,,,,72.77586487555415,"rgba(38, 166, 154, 0.75)",6.637301684317778,68.49577481689751,1.7603878411477498,69.476604672949,16.485890302705897,True,False,True,False,False,10.988903764720906,0.0,0.0,0.0,0.0,0,0.8672909811861981,0.8136125875305834,False,False,False,False,0.32195187064880904,0.3254706656892317,False,False,False,False,2568229.0,1289100.5924387223,False,False,False,False,123966.93245445943,False,False,False,False
2024-10-01 17:00:00+00:00,78.8,78.935,78.175,78.47,72024.0,,,,,,74.80477202382419,71.01000194521222,,,,72.90738698451821,"rgba(38, 166, 154, 0.75)",6.7135686010019535,68.56792558601104,1.4749345694495681,65.46179750883466,22.18603324190576,True,False,True,False,False,8.843120853453591,0.0,0.0,0.0,0.0,0,0.8622612810545887,0.8121725536589491,False,False,False,False,0.2911325381865739,0.3083016019379028,False,False,False,False,2496205.0,1307815.3894551762,False,False,False,False,123161.61567221975,False,False,False,False
2024-10-02 17:00:00+00:00,78.49,79.31,78.485,79.155,36145.0,,,,,,74.8841505611041,71.06916650294569,,,,72.97665853202489,"rgba(38, 166, 154, 0.75)",6.796990892902327,68.6055552859465,1.5520757464997685,63.669311321614416,20.254690439852453,True,False,True,False,False,9.511125193402979,0.0,0.0,0.0,0.0,0,0.8624219989423587,0.8065573770491807,False,False,False,False,0.29992694858803376,0.3041142752629683,False,False,False,False,2532350.0,1326800.4221768014,False,False,False,False,121812.52085559617,False,False,False,False
2024-10-03 17:00:00+00:00,78.435,78.67,77.695,78.145,67218.0,,,,,,74.9962706812019,71.16581975666037,,,,73.08104521893114,"rgba(38, 166, 154, 0.5)",6.850798304899466,69.26094272383224,1.2967915388509053,60.598338824347586,17.13853179408963,False,False,True,False,False,8.246462267759203,0.0,0.0,0.0,0.0,0,0.860462171573283,0.8048960641553238,False,False,False,False,0.28161724002234945,0.2928657576426589,False,False,False,False,2465132.0,1344448.9737709595,False,False,False,False,120966.09417566445,False,False,False,False
2024-10-04 17:00:00+00:00,81.165,82.64,81.055,82.435,282946.0,,,,,,75.88133608848443,71.75528489052859,,,,73.8183104895065,"rgba(38, 166, 154, 0.75)",7.001248599710908,69.8095261483517,1.8033174614267566,63.244975723550965,17.13853179408963,True,False,True,False,False,12.312326725654753,0.0,0.0,0.0,0.0,0,0.8656592321603029,0.7998503398532504,False,False,False,False,0.3428282518892764,0.3178470047659676,False,False,False,False,2748078.0,1366210.664100092,False,False,False,False,123477.41054503398,False,False,False,False
2024-10-07 17:00:00+00:00,80.98,81.105,80.305,80.875,58308.0,,,,,,76.00446039662009,71.8547521967561,,,,73.92960629668809,"rgba(38, 166, 154, 0.5)",7.0982462096106,69.86451976196982,1.5511550195487236,62.44410628225652,17.13853179408963,False,False,True,False,False,10.382628660368109,0.0,0.0,0.0,0.0,0,0.8636135822578627,0.799440337468154,False,False,False,False,0.3142318492475529,0.31603942700676024,False,False,False,False,2689770.0,1386730.9638814859,False,False,False,False,122467.03208697143,False,False,False,False
2024-10-08 17:00:00+00:00,83.07,83.075,82.455,82.595,96759.0,,,,,,76.27384442622693,72.05008671476395,,,,74.16196557049544,"rgba(38, 166, 154, 1.0)",7.22994085679764,69.99967682012596,1.7421059769848373,63.505878911604114,17.13853179408963,True,False,True,False,True,11.950368959652486,0.0,0.0,0.0,0.0,0,0.8692395714137109,0.7954020597108088,False,False,False,False,0.3428282519659267,0.32943383948634347,False,False,False,False,2786529.0,1408433.2590151061,False,False,False,False,122068.45794608815,False,False,False,False
2024-10-09 17:00:00+00:00,83.51,83.725,83.01,83.41,100396.0,,,,,,76.55833481771833,72.25781055327518,,,,74.40807268549676,"rgba(38, 166, 154, 1.0)",7.376880137806672,70.14413126570405,1.798303413703048,64.91466808564209,17.13853179408963,True,False,True,False,True,12.681416291317493,0.0,0.0,0.0,0.0,0,0.8766074901198171,0.7870271626623178,False,False,False,False,0.3428282520137803,0.3361310457500619,False,False,False,False,2886925.0,1431355.611588515,False,False,False,False,121732.4508461488,False,False,False,False
2024-10-10 17:00:00+00:00,83.265,83.34,82.615,82.705,63923.0,,,,,,76.71559980204157,72.38043682053988,,,,74.54801831129072,"rgba(38, 166, 154, 1.0)",7.5046445678718925,70.22462273941893,1.6630204332408711,64.5851660527328,17.13853179408963,True,False,True,False,True,11.793128440925354,0.0,0.0,0.0,0.0,0,0.8776315513296814,0.7863274772789289,False,False,False,False,0.3334905487384782,0.3348107972442701,False,False,False,False,2823002.0,1452931.5245871427,False,False,False,False,120836.18029039455,False,False,False,False
2024-10-11 17:00:00+00:00,83.96,84.185,83.24,83.255,66316.0,,,,,,76.88762204418829,72.51266249078449,,,,74.7001422674864,"rgba(38, 166, 154, 1.0)",7.633695543945716,70.31385125725103,1.6952665544819363,64.930659883373,17.13853179408963,True,False,True,False,True,12.298801140413499,0.0,0.0,0.0,0.0,0,0.878264329542837,0.7778894682833872,False,False,False,False,0.3428282520403494,0.33881952464230974,False,False,False,False,2889318.0,1475201.0823454815,False,False,False,False,119990.90617736518,False,False,False,False
2024-10-14 17:00:00+00:00,83.88,84.36,83.67,83.68,76196.0,,,,,,77.08453350788471,72.66538110492027,,,,74.8749573064025,"rgba(38, 166, 154, 1.0)",7.749322173206065,71.26860606256703,1.6016102647463049,65.61082353481746,17.13853179408963,True,False,True,False,True,12.691853321424095,0.0,0.0,0.0,0.0,0,0.8769085372256644,0.7820434736952644,False,False,False,False,0.3428282520631664,0.3408238883527381,False,False,False,False,2965514.0,1498306.708975784,False,False,False,False,119311.91538391764,False,False,False,False
2024-10-15 17:00:00+00:00,81.965,82.235,81.125,81.805,101476.0,,,,,,77.25162043548532,72.82424960209215,,,,75.03793501878874,"rgba(38, 166, 154, 0.5)",7.831264321543036,71.28176710508409,1.3437463559961251,62.42415619420015,16.878094858763134,False,False,True,False,False,10.285088060380325,0.0,0.0,0.0,0.0,0,0.8747575043284175,0.7842049270948501,False,False,False,False,0.2888291063959956,0.31482649737436685,False,False,False,False,2864038.0,1519480.8375187952,False,False,False,False,119035.38956401193,False,False,False,False
2024-10-16 17:00:00+00:00,81.6,81.91,81.465,81.785,54155.0,,,,,,77.33592405007433,72.90675808293024,,,,75.12134106650228,"rgba(38, 166, 154, 0.5)",7.912129431141415,71.31586537741586,1.3231753491517193,60.26322406293565,14.67802348302321,False,False,True,False,False,10.259618554545092,0.0,0.0,0.0,0.0,0,0.8763908387989022,0.786287534312596,False,False,False,False,0.2889998029999921,0.30191315018717946,False,False,False,False,2809883.0,1539487.072596023,False,False,False,False,118029.49205139159,False,False,False,False
2024-10-17 17:00:00+00:00,81.965,82.2,81.395,81.6,91729.0,,,,,,77.47204812653332,73.04325551013135,,,,75.25765181833233,"rgba(38, 166, 154, 0.5)",7.983874549353769,71.38317318478315,1.279682784600344,58.45119668605758,12.845557750565177,False,True,True,False,False,10.01996493363388,0.0,0.0,0.0,0.0,0,0.8724916915569394,0.7909637793950616,False,False,False,False,0.2915052425857292,0.2967091963864543,False,False,False,False,2718154.0,1557760.9784472475,False,False,False,False,117621.73248470335,False,False,False,False
2024-10-18 17:00:00+00:00,82.735,82.84,82.27,82.675,75657.0,,,,,,77.59963682761064,73.16357446417895,,,,75.3816056458948,"rgba(38, 166, 154, 0.5)",8.07545012942262,71.46179336664,1.38855499738709,58.9778833077185,12.845557750565177,False,False,True,False,False,11.08521749072752,0.0,0.0,0.0,0.0,0,0.8708399872245293,0.7903545193229004,False,False,False,False,0.30885751356889146,0.3027833549776729,False,False,False,False,2793811.0,1576924.5446728715,False,False,False,False,116971.11647718857,False,False,False,False
2024-10-21 17:00:00+00:00,82.295,82.965,82.1,82.45,168868.0,,,,,,77.8579618193918,73.41903318952859,,,,75.63849750446019,"rgba(38, 166, 154, 0.5)",8.155063519618228,71.62346078122695,1.3275849038733036,58.800528338305284,12.81895233239728,False,False,True,False,False,10.784864961021043,0.0,0.0,0.0,0.0,0,0.8736213136872767,0.78624204912942,False,False,False,False,0.3083395404633737,0.3055614477205233,False,False,False,False,2624943.0,1593172.8928174782,False,False,False,False,117775.71932250347,False,False,False,False
2024-10-22 17:00:00+00:00,81.6,81.9,81.16,81.635,116844.0,,,,,,77.98828991622682,73.57030860179027,,,,75.77929925900855,"rgba(38, 166, 154, 0.5)",8.204755241722669,71.7053136391864,1.2102355363776542,56.789336851995714,10.694702559799651,False,True,True,False,False,9.692676495022862,0.0,0.0,0.0,0.0,0,0.873384846533591,0.7867782786005584,False,False,False,False,0.285418597146732,0.29549002243362765,False,False,False,False,2508099.0,1607357.7937040287,False,False,False,False,117761.27406168946,False,False,False,False
2024-10-23 17:00:00+00:00,80.165,80.18,79.125,79.64,102605.0,,,,,,78.0380049291182,73.66783566416852,,,,75.85292029664336,#000000,8.215901321371962,71.736545536509,0.9619704709612085,51.73564546390965,5.917808378985676,False,True,False,False,False,7.082343710496396,0.0,0.0,0.0,0.0,0,0.8672931126534972,0.7945969033635881,False,False,False,False,0.24324554484868754,0.2693677836411576,False,False,False,False,2405494.0,1619731.9984528036,False,False,False,False,117526.29306848496,False,False,False,False
2024-10-24 17:00:00+00:00,79.4,79.86,79.345,79.765,79434.0,,,,,,78.0746831260565,73.74131766292761,,,,75.90800039449206,"rgba(239, 83, 80, 1.0)",8.221006365260687,71.76430799269517,0.9732010476373271,48.651789518734155,3.152201724378827,False,True,False,True,False,7.215916742495978,0.0,0.0,0.0,0.0,0,0.8668895174423589,0.798941458815463,False,False,False,False,0.24213456073235315,0.25575117218675536,False,False,False,False,2484928.0,1633145.8899496594,False,False,False,False,116935.71488137665,False,False,False,False
2024-10-25 17:00:00+00:00,79.595,79.72,78.78,79.035,110436.0,,,,,,78.10838988058448,73.83250987504377,,,,75.97044987781413,"rgba(239, 83, 80, 1.0)",8.208330196917073,71.79639797706048,0.8818604818868311,45.35163478120144,0.2057255183375304,False,True,False,True,False,6.263518712980943,0.0,0.0,0.0,0.0,0,0.8727511688535541,0.797556719022688,False,False,False,False,0.23431856885498167,0.24503487052086853,False,False,False,False,2374492.0,1644639.6280899746,False,False,False,False,116834.94410802198,False,False,False,False
2024-10-28 17:00:00+00:00,79.725,80.13,79.65,79.97,63840.0,,,,,,78.13976114592418,73.89093360297026,,,,76.01534737444723,"rgba(239, 83, 80, 1.0)",8.192322794285198,71.82520455940181,0.9941985496811521,45.44582400259033,0.2057255183375304,False,True,False,True,False,7.288666843759334,0.0,0.0,0.0,0.0,0,0.8767685096779795,0.7951349709226632,False,False,False,False,0.24853082087367065,0.2467828456972696,False,False,False,False,2438332.0,1656944.936181603,False,False,False,False,116013.31706758753,False,False,False,False
2024-10-29 17:00:00+00:00,80.28,80.635,80.01,80.445,128287.0,,,,,,78.21466868648409,74.01346388551038,,,,76.11406628599724,"rgba(239, 83, 80, 1.0)",8.23090330499729,71.89407304155733,1.0388807451122737,46.602267603529825,0.2057255183375304,False,True,False,True,False,7.808150450060637,0.0,0.0,0.0,0.0,0,0.8725109170305678,0.799213973799127,False,False,False,False,0.2581908732063832,0.25248685945182636,False,False,False,False,2566619.0,1671048.4100392526,False,False,False,False,116203.60672545439,False,False,False,False
2024-10-30 17:00:00+00:00,80.03,80.22,79.68,80.02,58004.0,,,,,,78.24105431505897,74.0640450214037,,,,76.15254966823133,"rgba(239, 83, 80, 1.0)",8.21495876572254,71.92148121064115,0.9858258599118543,46.439475883727795,0.2057255183375304,False,True,False,True,False,7.2321519105614875,0.0,0.0,0.0,0.0,0,0.8678597371722909,0.8038697748134453,False,False,False,False,0.24986819314093914,0.25117752629638274,False,False,False,False,2508615.0,1684033.9385657758,False,False,False,False,115301.28724133881,False,False,False,False
2024-10-31 17:00:00+00:00,77.98,78.72,77.29,78.215,84783.0,,,,,78.075,78.23749091701858,74.11319191818755,,,,76.80856094506872,"rgba(239, 83, 80, 1.0)",8.15113869401129,72.41540750685996,0.7115070312079278,43.02861329702408,-2.3205291017442704,False,True,False,True,False,4.825828841108027,0.0,0.0,0.0,0.0,0,0.8573382453508639,0.8106373122145996,False,False,False,False,0.20693005699139896,0.22905379164389084,False,False,False,False,2423832.0,1695503.6759523528,False,False,False,False,114828.13550116301,False,False,False,False
2024-11-01 17:00:00+00:00,79.045,79.42,78.865,78.995,93122.0,,,,,78.60803300450615,78.25719852832509,74.17932634570643,,,,77.01485262617922,"rgba(239, 83, 80, 1.0)",8.087988202956916,72.47926915206276,0.8056058792908649,42.76560088788185,-2.730223814830545,False,True,False,True,False,5.719778102919172,0.0,0.0,0.0,0.0,0,0.8624693701847725,0.8051612618380098,False,False,False,False,0.23194059389719107,0.23049719277054095,False,False,False,False,2516954.0,1708239.339891076,False,False,False,False,114491.60626858682,False,False,False,False
2024-11-04 17:00:00+00:00,78.085,78.675,77.99,78.435,46459.0,,,,,78.55805333446246,78.25844185310827,74.2068860096365,,,,77.00779373240242,"rgba(239, 83, 80, 1.0)",8.005724556570428,72.48664649022226,0.7430125115778354,41.59114433155607,-4.061278401939447,False,True,False,True,False,4.973417712560629,0.0,0.0,0.0,0.0,0,0.859732239664357,0.7916607740536467,False,False,False,False,0.2141034551616653,0.2223003239661031,False,False,False,False,2470495.0,1720057.2571020671,False,False,False,False,113436.83717915136,False,False,False,False
2024-11-05 17:00:00+00:00,79.245,80.02,79.125,79.6,82165.0,,,,,78.83243255939894,78.28449800681409,74.26872856357521,,,,77.12855304326274,"rgba(239, 83, 80, 0.75)",7.926259977140815,72.53761363750199,0.8910111935346295,43.69261115153098,-4.061278401939447,False,True,False,True,True,6.3214538646818355,0.0,0.0,0.0,0.0,0,0.8595111184164184,0.7873529480827487,False,False,False,False,0.24146825174927575,0.23188428785768944,False,False,False,False,2552660.0,1732965.8267593994,False,False,False,False,112952.00249420328,False,False,False,False
2024-11-06 17:00:00+00:00,81.435,82.12,81.11,81.945,54140.0,,,,,79.26663566871564,78.32856679828008,74.32483330505042,,,,77.30667859068204,#000000,7.787612478038903,72.60359361929581,1.1995212148841494,49.32907288407689,-5.305880827639783,False,True,False,False,True,8.933673062636156,0.0,0.0,0.0,0.0,0,0.866194188518781,0.7765414599574773,False,False,False,False,0.2873504205232877,0.2596173541904886,False,False,False,False,2606800.0,1746513.6433987885,False,False,False,False,112040.18850204507,False,False,False,False
2024-11-07 17:00:00+00:00,84.73,85.83,84.56,85.62,150445.0,,,,,81.05333259638097,78.56943521851856,74.55036619112602,,,,78.05771133534185,"rgba(38, 166, 154, 0.5)",7.697986148255779,72.89411589374954,1.6531445836823064,57.03536737574278,1.5903147834394886,False,False,True,False,True,12.721705222021416,0.0,0.0,0.0,0.0,0,0.8743397016731438,0.7701580061899336,False,False,False,False,0.3428282521481324,0.3012228031693105,False,False,False,False,2757245.0,1762183.896989505,False,False,False,False,112635.61193612189,False,False,False,False
2024-11-08 17:00:00+00:00,85.845,87.265,85.65,87.23,144385.0,,,,,82.30041283307321,78.8295415062608,74.7848646199614,,,,78.6382729864318,"rgba(38, 166, 154, 1.0)",7.637774161635265,73.16010031058262,1.8421465981661058,63.358218465772026,6.980219584582507,True,False,True,False,True,14.278105378917743,0.0,0.0,0.0,0.0,0,0.8851084583584934,0.7634585907380745,False,False,False,False,0.34282825223249486,0.32202552770090265,False,False,False,False,2901630.0,1779849.7280439313,False,False,False,False,113127.85051075566,False,False,False,False
2024-11-11 17:00:00+00:00,92.05,92.13,89.55,90.03,613931.0,,,,,86.29981092432561,80.23306281943287,75.98070366439944,,,,80.83785913605264,"rgba(38, 166, 154, 1.0)",7.6230547068128915,74.37806883700819,2.053236106124667,69.18604316406513,11.883296143406696,True,False,True,False,True,16.856741147336844,0.0,0.0,0.0,0.0,0,0.8919202757927903,0.7592520718705055,False,False,False,False,0.34282825248219295,0.3324268900915478,False,False,False,False,3515561.0,1806759.9803223198,False,False,False,False,120892.24042531758,False,False,False,False
2024-11-12 17:00:00+00:00,112.76,114.385,108.7,108.79,762273.0,,,,,95.4263588756165,84.16112508570276,78.95925507881455,,,,86.18224634671128,"rgba(38, 166, 154, 1.0)",8.314938319209071,77.41322798873759,3.7735423651641735,76.92280319721911,18.546651244811514,True,False,True,False,True,20.0,0.0,0.0,0.0,0.0,0,0.9073562175096958,0.7483290700552853,False,False,False,False,0.34282825316036103,0.3376275716259544,False,False,False,False,4277834.0,1845071.2054336015,False,False,False,False,130836.1281706615,False,False,False,False
2024-11-13 17:00:00+00:00,112.72,115.615,111.715,115.13,451744.0,,,,,98.83283316293846,86.29494527592057,80.66550332743539,,,,88.5977605887648,"rgba(38, 166, 154, 1.0)",9.285151143452424,81.58595554951337,3.6126546495843264,82.5534151383998,23.26226891365097,True,False,True,False,True,20.0,0.0,0.0,0.0,0.0,0,0.9099655804029712,0.7388136309655605,False,False,False,False,0.34282825320393184,0.3402279124149431,False,False,False,False,4729578.0,1889792.2410082745,False,False,False,False,135811.44401297683,False,False,False,False
2024-11-14 17:00:00+00:00,110.335,110.85,109.0,109.11,191552.0,,,,,99.60767025582689,86.97898066707302,81.24941239061319,,,,89.27868777117102,"rgba(38, 166, 154, 1.0)",9.7540636137961,81.98947878084752,2.780433088502042,81.11142266463614,23.26226891365097,True,False,True,False,True,20.0,0.0,0.0,0.0,0.0,0,0.8886876759246504,0.74822353010649,False,False,False,False,0.29815735204847704,0.31919263223171007,False,False,False,False,4538026.0,1930850.1287445803,False,False,False,False,136675.6386794423,False,False,False,False
2024-11-15 17:00:00+00:00,107.82,108.775,106.755,108.48,198729.0,,,,,100.18826164364431,87.59889946935373,81.79707005085793,,,,89.86141038795199,"rgba(38, 166, 154, 1.0)",10.020577401949826,82.3620073597826,2.6064358961126644,79.64980795628958,23.26226891365097,True,False,True,False,True,20.0,0.0,0.0,0.0,0.0,0,0.884225418533365,0.7550302601587678,False,False,False,False,0.2728852331513564,0.29603893269153325,False,False,False,False,4339297.0,1968190.3903144319,False,False,False,False,137637.70629681527,False,False,False,False
2024-11-18 17:00:00+00:00,107.81,107.99,105.87,105.96,75312.0,,,,,100.35217360112668,87.80894829050321,81.98805023289138,,,,90.04972404150709,"rgba(38, 166, 154, 0.75)",10.060691078747077,82.48711520368443,2.3331284712539646,76.64279008074232,23.26226891365097,True,False,True,False,False,20.0,0.0,0.0,0.0,0.0,0,0.8789668910564639,0.7634879202402216,False,False,False,False,0.2632077512788946,0.27962334198521394,False,False,False,False,4263985.0,2003784.1051932778,False,False,False,False,136671.41627670958,False,False,False,False
2024-11-19 17:00:00+00:00,104.78,105.335,104.345,104.505,169460.0,,,,,100.58997511731066,88.21944529067073,82.375227189183,,,,90.39488253238812,"rgba(38, 166, 154, 0.75)",10.064870580031908,82.72129676260792,2.1643301882698442,73.48241387517633,23.26226891365097,True,False,True,False,False,20.0,0.0,0.0,0.0,0.0,0,0.8778709727992479,0.7694403072822766,False,False,False,False,0.23919064872768683,0.2594069953564504,False,False,False,False,4094525.0,2036198.692709661,False,False,False,False,137179.7664119544,False,False,False,False
2024-11-20 17:00:00+00:00,103.945,104.14,102.71,103.94,137832.0,,,,,100.71724049124391,88.51702229616383,82.66509390629093,,,,90.63311889789956,"rgba(38, 166, 154, 0.75)",10.280508230942939,82.89312391573239,2.04726027268957,70.90548631481863,30.129192329240695,True,False,True,False,False,20.0,0.0,0.0,0.0,0.0,0,0.8748975369842695,0.7695655568133029,False,False,False,False,0.22308423275140496,0.2412456140539277,False,False,False,False,3956693.0,2065973.798249046,False,False,False,False,137189.87856060624,False,False,False,False
2024-11-21 17:00:00+00:00,107.365,107.59,106.115,106.485,275728.0,,,,,101.18662270837225,89.19581610450916,83.30516880366818,,,,91.22920253884986,"rgba(38, 166, 154, 0.75)",10.63041719325736,83.36204235339329,2.175169349070617,70.28529977938473,29.07479164352381,True,False,True,False,False,20.0,0.0,0.0,0.0,0.0,0,0.8811768780788181,0.7645474137931035,False,False,False,False,0.26231200697635715,0.2517788105151424,False,False,False,False,4232421.0,2099562.126958363,False,False,False,False,139337.7564123798,False,False,False,False
2024-11-22 17:00:00+00:00,106.745,107.19,106.52,106.99,108830.0,,,,,101.35740151538039,89.45247627146098,83.5502983816975,,,,91.45339205617961,"rgba(38, 166, 154, 0.75)",10.9726753383612,83.54447904191996,2.136718734045921,70.08867923365547,28.268356421620794,True,False,True,False,False,20.0,0.0,0.0,0.0,0.0,0,0.8823631490658081,0.7687561460000387,False,False,False,False,0.2623408955239455,0.2570598530195439,False,False,False,False,4341251.0,2134316.9932070705,False,False,False,False,138864.76794087002,False,False,False,False
2024-11-25 17:00:00+00:00,110.655,112.43,109.53,111.185,169593.0,,,,,101.78871539338537,89.92957712196839,83.9883900745137,,,,91.90222752995582,"rgba(38, 166, 154, 0.75)",11.403820403390776,83.91108674745256,2.391647034746172,71.61577518189165,28.268356421620794,True,False,True,False,False,20.0,0.0,0.0,0.0,0.0,0,0.8839529073288919,0.7626438522107816,False,False,False,False,0.3106348297760091,0.2838473413977765,False,False,False,False,4510844.0,2171162.3731573485,False,False,False,False,139341.17463946118,False,False,False,False
2024-11-26 17:00:00+00:00,113.175,113.87,111.83,112.185,173920.0,,,,,102.2618669174947,90.432444985188,84.44879382668816,,,,92.38103524312362,"rgba(38, 166, 154, 0.75)",11.848610449947014,84.30468444369266,2.353045167117636,72.98985519977462,28.268356421620794,True,False,True,False,False,20.0,0.0,0.0,0.0,0.0,0,0.8906053496011265,0.7568465509150635,False,False,False,False,0.33298658509367485,0.30841696324572565,False,False,False,False,4684764.0,2210132.941015374,False,False,False,False,139877.28045900443,False,False,False,False
2024-11-27 17:00:00+00:00,111.72,112.53,111.025,112.515,69519.0,,,,,102.42926219144489,90.62196165685988,84.62484837091026,,,,92.55869073973834,"rgba(38, 166, 154, 0.75)",12.284378119904638,84.45222963119932,2.2844274325397054,74.03055527488732,28.268356421620794,True,False,True,False,False,20.0,0.0,0.0,0.0,0.0,0,0.8876772900155511,0.764468926236112,False,False,False,False,0.320129264018408,0.31427311363206684,False,False,False,False,4754283.0,2249577.1279763756,False,False,False,False,138786.45440537645,False,False,False,False
2024-11-28 17:00:00+00:00,112.515,112.515,112.515,112.515,0.0,,,,,102.42926219144489,90.62196165685988,84.62484837091026,,,,92.55869073973834,"rgba(38, 166, 154, 1.0)",12.716479858120367,84.45222963119932,2.2068033513913545,74.72435532496245,28.268356421620794,True,False,True,False,True,20.0,0.0,0.0,0.0,0.0,0,0.8901460334166559,0.7658766703629223,False,False,False,False,0.3289593088112962,0.3216162112216815,False,False,False,False,4754283.0,2288409.777155036,False,False,False,False,136634.72643009928,False,False,False,False
2024-11-29 17:00:00+00:00,115.36,116.335,115.17,115.75,70931.0,,,,,102.65835434862768,90.8450231882948,84.82630719454014,,,,92.77656157715421,"rgba(38, 166, 154, 1.0)",13.21232899963491,84.63121885204839,2.35528354984284,76.46511370120348,28.268356421620794,True,False,True,False,True,20.0,0.0,0.0,0.0,0.0,0,0.8883268554850949,0.7675785245383372,False,False,False,False,0.3428282532439306,0.33222223223280606,False,False,False,False,4825214.0,2327740.0751836402,False,False,False,False,135616.06400482642,False,False,False,False
2024-12-02 17:00:00+00:00,111.985,113.655,111.845,112.9,326538.0,,,,,103.40230892096424,91.70695748679941,85.63567898406275,,,,93.58164846394213,"rgba(38, 166, 154, 1.0)",13.589157521168637,85.30901336775011,2.030367709644235,73.96774357696553,28.268356421620794,True,False,True,False,True,20.0,0.0,0.0,0.0,0.0,0,0.8784745856251958,0.7744439743188803,False,False,False,False,0.30804462505246955,0.32013342864263783,False,False,False,False,4498676.0,2361397.9964986225,False,False,False,False,138576.09402025546,False,False,False,False
2024-12-03 17:00:00+00:00,111.425,112.18,111.13,111.905,156631.0,,,,,103.68565822783252,92.07720622162097,85.9929855661647,,,,93.91861667187273,"rgba(38, 166, 154, 0.75)",13.90808355688246,85.59973563837528,1.8913651369751427,71.12675642921755,26.4510609019146,True,False,True,False,False,20.0,0.0,0.0,0.0,0.0,0,0.8720425180976819,0.7788325849903787,False,False,False,False,0.29554081948206506,0.3078371240623514,False,False,False,False,4342045.0,2392105.7019792637,False,False,False,False,138856.01504319726,False,False,False,False
2024-12-04 17:00:00+00:00,114.34,114.645,112.61,113.45,151045.0,,,,,103.99931816607469,92.4535613448514,86.35224704247365,,,,94.26837551779992,"rgba(38, 166, 154, 0.75)",14.254221920173284,85.90032780888325,1.9327377071439507,70.1776006049351,25.33137965235754,True,False,True,False,False,20.0,0.0,0.0,0.0,0.0,0,0.8736317684279431,0.7738099567256992,False,False,False,False,0.3181324726079742,0.3129847983351628,False,False,False,False,4493090.0,2424679.101948577,False,False,False,False,139044.99155415542,False,False,False,False
2024-12-05 17:00:00+00:00,114.0,115.46,113.885,114.205,148027.0,,,,,104.31658364876101,92.82582414930108,86.70731792079044,,,,94.61657523961752,"rgba(38, 166, 154, 0.75)",14.576929221290797,86.20022412997778,1.9211711496217563,70.00107752773977,24.8572214488091,True,False,True,False,False,20.0,0.0,0.0,0.0,0.0,0,0.8757821594877767,0.7734284051222353,False,False,False,False,0.3302283867372031,0.32160659253618296,False,False,False,False,4641117.0,2459042.48021294,False,False,False,False,139184.24749905223,False,False,False,False
2024-12-06 17:00:00+00:00,118.895,119.83,118.455,118.46,150069.0,,,,,104.74978497990539,93.26458458656454,87.11376895345553,,,,95.04271283997515,"rgba(38, 166, 154, 0.75)",15.006770092915417,86.56019009801689,2.1256945834762115,72.05671415469166,24.8572214488091,True,False,True,False,False,20.0,0.0,0.0,0.0,0.0,0,0.8784393001538519,0.77063580092311,False,False,False,False,0.34282825330354577,0.33221742291986434,False,False,False,False,4791186.0,2495199.7440856076,False,False,False,False,139353.0033517801,False,False,False,False
2024-12-09 17:00:00+00:00,115.79,116.075,114.88,115.345,121729.0,,,,,105.00090001715938,93.56293514594515,87.40072497070348,,,,95.32152004460266,"rgba(38, 166, 154, 0.75)",15.309713991302857,86.80276251333937,1.8643220574123658,69.610559060213,24.23040301386571,True,False,True,False,False,20.0,0.0,0.0,0.0,0.0,0,0.8733707764999558,0.781100115895516,False,False,False,False,0.3025980247624675,0.3174077238411659,False,False,False,False,4669457.0,2528909.1589059853,False,False,False,False,139079.762989737,False,False,False,False
2024-12-10 17:00:00+00:00,114.865,114.92,112.69,113.5,101860.0,,,,,105.16876055247432,93.78721996680243,87.62186654491367,,,,95.52594902139681,"rgba(38, 166, 154, 0.5)",15.540406864767776,86.98462328948278,1.7062215256816213,66.0156971293305,20.773669426787407,False,False,True,False,False,20.0,0.0,0.0,0.0,0.0,0,0.867965674976065,0.7814084606928836,False,False,False,False,0.28455737376380585,0.30098254880248587,False,False,False,False,4567597.0,2560516.7223337996,False,False,False,False,138502.71240074883,False,False,False,False
2024-12-11 17:00:00+00:00,115.92,117.83,115.875,117.43,135019.0,,,,,105.46484359844608,94.12553977851098,87.94616021147084,,,,95.84551452947596,"rgba(38, 166, 154, 0.5)",15.817421343409737,87.26271406984665,1.9072189628888168,66.07721035570025,20.739417223930516,False,False,True,False,False,20.0,0.0,0.0,0.0,0.0,0,0.870209305614482,0.7766228256257957,False,False,False,False,0.3175737136163929,0.30927813120943937,False,False,False,False,4702616.0,2593727.563848004,False,False,False,False,138448.701355776,False,False,False,False
2024-12-12 17:00:00+00:00,117.09,117.34,115.175,115.175,131665.0,,,,,105.71243653764849,94.43004747930463,88.24337596226948,,,,96.1286199930742,"rgba(38, 166, 154, 0.5)",16.024825423287638,87.51321838699167,1.7261830242973883,63.831425121153195,18.47043236340393,False,False,True,False,False,20.0,0.0,0.0,0.0,0.0,0,0.87336144387008,0.7765918032497663,False,False,False,False,0.3110767575075391,0.31017744435848926,False,False,False,False,4570951.0,2624382.1907650894,False,False,False,False,138343.52769134537,False,False,False,False
2024-12-13 17:00:00+00:00,114.55,115.015,113.88,114.62,97034.0,,,,,105.86358936563867,94.63486718239439,88.44758131486915,,,,96.31534595430075,"rgba(38, 166, 154, 0.5)",16.20801066067565,87.6818377156462,1.6620276755932772,61.78250466414849,16.425995901782755,False,True,True,False,False,20.0,0.0,0.0,0.0,0.0,0,0.8725307821773409,0.782620249800691,False,False,False,False,0.29146587884471387,0.30082166160160156,False,False,False,False,4473917.0,2653057.149047801,False,False,False,False,137703.0698976811,False,False,False,False
2024-12-16 17:00:00+00:00,116.21,116.77,115.605,116.045,77833.0,,,,,106.00336593267895,94.80943309335255,88.61923215147367,,,,96.47734372583506,"rgba(38, 166, 154, 0.5)",16.401083203350996,87.82646126791266,1.7205289664235013,61.46827604840726,15.960320255155736,False,True,True,False,False,20.0,0.0,0.0,0.0,0.0,0,0.8754109890109891,0.7777406593406595,False,False,False,False,0.310314089545477,0.30556787557353926,False,False,False,False,4551750.0,2682494.2475121757,False,False,False,False,136774.85175973253,False,False,False,False
2024-12-17 17:00:00+00:00,118.135,119.835,117.765,119.365,165652.0,,,,,106.36868560985943,95.22006042117098,89.01465161282543,,,,96.86779921461861,"rgba(38, 166, 154, 0.5)",16.606043817817604,90.7954071914484,1.7204334230346658,63.39280166908485,15.960320255155736,False,False,True,False,False,20.0,0.0,0.0,0.0,0.0,0,0.8813857488722069,0.7700869141135286,False,False,False,False,0.33902493469817147,0.32229640513585534,False,False,False,False,4717402.0,2714043.2049150877,False,False,False,False,137222.55948438784,False,False,False,False
2024-12-18 17:00:00+00:00,118.035,118.81,109.55,109.69,249762.0,,,,,106.62564744839163,95.65606002263202,89.47035951849465,,,,97.2506889965061,"rgba(38, 166, 154, 0.5)",16.583922210197226,90.90233887539112,1.1328840600239067,56.85458964703518,11.686124798168152,False,True,True,False,False,13.976805150840672,0.0,0.0,0.0,0.0,0,0.8527346855915146,0.7818510937050636,False,False,False,False,0.28858632152050206,0.3054413633281787,False,False,False,False,4467640.0,2741230.7521257065,False,False,False,False,138967.35701176166,False,False,False,False
2024-12-19 17:00:00+00:00,106.95,108.07,105.735,107.04,198144.0,,,,,106.63573893745459,95.87538014408662,89.73331041809993,,,,97.41480983321371,#000000,16.50450067610549,92.74532642414155,0.8661076064272378,51.07905092426608,6.56601214185693,False,True,False,False,False,11.679620044543828,0.0,0.0,0.0,0.0,0,0.850543067703,0.8137621917440282,False,False,False,False,0.2118431411405516,0.25864225223436516,False,False,False,False,4269496.0,2764924.7869764706,False,False,False,False,139884.82434491263,False,False,False,False
2024-12-20 17:00:00+00:00,109.46,109.955,108.03,109.15,111923.0,,,,,106.67755977480013,96.0182926289937,89.89604025134047,,,,97.53063088504477,"rgba(239, 83, 80, 1.0)",16.37849784469405,92.86512974639477,0.994283505607375,48.8414087826228,4.752128448207394,False,True,False,True,False,12.980560815909534,0.0,0.0,0.0,0.0,0,0.8528739848921947,0.8083009554936721,False,False,False,False,0.23359516812716288,0.24611871018076403,False,False,False,False,4381419.0,2789986.712759781,False,False,False,False,139451.30768840236,False,False,False,False
2024-12-23 17:00:00+00:00,107.78,107.78,107.78,107.78,0.0,,,,,106.67755977480013,96.0182926289937,89.89604025134047,,,,97.53063088504477,"rgba(239, 83, 80, 1.0)",16.23664657079361,92.86512974639477,0.9185930228002879,46.53310403013671,2.7094307910625233,False,True,False,True,False,11.799041092050444,0.0,0.0,0.0,0.0,0,0.8488509476977355,0.8130065065814657,False,False,False,False,0.22095069677488188,0.23353470347782296,False,False,False,False,4381419.0,2814660.0815542033,False,False,False,False,137289.27191028759,False,False,False,False
2024-12-24 17:00:00+00:00,109.745,110.35,109.71,110.21,18089.0,,,,,106.68710645646766,96.04292906736694,89.923504805345,,,,97.55118010972653,"rgba(239, 83, 80, 1.0)",16.109456987789518,92.88891818317651,1.0752120217306107,46.915674652321876,2.7094307910625233,False,True,False,True,False,13.298752940118892,0.0,0.0,0.0,0.0,0,0.8478650046412944,0.813403394775229,False,False,False,False,0.24447307249806655,0.23900388798794475,False,False,False,False,4399508.0,2839231.367111502,False,False,False,False,135441.20567912035,False,False,False,False
2024-12-25 17:00:00+00:00,110.21,110.21,110.21,110.21,0.0,,,,,106.68710645646766,96.04292906736694,89.923504805345,,,,97.55118010972653,"rgba(239, 83, 80, 1.0)",16.03058341741503,92.88891818317651,1.0805022727997846,47.170721733778656,2.7094307910625233,False,True,False,True,False,13.298752940118892,0.0,0.0,0.0,0.0,0,0.8517890396382019,0.8118016759776538,False,False,False,False,0.24636604348796076,0.24268496573795276,False,False,False,False,4399508.0,2863421.702505122,False,False,False,False,133341.3420251805,False,False,False,False
2024-12-26 17:00:00+00:00,110.095,110.625,109.955,110.0,33965.0,,,,,106.70542829708474,96.0892942197953,89.97513580811868,,,,97.58995277499957,"rgba(239, 83, 80, 1.0)",15.9257867414245,92.93276627953372,1.0716728785569358,47.17008705907416,2.6704365003429587,False,True,False,True,False,13.110616351950302,0.0,0.0,0.0,0.0,0,0.8557116574678042,0.8086134805151365,False,False,False,False,0.24720791903716585,0.2449464423875593,False,False,False,False,4365543.0,2886710.404791864,False,False,False,False,131800.62354416994,False,False,False,False
2024-12-27 17:00:00+00:00,106.985,108.715,106.96,108.17,74546.0,,,,,106.71952141954796,96.17396879915958,90.0750569486048,,,,97.65618238910412,"rgba(239, 83, 80, 1.0)",15.80257277547942,92.97328432967751,0.9616608565095787,45.672139246270866,0.8511738048681607,False,True,False,True,False,11.472286458001005,0.0,0.0,0.0,0.0,0,0.8471688380838285,0.8140900846935891,False,False,False,False,0.22154873353816895,0.23324758796286413,False,False,False,False,4290997.0,2908482.2899888894,False,False,False,False,130912.95496208977,False,False,False,False
2024-12-30 17:00:00+00:00,106.65,107.185,106.36,106.62,51016.0,,,,,106.71953793808676,96.22525804752748,90.13815133060767,,,,97.69431577207398,"rgba(239, 83, 80, 1.0)",15.668706995183104,92.98586290001586,0.8701507472298493,43.4898912508645,-1.5256522982512237,False,True,False,True,False,10.104618170936526,0.0,0.0,0.0,0.0,0,0.8405861971784289,0.816796803766516,False,False,False,False,0.21049684853706663,0.2218722182499654,False,False,False,False,4239981.0,2929125.6808417747,False,False,False,False,129674.24248205737,False,False,False,False
2024-12-31 17:00:00+00:00,107.235,107.255,105.48,106.385,60193.0,,,,,106.71642092307044,96.28314855515657,90.21043227076832,,,,97.73666724966512,"rgba(239, 83, 80, 1.0)",15.535648630178251,92.99949830594866,0.8615991525484032,41.8525637979095,-3.3231552528824295,False,True,False,True,False,9.896885082151385,0.0,0.0,0.0,0.0,0,0.838618234557321,0.8176379458105348,False,False,False,False,0.2063074223195159,0.21408982028474066,False,False,False,False,4179788.0,2948515.794317096,False,False,False,False,128597.01391644408,False,False,False,False
2025-01-01 17:00:00+00:00,106.385,106.385,106.385,106.385,0.0,,,,,106.71642092307044,96.28314855515657,90.21043227076832,,,,97.73666724966512,"rgba(239, 83, 80, 1.0)",15.404365450349681,92.99949830594866,0.8689421019771697,40.76101216260616,-4.601035283696525,False,True,False,True,False,9.896885082151385,0.0,0.0,0.0,0.0,0,0.8409248899334638,0.8223873680029133,False,False,False,False,0.20648829836176952,0.2102890593232551,False,False,False,False,4179788.0,2967605.285878071,False,False,False,False,126603.26176270076,False,False,False,False
2025-01-02 17:00:00+00:00,107.62,107.62,105.69,107.475,68444.0,,,,,106.7185683991663,96.35175395568352,90.29463860309015,,,,97.78832031931331,"rgba(239, 83, 80, 1.0)",15.33067046981485,93.02887549536425,0.9423021995730246,41.58747332763292,-4.601035283696525,False,True,False,True,False,10.655412108114458,0.0,0.0,0.0,0.0,0,0.8406520950779681,0.8176573368938123,False,False,False,False,0.2092806539330059,0.2097848566281305,False,False,False,False,4248232.0,2987459.9636163954,False,False,False,False,125701.56778188368,False,False,False,False
2025-01-03 17:00:00+00:00,108.235,109.385,107.73,109.28,62042.0,,,,,106.73749904478318,96.42404355021192,90.37873811780297,,,,97.84676023759936,"rgba(239, 83, 80, 0.75)",15.26629019992963,93.08387108574051,1.0609079679576736,44.48251799023499,-4.601035283696525,False,True,False,True,True,11.897747297690632,0.0,0.0,0.0,0.0,0,0.850980133976332,0.8114620537551229,False,False,False,False,0.2290505577165371,0.2194177071723338,False,False,False,False,4310274.0,3007968.708366529,False,False,False,False,124714.5977387537,False,False,False,False
2025-01-06 17:00:00+00:00,112.76,114.285,112.7,114.235,180570.0,,,,,106.91822007244706,96.71188423444161,90.68372695914627,,,,98.10461042201165,"rgba(38, 166, 154, 0.5)",15.274870099269208,95.62140595087976,1.2185762581385726,50.99968860356379,-3.8443665470557846,False,True,True,False,True,15.135449254988021,0.0,0.0,0.0,0.0,0,0.8608678699657206,0.8063295046545255,False,False,False,False,0.28120678120590736,0.25031224418912057,False,False,False,False,4490844.0,3030959.022965498,False,False,False,False,125580.57296761023,False,False,False,False
2025-01-07 17:00:00+00:00,108.08,108.49,106.115,106.85,124841.0,,,,,106.92231243321271,96.83050100155381,90.83103829529225,,,,98.19461724335292,#000000,15.188548624088652,95.499931906877,0.7472779904145732,48.57939353515777,-3.8443665470557846,False,True,False,False,False,8.611106893287591,0.0,0.0,0.0,0.0,0,0.8524907558757717,0.8106105089425993,False,False,False,False,0.21599035247047424,0.23315129832979742,False,False,False,False,4366003.0,3051657.3791985908,False,False,False,False,125569.10672005039,False,False,False,False
2025-01-08 17:00:00+00:00,106.43,107.78,105.34,107.645,90903.0,,,,,106.92230429415035,96.91330259751541,90.93516718928554,,,,98.25692469365043,"rgba(239, 83, 80, 1.0)",15.081928395172683,95.47510651955898,0.8069189271801789,47.65910070233953,-3.8443665470557846,False,True,False,True,False,9.13481295107962,0.0,0.0,0.0,0.0,0,0.8517273487682087,0.8128087369600557,False,False,False,False,0.20829779375720883,0.2207245460435031,False,False,False,False,4456906.0,3073444.179521093,False,False,False,False,125031.64770113488,False,False,False,False
2025-01-09 17:00:00+00:00,107.645,107.645,107.645,107.645,0.0,,,,,106.92230429415035,96.91330259751541,90.93516718928554,,,,98.25692469365043,"rgba(239, 83, 80, 1.0)",14.990279200051425,95.47510651955898,0.8118523556518726,47.04557214712737,-3.8443665470557846,False,True,False,True,False,9.13481295107962,0.0,0.0,0.0,0.0,0,0.86084726443769,0.8115501519756839,False,False,False,False,0.21954722065314528,0.22013588334832418,False,False,False,False,4456906.0,3094893.1999936346,False,False,False,False,123093.17254297774,False,False,False,False
2025-01-10 17:00:00+00:00,101.86,103.99,101.86,103.735,153364.0,,,,,106.84469729519994,96.99907522597249,91.06757453397344,,,,98.30378235171527,"rgba(239, 83, 80, 1.0)",14.837016509119708,95.32881692033617,0.566568290498086,43.77968872983773,-0.9520910060580263,False,True,False,True,False,5.867984955459878,0.0,0.0,0.0,0.0,0,0.8531646771997593,0.8183833074755408,False,False,False,False,0.17096879950490484,0.1955523414266145,False,False,False,False,4303542.0,3113631.9410790047,False,False,False,False,123562.48769735018,False,False,False,False
2025-01-13 17:00:00+00:00,99.29,101.725,99.08,101.71,132412.0,,,,100.83833333333332,106.73862944517965,97.04380873813926,91.15784150496194,,,,98.94465325540354,"rgba(239, 83, 80, 1.0)",14.68455132179807,96.54731126496264,0.35157279387717766,40.3822489196635,-4.179246166089349,False,True,False,True,False,4.241957314609486,0.0,0.0,0.0,0.0,0,0.8455827411328914,0.8174273858921162,False,False,False,False,0.1453450094002088,0.17044867541341166,False,False,False,False,4171130.0,3130027.2598219654,False,False,False,False,123699.68943847653,False,False,False,False
2025-01-14 17:00:00+00:00,101.29,102.77,100.77,101.58,134981.0,,,,101.27667129156958,106.64964660483112,97.09854248226306,91.25626052625027,,,,99.0702802262285,"rgba(239, 83, 80, 1.0)",14.492902355141794,96.48947922499025,0.35124232884959267,38.03838512316589,-6.397281603415628,False,True,False,True,False,4.137719072177774,0.0,0.0,0.0,0.0,0,0.856379595471314,0.8139549675613789,False,False,False,False,0.15921057808006697,0.16482962674673932,False,False,True,False,4036149.0,3144075.6588944932,False,False,False,False,123874.59347819007,False,False,False,False
2025-01-15 17:00:00+00:00,103.12,104.83,102.865,104.28,154612.0,,,,102.27137719537288,106.59687719634131,97.18999365532433,91.39092149462792,,,,99.3622923854166,"rgba(239, 83, 80, 1.0)",14.314180613945304,96.55223345485899,0.5398678941924476,39.616955781368986,-6.397281603415628,False,True,False,True,False,6.059658311020648,0.0,0.0,0.0,0.0,0,0.8599728715182487,0.8036497271379451,False,False,False,False,0.18039370132931654,0.1726116640380279,False,False,False,False,4190761.0,3160303.338601555,False,False,False,False,124351.14241651271,False,False,False,False
2025-01-16 17:00:00+00:00,104.79,105.245,103.135,103.495,78815.0,,,,102.53685670500379,106.57044170418723,97.23546038980065,91.45829759488429,,,,99.45026409846899,"rgba(239, 83, 80, 1.0)",14.10162232951667,96.57287990201625,0.49087402401174673,40.039107954226665,-6.397281603415628,False,True,False,True,False,5.412622128790996,0.0,0.0,0.0,0.0,0,0.8640515682729348,0.8019338102350445,False,False,False,False,0.1839009193985808,0.17825629171830437,False,False,False,False,4111946.0,3175057.4883906785,False,False,False,False,123645.15571238073,False,False,False,False
2025-01-17 17:00:00+00:00,104.95,105.14,103.04,103.13,116614.0,,,,102.76975896209149,106.52953441424613,97.2997695999354,91.55518973774188,,,,99.53856317850374,"rgba(239, 83, 80, 1.0)",13.95889827346728,96.59359416351612,0.46826086904781833,40.01256967669407,-6.397281603415628,False,True,False,True,False,5.109230571743776,0.0,0.0,0.0,0.0,0,0.8624765184721352,0.8042579837194739,False,False,False,False,0.1828764553317676,0.180566373525036,False,False,False,False,3995332.0,3187774.922679195,False,False,False,False,123536.1455462973,False,False,False,False
2025-01-20 17:00:00+00:00,103.13,103.13,103.13,103.13,0.0,,,,102.76975896209149,106.52953441424613,97.2997695999354,91.55518973774188,,,,99.53856317850374,"rgba(239, 83, 80, 1.0)",13.78051712670022,96.59359416351612,0.47432224613830865,39.99487749167234,-6.397281603415628,False,True,False,True,False,5.109230571743776,0.0,0.0,0.0,0.0,0,0.8651630262741373,0.8061886672997783,False,False,False,False,0.17306056692225225,0.17681347022364413,False,False,False,False,3995332.0,3200295.1874438585,False,False,False,False,121620.85646806013,False,False,False,False
2025-01-21 17:00:00+00:00,106.145,106.83,105.67,106.585,106718.0,,,,103.2990970104803,106.52731998757135,97.38065505323554,91.66106452740013,,,,99.71703414467183,"rgba(239, 83, 80, 0.75)",13.63988587605155,96.68246216545066,0.7259985841916666,44.24705732490203,-10.407401994112519,False,True,False,True,True,7.6150246386243055,0.0,0.0,0.0,0.0,0,0.865683144335572,0.8059011339865684,False,False,False,False,0.20509331293568833,0.19095339157966623,False,False,False,False,4102050.0,3214275.8822121704,False,False,False,False,121389.80442979562,False,False,False,False
2025-01-22 17:00:00+00:00,107.05,107.225,105.76,106.42,71778.0,,,,103.58490285368478,106.52680122912497,97.43488740326464,91.73193833346099,,,,99.81963245488384,"rgba(239, 83, 80, 0.75)",13.503892115952276,96.73843955474646,0.7169459265611741,46.88284537769941,-7.834103721264341,False,True,False,True,True,7.470933828231974,0.0,0.0,0.0,0.0,0,0.8658923744263533,0.8050386622241781,False,False,False,False,0.2075996868449338,0.1992765392123,False,False,False,False,4030272.0,3226926.9848135323,False,False,False,False,120620.62916731817,False,False,False,False
2025-01-23 17:00:00+00:00,105.42,106.39,105.385,106.09,91677.0,,,,103.82969970193264,106.52044975580058,97.49933729186792,91.81836067187992,,,,99.91696185537026,#000000,13.344699263806591,96.79425130752574,0.6965873496816922,48.2083502951961,-6.49246479072626,False,True,False,False,True,7.1784249982811446,0.0,0.0,0.0,0.0,0,0.8649585791389482,0.8066555792644658,False,False,False,False,0.20135139453134435,0.20031396687182218,False,False,False,False,3938595.0,3237960.597452082,False,False,False,False,120171.89073061556,False,False,False,False
2025-01-24 17:00:00+00:00,108.235,108.975,107.375,107.685,94698.0,,,,104.23285748655796,106.53736568898665,97.58084073362028,91.91936303901123,,,,100.06760673704403,"rgba(38, 166, 154, 0.5)",13.195209980952942,96.89055216915926,0.8180580564024625,51.04058334176867,-3.7450966770275684,False,True,True,False,True,8.344416209171296,0.0,0.0,0.0,0.0,0,0.8707348262740939,0.8006674568024452,False,False,False,False,0.22506210983244063,0.2126880383521314,False,False,False,False,4033293.0,3250291.3323753052,False,False,False,False,119776.94668828044,False,False,False,False
2025-01-27 17:00:00+00:00,107.445,107.9,106.07,107.41,146358.0,,,,104.60810866780724,106.54751928540539,97.69387056891762,92.06455996066688,,,,100.22851462069929,"rgba(38, 166, 154, 0.5)",13.042315716629885,97.00095039933643,0.7980982692660386,52.50244103593238,-2.2923111085676595,False,False,True,False,True,8.093089731581973,0.0,0.0,0.0,0.0,0,0.8655262458367866,0.8089534501899833,False,False,False,False,0.21269791146590755,0.21269297490901948,False,False,False,False,3886935.0,3260161.7768346025,False,False,False,False,120189.0560419505,False,False,False,False
2025-01-28 17:00:00+00:00,115.93,117.92,115.77,117.33,249298.0,,,,106.85123144994671,106.84572704140274,98.07568733378366,92.46370839401636,,,,101.05908855478737,"rgba(38, 166, 154, 1.0)",12.945243921927343,97.61295227992548,1.52311133254714,60.57729016276518,5.16103703091143,True,False,True,False,True,14.777642983824002,0.0,0.0,0.0,0.0,0,0.8782618022462959,0.8026753290532155,False,False,False,False,0.3174916586009612,0.26509231675499034,False,False,False,False,4136233.0,3273744.276418562,False,False,False,False,122190.74509556367,False,False,False,False
2025-01-29 17:00:00+00:00,115.775,116.86,114.78,116.735,268660.0,,,,108.36432441952338,107.12234321008283,98.45221683010983,92.8648502854528,,,,101.70093368629222,"rgba(38, 166, 154, 1.0)",12.820423062266475,98.13212678866073,1.451034269383193,65.1615757939147,9.10578359231377,True,False,True,False,True,14.232009137721576,0.0,0.0,0.0,0.0,0,0.8787570516970314,0.8018588735781005,False,False,False,False,0.30631579353210603,0.2857040551435482,False,False,False,False,3867573.0,3282950.9232957936,False,False,False,False,124461.58625687276,False,False,False,False
2025-01-30 17:00:00+00:00,118.82,119.815,118.015,119.18,110178.0,,,,109.0315519874499,107.26583629796296,98.62654435227857,93.04532766110549,,,,101.99231507469923,"rgba(38, 166, 154, 1.0)",12.710694046161825,98.37454635745267,1.636846388323684,69.2975206435627,12.661060640422825,True,False,True,False,True,15.742141034939312,0.0,0.0,0.0,0.0,0,0.8913649025069639,0.7956570584342633,False,False,False,False,0.3402266643046968,0.3129653597241225,False,False,False,False,3977751.0,3293723.0175082614,False,False,False,False,124240.1353071538,False,False,False,False
2025-01-31 17:00:00+00:00,120.865,120.89,116.54,116.695,197568.0,,,,109.94238927489054,107.4942623633548,98.91743928336948,93.35102835470614,,,,102.42627981908024,"rgba(38, 166, 154, 1.0)",12.567359356252517,98.75011081224591,1.4278965595764666,68.79451595156469,12.661060640422825,True,False,True,False,True,13.46222263273732,0.0,0.0,0.0,0.0,0,0.886133688448057,0.7989775145030691,False,False,False,False,0.33698784507798946,0.32497660240105597,False,False,False,False,3780183.0,3301265.032740691,False,False,False,False,125377.00142642274,False,False,False,False
2025-02-03 17:00:00+00:00,114.65,115.735,114.1,114.43,138694.0,,,,110.26129074594577,107.60072606164955,99.08228637561005,93.5332260056296,,,,102.61938229720874,"rgba(38, 166, 154, 0.75)",12.372395817717306,98.93050191798015,1.252748320565733,65.8720979803961,12.661060640422825,True,False,True,False,False,11.44222001893214,0.0,0.0,0.0,0.0,0,0.8764672472548278,0.81746182001767,False,False,False,False,0.284273146827985,0.3046248746145205,False,False,False,False,3641489.0,3306539.8229307584,False,False,False,False,125583.46652058672,False,False,False,False
2025-02-04 17:00:00+00:00,119.14,120.105,118.24,119.215,162149.0,,,,110.90302290400155,107.79599215945062,99.32399231456554,93.78601021877824,,,,102.95225439919899,"rgba(38, 166, 154, 0.75)",12.202766355984085,99.22921026948435,1.6378081123150297,66.77391976310741,12.661060640422825,True,False,True,False,False,14.424044119059424,0.0,0.0,0.0,0.0,0,0.8768393056670288,0.820169019404183,False,False,False,False,0.34282825300461756,0.323726563809569,False,False,False,False,3803638.0,3314246.7714124518,False,False,False,False,126150.37401639158,False,False,False,False
2025-02-05 17:00:00+00:00,120.97,121.845,120.08,121.845,112578.0,,,,111.39529354120104,107.95167806984333,99.50555116312192,93.97267034845508,,,,103.20629828065535,"rgba(38, 166, 154, 0.75)",11.999218002673091,99.45729482319221,1.8657636832517277,68.59866393882899,12.661060640422825,True,False,True,False,False,15.97708081369953,0.0,0.0,0.0,0.0,0,0.8776513313401065,0.8146768310818217,False,False,False,False,0.3428282530511323,0.33327740843035064,False,False,False,False,3916216.0,3323579.6276696227,False,False,False,False,125939.94961303666,False,False,False,False
2025-02-06 17:00:00+00:00,120.35,120.435,116.9,118.545,229532.0,,,,112.03434900461502,108.19761127728576,99.8229168757957,94.30955729660131,,,,103.59110861357446,"rgba(38, 166, 154, 0.75)",11.714306981766414,99.81872202156379,1.59858180322439,66.40617229799724,12.661060640422825,True,False,True,False,False,13.085611867980735,0.0,0.0,0.0,0.0,0,0.867407418870611,0.816741206146799,False,False,False,False,0.3118287156492392,0.32255306203979495,False,False,False,False,3686684.0,3329209.1528220316,False,False,False,False,127546.02791360974,False,False,False,False
2025-02-07 17:00:00+00:00,117.48,118.3,116.55,117.13,132546.0,,,,112.29131236356169,108.31746715697152,99.98908915661602,94.4897584434315,,,,103.77190678014517,"rgba(38, 166, 154, 0.75)",11.355887309875563,99.9949047962854,1.508917333902494,63.62307154194843,12.661060640422825,True,False,True,False,False,11.877491430013354,0.0,0.0,0.0,0.0,0,0.8648038472838612,0.8269031529790163,False,False,False,False,0.2952882719241194,0.3089206669819572,False,False,False,False,3554138.0,3332696.421770527,False,False,False,False,127623.54686068556,False,False,False,False
2025-02-10 17:00:00+00:00,121.04,121.65,119.14,119.685,258193.0,,,,112.97108801231838,108.61274271147948,100.35530483586874,94.87533724081551,,,,104.20361820012053,"rgba(38, 166, 154, 0.75)",11.029595633877294,100.40595824404858,1.7479373130177174,63.374380400089635,12.661060640422825,True,False,True,False,False,13.43331174489889,0.0,0.0,0.0,0.0,0,0.8656146485093854,0.8202214452214452,False,False,False,False,0.3351056453217913,0.32201315615187426,False,False,False,False,3812331.0,3340132.6167818364,False,False,False,False,129647.87946749663,False,False,False,False
2025-02-11 17:00:00+00:00,119.4,125.915,118.99,123.59,305565.0,,,,113.88590030313115,109.0203466331675,100.82812825641734,95.3636497361466,,,,104.77450623221566,"rgba(38, 166, 154, 0.75)",10.75297763161182,100.94680526944373,2.105760423418845,65.25028440081384,12.661060640422825,True,False,True,False,False,15.712308902370388,0.0,0.0,0.0,0.0,0,0.8643774741024981,0.8123701333171552,False,False,False,False,0.3428282530875746,0.3324207046197244,False,False,False,False,4117896.0,3352190.9638084746,False,False,False,False,132375.27668505482,False,False,False,False
2025-02-12 17:00:00+00:00,120.59,122.445,120.33,120.39,299926.0,,,,114.4842499561715,109.34970189675312,101.23732869845338,95.79669412342585,,,,105.21699366870095,"rgba(38, 166, 154, 0.75)",10.363568835541509,101.38134886122245,1.8341800436147078,63.46420667017729,12.661060640422825,True,False,True,False,False,12.988803342520892,0.0,0.0,0.0,0.0,0,0.8645154493325106,0.821726893728459,False,False,False,False,0.3287517331865749,0.33058621890314965,False,False,False,False,3817970.0,3359412.3442145446,False,False,False,False,134972.96231784465,False,False,False,False
2025-02-13 17:00:00+00:00,126.84,127.725,125.2,127.625,177705.0,,,,115.06693545782507,109.62894111050609,101.54069899523982,96.1037540297596,,,,105.58508239833264,"rgba(38, 166, 154, 0.75)",10.008275210278882,101.73015812687382,2.58734310648564,65.63443991321331,12.661060640422825,True,False,True,False,False,17.005865898809144,0.0,0.0,0.0,0.0,0,0.8677136994996089,0.8115340900704091,False,False,False,False,0.34282825317662885,0.3367072360398893,False,False,False,False,3995675.0,3369276.881513544,False,False,False,False,135635.47452997108,False,False,False,False
2025-02-14 17:00:00+00:00,127.835,128.565,127.21,128.35,217214.0,,,,115.77354575485816,109.98118896685102,101.91890243706935,96.48516422691222,,,,106.03970034642269,"rgba(38, 166, 154, 1.0)",9.646819191967921,102.16224140243733,2.714652164245699,67.35708560616933,12.661060640422825,True,False,True,False,True,17.3874837848835,0.0,0.0,0.0,0.0,0,0.8743475568399636,0.8091917077054643,False,False,False,False,0.34282825320546545,0.33976774462267734,False,False,False,False,4212889.0,3382356.1391644967,False,False,False,False,136900.25787059165,False,False,False,False
2025-02-17 17:00:00+00:00,128.35,128.35,128.35,128.35,0.0,,,,115.77354575485816,109.98118896685102,101.91890243706935,96.48516422691222,,,,106.03970034642269,"rgba(38, 166, 154, 1.0)",9.19812587011727,102.16224140243733,2.847075476825236,68.50551606814001,13.293713319999632,True,False,True,False,True,17.3874837848835,0.0,0.0,0.0,0.0,0,0.8752090455682339,0.8124583758824314,False,False,False,False,0.3428282532145384,0.3412979989186079,False,False,False,False,4212889.0,3395232.6176270624,False,False,False,False,134777.77325244294,False,False,False,False
2025-02-18 17:00:00+00:00,127.08,129.36,126.24,129.36,243460.0,,,,116.49533474293482,110.36615946304573,102.33455805659543,96.90565224294006,,,,106.525426126379,"rgba(38, 166, 154, 1.0)",8.760425409782245,105.36040047990963,2.7395472705345405,69.7221365309344,14.720254938633417,True,False,True,False,True,17.93219589495658,-1.0,129.36,126.24,412.0,0,0.8747216774555053,0.8101066104369111,False,True,False,False,0.33623781688928117,0.3387679079039445,False,False,False,False,4456349.0,3411684.034408038,False,False,False,False,136462.76901597093,False,True,False,False
2025-02-19 17:00:00+00:00,126.96,128.075,126.16,127.605,284997.0,,,,117.1757969077495,110.77182490169376,102.78598178323193,97.3681471927767,,,,107.02543769636297,"rgba(38, 166, 154, 1.0)",8.313319268033094,105.7866646481094,2.6245034803111515,68.53544243486803,14.720254938633417,True,False,True,False,True,16.399959194481553,0.0,0.0,0.0,0.0,0,0.8708017931946791,0.8139046079223929,False,False,False,False,0.32809858192805197,0.33343324491599824,False,False,False,False,4171352.0,3423461.8323241924,False,False,False,False,138765.62531029695,False,False,False,False
2025-02-20 17:00:00+00:00,122.15,124.28,122.06,123.44,135964.0,,,,117.35358589249549,110.91310055768616,102.96122717504353,97.55487261014791,,,,107.19569655884328,"rgba(38, 166, 154, 0.75)",7.872036154402129,105.89141176245923,2.229231153585011,63.741271430876495,18.677286229768427,True,False,True,False,False,12.89070817873349,0.0,0.0,0.0,0.0,0,0.8647314949201741,0.8167343976777938,False,False,False,False,0.2817994969662303,0.30761637094111427,False,False,False,False,4035388.0,3432949.0597300185,False,False,False,False,138722.1892589745,False,False,False,False
2025-02-21 17:00:00+00:00,119.86,120.31,115.31,115.59,344351.0,,,,117.33404449241759,111.08459087741768,103.26058878057454,97.90492120149605,,,,107.39603633797647,"rgba(38, 166, 154, 0.5)",7.340541040397759,105.89633807117727,1.3205650476545074,55.52863801738596,11.18440426993594,False,False,True,False,False,6.847048116553175,0.0,0.0,0.0,0.0,0,0.8511100694592406,0.8207553869973437,False,False,False,False,0.22072957761042747,0.26417297427577086,False,False,False,False,3691037.0,3436950.4231450567,False,False,False,False,141910.23283635473,False,False,False,False
2025-02-24 17:00:00+00:00,113.11,116.53,113.045,115.455,142986.0,,,,117.26939640862814,111.12947167598591,103.36320252859622,98.03138070797365,,,,107.44836283029598,"rgba(239, 83, 80, 1.0)",6.87780112436412,105.89198973542135,1.390416804973085,49.98384108722419,6.428497313029496,False,True,False,True,False,6.748403275008883,0.0,0.0,0.0,0.0,0,0.8485016018825666,0.8309234215077543,False,False,False,False,0.18702045931716743,0.22559671679646914,False,False,False,False,3548051.0,3438672.912708699,False,False,False,False,141926.9113970314,False,False,False,False
2025-02-25 17:00:00+00:00,108.55,111.825,107.83,110.89,165626.0,,,,117.04814785043361,111.11708326184805,103.43148977442306,98.13454860223209,,,,107.4328173722342,"rgba(239, 83, 80, 1.0)",6.866813941829919,105.80101421824688,0.7410985392735095,44.095581841082115,1.3761673253528244,False,True,False,True,False,3.4845078489568344,0.0,0.0,0.0,0.0,0,0.8309955382041273,0.840281650864473,False,False,False,False,0.1325651334168942,0.17908092510668167,False,False,False,False,3382425.0,3437800.8520465484,False,False,False,False,142294.33912730997,False,False,False,False
2025-02-26 17:00:00+00:00,113.625,114.25,112.42,113.275,82352.0,,,,116.99109133684905,111.1312751529028,103.48046231364745,98.19836888438144,,,,107.4502994219452,"rgba(239, 83, 80, 1.0)",6.860604732623455,105.79719187929987,1.0899634087854908,42.209120767882126,-0.07787633448013054,False,True,False,True,False,4.975006408133165,0.0,0.0,0.0,0.0,0,0.8404331929980059,0.8342288943053402,False,False,False,False,0.17097386518944863,0.17502739514806515,False,False,False,False,3464777.0,3438219.0868985397,False,False,False,False,141365.00053618886,False,False,False,False
2025-02-27 17:00:00+00:00,113.38,114.14,110.67,110.685,106370.0,,,,116.89120954395928,111.13706821060296,103.53357091413058,98.27200112564272,,,,107.45846244858387,"rgba(239, 83, 80, 1.0)",6.8525246383298,105.77762742824677,0.7161408138985293,39.6774556791831,-2.388147885659869,False,True,False,True,False,3.169682710212154,0.0,0.0,0.0,0.0,0,0.8357383885215769,0.8356560862527777,False,False,False,False,0.16074573059323918,0.16788656287065218,False,False,False,False,3358407.0,3436981.6902024383,False,False,False,False,140822.44238834098,False,False,False,False
2025-02-28 17:00:00+00:00,110.21,112.075,108.65,112.02,117772.0,,,,116.76580208957145,111.13505301506291,103.58518068208768,98.34715490224717,,,,107.4582976722423,"rgba(239, 83, 80, 1.0)",6.836557121115007,105.74943253389915,0.9172113031475917,39.177930011626174,-3.013404979855032,False,True,False,True,False,4.012508958187745,0.0,0.0,0.0,0.0,0,0.833742339699209,0.8414060679179062,False,False,False,False,0.13839581477774227,0.15314118882419722,False,False,False,False,3476179.0,3437589.400431858,False,False,False,False,140465.07118852172,False,False,False,False
2025-03-03 17:00:00+00:00,111.11,111.32,104.815,106.615,208423.0,,,,116.43700749958055,111.07891540800192,103.63404745050778,98.44330546328722,,,,107.39831895534438,"rgba(239, 83, 80, 1.0)",6.828427903304586,105.63639342931499,0.14331359787974188,36.313352388703194,-5.984339553874939,False,True,False,True,False,0.3594527034240187,0.0,0.0,0.0,0.0,0,0.8282990588584777,0.8416802819373741,False,False,False,False,0.11344473480794628,0.13329296181607175,False,False,False,False,3267756.0,3434956.32445617,False,False,False,False,141518.6824879245,False,False,False,False
2025-03-04 17:00:00+00:00,99.765,104.175,99.17,101.72,215110.0,,,,115.91138616517671,110.92818694773383,103.60980904180423,98.47780010473346,,,,107.23179556486207,"rgba(239, 83, 80, 1.0)",6.88023748608018,105.40711587240719,-0.5358995063566941,32.68562992260532,-9.625450544361932,False,True,False,True,False,0.0,0.0,0.0,0.0,0.0,0,0.8129511677282377,0.8564092356687897,False,False,False,False,0.04455826422390151,0.08892561301998664,False,False,False,False,3052646.0,3429029.0326041365,False,False,False,False,142659.63314702644,False,False,False,False
2025-03-05 17:00:00+00:00,103.24,106.65,102.5,106.38,207712.0,,,,115.55426320511228,110.84040466067358,103.6284326008602,98.54586143955967,,,,107.14224047655142,"rgba(239, 83, 80, 1.0)",6.844748842120487,105.2855688815966,0.15989353936094752,34.067436254471914,-9.625450544361932,False,True,False,True,False,0.2470603611564286,0.0,0.0,0.0,0.0,0,0.8244085836455339,0.8466090363917975,False,False,False,False,0.07104470145101179,0.0799851572354992,False,False,False,False,3260358.0,3426413.9778350797,False,False,False,False,143668.19697420433,False,False,False,False
2025-03-06 17:00:00+00:00,105.27,105.73,101.425,102.475,352100.0,,,,114.89528533371985,110.6479700873694,103.62016842019766,98.6248308569604,,,,106.94706367456183,"rgba(239, 83, 80, 1.0)",6.908229843930688,105.04634393091152,-0.37221458883140823,33.44203765496266,-9.625450544361932,False,True,False,True,False,0.0,0.0,0.0,0.0,0.0,0,0.8189735451123382,0.8511207586270215,False,False,False,False,0.060128079743550625,0.07005661848952491,False,False,False,False,2908258.0,3418380.5518221324,False,False,False,False,146899.6977963097,False,False,False,False
2025-03-07 17:00:00+00:00,96.22,100.465,95.385,100.15,306091.0,,,,114.17555332875577,110.39092723728128,103.53655465204163,98.62543769738423,,,,106.68211822886573,"rgba(239, 83, 80, 1.0)",7.026214636425161,104.74351088451773,-0.653767515256955,32.19012674895603,-11.037000506112363,False,True,False,True,False,0.0,0.0,0.0,0.0,0.0,0,0.8073289103441155,0.8613728476650231,False,False,False,False,-0.02081537528618642,0.024620621601669244,False,False,False,False,2602167.0,3405726.078150471,False,False,False,False,149367.78000101805,False,False,False,False
2025-03-10 17:00:00+00:00,93.12,93.94,91.7,92.43,294959.0,,,,113.29496634588263,110.03240032531505,103.36295012468753,98.54361727079137,,,,106.30848351666916,"rgba(239, 83, 80, 1.0)",7.394763092161049,104.33002503720476,-1.6092503422888005,29.126960453831284,-14.31200871719605,False,True,False,True,False,0.0,0.0,0.0,0.0,0.0,0,0.7896823373444831,0.867364368753824,False,False,False,False,-0.08353355104895027,-0.029456464723640514,False,False,False,False,2307208.0,3388694.79011713,False,False,False,False,151625.00821805652,False,False,False,False
2025-03-11 17:00:00+00:00,92.08,94.52,91.17,92.94,169476.0,,,,112.8251985822304,109.83504151106693,103.26739329995678,98.49908460766905,,,,106.10667950023078,"rgba(239, 83, 80, 1.0)",7.720863801274822,104.11216859137642,-1.4470101893950957,27.507373870392513,-16.167656701663574,False,True,False,True,False,0.0,0.0,0.0,0.0,0.0,0,0.7876919571079517,0.8672853182088645,False,False,False,False,-0.08906046192453451,-0.05925846332408751,False,False,False,False,2476684.0,3374555.0879447716,False,False,False,False,151901.76778056726,False,False,False,False
2025-03-12 17:00:00+00:00,97.72,97.99,96.18,96.475,110499.0,,,,112.5895678457537,109.73860644458601,103.22967710328743,98.49083976927457,,,,106.01217279072543,"rgba(239, 83, 80, 1.0)",7.92340312044055,104.01298075745636,-0.9513564617216203,29.299512239492703,-16.167656701663574,False,True,False,True,False,0.0,0.0,0.0,0.0,0.0,0,0.7940320598048315,0.8629932518877153,False,False,False,False,-0.04401844060058716,-0.05163845196233734,False,False,False,False,2587183.0,3362347.7687518294,False,False,False,False,151259.86440412435,False,False,False,False
2025-03-13 17:00:00+00:00,91.58,92.08,89.22,90.545,136194.0,,,90.61500000000002,112.1964456493712,109.5647244641513,103.1385089356171,98.44166568262757,,,,102.79126894635344,"rgba(239, 83, 80, 1.0)",8.290381558069353,104.02721428146612,-1.6262477410757226,28.55687975911828,-16.167656701663574,False,True,False,True,False,0.0,0.0,0.0,0.0,0.0,0,0.7884662910241201,0.8717749110320285,False,False,False,False,-0.13144428320493176,-0.09154136758363454,False,False,False,False,2450989.0,3348218.1754378476,False,False,False,False,151026.28511103714,False,False,False,False
2025-03-14 17:00:00+00:00,94.595,95.255,93.99,94.875,177811.0,,,92.93198011708944,111.79726889904002,109.39041444696139,103.05969344007244,98.41146583513441,,,,103.11816454765956,"rgba(239, 83, 80, 0.75)",8.490511252765137,103.99289726895248,-1.073892607583909,31.143840554829016,-16.167656701663574,False,True,False,True,True,0.0,0.0,0.0,0.0,0.0,0,0.7912398921832884,0.8686841460426366,False,False,False,False,-0.09649308459240721,-0.09401722608802088,False,False,False,False,2628800.0,3337064.4052760205,False,False,False,False,151441.55200854043,False,False,False,False
2025-03-17 17:00:00+00:00,96.44,97.61,96.26,96.775,96097.0,,,93.8574889620956,111.61552964171403,109.31160460294271,103.02864057246632,98.40480994382261,,,,103.24361474460825,"rgba(239, 83, 80, 0.75)",8.647685808749351,103.97364362735891,-0.8324358431333885,34.11878359545892,-21.45610287041948,False,True,False,True,True,0.0,0.0,0.0,0.0,0.0,0,0.7919824662364854,0.8695130462465256,False,False,False,False,-0.0820197584701977,-0.0880184922791093,False,False,False,False,2724897.0,3327573.4377523614,False,False,False,False,150583.49693864057,False,False,False,False
2025-03-18 17:00:00+00:00,94.52,94.69,93.28,93.99,96103.0,,,93.88201334439604,111.40330326414315,109.21565025335407,102.98341701629766,98.38566944936194,,,,103.17401066551056,"rgba(239, 83, 80, 0.75)",8.864559637543515,103.87869524947624,-1.115531470688659,34.919667212187576,-20.487951143475854,False,True,False,True,True,0.0,0.0,0.0,0.0,0.0,0,0.7871248315570256,0.8779002817591572,False,False,False,False,-0.121097989268946,-0.10455824077402764,False,False,False,False,2628794.0,3316739.6480197664,False,False,False,False,149738.83807137483,False,False,False,False
2025-03-19 17:00:00+00:00,101.93,103.16,100.685,101.69,242351.0,,,96.46009404773991,111.12167560821388,109.10107896078709,102.96923730708063,98.42305418863565,,,,103.61502802249143,"rgba(239, 83, 80, 0.75)",8.918600341648464,103.94860760140274,-0.2532468677686342,40.02211123149039,-15.572395201339205,False,True,False,True,True,0.0,0.0,0.0,0.0,0.0,0,0.7920645789037443,0.8738933535142409,False,False,False,False,-0.016453963240915945,-0.06050610200747179,False,False,False,False,2871145.0,3309831.203864421,False,False,False,False,151174.68554313647,False,False,False,False
2025-03-20 17:00:00+00:00,102.41,103.1,100.93,101.795,78572.0,,,96.98080924999918,111.03481323752231,109.06517955869803,102.96510445002605,98.43533926192916,,,,103.69624915163494,"rgba(239, 83, 80, 0.75)",8.964223029494557,103.95342290020783,-0.24078192756985947,43.478512425433124,-12.35746223886391,False,True,False,True,True,0.0,0.0,0.0,0.0,0.0,0,0.7917452009075958,0.8783029400818757,False,False,False,False,-0.015241025691438736,-0.03787356384945526,False,False,False,False,2949717.0,3304248.0379130347,False,False,False,False,150049.06251145992,False,False,False,False
2025-03-21 17:00:00+00:00,103.915,104.425,103.3,104.295,111211.0,,,97.81350684560695,110.94193124026745,109.02953106091559,102.97100019314314,98.46273632541349,,,,103.84374113306933,#000000,8.940227843903026,103.98397736782076,0.03478911696767926,47.12624054617619,-8.995607611762424,False,False,False,False,True,0.08085706124802172,0.0,0.0,0.0,0.0,0,0.7945048244198142,0.8727596637851669,False,False,False,False,0.008980278464549088,-0.014446642692453087,False,False,False,False,3060928.0,3300475.6342244605,False,False,False,False,149446.92200740628,False,False,False,False
2025-03-24 17:00:00+00:00,109.42,110.23,109.03,109.415,131184.0,,,99.25408672838265,110.9206931393221,109.03389068952191,103.01469259367558,98.52672707694742,,,,104.15001804556994,"rgba(38, 166, 154, 0.5)",8.919959460882197,105.27803513771758,0.463787406257256,51.953522341392826,-4.589139105680523,False,False,True,False,True,2.89162899229774,0.0,0.0,0.0,0.0,0,0.8020059611108482,0.8702985286464494,False,False,False,False,0.08479195898074536,0.035172658144146135,False,False,False,False,3192112.0,3298795.577879895,False,False,False,False,149163.77592977206,False,False,False,False
2025-03-25 17:00:00+00:00,109.53,110.11,109.0,109.83,72720.0,,,99.91572213618292,110.90994390680548,109.03667841914252,103.0389876671432,98.56216397915723,,,,104.29269922168628,"rgba(38, 166, 154, 1.0)",8.911016419613908,105.33419049803722,0.5045226369538632,55.35309552680941,-1.537137285968889,True,False,True,False,True,3.114690695127141,0.0,0.0,0.0,0.0,0,0.8009952017060601,0.8744387180854215,False,False,False,False,0.08380173983681492,0.05948719899048053,False,False,False,False,3264832.0,3298269.0107809817,False,False,False,False,147978.60110915545,False,False,False,False
2025-03-26 17:00:00+00:00,103.755,104.375,103.065,104.34,88946.0,,,100.20548875382522,110.83861394786915,109.00840141063887,103.04294736718842,98.5829928541889,,,,104.33568886674212,"rgba(38, 166, 154, 0.5)",8.892348910391572,105.22536911741835,-0.09956526968748493,54.010592468537865,-1.537137285968889,False,False,True,False,True,0.0,0.0,0.0,0.0,0.0,0,0.8013577573593961,0.8759641832972436,False,False,False,False,0.007112046938832012,0.03329962296465627,False,False,False,False,3175886.0,3296371.5997611214,False,False,False,False,147063.36698343212,False,False,False,False
2025-03-27 17:00:00+00:00,101.48,103.68,101.39,102.47,118055.0,,,100.40741856921358,110.7272559888946,108.96104539431829,103.03983019999217,98.6031436469406,,,,104.34773875987185,"rgba(38, 166, 154, 0.5)",8.91069401145409,105.10538348262688,-0.2957551318942466,52.04503584422103,-1.537137285968889,False,False,True,False,False,0.0,0.0,0.0,0.0,0.0,0,0.7967581047381548,0.8764537254993358,False,False,False,False,-0.008423081947652879,0.012438270508501697,False,False,False,False,3057831.0,3292673.295888856,False,False,False,False,146613.62485965798,False,False,False,False
2025-03-28 17:00:00+00:00,97.42,97.535,95.875,96.56,340665.0,,,99.65131282808719,110.20434196235345,108.70750232195809,102.93322815616997,98.57476601247983,,,,104.0142302562097,"rgba(239, 83, 80, 0.5)",9.01900338974003,104.55363277363904,-0.8863099866147682,47.81588285318998,4.8826222137781485,False,False,False,True,False,0.0,0.0,0.0,0.0,0.0,0,0.7965456809482082,0.8803440483327952,False,False,False,False,-0.08505604667858122,-0.03630888808503976,False,False,False,False,2717166.0,3283750.702154145,False,False,False,False,149622.1733114462,False,False,False,False
2025-03-31 17:00:00+00:00,93.795,96.1,93.74,95.55,105240.0,,,99.38625240021858,110.03324115609524,108.6216188790911,102.89317632895069,98.55932099586997,,,,103.89872195204512,"rgba(239, 83, 80, 1.0)",9.126274882186229,104.40639612467317,-0.9704283772955554,44.55293113266629,1.7438218701484516,False,True,False,True,False,0.0,0.0,0.0,0.0,0.0,0,0.790836470480213,0.8840212101735377,False,False,False,False,-0.1086779103545282,-0.07249339921978398,False,False,False,False,2611926.0,3273334.815299042,False,False,False,False,148934.0776011912,False,False,False,False
2025-04-01 17:00:00+00:00,98.45,98.85,96.85,97.65,159146.0,,,99.25572033734245,109.82652698476758,108.51892830857334,102.85382018165303,98.55409506471912,,,,103.80181817541111,"rgba(239, 83, 80, 1.0)",9.143063104229673,104.27732735579328,-0.7248476008797753,43.89147512239353,0.9403327126158416,False,True,False,True,False,0.0,0.0,0.0,0.0,0.0,0,0.7987679436774253,0.8783258663253177,False,False,False,False,-0.06995498693027624,-0.07122419307503011,False,False,False,False,2771072.0,3265547.794906809,False,False,False,False,149092.4019794673,False,False,False,False
2025-04-02 17:00:00+00:00,100.13,101.43,98.45,100.71,95028.0,,,99.29935242841985,109.7304633144168,108.47210985111099,102.84165594673246,98.56067385617477,,,,103.78085107937098,"rgba(239, 83, 80, 0.5)",9.191056168171563,104.24108246860496,-0.3841868011679691,45.50362594515319,0.9403327126158416,False,False,False,True,False,0.0,0.0,0.0,0.0,0.0,0,0.7992398658317403,0.8752189392465055,False,False,False,False,-0.04246766151254809,-0.0568459272937891,False,False,False,False,2866100.0,3259354.805838486,False,False,False,False,148254.1941968399,False,False,False,False
2025-04-03 17:00:00+00:00,82.665,83.66,81.255,82.265,379409.0,,,96.65834642246791,108.68336760487419,107.8992186170053,102.47461408405327,98.30620974526792,,,,102.80435129473372,"rgba(239, 83, 80, 1.0)",9.685813040331219,103.23262418472532,-2.164776885266857,39.7393978469958,-3.2559007535018125,False,True,False,True,False,0.0,0.0,0.0,0.0,0.0,0,0.8012068092228415,0.8811138761038562,False,False,False,False,-0.27862256539610153,-0.16773424634494533,False,False,False,False,2486691.0,3247375.5220270366,False,False,False,False,151837.98963564858,False,False,False,False
2025-04-04 17:00:00+00:00,74.91,78.27,74.5,76.96,422708.0,,76.57666666666665,93.68136402542808,107.36931328325728,107.15092215247948,101.96685617972737,97.93173565817813,,76.57666666666665,,97.4461429942895,"rgba(239, 83, 80, 1.0)",10.344520494070778,101.03433255374162,-2.3272545660807027,34.76906419998205,-7.902199175084327,False,True,False,True,False,0.0,1.0,78.27,74.5,0.0,0,0.7919744155943046,0.8874373171182734,True,False,False,False,-0.34282825441539394,-0.25528125038016963,False,False,False,False,2063983.0,3229028.3511428963,True,False,False,False,156037.5246800571,True,False,False,False
2025-04-07 17:00:00+00:00,76.935,81.37,76.935,78.835,178282.0,,77.30938524767467,92.82019487706572,106.88871104646715,106.8705714403162,101.77888116665058,97.79546210575008,,77.30938524767467,,97.24386764732073,"rgba(239, 83, 80, 1.0)",10.879190959254554,100.70139038229237,-2.0099279867581874,32.595758704027524,-9.943941042164752,False,True,False,True,False,0.0,0.0,0.0,0.0,0.0,0,0.7984167098669432,0.8838452566096422,False,False,False,False,-0.3038702119104097,-0.27957573114528966,False,False,False,False,2242265.0,3213729.6945360294,False,False,False,False,156382.4002664128,False,False,False,False
2025-04-08 17:00:00+00:00,78.98,79.52,75.195,77.12,202032.0,,77.30157290833876,91.84860069898059,106.33006510811238,106.53979221980234,101.55327406645442,97.62904982551353,,77.30157290833876,,96.867059137867,"rgba(239, 83, 80, 1.0)",11.429782288878878,100.26420461900017,-2.0249033650902835,30.725684092499797,-11.841219480212587,False,True,False,True,False,0.0,0.0,0.0,0.0,0.0,0,0.7972089433857104,0.888014748440481,False,False,False,False,-0.32902944122324884,-0.30430258618426925,False,False,False,False,2040233.0,3195535.9473339203,False,False,False,False,157090.14599871647,False,False,False,False
2025-04-09 17:00:00+00:00,76.78,93.93,76.38,91.45,375386.0,,80.47174108345044,91.37038276584774,105.68397791716367,106.14737931319323,101.31272623590542,97.47500447310027,,80.47174108345044,,97.07686863144346,"rgba(239, 83, 80, 0.75)",11.567004442974072,100.07702001075347,-0.7458300939785337,36.68334440078914,-11.841219480212587,False,True,False,True,True,0.0,0.0,0.0,0.0,0.0,0,0.8062313494694962,0.8647422082228117,False,False,False,False,-0.22219954468992592,-0.2632510654370976,False,False,False,False,2415619.0,3183444.2117163404,False,False,False,False,160474.5778436976,False,False,False,False
2025-04-10 17:00:00+00:00,83.05,86.405,82.05,84.61,218605.0,,81.07939456659793,90.96952025422499,105.27144645122452,105.89219036990086,101.14821968544015,97.36254196655472,,81.07939456659793,,96.95388554899053,"rgba(239, 83, 80, 0.75)",11.844131284052539,99.84700650789847,-1.2864604539139353,38.43330180109561,-19.32711726875444,False,True,False,True,True,0.0,0.0,0.0,0.0,0.0,0,0.8107485917429791,0.8732823338867894,False,False,False,False,-0.23460502154438803,-0.24892804349074282,False,False,False,False,2197014.0,3168150.7200618233,False,False,False,False,161375.82469883407,False,False,False,False
2025-04-11 17:00:00+00:00,82.69,84.83,81.86,83.705,160725.0,,81.32553764924954,90.66695582558002,104.96569892168732,105.7007505221748,101.02298815986937,97.27550441606266,,81.32553764924954,,96.82623924910395,"rgba(239, 83, 80, 0.75)",12.133399506180234,99.66113594694085,-1.3150589773965222,39.32029310459022,-18.248034520205927,False,True,False,True,True,0.0,0.0,0.0,0.0,0.0,0,0.8128015144421602,0.8752111873307957,False,False,False,False,-0.24647476570743307,-0.24770140459908796,False,False,False,False,2036289.0,3150602.4763399344,False,False,False,False,161365.73439342578,False,False,False,False
2025-04-14 17:00:00+00:00,82.41,84.05,82.39,82.75,114613.0,,81.44463583900747,90.4544573258657,104.74887916083654,105.56378879443461,100.93274526153634,97.21231500670574,,81.44463583900747,,96.7261368980644,"rgba(239, 83, 80, 0.75)",12.433293361407065,99.52544990550467,-1.34923623354498,39.593826219013344,-17.576183087398775,False,True,False,True,True,0.0,0.0,0.0,0.0,0.0,0,0.813649146674518,0.8764429373483456,False,False,False,False,-0.24816147717938447,-0.24793144088923622,False,False,False,False,1921676.0,3131549.352675749,False,False,False,False,160640.88579817888,False,False,False,False
2025-04-15 17:00:00+00:00,82.95,84.405,82.765,83.935,104362.0,,81.57721113464396,90.28688059170906,104.56085495861124,105.44400800423395,100.85426625222759,97.15783791834572,,81.57721113464396,,96.64684314329526,"rgba(239, 83, 80, 0.5)",12.690166648889006,99.41216792253135,-1.2196189656726328,40.40210430305467,-16.30700871573932,False,False,False,True,True,0.0,0.0,0.0,0.0,0.0,0,0.8148418417505346,0.8764936604943903,False,False,False,False,-0.2432401204806319,-0.24558578068493406,False,False,False,False,2026038.0,3114409.6417815513,False,False,False,False,159768.34493309082,False,False,False,False
2025-04-16 17:00:00+00:00,84.1,84.23,81.34,84.0,161996.0,,81.71197367251438,90.0236449193017,104.26855954851328,105.2563413601778,100.73026130684268,97.07095807327264,,81.71197367251438,,96.51028981343707,"rgba(239, 83, 80, 0.5)",12.933471817081502,99.23010945485888,-1.1775731737200028,40.978297392070736,-15.225096790797494,False,False,False,True,True,0.0,0.0,0.0,0.0,0.0,0,0.8121660252330879,0.879622614826712,False,False,False,False,-0.2540421017439802,-0.2498139412144571,False,False,False,False,2188034.0,3100047.2287306744,False,False,False,False,159802.88222094986,False,False,False,False
2025-04-17 17:00:00+00:00,84.455,85.06,83.21,83.67,133986.0,,81.85858654875256,89.84375445164387,104.0416142939173,105.10897026509802,100.63356591571896,97.00395605208634,,81.85858654875256,,96.41507458786951,"rgba(239, 83, 80, 0.5)",13.170494843870928,99.09501662649328,-1.1711797323751674,41.20914681988407,-14.445536483458284,False,False,False,True,True,0.0,0.0,0.0,0.0,0.0,0,0.8166522168679557,0.8784402282396112,False,False,False,False,-0.23584606323179194,-0.2428300022231245,False,False,False,False,2054048.0,3083830.1864247727,False,False,False,False,159402.62048109018,False,False,False,False
2025-04-18 17:00:00+00:00,83.67,83.67,83.67,83.67,0.0,,81.85858654875256,89.84375445164387,104.0416142939173,105.10897026509802,100.63356591571896,97.00395605208634,,81.85858654875256,,96.41507458786951,"rgba(239, 83, 80, 0.5)",13.389011235855774,99.09501662649328,-1.1520654030960165,41.36304643842628,-13.729664531740035,False,False,False,True,True,0.0,0.0,0.0,0.0,0.0,0,0.8193074310665482,0.8798920514271853,False,False,False,False,-0.2420957162706826,-0.24246285924690356,False,False,False,False,2054048.0,3067864.5711313654,False,False,False,False,156931.262024019,False,False,False,False
2025-04-21 17:00:00+00:00,81.195,81.72,80.36,81.64,126581.0,,81.82298333027173,89.60843250703108,103.8031742517901,104.95379392559465,100.52837242395553,96.92809901178882,,81.82298333027173,,96.27414257507199,"rgba(239, 83, 80, 0.5)",13.602279821167173,98.932060044238,-1.2712618966512494,40.37775727430152,-13.729664531740035,False,False,False,True,True,0.0,0.0,0.0,0.0,0.0,0,0.8199422781948819,0.8795511423266329,False,False,False,False,-0.2778105796403706,-0.2601367194436371,False,False,False,False,1927467.0,3050183.9886332047,False,False,False,False,156460.71532597218,False,False,False,False
2025-04-22 17:00:00+00:00,85.99,86.275,84.59,85.7,142195.0,,82.0476003667495,89.48661008801231,103.59091362045858,104.81290793967936,100.43748701873976,96.86677154910389,,82.0476003667495,,96.20704843045723,"rgba(239, 83, 80, 0.5)",13.76599765612601,98.81817356909029,-0.9529402733301039,42.79682585027895,-11.590336633675513,True,False,False,True,True,0.0,0.0,0.0,0.0,0.0,0,0.8235488390712573,0.8763710968775021,False,False,False,False,-0.2185011368332447,-0.2393189281384409,False,False,False,False,2069662.0,3034982.0973365656,False,False,False,False,156239.54144494934,False,False,False,False
2025-04-23 17:00:00+00:00,91.57,92.125,89.93,90.97,101350.0,,82.41937148144162,89.51826870917752,103.48764048891059,104.74193849054787,100.39695947773433,96.84440673252419,,82.41937148144162,,96.234764230056,#000000,13.840339894865433,98.79520323876588,-0.5653909729246547,47.542822834161456,-6.989400579648674,True,False,False,False,True,0.0,0.0,0.0,0.0,0.0,0,0.828855140186916,0.872029938222715,False,False,False,False,-0.14503619612104152,-0.19217756212974121,False,False,False,False,2171012.0,3021587.2121065413,False,False,False,False,155388.540802392,False,False,False,False
2025-04-24 17:00:00+00:00,93.615,95.24,93.48,95.085,166753.0,,83.19782584564888,89.68651411936206,103.3692417618143,104.65688545201277,100.35626435065477,96.83040786093495,,83.19782584564888,,96.34952323173796,"rgba(38, 166, 154, 1.0)",13.868534999632598,98.81413065154149,-0.2688914619777999,52.65754692513235,-2.2976989563300805,True,False,True,False,True,0.0,0.0,0.0,0.0,0.0,0,0.831468964906585,0.8691105142508585,False,False,False,False,-0.10205494570952371,-0.14711625391963246,False,False,False,False,2337765.0,3010985.317345199,False,False,False,False,155564.7339682464,False,False,False,False
2025-04-25 17:00:00+00:00,97.925,98.62,96.255,97.145,116458.0,,83.80198944962251,89.8594240059616,103.31365418367541,104.6142740750831,100.34154436240883,96.83261964846243,,83.80198944962251,,96.46058428753565,"rgba(38, 166, 154, 1.0)",13.88841907639022,98.85451020688673,-0.12308889856246023,56.9487303964309,1.4918416237996297,True,False,True,False,True,0.0,0.0,0.0,0.0,0.0,0,0.8349296105344514,0.8659811968654921,False,False,False,False,-0.06269724646439823,-0.10490675019201534,False,False,False,False,2454223.0,3002353.3434328707,False,False,False,False,154958.42801525033,False,False,False,False
2025-04-28 17:00:00+00:00,97.15,98.875,96.91,98.56,80158.0,,84.21083642708916,89.98583476442755,103.28087212291558,104.58832604819204,100.33409034177684,96.83643926349122,,84.21083642708916,,96.53939982798205,"rgba(38, 166, 154, 1.0)",13.898648830239026,98.8858878122258,-0.0234474455903061,60.40906898078873,4.503370450278872,True,False,True,False,True,0.06325353893707941,0.0,0.0,0.0,0.0,0,0.8376782455078717,0.8654264715929612,False,False,False,False,-0.0568976523375827,-0.08090220126479902,False,False,False,False,2534381.0,2995097.958263369,False,False,False,False,153798.73145687435,False,False,False,False
2025-04-29 17:00:00+00:00,98.54,99.32,98.465,98.915,84303.0,,84.63925488604653,90.12711302805702,103.25200979589205,104.56454119995873,100.32905874908054,96.84288329752764,,84.63925488604653,,96.62581015942709,"rgba(38, 166, 154, 1.0)",13.906905934019111,98.92307879327721,-0.0005809195313131784,62.874022459067696,6.670818276908037,True,False,True,False,True,0.2412934484621232,0.0,0.0,0.0,0.0,0,0.8435963245234225,0.8636684234243059,False,False,False,False,-0.04416416764924358,-0.0625331844570213,False,False,False,False,2618684.0,2989262.082941456,False,False,False,False,152721.27825599257,False,False,False,False
2025-04-30 17:00:00+00:00,94.425,95.42,93.145,94.97,350396.0,,85.70663287964094,90.3980888228684,103.01904900703146,104.39281388371106,100.2454434288467,96.81301306025351,,85.70663287964094,,96.76250684705867,"rgba(38, 166, 154, 1.0)",13.940611478891581,98.91813250331742,-0.28321085551344416,61.046106394337265,6.670818276908037,True,False,True,False,True,0.0,0.0,0.0,0.0,0.0,0,0.8378950434487111,0.8677217340647605,False,False,False,False,-0.10304965052493234,-0.08279141749097682,False,False,False,False,2268288.0,2978084.1901826737,False,False,False,False,155786.00262411672,False,False,False,False
2025-05-01 17:00:00+00:00,97.435,98.33,96.9,97.045,146715.0,,86.2141479941772,90.57534014970936,102.9573076673959,104.34332977431906,100.22857073532111,96.81627886188026,,86.2141479941772,,96.85582919713382,"rgba(38, 166, 154, 1.0)",13.959232420042124,98.94924301654007,-0.136414593527795,61.01076103464373,6.670818276908037,True,False,True,False,True,0.0,0.0,0.0,0.0,0.0,0,0.8437361065470783,0.8638683238938396,False,False,False,False,-0.060434287752701106,-0.07161285262183896,False,False,False,False,2415003.0,2969354.2492496087,False,False,False,False,155645.366924518,False,False,False,False
2025-05-02 17:00:00+00:00,99.905,99.93,98.49,99.27,188146.0,,86.89900585378358,90.84652751144894,102.90528870169484,104.29718142807037,100.22096839511849,96.83268450691963,,86.89900585378358,,97.00027606617266,"rgba(38, 166, 154, 1.0)",13.966634703031588,99.01295927361767,0.018403912742597568,62.176192085826145,6.670818276908037,True,False,True,False,True,0.46518074849143076,0.0,0.0,0.0,0.0,0,0.8435493511752118,0.8611437826581572,False,False,False,False,-0.040124473722772884,-0.05586866317230592,False,False,False,False,2603149.0,2963676.648486049,False,False,False,False,156149.25270863398,False,False,False,False
2025-05-05 17:00:00+00:00,99.1,99.42,98.43,98.46,119820.0,,87.2838943875144,91.00154770372197,102.86885832157134,104.26559493719971,100.21396739349875,96.84103409583336,,87.2838943875144,,97.07914947322325,"rgba(38, 166, 154, 1.0)",13.977157015116612,99.04542191957961,-0.04188419139503614,62.177940837236385,6.670818276908037,True,False,True,False,True,0.047977585930855327,0.0,0.0,0.0,0.0,0,0.8420518274995167,0.8644846257977181,False,False,False,False,-0.04375059170862709,-0.049809627440466506,False,False,False,False,2483329.0,2956229.398121924,False,False,False,False,155586.00848059313,False,False,False,False
2025-05-06 17:00:00+00:00,94.685,94.92,93.59,93.795,207660.0,,87.64661413282502,91.10321772382714,102.73701406485007,104.16591618567787,100.16327837605208,96.82072424745357,,87.64661413282502,,97.10612745511429,"rgba(38, 166, 154, 0.75)",14.011962796639619,99.01700025913865,-0.3726815675239307,58.25428970450561,6.670818276908037,True,False,True,False,False,0.0,0.0,0.0,0.0,0.0,0,0.83811536716948,0.8693843674300549,False,False,False,False,-0.10340265904811678,-0.07660614324429164,False,False,False,False,2275669.0,2945678.074120034,False,False,False,False,156393.35718632035,False,False,False,False
2025-05-07 17:00:00+00:00,95.135,95.55,94.27,94.545,207286.0,,88.00675831087871,91.22003128927567,102.61945881737955,104.07500481571752,100.11914979016412,96.80579360463643,,88.00675831087871,,97.141032771342,"rgba(38, 166, 154, 0.75)",14.038979321103678,98.99819567368922,-0.3172022389829358,56.18593685894687,11.578034824715289,True,False,True,False,False,0.0,0.0,0.0,0.0,0.0,0,0.8364997732513823,0.8701068130722991,False,False,False,False,-0.09500141304057516,-0.0858037781424334,False,False,False,False,2482955.0,2938504.072970886,False,False,False,False,157182.39040823784,False,False,False,False
2025-05-08 17:00:00+00:00,93.015,95.83,92.69,94.035,313669.0,,88.44478766371657,91.35574266160428,102.43483245059387,103.93201647683294,100.046330933891,96.7769795444175,,88.44478766371657,,97.16511495517602,"rgba(38, 166, 154, 0.75)",14.06936848054808,98.95157525767779,-0.34945244802389763,54.37838095784096,9.696392739198082,True,False,True,False,False,0.0,0.0,0.0,0.0,0.0,0,0.8298236951407246,0.8741855218953017,False,False,False,False,-0.10333847377273414,-0.09457112595758377,False,False,False,False,2169286.0,2926578.211374438,False,False,False,False,159608.53939415663,False,False,False,False
2025-05-09 17:00:00+00:00,91.34,91.885,90.79,91.84,293822.0,,88.635367649942,91.36187903928398,102.21522463488338,103.76596547558721,99.94926652978187,96.72323823388223,,88.635367649942,,97.10849026056012,#000000,14.11094216403551,98.6428299348118,-0.48209608229776013,51.36539750752151,6.72457200463306,True,False,False,False,False,0.0,0.0,0.0,0.0,0.0,0,0.8166759198506034,0.8881643365467119,False,False,False,False,-0.14101783129901865,-0.11779447862830121,False,False,False,False,1875464.0,2910281.8670120435,False,False,False,False,161689.36824075886,False,False,False,False
2025-05-12 17:00:00+00:00,104.84,105.63,103.875,104.45,381787.0,,89.83439936626198,92.03583143699045,102.27721642628512,103.78108099123865,100.01769310769461,96.8268821346032,,89.83439936626198,,97.46218391051234,"rgba(38, 166, 154, 1.0)",14.10085522548503,99.32593796562396,0.3633866139633233,56.79921238833316,1.0846792449420661,True,False,True,False,True,3.171385004903378,0.0,0.0,0.0,0.0,0,0.8211292281351412,0.8944036313683332,False,False,False,False,0.030300811740769706,-0.04374683344376575,False,False,False,False,2257251.0,2900157.357445965,False,False,False,False,165101.73462462306,False,False,False,False
2025-05-13 17:00:00+00:00,108.345,108.62,106.61,107.78,253607.0,,90.67932638927415,92.54532344731194,102.366846225633,103.82467322172712,100.09095194148118,96.92022819312257,,90.67932638927415,,97.73789156975833,"rgba(38, 166, 154, 1.0)",14.006587760860999,99.65943034322129,0.5797678774747872,61.58811106824315,5.395839848977801,True,False,True,False,True,4.734977011637341,0.0,0.0,0.0,0.0,0,0.8321008134631145,0.8866448144224813,False,False,False,False,0.06674668809895355,0.0114999273275939,False,False,False,False,2510858.0,2894121.708493314,False,False,False,False,166473.90928160565,False,False,False,False
2025-05-14 17:00:00+00:00,110.495,111.86,109.365,111.66,365179.0,,91.97452287864003,93.37078119343738,102.56773217725508,103.93804009383415,100.23876892809487,97.09215653969268,,91.97452287864003,,98.19700030182571,"rgba(38, 166, 154, 1.0)",13.947680659980398,101.02092051568144,0.7627848488706014,65.97474831515673,9.285751851411106,True,False,True,False,True,6.507653206118945,0.0,0.0,0.0,0.0,0,0.8392506797064069,0.8769258348188945,False,False,False,False,0.10510387859744368,0.05830190296251879,False,False,False,False,2876037.0,2893841.3254158986,False,False,False,False,169554.60836251097,False,False,False,False
2025-05-15 17:00:00+00:00,111.265,111.62,109.835,110.285,167729.0,,92.50468160324803,93.7179214013096,102.65283287786366,103.9861475567075,100.30295442251217,97.16758672502887,,92.50468160324803,,98.38868743111165,"rgba(38, 166, 154, 1.0)",13.838373966475777,101.19188953569389,0.6570938526690108,67.72335321230261,10.80915196092485,True,False,True,False,True,5.770785668855005,0.0,0.0,0.0,0.0,0,0.8425997965168474,0.8765435793085563,False,False,False,False,0.10658090104352624,0.08244140200302252,False,False,False,False,2708308.0,2890964.839750536,False,False,False,False,169526.30435689067,False,False,False,False
2025-05-16 17:00:00+00:00,110.615,111.51,109.65,110.85,443831.0,,93.77832348626308,94.5769199112245,102.8719975352706,104.11183957926244,100.47046965256453,97.36448585361676,,93.77832348626308,,98.86233933636697,"rgba(38, 166, 154, 1.0)",13.771018362115715,101.60080044134418,0.6716423807915695,69.09389892758432,12.175080090648933,True,False,True,False,True,6.032216604476453,0.0,0.0,0.0,0.0,0,0.8444612823145871,0.8727754902644986,False,False,False,False,0.10468654228228205,0.09356397214265229,False,False,False,False,3152139.0,2895014.051537349,False,False,False,False,173779.0903358536,False,False,False,False
2025-05-19 17:00:00+00:00,108.53,109.9,108.465,108.87,164409.0,,94.16564203893655,94.84410446803892,102.93421568079864,104.14619726205487,100.52168626668708,97.42742201475836,,94.16564203893655,,99.00654462187907,"rgba(38, 166, 154, 1.0)",13.71785326591678,101.69875331867078,0.5227674142824387,68.14861531294366,12.175080090648933,True,False,True,False,True,4.952547811042926,0.0,0.0,0.0,0.0,0,0.8435586182173055,0.8725864112088111,False,False,False,False,0.08677347210337434,0.09016872212301331,False,False,False,False,2987730.0,2896451.508102661,False,False,False,False,173633.81761746827,False,False,False,False
2025-05-20 17:00:00+00:00,106.555,106.615,104.645,106.415,160874.0,,94.44908194740842,95.03974902949147,102.96294466136806,104.15793316705835,100.55276957997138,97.47168818381843,,94.44908194740842,,99.105694428186,"rgba(38, 166, 154, 0.75)",13.578278302076708,101.72431915222023,0.3454547582120456,65.36037439113537,12.175080090648933,True,False,True,False,False,3.6270919385750773,0.0,0.0,0.0,0.0,0,0.836566006206732,0.878113312644227,False,False,False,False,0.04146028291088908,0.0658145025169512,False,False,False,False,2826856.0,2895372.507977038,False,False,False,False,173435.99098774008,False,False,False,False
2025-05-21 17:00:00+00:00,104.75,104.87,101.57,102.32,150420.0,,94.63630276538362,95.16810873754343,102.9625581122034,104.15019924970872,100.56551255138126,97.4982004536666,,94.63630276538362,,99.16348031164785,"rgba(38, 166, 154, 0.75)",13.37276876497309,101.69709414990358,0.04658017057230326,60.41376764868728,17.20961180478311,True,False,True,False,False,1.4693635503967784,0.0,0.0,0.0,0.0,0,0.8280553253620616,0.8787833944990333,False,False,False,False,0.010827902525881634,0.038321202521416416,False,False,False,False,2676436.0,2891978.143512278,False,False,False,False,173079.15391816272,False,False,False,False
2025-05-22 17:00:00+00:00,103.7,104.915,103.1,103.33,80362.0,,94.74302914570991,95.24241978680766,102.96647822642525,104.14897328988056,100.57473539787331,97.51449348170024,,94.74302914570991,,99.19835488806616,"rgba(38, 166, 154, 0.75)",13.224616393557707,101.69493869415211,0.12363771146090821,57.795898882603296,14.685238293106806,True,False,True,False,False,1.9737287115771842,0.0,0.0,0.0,0.0,0,0.8276402599335286,0.8826132248623445,False,False,False,False,0.020832416892661854,0.029576809707039135,False,False,False,False,2756798.0,2889882.3273337926,False,False,False,False,171641.67866361755,False,False,False,False
2025-05-23 17:00:00+00:00,102.675,103.3,101.46,101.495,100964.0,,94.84912000244067,95.3157908076632,102.9612097968868,104.1403829783185,100.58015709316193,97.52933472003944,,94.84912000244067,,99.22933256641842,"rgba(38, 166, 154, 0.75)",13.09354815778973,101.79954294476535,-0.023259008260809986,54.689228887326806,11.673498683758744,True,False,True,False,False,1.0071882459037127,0.0,0.0,0.0,0.0,0,0.820752842038318,0.8897169886318468,False,False,False,False,0.00015876007030580025,0.014867784888672467,False,False,False,False,2655834.0,2886253.6710960595,False,False,False,False,170545.90069984054,False,False,False,False
2025-05-26 17:00:00+00:00,101.495,101.495,101.495,101.495,0.0,,94.84912000244067,95.3157908076632,102.9612097968868,104.1403829783185,100.58015709316193,97.52933472003944,,94.84912000244067,,99.22933256641842,#000000,12.910806451039946,101.79954294476535,-0.023588220141028775,52.618115557142474,9.590881341729762,False,False,False,False,False,1.0071882459037127,0.0,0.0,0.0,0.0,0,0.8218895456040508,0.8903130637589579,False,False,False,False,-0.01108195140983167,0.0018929167394203987,False,False,False,False,2655834.0,2882681.2730945703,False,False,False,False,167901.77820837015,False,False,False,False
2025-05-27 17:00:00+00:00,106.495,107.07,106.055,106.72,94729.0,,95.00650295914082,95.42833464414733,102.98158495565356,104.15000877369336,100.6004154446267,97.55693146207429,,95.00650295914082,,99.28729637322267,"rgba(38, 166, 154, 0.75)",12.652814939802898,101.96859148442036,0.37552185329390875,54.99471322157483,9.590881341729762,True,False,True,False,False,3.6629595790964693,0.0,0.0,0.0,0.0,0,0.8209096465114447,0.8894880034698264,False,False,False,False,0.0533305942887451,0.02761175551408275,False,False,False,False,2750563.0,2880632.9277752745,False,False,False,False,166767.31653072097,False,False,False,False
2025-05-28 17:00:00+00:00,107.145,108.155,106.945,107.13,155152.0,,95.2724161935227,95.6206604532015,103.02166531097167,104.17064647874851,100.63765049285108,97.60570585120396,,95.2724161935227,,99.38812413008323,"rgba(38, 166, 154, 1.0)",12.463457867261699,102.12064548503888,0.401923332056941,56.833326625670956,9.590881341729762,True,False,True,False,True,3.8673880546301937,0.0,0.0,0.0,0.0,0,0.8213808198555993,0.8886787033643991,False,False,False,False,0.06591749465999568,0.04676462508703921,False,False,False,False,2905715.0,2881021.797112092,False,False,False,False,166587.2341038881,False,False,False,False
2025-05-29 17:00:00+00:00,108.375,108.53,107.105,107.72,61905.0,,95.37853980992257,95.69807180901964,103.03880477328168,104.17975291296085,100.65321008449365,97.62577132508174,,95.37853980992257,,99.42902511912668,"rgba(38, 166, 154, 1.0)",12.0819998784581,102.16867154461178,0.4594709908320802,58.45080493664227,9.590881341729762,True,False,True,False,True,4.165454776697022,0.0,0.0,0.0,0.0,0,0.8255750301075914,0.8862181879708978,False,False,False,False,0.06933053738874931,0.05804758123789426,False,False,False,False,2967620.0,2882364.4049088038,False,False,False,False,164964.2537301844,False,False,False,False
2025-05-30 17:00:00+00:00,104.06,107.68,103.855,107.2,162367.0,,95.61500655692562,95.87122284435118,103.06878042623273,104.19331108921284,100.68495713285635,97.67010488558024,,95.61500655692562,,99.51723048919315,"rgba(38, 166, 154, 1.0)",11.653796967759662,102.21983402741779,0.4273427781829295,58.93977609386393,9.590881341729762,True,False,True,False,True,3.8682388112094053,0.0,0.0,0.0,0.0,0,0.822622209887801,0.8867997462633311,False,False,False,False,0.04320978290555578,0.05062868207172502,False,False,False,False,2805253.0,2881168.8792513027,False,False,False,False,164923.98623049163,False,False,False,False
2025-06-02 17:00:00+00:00,105.84,106.84,105.585,106.505,57560.0,,95.69688093965743,95.9316248676986,103.07948755746584,104.19822582020149,100.69625582416302,97.68583038752325,,95.69688093965743,,99.5480508994516,"rgba(38, 166, 154, 1.0)",11.19594555112619,102.23806625251623,0.3811141924546565,58.44057164465293,9.590881341729762,True,False,True,False,True,3.466470272263866,0.0,0.0,0.0,0.0,0,0.823407869510366,0.8920897612921814,False,False,False,False,0.04887366856836088,0.04975117532004295,False,False,False,False,2747693.0,2879099.485774538,False,False,False,False,163259.42830443752,False,False,False,False
2025-06-03 17:00:00+00:00,106.11,106.64,104.425,105.065,208342.0,,95.95786805714447,96.12538298347624,103.10663028789412,104.20804718589663,100.73003867185247,97.73616583309563,,95.95786805714447,,99.64402216989326,"rgba(38, 166, 154, 1.0)",10.660829112238826,102.26857391942069,0.26230849881731627,56.425769122491424,9.590881341729762,True,False,True,False,True,2.63037250284448,0.0,0.0,0.0,0.0,0,0.8195078841800059,0.8950133057949718,False,False,False,False,0.04021988268101564,0.044985529000529295,False,False,False,False,2539351.0,2873832.0673904363,False,False,False,False,163958.38290436871,False,False,False,False
2025-06-04 17:00:00+00:00,103.5,104.04,102.88,103.605,140307.0,,96.0925206097059,96.22599032176369,103.10980149211515,104.20414186831796,100.74347829695051,97.76149563497817,,96.0925206097059,,99.68957137063855,"rgba(38, 166, 154, 0.5)",10.145601712915585,102.2507206203315,0.1334843824930037,53.49194683013542,8.928536805257309,False,False,True,False,False,1.7839105101987514,0.0,0.0,0.0,0.0,0,0.8140271945610881,0.9026994601079786,False,False,False,False,0.013876575515354766,0.02943105225794203,False,False,False,False,2399044.0,2866471.0120820575,False,False,False,False,163591.69479732425,False,False,False,False
2025-06-05 17:00:00+00:00,104.35,105.785,103.645,105.02,118945.0,,96.22245195273445,96.32409858785347,103.12114868243633,104.2070264070551,100.76011368187731,97.7876446073308,,96.22245195273445,,99.73708065321459,"rgba(38, 166, 154, 0.5)",9.759576805088063,102.26403152099024,0.2823860638683589,53.113085456771486,8.292947940415637,False,False,True,False,False,2.5650017279657717,0.0,0.0,0.0,0.0,0,0.8173651493884101,0.8960998596350513,False,False,False,False,0.02982409904949423,0.02962757565371813,False,False,False,False,2517989.0,2861068.1901893127,False,False,False,False,162899.4979787611,False,False,False,False
2025-06-06 17:00:00+00:00,110.99,111.85,110.46,111.41,140027.0,,96.48121789429804,96.52197470591608,103.1841955668471,104.24580180184756,100.81025981428554,97.84608594943623,,96.48121789429804,,99.84825595543843,"rgba(38, 166, 154, 1.0)",9.673215768621354,102.40667069133485,0.9307483182449797,57.85614374600554,8.292947940415637,True,False,True,False,True,5.959067221743844,0.0,0.0,0.0,0.0,0,0.8268158090976885,0.891225453641561,False,False,False,False,0.11207568787822562,0.07085163176597188,False,False,False,False,2658016.0,2857920.094217385,False,False,False,False,162544.88560699736,False,False,False,False
2025-06-09 17:00:00+00:00,109.675,110.09,107.85,107.935,169771.0,,96.72972246778093,96.71355900033997,103.23494300484629,104.27488018021332,100.85533472789677,97.90256236174321,,96.72972246778093,,99.95183362380341,"rgba(38, 166, 154, 0.5)",9.534300465181433,102.50561381563462,0.5694582632667289,57.39548019148404,8.292947940415637,False,False,True,False,True,3.9073518694911336,0.0,0.0,0.0,0.0,0,0.8185837623604626,0.8986566554804275,False,False,False,False,0.08405480030687314,0.07745321603642251,False,False,False,False,2488245.0,2852188.6974078133,False,False,False,False,162656.91838828422,False,False,False,False
2025-06-10 17:00:00+00:00,108.94,110.755,108.4,110.255,84384.0,,96.86135933678081,96.81574492547685,103.26525383314227,104.2930664995729,100.88091467006358,97.9334748691199,,96.86135933678081,,100.00830235569272,"rgba(38, 166, 154, 1.0)",9.523439953112481,102.56474743604086,0.8075078544959777,58.65688906079268,3.618498208531989,True,False,True,False,True,5.113913291702545,0.0,0.0,0.0,0.0,0,0.8205283784590289,0.8957268187876739,False,False,False,False,0.09183043581459488,0.0846418259255087,False,False,False,False,2572629.0,2847854.4385332735,False,False,False,False,161443.3847698612,False,False,False,False
2025-06-11 17:00:00+00:00,116.015,117.34,114.14,114.15,183675.0,,97.25487352799883,97.12308094148449,103.3840398183909,104.37067927013251,100.96952575289075,98.03060565995618,,97.25487352799883,,100.18880082847562,"rgba(38, 166, 154, 1.0)",9.54229174458302,103.69535733648283,1.0956113000267553,61.69203668674063,6.644359610641729,True,False,True,False,True,7.088434872559368,0.0,0.0,0.0,0.0,0,0.8284525823073597,0.8853793808755853,False,False,False,False,0.17150417238480095,0.12807299915515483,False,False,False,False,2756304.0,2846435.0518893464,False,False,False,False,161788.06097497963,False,False,False,False
2025-06-12 17:00:00+00:00,110.6,110.93,108.88,109.165,129399.0,,97.43948875369827,97.26891635387628,103.42769159566755,104.39703085041067,101.00721545250303,98.07647890912405,,97.43948875369827,,100.26947031921331,"rgba(38, 166, 154, 0.75)",9.517687757183557,103.62361517654466,0.5822196488083923,59.28299546900395,6.644359610641729,True,False,True,False,False,4.167319387457194,0.0,0.0,0.0,0.0,0,0.8240255678486259,0.8953633840259588,False,False,False,False,0.09602677810924805,0.11204988863220144,False,False,False,False,2626905.0,2843031.4851933876,False,False,False,False,161285.9049908714,False,False,False,False
2025-06-13 17:00:00+00:00,106.5,106.82,105.125,105.36,81846.0,,97.51716826534579,97.33100346875445,103.43794650101408,104.40133985159169,101.02024256155633,98.09562498957106,,97.51716826534579,,100.30055427297224,"rgba(38, 166, 154, 0.5)",9.420409558147764,103.53946366327804,0.1932544785324504,55.05887646332794,10.398962712128359,False,False,True,False,False,2.032294181474253,0.0,0.0,0.0,0.0,0,0.8193833890158844,0.9043237012289237,False,False,False,False,0.04581862255103991,0.07893425559162068,False,False,False,False,2545059.0,2838411.756740777,False,False,False,False,160054.2785569044,False,False,False,False
2025-06-16 17:00:00+00:00,108.51,109.23,107.96,108.34,72155.0,,97.60681696674918,97.4025347948138,103.45746180354884,104.41269025035821,101.0382656622059,98.11842835940786,,97.60681696674918,,100.33936630618064,"rgba(38, 166, 154, 0.5)",9.442790072396498,103.5405521296542,0.50826586565508,54.24907203794042,9.614915407785396,False,True,True,False,False,3.571733950055009,0.0,0.0,0.0,0.0,0,0.835061328167469,0.8968737954278148,False,False,False,False,0.07926014131644324,0.07909719845403196,False,False,False,False,2617214.0,2834982.3341556485,False,False,False,False,158691.49904439424,False,False,False,False
2025-06-17 17:00:00+00:00,107.55,107.9,106.325,106.525,63403.0,,97.67305682668666,97.45572981463866,103.46911768935045,104.41875386440478,101.05066924070995,98.13532382361821,,97.67305682668666,,100.36710854323479,#000000,9.48160780688603,103.52468595438248,0.31643515601210026,52.451253249897434,7.798729321221423,False,True,False,False,False,2.554841058409412,0.0,0.0,0.0,0.0,0,0.8354582345295618,0.8801456508150692,False,False,False,False,0.060338682277908576,0.06971794036597026,False,False,False,False,2553811.0,2830623.0886648633,False,False,False,False,157214.1579739385,False,False,False,False
2025-06-18 17:00:00+00:00,106.925,107.575,105.42,105.965,73336.0,,97.74363773834826,97.51268753819409,103.48018561838698,104.4240643266446,101.06349821744723,98.15346309121186,,97.74363773834826,,100.39625608837217,#000000,9.477065749757346,103.50509134756385,0.25956437545019034,50.85721744908701,6.138442986585652,False,True,False,False,False,2.2401118206995356,0.0,0.0,0.0,0.0,0,0.8308176913063785,0.8863241153849977,False,False,False,False,0.052502724723907386,0.06111033254493882,False,False,False,False,2480475.0,2825194.4361274233,False,False,False,False,155913.721416203,False,False,False,False
2025-06-19 17:00:00+00:00,105.965,105.965,105.965,105.965,0.0,,97.74363773834826,97.51268753819409,103.48018561838698,104.4240643266446,101.06349821744723,98.15346309121186,,97.74363773834826,,100.39625608837217,#000000,9.505411032717072,103.50509134756385,0.2587903504613628,49.794526915213396,4.928372142951233,False,True,False,False,False,2.2401118206995356,0.0,0.0,0.0,0.0,0,0.8336737642358241,0.887617946852924,False,False,False,False,0.0457231664293599,0.05341674948714936,False,False,False,False,2480475.0,2819849.9487456027,False,False,False,False,153496.4544175022,False,False,False,False
2025-06-20 17:00:00+00:00,106.82,107.0,105.605,106.41,63824.0,,97.80426217544164,97.56176714462433,103.48981001819602,104.42870637135665,101.07465125099695,98.16921959975942,,97.80426217544164,,100.4214027600625,#000000,9.547142325145002,103.49400853036121,0.30543081587447635,49.501954188425515,4.365379481485711,False,True,False,False,False,2.483603556055755,0.0,0.0,0.0,0.0,0,0.8325643176733782,0.8865651965484183,False,False,False,False,0.0500195428256913,0.05171814615642033,False,False,False,False,2544299.0,2815577.8410131126,False,False,False,False,152106.1838063781,False,False,False,False
2025-06-23 17:00:00+00:00,107.15,110.06,107.15,109.94,118166.0,,97.94923237831563,97.67884310933766,103.52425991728532,104.4493617401631,101.10575018680846,98.20786266874144,,97.94923237831563,,100.48588500010861,"rgba(38, 166, 154, 0.5)",9.607572430119824,103.54085300263432,0.666052433526735,52.29425240046922,4.365379481485711,False,True,True,False,True,4.396138054533289,0.0,0.0,0.0,0.0,0,0.8343810109262528,0.8801681572111286,False,False,False,False,0.07938795073397888,0.0655530484451996,False,False,False,False,2662465.0,2813203.998516785,False,False,False,False,151579.97940627922,False,False,False,False
2025-06-24 17:00:00+00:00,114.78,115.52,114.27,114.49,104295.0,,98.13835167128207,97.83111294419213,103.58536853866364,104.48987675471984,101.15258216676519,98.25958491624819,,98.13835167128207,,100.57614616531184,"rgba(38, 166, 154, 0.5)",9.749457807978251,103.6828726178222,1.1084849634749971,57.00326538446435,2.0048773226658128,False,True,True,False,True,6.763161585849666,0.0,0.0,0.0,0.0,0,0.8419579732914376,0.8794481539670073,False,False,False,False,0.1604734230757973,0.11301323576049845,False,False,False,False,2766760.0,2812483.9365242766,False,False,False,False,150846.8789503679,False,False,False,False
2025-06-25 17:00:00+00:00,113.46,114.075,113.405,113.895,131989.0,,98.35808167280777,98.00916487694946,103.6551378300768,104.53590420309673,101.207206170207,98.32076543720932,,98.35808167280777,,100.68104336505785,"rgba(38, 166, 154, 1.0)",9.891502760696344,103.82620254781003,1.017923938938591,59.50116457276717,4.309985335442249,True,False,True,False,True,6.399017905892798,0.0,0.0,0.0,0.0,0,0.8431428599591915,0.8797819594081758,False,False,False,False,0.14545774231377565,0.12923548903713705,False,False,False,False,2634771.0,2809728.697198319,False,False,False,False,150554.50873408315,False,False,False,False
2025-06-26 17:00:00+00:00,111.13,113.715,111.13,113.095,131829.0,,98.55564159248487,98.17046201857065,103.71611225351367,104.57579237889024,101.25637343324897,98.37690556857682,,98.55564159248487,,100.77521454088088,"rgba(38, 166, 154, 1.0)",9.961932010779131,103.93577044268896,0.9194230142707714,60.26384434296032,5.080657945772195,True,False,True,False,True,5.904666675901737,0.0,0.0,0.0,0.0,0,0.8417256985438805,0.8792896497441954,False,False,False,False,0.1284082464421121,0.12882186773962456,False,False,False,False,2502942.0,2804972.314296019,False,False,False,False,150264.19076921363,False,False,False,False
2025-06-27 17:00:00+00:00,114.855,114.86,111.925,113.62,95358.0,,98.70331078800513,98.29143514559864,103.76371574023992,104.60731427542903,101.29422239073119,98.4195633879639,,98.70331078800513,,100.84659362132798,"rgba(38, 166, 154, 1.0)",10.074361793212466,104.02210938792422,0.9527045791170913,61.1552111625996,6.095330957022618,True,False,True,False,True,6.184529863233024,0.0,0.0,0.0,0.0,0,0.8453745877179205,0.877454059996859,False,False,False,False,0.14095305506842445,0.13488746140402452,False,False,False,False,2598300.0,2801768.0923689487,False,False,False,False,149412.93199759792,False,False,False,False
2025-06-30 17:00:00+00:00,116.035,116.09,114.85,115.42,98785.0,,98.8733898238185,98.43088364116929,103.82252948435922,104.64699675722547,101.33953783509173,98.46929621218403,,98.8733898238185,,100.9304389589747,"rgba(38, 166, 154, 1.0)",10.224483557961527,104.13450862481459,1.1037712869514775,63.033151205688526,8.066788166656863,True,False,True,False,True,7.146052043754931,0.0,0.0,0.0,0.0,0,0.8476642635249986,0.8715393783092045,False,False,False,False,0.167975183803666,0.15143132260384526,False,False,False,False,2697085.0,2800145.0986888097,False,False,False,False,148628.00281934056,False,False,False,False
2025-07-01 17:00:00+00:00,113.51,113.92,112.25,112.73,59394.0,,98.95890744813707,98.50155150735604,103.85010737562054,104.6652580627987,101.36186838533685,98.4947007586656,,98.95890744813707,,100.97206558965247,"rgba(38, 166, 154, 1.0)",10.300007234756421,104.17968959666213,0.8301266405411487,60.9742269033168,8.066788166656863,True,False,True,False,True,5.4322635760977995,0.0,0.0,0.0,0.0,0,0.8450211472118815,0.8755627887032961,False,False,False,False,0.13697163254467273,0.144201477574259,False,False,False,False,2637691.0,2797626.4304920835,False,False,False,False,147244.5299074128,False,False,False,False
2025-07-02 17:00:00+00:00,115.32,115.35,114.225,114.725,76337.0,,99.08123733351282,98.60255303787253,103.89225920597397,104.69367496405253,101.39487561200427,98.53126678043321,,99.08123733351282,,101.0326444889749,"rgba(38, 166, 154, 1.0)",10.430794601036279,104.25430955497461,1.0038248134984022,61.18906496672112,8.066788166656863,True,False,True,False,True,6.5135474736484404,0.0,0.0,0.0,0.0,0,0.8426953170617777,0.8747323757250188,False,False,False,False,0.1590729294971111,0.15163720353568505,False,False,False,False,2714028.0,2796330.330794532,False,False,False,False,146145.18835846064,False,False,False,False
2025-07-03 17:00:00+00:00,116.465,116.51,116.465,116.51,94.0,,99.0814032706161,98.60268985170077,103.89231912798277,104.69371584461027,101.39492139674148,98.53131648838266,,99.0814032706161,,101.03272766333902,"rgba(38, 166, 154, 1.0)",10.590774432971777,104.25442117917544,1.1571938292510349,62.6116556433144,8.08617831213116,True,False,True,False,True,7.471813724244537,0.0,0.0,0.0,0.0,0,0.8396466624882483,0.8759401441554374,False,False,False,False,0.18129663289792483,0.16646691821680493,False,False,False,False,2714122.0,2795055.7830302753,False,False,False,False,143880.82884902714,False,False,False,False
2025-07-04 17:00:00+00:00,116.51,116.51,116.51,116.51,0.0,,99.0814032706161,98.60268985170077,103.89231912798277,104.69371584461027,101.39492139674148,98.53131648838266,,99.0814032706161,,101.03272766333902,"rgba(38, 166, 154, 1.0)",10.738229298560682,104.25442117917544,1.1413035129048013,63.56004942770992,9.235653614833105,True,False,True,False,True,7.471813724244537,0.0,0.0,0.0,0.0,0,0.8449267574237722,0.8738356818724626,False,False,False,False,0.18159191396873328,0.17402941609276912,False,False,False,False,2714122.0,2793800.9956964725,False,False,False,False,141650.118324236,False,False,False,False
2025-07-07 17:00:00+00:00,115.61,116.795,115.14,116.69,65395.0,,99.19419507167784,98.69584882879792,103.93292361676632,104.721398445411,101.42610288644387,98.56528055429592,,99.19419507167784,,101.08929156723214,"rgba(38, 166, 154, 1.0)",10.847958499349183,104.32853836391331,1.1395196282165263,64.33741253756835,10.236948417936873,True,False,True,False,True,7.570876654108954,0.0,0.0,0.0,0.0,0,0.843498021548674,0.8716548225374015,False,False,False,False,0.17448095599881494,0.17425518604579204,False,False,False,False,2779517.0,2793579.5383988526,False,False,False,False,140467.86842773622,False,False,False,False
2025-07-08 17:00:00+00:00,112.99,113.58,111.335,112.51,139117.0,,99.37768654522858,98.8492291171229,103.99241686076408,104.76085153576261,101.4753585245083,98.6219035986051,,99.37768654522858,,101.17957436366527,"rgba(38, 166, 154, 0.5)",10.881618069929601,104.41587865279857,0.74383435397065,59.41563460189542,13.70094166663192,False,False,True,False,False,4.796980229751288,0.0,0.0,0.0,0.0,0,0.8331196623340763,0.8729512238417392,False,False,False,False,0.12886017261103166,0.15155767932841185,False,False,False,False,2640400.0,2791204.661834529,False,False,False,False,140446.92473118217,False,False,False,False
2025-07-09 17:00:00+00:00,113.775,114.93,113.67,114.3,173670.0,,99.63070106799378,99.06099129879067,104.08126451334992,104.82106335768599,101.546335356913,98.70117405479375,,99.63070106799378,,101.30692160825453,"rgba(38, 166, 154, 0.5)",10.982128515854171,104.55761852189335,0.8871123174384838,57.92634416334723,12.307467474216295,False,False,True,False,False,5.812622777578632,0.0,0.0,0.0,0.0,0,0.8385668476804099,0.8674760992365657,False,False,False,False,0.15272952943636317,0.1521436043823875,False,False,False,False,2814070.0,2791559.1632014355,False,False,False,False,140962.0111694584,False,False,False,False
2025-07-10 17:00:00+00:00,115.355,116.525,114.805,115.16,143427.0,,99.84980125523549,99.2449429920708,104.16195193099843,104.87642546985148,101.60980726138732,98.77101453184918,,99.84980125523549,,101.41899057356545,"rgba(38, 166, 154, 0.5)",11.098739917926016,104.68835133808372,0.9434988781927487,57.75162229009981,12.036295253383706,False,True,True,False,False,6.299884063684257,0.0,0.0,0.0,0.0,0,0.8480592161048652,0.8621350119210321,False,False,False,False,0.17052347701315962,0.16133354069777356,False,False,False,False,2957497.0,2794131.842841723,False,False,False,False,141000.22805055205,False,False,False,False
2025-07-11 17:00:00+00:00,113.595,113.69,111.4,112.11,115975.0,,99.9883931137632,99.36292879150567,104.2087682518002,104.90784217292179,101.64935893238768,98.81668691030733,,99.9883931137632,,101.48899636211432,"rgba(38, 166, 154, 0.5)",11.152366884887432,104.7504100600892,0.6599128253109914,54.21871029119991,8.62355931338793,False,True,True,False,False,4.27933068973638,0.0,0.0,0.0,0.0,0,0.8399721656145933,0.8674089169441823,False,False,False,False,0.1299902175005627,0.1456618790991681,False,False,False,False,2841522.0,2794866.573960456,False,False,False,False,140612.24001876055,False,False,False,False
2025-07-14 17:00:00+00:00,117.13,118.45,116.31,116.75,114487.0,,100.17367541069747,99.51920507282829,104.28107543354679,104.95818162803691,101.70531773716115,98.87720177108991,,100.17367541069747,,101.58577617556007,"rgba(38, 166, 154, 0.5)",11.26506448120757,104.868660084097,1.0547067827018213,55.98659445191265,8.62355931338793,False,True,True,False,False,6.9064421135152045,0.0,0.0,0.0,0.0,0,0.8407516820961735,0.867102052107931,False,False,False,False,0.19303401942894927,0.1693479492640587,False,False,False,False,2956009.0,2797364.906147116,False,False,False,False,140207.19753784954,False,False,False,False
2025-07-15 17:00:00+00:00,115.915,116.22,114.67,115.055,36218.0,,100.22515359921816,99.56293777181385,104.300514154126,104.9716146153361,101.72082303034907,98.89432977421636,,100.22515359921816,,101.61256215750991,"rgba(38, 166, 154, 0.5)",11.3556158381244,104.89806629138076,0.8944414687329598,55.424150986790785,8.62355931338793,False,True,True,False,False,5.787768512905544,0.0,0.0,0.0,0.0,1,0.8362761469068345,0.8712737261256636,False,False,False,False,0.1676486364735509,0.1684982928688048,False,False,False,False,2919791.0,2799262.9851215794,False,False,False,False,138594.96191710766,False,False,False,False
2025-07-16 17:00:00+00:00,118.95,120.165,118.545,119.955,94868.0,,100.39577465008016,99.70687711438121,104.37058398043801,105.02099186813362,101.77388535338916,98.95056637345563,,100.39577465008016,,101.70311322331297,"rgba(38, 166, 154, 0.5)",11.539408086291978,105.01555085783124,1.2946460538054627,58.431367836572534,8.62355931338793,False,False,True,False,True,8.468260470191751,0.0,0.0,0.0,0.0,0,0.8381871936665717,0.866357591175633,False,False,False,False,0.21920038020536292,0.19384933653708386,False,False,False,False,3014659.0,2802602.4582204693,False,False,False,False,137917.02452304398,False,False,False,False
2025-07-17 17:00:00+00:00,124.81,127.33,124.47,126.74,192100.0,,100.84853884044192,100.0872843951752,104.57156928972158,105.1650719999138,101.9200461086322,99.09982304825512,,100.84853884044192,,101.94872228035662,"rgba(38, 166, 154, 1.0)",11.634602662623072,105.37046322807787,1.8367225243173257,63.48176287981751,8.620392607104975,True,False,True,False,True,11.920098126458978,0.0,0.0,0.0,0.0,0,0.8430541032492933,0.8584291855466483,False,False,False,False,0.30829247390663744,0.25107090522186065,False,False,False,False,3206759.0,2808868.451116276,False,False,False,False,138757.07065446966,False,False,False,False
2025-07-18 17:00:00+00:00,126.51,127.185,126.075,127.02,96649.0,,101.07545211749418,100.27873308721215,104.673971165603,105.23880216923656,101.99466457965532,99.17589491131895,,101.07545211749418,,102.07291967175335,"rgba(38, 166, 154, 1.0)",11.558330850691759,105.54632934735669,1.8578522219199256,66.95251278062082,11.698458831584325,True,False,True,False,True,12.057612090805588,0.0,0.0,0.0,0.0,0,0.8453866064651735,0.8602553373683907,False,False,False,False,0.3185050183272723,0.28478796177456644,False,False,False,False,3303408.0,2816535.7309439303,False,False,False,False,138104.23234974922,False,False,False,False
2025-07-21 17:00:00+00:00,128.765,129.29,128.05,128.46,94800.0,,101.30986670468575,100.47673160235256,104.78179167685914,105.31677576533437,102.07282691091557,99.25505629044551,,101.30986670468575,,102.2021748250988,"rgba(38, 166, 154, 1.0)",11.540067367517649,107.28212366959102,1.835160545944413,69.82203126765151,14.239870075026062,True,False,True,False,True,12.769541897917613,0.0,0.0,0.0,0.0,0,0.8472898267704296,0.8585113721375346,False,False,False,False,0.3428282529988162,0.3138081073866913,False,False,False,False,3398208.0,2825553.905657978,False,False,False,False,137432.84890246627,False,False,False,False
2025-07-22 17:00:00+00:00,124.0,124.87,123.575,123.82,114906.0,,101.54260246961441,100.67513285484554,104.8866743834179,105.39241265873095,102.15094436317013,99.33577321052674,,101.54260246961441,,102.33058999005095,"rgba(38, 166, 154, 0.75)",11.31172506897312,107.29022223777105,1.461295926256942,67.00062547394437,14.239870075026062,True,False,True,False,False,9.622453185714633,0.0,0.0,0.0,0.0,0,0.8459164681716926,0.85961021051718,False,False,False,False,0.2810306024587892,0.29741935492274024,False,False,False,False,3283302.0,2832650.775337699,False,False,False,False,137083.5954311102,False,False,False,False
2025-07-23 17:00:00+00:00,120.87,122.83,120.19,122.195,210422.0,,101.91353578414679,100.99433070424769,105.05266799186867,105.51214140077106,102.27739806173881,99.46832917808712,,101.91353578414679,,102.53640052014335,"rgba(38, 166, 154, 0.75)",11.37406673252953,107.3933174871324,1.301353584513019,63.7094315570125,19.827574121726315,True,False,True,False,False,8.551845127613369,0.0,0.0,0.0,0.0,0,0.8392234655162453,0.8654931340639025,False,False,False,False,0.24436926691860056,0.2708943109206704,False,False,False,False,3072880.0,2836375.25944099,False,False,False,False,138220.62495931005,False,False,False,False
2025-07-24 17:00:00+00:00,121.695,122.495,121.545,122.045,51757.0,,102.00399905856628,101.07244304683641,105.09369808501373,105.54184404875826,102.3087115551057,99.5011150811445,,102.00399905856628,,102.58696847923748,"rgba(38, 166, 154, 0.75)",11.273661206546832,107.43883818621933,1.2956005636659185,61.37992000458346,17.657256728848097,True,False,True,False,False,8.452397247173131,0.0,0.0,0.0,0.0,0,0.8440821838526092,0.863837175653516,False,False,False,False,0.2512105176763233,0.26105241429849685,False,False,False,False,3021123.0,2839239.5654961686,False,False,False,False,136880.10364211144,False,False,False,False
2025-07-25 17:00:00+00:00,124.22,125.31,123.915,124.44,95889.0,,102.19034440278045,101.23290240152556,105.18045555762076,105.60498259160065,102.37386349385861,99.56839028193632,,102.19034440278045,,102.69182312155372,"rgba(38, 166, 154, 0.75)",11.174412261384775,107.57532593645318,1.5092224690712173,61.46060196743678,17.59679768112869,True,False,True,False,False,9.718353701420252,0.0,0.0,0.0,0.0,0,0.8402285244714884,0.8634624979211711,False,False,False,False,0.28636059487833065,0.2737065045884137,False,False,False,False,3117012.0,2843546.114868321,False,False,False,False,136244.58265541203,False,False,False,False
2025-07-28 17:00:00+00:00,127.34,127.34,126.17,126.815,66870.0,,102.33120318265533,101.35403866147276,105.24738135077435,105.65389505235919,102.4235978255835,99.6192418547772,,102.33120318265533,,102.77155965460372,"rgba(38, 166, 154, 0.75)",11.07382959752199,107.69456925527757,1.7266321985847641,62.94927505369763,17.59679768112869,True,False,True,False,False,10.951256912665752,0.0,0.0,0.0,0.0,0,0.8442189439931178,0.8584137411893522,False,False,False,False,0.3159350018720403,0.29482075323022705,False,False,False,False,3183882.0,2848822.6402191995,False,False,False,False,135169.0077305219,False,False,False,False
2025-07-29 17:00:00+00:00,124.23,124.865,123.86,124.85,72622.0,,102.4684474799215,101.47277056107531,105.3120480151104,105.70112790139945,102.47241163320388,99.66969473301342,,102.4684474799215,,102.84941672062065,"rgba(38, 166, 154, 0.75)",10.931337454334654,107.78966039647432,1.5606818172794272,61.86432600224617,17.564511565834536,True,False,True,False,False,9.60231576764706,0.0,0.0,0.0,0.0,0,0.8371306201474588,0.8631705552187436,False,False,False,False,0.28294212871844593,0.2888814409743365,False,False,False,False,3111260.0,2852891.436494871,False,False,False,False,134199.2866804363,False,False,False,False
2025-07-30 17:00:00+00:00,125.515,125.925,122.33,123.04,97420.0,,102.64365958133796,101.62495901468458,105.39471325496454,105.76157588872708,102.53531101971811,99.73499575048308,,102.64365958133796,,102.94920241831922,"rgba(38, 166, 154, 0.5)",10.724702331071443,107.90208360766337,1.4114999116086697,59.36571469335796,14.928330359905743,False,False,True,False,False,8.37246237785952,0.0,0.0,0.0,0.0,0,0.8367820594427852,0.8629976007442591,False,False,False,False,0.2797346349885071,0.2843080379814218,False,False,False,False,3013840.0,2855386.763060842,False,False,False,False,133629.0651815148,False,False,False,False
2025-07-31 17:00:00+00:00,125.455,125.455,122.1,122.265,136927.0,,102.87948732524507,101.83071242174583,105.5065813099339,105.84355511677536,102.62105957121668,99.8243166563102,,102.87948732524507,,103.08428540020451,"rgba(38, 166, 154, 0.5)",10.463228653090118,108.04693088657305,1.3588605950256005,56.95320011650015,12.446517879965839,False,True,True,False,False,7.8462741528950914,0.0,0.0,0.0,0.0,0,0.8400754886718103,0.8559163757614874,False,False,False,False,0.27496787445142973,0.27963795621642573,False,False,False,False,2876913.0,2855720.5031684255,False,False,False,False,133680.1959538944,False,False,False,False
2025-08-01 17:00:00+00:00,118.95,119.315,117.67,118.62,103318.0,,103.0133707275162,101.94965385955211,105.56780296960208,105.88822766121302,102.67055569816272,99.87773767274444,,103.0133707275162,,103.16122476479843,#000000,10.1132402142256,108.93798487546596,0.9573603434154586,52.23453426508284,7.935635245179093,False,True,False,False,False,5.4106959855275285,0.0,0.0,0.0,0.0,0,0.8355430128073218,0.8680757660385496,False,False,False,False,0.20432489769972675,0.24198142695807623,False,False,False,False,2773595.0,2854447.239553411,False,False,False,False,133209.46423367897,False,False,False,False
2025-08-04 17:00:00+00:00,124.81,125.59,124.47,125.22,122771.0,,103.2354901595913,102.14383108851483,105.67622505269203,105.96822092570416,102.75312157111733,99.96299674571289,,103.2354901595913,,103.28998092388876,"rgba(38, 166, 154, 0.5)",9.76588923588461,109.31492725715776,1.6286353816505814,54.18363812515812,7.935635245179093,False,True,True,False,False,8.99595056179307,0.0,0.0,0.0,0.0,0,0.8368814310282843,0.8707235787366765,False,False,False,False,0.2920840368498148,0.2670327319039455,False,False,False,False,2896366.0,2855097.1428161487,False,False,False,False,133047.62757889327,False,False,False,False
2025-08-05 17:00:00+00:00,124.955,127.23,124.87,127.075,175520.0,,103.56380034655197,102.43123413262953,105.83938209703754,106.08911863798612,102.87691068670537,100.0901370358058,,103.56380034655197,,103.48176382278605,"rgba(38, 166, 154, 0.5)",9.565082201555922,109.67091470171904,1.8195437249300264,56.57158732194609,7.935635245179093,False,True,True,False,True,9.95701361519702,0.0,0.0,0.0,0.0,0,0.8458037928946701,0.8668678346126054,False,False,False,False,0.3061465419993636,0.2865896369516545,False,False,False,False,3071886.0,2858458.2103693867,False,False,False,False,133706.11397301895,False,False,False,False
2025-08-06 17:00:00+00:00,152.23,155.205,151.81,154.875,378481.0,153.96333333333334,105.05894365918611,103.71549497491827,106.64304966901184,106.69251084677425,103.44734811958999,100.64325295598549,,105.05894365918611,153.96333333333334,104.36676670424434,"rgba(38, 166, 154, 1.0)",10.622694137493472,115.14332245411232,3.7402637251553923,65.4785228718618,8.905863564759215,True,False,True,False,True,20.0,0.0,0.0,0.0,0.0,0,0.8584953869310317,0.8632245956015574,False,False,False,False,0.3428282534550287,0.3147089452033416,False,False,False,False,3450367.0,2867635.0908287764,False,True,False,False,137501.07344630547,False,True,False,False
2025-08-07 17:00:00+00:00,150.52,151.04,147.55,151.03,80970.0,153.24254417409765,105.34156587680471,103.96028380849506,106.79694820015143,106.8086288510928,103.55798693012657,100.75114791457356,,105.34156587680471,153.24254417409765,104.53609359687403,"rgba(38, 166, 154, 1.0)",11.424929780768679,115.4308730333568,3.115916478240977,69.16286674121854,12.036006601662272,True,False,True,False,True,19.37667072766091,0.0,0.0,0.0,0.0,0,0.8460393751733062,0.8713467048710603,False,False,False,False,0.30288461693358165,0.30879678106846165,False,False,False,False,3369397.0,2875414.345234532,False,False,False,False,136624.62269519997,False,False,False,False
2025-08-08 17:00:00+00:00,149.3,149.63,148.21,149.58,137037.0,152.30002672867408,105.80410691201709,104.362188162621,107.05053897880195,107.00041296544897,103.74109414578547,100.9299702287008,,105.80410691201709,152.30002672867408,104.81471856556254,"rgba(38, 166, 154, 1.0)",12.104337552902027,115.87489667818505,2.784547537154078,70.76984728899163,13.412674967469947,True,False,True,False,True,18.475318541368456,0.0,0.0,0.0,0.0,0,0.8437630973558478,0.8783261462805841,False,False,False,False,0.29937552465832,0.3040861528633908,False,False,False,False,3232360.0,2880948.3863936863,False,False,False,False,136631.016141786,False,False,False,False
2025-08-11 17:00:00+00:00,148.88,149.61,147.23,147.49,175891.0,151.34584750923233,106.36989139741202,104.85605595256173,107.36375550148205,107.238086617904,103.96868927207548,101.15270357967978,,106.36989139741202,151.34584750923233,105.15819705351919,"rgba(38, 166, 154, 1.0)",12.652762598672991,116.37612055143907,2.4590581863777423,70.5780936940101,13.412674967469947,True,False,True,False,True,17.180464066722095,0.0,0.0,0.0,0.0,0,0.8413142649240157,0.8738257162314705,False,False,False,False,0.2947078318286307,0.29939699234601075,False,False,False,False,3056469.0,2883669.63621704,False,False,False,False,137239.6980620684,False,False,False,False
2025-08-12 17:00:00+00:00,148.715,150.665,147.825,149.36,105632.0,151.0977099603536,106.71180883807587,105.15522835514435,107.55492347637862,107.38356599144174,104.10785710445872,101.28877625175289,,106.71180883807587,151.0977099603536,105.36702666954203,"rgba(38, 166, 154, 1.0)",13.21755376230637,116.69298054047641,2.4714875420202898,70.93734163473098,14.042870191045836,True,False,True,False,True,17.902584613719746,0.0,0.0,0.0,0.0,0,0.840449036770997,0.8788371677588592,False,False,False,False,0.30241632121138,0.3009066567786954,False,False,False,False,3162101.0,2887986.4015470087,False,False,False,False,136749.65623164873,False,False,False,False
2025-08-13 17:00:00+00:00,148.64,150.45,148.64,150.17,61725.0,151.00940681212597,106.91127253037611,105.33003110674431,107.66707473571992,107.46905868454921,104.18962540003452,101.36870855777381,,106.91127253037611,151.00940681212597,105.48929516919965,"rgba(38, 166, 154, 1.0)",13.685870555608247,116.87855918588299,2.4325409683547465,71.39729247376133,14.94699785411683,True,False,True,False,True,18.216041705892486,0.0,0.0,0.0,0.0,0,0.838340284823207,0.8809228572502165,False,False,False,False,0.3052280351676561,0.30306734597317575,False,False,False,False,3223826.0,2893193.2170268996,False,False,False,False,135586.48326681697,False,False,False,False
2025-08-14 17:00:00+00:00,143.96,145.7,143.575,144.32,105343.0,150.3564565756911,107.20647692371672,105.59051759764827,107.83352966856391,107.59625088904222,104.3125854218952,101.48986127458579,,107.20647692371672,150.3564565756911,105.67153696257536,"rgba(38, 166, 154, 0.75)",13.957398037670988,117.07863477123787,1.9517509750196802,67.86224229563587,14.94699785411683,True,False,True,False,False,14.591338536083434,0.0,0.0,0.0,0.0,0,0.8314203264328996,0.8825008583013987,False,False,False,False,0.25978261113302564,0.28142497855310067,False,False,False,False,3118483.0,2896686.0818791958,False,False,False,False,135117.59205337794,False,False,False,False
2025-08-15 17:00:00+00:00,142.42,142.43,140.735,141.47,90545.0,149.65390596418067,107.4365260326664,105.79470055651562,107.96385879393925,107.69609625595325,104.4098712963042,101.58626470361541,,107.4365260326664,149.65390596418067,105.81455293983235,"rgba(38, 166, 154, 0.75)",14.158825941936502,117.20055979812068,1.7140856382729137,63.877741241306936,20.166426286623746,True,False,True,False,False,12.892329518786063,0.0,0.0,0.0,0.0,0,0.8309537936660983,0.8870336720314473,False,False,False,False,0.2320240013147982,0.2567244899339494,False,False,False,False,3027938.0,2898720.995338433,False,False,False,False,134426.54411456588,False,False,False,False
2025-08-18 17:00:00+00:00,142.245,143.35,141.56,143.11,34118.0,149.45030279611518,107.52525381677661,105.87344719406832,108.01434802096328,107.73481557481593,104.44750739118061,101.62349228427409,,107.52525381677661,149.45030279611518,105.8698107136798,"rgba(38, 166, 154, 0.5)",14.36198575569712,117.25449523928563,1.800273666923671,61.94791618564564,18.195425365136103,False,False,True,False,False,13.576301846916813,0.0,0.0,0.0,0.0,0,0.8344423791821562,0.8848791821561341,False,False,False,False,0.23991425852011763,0.24831937422703354,False,False,False,False,3062056.0,2901253.3209921005,False,False,False,False,132871.37288798345,False,False,False,False
2025-08-19 17:00:00+00:00,139.44,140.22,139.09,139.19,86161.0,148.76766405791957,107.72729709752832,106.05380340841782,108.12958665184885,107.82336960908474,104.5343612114064,101.709962023668,,107.72729709752832,148.76766405791957,105.99639666699237,"rgba(38, 166, 154, 0.5)",14.358086937803158,117.34351430790556,1.5215457175269778,58.389562873079285,14.716654462517909,False,True,True,False,False,11.259357232161484,0.0,0.0,0.0,0.0,0,0.8358078195628875,0.8841232117060444,False,False,False,False,0.2146917437806412,0.23150555900383737,False,False,False,False,2975895.0,2902410.5563255562,False,False,False,False,132147.18106026278,False,False,False,False
2025-08-20 17:00:00+00:00,137.12,138.01,136.88,137.26,110493.0,147.84707525734368,107.9656768763991,106.26782113747855,108.26625164330552,107.92867122834002,104.63841023959161,101.81409608516782,,107.9656768763991,147.84707525734368,106.14682120171376,"rgba(38, 166, 154, 0.5)",14.306992565849733,117.42426779742301,1.3864361857518641,54.97441158087612,11.440867378324342,False,True,True,False,False,10.140487800805847,0.0,0.0,0.0,0.0,0,0.8437120162817652,0.8832103720873263,False,False,False,False,0.19497374192207528,0.21323965046295634,False,False,False,False,2865402.0,2901836.7802584935,False,False,False,False,131811.45732289436,False,False,False,False
2025-08-21 17:00:00+00:00,136.105,136.89,135.865,136.62,34226.0,147.5687767006373,108.03644385210093,106.33156960294241,108.30698932371777,107.96011757542959,104.66959991454743,101.84539350395913,136.45833333333334,108.03644385210093,147.5687767006373,106.19168562878288,#000000,14.209629516951146,119.17204846415447,1.227896301943079,52.34044984323199,8.900836675672828,False,True,False,False,False,9.768435539655563,1.0,136.89,135.865,0.0,0,0.8447589227436552,0.87701607181709,False,False,False,False,0.18550358523808289,0.1993716178505196,False,False,False,False,2831176.0,2900741.2642854936,False,False,False,False,130298.50449618282,False,False,False,False
2025-08-22 17:00:00+00:00,141.42,142.62,141.42,142.1,79009.0,147.27390832353925,108.23032906322888,106.50481421330531,108.41916126135722,108.04662898594526,104.75398307332343,101.92905641871319,140.3575573217939,108.23032906322888,147.27390832353925,106.31399550264554,"rgba(38, 166, 154, 0.5)",14.143092134222893,119.53328151020219,1.595600048110537,53.69928747133025,8.900836675672828,False,True,True,False,False,12.16741883535439,0.0,0.0,0.0,0.0,0,0.8578680684707939,0.8718070368542912,False,False,False,False,0.2359768280579541,0.21767422295423686,False,False,False,False,2910185.0,2900887.678792695,False,False,False,False,129503.31837996293,False,False,False,False
2025-08-25 17:00:00+00:00,140.69,141.175,140.19,140.56,52493.0,147.04667719779863,108.3526258872417,106.61447688182479,108.4901793848748,108.1014989874879,104.80773201141658,101.9825092110015,140.4475466527483,108.3526258872417,147.04667719779863,106.39150372730786,"rgba(38, 166, 154, 0.5)",14.265748228625196,119.6053449525518,1.4688787935708312,53.61100035958027,8.900836675672828,False,True,True,False,False,11.257753470927067,0.0,0.0,0.0,0.0,0,0.8484842718224898,0.8777046185464998,False,False,False,False,0.2239146740032473,0.22079444847874208,False,False,False,False,2857692.0,2900217.9783462966,False,False,False,False,128309.35995546737,False,False,False,False
2025-08-26 17:00:00+00:00,139.745,140.96,139.3,140.885,77508.0,146.72573947026402,108.53008339836514,106.77388861080718,108.59362659354376,108.18153515185354,104.88622704101874,102.06063605111702,140.42655376534177,108.53008339836514,146.72573947026402,106.50433280778424,"rgba(38, 166, 154, 0.5)",14.41972177294033,119.69938694962596,1.469210944841557,53.744547960892135,8.900836675672828,False,True,True,False,False,11.400681202713056,0.0,0.0,0.0,0.0,0,0.8496028108768714,0.8774824320195541,False,False,False,False,0.21895082419833048,0.21987263633853626,False,False,False,False,2935200.0,2900760.33527116,False,False,False,False,127521.74197166167,False,False,False,False
2025-08-27 17:00:00+00:00,138.135,140.02,137.865,139.95,46534.0,146.51648653476363,108.6320252392738,106.86575629533132,108.65326758958004,108.22775664925196,104.93172772579416,102.10604293933334,140.24216169720813,108.6320252392738,146.51648653476363,106.56942940642743,"rgba(38, 166, 154, 0.5)",14.577917845553669,119.73766525892356,1.3865035429076236,53.13913467947599,8.476243985525542,False,True,True,False,False,10.835667346817587,0.0,0.0,0.0,0.0,0,0.8489513162295163,0.8735846352300418,False,False,False,False,0.20831742686205365,0.21409503160029497,False,False,False,False,2888666.0,2900572.8261971883,False,False,False,False,126266.11806512428,False,False,False,False
2025-08-28 17:00:00+00:00,142.58,142.97,141.365,141.55,69573.0,146.33285941462373,108.7964191238208,107.01343421972952,108.74978080674524,108.3025565996877,105.0048288922743,102.1786102005265,140.57507793389604,108.7964191238208,146.33285941462373,106.674271640464,"rgba(38, 166, 154, 0.5)",14.742624473898086,119.86043603107655,1.4712145729089812,53.843151246562016,8.476243985525542,False,True,True,False,False,11.560081363750857,0.0,0.0,0.0,0.0,0,0.8604866208171994,0.8692326956789769,False,False,False,False,0.23731112318895833,0.22570307739462664,False,False,False,False,2958239.0,2901466.875403433,False,False,False,False,125387.15499434716,False,False,False,False
2025-08-29 17:00:00+00:00,142.14,142.14,140.88,141.425,36386.0,146.23268746352653,108.8805163217364,107.08912046858136,108.79930757785348,108.3409883006406,105.04245020329219,102.21600039104086,140.65843583192876,108.8805163217364,146.23268746352653,106.72806387719082,"rgba(38, 166, 154, 0.5)",14.896603797903474,119.91618927443388,1.4438734504433322,54.20128221185894,8.476243985525542,False,True,True,False,False,11.482244725318075,0.0,0.0,0.0,0.0,0,0.8711262319532858,0.860100798393465,False,False,False,False,0.23136965206758547,0.22853636473110606,False,False,False,False,2921853.0,2901782.9393506665,False,False,False,False,124007.29212621776,False,False,False,False
2025-09-01 17:00:00+00:00,141.425,141.425,141.425,141.425,0.0,146.23268746352653,108.8805163217364,107.08912046858136,108.79930757785348,108.3409883006406,105.04245020329219,102.21600039104086,140.65843583192876,108.8805163217364,146.23268746352653,106.72806387719082,"rgba(38, 166, 154, 0.5)",15.01755003441096,119.91618927443388,1.432244985119491,54.44003618872355,8.476243985525542,False,True,True,False,False,11.482244725318075,0.0,0.0,0.0,0.0,0,0.8659284413603033,0.8665583936217336,False,False,False,False,0.23060273177411442,0.22956954825261022,False,False,False,False,2921853.0,2902094.1030816636,False,False,False,False,122084.69844984228,False,False,False,False
2025-09-02 17:00:00+00:00,137.48,139.3,137.48,139.12,48965.0,146.02722976954948,108.98317795383441,107.18205726171473,108.85993217695504,108.38813299043466,105.08900744646752,102.26256278472442,140.4354529631612,108.98317795383441,146.02722976954948,106.79414510235513,#000000,15.055669793999419,119.95041564110869,1.2732468645487651,52.33803284019099,6.1563469771027,False,True,False,False,False,10.014441336075826,0.0,0.0,0.0,0.0,0,0.8654739479056741,0.8657599637055816,False,False,False,False,0.2033860230499518,0.216477785651281,False,False,False,False,2872888.0,2901641.2952819476,False,False,False,False,120951.05971418582,False,False,False,False
2025-09-03 17:00:00+00:00,140.17,140.96,139.31,140.14,50043.0,145.86884159989285,109.09265309552279,107.2809890807199,108.92475306755321,108.43855160450465,105.13858301203771,102.31198929771945,140.4052305164158,109.09265309552279,145.86884159989285,106.86458652634296,#000000,15.031523815808754,120.00847110320314,1.3392872967160114,51.93824070911293,5.497662469308288,False,True,False,False,False,10.508689767014236,0.0,0.0,0.0,0.0,0,0.8795531327546516,0.8542200253131761,False,False,False,False,0.21899569797604776,0.21773674181366437,False,False,False,False,2922931.0,2901971.368223313,False,False,False,False,119851.70995117517,False,False,False,False
2025-09-04 17:00:00+00:00,143.41,145.575,143.41,145.18,144969.0,145.7859421247441,109.45169549584394,107.60378999510645,109.1383875552521,108.6047053902922,105.30012079450799,102.47171530138273,141.3834133570734,109.45169549584394,145.7859421247441,107.0950690887309,"rgba(38, 166, 154, 0.5)",15.09846272319153,120.33102201268127,1.6457952337856372,55.63901621809119,2.017584898504289,False,True,True,False,True,12.89041342118663,0.0,0.0,0.0,0.0,0,0.8945357930619611,0.8467214758371769,False,False,False,False,0.2584565299386405,0.23809663587615243,False,False,False,False,3067900.0,2904543.9051500834,False,False,False,False,120241.12530076936,False,False,False,False
2025-09-05 17:00:00+00:00,145.99,146.94,145.465,146.82,84829.0,145.81119251504077,109.66834126020927,107.7985758136978,109.26808749025832,108.70573441657766,105.39805320238004,102.56833160632294,141.97173405471557,109.66834126020927,145.81119251504077,107.23452063157436,"rgba(38, 166, 154, 0.5)",15.14320138776048,120.53554451049258,1.735726470015242,59.11481536463437,5.2509752651660335,False,True,True,False,True,13.642803248589363,0.0,0.0,0.0,0.0,0,0.8988252097121362,0.8440787753213576,False,False,False,False,0.27415322322962005,0.25612492955288624,False,False,False,False,3152729.0,2908391.736077989,False,False,False,False,119692.10010230783,False,False,False,False
2025-09-08 17:00:00+00:00,144.84,147.18,144.62,146.22,89831.0,145.81924458056406,109.89253157855951,108.00060287090825,109.40297996239549,108.81100012548312,105.50024208183135,102.66924962366069,142.41681898147354,109.89253157855951,145.81924458056406,107.3794343738064,"rgba(38, 166, 154, 0.5)",15.151346518819178,120.73265832879105,1.6821832725924157,60.714141087499556,6.689780400599318,False,False,True,False,True,13.243732886902244,0.0,0.0,0.0,0.0,0,0.8930289919534189,0.8496623670696698,False,False,False,False,0.2713670619695394,0.2637459957612128,False,False,False,False,3062898.0,2910787.182030268,False,False,False,False,119229.13731002399,False,False,False,False
2025-09-09 17:00:00+00:00,143.135,144.23,142.905,143.45,111701.0,145.70761919021888,110.14860562285395,108.23266614889566,109.55807398026076,108.93240135768521,105.61886374545962,102.78694575336816,142.5508884004433,110.14860562285395,145.70761919021888,107.54625943475389,"rgba(38, 166, 154, 0.5)",15.180428747402217,120.91264592010057,1.4846322495177329,58.695690660309516,6.689780400599318,False,True,True,False,False,11.411089695475596,0.0,0.0,0.0,0.0,0,0.8926387869894842,0.8473241216271299,False,False,False,False,0.2500177306558266,0.2568818632085197,False,False,False,False,2951197.0,2911413.6908360003,False,False,False,False,119112.42200289182,False,False,False,False
2025-09-10 17:00:00+00:00,143.805,144.06,141.3,142.21,86891.0,145.5913330964343,110.3392057787241,108.4060192142388,109.67420799351592,109.02352619753715,105.70819504535305,102.87578556398228,142.54852474140094,110.3392057787241,145.5913330964343,107.67115663222522,"rgba(38, 166, 154, 0.5)",15.180268442949245,121.03321758487573,1.3950202853599882,56.111806888430465,10.463347590961654,False,True,True,False,False,10.599047088466026,0.0,0.0,0.0,0.0,0,0.8862152926973995,0.8527919301045569,False,False,False,False,0.24195372101741877,0.24941779211296922,False,False,False,False,2864306.0,2910683.339040093,False,False,False,False,118612.86507261443,False,False,False,False
2025-09-11 17:00:00+00:00,146.635,146.98,145.01,145.195,88583.0,145.5962505201713,110.55034248749024,108.5973862833988,109.80323377748181,109.12475726822707,105.80671142685388,102.97323576330433,142.80423649838423,110.55034248749024,145.5962505201713,107.80927783445937,"rgba(38, 166, 154, 0.5)",15.223530757966085,121.20424128011341,1.5758997765569485,56.93103246961937,10.463347590961654,False,True,True,False,False,12.052118728247947,0.0,0.0,0.0,0.0,0,0.8867380518170612,0.8491436838405348,False,False,False,False,0.27224160997192526,0.26082970104244724,False,False,False,False,2952889.0,2911337.6903728046,False,False,False,False,118147.28576916303,False,False,False,False
2025-09-12 17:00:00+00:00,142.21,143.505,141.52,143.375,101444.0,145.4858492843218,110.76918808764596,108.79704637503458,109.93791054901212,109.23078222071757,105.91070492905325,103.07668506148511,142.8038792475938,110.76918808764596,145.4858492843218,107.95371953715811,"rgba(38, 166, 154, 0.5)",15.211891219025338,121.3439849538312,1.4482758737200845,55.59612049563288,9.947650309307605,False,True,True,False,False,10.847024635765532,0.0,0.0,0.0,0.0,0,0.8862805405900868,0.8511340374176335,False,False,False,False,0.24043526759615746,0.25063248431930235,False,False,False,False,2851445.0,2910409.1215298157,False,False,False,False,117888.32009832328,False,False,False,False
2025-09-15 17:00:00+00:00,147.275,148.205,146.47,147.88,78432.0,145.5460543626004,110.96099058498416,108.97102382688975,110.05612799738934,109.32375717446538,106.00094101642055,103.16575646731663,143.0924379781653,110.96099058498416,145.5460543626004,108.07976617791098,"rgba(38, 166, 154, 0.5)",15.249543576096958,121.51061260573559,1.7291919107400273,58.02560023862952,9.947650309307605,False,True,True,False,True,13.014378880938008,0.0,0.0,0.0,0.0,0,0.8876193216263706,0.8524984330206226,False,False,False,False,0.2846445961835602,0.2676385402514313,False,False,False,False,2929877.0,2910710.949102997,False,False,False,False,117276.59420532602,False,False,False,False
2025-09-16 17:00:00+00:00,146.21,147.2,145.93,147.125,47166.0,145.567154308067,111.07297348528822,109.0728305405969,110.12541442323077,109.3783337106099,106.0540187489161,103.21822596415217,143.22234418675134,111.07297348528822,145.567154308067,108.15363281213233,"rgba(38, 166, 154, 0.5)",15.226116387715319,121.60276340439293,1.6762144689895335,58.84126949426086,9.947650309307605,False,True,True,False,True,12.508797705763282,0.0,0.0,0.0,0.0,0,0.884556472753066,0.8529765514972708,False,False,False,False,0.2774974943404102,0.27256801729592073,False,False,False,False,2882711.0,2910276.8413649662,False,False,False,False,116189.60824865429,False,False,False,False
2025-09-17 17:00:00+00:00,146.485,149.015,145.44,147.78,34068.0,145.5901802387427,111.15491204548262,109.14730701631845,110.1761963677756,109.4183498510785,106.09289121100386,103.25661955427067,143.32708255207433,111.15491204548262,145.5901802387427,108.20771267432161,"rgba(38, 166, 154, 0.5)",15.163041358026629,121.6719869361999,1.7218190234625785,59.86048021777567,9.947650309307605,False,False,True,False,True,12.824968357295049,0.0,0.0,0.0,0.0,0,0.8819998768801429,0.8545236287525908,False,False,False,False,0.28362517083229916,0.2780965940641099,False,False,False,False,2916779.0,2910377.6500259745,False,False,False,False,114916.40501999298,False,False,False,False
2025-09-18 17:00:00+00:00,152.05,152.935,151.58,152.21,95383.0,145.81480564279047,111.41266999618503,109.3804215309588,110.33598938491527,109.54412591927152,106.21401497940371,103.37547900166803,143.9102649583846,111.41266999618503,145.81480564279047,108.37711680206706,"rgba(38, 166, 154, 1.0)",15.192785301755107,121.93181674239473,1.9929316880498187,63.275752981818044,8.94193078910071,True,False,True,False,True,14.922697673240972,0.0,0.0,0.0,0.0,0,0.8845750693659441,0.8517007501798379,False,False,False,False,0.3308704876798096,0.3044835408719597,False,False,False,False,3012162.0,2911955.701963556,False,False,False,False,114613.5615313109,False,False,False,False
2025-09-19 17:00:00+00:00,154.37,154.62,153.125,153.59,100513.0,146.0884650128225,111.69090634497545,109.63206988367193,110.50919483534541,109.6806109836478,106.34520542727108,103.50402765042107,144.54667127566037,111.69090634497545,146.0884650128225,108.56033585422212,"rgba(38, 166, 154, 1.0)",15.342016074337364,122.21771971615772,2.044860345070215,66.25203660853077,11.729091700011303,True,False,True,False,True,15.560168459617959,0.0,0.0,0.0,0.0,0,0.8862355232141028,0.8472993748078305,False,False,False,False,0.3428282534595526,0.32365589716575616,False,False,False,False,3112675.0,2915067.629064896,False,False,False,False,114394.9481742363,False,False,False,False
2025-09-22 17:00:00+00:00,155.395,158.99,155.35,157.06,109554.0,146.48721627340547,112.01388191175808,109.92372389820792,110.71093014868006,109.83966180388002,106.49743025836055,103.65269478537846,145.37331137423132,112.01388191175808,146.48721627340547,108.77305380104417,"rgba(38, 166, 154, 1.0)",15.487832968593892,122.56909614040072,2.226967706169073,69.77113852127479,14.956162679708328,True,False,True,False,True,17.13555089608672,0.0,0.0,0.0,0.0,0,0.8912710566615621,0.8366958899041081,False,False,False,False,0.34282825349856827,0.3332420753321622,False,False,False,False,3222229.0,2919829.8208623393,False,False,False,False,114319.89471417062,False,False,False,False
2025-09-23 17:00:00+00:00,153.2,153.31,149.14,149.965,109229.0,146.6372379987951,112.28683215825764,110.17246436276913,110.88315326709407,109.97610507553127,106.62944275706411,103.78265988819541,145.70712553193084,112.28683215825764,146.6372379987951,108.95510958481862,"rgba(38, 166, 154, 0.75)",15.501900576009039,122.80922667785548,1.751770577355604,65.05266659159707,14.956162679708328,True,False,True,False,False,12.30765810198637,0.0,0.0,0.0,0.0,0,0.8851573389221801,0.8422032536040942,False,False,False,False,0.2892347656257519,0.31123842047895706,False,False,False,False,3113000.0,2922824.707360598,False,False,False,False,114240.96611395091,False,False,False,False
