date,Open,High,Low,Close,Volume,aVWAP_peak_408,aVWAP_valley_373,aVWAP_valley_327,aVWAP_valley_302,aVWAP_valley_282,aVWAP_valley_281,aVWAP_valley_240,aVWAP_valley_173,aVWAP_valley_116,aVWAP_valley_46,aVWAP_OB_bull_373,aVWAP_OB_bull_240,aVWAP_OB_bear_408,Peaks_avg,Valleys_avg,color,StDev,StDev_Mean,StdDev_ZScore,QQEMOD,QQE1_Value,QQE1_Above_Upper,QQE1_Below_Lower,QQE2_Above_Threshold,QQE2_Below_Threshold,QQE2_Above_TL,banker_RSI,OB,OB_High,OB_Low,OB_Mitigated_Index,TTM_squeeze_Active,VI_plus,VI_minus,VI_Regular_Bullish,VI_Regular_Bearish,VI_Hidden_Bullish,VI_Hidden_Bearish,Fisher,Fisher_Signal,Fisher_Regular_Bullish,Fisher_Regular_Bearish,Fisher_Hidden_Bullish,Fisher_Hidden_Bearish,OBV,OBV_Smoothed,OBV_Regular_Bullish,OBV_Regular_Bearish,OBV_Hidden_Bullish,OBV_Hidden_Bearish,Volume_MA,Vol_Regular_Bullish,Vol_Regular_Bearish,Vol_Hidden_Bullish,Vol_Hidden_Bearish
2024-02-12 17:00:00+00:00,16.945,17.06,16.935,17.035,460954.0,,,,,,,,,,,,,,,,#000000,,,,,,False,False,False,False,False,,0.0,0.0,0.0,0.0,0,,,False,False,False,False,,,False,False,False,False,0.0,0.0,False,False,False,False,460954.0,False,False,False,False
2024-02-13 17:00:00+00:00,16.785,16.915,16.785,16.905,198328.0,,,,,,,,,,,,,,,,"rgba(239, 83, 80, 0.5)",,,,0.0,,False,False,False,True,False,,0.0,0.0,0.0,0.0,0,,,False,False,False,False,,,False,False,False,False,-198328.0,-3074.8527131782944,False,False,False,False,456882.27906976745,False,False,False,False
2024-02-14 17:00:00+00:00,16.995,16.995,16.835,16.91,280009.0,,,,,,,,,,,,,,,,"rgba(239, 83, 80, 0.5)",,,,1.3824884792624155,-52.07373271889362,False,False,False,True,True,,0.0,0.0,0.0,0.0,0,,,False,False,False,False,,,False,False,False,False,81681.0,-1760.808485067003,False,False,False,False,454140.0576888408,False,False,False,False
2024-02-15 17:00:00+00:00,17.175,17.19,17.065,17.085,264029.0,,,,,,,,,,,,,,,,"rgba(239, 83, 80, 0.5)",,,,22.120521379524373,-33.271254260731624,False,False,False,True,True,,0.0,0.0,0.0,0.0,0,,,False,False,False,False,,,False,False,False,False,345710.0,3626.3358325309355,False,False,False,False,451192.599430099,False,False,False,False
2024-02-16 17:00:00+00:00,16.925,17.07,16.895,16.965,308254.0,,,,,,,,,,,,,,,,"rgba(239, 83, 80, 0.5)",,,,29.085575957662574,-28.02578895774097,False,False,False,True,True,,0.0,0.0,0.0,0.0,0,,,False,False,False,False,,,False,False,False,False,37456.0,4150.826749856037,False,False,False,False,448976.4971133533,False,False,False,False
2024-02-19 17:00:00+00:00,16.965,16.965,16.965,16.965,0.0,,,,,,,,,,,,,,,,"rgba(239, 83, 80, 0.5)",,,,33.728945676421375,-24.66283875033634,False,False,False,True,True,,0.0,0.0,0.0,0.0,0,,,False,False,False,False,,,False,False,False,False,37456.0,4667.186025052068,False,False,False,False,442015.6211891152,False,False,False,False
2024-02-20 17:00:00+00:00,17.075,17.085,16.875,16.915,358609.0,,,,,,,,,,,,,,,,"rgba(239, 83, 80, 0.5)",,,,34.734265634926686,-24.241847897877925,False,False,False,True,True,,0.0,0.0,0.0,0.0,0,,,False,False,False,False,,,False,False,False,False,-321153.0,-384.2897272743212,False,False,False,False,440722.4952792064,False,False,False,False
2024-02-21 17:00:00+00:00,16.975,17.01,16.915,17.005,254606.0,,,,,,,,,,,,,,,,"rgba(239, 83, 80, 0.5)",,,,40.21017576035452,-19.328454871550704,False,False,False,True,True,,0.0,0.0,0.0,0.0,0,,,False,False,False,False,,,False,False,False,False,-66547.0,-1410.0681811150293,False,False,False,False,437836.9682206141,False,False,False,False
2024-02-22 17:00:00+00:00,16.645,16.72,16.55,16.59,737116.0,,,,,,,,,,,,,,,,"rgba(239, 83, 80, 0.5)",,,,34.621351955002304,-19.328454871550704,False,False,False,True,False,,0.0,0.0,0.0,0.0,0,,,False,False,False,False,,,False,False,False,False,-803663.0,-13848.098131795417,False,False,False,False,442476.95320944174,False,False,False,False
2024-02-23 17:00:00+00:00,16.795,16.855,16.745,16.82,405527.0,,,,,,,,,,,,,,,,"rgba(239, 83, 80, 0.5)",,,,37.33896935974894,-19.328454871550704,False,False,False,True,False,,0.0,0.0,0.0,0.0,0,,,False,False,False,False,,,False,False,False,False,-398136.0,-19806.050098744327,False,False,False,False,441904.0857178224,False,False,False,False
2024-02-26 17:00:00+00:00,16.655,16.67,16.515,16.59,274406.0,,,,,,,,,,,,,,,,"rgba(239, 83, 80, 0.5)",,16.59166666666667,,35.99651565222018,-19.328454871550704,False,False,False,True,False,,0.0,0.0,0.0,0.0,0,,,False,False,False,False,,,False,False,False,False,-672542.0,-29925.987306515734,False,False,False,False,439307.21617180965,False,False,False,False
2024-02-27 17:00:00+00:00,16.645,16.84,16.605,16.825,507245.0,,,,,,,,,,,,,,,,"rgba(239, 83, 80, 0.5)",,16.69874185111599,,39.60819447004618,-19.328454871550704,False,False,False,True,False,,0.0,0.0,0.0,0.0,0,,,False,False,False,False,,,False,False,False,False,-165297.0,-32024.762697112386,False,False,False,False,440360.5151458901,False,False,False,False
2024-02-28 17:00:00+00:00,17.015,17.04,16.935,16.95,333890.0,,,,,,,,,,,,,,,,"rgba(239, 83, 80, 0.5)",,16.78142803954912,,43.93342966211425,-16.02441212267704,False,False,False,True,True,,0.0,0.0,0.0,0.0,0,,,False,False,False,False,,,False,False,False,False,168593.0,-28914.409787079636,False,False,False,False,438709.80948471354,False,False,False,False
2024-02-29 17:00:00+00:00,16.985,17.04,16.91,16.915,413706.0,,,,,,,,,,,,,,,,"rgba(239, 83, 80, 0.5)",,16.828384326839725,,46.23925080813366,-13.516020154800636,False,False,False,True,True,,0.0,0.0,0.0,0.0,1,,,False,False,False,False,,,False,False,False,False,-245113.0,-32266.325914411733,False,False,False,False,438322.1535237102,False,False,False,False
2024-03-01 17:00:00+00:00,16.935,17.035,16.93,17.0,207835.0,,,,,,,,,,,,,,,,#000000,,16.84752159368412,,49.129788270462285,-10.394680274199025,False,False,False,False,True,,0.0,0.0,0.0,0.0,0,,,False,False,False,False,,,False,False,False,False,-37278.0,-32344.026287831704,False,False,False,False,434748.7092830325,False,False,False,False
2024-03-04 17:00:00+00:00,16.945,16.955,16.71,16.8,534749.0,,,,,,,,,,,,,,,,#000000,,16.841435799288472,,47.77264804132704,-10.394680274199025,False,False,False,False,True,,0.0,0.0,0.0,0.0,1,,,False,False,False,False,,,False,False,False,False,-572027.0,-40711.20417484206,False,False,False,False,436299.10138717154,False,False,False,False
2024-03-05 17:00:00+00:00,17.285,17.35,17.135,17.17,373052.0,,,,,,,,,,,,,,,,"rgba(38, 166, 154, 0.5)",,16.894595949990983,,51.847381531240984,-7.07481639411705,False,False,True,False,True,,0.0,0.0,0.0,0.0,0,,,False,False,False,False,,,False,False,False,False,-198975.0,-43164.906435697216,False,False,False,False,435318.5261718665,False,False,False,False
2024-03-06 17:00:00+00:00,17.145,17.22,17.095,17.175,333451.0,,,,,,,,,,,,,,,,"rgba(38, 166, 154, 0.5)",,16.92468349195669,,54.61876228310745,-4.089738694672093,False,False,True,False,True,,0.0,0.0,0.0,0.0,0,,,False,False,False,False,,,False,False,False,False,134476.0,-40410.78385529881,False,False,False,False,433739.1846808298,False,False,False,False
2024-03-07 17:00:00+00:00,17.075,17.11,17.015,17.05,382753.0,,,,,,,,,,,,,,,,"rgba(38, 166, 154, 0.5)",,16.939903234181877,,54.38547234589833,-3.861251540040719,False,False,True,False,True,,0.0,0.0,0.0,0.0,0,,,False,False,False,False,,,False,False,False,False,-248277.0,-43633.51588854999,False,False,False,False,432948.7011974061,False,False,False,False
2024-03-08 17:00:00+00:00,17.13,17.315,17.13,17.2,754784.0,,,,,,,,,,,,,,,,"rgba(38, 166, 154, 0.5)",,16.99035152016831,,56.11727708109929,-1.6772209841443768,False,False,True,False,True,,0.0,0.0,0.0,0.0,0,,,False,False,False,False,,,False,False,False,False,506507.0,-35104.2055646965,False,False,False,False,437938.3957524851,False,False,False,False
2024-03-11 17:00:00+00:00,17.305,17.375,17.265,17.33,459999.0,,,,,,,,,,,,,,,,"rgba(38, 166, 154, 0.5)",,17.17357927690982,,58.71318793526547,1.2603032324599823,False,False,True,False,True,,0.0,0.0,0.0,0.0,0,,,False,False,False,False,,,False,False,False,False,966506.0,-19575.36516834462,False,False,False,False,438280.42062453955,False,False,False,False
2024-03-12 17:00:00+00:00,17.235,17.26,17.195,17.2,286576.0,,,,,,,,,,,,,,,,"rgba(38, 166, 154, 0.5)",,17.15915875057241,,58.15544850059895,1.2603032324599823,False,False,True,False,True,,0.0,0.0,0.0,0.0,0,,,False,False,False,False,,,False,False,False,False,679930.0,-8730.320747129974,False,False,False,False,435928.41410322883,False,False,False,False
2024-03-13 17:00:00+00:00,17.265,17.275,17.125,17.195,338161.0,,,,,,,,,,,,,,,,"rgba(38, 166, 154, 0.5)",,17.15125793355172,,57.695652867246686,1.2603032324599823,False,False,True,False,True,,0.0,0.0,0.0,0.0,0,,,False,False,False,False,,,False,False,False,False,341769.0,-3296.22275105044,False,False,False,False,434412.64024116326,False,False,False,False
2024-03-14 17:00:00+00:00,16.89,17.01,16.83,17.01,437200.0,,,,,,,,,,,,,,,,"rgba(38, 166, 154, 0.5)",,17.103498413594437,,54.332925002511814,1.2603032324599823,False,False,True,False,False,,0.0,0.0,0.0,0.0,0,,,False,False,False,False,,,False,False,False,False,-95431.0,-4724.668909948882,False,False,False,False,434455.8551211452,False,False,False,False
2024-03-15 17:00:00+00:00,17.025,17.115,16.965,17.045,450537.0,,,,,,,,,,,,,,,,"rgba(38, 166, 154, 0.5)",,17.08912728259882,,52.67141397579151,1.2603032324599823,False,False,True,False,False,,0.0,0.0,0.0,0.0,0,,,False,False,False,False,,,False,False,False,False,355106.0,854.1011506704799,False,False,False,False,434705.1751967863,False,False,False,False
2024-03-18 17:00:00+00:00,17.185,17.295,17.18,17.295,269007.0,,,,,,,,,,,,,,,,"rgba(38, 166, 154, 0.5)",,17.100766028042507,,55.121896396169646,1.2603032324599823,False,False,True,False,False,,0.0,0.0,0.0,0.0,1,,,False,False,False,False,,,False,False,False,False,624113.0,10517.02981500117,False,False,False,False,432136.21124024695,False,False,False,False
2024-03-19 17:00:00+00:00,17.215,17.285,17.155,17.17,257219.0,,,,,,,,,,,,,,,,"rgba(38, 166, 154, 0.5)",,17.106346828662183,,54.6351485273643,1.2603032324599823,False,False,True,False,False,,0.0,0.0,0.0,0.0,1,,,False,False,False,False,,,False,False,False,False,366894.0,16042.254158954638,False,False,False,False,429424.3164923361,False,False,False,False
2024-03-20 17:00:00+00:00,17.185,17.22,17.08,17.21,234015.0,,,,,,,,,,,,,,,,"rgba(38, 166, 154, 0.5)",,17.108811738711957,,54.87830365063771,1.2603032324599823,False,False,True,False,False,,0.0,0.0,0.0,0.0,1,,,False,False,False,False,,,False,False,False,False,600909.0,25109.95564486232,False,False,False,False,426394.71468625334,False,False,False,False
2024-03-21 17:00:00+00:00,17.1,17.21,17.055,17.17,222203.0,,,,,,,,,,,,,,,,"rgba(38, 166, 154, 0.5)",,17.109627266657206,,54.30769499428115,1.2603032324599823,False,False,True,False,False,,0.0,0.0,0.0,0.0,1,,,False,False,False,False,,,False,False,False,False,378706.0,30592.064859670656,False,False,False,False,423228.9516678618,False,False,False,False
2024-03-22 17:00:00+00:00,17.015,17.035,16.98,16.99,267627.0,,,,,,,,,,,,,,,,#000000,,17.102035260261687,,50.961348655718005,5.6113393818571495,False,False,False,False,False,,0.0,0.0,0.0,0.0,1,,,False,False,False,False,,,False,False,False,False,111079.0,31839.924319210644,False,False,False,False,420816.5183086701,False,False,False,False
2024-03-25 17:00:00+00:00,17.045,17.13,17.03,17.125,321786.0,,,,,,,,,,,,,,,,#000000,,17.10050650202244,,51.02910196898416,5.43276277314785,False,False,False,False,False,,0.0,0.0,0.0,0.0,1,,,False,False,False,False,,,False,False,False,False,432865.0,38057.367353021335,False,False,False,False,419281.1614356675,False,False,False,False
2024-03-26 17:00:00+00:00,17.215,17.255,17.18,17.195,425766.0,,,,,,,,,,,,,,,,"rgba(38, 166, 154, 0.5)",,17.108155967775676,,52.17013726945703,5.43276277314785,False,False,True,False,False,,0.0,0.0,0.0,0.0,1,,,False,False,False,False,,,False,False,False,False,858631.0,50779.43917700549,False,False,False,False,419381.7015684478,False,False,False,False
2024-03-27 17:00:00+00:00,17.475,17.575,17.435,17.575,316075.0,,,,,,,,,,,,,,,,"rgba(38, 166, 154, 0.5)",,17.130825406754965,,57.35427036735055,2.9598531690577374,False,False,True,False,True,,0.0,0.0,0.0,0.0,0,,,False,False,False,False,,,False,False,False,False,1174706.0,68204.65717426123,False,False,False,False,417780.0472805649,False,False,False,False
2024-03-28 17:00:00+00:00,17.625,17.695,17.6,17.605,330976.0,,,,,,,,,,,,,,,,"rgba(38, 166, 154, 0.5)",,17.157588944469538,,61.08174521031501,6.355668930017352,False,False,True,False,True,,0.0,0.0,0.0,0.0,0,,,False,False,False,False,,,False,False,False,False,1505682.0,90491.12760566802,False,False,False,False,416434.24809792044,False,False,False,False
2024-03-29 17:00:00+00:00,17.605,17.605,17.605,17.605,0.0,,,,,,,,,,,,,,,,"rgba(38, 166, 154, 0.5)",,17.157588944469538,,63.56672843895799,8.56893507452483,False,False,True,False,True,,0.0,0.0,0.0,0.0,0,,,False,False,False,False,,,False,False,False,False,1505682.0,112432.07136371967,False,False,False,False,409977.9031661697,False,False,False,False
2024-04-01 17:00:00+00:00,17.395,17.51,17.365,17.51,152579.0,,,,,,,,,,,,,,,,"rgba(38, 166, 154, 0.5)",,17.164681265190154,,63.12591682296284,8.56893507452483,False,False,True,False,True,,0.0,0.0,0.0,0.0,0,,,False,False,False,False,,,False,False,False,False,1353103.0,131667.279559631,False,False,False,False,405987.2224969267,False,False,False,False
2024-04-02 17:00:00+00:00,17.565,17.63,17.51,17.54,410336.0,,,,,,,,,,,,,,,,"rgba(38, 166, 154, 0.5)",,17.188142268007383,,63.229568395753944,8.56893507452483,False,False,True,False,True,,0.0,0.0,0.0,0.0,0,,,False,False,False,False,,,False,False,False,False,1763439.0,156966.06592304754,False,False,False,False,406054.6454039511,False,False,False,False
2024-04-03 17:00:00+00:00,17.515,17.63,17.505,17.61,259375.0,,,,,,,,,,,,,,,,"rgba(38, 166, 154, 0.5)",,17.202288201730624,,64.23184032443834,9.602314772522917,False,False,True,False,True,,0.0,0.0,0.0,0.0,0,,,False,False,False,False,,,False,False,False,False,2022814.0,185893.94086997706,False,False,False,False,403780.54237443244,False,False,False,False
2024-04-04 17:00:00+00:00,17.725,17.745,17.56,17.575,426808.0,,,,,,,,,,,,,,,,"rgba(38, 166, 154, 0.5)",,17.359506494827958,,63.98838015473956,9.652573200001129,False,False,True,False,True,,0.0,0.0,0.0,0.0,0,,,False,False,False,False,,,False,False,False,False,1596006.0,207756.1433371092,False,False,False,False,404137.5572213404,False,False,False,False
2024-04-05 17:00:00+00:00,17.505,17.535,17.42,17.42,173648.0,,,,,,,,,,,,,,,,"rgba(38, 166, 154, 0.5)",,17.346593755658034,,60.21461299090679,9.652573200001129,False,False,True,False,False,,0.0,0.0,0.0,0.0,0,,,False,False,False,False,,,False,False,False,False,1422358.0,226587.17987451836,False,False,False,False,400564.0757140328,False,False,False,False
2024-04-08 17:00:00+00:00,17.385,17.4,17.215,17.265,438694.0,,,,,,,,,,,,,,,,"rgba(38, 166, 154, 0.5)",,17.308271868550534,,54.87170638665508,9.593914981229887,False,False,True,False,False,,0.0,0.0,0.0,0.0,0,,,False,False,False,False,,,False,False,False,False,983664.0,238324.80499274287,False,False,False,False,401155.2373308695,False,False,False,False
2024-04-09 17:00:00+00:00,16.89,16.93,16.81,16.92,387625.0,,,,,,,,,,,,,,,,"rgba(239, 83, 80, 0.5)",,17.24552808679412,,47.07734137063616,2.6271778694848535,False,False,False,True,False,,0.0,0.0,0.0,0.0,0,,,False,False,False,False,,,False,False,False,False,596039.0,243870.76150448326,False,False,False,False,400945.46620946063,False,False,False,False
2024-04-10 17:00:00+00:00,16.665,16.755,16.54,16.715,390153.0,,,,,,,,,,,,,,,,"rgba(239, 83, 80, 1.0)",,17.183847936713548,,40.18973799658683,-3.263976768378207,False,True,False,True,False,,0.0,0.0,0.0,0.0,0,,,False,False,False,False,,,False,False,False,False,205886.0,243281.850473406,False,False,False,False,400778.14115194965,False,False,False,False
2024-04-11 17:00:00+00:00,16.475,16.57,16.42,16.425,292591.0,,,,,,,,,,,,,,,,"rgba(239, 83, 80, 1.0)",,17.136169009004508,,33.8008812133837,-8.638072091503211,False,True,False,True,False,,0.0,0.0,0.0,0.0,0,,,False,False,False,False,,,False,False,False,False,-86705.0,238165.7752722679,False,False,False,False,399100.82113408996,False,False,False,False
2024-04-12 17:00:00+00:00,16.34,16.37,16.255,16.315,276234.0,,,,,,,,,,,,,,,,"rgba(239, 83, 80, 1.0)",,17.090127681652888,,28.980192761794576,-12.629686231287941,False,True,False,True,False,,0.0,0.0,0.0,0.0,0,,,False,False,False,False,,,False,False,False,False,-362939.0,228846.3213920777,False,False,False,False,397195.9091785227,False,False,False,False
2024-04-15 17:00:00+00:00,16.295,16.295,16.125,16.245,345417.0,,,,,,,,,,,,,,,,"rgba(239, 83, 80, 1.0)",,17.036255781519483,,25.41671371326987,-15.641814655682062,False,True,False,True,False,,0.0,0.0,0.0,0.0,0,,,False,False,False,False,,,False,False,False,False,-708356.0,214316.0528433633,False,False,False,False,396393.13539280917,False,False,False,False
2024-04-16 17:00:00+00:00,16.055,16.13,15.95,16.095,444698.0,,,,,,,,,,16.05833333333333,,,,,16.05833333333333,"rgba(239, 83, 80, 1.0)",,16.739904395058552,,22.335998351150238,-18.41925294738808,False,True,False,True,False,,0.0,0.0,0.0,0.0,0,,,False,False,False,False,,,False,False,False,False,-1153054.0,193116.5171403654,False,False,False,False,397142.048022378,False,False,False,False
2024-04-17 17:00:00+00:00,16.075,16.175,16.06,16.115,236199.0,,,,,,,,,,16.0785688094773,,,,,16.0785688094773,"rgba(239, 83, 80, 1.0)",,16.722967801592976,,20.758638439007097,-20.014569491310663,False,True,False,True,False,,0.0,0.0,0.0,0.0,0,,,False,False,False,False,,,False,False,False,False,-916855.0,175907.65640950704,False,False,False,False,394646.8069677675,False,False,False,False
2024-04-18 17:00:00+00:00,16.185,16.34,16.18,16.34,286892.0,,,,,,,,,,16.140257473478204,,,,,16.140257473478204,"rgba(239, 83, 80, 0.75)",,16.71981864037576,,24.582219071046133,-20.014569491310663,False,True,False,True,True,,0.0,0.0,0.0,0.0,0,,,False,False,False,False,,,False,False,False,False,-629963.0,163413.53770548367,False,False,False,False,392976.1898054765,False,False,False,False
2024-04-19 17:00:00+00:00,16.375,16.52,16.355,16.515,407443.0,,,,,,,,,,16.235975866859796,,,,,16.235975866859796,"rgba(239, 83, 80, 0.75)",,16.727914214488937,,30.168177656979633,-29.251009206233103,False,True,False,True,True,0.0,0.0,0.0,0.0,0.0,0,,,False,False,False,False,,,False,False,False,False,-222520.0,157430.07200462345,False,False,False,False,393200.4814363994,False,False,False,False
2024-04-22 17:00:00+00:00,16.195,16.38,16.175,16.285,597857.0,,,,,,,,,,16.24931542537277,,,,,16.24931542537277,"rgba(239, 83, 80, 0.75)",,16.700647020139552,,31.607249869507076,-27.70106116119964,False,True,False,True,True,0.0,0.0,0.0,0.0,0.0,0,,,False,False,False,False,,,False,False,False,False,-820377.0,142270.2724386603,False,False,False,False,396373.4507164552,False,False,False,False
2024-04-23 17:00:00+00:00,16.515,16.525,16.435,16.5,420306.0,,,,,,,,,,16.290996865679645,,,,,16.290996865679645,"rgba(239, 83, 80, 0.75)",,16.70014394106259,,35.80921243578185,-23.47600187752022,False,True,False,True,True,0.0,0.0,0.0,0.0,0.0,0,,,False,False,False,False,,,False,False,False,False,-400071.0,133861.88061790587,False,False,False,False,396744.49799216905,False,False,False,False
2024-04-24 17:00:00+00:00,16.785,16.945,16.715,16.805,815345.0,,,,,,,,,,16.425840751094405,,,,,16.425840751094405,"rgba(239, 83, 80, 0.75)",,16.73719970787012,,42.172902412848444,-17.36249042648923,False,True,False,True,True,0.0,0.0,0.0,0.0,0.0,0,,,False,False,False,False,,,False,False,False,False,415274.0,138224.8592129771,False,False,False,False,403234.4282558564,False,False,False,False
2024-04-25 17:00:00+00:00,16.585,16.645,16.52,16.58,344292.0,,,,,,,,,,16.440940422621203,,,,,16.440940422621203,"rgba(239, 83, 80, 0.5)",,16.735609906095696,,43.90498359884999,-15.582315902177122,False,False,False,True,True,0.0,0.0,0.0,0.0,0.0,0,,,False,False,False,False,,,False,False,False,False,70982.0,137182.3342639387,False,False,False,False,402320.59215886635,False,False,False,False
2024-04-26 17:00:00+00:00,16.84,16.875,16.74,16.745,155062.0,,,,,,,,,,16.4553977160054,,,,,16.4553977160054,#000000,,16.73931214510812,,46.84330117730369,-12.527558365008943,False,False,False,False,True,0.0,0.0,0.0,0.0,0.0,0,,,False,False,False,False,,,False,False,False,False,226044.0,138560.03450790863,False,False,False,False,398487.12561376765,False,False,False,False
2024-04-29 17:00:00+00:00,17.125,17.155,17.0,17.025,364090.0,,,,,,,,,,16.50945461657266,,,,,16.50945461657266,"rgba(38, 166, 154, 1.0)",,16.760151719714603,,51.36385266271226,-8.00970607287146,True,False,True,False,True,0.9463060585283074,0.0,0.0,0.0,0.0,0,,,False,False,False,False,,,False,False,False,False,590134.0,145561.181259724,False,False,False,False,397953.83684456197,False,False,False,False
2024-04-30 17:00:00+00:00,16.935,16.98,16.875,16.89,250207.0,,,,,,,,,,16.53293011745891,,,,,16.53293011745891,"rgba(38, 166, 154, 1.0)",,16.768107681630514,,52.746186116524534,-6.392391098710561,True,False,True,False,True,0.0,0.0,0.0,0.0,0.0,0,,,False,False,False,False,,,False,False,False,False,339927.0,148574.60480608486,False,False,False,False,395663.1882113129,False,False,False,False
2024-05-01 17:00:00+00:00,17.025,17.1,16.895,16.91,427786.0,,,,,,,,,,16.572141161617065,,,,,16.572141161617065,"rgba(38, 166, 154, 1.0)",,16.782680863959087,,53.86532803160857,-4.869232113502406,True,False,True,False,True,0.0,0.0,0.0,0.0,0.0,0,,,False,False,False,False,,,False,False,False,False,767713.0,158173.6496928122,False,False,False,False,396161.21630106,False,False,False,False
2024-05-02 17:00:00+00:00,16.795,16.895,16.735,16.825,345303.0,,,,,,,,,,16.588824750890332,,,,,16.588824750890332,"rgba(38, 166, 154, 1.0)",,16.78696476769434,,53.49143233733076,-4.672564046524123,True,False,True,False,True,0.0,0.0,0.0,0.0,0.0,0,,,False,False,False,False,,,False,False,False,False,422410.0,162270.33729447404,False,False,False,False,395372.71682352416,False,False,False,False
2024-05-03 17:00:00+00:00,16.855,16.875,16.765,16.85,182512.0,,,,,,,,,,16.59716454698428,,,,,16.59716454698428,"rgba(38, 166, 154, 1.0)",,16.78922001434149,,53.54824888351721,-3.9297084923982197,True,False,True,False,True,0.0,0.0,0.0,0.0,0.0,0,,,False,False,False,False,,,False,False,False,False,604922.0,169133.1537705287,False,False,False,False,392072.55067122146,False,False,False,False
2024-05-06 17:00:00+00:00,16.955,16.995,16.91,16.985,290589.0,,,,,,,,,,16.616272578537806,,,,,16.616272578537806,"rgba(38, 166, 154, 1.0)",,16.79664164910384,,55.21692801946975,-1.6897140099230725,True,False,True,False,True,0.45954118852529646,0.0,0.0,0.0,0.0,0,,,False,False,False,False,,,False,False,False,False,895511.0,180394.82580509415,False,False,False,False,390499.1622887219,False,False,False,False
2024-05-07 17:00:00+00:00,17.035,17.125,17.01,17.085,555352.0,,,,,,,,,,16.657721367134485,,,,,16.657721367134485,"rgba(38, 166, 154, 1.0)",,16.815221321000738,,57.44660062674129,0.9588988395714964,True,False,True,False,True,1.9400676142195081,0.0,0.0,0.0,0.0,0,,,False,False,False,False,,,False,False,False,False,1450863.0,200092.006800364,False,False,False,False,393055.02023773396,False,False,False,False
2024-05-08 17:00:00+00:00,17.145,17.165,17.09,17.11,181980.0,,,,,,,,,,16.671110192132367,,,,,16.671110192132367,"rgba(38, 166, 154, 1.0)",,16.821583330113075,,59.21543406410817,3.0784787597112313,True,False,True,False,True,2.3083851123353405,0.0,0.0,0.0,0.0,0,,,False,False,False,False,,,False,False,False,False,1632843.0,222305.20049338162,False,False,False,False,389782.5393038156,False,False,False,False
2024-05-09 17:00:00+00:00,17.125,17.185,17.115,17.175,210061.0,,,,,,,,,,16.686817219242023,,,,,16.686817219242023,"rgba(38, 166, 154, 1.0)",,16.82930599182101,,61.152939554091084,5.2921896618463435,True,False,True,False,True,3.2677957612738524,0.0,0.0,0.0,0.0,0,,,False,False,False,False,,,False,False,False,False,1842904.0,247430.76327642996,False,False,False,False,386996.15884949284,False,False,False,False
2024-05-10 17:00:00+00:00,17.165,17.215,17.15,17.185,134024.0,,,,,,,,,,16.696824000548567,,,,,16.696824000548567,"rgba(38, 166, 154, 1.0)",,16.834344703392688,,62.56654670494191,6.9756375570792954,True,False,True,False,True,3.416114509976378,0.0,0.0,0.0,0.0,0,,,False,False,False,False,,,False,False,False,False,1976928.0,274244.673923307,False,False,False,False,383074.1098750821,False,False,False,False
2024-05-13 17:00:00+00:00,17.215,17.275,17.2,17.255,322598.0,,,,,,,,,,16.722109104939772,,,,,16.722109104939772,"rgba(38, 166, 154, 1.0)",,16.847600828594803,,64.38684481404636,9.010240297592347,True,False,True,False,True,4.457956547595906,0.0,0.0,0.0,0.0,0,,,False,False,False,False,,,False,False,False,False,2299526.0,305644.38440511614,False,False,False,False,382136.49576849164,False,False,False,False
2024-05-14 17:00:00+00:00,17.285,17.345,17.215,17.285,146384.0,,,,,,,,,,16.73361500523951,,,,,16.73361500523951,"rgba(38, 166, 154, 1.0)",,16.853806285344536,,65.9775930390889,10.794132844890314,True,False,True,False,True,4.90410187912061,0.0,0.0,0.0,0.0,0,,,False,False,False,False,,,False,False,False,False,2445910.0,338826.7970499981,False,False,False,False,378481.41831471655,False,False,False,False
2024-05-15 17:00:00+00:00,17.235,17.38,17.18,17.335,238930.0,,,,,,,,,,16.751952841681035,,,,,16.751952841681035,"rgba(38, 166, 154, 1.0)",,16.863866582295827,,67.67787927265498,12.655341229111194,True,False,True,False,True,5.650030489795178,0.0,0.0,0.0,0.0,0,,,False,False,False,False,,,False,False,False,False,2684840.0,375199.0947701531,False,False,False,False,376317.8304338682,False,False,False,False
2024-05-16 17:00:00+00:00,17.295,17.37,17.285,17.305,132494.0,,,,,,,,,,16.762000742995077,,,,,16.762000742995077,"rgba(38, 166, 154, 1.0)",,16.86947658338491,,67.85623684449699,13.119754741929832,True,False,True,False,True,5.127978182122714,0.0,0.0,0.0,0.0,0,,,False,False,False,False,,,False,False,False,False,2552346.0,408953.31035511196,False,False,False,False,372537.61600853695,False,False,False,False
2024-05-17 17:00:00+00:00,17.305,17.405,17.305,17.4,299563.0,,,,,,,,,,16.7853813402975,,,,,16.7853813402975,"rgba(38, 166, 154, 1.0)",,16.882866670771683,,69.30579297928801,14.79689034956948,True,False,True,False,True,6.5595031026926165,0.0,0.0,0.0,0.0,0,,,False,False,False,False,,,False,False,False,False,2851909.0,446828.5923651102,False,False,False,False,371406.22661305574,False,False,False,False
2024-05-20 17:00:00+00:00,17.425,17.56,17.42,17.53,525384.0,,,,,,,,,,16.83074328471923,,,,,16.83074328471923,"rgba(38, 166, 154, 1.0)",,17.028766721469886,,71.77320463285369,17.343567805590453,True,False,True,False,True,8.463001347863415,0.0,0.0,0.0,0.0,0,,,False,False,False,False,,,False,False,False,False,3377293.0,492262.1490726278,False,False,False,False,373793.4789136285,False,False,False,False
2024-05-21 17:00:00+00:00,17.295,17.335,17.26,17.29,263320.0,,,,,,,,,,16.844993519781017,,,,,16.844993519781017,"rgba(38, 166, 154, 0.75)",,17.021574602518886,,66.98058372475978,21.661567056170497,True,False,True,False,False,4.30775481514662,0.0,0.0,0.0,0.0,0,,,False,False,False,False,,,False,False,False,False,3113973.0,532908.8289319669,False,False,False,False,372080.7117986885,False,False,False,False
2024-05-22 17:00:00+00:00,17.485,17.51,17.395,17.505,346466.0,,,,,,,,,,16.869255723843047,,,,,16.869255723843047,"rgba(38, 166, 154, 0.75)",,17.03582953141897,,66.65966638658799,21.346363881213833,True,False,True,False,False,7.384897611208974,0.0,0.0,0.0,0.0,0,,,False,False,False,False,,,False,False,False,False,3460439.0,578296.8935996883,False,False,False,False,371683.58448398014,False,False,False,False
2024-05-23 17:00:00+00:00,17.41,17.48,17.335,17.475,356511.0,,,,,,,,,,16.89079408671104,,,,,16.89079408671104,"rgba(38, 166, 154, 0.75)",,17.04594080723345,,65.76812956994355,20.360169910906492,True,False,True,False,False,6.877443391971614,0.0,0.0,0.0,0.0,0,,,False,False,False,False,,,False,False,False,False,3103928.0,617453.9650167474,False,False,False,False,371448.3506160114,False,False,False,False
2024-05-24 17:00:00+00:00,17.445,17.51,17.425,17.505,200594.0,,,,,,,,,,16.903258561987062,,,,,16.903258561987062,"rgba(38, 166, 154, 0.75)",0.36885979660238055,17.0532489065502,1.224723045479457,65.57570395857459,19.942724668691653,True,False,True,False,False,7.302936973712946,0.0,0.0,0.0,0.0,0,,,False,False,False,False,,,False,False,False,False,3304522.0,659113.9345513715,False,False,False,False,368799.445955298,False,False,False,False
2024-05-27 17:00:00+00:00,17.505,17.505,17.505,17.505,0.0,,,,,,,,,,16.903258561987062,,,,,16.903258561987062,"rgba(38, 166, 154, 0.75)",0.3729648921960494,17.0532489065502,1.2112429424384994,65.44742021766196,19.508575909724243,True,False,True,False,False,7.302936973712946,0.0,0.0,0.0,0.0,0,,,False,False,False,False,,,False,False,False,False,3304522.0,700128.0130854588,False,False,False,False,363081.625087774,False,False,False,False
2024-05-28 17:00:00+00:00,17.295,17.295,17.195,17.28,174521.0,,,,,,,,,,16.909645498876454,,,,,16.909645498876454,"rgba(38, 166, 154, 0.75)",0.37373313936478714,17.05287374743125,0.6077230746911697,60.12139828801444,14.356956333803922,True,False,True,False,False,3.475187133821713,0.0,0.0,0.0,0.0,0,,,False,False,False,False,,,False,False,False,False,3130001.0,737800.4624949866,False,False,False,False,360158.2045437775,False,False,False,False
2024-05-29 17:00:00+00:00,17.195,17.23,17.11,17.14,315412.0,,,,,,,,,,16.917564013534324,,,,,16.917564013534324,"rgba(38, 166, 154, 0.5)",0.37360892739685775,17.067426941877148,0.19424872587630493,54.18908120379812,8.960066142563058,False,False,True,False,False,1.2243635224991358,0.0,0.0,0.0,0.0,0,,,False,False,False,False,,,False,False,False,False,2814589.0,769998.7343942891,False,False,False,False,359464.46493844764,False,False,False,False
2024-05-30 17:00:00+00:00,17.475,17.64,17.475,17.615,346573.0,,,,,,,,,,16.939701116194843,,,,,16.939701116194843,"rgba(38, 166, 154, 1.0)",0.379410792610792,17.117894973836414,1.3102026506492288,57.066340140792775,8.960066142563058,True,False,True,False,True,7.888523223669463,0.0,0.0,0.0,0.0,0,,,False,False,False,False,,,False,False,False,False,3161162.0,807071.0330858504,False,False,False,False,359264.5972649833,False,False,False,False
2024-05-31 17:00:00+00:00,17.89,18.27,17.885,18.235,919210.0,,,,,,,,,,17.037061743186204,,,,,17.037061743186204,"rgba(38, 166, 154, 1.0)",0.4032253187210067,17.267854562630323,2.3985235858635376,63.234092796753934,7.333876457698409,True,False,True,False,True,15.095659389836502,0.0,0.0,0.0,0.0,0,,,False,False,False,False,,,False,False,False,False,4080372.0,857819.8852860698,False,False,False,False,367945.92133839434,False,False,False,False
2024-06-03 17:00:00+00:00,18.085,18.105,17.96,18.005,334560.0,,,,,,,,,,17.06557472741311,,,,,17.06557472741311,"rgba(38, 166, 154, 1.0)",0.41735843475729917,17.2936930303169,1.7043071624914858,64.19240429826507,7.990975579332712,True,False,True,False,True,11.576211180963185,0.0,0.0,0.0,0.0,0,,,False,False,False,False,,,False,False,False,False,3745812.0,902594.9568320222,False,False,False,False,367428.3101548534,False,False,False,False
2024-06-04 17:00:00+00:00,18.215,18.37,18.215,18.355,254916.0,,,,,,,,,,17.092467596380867,,,,,17.092467596380867,"rgba(38, 166, 154, 1.0)",0.4420864026266664,17.46428823758318,2.014791129346292,66.82512891480208,10.415708959852132,True,False,True,False,True,15.20333047126337,0.0,0.0,0.0,0.0,0,,,False,False,False,False,,,False,False,False,False,4000728.0,950628.027268735,False,False,False,False,365683.93325322773,False,False,False,False
2024-06-05 17:00:00+00:00,18.235,18.31,18.16,18.305,377852.0,,,,,,,,,,17.128560540080752,,,,,17.128560540080752,"rgba(38, 166, 154, 1.0)",0.46334373246480187,17.489199905206203,1.7606801120500097,67.91746084229563,11.522070101743068,True,False,True,False,True,14.457564417809436,0.0,0.0,0.0,0.0,0,,,False,False,False,False,,,False,False,False,False,3622876.0,992058.2283963514,False,False,False,False,365872.5854508521,False,False,False,False
2024-06-06 17:00:00+00:00,18.305,18.36,18.25,18.27,142095.0,,,,,,,,,,17.141964871740818,,,,,17.141964871740818,"rgba(38, 166, 154, 1.0)",0.4779563005393115,17.500226211432977,1.6105526544967241,68.14890118580904,11.995160737741571,True,False,True,False,True,13.93237989750775,0.0,0.0,0.0,0.0,0,,,False,False,False,False,,,False,False,False,False,3480781.0,1030643.077568501,False,False,False,False,362403.1655213815,False,False,False,False
2024-06-07 17:00:00+00:00,18.115,18.2,18.075,18.115,323262.0,,,,,,,,,,17.16717229109841,,,,,17.16717229109841,"rgba(38, 166, 154, 1.0)",0.4895541085776164,17.51051971689299,1.234756837938316,66.11278401706625,11.995160737741571,True,False,True,False,True,11.63400527175968,0.0,0.0,0.0,0.0,0,,,False,False,False,False,,,False,False,False,False,3157519.0,1063617.898071315,False,False,False,False,361796.32574585616,False,False,False,False
2024-06-10 17:00:00+00:00,17.785,17.92,17.745,17.875,371033.0,,,,,,,,,,17.186503766335964,,,,,17.186503766335964,"rgba(38, 166, 154, 0.75)",0.4919743273167189,17.503279577771753,0.7555687392381838,61.79854421638229,17.822048485413248,True,False,True,False,False,8.2352367234055,0.0,0.0,0.0,0.0,0,,,False,False,False,False,,,False,False,False,False,2786486.0,1090329.0314345502,False,False,False,False,361939.5299978584,False,False,False,False
2024-06-11 17:00:00+00:00,17.805,17.88,17.76,17.865,298902.0,,,,,,,,,,17.20103363312544,,,,,17.20103363312544,"rgba(38, 166, 154, 0.75)",0.4966767760020787,17.501133555785284,0.7326020901230778,58.80439088353367,14.929223376977774,True,False,True,False,False,8.096631594949091,0.0,0.0,0.0,0.0,0,,,False,False,False,False,,,False,False,False,False,2487584.0,1111991.899164247,False,False,False,False,360962.20395138,False,False,False,False
2024-06-12 17:00:00+00:00,17.645,17.695,17.565,17.605,404370.0,,,,,,,,,,17.213408462027893,,,,,17.213408462027893,"rgba(38, 166, 154, 0.5)",0.49821769727085474,17.487973721068354,0.23488984749577396,53.93874887777835,10.370002335684632,False,False,True,False,False,4.580803186529554,0.0,0.0,0.0,0.0,0,,,False,False,False,False,,,False,False,False,False,2083214.0,1127049.6061539487,False,False,False,False,361635.1930374051,False,False,False,False
2024-06-13 17:00:00+00:00,17.585,17.68,17.565,17.645,357299.0,,,,,,,,,,17.223963357281526,,,,,17.223963357281526,#000000,0.4997965802420227,17.480753418205573,0.32862686198231117,51.20523329051648,7.848697586088491,False,False,False,False,False,5.045447686410903,0.0,0.0,0.0,0.0,0,,,False,False,False,False,,,False,False,False,False,2440513.0,1147413.3797019497,False,False,False,False,361567.96523837553,False,False,False,False
2024-06-14 17:00:00+00:00,17.545,17.655,17.51,17.64,118305.0,,,,,,,,,,17.227105583407265,,,,,17.227105583407265,#000000,0.5017090880271236,17.493853115255497,0.29129806143077536,49.32429294842085,6.025927642485605,False,True,False,False,False,4.9781368552324246,0.0,0.0,0.0,0.0,0,,,False,False,False,False,,,False,False,False,False,2322208.0,1165627.24978409,False,False,False,False,357796.4463974705,False,False,False,False
2024-06-17 17:00:00+00:00,17.635,17.7,17.585,17.685,310590.0,,,,,,,,,,17.236287062526355,,,,,17.236287062526355,"rgba(239, 83, 80, 1.0)",0.5022586372963013,17.496413553083823,0.37547676219437864,48.75001761228906,5.278243507239765,False,True,False,True,False,5.514745177378121,0.0,0.0,0.0,0.0,0,,,False,False,False,False,,,False,False,False,False,2632798.0,1188374.0831207708,False,False,False,False,357064.5635075872,False,False,False,False
2024-06-18 17:00:00+00:00,18.035,18.07,17.975,18.07,306330.0,,,,,,,,,,17.252845869453594,,,,,17.252845869453594,"rgba(38, 166, 154, 0.5)",0.5115836127093902,17.52789094084696,1.0596685384076046,52.995486729427505,5.278243507239765,False,True,True,False,True,9.872006243980469,0.0,0.0,0.0,0.0,0,,,False,False,False,False,,,False,False,False,False,2939128.0,1215517.5547002936,False,False,False,False,356277.9811276246,False,False,False,False
2024-06-19 17:00:00+00:00,18.07,18.07,18.07,18.07,0.0,,,,,,,,,,17.252845869453594,,,,,17.252845869453594,"rgba(38, 166, 154, 0.5)",0.5204712608140164,17.52789094084696,1.0415734738267461,55.82579947418647,-0.8082266506146283,False,False,True,False,True,9.872006243980469,0.0,0.0,0.0,0.0,0,,,False,False,False,False,,,False,False,False,False,2939128.0,1242240.1972630797,False,False,False,False,350754.2914977389,False,False,False,False
2024-06-20 17:00:00+00:00,18.105,18.16,18.055,18.12,324293.0,,,,,,,,,,17.271215074674135,,,,,17.271215074674135,"rgba(38, 166, 154, 0.5)",0.5295215671623664,17.552565704717683,1.0715980811190011,58.24849217645402,1.603404875782978,False,False,True,False,True,10.419625373417134,0.0,0.0,0.0,0.0,0,,,False,False,False,False,,,False,False,False,False,3263421.0,1273576.333739621,False,False,False,False,350344.03891637863,False,False,False,False
2024-06-21 17:00:00+00:00,18.275,18.46,18.25,18.42,404966.0,,,,,,,,,,17.29997321981089,,,,,17.29997321981089,"rgba(38, 166, 154, 1.0)",0.5460252196927711,17.59396730145513,1.5128105236781013,62.56764019035648,5.749362427765256,True,False,True,False,True,13.581435228186155,0.0,0.0,0.0,0.0,0,,,False,False,False,False,,,False,False,False,False,3668387.0,1310705.1812785415,False,False,False,False,351190.89102620224,False,False,False,False
2024-06-24 17:00:00+00:00,18.695,18.695,18.62,18.645,474052.0,,,,,,,,,,17.339968964939764,,,,,17.339968964939764,"rgba(38, 166, 154, 1.0)",0.5683168209801704,17.650508776456537,1.7498887712460693,66.94862928520368,9.854141828002476,True,False,True,False,True,15.799605976023042,0.0,0.0,0.0,0.0,0,,,False,False,False,False,,,False,False,False,False,4142439.0,1354608.0311811997,False,False,False,False,353095.7144211448,False,False,False,False
2024-06-25 17:00:00+00:00,18.645,18.725,18.62,18.71,787811.0,,,,,,,,,,17.402935024062817,,,,,17.402935024062817,"rgba(38, 166, 154, 1.0)",0.5911117407817984,17.724440631658894,1.667297907224134,70.26103098039799,12.942308647415018,True,False,True,False,True,16.423233773891702,0.0,0.0,0.0,0.0,0,,,False,False,False,False,,,False,False,False,False,4930250.0,1410044.3407752896,False,False,False,False,359835.48629058443,False,False,False,False
2024-06-26 17:00:00+00:00,18.7,18.805,18.675,18.765,375947.0,,,,,,,,,,17.43233414945508,,,,,17.43233414945508,"rgba(38, 166, 154, 1.0)",0.6140699185474425,17.756152083595452,1.642887700460783,72.80853954986071,15.384304932750453,True,False,True,False,True,16.951213529139753,0.0,0.0,0.0,0.0,0,,,False,False,False,False,,,False,False,False,False,5306197.0,1470449.8083601687,False,False,False,False,360085.27720080793,False,False,False,False
2024-06-27 17:00:00+00:00,18.695,18.76,18.625,18.755,361645.0,,,,,,,,,,17.458706803704196,,,,,17.458706803704196,"rgba(38, 166, 154, 1.0)",0.6341877830297126,17.782325230533502,1.5337330606082111,74.27509477798813,16.93364616090807,True,False,True,False,True,16.797704143939935,0.0,0.0,0.0,0.0,0,,,False,False,False,False,,,False,False,False,False,4944552.0,1524311.8578429567,False,False,False,False,360109.45894963265,False,False,False,False
2024-06-28 17:00:00+00:00,19.085,19.13,18.99,19.115,281249.0,,,,,,,,,,17.48422970611744,,,,,17.48422970611744,"rgba(38, 166, 154, 1.0)",0.6645373788794164,17.952458161890245,1.7494002219560656,77.269972326301,19.975676939092182,True,False,True,False,True,20.0,0.0,0.0,0.0,0.0,0,,,False,False,False,False,,,False,False,False,False,5225801.0,1581699.286403531,False,False,False,False,358886.8161752197,False,False,False,False
2024-07-01 17:00:00+00:00,18.895,18.99,18.86,18.975,314088.0,,,,,,,,,,17.50943483126388,,,,,17.50943483126388,"rgba(38, 166, 154, 1.0)",0.6891746598009161,17.967765011724442,1.4615090296072732,76.37820182302256,19.975676939092182,True,False,True,False,True,18.027716665915392,0.0,0.0,0.0,0.0,0,,,False,False,False,False,,,False,False,False,False,4911713.0,1633327.4059941738,False,False,False,False,358192.26088568143,False,False,False,False
2024-07-02 17:00:00+00:00,18.695,18.835,18.68,18.82,281193.0,,,,,,,,,,17.52878151406767,,,,,17.52878151406767,"rgba(38, 166, 154, 0.75)",0.7074494219975596,17.975310631120678,1.1939925917166645,72.93040546506884,19.975676939092182,True,False,True,False,False,15.730050970551979,0.0,0.0,0.0,0.0,0,,,False,False,False,False,,,False,False,False,False,4630520.0,1679795.5082268221,False,False,False,False,356998.4738952057,False,False,False,False
2024-07-03 17:00:00+00:00,18.675,18.675,18.675,18.675,0.0,,,,,,,,,,17.52878151406767,,,,,17.52878151406767,"rgba(38, 166, 154, 0.75)",0.7212801307585168,17.975310631120678,0.970066052067054,68.26004420520748,25.36749257743135,True,False,True,False,False,13.640199449272064,0.0,0.0,0.0,0.0,0,,,False,False,False,False,,,False,False,False,False,4630520.0,1725543.174765941,False,False,False,False,351463.6138348149,False,False,False,False
2024-07-04 17:00:00+00:00,18.675,18.675,18.675,18.675,0.0,,,,,,,,,,17.52878151406767,,,,,17.52878151406767,"rgba(38, 166, 154, 0.75)",0.7341158008168773,17.975310631120678,0.953104902660797,65.14647003196656,22.36583017229148,True,False,True,False,False,13.640199449272064,0.0,0.0,0.0,0.0,0,,,False,False,False,False,,,False,False,False,False,4630520.0,1770581.5751571667,False,False,False,False,346014.5655583062,False,False,False,False
2024-07-05 17:00:00+00:00,18.745,18.805,18.725,18.765,241730.0,,,,,,,,,,17.54477508939789,,,,,17.54477508939789,"rgba(38, 166, 154, 0.5)",0.7468270238841116,17.983810524944293,1.046011258394057,64.13941358172652,21.242328493047125,False,False,True,False,False,14.540221570500798,0.0,0.0,0.0,0.0,0,,,False,False,False,False,,,False,False,False,False,4872250.0,1818669.4577128694,False,False,False,False,344397.75058840995,False,False,False,False
2024-07-08 17:00:00+00:00,18.745,18.855,18.72,18.805,225705.0,,,,,,,,,,17.559677447313884,,,,,17.559677447313884,"rgba(38, 166, 154, 0.5)",0.7605884694233902,17.99360005339506,1.0668054792101576,63.942172013449486,20.706169538582216,False,False,True,False,False,14.939750089841514,0.0,0.0,0.0,0.0,0,,,False,False,False,False,,,False,False,False,False,5097955.0,1869511.0940273984,False,False,False,False,342557.5529048687,False,False,False,False
2024-07-09 17:00:00+00:00,18.93,18.985,18.77,18.805,384942.0,,,,,,,,,,17.585486210405932,,,,,17.585486210405932,"rgba(38, 166, 154, 0.5)",0.7739142525307734,18.01363473313019,1.0225490282443703,63.81067763459813,20.100357569450438,False,False,True,False,False,14.939750089841514,0.0,0.0,0.0,0.0,0,,,False,False,False,False,,,False,False,False,False,5097955.0,1919564.4879184465,False,False,False,False,343214.6761156459,False,False,False,False
2024-07-10 17:00:00+00:00,18.715,18.745,18.65,18.74,408678.0,,,,,,,,,,17.608844438458,,,,,17.608844438458,"rgba(38, 166, 154, 0.5)",0.7862038167303925,18.02653739502503,0.9074779208552616,62.20423614892688,18.099409777172752,False,False,True,False,False,13.945249135176756,0.0,0.0,0.0,0.0,0,,,False,False,False,False,,,False,False,False,False,4689277.0,1962505.767175525,False,False,False,False,344229.6113696669,False,False,False,False
2024-07-11 17:00:00+00:00,18.79,18.875,18.755,18.865,240913.0,,,,,,,,,,17.62361497939334,,,,,17.62361497939334,"rgba(38, 166, 154, 0.5)",0.800588370349416,18.037621756651586,1.0334627306505895,62.96893653859247,18.099409777172752,False,False,True,False,False,15.241893673960355,0.0,0.0,0.0,0.0,0,,,False,False,False,False,,,False,False,False,False,4930190.0,2008516.3754363696,False,False,False,False,342627.80344145495,False,False,False,False
2024-07-12 17:00:00+00:00,18.795,18.85,18.75,18.815,401411.0,,,,,,,,,,17.646922692372502,,,,,17.646922692372502,"rgba(38, 166, 154, 0.5)",0.8133296983377609,18.054097929131817,0.935539514201036,62.25356707468016,17.325557196361203,False,False,True,False,False,14.466369744553926,0.0,0.0,0.0,0.0,0,,,False,False,False,False,,,False,False,False,False,4528779.0,2047590.214576891,False,False,False,False,343539.1708299595,False,False,False,False
2024-07-15 17:00:00+00:00,18.615,18.67,18.55,18.595,202372.0,,,,,,,,,,17.656358336447518,,,,,17.656358336447518,"rgba(38, 166, 154, 0.5)",0.8215090322632398,18.057918689083994,0.6537740789487818,57.31594395856025,12.415544745915035,False,True,True,False,False,11.142595217662887,0.0,0.0,0.0,0.0,0,,,False,False,False,False,,,False,False,False,False,4326407.0,2082920.7073741483,False,False,False,False,341350.53252251825,False,False,False,False
2024-07-16 17:00:00+00:00,18.77,18.86,18.72,18.855,275408.0,,,,,,,,,,17.671637968917892,,,,,17.671637968917892,"rgba(38, 166, 154, 0.5)",0.8340673272022474,18.068862230300933,0.9425351456171379,57.98927090933836,12.415544745915035,False,True,True,False,False,13.880848684781498,0.0,0.0,0.0,0.0,0,,,False,False,False,False,,,False,False,False,False,4601815.0,2121973.332066022,False,False,False,False,340328.16767720785,False,False,False,False
2024-07-17 17:00:00+00:00,19.125,19.165,19.065,19.145,421799.0,,,,,,,,,,17.70049215595608,,,,,17.70049215595608,"rgba(38, 166, 154, 0.5)",0.8524184566427568,18.09703656649786,1.2294002145724714,61.436136885121215,12.415544745915035,False,True,True,False,True,16.724940931405065,0.0,0.0,0.0,0.0,0,,,False,False,False,False,,,False,False,False,False,5023614.0,2166960.009088254,False,False,False,False,341591.28135663096,False,False,False,False
2024-07-18 17:00:00+00:00,19.17,19.265,19.085,19.14,497626.0,,,,,,,,,,17.73397133362155,,,,,17.73397133362155,"rgba(38, 166, 154, 0.5)",0.869741869130671,18.12906669952632,1.162337167330043,63.63675176198845,8.52439199264613,False,False,True,False,True,16.649909309638435,0.0,0.0,0.0,0.0,0,,,False,False,False,False,,,False,False,False,False,4525988.0,2203534.0864667306,False,False,False,False,344010.42428133433,False,False,False,False
2024-07-19 17:00:00+00:00,19.115,19.2,19.06,19.11,437658.0,,,,,,,,,,17.76138518085348,,,,,17.76138518085348,"rgba(38, 166, 154, 0.5)",0.8851278627030827,18.153552004793724,1.0805760789016277,64.46821475443636,9.437250927810311,False,False,True,False,True,16.193195125337144,0.0,0.0,0.0,0.0,0,,,False,False,False,False,,,False,False,False,False,4088330.0,2232755.7285370138,False,False,False,False,345462.3246800733,False,False,False,False
2024-07-22 17:00:00+00:00,18.555,18.685,18.5,18.56,335217.0,,,,,,,,,,17.773597392689187,,,,,17.773597392689187,"rgba(38, 166, 154, 0.5)",0.8894419598827086,18.156997657248873,0.4530957172340624,56.947866887793026,12.47753354467995,False,True,True,False,False,8.416750443711429,0.0,0.0,0.0,0.0,0,,,False,False,False,False,,,False,False,False,False,3753113.0,2256327.159102331,False,False,False,False,345303.48243697133,False,False,False,False
2024-07-23 17:00:00+00:00,18.445,18.57,18.14,18.22,1308512.0,,,,,,,,,18.31,17.803057979033827,,,,,18.056528989516913,"rgba(239, 83, 80, 1.0)",0.8866513427518155,18.163548999052548,0.06366764276502354,49.09821703770163,5.510831824689177,False,True,False,True,False,4.158731096448211,0.0,0.0,0.0,0.0,0,,,False,False,False,False,,,False,False,False,False,2444601.0,2259246.1333798137,False,False,False,False,360236.94782554545,False,False,False,False
2024-07-24 17:00:00+00:00,19.195,19.205,19.065,19.16,523133.0,,,,,,,,,18.548006909999845,17.8318549007673,,,,,18.189930905383573,#000000,0.8941273615871133,18.21104327073458,1.0613216528582472,52.45790662470272,5.510831824689177,False,True,False,False,True,13.07607829921049,0.0,0.0,0.0,0.0,0,,,False,False,False,False,,,False,False,False,False,2967734.0,2270230.441389429,False,False,False,False,362762.46801429667,False,False,False,False
2024-07-25 17:00:00+00:00,19.275,19.325,19.1,19.195,1307617.0,,,,,,,,,18.82236269649788,17.90192687954085,,,,,18.362144788019364,"rgba(38, 166, 154, 0.5)",0.8957669571051584,18.295599749642513,1.0040560697439331,54.91480110624687,5.510831824689177,False,True,True,False,True,13.370825581857577,0.0,0.0,0.0,0.0,0,,,False,False,False,False,,,False,False,False,False,4275351.0,2301317.5818330036,False,False,False,False,377411.3754869432,False,False,False,False
2024-07-26 17:00:00+00:00,18.995,19.085,18.975,19.005,297127.0,,,,,,,,,18.839595492535913,17.914746611869774,,,,,18.377171052202844,"rgba(38, 166, 154, 0.5)",0.889773343949793,18.306245861429414,0.7853170060914004,54.782098474810205,5.510831824689177,False,True,True,False,True,11.100661102621753,0.0,0.0,0.0,0.0,0,,,False,False,False,False,,,False,False,False,False,3978224.0,2327316.1309518716,False,False,False,False,376166.65648714564,False,False,False,False
2024-07-29 17:00:00+00:00,18.875,18.99,18.85,18.895,291769.0,,,,,,,,,18.84523584747928,17.925829780471087,,,,,18.385532813975182,"rgba(38, 166, 154, 0.5)",0.8787253411761937,18.313680476597764,0.6615486047370918,53.70022589057079,5.510831824689177,False,True,True,False,True,9.813518980083966,0.0,0.0,0.0,0.0,0,,,False,False,False,False,,,False,False,False,False,3686455.0,2348388.0514022303,False,False,False,False,374858.1656888953,False,False,False,False
2024-07-30 17:00:00+00:00,18.975,19.04,18.935,18.975,412242.0,,,,,,,,,18.858985626187483,17.942183996256087,,,,,18.400584811221783,"rgba(38, 166, 154, 0.5)",0.8633250356135339,18.325916039547145,0.7518419293743468,53.670583129855984,5.510831824689177,False,True,True,False,True,10.52876790410938,0.0,0.0,0.0,0.0,0,,,False,False,False,False,,,False,False,False,False,4098697.0,2375524.6242487077,False,False,False,False,375437.7600193,False,False,False,False
2024-07-31 17:00:00+00:00,19.215,19.32,19.21,19.245,385522.0,,,,,,,,,18.893002413651846,17.96094750134701,,,,,18.42697495749943,"rgba(38, 166, 154, 0.5)",0.8514986629308146,18.344200488327427,1.057898915040064,55.81289190357049,-0.6139612324950932,False,True,True,False,True,12.87626433538778,0.0,0.0,0.0,0.0,0,,,False,False,False,False,,,False,False,False,False,4484219.0,2408217.560306867,False,False,False,False,375594.10482520226,False,False,False,False
2024-08-01 17:00:00+00:00,19.495,19.625,19.425,19.475,672952.0,,,,,,,,,18.972652001824496,17.998519738379926,,,,,18.485585870102213,"rgba(38, 166, 154, 0.5)",0.8488077329805374,18.48668344660509,1.1643585643647418,58.81277111219843,2.551513029252689,False,True,True,False,True,14.78217283875679,0.0,0.0,0.0,0.0,0,,,False,False,False,False,,,False,False,False,False,5157171.0,2450836.993480404,False,False,False,False,380204.3047503929,False,False,False,False
2024-08-02 17:00:00+00:00,19.34,19.41,19.28,19.37,509964.0,,,,,,,,,19.006657831827305,18.022998244736566,,,,,18.514828038281934,"rgba(38, 166, 154, 0.5)",0.8461247804810679,18.501429262481178,1.026527951379693,59.57660684624204,3.59539634720646,False,False,True,False,True,13.517124360393098,0.0,0.0,0.0,0.0,0,,,False,False,False,False,,,False,False,False,False,4647207.0,2484889.2416434987,False,False,False,False,382216.08297131705,False,False,False,False
2024-08-05 17:00:00+00:00,19.015,19.04,18.82,18.92,560349.0,,,,,,,,,18.99950810580915,18.04058946685009,,,,,18.520048786329617,"rgba(38, 166, 154, 0.5)",0.8275929604026965,18.53080279651524,0.47027611652881157,55.68196700810312,3.59539634720646,False,True,True,False,False,8.379375919571618,0.0,0.0,0.0,0.0,0,,,False,False,False,False,,,False,False,False,False,4086858.0,2509725.9665792584,False,False,False,False,384977.8336229245,False,False,False,False
2024-08-06 17:00:00+00:00,19.195,19.25,19.11,19.16,510916.0,,,,,,,,,19.012606740143426,18.060344091150423,,,,,18.536475415646926,"rgba(38, 166, 154, 0.5)",0.8169555767692666,18.55147567105345,0.7448683211797414,55.0800593742149,3.59539634720646,False,True,True,False,False,10.419331577961884,0.0,0.0,0.0,0.0,0,,,False,False,False,False,,,False,False,False,False,4597774.0,2542098.804306712,False,False,False,False,386930.36333419697,False,False,False,False
2024-08-07 17:00:00+00:00,19.425,19.47,19.24,19.255,386201.0,,,,,,,,,19.02926236243955,18.07675525546008,,,,,18.553008808949812,"rgba(38, 166, 154, 0.5)",0.8138128035852408,18.570318730269964,0.8413252614282811,55.42673351006947,3.59539634720646,False,True,True,False,False,11.208305156197731,0.0,0.0,0.0,0.0,0,,,False,False,False,False,0.30710910222446297,0.30710910222446297,False,False,False,False,4983975.0,2579957.3499763752,False,False,False,False,386919.05537552724,False,False,False,False
2024-08-08 17:00:00+00:00,19.375,19.405,19.33,19.385,424776.0,,,,,,,,,19.04851562952834,18.09504836287245,,,,,18.571781996200393,"rgba(38, 166, 154, 0.5)",0.8063290913786962,18.589877559008844,0.9861016419879169,56.676953616057546,3.59539634720646,False,True,True,False,False,12.27827512454078,0.0,0.0,0.0,0.0,0,0.8544370396352149,0.7888460189407228,False,False,False,False,0.30970878894765924,0.30840894558606113,False,False,False,False,5408751.0,2623814.6158682145,False,False,False,False,387505.98474955006,False,False,False,False
2024-08-09 17:00:00+00:00,19.545,19.595,19.48,19.48,501613.0,,,,,,,,,19.07763654982752,18.118372918484496,,,,,18.598004734156007,"rgba(38, 166, 154, 0.5)",0.8032582971198504,18.61698440151904,1.0743936310093205,58.24765178306966,3.59539634720646,False,True,True,False,True,13.053060614431988,0.0,0.0,0.0,0.0,0,0.8642430628731992,0.782929399367756,False,False,False,False,0.3428282332386224,0.3256185894123418,False,False,False,False,5910364.0,2674768.8698857613,False,False,False,False,389275.085761185,False,False,False,False
2024-08-12 17:00:00+00:00,19.32,19.435,19.3,19.425,520060.0,,,,,,,,,19.096296576715947,18.139561853955698,,,,,18.61792921533582,"rgba(38, 166, 154, 0.5)",0.8037184527876295,18.63494831640611,0.9829955761917166,58.5973272261033,4.013935650273368,False,False,True,False,True,12.415145082029298,0.0,0.0,0.0,0.0,1,0.8578448578448572,0.7899262899262903,False,False,False,False,0.30723536976237625,0.316426979587359,False,False,False,False,5390304.0,2716870.189732494,False,False,False,False,391302.7588501589,False,False,False,False
2024-08-13 17:00:00+00:00,19.445,19.56,19.39,19.525,361552.0,,,,,,,,,19.112225035439142,18.15508579005465,,,,,18.633655412746897,"rgba(38, 166, 154, 0.5)",0.8019591270391719,18.64972230108906,1.0914243250057623,59.71469853623252,5.403833465318748,False,False,True,False,True,13.245188397843947,0.0,0.0,0.0,0.0,0,0.8578224101479909,0.7921071176885134,False,False,False,False,0.329649545504712,0.3230382625460355,False,False,False,False,5751856.0,2763924.2333025327,False,False,False,False,390841.5067749626,False,False,False,False
2024-08-14 17:00:00+00:00,19.615,19.66,19.565,19.6,266443.0,,,,,,,,,19.126529568277373,18.16727864750415,,,,,18.646904107890762,"rgba(38, 166, 154, 0.5)",0.8007040651826297,18.662499838155536,1.170844763515262,61.1207230092042,7.0161070569761605,False,False,True,False,True,13.865702449937533,0.0,0.0,0.0,0.0,0,0.868843777581641,0.7834068843777586,False,False,False,False,0.3428282336832011,0.33293324811461833,False,False,False,False,6018299.0,2814379.656042028,False,False,False,False,388912.84775519575,False,False,False,False
2024-08-15 17:00:00+00:00,19.045,19.13,18.97,19.085,751280.0,,,,,,,,,19.121652660334153,18.187948379111166,,,,,18.65480051972266,"rgba(38, 166, 154, 0.5)",0.7868272301401867,18.6652769624826,0.5334373563083465,55.94042921104448,10.266890469040504,False,True,True,False,False,8.02066978493503,0.0,0.0,0.0,0.0,0,0.8625453289587284,0.786565360041444,False,False,False,False,0.23005565164394698,0.2814944498792826,False,False,False,False,5267019.0,2852405.072227423,False,False,False,False,394530.9431388361,False,False,False,False
2024-08-16 17:00:00+00:00,19.255,19.36,19.245,19.35,366920.0,,,,,,,,,19.128619204865206,18.200564631448934,,,,,18.664591918157072,"rgba(38, 166, 154, 0.5)",0.7761319951360476,18.673791410492864,0.8712546238846978,55.07181830325713,9.454063197403556,False,True,True,False,False,10.25661289648567,0.0,0.0,0.0,0.0,0,0.8699172984148857,0.78566505858029,False,False,False,False,0.2798099376231973,0.28065219375123995,False,False,False,False,5633939.0,2895529.6292471527,False,False,False,False,394102.86650102475,False,False,False,False
2024-08-19 17:00:00+00:00,19.445,19.51,19.425,19.48,400397.0,,,,,,,,,19.141385332781255,18.215859522155228,,,,,18.67862242746824,"rgba(38, 166, 154, 0.5)",0.7696670626883905,18.686842123825397,1.0305207467293218,55.62685244902655,9.454063197403556,False,True,True,False,False,11.320730010988544,0.0,0.0,0.0,0.0,0,0.8724428399518647,0.7802991232594126,False,False,False,False,0.31305305132564193,0.2968526225384409,False,False,False,False,6034336.0,2944193.2939099874,False,False,False,False,394200.44996612513,False,False,False,False
2024-08-20 17:00:00+00:00,19.495,19.515,19.44,19.49,300910.0,,,,,,,,,19.15064317142778,18.22720361168038,,,,,18.68892339155408,"rgba(38, 166, 154, 0.5)",0.7643337321183995,18.69640768586672,1.0382798518309357,56.087293125640095,9.454063197403556,False,True,True,False,False,11.402777016719067,0.0,0.0,0.0,0.0,0,0.8803344365093183,0.7770423271207112,False,False,False,False,0.3150888018229556,0.30597071218069827,False,False,False,False,6335246.0,2996767.7544695223,False,False,False,False,392754.0864007588,False,False,False,False
2024-08-21 17:00:00+00:00,19.505,19.555,19.46,19.555,402719.0,,,,,,,,,19.16373658063489,18.242565269659934,,,,,18.703150925147412,"rgba(38, 166, 154, 0.5)",0.7594245687859082,18.709708793965294,1.1130680264744028,57.02248561350882,9.454063197403556,False,True,True,False,True,11.94166000645977,0.0,0.0,0.0,0.0,0,0.8789206237953384,0.7827229717890315,False,False,False,False,0.32121133013923236,0.3135910211599653,False,False,False,False,6737965.0,3054770.8125397624,False,False,False,False,392908.58118524315,False,False,False,False
2024-08-22 17:00:00+00:00,19.425,19.52,19.4,19.52,411216.0,,,,,,,,,19.174689123777426,18.25736165114851,,,,,18.71602538746297,"rgba(38, 166, 154, 0.5)",0.7539748245372804,18.721579262861592,1.058948801942298,57.138113614693566,9.454063197403556,False,True,True,False,True,11.538761543654825,0.0,0.0,0.0,0.0,0,0.8830368152193053,0.7803417297868598,False,False,False,False,0.31152788687669275,0.312559454018329,False,False,False,False,6326749.0,3105499.156531394,False,False,False,False,393192.4171358595,False,False,False,False
2024-08-23 17:00:00+00:00,19.635,19.77,19.63,19.72,300811.0,,,,,,,,,19.187832834948704,18.269928734231055,,,,,18.72888078458988,"rgba(38, 166, 154, 0.5)",0.7513501780728321,18.733885664881814,1.3124563803891127,59.24140865465171,9.454063197403556,False,False,True,False,True,13.2084395284603,0.0,0.0,0.0,0.0,0,0.8846221595913328,0.7819270741588872,False,False,False,False,0.3428282341788478,0.32769384409858837,False,False,False,False,6627560.0,3160104.7510037753,False,False,False,False,391760.14710274537,False,False,False,False
2024-08-26 17:00:00+00:00,19.82,19.85,19.705,19.765,362428.0,,,,,,,,,19.204758296670445,18.285472811297804,,,,,18.745115553984125,"rgba(38, 166, 154, 0.5)",0.7498227598380549,18.74946903042743,1.3543613557314558,61.06803941866696,7.534192423586738,False,False,True,False,True,13.57945692385422,0.0,0.0,0.0,0.0,0,0.8792159632703508,0.7828006357054569,False,False,False,False,0.3428282345984685,0.33526103934852847,False,False,False,False,6989988.0,3219482.7858719337,False,False,False,False,391305.38513216015,False,False,False,False
2024-08-27 17:00:00+00:00,19.625,19.675,19.595,19.645,653179.0,,,,,,,,,19.226228278105147,18.310220492513515,,,,,18.76822438530933,"rgba(38, 166, 154, 0.5)",0.7450752728162089,18.771188116587563,1.1727833620214418,60.24452793725419,7.534192423586738,False,False,True,False,True,12.155481569352851,0.0,0.0,0.0,0.0,0,0.8753306295186026,0.7861047434314941,False,False,False,False,0.314842540215415,0.32505178978197174,False,False,False,False,6336809.0,3267813.424850663,False,False,False,False,395365.4411766228,False,False,False,False
2024-08-28 17:00:00+00:00,19.775,19.83,19.73,19.83,368952.0,,,,,,,,,19.241749754048065,18.325422602431615,,,,,18.78358617823984,"rgba(38, 166, 154, 1.0)",0.7438917447639232,18.785844657309582,1.403638835946194,61.6410162531929,8.231514383147214,True,False,True,False,True,13.705564437194642,0.0,0.0,0.0,0.0,0,0.877199155524278,0.7823715693173826,False,False,False,False,0.342828234611715,0.3339400121968434,False,False,False,False,6705761.0,3321114.937643676,False,False,False,False,394955.9304607062,False,False,False,False
2024-08-29 17:00:00+00:00,19.795,19.845,19.76,19.775,340840.0,,,,,,,,,19.255274670393177,18.3391614752806,,,,,18.79721807283689,"rgba(38, 166, 154, 1.0)",0.739312884062307,18.79881491786637,1.320395063007395,61.60494707314805,8.358743209191722,True,False,True,False,True,13.046746053237001,0.0,0.0,0.0,0.0,0,0.8867623604465703,0.7790182527024637,False,False,False,False,0.3428282347301424,0.3383841234634929,False,False,False,False,6364921.0,3368305.7293081153,False,False,False,False,394116.9237868968,False,False,False,False
2024-08-30 17:00:00+00:00,19.805,19.91,19.795,19.9,215063.0,,,,,,,,,19.264615223744343,18.3481391870419,,,,,18.806377205393122,"rgba(38, 166, 154, 1.0)",0.7381756974869506,18.80756825042,1.4799074980374973,62.90465333860661,9.762837726559873,True,False,True,False,True,14.095765602771657,0.0,0.0,0.0,0.0,0,0.8823741007194237,0.785971223021583,False,False,False,False,0.34282823498830967,0.3406061792259013,False,False,False,False,6579984.0,3418099.19086923,False,False,False,False,391340.8939607434,False,False,False,False
2024-09-02 17:00:00+00:00,19.9,19.9,19.9,19.9,0.0,,,,,,,,,19.264615223744343,18.3481391870419,,,,,18.806377205393122,"rgba(38, 166, 154, 1.0)",0.7385082541457658,18.80756825042,1.479241082882162,63.77112418224565,10.735142591539017,True,False,True,False,True,14.095765602771657,0.0,0.0,0.0,0.0,0,0.8870822041553741,0.7806684733514004,False,False,False,False,0.3428282352273734,0.34171720722663734,False,False,False,False,6579984.0,3467120.660778234,False,False,False,False,385273.59327918146,False,False,False,False
2024-09-03 17:00:00+00:00,20.215,20.445,20.215,20.445,963324.0,,,,,,,,,19.3351274038157,18.399904141765944,,,,,18.867515772790824,"rgba(38, 166, 154, 1.0)",0.7455944662536691,18.86703683824754,2.1163826090087956,68.52193384629373,15.20004432646823,True,False,True,False,True,18.443251962150747,0.0,0.0,0.0,0.0,0,0.8937990021382743,0.7738774055595156,False,False,False,False,0.3428282371506481,0.3422727221886427,False,False,False,False,7543308.0,3530317.3637119043,False,False,False,False,394235.61508880655,False,False,False,False
2024-09-04 17:00:00+00:00,20.615,20.635,20.25,20.58,1122997.0,,,,,,,,,19.415059761834456,18.460478091876347,,,,,18.9377689268554,"rgba(38, 166, 154, 1.0)",0.7597718540919083,18.93506657694547,2.165036009422302,72.36196733370872,18.60596897129865,True,False,True,False,True,19.44560418791384,0.0,0.0,0.0,0.0,0,0.8942512420156131,0.7767920511000712,False,False,False,False,0.34282823759182557,0.3425504798902341,False,False,False,False,8666305.0,3609945.0790031925,False,False,False,False,405534.2412114607,False,False,False,False
2024-09-05 17:00:00+00:00,20.615,20.655,20.52,20.645,702512.0,,,,,,,,,19.464580791868922,18.4987253068336,,,,,18.98165304935126,"rgba(38, 166, 154, 1.0)",0.7727788455594072,18.977487635896015,2.1578131617939,75.23727818483039,21.06615901255043,True,False,True,False,True,19.925163860778127,0.0,0.0,0.0,0.0,0,0.9012082444918258,0.7802061122956648,False,False,False,False,0.34282823812825597,0.342689359009245,False,False,False,False,9368817.0,3699229.914987639,False,False,False,False,410138.54754926753,False,False,False,False
2024-09-06 17:00:00+00:00,20.785,20.995,20.78,20.99,1880879.0,,,,,,,,,19.61047255082798,18.609066966898983,,,,,19.10976975886348,"rgba(38, 166, 154, 1.0)",0.7953511434840762,19.101500949975083,2.374421745032325,78.55199028949588,23.950567355323855,True,False,True,False,True,20.0,0.0,0.0,0.0,0.0,0,0.9109504496561445,0.7723505554575915,False,False,False,False,0.3428282391362274,0.3427587990727362,False,False,False,False,11249696.0,3816291.404677753,False,False,False,False,432940.7251066432,False,False,False,False
2024-09-09 17:00:00+00:00,21.34,21.6,21.28,21.505,1285290.0,,,,,,,,,19.729020939474996,18.69516011414221,,,,,19.212090526808602,"rgba(38, 166, 154, 1.0)",0.8340585781056976,19.200794209394573,2.76264263816902,82.09692380614841,27.049670030067077,True,False,True,False,True,20.0,0.0,0.0,0.0,0.0,0,0.9220891896581632,0.765226444560125,False,False,False,False,0.34282824069951234,0.3427935198861243,False,False,False,False,12534986.0,3951464.964295152,False,False,False,False,446155.4425468503,False,False,False,False
2024-09-10 17:00:00+00:00,21.625,21.77,21.605,21.715,834826.0,,,,,,,,,19.807596349491938,18.752867417465822,,,,,19.28023188347888,"rgba(38, 166, 154, 1.0)",0.8705994983265688,19.266933639457374,2.8119317381278073,84.85783487390492,29.45104840326924,True,False,True,False,True,20.0,0.0,0.0,0.0,0.0,0,0.938359742294967,0.752568344071043,False,False,False,False,0.34282824130060685,0.34281088059336556,False,False,False,False,13369812.0,4097485.8485696455,False,False,False,False,452181.34266240295,False,False,False,False
2024-09-11 17:00:00+00:00,21.295,21.47,21.24,21.47,582649.0,,,,,,,,,19.850593866606104,18.787829257407708,,,,,19.319211562006906,"rgba(38, 166, 154, 1.0)",0.8884776584414134,19.304661817789736,2.4371329561721855,82.88813227596404,29.45104840326924,True,False,True,False,True,20.0,0.0,0.0,0.0,0.0,0,0.9226928374655639,0.7608471074380164,False,False,False,False,0.29981367169116,0.32131227614226276,False,False,False,False,12787163.0,4232209.525336008,False,False,False,False,454204.09703973,False,False,False,False
2024-09-12 17:00:00+00:00,21.435,21.635,21.42,21.6,482736.0,,,,,,,,,19.887969552234075,18.81782022744953,,,,,19.352894889841803,"rgba(38, 166, 154, 0.75)",0.9192092273272672,19.337301748994356,2.4615704278608748,82.06758971359751,29.45104840326924,True,False,True,False,False,20.0,0.0,0.0,0.0,0.0,0,0.9260472332356482,0.761248060679193,False,False,False,False,0.3219858689993952,0.321649072570829,False,False,False,False,13269899.0,4372328.741997465,False,False,False,False,454646.45212438534,False,False,False,False
2024-09-13 17:00:00+00:00,21.625,21.65,21.52,21.62,756544.0,,,,,,,,,19.94484868438228,18.864287111743053,,,,,19.404567898062666,"rgba(38, 166, 154, 0.75)",0.9575567727153108,19.387389138371987,2.331570226689616,81.59888125015087,29.45104840326924,True,False,True,False,False,20.0,0.0,0.0,0.0,0.0,0,0.9306777030522495,0.7606483876530435,False,False,False,False,0.32944415481049866,0.32554661369066384,False,False,False,False,14026443.0,4522004.932044015,False,False,False,False,459327.03426199174,False,False,False,False
2024-09-16 17:00:00+00:00,22.135,22.335,22.135,22.28,984527.0,,,,,,,,,20.040560050959833,18.936393440743455,,,,,19.488476745851642,"rgba(38, 166, 154, 0.75)",1.0132856511422632,19.682904115707075,2.5630441735410496,83.2735624840813,29.45104840326924,True,False,True,False,False,20.0,0.0,0.0,0.0,0.0,0,0.9379438620223192,0.755326344267839,False,False,False,False,0.34282824245966176,0.3341874280751628,False,False,False,False,15010970.0,4684624.545500698,False,False,False,False,467469.6693897128,False,False,False,False
2024-09-17 17:00:00+00:00,21.865,21.885,21.71,21.79,540157.0,,,,,,,,,20.07963628264678,18.9694094716826,,,,,19.524522877164692,"rgba(38, 166, 154, 0.75)",1.0505850493634181,19.70279859911527,1.9867038867052504,78.47785555709842,33.901447755840366,True,False,True,False,False,20.0,0.0,0.0,0.0,0.0,0,0.9289644822411198,0.76021344005336,False,False,False,False,0.29136407190355956,0.3127757499893612,False,False,False,False,14470813.0,4836348.397508439,False,False,False,False,468596.6047480118,False,False,False,False
2024-09-18 17:00:00+00:00,21.865,21.995,21.645,21.735,734843.0,,,,,,,,,20.129985915733645,19.013068174276384,,,,,19.571527045005013,"rgba(38, 166, 154, 0.75)",1.082353196254084,19.73749147766572,1.8455237433099063,74.70198215626954,30.390300717345156,True,False,True,False,False,20.0,0.0,0.0,0.0,0.0,0,0.9328246807099013,0.756510200696633,False,False,False,False,0.2939724194598302,0.3033740847245957,False,False,False,False,13735970.0,4974327.027004432,False,False,False,False,472724.4558371899,False,False,False,False
2024-09-19 17:00:00+00:00,21.325,21.38,21.285,21.345,983681.0,,,,,,,,,20.17569132065645,19.060208611988486,,,,,19.61794996632247,"rgba(38, 166, 154, 0.75)",1.10044097221674,19.763729613701205,1.4369424859867457,68.43772867761422,24.694364716005893,True,False,True,False,False,18.171068562073902,0.0,0.0,0.0,0.0,0,0.9271055655885726,0.771958627483172,False,False,False,False,0.23825819637130816,0.27081614054795194,False,False,False,False,12752289.0,5094915.584725293,False,False,False,False,480646.26272343507,False,False,False,False
2024-09-20 17:00:00+00:00,21.495,21.615,21.43,21.53,776364.0,,,,,,,,,20.214856940351325,19.099052705588498,,,,,19.65695482296991,"rgba(38, 166, 154, 0.5)",1.119021342855335,19.794715760757803,1.5507159450724899,65.46682585706765,22.13400992146059,False,False,True,False,False,19.345055608403516,0.0,0.0,0.0,0.0,0,0.9262951462657291,0.7684262134335678,False,False,False,False,0.25978240804007596,0.26529927429401395,False,False,False,False,13528653.0,5225671.203566762,False,False,False,False,485231.033844002,False,False,False,False
2024-09-23 17:00:00+00:00,21.435,21.505,21.42,21.485,430708.0,,,,,,,,,20.234748400453807,19.119602322160052,,,,,19.67717536130693,"rgba(38, 166, 154, 0.5)",1.1301898788089346,19.81083346515495,1.4813143934799629,63.05072249476732,19.955580269455396,False,False,True,False,False,18.863765983741917,0.0,0.0,0.0,0.0,0,0.9239901071722995,0.775762572135202,False,False,False,False,0.25296070953277816,0.25912999191339603,False,False,False,False,13097945.0,5347721.960100611,False,False,False,False,484385.7154898314,False,False,False,False
2024-09-24 17:00:00+00:00,21.515,21.58,21.495,21.56,477274.0,,,,,,,,,20.257361097340134,19.142675022086326,,,,,19.70001805971323,"rgba(38, 166, 154, 0.5)",1.1407993799197205,19.830074763569066,1.5164149515514904,61.99049060083949,18.87728842852171,False,False,True,False,False,19.346604266810097,0.0,0.0,0.0,0.0,0,0.9214521452145207,0.7759075907590759,False,False,False,False,0.2614915108844664,0.26031075139893123,False,False,False,False,13575219.0,5475280.053742462,False,False,False,False,484275.4563349503,False,False,False,False
2024-09-25 17:00:00+00:00,21.615,21.665,21.52,21.52,422748.0,,,,,,,,,20.27709969431538,19.162943202918477,,,,,19.720021448616926,"rgba(38, 166, 154, 0.5)",1.1426775967393796,19.847253956766192,1.463882767988953,60.82133366589724,17.538016907882636,False,True,True,False,False,18.907033102769955,0.0,0.0,0.0,0.0,0,0.9224831663655765,0.7712268024306125,False,False,False,False,0.2677711037728129,0.26404092758587205,False,False,False,False,13152471.0,5594306.2699635085,False,False,False,False,483321.5422832456,False,False,False,False
2024-09-26 17:00:00+00:00,21.705,21.735,21.61,21.71,449281.0,,,,,,,,,20.29927332720506,19.1851423818114,,,,,19.74220785450823,"rgba(38, 166, 154, 0.5)",1.1475865666379697,19.867184111896183,1.6058186298769852,61.566409638355466,17.538016907882636,False,True,True,False,False,20.0,0.0,0.0,0.0,0.0,0,0.9271860618014457,0.7657790927021695,False,False,False,False,0.2769421648783951,0.27049154623213356,False,False,False,False,13601752.0,5718452.715390431,False,False,False,False,482793.7819377689,False,False,False,False
2024-09-27 17:00:00+00:00,21.925,21.93,21.845,21.895,495218.0,,,,,,,,,20.32641673260223,19.211132701301125,,,,,19.768774716951675,"rgba(38, 166, 154, 0.5)",1.1544239232598184,19.892318655583555,1.7347884984584772,63.389104126701945,17.538016907882636,False,False,True,False,False,20.0,0.0,0.0,0.0,0.0,0,0.9259501965923976,0.7668741808650064,False,False,False,False,0.3018210073455805,0.286156276788857,False,False,False,False,14096970.0,5848352.208175075,False,False,False,False,482986.40547361743,False,False,False,False
2024-09-30 17:00:00+00:00,21.835,22.025,21.815,21.995,350333.0,,,,,,,,,20.34572206753784,19.22959080660519,,,,,19.787656437071515,"rgba(38, 166, 154, 0.5)",1.1620807216383897,19.910300339489297,1.7939370490300677,65.27953023892309,17.538016907882636,False,False,True,False,True,20.0,0.0,0.0,0.0,0.0,0,0.9253389968959315,0.7644175788269889,False,False,False,False,0.3056128145481488,0.2958845456685029,False,False,False,False,14447303.0,5981669.274714997,False,False,False,False,480929.76352829,False,False,False,False
2024-10-01 17:00:00+00:00,21.995,22.145,21.965,22.13,869128.0,,,,,,,,,20.395564516095252,19.27654835897407,,,,,19.83605643753466,"rgba(38, 166, 154, 0.5)",1.1787903098492933,19.95715414207252,1.8432844584591774,67.4202200949306,17.538016907882636,False,False,True,False,True,20.0,0.0,0.0,0.0,0.0,0,0.928431372549019,0.7642156862745096,False,False,False,False,0.32145642482262143,0.3086704852455622,False,False,False,False,15316431.0,6126394.262703911,False,False,False,False,486948.3408379289,False,False,False,False
2024-10-02 17:00:00+00:00,22.195,22.22,22.13,22.215,431078.0,,,,,,,,,20.42076043049553,19.300147462114552,,,,,19.860453946305043,"rgba(38, 166, 154, 1.0)",1.195037139910624,20.13862168050311,1.7375010785457097,69.38520743382625,13.7784841793532,True,False,True,False,True,20.0,0.0,0.0,0.0,0.0,0,0.9379400687735379,0.7556901915834288,False,False,False,False,0.3356716222029836,0.3221710537242729,False,False,False,False,15747509.0,6275558.832274393,False,False,False,False,486082.1340032323,False,False,False,False
2024-10-03 17:00:00+00:00,22.035,22.08,21.97,22.055,334515.0,,,,,,,,,20.43817540271051,19.317240019026002,,,,,19.877707710868258,"rgba(38, 166, 154, 0.5)",1.2054662475050364,20.149019847752918,1.5811144909215875,68.06222118366074,13.7784841793532,False,False,True,False,True,20.0,0.0,0.0,0.0,0.0,0,0.9376941946034334,0.7524121013900243,False,False,False,False,0.3179223673831227,0.3200467105536978,False,False,False,False,15412994.0,6417224.493789519,False,False,False,False,483732.25595667056,False,False,False,False
2024-10-04 17:00:00+00:00,21.855,21.95,21.835,21.915,358631.0,,,,,,,,,20.45488969624978,19.33443054351301,,,,,19.894660119881394,"rgba(38, 166, 154, 0.5)",1.2158381863946763,20.158501218638857,1.4446813737358304,65.08938269992173,13.7784841793532,False,False,True,False,False,19.840653100754416,0.0,0.0,0.0,0.0,0,0.936222808174027,0.7468688200395516,False,False,False,False,0.30240381173277686,0.31122526114323734,False,False,False,False,15054363.0,6551133.617916813,False,False,False,False,481792.7016007532,False,False,False,False
2024-10-07 17:00:00+00:00,21.695,21.785,21.67,21.775,479208.0,,,,,,,,,20.474278428103148,19.355665686320844,,,,,19.914972057211997,"rgba(38, 166, 154, 0.5)",1.2249948519840352,20.168765975638653,1.3112169587977,61.187902287703025,16.72691157385175,False,True,True,False,False,18.252162518118418,0.0,0.0,0.0,0.0,0,0.9402416818407544,0.7465651382221485,False,False,False,False,0.28327363972552,0.29724945043437867,False,False,False,False,14575155.0,6675537.050197173,False,False,False,False,481752.6287077182,False,False,False,False
2024-10-08 17:00:00+00:00,21.845,21.94,21.72,21.88,357386.0,,,,,,,,,20.489509400519005,19.371935307803565,,,,,19.930722354161283,"rgba(38, 166, 154, 0.5)",1.2356908816346246,20.18065764889019,1.375216388148666,59.76655678862899,15.322962805055738,False,True,True,False,False,18.9703587756349,0.0,0.0,0.0,0.0,0,0.9505476269498832,0.7394623299037504,False,False,False,False,0.2951329324934459,0.29619119146391226,False,False,False,False,14932541.0,6803552.615310395,False,False,False,False,479824.46392155206,False,False,False,False
2024-10-09 17:00:00+00:00,21.97,21.995,21.87,21.93,636380.0,,,,,,,,,20.51745693193717,19.40136293148993,,,,,19.95940993171355,"rgba(38, 166, 154, 0.5)",1.246630749350114,20.205224193541998,1.3835498661950634,59.38014515661996,14.76407000296848,False,True,True,False,False,19.312813943189354,0.0,0.0,0.0,0.0,0,0.959448230014957,0.7324247964101711,False,False,False,False,0.3070734692915473,0.30163233037772974,False,False,False,False,15568921.0,6939449.799569148,False,False,False,False,482251.6815351714,False,False,False,False
2024-10-10 17:00:00+00:00,21.275,21.32,21.21,21.23,540161.0,,,,,,,,21.253333333333334,20.52936542608933,19.41926009398882,,,,,20.40065295113716,#000000,1.2446133594070155,20.277077780461827,0.7656371453317715,51.67928757651346,7.507553238168619,False,True,False,False,False,11.739198539364214,0.0,0.0,0.0,0.0,0,0.9594969786052583,0.7373836354728074,False,False,False,False,0.23066426564035641,0.26614829800904305,False,False,False,False,15028760.0,7064865.461591331,False,False,False,False,483149.500426099,False,False,False,False
2024-10-11 17:00:00+00:00,21.285,21.425,21.28,21.375,582819.0,,,,,,,,21.308692609544842,20.543620018230357,19.439287421369226,,,,,20.430533349714807,"rgba(239, 83, 80, 1.0)",1.2481858980280294,20.287985211413424,0.8708757167533433,48.2775192721207,4.497209259545187,False,True,False,True,False,12.79504653708753,0.0,0.0,0.0,0.0,0,0.9695231853186953,0.7298050139275765,False,False,False,False,0.2392524455762029,0.25270037179262295,False,False,False,False,15611579.0,7197372.648233326,False,False,False,False,484694.76398538426,False,False,False,False
2024-10-14 17:00:00+00:00,21.315,21.4,21.255,21.27,782545.0,,,,,,,,21.30854506500833,20.560843684196154,19.464830607306478,,,,,20.444739785503657,"rgba(239, 83, 80, 1.0)",1.248010301124039,20.29775371790937,0.7790370650105708,45.1484702439432,1.6827891031808235,False,True,False,True,False,11.725477962968782,0.0,0.0,0.0,0.0,0,0.9651334097233585,0.7323620887215584,False,False,False,False,0.23393323943829045,0.2433168056154567,False,False,False,False,14829034.0,7315692.979268468,False,False,False,False,489312.5971018899,False,False,False,False
2024-10-15 17:00:00+00:00,21.565,21.6,21.49,21.505,904758.0,,,,,,,,21.38037806334807,20.585482826153076,19.4969802165689,,,,,20.48761370202335,"rgba(239, 83, 80, 1.0)",1.248002548218698,20.32240556096983,0.9475897631123527,45.824248870893136,1.6827891031808235,False,True,False,True,False,13.438259596998872,0.0,0.0,0.0,0.0,0,0.9639477977161496,0.732626427406199,False,False,False,False,0.25921220072893314,0.25126450317219495,False,False,False,False,15733792.0,7446206.142380585,False,False,False,False,495753.61110031017,False,False,False,False
2024-10-16 17:00:00+00:00,21.595,21.7,21.595,21.7,393147.0,,,,,,,,21.41530882834961,20.597258189425272,19.511535808041508,,,,,20.50803427527213,#000000,1.247565737855234,20.33507440879195,1.0940710776127722,48.25300802723807,1.6827891031808235,False,True,False,False,True,14.817636771275346,0.0,0.0,0.0,0.0,0,0.9592369150497305,0.7319419533670308,False,False,False,False,0.27138591902402665,0.2613252110981108,False,False,False,False,16126939.0,7580791.147925071,False,False,False,False,494162.8109282123,False,False,False,False
2024-10-17 17:00:00+00:00,21.755,21.765,21.68,21.74,551881.0,,,,,,,,21.46131095089949,20.614316150703534,19.53223289820119,,,,,20.535953333268072,#000000,1.2464386492348154,20.353500754290142,1.1123686244493654,50.26716806348776,1.6827891031808235,False,True,False,False,True,15.098573560443473,0.0,0.0,0.0,0.0,0,0.9720486682012491,0.7273923051627754,False,False,False,False,0.2781856317145848,0.2697554214063478,False,False,False,False,16678820.0,7721845.858809954,False,False,False,False,495057.6665727361,False,False,False,False
2024-10-18 17:00:00+00:00,21.835,21.87,21.75,21.865,556318.0,,,,,,,,21.508666870843165,20.632495800595713,19.553641265449237,,,,,20.56493464562937,"rgba(38, 166, 154, 0.5)",1.2475293529558704,20.37346327255767,1.1955924915981417,52.8530338256128,-3.56255254061886,False,True,True,False,True,15.977157866529971,0.0,0.0,0.0,0.0,0,0.9702970297029698,0.7287128712871287,False,False,False,False,0.2880900281957263,0.2789227248010371,False,False,False,False,17235138.0,7869338.760223753,False,False,False,False,496007.4391840115,False,False,False,False
2024-10-21 17:00:00+00:00,21.765,21.775,21.65,21.655,481794.0,,,,,,,,21.52722796875357,20.646077426853694,19.570780422785614,,,,,20.58136193946429,"rgba(38, 166, 154, 0.5)",1.24467971566769,20.38685658213902,1.0188511967359435,51.99270509217675,-3.56255254061886,False,True,True,False,True,13.745759587074403,0.0,0.0,0.0,0.0,0,0.9615896242101757,0.7352843365480546,False,False,False,False,0.2757764337106281,0.2773495792558326,False,False,False,False,16753344.0,8007075.27556912,False,False,False,False,495787.0757858097,False,False,False,False
2024-10-22 17:00:00+00:00,21.515,21.55,21.4,21.51,1040272.0,,,,,,,,21.519995025165578,20.668688953807465,19.603352575822328,,,,,20.597345518265126,#000000,1.2387409948218637,20.40564275682926,0.8915158598828432,49.84349459116739,-3.56255254061886,False,True,False,False,False,12.238201468539305,0.0,0.0,0.0,0.0,0,0.9635486018641805,0.7343541944074566,False,False,False,False,0.24220963067043047,0.2597796049631315,False,False,False,False,15713072.0,8126548.093002157,False,False,False,False,504228.70251781266,False,False,False,False
2024-10-23 17:00:00+00:00,22.365,22.575,22.26,22.5,1277076.0,,,,,,,,21.6861235157669,20.7254728181371,19.661448523277958,,,,,20.691014952393985,"rgba(38, 166, 154, 0.5)",1.247637323861346,20.472616555076957,1.6249781937017078,56.022722623752415,-0.3061937842595981,False,True,True,False,True,18.8799936285112,0.0,0.0,0.0,0.0,0,0.9660824407659846,0.7359623498864006,False,False,False,False,0.3428282411952671,0.3013039230791993,False,False,False,False,16990148.0,8263968.246599023,False,False,False,False,516210.83116094733,False,False,False,False
2024-10-24 17:00:00+00:00,22.125,22.23,22.07,22.205,809015.0,,,,,,,,21.73538178809377,20.75411216387944,19.693500975612015,,,,,20.727664975861742,"rgba(38, 166, 154, 0.5)",1.2507205742910628,20.503201154724373,1.360654713975777,57.332807218792354,0.9514873301856426,False,True,True,False,True,15.953353240765558,0.0,0.0,0.0,0.0,0,0.9529678884203692,0.7478105741161207,False,False,False,False,0.30785809198154784,0.30458100753037354,False,False,False,False,16181133.0,8386714.986961829,False,False,False,False,520750.4306778319,False,False,False,False
2024-10-25 17:00:00+00:00,22.045,22.075,21.81,21.83,649021.0,,,,,,,,21.748229058607574,20.772151181178096,19.71595446565624,,,,,20.74544490181397,"rgba(38, 166, 154, 0.5)",1.245185640488715,20.520825294283693,1.0513891769603734,55.211551909659335,0.9514873301856426,False,True,True,False,True,12.418410434903684,0.0,0.0,0.0,0.0,0,0.9449718423169744,0.7464199517296863,False,False,False,False,0.281229714761312,0.29290536114584276,False,False,False,False,15532112.0,8497496.33600118,False,False,False,False,522739.1216750748,False,False,False,False
2024-10-28 17:00:00+00:00,22.045,22.15,22.045,22.135,631675.0,,,,,,,,21.773067068116646,20.792253524146524,19.739380239313135,,,,,20.768233610525435,"rgba(38, 166, 154, 0.5)",1.238608998938836,20.54153089427142,1.2864988927851861,55.768091432152204,0.9514873301856426,False,True,True,False,True,14.373944933159432,0.0,0.0,0.0,0.0,0,0.9453262786596114,0.7420234086900753,False,False,False,False,0.3010820592063557,0.2969937101760992,False,False,False,False,16163787.0,8616353.555598062,False,False,False,False,524428.0500211976,False,False,False,False
2024-10-29 17:00:00+00:00,22.265,22.31,22.18,22.185,850829.0,,,,,,,,21.811322539915437,20.82067559239326,19.77171415375425,,,,,20.801237428687646,"rgba(38, 166, 154, 0.5)",1.2363714054653103,20.571171870112668,1.305293961631185,56.451790430362884,0.9514873301856426,False,True,True,False,True,14.689197107971484,0.0,0.0,0.0,0.0,0,0.9538239538239532,0.731281064614398,False,False,False,False,0.32016991513287024,0.3085818126544847,False,False,False,False,17014616.0,8746559.174891114,False,False,False,False,529488.5298658302,False,False,False,False
2024-10-30 17:00:00+00:00,21.975,22.06,21.93,22.02,992647.0,,,,,,,,21.828580749160157,20.84742789608501,19.805076347800576,,,,,20.827028331015246,"rgba(38, 166, 154, 0.5)",1.2351012359572304,20.597533459478104,1.1517003619702908,55.46736242309762,0.9514873301856426,False,True,True,False,True,13.145763021387452,0.0,0.0,0.0,0.0,0,0.948771145866581,0.7358761570379828,False,False,False,False,0.2865705324175561,0.2975761725360204,False,False,False,False,16021969.0,8859356.22644319,False,False,False,False,536669.2813407786,False,False,False,False
2024-10-31 17:00:00+00:00,22.365,22.595,22.365,22.52,1269074.0,,,,,,,,21.897095167136737,20.893689171778618,19.855493128889925,,,,,20.882092489268427,"rgba(38, 166, 154, 0.5)",1.2412028748663904,20.761943417201024,1.4164135601025107,57.958146953033456,2.621129337421614,False,True,True,False,True,16.270846867382083,0.0,0.0,0.0,0.0,0,0.9496221662468508,0.7344143576826196,False,False,False,False,0.34282824073118895,0.32020220663360466,False,False,False,False,17291043.0,8990080.052389806,False,False,False,False,548024.3932579758,False,False,False,False
2024-11-01 17:00:00+00:00,22.405,22.435,22.07,22.11,768543.0,,,,,,,,21.91518458710056,20.915635886966804,19.881878155976285,,,,,20.904232876681217,"rgba(38, 166, 154, 0.5)",1.2380262117180385,20.775870733976408,1.0776260255202421,56.30909784063907,2.621129337421614,False,True,True,False,True,12.568902372655181,0.0,0.0,0.0,0.0,0,0.9359214218896159,0.7432179607109448,False,False,False,False,0.31166128613543387,0.31593174638451926,False,False,False,False,16522500.0,9106861.757003918,False,False,False,False,551443.2863857591,False,False,False,False
2024-11-04 17:00:00+00:00,21.825,21.93,21.79,21.92,517111.0,,,,,,,,21.913846638932615,20.92637472367978,19.896862894539385,,,,,20.912361419050594,"rgba(38, 166, 154, 0.5)",1.219195540414163,20.92943186244937,0.8124768379764037,53.86693223292433,2.621129337421614,False,True,True,False,False,10.92096524472591,0.0,0.0,0.0,0.0,0,0.9285051067780867,0.7565769111730114,False,False,False,False,0.2588579298180863,0.2873948381013028,False,False,False,False,16005389.0,9213815.667748043,False,False,False,False,550911.0028759023,False,False,False,False
2024-11-05 17:00:00+00:00,22.075,22.1,22.005,22.06,496930.0,,,,,,,,21.91882289110316,20.938324359795804,19.912304734693596,,,,,20.923150661864184,"rgba(38, 166, 154, 0.5)",1.1908805433243448,20.94249425075445,0.9383861005286305,53.24658849109359,2.621129337421614,False,True,True,False,False,11.814997318697383,0.0,0.0,0.0,0.0,0,0.9321301866419864,0.7548974240320839,False,False,False,False,0.28428294875486143,0.2858388934280821,False,False,False,False,16502319.0,9326815.719410865,False,False,False,False,550074.0881026326,False,False,False,False
2024-11-06 17:00:00+00:00,22.245,22.39,22.245,22.315,811553.0,,,,,,,,21.940481685579154,20.961752529104675,19.940076026038383,,,,,20.947436746907403,"rgba(38, 166, 154, 0.5)",1.1870555896726114,20.97386868059675,1.1297965580307283,54.565320954925724,2.621129337421614,False,True,True,False,False,13.412048974112317,0.0,0.0,0.0,0.0,0,0.9332925336597302,0.7521419828641369,False,False,False,False,0.3203266475424977,0.30308277048528987,False,False,False,False,17313872.0,9450646.049342478,False,False,False,False,554128.0247211964,False,False,False,False
2024-11-07 17:00:00+00:00,22.105,22.215,22.04,22.05,604162.0,,,,,,,,21.94675979546823,20.97599643083156,19.95850443312979,,,,,20.96042021980986,"rgba(38, 166, 154, 0.5)",1.1785181640785525,20.98425434680737,0.904309908558691,53.301871879303846,2.621129337421614,False,True,True,False,False,11.104192114161041,0.0,0.0,0.0,0.0,0,0.9251483340940206,0.7581013235965312,False,False,False,False,0.29440751968287043,0.2987451450840801,False,False,False,False,16709710.0,9563189.676484456,False,False,False,False,554903.7452681545,False,False,False,False
2024-11-08 17:00:00+00:00,22.305,22.43,22.24,22.39,848878.0,,,,,,,,21.96785557313683,20.999761012083017,19.986851581605418,,,,,20.984822722275087,"rgba(38, 166, 154, 0.5)",1.1696220110141,21.010212369697165,1.1796867853970323,54.749480759613206,2.621129337421614,False,True,True,False,False,13.215652065583484,0.0,0.0,0.0,0.0,0,0.9255624339423216,0.7513211535557902,False,False,False,False,0.32273451661565267,0.3107398308498664,False,False,False,False,17558588.0,9687149.340414928,False,False,False,False,559461.485651594,False,False,False,False
2024-11-11 17:00:00+00:00,22.455,22.48,22.29,22.305,775037.0,,,,,,,,21.98551710608648,21.020830875918506,20.01220657597098,,,,,21.006184852658652,"rgba(38, 166, 154, 0.5)",1.1549074413987543,21.031727502594336,1.1024887811473036,54.98884225318258,2.621129337421614,False,True,True,False,False,12.478216067853303,0.0,0.0,0.0,0.0,1,0.928107536625887,0.7507929315813321,False,False,False,False,0.3296342302151403,0.32018703053250336,False,False,False,False,16783551.0,9797171.071571285,False,False,False,False,562803.7416880033,False,False,False,False
2024-11-12 17:00:00+00:00,21.875,22.24,21.79,22.18,1582078.0,,,,,,,,21.99265800549266,21.053026299549256,20.05615816141983,,,,,21.033947488820584,"rgba(38, 166, 154, 0.5)",1.1383734128250913,21.197621577564803,0.8629667658850507,54.061078301065564,2.621129337421614,False,True,True,False,False,11.3944648080465,0.0,0.0,0.0,0.0,1,0.9120322051587888,0.7589086029521394,False,False,False,False,0.2792419883796435,0.2997145094560734,False,False,False,False,15201473.0,9880958.698368628,False,False,False,False,578606.4433672591,False,False,False,False
2024-11-13 17:00:00+00:00,22.115,22.345,22.06,22.31,1009530.0,,,,,,,,22.005230543096225,21.07579032226072,20.08549914646989,,,,,21.055506670608946,"rgba(38, 166, 154, 0.5)",1.1281569439090062,21.220256792838935,0.9659500063751406,54.46819638355304,2.621129337421614,False,True,True,False,False,12.219854946613005,0.0,0.0,0.0,0.0,1,0.9199288256227756,0.7581553973902729,False,False,False,False,0.304591106828053,0.30215280814206325,False,False,False,False,16211003.0,9979098.920099346,False,False,False,False,585287.4287414101,False,False,False,False
2024-11-14 17:00:00+00:00,22.365,22.365,22.22,22.24,470132.0,,,,,,,,22.01151005699563,21.086420656274342,20.09912362473074,,,,,21.06568477933357,"rgba(38, 166, 154, 0.5)",1.120233244696184,21.230506690480844,0.9011456447116393,54.04794972706951,2.621129337421614,False,True,True,False,False,11.602375111524577,0.0,0.0,0.0,0.0,1,0.921821688176828,0.7617564159620234,False,False,False,False,0.31689304809339075,0.30952292811772697,False,False,False,False,15740871.0,10068428.719787728,False,False,False,False,583502.0732570472,False,False,False,False
2024-11-15 17:00:00+00:00,22.555,22.745,22.525,22.685,904861.0,,,,,,,,22.03896039108172,21.11267790938219,20.129332835814278,,,,,21.09365704542606,"rgba(38, 166, 154, 0.5)",1.1158685785901057,21.264962549898435,1.2725848521478882,57.06864721653284,3.7014976834482383,False,False,True,False,True,14.386034001731826,0.0,0.0,0.0,0.0,1,0.9284030642309955,0.7523571007660578,False,False,False,False,0.34282824086264724,0.32617558449018713,False,False,False,False,16645732.0,10170402.414054586,False,False,False,False,588484.3821987984,False,False,False,False
2024-11-18 17:00:00+00:00,23.045,23.045,22.935,22.975,623243.0,,,,,,,,22.06610009747562,21.13406410825963,20.15242281817491,,,,,21.117529007970052,"rgba(38, 166, 154, 1.0)",1.1041158747454378,21.295148063349966,1.521445325688608,60.73406334230384,7.140130957404978,True,False,True,False,True,16.105638824340325,0.0,0.0,0.0,0.0,0,0.9325117370892014,0.7530809859154928,False,False,False,False,0.34282824168931825,0.3345019130897527,False,False,False,False,17268975.0,10280457.802983971,False,False,False,False,589023.2754980418,False,False,False,False
2024-11-19 17:00:00+00:00,22.795,22.795,22.715,22.73,557087.0,,,,,,,,22.0831152566466,21.150362111780424,20.171037897674918,,,,,21.13483842203398,"rgba(38, 166, 154, 1.0)",1.0913091691645962,21.314297712375904,1.2972513451049121,60.6092406082992,7.140130957404978,True,False,True,False,True,13.930687147627836,0.0,0.0,0.0,0.0,0,0.9316652033947903,0.7556335967222709,False,False,False,False,0.3132055654165595,0.3238537392531561,False,False,False,False,16711888.0,10380169.89906174,False,False,False,False,588528.1394438085,False,False,False,False
2024-11-20 17:00:00+00:00,22.835,22.895,22.74,22.825,455593.0,,,,,,,,22.09788009642106,21.164049120115926,20.186491963805807,,,,,21.14947372678093,"rgba(38, 166, 154, 1.0)",1.0804688796999287,21.33044353224602,1.3832480470599522,61.14783772496524,7.6216173187307135,True,False,True,False,True,14.502134013650213,0.0,0.0,0.0,0.0,0,0.9296350364963499,0.7538686131386861,False,False,False,False,0.32103019656223936,0.32244196790769775,False,False,False,False,17167481.0,10485399.52853365,False,False,False,False,586467.129529951,False,False,False,False
2024-11-21 17:00:00+00:00,23.045,23.145,22.9,22.975,536237.0,,,,,,,,22.118818690452972,21.1816579668516,20.20572513065665,,,,,21.168733929320407,"rgba(38, 166, 154, 1.0)",1.0736343724777935,21.35232347332196,1.511386528109321,62.47826167426878,9.012257597724457,True,False,True,False,True,15.40067061601168,0.0,0.0,0.0,0.0,0,0.9304310095458483,0.7468903673705523,False,False,False,False,0.34282824175998855,0.3326351048338432,False,False,False,False,17703718.0,10597311.44281995,False,False,False,False,585688.3678318122,False,False,False,False
2024-11-22 17:00:00+00:00,23.235,23.29,23.14,23.175,803133.0,,,,,,,,22.154938883452655,21.2101620918402,20.236016948376204,,,,,21.20037264122302,"rgba(38, 166, 154, 1.0)",1.0711759430181957,21.38855306151934,1.6677437073942165,64.57039221081551,11.072353694680025,True,False,True,False,True,16.5811579261883,0.0,0.0,0.0,0.0,0,0.9355025307302961,0.7379609544468546,False,False,False,False,0.3428282421629936,0.33773167349841837,False,False,False,False,18506851.0,10719939.963086307,False,False,False,False,589059.602439071,False,False,False,False
2024-11-25 17:00:00+00:00,22.985,23.19,22.985,23.13,924997.0,,,,,,,,22.189964703817115,21.24041125061679,20.269003715631868,,,,,21.233126556688593,"rgba(38, 166, 154, 1.0)",1.0640413568132723,21.423800427135216,1.6035087000515926,65.37887706864106,11.91940956603009,True,False,True,False,True,16.166574411737937,0.0,0.0,0.0,0.0,0,0.9349898873158042,0.7406818838485985,False,False,False,False,0.32622635852297766,0.331979016010698,False,False,False,False,17581854.0,10826326.227224505,False,False,False,False,594267.9341842016,False,False,False,False
2024-11-26 17:00:00+00:00,23.035,23.105,22.97,23.075,752241.0,,,,,,,,22.215084852757848,21.26364347123966,20.294795840012448,,,,,21.257841388003317,"rgba(38, 166, 154, 1.0)",1.0559856204658524,21.449315226380257,1.5394951807227872,65.15905873201098,11.91940956603009,True,False,True,False,True,15.654750507324874,0.0,0.0,0.0,0.0,0,0.932302305223227,0.7473008462211845,False,False,False,False,0.31966176348428554,0.3258203897474918,False,False,False,False,16829613.0,10919400.440755906,False,False,False,False,596717.1290030512,False,False,False,False
2024-11-27 17:00:00+00:00,23.285,23.375,23.22,23.245,567543.0,,,,,,,,22.238046138045924,21.282986902747435,20.315538966853936,,,,,21.27885733588243,"rgba(38, 166, 154, 1.0)",1.0511483081686364,21.47175572669299,1.6869591660157324,66.25518780516269,13.05021779949638,True,False,True,False,True,16.68729382828541,0.0,0.0,0.0,0.0,0,0.9305616983635558,0.7512899896800824,False,False,False,False,0.34282824145550583,0.3343243156014988,False,False,False,False,17397156.0,11019830.759503877,False,False,False,False,596264.8169254846,False,False,False,False
2024-11-28 17:00:00+00:00,23.245,23.245,23.245,23.245,0.0,,,,,,,,22.238046138045924,21.282986902747435,20.315538966853936,,,,,21.27885733588243,"rgba(38, 166, 154, 1.0)",1.028823683228177,21.47175572669299,1.7235647878390967,66.98594052059717,13.908679759996488,True,False,True,False,True,16.68729382828541,0.0,0.0,0.0,0.0,0,0.9323721759809748,0.752080856123662,False,False,False,False,0.33603943867141456,0.33518187713645664,False,False,False,False,17397156.0,11118704.019046452,False,False,False,False,587020.401159198,False,False,False,False
2024-11-29 17:00:00+00:00,23.115,23.185,23.1,23.125,400009.0,,,,,,,,22.25149787222205,21.2954362142754,20.32928800039703,,,,,21.29207402896483,"rgba(38, 166, 154, 0.75)",1.0091287027623188,21.48525820471115,1.624908488679723,65.5050434801746,13.908679759996488,True,False,True,False,False,15.529601635818686,0.0,0.0,0.0,0.0,0,0.9280371035308198,0.7580789946140034,False,False,False,False,0.3228700505498215,0.3290259638431391,False,False,False,False,16997147.0,11209842.669913948,False,False,False,False,584120.9995908383,False,False,False,False
2024-12-02 17:00:00+00:00,22.875,22.88,22.64,22.665,910670.0,,,,,,,,22.267212634834696,21.31701499381194,20.355614131417017,,,,,21.313280586687885,"rgba(38, 166, 154, 0.75)",0.98299486311014,21.659062532353232,1.0233394958586435,58.865279352237465,12.39265066604979,True,False,True,False,False,11.268828973438524,0.0,0.0,0.0,0.0,0,0.92376149510531,0.7614951053099968,False,False,False,False,0.27462862325565385,0.30182729354939647,False,False,False,False,16086477.0,11285449.40371373,False,False,False,False,589183.7747909803,False,False,False,False
2024-12-03 17:00:00+00:00,23.635,23.78,23.395,23.75,1246290.0,,,,,,,,22.32652822194112,21.363957706128094,20.404233297217566,,,,,21.364906408428926,"rgba(38, 166, 154, 1.0)",0.9767124024589526,21.744746866364096,2.053064063267259,62.0281350475139,12.39265066604979,True,False,True,False,True,17.75356135776636,0.0,0.0,0.0,0.0,0,0.9240962120120986,0.7525565317586056,False,False,False,False,0.3428282420813788,0.32232776781538763,False,False,False,False,17332767.0,11379206.265671656,False,False,False,False,599371.4682050735,False,False,False,False
2024-12-04 17:00:00+00:00,23.455,23.595,23.37,23.55,833529.0,,,,,,,,22.35958814892632,21.39248831343475,20.434616061910408,,,,,21.39556417475716,"rgba(38, 166, 154, 1.0)",0.9639454958237738,21.778957512144345,1.8372848833555147,62.31754456164842,12.39265066604979,True,False,True,False,True,16.011707936676245,0.0,0.0,0.0,0.0,0,0.923495702005731,0.7521489971346703,False,False,False,False,0.3299319239188739,0.3261298458671308,False,False,False,False,16499238.0,11458586.602637986,False,False,False,False,603001.8175352274,False,False,False,False
2024-12-05 17:00:00+00:00,23.855,23.89,23.805,23.805,781904.0,,,,,,,,22.397376403962134,21.422622783521994,20.4655711705242,,,,,21.42852345266944,"rgba(38, 166, 154, 1.0)",0.9533953170803038,21.81864862006591,2.0834499019956687,63.78134617964865,9.468958244439122,True,False,True,False,True,17.4185575046244,0.0,0.0,0.0,0.0,0,0.9347576713507313,0.7457700028677945,False,False,False,False,0.34282824259324535,0.33447904423018804,False,False,False,False,17281142.0,11548858.779341271,False,False,False,False,605775.4947827432,False,False,False,False
2024-12-06 17:00:00+00:00,23.745,23.9,23.69,23.895,1100838.0,,,,,,,,22.44723377814089,21.46372381908238,20.508145704079002,,,,,21.473034433767424,"rgba(38, 166, 154, 1.0)",0.9482884867244127,22.075653161537907,1.9185583964501116,65.19222173259897,10.848613987198064,True,False,True,False,True,17.908930193305533,0.0,0.0,0.0,0.0,0,0.9312070938215105,0.7449942791762012,False,False,False,False,0.3366342218285372,0.3355566330293626,False,True,False,False,18381980.0,11654798.643227452,False,False,False,False,613450.88246053,False,False,False,False
2024-12-09 17:00:00+00:00,23.79,23.89,23.355,23.365,779298.0,,,,,,,,22.473457934385863,21.48849551754696,20.53504800413691,,,,,21.49900048535658,"rgba(38, 166, 154, 0.75)",0.9285683400602158,22.090673565387867,1.3723561095454686,61.45884027142793,10.848613987198064,True,False,True,False,False,13.385855218043474,0.0,0.0,0.0,0.0,0,0.9286931818181817,0.7464488636363633,False,False,False,False,0.31645375506645745,0.32600519404791006,False,False,False,False,17602682.0,11747013.889068889,False,False,False,False,616022.1556006768,False,False,False,False
2024-12-10 17:00:00+00:00,23.395,23.655,23.38,23.53,644401.0,,,,,,,,22.493914932455766,21.508389633264976,20.556825747131565,,,,,21.5197101042841,"rgba(38, 166, 154, 0.75)",0.9052182953090291,22.105356136328957,1.5738124947913141,60.002686867936646,14.66948486758831,True,False,True,False,False,14.32422424378862,0.0,0.0,0.0,0.0,0,0.929328621908127,0.7534982332155474,False,False,False,False,0.3042919710263764,0.31514858253714323,False,False,False,False,18247083.0,11847790.154354641,False,False,False,False,616462.1376843873,False,False,False,False
2024-12-11 17:00:00+00:00,23.385,23.51,23.35,23.485,1021774.0,,,,,,,,22.5225630448011,21.538027856441033,20.589875147111734,,,,,21.55015534945129,"rgba(38, 166, 154, 0.75)",0.8837903984930423,22.126139254331502,1.5375373482055261,58.64667733362167,13.328718439952183,True,False,True,False,False,13.947235668969004,0.0,0.0,0.0,0.0,0,0.929539678057046,0.7565659418243432,False,False,False,False,0.29376045893312014,0.3044545207351317,False,False,False,False,17225309.0,11931162.539558444,False,False,False,False,622746.0425264898,False,False,False,False
2024-12-12 17:00:00+00:00,23.505,23.52,23.38,23.405,594305.0,,,,,,,,22.538219658045296,21.55473631296799,20.60866474369305,,,,,21.56720690490211,"rgba(38, 166, 154, 0.5)",0.8553513318519604,22.13827150893009,1.4809452489274324,57.01716122331935,11.684627884701342,False,False,True,False,False,13.271416619386315,0.0,0.0,0.0,0.0,0,0.9283194581628336,0.7577254127275291,False,False,False,False,0.2930736749069163,0.298764097821024,False,False,False,False,16631004.0,12004028.298635056,False,False,False,False,622305.0961307302,False,False,False,False
2024-12-13 17:00:00+00:00,23.515,23.665,23.44,23.625,938414.0,,,,,,,,22.565613567501863,21.5824713131972,20.639295662500395,,,,,21.595793514399816,"rgba(38, 166, 154, 0.5)",0.8326476007453865,22.16275979105957,1.7561333361573743,57.58702937481553,11.684627884701342,False,False,True,False,False,14.560047998912584,0.0,0.0,0.0,0.0,0,0.9259416595865195,0.7548853016142734,False,False,False,False,0.30545892148431064,0.3021115096526673,False,False,False,False,17569418.0,12090313.410284124,False,False,False,False,627206.0093690135,False,False,False,False
2024-12-16 17:00:00+00:00,23.015,23.05,22.61,22.86,1074105.0,,,,,,,,22.57365559429342,21.60190997951275,20.664988359296288,,,,,21.61351797770082,#000000,0.7928955545091557,22.16084838446811,0.8817701291876973,52.17375004810479,6.973382781986238,False,True,False,False,False,8.383640742574467,0.0,0.0,0.0,0.0,0,0.908189951823813,0.7628355127322778,False,False,False,False,0.21631729523029775,0.2592144024414825,False,False,False,False,16495313.0,12158607.977566542,False,False,False,False,634134.675890424,False,False,False,False
2024-12-17 17:00:00+00:00,22.805,22.925,22.695,22.855,760222.0,,,,,,,,22.578763570698133,21.6151465364184,20.68269042370752,,,,,21.625533510274682,"rgba(239, 83, 80, 1.0)",0.7689773658497434,22.161018445608484,0.9024733174358727,48.53497142401716,3.680068274838291,False,True,False,True,False,8.345306644542514,0.0,0.0,0.0,0.0,0,0.9112482853223595,0.7695473251028804,False,False,False,False,0.20829085167952396,0.23375262706050326,False,False,False,False,15735091.0,12214057.326751556,False,False,False,False,636089.518124681,False,False,False,False
2024-12-18 17:00:00+00:00,22.755,22.78,22.5,22.5,1035499.0,,,,,,,,22.579156019372554,21.629356483580676,20.703783283950994,,,,,21.637431928968073,"rgba(239, 83, 80, 1.0)",0.744552486669292,22.2512147984498,0.33414058243646905,44.07651131416287,-0.31725266322200696,False,True,False,True,False,5.6587969706995125,0.0,0.0,0.0,0.0,0,0.9020979020979023,0.7784176607706017,False,False,False,False,0.1870536336630919,0.21040313036179759,False,False,False,False,14699592.0,12252592.74804223,False,False,False,False,642281.9131925154,False,False,False,False
2024-12-19 17:00:00+00:00,22.575,22.685,22.52,22.58,1315561.0,,,,,,,,22.57968027449226,21.646855217696903,20.72994159448675,,,,,21.652159028891973,"rgba(239, 83, 80, 1.0)",0.7207976999993445,22.245749979219,0.46372237422691975,41.88481760362694,-2.218897373660802,False,True,False,True,False,6.168981184075005,0.0,0.0,0.0,0.0,0,0.8971821305841926,0.7830927835051545,False,False,False,False,0.18239196354856518,0.19639754695518138,False,False,False,False,16015153.0,12310927.015514443,False,False,False,False,652720.3486468949,False,False,False,False
2024-12-20 17:00:00+00:00,22.705,22.745,22.565,22.74,992274.0,,,,,,,,22.582204192923065,21.660830955735918,20.75010997602724,,,,,21.664381708228742,"rgba(239, 83, 80, 1.0)",0.7062923430661656,22.247277546657,0.6976182853745604,41.98939813103597,-2.218897373660802,False,True,False,True,False,7.1872233818781375,0.0,0.0,0.0,0.0,0,0.8986282578875171,0.7827160493827158,False,False,False,False,0.18892054321479437,0.19265904508498788,False,False,False,False,17007427.0,12383740.96876228,False,False,False,False,657984.7463422918,False,False,False,False
2024-12-23 17:00:00+00:00,22.665,22.665,22.665,22.665,0.0,,,,,,,,22.582204192923065,21.660830955735918,20.75010997602724,,,,,21.664381708228742,"rgba(239, 83, 80, 1.0)",0.7010110651862307,22.247277546657,0.5958856772567888,41.52288669959069,-2.833647716429681,False,True,False,True,False,6.6097603315310245,0.0,0.0,0.0,0.0,0,0.8976507762055227,0.7847231762604752,False,False,False,False,0.19016587223352785,0.19141245865925788,False,False,False,False,17007427.0,12455426.023510152,False,False,False,False,647783.432445512,False,False,False,False
2024-12-24 17:00:00+00:00,22.905,22.99,22.905,22.955,61304.0,,,,,,,,22.58275665735689,21.661904005948887,20.751512347063244,,,,,21.66539100345634,"rgba(239, 83, 80, 0.75)",0.7009377566794065,22.248116625162275,1.0084823767897495,44.02876444663522,-2.833647716429681,False,True,False,True,True,8.454558512161196,0.0,0.0,0.0,0.0,0,0.8996719518862768,0.7823947512301804,False,False,False,False,0.22560368385151594,0.2085080712553869,False,False,False,False,17068731.0,12526950.131672785,False,False,False,False,638690.7280665118,False,False,False,False
2024-12-25 17:00:00+00:00,22.955,22.955,22.955,22.955,0.0,,,,,,,,22.58275665735689,21.661904005948887,20.751512347063244,,,,,21.66539100345634,"rgba(239, 83, 80, 0.75)",0.6968105782649989,22.248116625162275,1.0144555735617626,45.69934961133157,-2.833647716429681,False,True,False,True,True,8.454558512161196,0.0,0.0,0.0,0.0,0,0.8964231459743129,0.785112553514708,False,False,False,False,0.22655176582249978,0.21752991853894332,False,False,False,False,17068731.0,12597365.33893367,False,False,False,False,628788.5462360232,False,False,False,False
2024-12-26 17:00:00+00:00,23.005,23.08,22.93,22.955,188359.0,,,,,,,,22.584619895300747,21.66528763375698,20.755884959153153,,,,,21.66859749607029,"rgba(239, 83, 80, 0.75)",0.69423934652992,22.250938985691256,1.0141473799027878,46.81307305446248,-2.833647716429681,False,True,False,True,True,8.454558512161196,0.0,0.0,0.0,0.0,0,0.9024930747922435,0.7806094182825483,False,False,False,False,0.23288264525805544,0.2252062818984994,False,False,False,False,17068731.0,12666688.837554853,False,False,False,False,621960.1811781003,False,False,False,False
2024-12-27 17:00:00+00:00,22.855,22.93,22.815,22.88,387963.0,,,,,,,,22.587341819397782,21.67161042216891,20.76438308327604,,,,,21.67444510828091,"rgba(239, 83, 80, 0.75)",0.6907330614370375,22.25453375593912,0.9055107956749958,46.741952099836226,-2.833647716429681,False,True,False,True,True,7.84053827293415,0.0,0.0,0.0,0.0,0,0.9056892474613996,0.7827236055084156,False,False,False,False,0.21614446978284427,0.22067537584067182,False,False,False,False,16680768.0,12728922.623019118,False,False,False,False,618332.3179040212,False,False,False,False
2024-12-30 17:00:00+00:00,22.585,22.725,22.585,22.635,555021.0,,,,,,,,22.588148891795587,21.67885948283789,20.775129721505724,,,,,21.680712698713066,"rgba(239, 83, 80, 1.0)",0.6911089274127267,22.254317057632353,0.5508291490211168,44.29268384141672,-2.833647716429681,False,True,False,True,False,5.857497410597901,0.0,0.0,0.0,0.0,0,0.9042803712425544,0.7845962044604515,False,False,False,False,0.18892054321479437,0.2047979595277331,False,False,False,False,16125747.0,12781586.566848278,False,False,False,False,617350.7470838038,False,False,False,False
2024-12-31 17:00:00+00:00,22.645,22.79,22.635,22.785,471832.0,,,,,,,,22.58980101072187,21.685491769915984,20.784595944331375,,,,,21.68662957498974,"rgba(239, 83, 80, 1.0)",0.688675285347651,22.255905037452525,0.7682792947628172,44.604316431258866,-2.833647716429681,False,True,False,True,False,6.876290842218047,0.0,0.0,0.0,0.0,0,0.9060689655172415,0.7837241379310346,False,False,False,False,0.19608922123094502,0.20044359037933906,False,False,False,False,16597579.0,12840749.240230476,False,False,False,False,615094.6424778532,False,False,False,False
2025-01-01 17:00:00+00:00,22.785,22.785,22.785,22.785,0.0,,,,,,,,22.58980101072187,21.685491769915984,20.784595944331375,,,,,21.68662957498974,"rgba(239, 83, 80, 1.0)",0.6852465525910054,22.255905037452525,0.7721234941597285,44.81207149115363,-2.833647716429681,False,True,False,True,False,6.876290842218047,0.0,0.0,0.0,0.0,0,0.9098837209302331,0.7852990033222592,False,False,False,False,0.2051565346777729,0.20280006252855598,False,False,False,False,16597579.0,12898994.662862562,False,False,False,False,605558.291431685,False,False,False,False
2025-01-02 17:00:00+00:00,23.055,23.1,22.82,22.825,394748.0,,,,,,,,22.592799630856234,21.691907537760304,20.793162866531166,,,,,21.69262334504923,"rgba(239, 83, 80, 1.0)",0.6747208097955707,22.365957390376664,0.6803445261491452,45.52500922790024,-2.833647716429681,False,True,False,True,False,7.153867357734832,0.0,0.0,0.0,0.0,0,0.9104683195592288,0.7800275482093663,False,False,False,False,0.22718404291435032,0.21499205272145316,False,False,False,False,16992327.0,12962457.179717405,False,False,False,False,602289.914820341,False,False,False,False
2025-01-03 17:00:00+00:00,22.795,22.84,22.655,22.675,322019.0,,,,,,,,22.59377417594935,21.696279455539187,20.79947386024389,,,,,21.696509163910807,"rgba(239, 83, 80, 1.0)",0.6664635388741593,22.361121082857046,0.47096187388312705,44.166391257975505,-2.833647716429681,False,True,False,True,False,5.892624981347044,0.0,0.0,0.0,0.0,0,0.9044665012406953,0.7905982905982907,False,False,False,False,0.20046248189029295,0.20772726730587304,False,False,False,False,16670308.0,13019943.238946592,False,False,False,False,597944.6293192505,False,False,False,False
2025-01-06 17:00:00+00:00,22.655,22.73,22.585,22.59,280100.0,,,,,,,,22.594040168245474,21.69972774456585,20.80467934135162,,,,,21.699482418054313,"rgba(239, 83, 80, 1.0)",0.6565796370737056,22.35736927030985,0.35430695159380343,42.30026890227465,-4.147581393658022,False,True,False,True,False,5.18084988641867,0.0,0.0,0.0,0.0,0,0.906094870380585,0.7886100386100385,False,False,False,False,0.1892318210375306,0.19847954417170183,False,False,False,False,16390208.0,13072195.40578463,False,False,False,False,593016.8056088744,False,False,False,False
2025-01-07 17:00:00+00:00,22.395,22.54,22.165,22.195,766608.0,,,,,,,,22.588937886424443,21.70570265453965,20.816196278458367,,,,,21.70361227314082,"rgba(239, 83, 80, 1.0)",0.6485653814798267,22.33552690699574,-0.21667346270486912,37.629592816486905,-8.554130370037697,False,True,False,True,False,1.9693793768018857,0.0,0.0,0.0,0.0,0,0.8939808481532151,0.7975376196990425,False,False,False,False,0.15150364841519504,0.17499159629344843,False,False,False,False,15623600.0,13111752.066160062,False,False,False,False,595708.1419560236,False,False,False,False
2025-01-08 17:00:00+00:00,22.075,22.245,21.9,22.195,977083.0,,,,,,,,22.578646793353705,21.710809268812447,20.82880596048619,,,,,21.706087340884114,"rgba(239, 83, 80, 1.0)",0.6395265563025786,22.310114037603945,-0.1799988389371609,34.515808759295076,-11.340145744028192,False,True,False,True,False,1.9693793768018857,0.0,0.0,0.0,0.0,0,0.8879825992387169,0.8065524741707452,False,False,False,False,0.11724341327164857,0.1461175047825485,False,False,False,False,15623600.0,13150695.444979286,False,False,False,False,601620.9304528295,False,False,False,False
2025-01-09 17:00:00+00:00,22.195,22.195,22.195,22.195,0.0,,,,,,,,22.578646793353705,21.710809268812447,20.82880596048619,,,,,21.706087340884114,"rgba(239, 83, 80, 1.0)",0.6338552851578516,22.310114037603945,-0.18160933623086803,32.43995272116719,-13.16440604096151,False,True,False,True,False,1.9693793768018857,0.0,0.0,0.0,0.0,0,0.9003149390661376,0.8055593591674656,False,False,False,False,0.13219390804205555,0.13915570641230202,False,False,False,False,15623600.0,13189035.050483484,False,False,False,False,592293.474166739,False,False,False,False
2025-01-10 17:00:00+00:00,21.685,21.75,21.54,21.71,1091264.0,,,,,,,,22.557127466643195,21.710200169406313,20.8378050519984,,,,,21.70171089601597,"rgba(239, 83, 80, 1.0)",0.6366217002185898,22.268423632817548,-0.877167134933992,28.05883212411521,-17.122218953458614,False,True,False,True,False,0.0,0.0,0.0,0.0,0.0,0,0.8944587454274493,0.8134399132908823,False,False,False,False,0.06543231229203637,0.1022940093521692,False,False,False,False,14532336.0,13209861.421793817,False,False,False,False,600029.4513114407,False,False,False,False
2025-01-13 17:00:00+00:00,21.51,21.58,21.45,21.555,446390.0,,,,,,,21.528333333333332,22.547292234824084,21.709179408656404,20.84082562298446,,21.528333333333332,,,21.65640764994957,"rgba(239, 83, 80, 1.0)",0.6433691583172858,22.264515726927762,-1.1028127751468237,24.478394391849665,-20.266453951279534,False,True,False,True,False,0.0,1.0,21.58,21.45,0.0,0,0.8846832180165516,0.8171211504544839,True,False,False,False,0.04975881606248399,0.0760264127073266,False,False,True,False,14085946.0,13223444.128432672,False,False,False,False,597647.4443143641,False,False,False,False
2025-01-14 17:00:00+00:00,21.595,21.815,21.545,21.81,363534.0,,,,,,,21.615858990061618,22.540926857643868,21.709243810354486,20.843958276028093,,21.615858990061618,,,21.677496983522015,"rgba(239, 83, 80, 0.75)",0.6468962766880111,22.26023337355512,-0.6959900524705958,26.48840064995821,-20.266453951279534,False,True,False,True,True,0.0,0.0,0.0,0.0,0.0,0,0.886994180538639,0.8139125727432671,False,False,False,False,0.0696572705256875,0.07284184161650706,False,False,False,False,14449480.0,13242452.436518988,False,False,False,False,594017.7785110406,False,False,False,False
2025-01-15 17:00:00+00:00,22.0,22.05,21.88,21.895,598650.0,,,,,,,21.754328652003135,22.533398992339993,21.710972373469488,20.850337640961676,,21.754328652003135,,,21.71225941469357,"rgba(239, 83, 80, 0.75)",0.6498104921249692,22.258989414620835,-0.5601470259899011,29.135984900686907,-20.266453951279534,False,True,False,True,True,0.0,0.0,0.0,0.0,0.0,0,0.8951275475772711,0.8079362936968549,False,False,False,False,0.10416665804936139,0.08850424983293423,False,False,False,False,15048130.0,13270447.437503189,False,False,False,False,594089.5958984664,False,False,False,False
2025-01-16 17:00:00+00:00,21.975,22.03,21.835,22.015,521988.0,,,,,,,21.80993835301154,22.52718644392875,21.71257685331325,20.8559323009719,,21.80993835301154,,,21.72640848780636,"rgba(239, 83, 80, 0.75)",0.6501884827210354,22.254796703464507,-0.3688110599267437,32.69933066057642,-23.30756475448008,False,True,False,True,True,0.6230802492136256,0.0,0.0,0.0,0.0,0,0.8991263991263997,0.8038493038493038,False,False,False,False,0.10022040020269067,0.09436232501781244,False,False,False,False,15570118.0,13306101.24467368,False,False,False,False,592971.7416984902,False,False,False,False
2025-01-17 17:00:00+00:00,22.305,22.365,22.22,22.295,758829.0,,,,,,,21.94633136151146,22.523560239049733,21.717965942628915,20.86639088053028,,21.94633136151146,,,21.7635621059301,"rgba(239, 83, 80, 0.75)",0.6471263574623904,22.26156467177017,0.051667387434106836,38.63755010444967,-17.89265048098948,False,True,False,True,True,2.772079193877204,0.0,0.0,0.0,0.0,0,0.9136798905608758,0.7958960328317372,False,False,False,False,0.12232645448163695,0.1083443897497247,False,False,False,False,16328947.0,13352967.070337655,False,False,False,False,595543.1720597539,False,False,False,False
2025-01-20 17:00:00+00:00,22.295,22.295,22.295,22.295,0.0,,,,,,,21.94633136151146,22.523560239049733,21.717965942628915,20.86639088053028,,21.94633136151146,,,21.7635621059301,"rgba(239, 83, 80, 0.75)",0.6420812303021519,22.26156467177017,0.05207336183008741,42.59636306703184,-14.403426100292862,False,True,False,True,True,2.772079193877204,0.0,0.0,0.0,0.0,0,0.9111486011528193,0.8059890341628002,False,False,False,False,0.12266635969283014,0.11550537472127742,False,False,False,False,16328947.0,13399106.29405335,False,False,False,False,586309.9445859593,False,False,False,False
2025-01-21 17:00:00+00:00,22.515,22.53,22.39,22.48,547397.0,,,,,,,22.0343290879724,22.52293087792255,21.722944352193085,20.87474642107756,,22.0343290879724,,,21.7887376847914,#000000,0.6379605878984457,22.268842383124404,0.3309884981628509,47.36874009204675,-10.128831903493207,False,False,False,False,True,4.1798005681072326,0.0,0.0,0.0,0.0,0,0.9101897399859455,0.8054813773717495,False,False,False,False,0.14516643029085466,0.13033590250606603,False,False,False,False,16876344.0,13453016.956161048,False,False,False,False,585706.6431195104,False,False,False,False
2025-01-22 17:00:00+00:00,22.27,22.48,22.245,22.33,628782.0,,,,,,,22.085947906777008,22.520781972440822,21.727710136591963,20.883551586200678,,22.085947906777008,,,21.804497900502618,#000000,0.634716237938436,22.271567161183526,0.09206135801135713,48.548603532591905,-9.085632937238728,False,False,False,False,True,2.9232723991744294,0.0,0.0,0.0,0.0,0,0.9119134588367521,0.803315538072492,False,False,False,False,0.13185473187052962,0.1310953171882978,False,False,False,False,16247562.0,13496343.235910488,False,False,False,False,586374.4781099056,False,False,False,False
2025-01-23 17:00:00+00:00,22.485,22.655,22.45,22.51,630897.0,,,,,,,22.149421876108512,22.521000188358055,21.733828881251032,20.893391456621643,,22.149421876108512,,,21.82441060058481,"rgba(38, 166, 154, 1.0)",0.61666021423458,22.27852125771635,0.375374861131542,51.37548417354104,-6.32353616513732,True,False,True,False,True,4.297155812964981,0.0,0.0,0.0,0.0,0,0.9186241610738258,0.793763982102908,False,False,False,False,0.15748123737646574,0.14428827728238178,False,False,False,False,16878459.0,13548779.139229706,False,False,False,False,587064.7497671164,False,False,False,False
2025-01-24 17:00:00+00:00,22.675,22.73,22.605,22.71,1118304.0,,,,,,,22.255430024661738,22.524464645328766,21.74634318114274,20.912043689205802,,22.255430024661738,,,21.859570385084762,"rgba(38, 166, 154, 1.0)",0.6019128143145434,22.29433381558716,0.6905754031606749,55.191449020775536,-2.6226686651416813,True,False,True,False,True,5.792831101429844,0.0,0.0,0.0,0.0,0,0.9192130598576815,0.7919631645039763,False,False,False,False,0.17334238965784232,0.15881533347011206,False,False,False,False,17996763.0,13617740.129319167,False,False,False,False,595301.0172125874,False,False,False,False
2025-01-27 17:00:00+00:00,24.055,24.365,24.035,24.155,1235686.0,,,,,,,22.60348601633439,22.56310845679175,21.781408790901292,20.949335052298924,,22.60348601633439,,,21.97433457908159,"rgba(38, 166, 154, 1.0)",0.6111559126356929,22.374518530928782,2.9133015524510775,64.21528681570828,5.737687755501611,True,False,True,False,True,15.130116295674732,0.0,0.0,0.0,0.0,0,0.9238120877641677,0.7945887737245925,False,False,False,False,0.3428282403611701,0.25082178691564105,False,False,False,False,19232449.0,13704789.879252203,False,False,False,False,605229.4665581287,False,False,False,False
2025-01-28 17:00:00+00:00,24.075,24.58,24.055,24.42,1260267.0,,,,,,,22.875123219579415,22.60457538479267,21.81855710587765,20.988417480082155,,22.875123219579415,,,22.071668297582974,"rgba(38, 166, 154, 1.0)",0.6336326201335548,22.62547864533583,2.8321164309468956,70.80690230700117,11.584617580528224,True,False,True,False,True,16.604468048371633,0.0,0.0,0.0,0.0,0,0.9237060874229021,0.7969965138106727,False,False,False,False,0.342828240667689,0.29682501379166504,False,False,False,False,20492716.0,13810029.043914959,False,False,False,False,615385.0872316461,False,False,False,False
2025-01-29 17:00:00+00:00,24.495,24.525,24.2,24.235,572663.0,,,,,,,22.97041178286768,22.622459012175014,21.834878102555933,21.005716880769807,,22.97041178286768,,,22.10836644459211,"rgba(38, 166, 154, 1.0)",0.6509031978512543,22.653974765331398,2.4289713737585608,73.2123128571107,13.64177963827531,True,False,True,False,True,15.025197424546182,0.0,0.0,0.0,0.0,0,0.9326563335114917,0.7951630144307854,False,False,False,False,0.34282824078156776,0.31982662728661637,False,False,False,False,19920053.0,13904758.097497672,False,False,False,False,614722.7292900701,False,False,False,False
2025-01-30 17:00:00+00:00,24.095,24.23,24.01,24.025,803087.0,,,,,,,23.06505055636759,22.64358129063622,21.855310191910014,21.02800186967506,,23.06505055636759,,,22.147985977147222,"rgba(38, 166, 154, 1.0)",0.6606345707242784,22.681522146450256,2.0336172417935043,72.65263056721389,13.64177963827531,True,False,True,False,True,13.262659780607063,0.0,0.0,0.0,0.0,0,0.9351664644830843,0.8001078312441027,False,False,False,False,0.3093799719417529,0.31460329961418465,False,False,False,False,19116966.0,13985567.522342669,False,False,False,False,617643.1055801465,False,False,False,False
2025-01-31 17:00:00+00:00,23.875,23.885,23.66,23.695,768602.0,,,,,,,23.11613662395091,22.658586560522725,21.871581547882574,21.046682565606883,,23.11613662395091,,,22.173246824490775,"rgba(38, 166, 154, 0.75)",0.6635007349093447,22.69539141073578,1.5065674183477706,69.22272484242104,13.64177963827531,True,False,True,False,False,10.576106778529887,0.0,0.0,0.0,0.0,0,0.9260705628871537,0.8128198222461618,False,False,False,False,0.26257364008522094,0.28858846984970277,False,False,False,False,18348364.0,14053207.777810225,False,False,False,False,619983.5535556482,False,False,False,False
2025-02-03 17:00:00+00:00,24.355,24.425,24.225,24.275,819299.0,,,,,,,23.204337138363716,22.682166393587956,21.89372462805259,21.070398834261976,,23.204337138363716,,,22.212656748566562,"rgba(38, 166, 154, 0.75)",0.6757707111543594,22.731105929079277,2.28464188435072,69.47312833077282,13.64177963827531,True,False,True,False,False,13.91090871688186,0.0,0.0,0.0,0.0,0,0.9264980026631164,0.8125166444740344,False,False,False,False,0.33760902644524904,0.3130987481474759,False,False,False,False,19167663.0,14132501.65722402,False,False,False,False,623073.7155160258,False,False,False,False
2025-02-04 17:00:00+00:00,24.36,24.425,24.2,24.25,572761.0,,,,,,,23.257807789686098,22.698089491052148,21.908861851521472,21.086690471271705,,23.257807789686098,,,22.237862400882854,"rgba(38, 166, 154, 0.75)",0.6818436321758478,22.753947326779205,2.1941286867293974,69.41356377767386,13.64177963827531,True,False,True,False,False,13.708943571872911,0.0,0.0,0.0,0.0,0,0.9255813953488374,0.8131561461794017,False,False,False,False,0.3358732323457155,0.3244859902465957,False,False,False,False,18594902.0,14201686.158662407,False,False,False,False,622293.6734150022,False,False,False,False
2025-02-05 17:00:00+00:00,24.355,24.49,24.28,24.47,564888.0,,,,,,,23.3112585946714,22.71466375754494,21.924357761530405,21.103201422735843,,23.3112585946714,,,22.26337038412065,"rgba(38, 166, 154, 0.75)",0.7080810764388666,22.777942131143952,2.389638595294579,70.2715307212358,13.64177963827531,True,False,True,False,False,14.934139863615638,0.0,0.0,0.0,0.0,0,0.9255079006772013,0.8143672819014736,False,False,False,False,0.34282824053240235,0.33365711538949905,False,False,False,False,19159790.0,14278555.985659888,False,False,False,False,621403.6629744596,False,False,False,False
2025-02-06 17:00:00+00:00,24.335,24.46,24.305,24.455,255403.0,,,,,,,23.33369871064816,22.722023793615584,21.93128256158101,21.110597915367407,,23.33369871064816,,,22.27440074530304,"rgba(38, 166, 154, 0.75)",0.7293104110566969,22.788314966722513,2.2852889633957467,70.6831586953717,13.671834144675756,True,False,True,False,False,14.809237091767628,0.0,0.0,0.0,0.0,0,0.9294633368756643,0.8117693942614237,False,False,False,False,0.34248120547992683,0.3380691604347129,False,False,False,False,18904387.0,14350274.295959735,False,False,False,False,615729.2340911346,False,False,False,False
2025-02-07 17:00:00+00:00,24.635,24.73,24.535,24.545,859491.0,,,,,,,23.41558107320838,22.749165873944197,21.956134105757137,21.136718149238252,,23.41558107320838,,,22.31439980053699,"rgba(38, 166, 154, 0.75)",0.7455398733151128,22.827446526943397,2.303771447420165,71.36750051508868,15.001953792630218,True,False,True,False,False,15.316724551499664,0.0,0.0,0.0,0.0,0,0.9312491720757716,0.8103060007948069,False,False,False,False,0.3428282411479044,0.3404487007913086,False,False,False,False,19763878.0,14434206.136332452,False,False,False,False,619508.4862757681,False,False,False,False
2025-02-10 17:00:00+00:00,24.805,24.935,24.72,24.875,634414.0,,,,,,,23.480459268380223,22.771231959478072,21.975819567659375,21.1570665163672,,23.480459268380223,,,22.346144327971217,"rgba(38, 166, 154, 0.75)",0.775116248183593,22.859521909096593,2.6002268635530186,73.19716460483775,17.316571152374706,True,False,True,False,False,17.14190151325538,0.0,0.0,0.0,0.0,0,0.9284210526315794,0.8049999999999997,False,False,False,False,0.3428282415957037,0.34163847119350615,False,False,False,False,20398292.0,14526672.583831172,False,False,False,False,619739.5795118028,False,False,False,False
2025-02-11 17:00:00+00:00,25.145,25.18,25.04,25.16,727997.0,,,,,,,23.562044618353006,22.79937183210593,22.000280237457073,21.18191663030904,,23.562044618353006,,,22.385903329556264,"rgba(38, 166, 154, 1.0)",0.8124300219345362,22.900733114896457,2.7808756743428042,75.40466082855737,19.84891158461795,True,False,True,False,True,18.660252137475993,0.0,0.0,0.0,0.0,0,0.9370935633709359,0.796416721964167,False,False,False,False,0.3428282416619268,0.34223335642771646,False,False,False,False,21126289.0,14628992.21819038,False,False,False,False,621417.9891317749,False,False,False,False
2025-02-12 17:00:00+00:00,25.295,25.38,25.27,25.355,1084582.0,,,,,,,23.68394942013219,22.843713049572205,22.038407800323288,21.22029207638707,,23.68394942013219,,,22.446590586603687,"rgba(38, 166, 154, 1.0)",0.8508868558401,22.964336888985112,2.8096133987808893,77.47979370694412,22.14666143837873,True,False,True,False,True,19.67393332659345,0.0,0.0,0.0,0.0,0,0.9371345029239769,0.7969165337586387,False,False,False,False,0.3428282417869608,0.34253079910733863,False,False,False,False,22210871.0,14746540.72643549,False,False,False,False,628598.8265095768,False,False,False,False
2025-02-13 17:00:00+00:00,25.495,25.735,25.475,25.61,737824.0,,,,,,,23.76986570510812,22.876195591764592,22.065947649123054,21.247692511972517,,23.76986570510812,,,22.48992536449207,"rgba(38, 166, 154, 1.0)",0.9006799583577935,23.010326487854133,2.886345463804748,79.57714219033636,24.390075228413735,True,False,True,False,True,20.0,0.0,0.0,0.0,0.0,0,0.936971458773785,0.793076109936575,False,False,False,False,0.34282824236238174,0.3426795207348602,False,False,False,False,22948695.0,14873705.908971373,False,False,False,False,630292.240052064,False,False,False,False
2025-02-14 17:00:00+00:00,25.905,25.93,25.845,25.865,715412.0,,,,,,,23.857495734397197,22.910051061375416,22.09427835004075,21.275581322985584,,23.857495734397197,,,22.53435161719974,"rgba(38, 166, 154, 1.0)",0.9511644120438627,23.057959822718516,2.951161904017953,81.60262567142604,26.513974836122728,True,False,True,False,True,20.0,0.0,0.0,0.0,0.0,0,0.9405277668373379,0.7890245503479058,False,False,False,False,0.34282824289213276,0.3427538818134965,False,False,False,False,23664107.0,15009991.197204376,False,False,False,False,631611.9262528071,False,False,False,False
2025-02-17 17:00:00+00:00,25.865,25.865,25.865,25.865,0.0,,,,,,,23.857495734397197,22.910051061375416,22.09427835004075,21.275581322985584,,23.857495734397197,,,22.53435161719974,"rgba(38, 166, 154, 1.0)",0.9936454494835099,23.057959822718516,2.824991729938041,82.9529479921525,27.99579727922503,True,False,True,False,True,20.0,0.0,0.0,0.0,0.0,0,0.9403790471176628,0.7912608581205578,False,False,False,False,0.34023771983743073,0.3414958008254636,False,False,False,False,23664107.0,15144163.535232214,False,False,False,False,621819.4932876474,False,False,False,False
2025-02-18 17:00:00+00:00,26.025,26.175,26.005,26.065,754367.0,,,,,,,23.950804960398038,22.947301657199244,22.125266619887547,21.305899440484428,,23.950804960398038,,,22.582318169492314,"rgba(38, 166, 154, 1.0)",1.0410906876059483,23.109651015778525,2.838704657917441,84.34678547112233,29.532697117135513,True,False,True,False,True,20.0,0.0,0.0,0.0,0.0,0,0.9431118101979292,0.7876523790798268,False,False,False,False,0.34282824294122494,0.34216202188334427,False,False,False,False,24418474.0,15287951.2943759,False,False,False,False,623874.4933917149,False,False,False,False
2025-02-19 17:00:00+00:00,26.22,26.35,26.145,26.255,917616.0,,,,,,,24.06243857292197,22.99382159919343,22.163894129372537,21.343548708824443,,24.06243857292197,,,22.640925752578095,"rgba(38, 166, 154, 1.0)",1.0940267714167609,23.172980504441433,2.817133525505378,85.702107324767,31.03661022929721,True,False,True,False,True,20.0,0.0,0.0,0.0,0.0,0,0.9415924567836568,0.7848349921424826,False,False,False,False,0.3428282432145227,0.3424951325489335,False,False,False,False,25336090.0,15443736.390587125,False,False,False,False,628428.6252771146,False,False,False,False
2025-02-20 17:00:00+00:00,26.215,26.24,25.945,26.16,780373.0,,,,,,,24.143831051102598,23.030766857982844,22.195112889000306,21.374250064324777,,24.143831051102598,,,22.68599021560263,"rgba(38, 166, 154, 1.0)",1.135270932460659,23.22125507876122,2.5885846604644014,85.04574494874137,31.03661022929721,True,False,True,False,True,20.0,0.0,0.0,0.0,0.0,0,0.9342808710392494,0.7903246837918891,False,False,False,False,0.3255640789122931,0.3340296057306133,False,False,False,False,24555717.0,15585007.407787325,False,False,False,False,630784.3520170043,False,False,False,False
2025-02-21 17:00:00+00:00,26.455,26.72,26.43,26.635,1531301.0,,,,,,,24.320791691661793,23.11167504005955,22.262289026226387,21.43934530090173,,24.320791691661793,,,22.783525264712367,"rgba(38, 166, 154, 1.0)",1.1933849465409867,23.32707804710217,2.771881749041504,85.85219320881421,31.638402453823332,True,False,True,False,True,20.0,0.0,0.0,0.0,0.0,0,0.9441073964115145,0.780689299083516,False,False,False,False,0.3428282435153557,0.33842892462298446,False,False,False,False,26087018.0,15747829.277434032,False,False,False,False,644745.8504353452,False,False,False,False
2025-02-24 17:00:00+00:00,27.095,27.095,26.64,26.75,1884759.0,,,,,,,24.525424576212615,23.212694861708318,22.346510614452892,21.520797813715397,,24.525424576212615,,,22.901356966522307,"rgba(38, 166, 154, 1.0)",1.2492850856490791,23.455006153067295,2.63750354885631,86.63556508069047,32.66278831355113,True,False,True,False,True,20.0,0.0,0.0,0.0,0.0,0,0.9484747500640868,0.7758267110997179,False,False,False,False,0.3428282439319175,0.340628584277451,False,False,False,False,27971777.0,15937347.84677614,False,False,False,False,663970.860506115,False,False,False,False
2025-02-25 17:00:00+00:00,26.735,26.755,26.26,26.645,1569755.0,,,,,,,24.65448514259307,23.286644787443354,22.410159746267507,21.583362199209454,,24.65448514259307,,,22.98366296887835,"rgba(38, 166, 154, 1.0)",1.294923689010422,23.543038527911058,2.3954782033985755,85.48285618100016,32.66278831355113,True,False,True,False,True,20.0,0.0,0.0,0.0,0.0,0,0.9386098427194324,0.787163876204972,False,False,False,False,0.3052719357751222,0.3229502600262866,False,False,False,False,26402022.0,16099590.85690364,False,False,False,False,678014.0254595085,False,False,False,False
2025-02-26 17:00:00+00:00,26.585,26.735,26.56,26.575,1024428.0,,,,,,,24.732996748521117,23.334161284867246,22.451353375157716,21.623923200341594,,24.732996748521117,,,23.03560865222192,"rgba(38, 166, 154, 0.75)",1.335847967694225,23.5984891387085,2.228180850871212,83.57827538981272,32.66278831355113,True,False,True,False,False,20.0,0.0,0.0,0.0,0.0,0,0.9458945767866197,0.7900405473897618,False,False,False,False,0.3196167886608992,0.32128352434359286,False,False,False,False,25377594.0,16243435.866874127,False,False,False,False,683384.7847547099,False,False,False,False
2025-02-27 17:00:00+00:00,26.845,26.955,26.78,26.895,636078.0,,,,,,,24.78479156695469,23.3652100967182,22.478056684658867,21.650040662627237,,24.78479156695469,,,23.06952475273975,"rgba(38, 166, 154, 0.75)",1.3821150067530157,23.634900941159643,2.3587755309156684,83.48232718451918,32.66278831355113,True,False,True,False,False,20.0,0.0,0.0,0.0,0.0,0,0.9441516064257035,0.7833835341365462,False,False,False,False,0.34282824308602333,0.3320558837148081,False,False,False,False,26013672.0,16394912.396069877,False,False,False,False,682651.3462313811,False,False,False,False
2025-02-28 17:00:00+00:00,27.175,27.45,27.0,27.405,1151413.0,,,,,,,24.88956092540649,23.426428468745844,22.529995584405704,21.700305577738927,,24.88956092540649,,,23.13657263907424,"rgba(38, 166, 154, 0.75)",1.445922013273352,23.707485711917265,2.5572017398864513,84.74315259745285,32.66278831355113,True,False,True,False,False,20.0,0.0,0.0,0.0,0.0,0,0.9470514429109163,0.7764115432873273,False,False,False,False,0.34282824349526697,0.33744206360503753,False,False,False,False,27165085.0,16561891.816285847,False,False,False,False,689918.9687704295,False,False,False,False
2025-03-03 17:00:00+00:00,27.705,27.835,27.54,27.725,731623.0,,,,,,,24.962452274687227,23.46842153680784,22.565248851121524,21.734120226866185,,24.962452274687227,,,23.18256072237069,"rgba(38, 166, 154, 1.0)",1.5176746734443478,24.08863355363127,2.39601181333285,86.19396519623041,32.91489975821949,True,False,True,False,True,20.0,0.0,0.0,0.0,0.0,0,0.9563855119689189,0.7729038726657477,False,False,False,False,0.3428282439835966,0.3401351537943171,False,False,False,False,27896708.0,16737625.400529476,False,False,False,False,690565.5428980198,False,False,False,False
2025-03-04 17:00:00+00:00,26.66,26.755,26.125,26.215,1910343.0,,,,,,,25.05141037989397,23.54088075762906,22.631718471084138,21.80128145178333,,25.05141037989397,,,23.256322765097625,"rgba(38, 166, 154, 0.75)",1.5399770736564162,24.100604739904327,1.3730043753673538,74.30663209053147,28.593815350287088,True,False,True,False,False,16.702172438100344,0.0,0.0,0.0,0.0,0,0.9316972920696329,0.7840909090909092,False,False,False,False,0.21204085788142474,0.2760880058378709,False,False,False,False,25986365.0,16881016.712149173,False,False,False,False,709476.8213027016,False,False,False,False
2025-03-05 17:00:00+00:00,26.015,26.23,25.92,26.18,844968.0,,,,,,,25.080297778627227,23.568996050578967,22.658424805965314,21.82874490341657,,25.080297778627227,,,23.284115884647022,"rgba(38, 166, 154, 0.5)",1.5606934471689264,24.117652216765265,1.3214304109341917,66.19375284681526,21.76593210646888,False,False,True,False,False,16.435706950160668,0.0,0.0,0.0,0.0,0,0.9236447241045503,0.8020329138431752,False,False,False,False,0.1657961261830979,0.2209420660104844,False,False,False,False,25141397.0,17009084.623588722,False,False,False,False,711577.459732117,False,False,False,False
2025-03-06 17:00:00+00:00,26.315,26.785,26.255,26.725,928056.0,,,,,,,25.12418124417381,23.60485643585335,22.69128868792835,21.861833667433498,,25.12418124417381,,,23.320540008847253,"rgba(38, 166, 154, 0.5)",1.593103967810087,24.15354859584285,1.614113991374914,63.51254206638816,19.952352673633058,False,False,True,False,False,19.02031206324589,0.0,0.0,0.0,0.0,0,0.9248456976884915,0.7958368631247731,False,False,False,False,0.21319577077518692,0.21706891839283565,False,False,False,False,26069453.0,17149555.451129984,False,False,False,False,714933.7161703787,False,False,False,False
2025-03-07 17:00:00+00:00,27.115,27.21,27.02,27.11,830600.0,,,,,,,25.17467167781684,23.641758242501325,22.724138960534503,21.894306369610415,,25.17467167781684,,,23.358718812615773,"rgba(38, 166, 154, 0.5)",1.6342882766425146,24.19717646563974,1.7823192982479024,63.329576573003294,19.952352673633058,False,False,True,False,False,20.0,0.0,0.0,0.0,0.0,0,0.9311424100156501,0.7971590225111351,False,False,False,False,0.27812383569999904,0.24759637704641735,False,False,False,False,26900053.0,17300725.955763627,False,False,False,False,716726.9918886675,False,False,False,False
2025-03-10 17:00:00+00:00,27.22,27.45,27.155,27.3,928438.0,,,,,,,25.23335544419108,23.684287134222743,22.76183679591232,21.93142482637625,,25.23335544419108,,,23.402726050175595,"rgba(38, 166, 154, 0.5)",1.6774490311935681,24.24753287398393,1.8197078237567237,63.948632985120355,19.952352673633058,False,False,True,False,False,20.0,0.0,0.0,0.0,0.0,0,0.9413043478260874,0.7882850241545895,False,False,False,False,0.2990423176632972,0.2733193473548573,False,False,False,False,27828491.0,17463947.119240157,False,False,False,False,720009.3330996959,False,False,False,False
2025-03-11 17:00:00+00:00,25.805,26.175,25.59,26.005,1452637.0,,,,,,25.923333333333336,25.261907467010364,23.724268359746848,22.802054949762038,21.973842795914727,,25.261907467010364,,,23.93708138115346,"rgba(38, 166, 154, 0.5)",1.6902861504107098,24.466927153874583,0.9099482035936293,57.512631081378274,14.632047921796314,False,True,True,False,False,12.293627583092828,0.0,0.0,0.0,0.0,0,0.9221354470217981,0.8030073435132301,False,False,False,False,0.14553024345407725,0.2094247954044673,False,False,False,False,26375854.0,17602116.218166668,False,False,False,False,731367.9015787703,False,False,False,False
2025-03-12 17:00:00+00:00,25.61,25.86,25.59,25.7,851178.0,,,,,25.71666666666667,25.846977323844722,25.272673150914976,23.744898970401046,22.823619885346755,21.997002675431503,,25.272673150914976,,,24.23363977876761,#000000,1.698949662278121,24.64261605901543,0.6223750853022464,52.075056507512166,9.690069758093586,False,True,False,False,False,10.322803046284623,0.0,0.0,0.0,0.0,0,0.9169754515979625,0.8085919407132932,False,False,False,False,0.1290376413050127,0.16923121835473998,False,False,False,False,25524676.0,17724946.602381136,False,False,False,False,733225.4224845257,False,False,False,False
2025-03-13 17:00:00+00:00,26.045,26.175,26.03,26.095,347867.0,,,,,25.82787935398588,25.880170685373788,25.28060087394558,23.75482337172958,22.833497300821662,22.007352526121274,,25.28060087394558,,,24.26405401866296,#000000,1.7126020059052296,24.658157147223292,0.8389823483928683,50.42881969963996,8.221037803489907,False,True,False,False,False,12.196588382482368,0.0,0.0,0.0,0.0,0,0.9167442943642299,0.8057755006986492,False,False,False,False,0.16870191977215798,0.16896656906344898,False,False,False,False,25872543.0,17851265.92637523,False,False,False,False,727250.8732987191,False,False,False,False
2025-03-14 17:00:00+00:00,26.165,26.65,26.165,26.605,622266.0,,,,,26.04840405619908,25.992910700882643,25.300700875984116,23.775162254777204,22.85302081279653,22.027413744003233,,25.300700875984116,,,24.33293540744047,#000000,1.7332767930833857,24.69549030118683,1.1016761468410814,51.58494344540984,8.221037803489907,False,True,False,False,False,14.505624103590836,0.0,0.0,0.0,0.0,0,0.9256843331391967,0.7917297612114154,False,False,False,False,0.20113142860884803,0.1850489988361485,False,False,False,False,26494809.0,17985274.34612135,False,False,False,False,725623.2008444753,False,False,False,False
2025-03-17 17:00:00+00:00,26.865,26.925,26.83,26.86,478937.0,,,,,26.21981641037546,26.105056089293083,25.32081612102757,23.792890940503355,22.869543053277173,22.044104294202832,,25.32081612102757,,,24.39203781811325,"rgba(38, 166, 154, 0.5)",1.7529136619657821,24.72960098534552,1.2153473732787108,53.38703353268535,8.221037803489907,False,True,True,False,False,15.619495941649742,0.0,0.0,0.0,0.0,0,0.9374052919920745,0.7908847184986596,False,False,False,False,0.25196124760679545,0.21850512322147198,False,False,False,False,26973746.0,18124630.495793886,False,False,False,False,721798.6085833206,False,False,False,False
2025-03-18 17:00:00+00:00,26.695,26.74,26.585,26.62,518833.0,,,,,26.29868208351114,26.171041288306018,25.33897818749297,23.81049213448985,22.88629869998808,22.061225407591323,,25.33897818749297,,,24.427786300229894,"rgba(38, 166, 154, 0.5)",1.7744465245446113,24.753675024955356,1.0517786527963207,53.3280718411947,8.221037803489907,False,True,True,False,False,14.044881717824474,0.0,0.0,0.0,0.0,0,0.9371488764044952,0.7854634831460673,False,False,False,False,0.22856600385119505,0.22353556353633353,False,False,False,False,26454913.0,18253782.162525766,False,False,False,False,718651.8549618738,False,False,False,False
2025-03-19 17:00:00+00:00,26.645,26.935,26.595,26.84,477624.0,,,,,26.369863832725905,26.233287708065667,25.357025892889318,23.82730394074726,22.902168606836838,22.077357774993754,,25.357025892889318,,,24.461167959376453,"rgba(38, 166, 154, 0.5)",1.7980454553373892,24.776911207668576,1.1474063607275722,54.287520166480014,8.221037803489907,False,True,True,False,True,15.019750491283723,0.0,0.0,0.0,0.0,0,0.9360831970086475,0.7863986912830099,False,False,False,False,0.239687393911992,0.23161147872416277,False,False,False,False,26932537.0,18388336.501091257,False,False,False,False,714914.9889934728,False,False,False,False
2025-03-20 17:00:00+00:00,26.885,26.905,26.75,26.795,489731.0,,,,,26.427652528657553,26.287820019559447,25.375406585178048,23.84449942999956,22.91841806128749,22.093878132668824,,25.375406585178048,,,24.491279126225155,"rgba(38, 166, 154, 0.5)",1.820628665801656,24.79915521334776,1.0962393508032762,54.6550808574292,8.221037803489907,False,True,True,False,True,14.720255035109957,0.0,0.0,0.0,0.0,0,0.940585969417533,0.7853390918641299,False,False,False,False,0.24649722775002386,0.23905435323709331,False,False,False,False,26442806.0,18513211.99719837,False,False,False,False,711423.764357915,False,False,False,False
2025-03-21 17:00:00+00:00,26.805,27.08,26.77,27.035,798057.0,,,,,26.520612365424046,26.37689678842983,25.407303212941724,23.87344754869658,22.945585052860867,22.121373052192126,,25.407303212941724,,,24.54086967009086,"rgba(38, 166, 154, 0.5)",1.8469012714019892,24.836870747301887,1.1901714979217624,56.091903965892,8.221037803489907,False,True,True,False,True,15.792276420035765,0.0,0.0,0.0,0.0,0,0.9398373983739845,0.7843205574912894,False,False,False,False,0.25716574522302044,0.24811004923005686,False,False,False,False,27240863.0,18648524.415846456,False,False,False,False,712766.9152981023,False,False,False,False
2025-03-24 17:00:00+00:00,26.975,27.045,26.865,26.96,430871.0,,,,,26.558073884235185,26.415518617215227,25.423942993456897,23.888829305033315,22.96008322795418,22.136073635630765,,25.423942993456897,,,24.563753610587597,"rgba(38, 166, 154, 0.5)",1.8675138794906094,24.855443671808995,1.1269294173947735,56.5111443881446,8.221037803489907,False,True,True,False,True,15.280301145328728,0.0,0.0,0.0,0.0,0,0.9415109666937457,0.7872809562492747,False,False,False,False,0.26045981738783547,0.2542849333089462,False,False,False,False,26809992.0,18775058.796996124,False,False,False,False,708396.4359911549,False,False,False,False
2025-03-25 17:00:00+00:00,27.455,27.54,27.17,27.295,834861.0,,,,,26.668945741972884,26.520633453934458,25.462900409483357,23.921822721731292,22.990510116317612,22.166520420198154,,25.462900409483357,,,24.621888810606293,"rgba(38, 166, 154, 0.5)",1.8942646960598495,24.900710507266858,1.263967753668939,58.51143530179921,3.571146423738192,False,True,True,False,True,16.776723515568403,0.0,0.0,0.0,0.0,0,0.9441887226697362,0.7822784810126584,False,False,False,False,0.3049445995057922,0.2796147664073692,False,False,False,False,27644853.0,18912574.98618998,False,False,False,False,710357.1269060207,False,False,False,False
2025-03-26 17:00:00+00:00,27.65,27.8,27.575,27.66,821527.0,,,,,26.79323680671384,26.63769846754015,25.506467362705244,23.956882603581196,23.02237442874318,22.19810203443084,,25.506467362705244,,,24.68579361728574,"rgba(38, 166, 154, 0.5)",1.9266315187417085,24.950880659904826,1.4061429566274886,61.45939520505554,6.618520880676151,False,True,True,False,True,18.354777483994226,0.0,0.0,0.0,0.0,0,0.9451240425288677,0.7754658740139478,False,False,False,False,0.34282824288316177,0.3112215046452655,False,False,False,False,28466380.0,19060695.994156025,False,False,False,False,712080.6908299583,False,False,False,False
2025-03-27 17:00:00+00:00,28.245,28.42,28.17,28.185,1331614.0,,,,,27.037002123231648,26.865919638385623,25.59147444904187,24.020985325789056,23.07943384437379,22.25386818868027,,25.59147444904187,,,24.808113928250375,"rgba(38, 166, 154, 0.5)",1.968383184331834,25.047611246602877,1.5938912597762849,65.30623524480276,10.337937203780065,False,True,True,False,True,20.0,0.0,0.0,0.0,0.0,0,0.9484023935869941,0.7715930902111326,False,False,False,False,0.3428282438797238,0.32702487426249466,False,False,False,False,29797994.0,19227165.730680738,False,False,False,False,721685.85841399,False,False,False,False
2025-03-28 17:00:00+00:00,28.175,28.245,28.085,28.21,711132.0,,,,,27.130274548803612,26.957831922004907,25.633483818441572,24.053823664143454,23.108946017729206,22.28284800884772,,25.633483818441572,,,24.86120132999508,"rgba(38, 166, 154, 0.5)",2.009468808389884,25.09257690578726,1.5513667498579486,67.95339781844027,12.837564263043014,False,False,True,False,True,20.0,0.0,0.0,0.0,0.0,0,0.9430701457133183,0.7781542979780867,False,False,False,False,0.32919265425342115,0.3281087642579579,False,False,False,False,30509126.0,19402079.84338336,False,False,False,False,721522.2327021452,False,False,False,False
2025-03-31 17:00:00+00:00,28.245,28.41,28.215,28.305,914587.0,,,,,27.242326894507627,27.06942787667236,25.688206453103618,24.096609228281082,23.147363522716308,22.320517390363,,25.688206453103618,,,24.927408560940666,"rgba(38, 166, 154, 0.5)",2.0427708130366855,25.149980500113365,1.5444804085469253,70.05484794332844,14.839079988458536,False,False,True,False,True,20.0,0.0,0.0,0.0,0.0,0,0.9423098591549303,0.7765633802816903,False,False,False,False,0.3428282439058855,0.3354685040819217,False,False,False,False,31423713.0,19588461.752788268,False,False,False,False,724515.4849083136,False,False,False,False
2025-04-01 17:00:00+00:00,28.515,28.565,28.44,28.495,703674.0,,,,,27.327976028957995,27.154843454418792,25.73175247890685,24.130405227681223,23.177611119752115,22.35009013122527,,25.73175247890685,,,24.978779740157037,"rgba(38, 166, 154, 1.0)",2.0773849855956747,25.19511129616308,1.5884820226958085,72.12766153097226,16.849284919870286,True,False,True,False,True,20.0,0.0,0.0,0.0,0.0,0,0.9487497184050468,0.7713448974994369,False,False,False,False,0.34282824418178276,0.3391483741318522,False,False,False,False,32127387.0,19782863.694605503,False,False,False,False,724192.3611112855,False,False,False,False
2025-04-02 17:00:00+00:00,28.275,28.285,28.01,28.11,643077.0,,,,,27.375259767000887,27.205558947051127,25.765291584665697,24.1582980576668,23.203081212025236,22.375280369718677,,25.765291584665697,,,25.01379498968807,"rgba(38, 166, 154, 0.5)",2.0952121481954773,25.228232823296047,1.3754059125639873,69.65891102978438,16.849284919870286,False,False,True,False,False,18.994567998108792,0.0,0.0,0.0,0.0,0,0.9461426491994184,0.7737095510021276,False,False,False,False,0.30691387237258566,0.32303112325221894,False,False,False,False,31484310.0,19964281.466782164,False,False,False,False,722934.7586134361,False,False,False,False
2025-04-03 17:00:00+00:00,28.685,28.795,28.54,28.585,769444.0,,,,,27.458114052623692,27.289187451575383,25.812505368290108,24.195339394134237,23.236299925331167,22.407751282689564,,25.812505368290108,,,25.066532912440692,"rgba(38, 166, 154, 0.5)",2.1217934110745174,25.601199212284005,1.4062635750221042,70.05572126028002,16.849284919870286,False,False,True,False,False,20.0,0.0,0.0,0.0,0.0,0,0.9532098902317335,0.7656059430092027,False,False,False,False,0.34282824440988763,0.33292968383105326,False,False,False,False,32253754.0,20154815.92466151,False,False,False,False,723655.8321233054,False,False,False,False
2025-04-04 17:00:00+00:00,26.925,27.055,26.535,26.655,738870.0,,,,,27.416105931921678,27.260513634407516,25.827035385373627,24.215441949195977,23.256785069570466,22.429248173147702,,25.827035385373627,,,25.06752169060283,"rgba(38, 166, 154, 0.5)",2.11528889045682,25.55155838412442,0.5216505513047353,59.8679643155906,15.825209379759642,False,True,True,False,False,8.781839041507503,0.0,0.0,0.0,0.0,0,0.9419286094832187,0.7825253063399044,False,False,False,False,0.16451803501635695,0.24872385942370512,False,False,False,False,31514884.0,20330941.011100866,False,False,False,False,723891.710695037,False,False,False,False
2025-04-07 17:00:00+00:00,26.61,27.225,26.585,26.805,932670.0,,,,,27.378259246229735,27.236123644819944,25.847115388658068,24.241583475238595,23.28320602685568,22.45684763117273,,25.847115388658068,,,25.07385590216246,#000000,2.107958807314148,25.544899894359222,0.5977821299299163,53.827546525099095,10.61712100792677,False,True,False,False,False,9.441552252289995,0.0,0.0,0.0,0.0,0,0.9404510961214172,0.782462057335582,False,False,False,False,0.174610308937419,0.21166708418056207,False,False,False,False,32447554.0,20518795.47604504,False,False,False,False,727128.5833974396,False,False,False,False
2025-04-08 17:00:00+00:00,26.81,26.835,26.03,26.385,785384.0,,,,,27.325083033121714,27.195012502309464,25.856187621231605,24.259461176731005,23.30237363788447,22.47745603381178,,25.856187621231605,,,25.069262334181676,"rgba(239, 83, 80, 1.0)",2.0993185831391727,25.533475200825762,0.40561961677151886,48.339048362624,5.938580510327611,False,True,False,True,False,7.104455213211708,0.0,0.0,0.0,0.0,0,0.9324566017885327,0.7896896370331404,False,False,False,False,0.12975603830698323,0.17071156124377265,False,False,False,False,31662170.0,20691560.972540464,False,False,False,False,728031.7681509677,False,False,False,False
2025-04-09 17:00:00+00:00,25.695,26.85,25.65,26.42,801139.0,,,,26.30666666666667,27.270702281484866,27.15176448581813,25.863390099276064,24.276482645761654,23.321003531467028,22.4976771254111,,25.863390099276064,,,25.241098119412218,"rgba(239, 83, 80, 1.0)",2.089916240400998,25.66655747211763,0.36051326522913923,44.88363455157224,3.0430996999934834,False,True,False,True,False,7.263871828438923,0.0,0.0,0.0,0.0,0,0.9256130228724503,0.7969297341850401,False,False,False,False,0.11310242952588731,0.14190699538482998,False,False,False,False,32463309.0,20874068.693896424,False,False,False,False,729165.2136059913,False,False,False,False
2025-04-10 17:00:00+00:00,26.135,26.665,25.9,26.375,750244.0,,,,26.309890645959122,27.22510883605958,27.11520632282055,25.870027611633233,24.292219611846733,23.338280099793234,22.516453719789137,,25.870027611633233,,,25.238169549700224,"rgba(239, 83, 80, 1.0)",2.0790744172425333,25.66166465483793,0.343102362881345,42.403991734024714,0.8433996787231379,False,True,False,True,False,7.011242311967024,0.0,0.0,0.0,0.0,0,0.9321464903357076,0.8027466937945067,False,False,False,False,0.11160813560017181,0.1267575654925009,False,False,False,False,31713065.0,21042115.148254618,False,False,False,False,729492.016495821,False,False,False,False
2025-04-11 17:00:00+00:00,26.795,26.84,26.64,26.78,629665.0,,,,26.437911826485863,27.206976872886205,27.102431027127388,25.880830047853625,24.308075606024588,23.35474856601899,22.533880243939585,,25.880830047853625,,,25.260693455762322,"rgba(239, 83, 80, 1.0)",2.0696026906866067,25.675846400746877,0.5335099360963877,43.32465609278056,0.8433996787231379,False,True,False,True,False,8.876117304486879,0.0,0.0,0.0,0.0,0,0.9416658212437864,0.7992289743329614,False,False,False,False,0.15434224154626477,0.14054990351938285,False,False,False,False,32342730.0,21217318.47928943,False,False,False,False,727944.3108137152,False,False,False,False
2025-04-14 17:00:00+00:00,27.13,27.35,27.115,27.23,441127.0,,,,26.57144474911095,27.207624227220116,27.105550208615387,25.892305307455366,24.321212016765685,23.367802206455732,22.547378025114593,,25.892305307455366,,,25.28761667724826,"rgba(239, 83, 80, 0.75)",2.0597703055709036,25.695052402411765,0.745203284772472,46.38157811250896,0.8433996787231379,False,True,False,True,True,10.870470565318438,0.0,0.0,0.0,0.0,0,0.944623439387838,0.7986306886830448,False,False,False,False,0.2009843726069068,0.1707671380631448,False,False,False,False,32783857.0,21396644.657905098,False,False,False,False,723497.5308010995,False,False,False,False
2025-04-15 17:00:00+00:00,27.585,27.625,27.475,27.495,312750.0,,,,26.673767433580075,27.21353795249679,27.112719095101397,25.90211962879013,24.33140682389298,23.377718281231772,22.55751065536743,,25.90211962879013,,,25.309825695780084,#000000,2.0541551780465452,25.711701279560707,0.8681421635025504,49.70768918486388,0.8433996787231379,False,True,False,False,True,12.01205610057329,0.0,0.0,0.0,0.0,0,0.9455673404042433,0.7957774664798882,False,False,False,False,0.2315046819016349,0.20113590998238984,False,False,False,False,33096607.0,21578039.422898818,False,False,False,False,717129.3520289895,False,False,False,False
2025-04-16 17:00:00+00:00,27.415,27.455,26.94,26.995,373553.0,,,,26.72527965275876,27.21175584870614,27.11305950670696,25.91083733330161,24.341981402039757,23.38836118123672,22.568586411197145,,25.91083733330161,,,25.32283733370673,#000000,2.040512985315991,25.72245673990793,0.6236388933810224,49.15876582825628,0.8433996787231379,False,True,False,False,True,9.128736236897236,0.0,0.0,0.0,0.0,0,0.9342196646492712,0.8023613453715648,False,False,False,False,0.19764340535069136,0.1993896576665406,False,False,False,False,32723054.0,21750830.346574806,False,False,False,False,711802.5868812532,False,False,False,False
2025-04-17 17:00:00+00:00,27.385,27.41,27.085,27.145,329743.0,,,,26.769513437565596,27.211785005215216,27.11477331410639,25.91894941939043,24.351526643763655,23.397913970120694,22.578496521190424,,25.91894941939043,,,25.3347083301932,#000000,2.0275171475930147,25.7325233046665,0.6966533905818422,49.61248485869187,0.8433996787231379,False,True,False,False,True,9.790223194167027,0.0,0.0,0.0,0.0,0,0.9393220673979649,0.8021543630793558,False,False,False,False,0.20241756795464375,0.20090361281059216,False,False,False,False,33052797.0,21926054.635775194,False,False,False,False,705879.1824334817,False,False,False,False
2025-04-18 17:00:00+00:00,27.145,27.145,27.145,27.145,0.0,,,,26.769513437565596,27.211785005215216,27.11477331410639,25.91894941939043,24.351526643763655,23.397913970120694,22.578496521190424,,25.91894941939043,,,25.3347083301932,#000000,2.009970727230686,25.7325233046665,0.702734958374042,49.9149642123156,0.8433996787231379,False,True,False,False,True,9.790223194167027,0.0,0.0,0.0,0.0,0,0.9432856575288049,0.8040325784664284,False,False,False,False,0.1918295444655807,0.19636657863808643,False,False,False,False,33052797.0,22098562.269329064,False,False,False,False,694935.3191399393,False,False,False,False
2025-04-21 17:00:00+00:00,26.365,26.365,26.16,26.315,779156.0,,,,26.683170946997127,27.17279347916941,27.082369389621018,25.92418576503439,24.36655684874763,23.41482236142313,22.597064276025712,,25.92418576503439,,,25.32013758100263,"rgba(239, 83, 80, 1.0)",1.9822680794329164,25.724371828775098,0.29795574945335807,45.92348230170424,0.8433996787231379,False,True,False,True,False,5.152780414621947,0.0,0.0,0.0,0.0,0,0.9369279745324319,0.8107839235972939,False,False,False,False,0.10850137283098661,0.15243397573453651,False,False,False,False,32273641.0,22256315.427944116,False,False,False,False,696241.0661300177,False,False,False,False
2025-04-22 17:00:00+00:00,27.075,27.125,26.815,26.98,575036.0,,,,26.7165924243447,27.166818014047028,27.079332682770637,25.935296521500593,24.381465376162005,23.430163512010097,22.613206040823414,,25.935296521500593,,,25.33183922452264,"rgba(239, 83, 80, 1.0)",1.9487025020359987,25.73544953097198,0.6386559609420718,47.054282811341714,0.8433996787231379,False,True,False,True,False,8.14230192360915,0.0,0.0,0.0,0.0,0,0.9483609794628759,0.8036137440758294,False,False,False,False,0.1751312371836265,0.1637826064590815,False,False,False,False,32848677.0,22420538.08797599,False,False,False,False,694361.9178179244,False,False,False,False
2025-04-23 17:00:00+00:00,27.185,27.22,26.94,27.155,453163.0,,,,26.74891443072321,27.165392222598854,27.079883926780536,25.94497780101685,24.39368535019543,23.44260619604896,22.62622468283245,,25.94497780101685,,,25.343097801456615,#000000,1.9140771257300893,25.745945992641715,0.7361532032419165,48.677764062869244,0.8433996787231379,False,True,False,False,False,8.90198301640843,0.0,0.0,0.0,0.0,1,0.9584364176150427,0.800791687283523,False,False,False,False,0.1856154532031769,0.1746990298311292,False,False,False,False,33301840.0,22589240.44320117,False,False,False,False,690622.3997122201,False,False,False,False
2025-04-24 17:00:00+00:00,27.745,27.775,27.45,27.515,766236.0,,,,26.851430038449326,27.18095444244451,27.097408645331626,25.967543720539627,24.41767653972091,23.46615840941414,22.650383025869566,,25.967543720539627,,,25.375936403109957,"rgba(38, 166, 154, 0.5)",1.8804947403458432,25.775146043666055,0.9252107538540457,51.465837188225265,-4.4613474571639244,False,True,True,False,True,10.441802015205408,0.0,0.0,0.0,0.0,0,0.9625184456468281,0.8000000000000004,False,False,False,False,0.23698867283233824,0.20584385133173372,False,False,False,False,34068076.0,22767206.885942236,False,False,False,False,691794.7035926507,False,False,False,False
2025-04-25 17:00:00+00:00,26.735,26.895,26.67,26.785,494059.0,,,,26.846412973547107,27.171558633048075,27.090469164398705,25.974739470839737,24.429106053918947,23.478289458470428,22.663338216344663,,25.974739470839737,,,25.379130567223957,#000000,1.8225989314341138,25.779638139183234,0.5516089379168548,49.609604868703954,-4.4613474571639244,False,True,False,False,True,6.5126352585387615,0.0,0.0,0.0,0.0,0,0.9556267598796007,0.8104670356345277,False,False,False,False,0.1573466058365288,0.18159522858413124,False,False,False,False,33574017.0,22934754.329571035,False,False,False,False,688729.0337695088,False,False,False,False
2025-04-28 17:00:00+00:00,27.075,27.265,27.06,27.26,333250.0,,,,26.862915975351655,27.17192639897307,27.092004149826288,25.981956618466857,24.438090470715363,23.487435014197338,22.672899477359955,,25.981956618466857,,,25.386746872127215,#000000,1.7591043431502278,25.78712349851365,0.837287740901545,50.62867737024327,-4.4613474571639244,False,True,False,False,True,8.541827214415466,0.0,0.0,0.0,0.0,0,0.9606535189481831,0.8027842227378192,False,False,False,False,0.19350505340591123,0.18755014099502124,False,False,False,False,33907267.0,23104870.80508156,False,False,False,False,683217.730920369,False,False,False,False
2025-04-29 17:00:00+00:00,27.285,27.41,27.28,27.29,307350.0,,,,26.882317641127734,27.17413346837644,27.0951397763745,25.98925190237449,24.446718311586423,23.49612810585876,22.681937660243868,,25.98925190237449,,,25.39508955227746,#000000,1.6988407759357207,25.795141118334033,0.8799287742799782,51.44709545877726,-3.8258999292963765,False,True,False,False,True,8.66848566120403,0.0,0.0,0.0,0.0,0,0.9624719758261047,0.8037820450336292,False,False,False,False,0.21104418301881206,0.19929716200691666,False,False,False,False,34214617.0,23277114.932134558,False,False,False,False,677390.324239433,False,False,False,False
2025-04-30 17:00:00+00:00,27.535,27.8,27.455,27.675,404841.0,,,,26.92206450641302,27.182785902115484,27.10462152366517,26.000988149896084,24.459245528727763,23.508460386022,22.694597319902694,,26.000988149896084,,,25.4103947595346,"rgba(38, 166, 154, 0.5)",1.6405023456081496,25.80933952254338,1.1372495031483811,53.75779199281925,-1.3539369757010107,False,True,True,False,True,10.283637149331312,0.0,0.0,0.0,0.0,0,0.9701100184986863,0.7934962515821244,False,False,False,False,0.2384525077690189,0.21887483488796777,False,False,False,False,34619458.0,23452965.212256502,False,False,False,False,673164.7533209921,False,False,False,False
2025-05-01 17:00:00+00:00,27.68,27.77,27.605,27.665,895847.0,,,,27.000586739914617,27.202280001708,27.12583175664555,26.02694247238128,24.486935424799608,23.53573039060728,22.722588582216993,,26.02694247238128,,,25.442985052610474,"rgba(38, 166, 154, 0.5)",1.5803734363112054,25.8399954860526,1.154793210272626,55.2342882065379,0.282589283900748,False,False,True,False,True,10.228633428478851,0.0,0.0,0.0,0.0,0,0.9764648437500005,0.787109375,False,False,False,False,0.24431795759323977,0.23159639624060377,False,False,False,False,33723611.0,23612200.03067113,False,False,False,False,676617.191254,False,False,False,False
2025-05-02 17:00:00+00:00,27.415,27.69,27.395,27.61,458369.0,,,,27.028999100143707,27.209413239849624,27.133961728720607,26.039011949685698,24.50041625367044,23.549162566092924,22.73645995595896,,26.039011949685698,,,25.45677497058885,"rgba(38, 166, 154, 0.5)",1.523500955747008,25.853364799182454,1.153025335619974,55.83198127371914,1.121000230634536,False,False,True,False,True,9.921250777684822,0.0,0.0,0.0,0.0,0,0.9698918444899158,0.791191659358862,False,False,False,False,0.23017050013824664,0.2308834481894252,False,False,False,False,33265242.0,23761859.59608708,False,False,False,False,673233.498366341,False,False,False,False
2025-05-05 17:00:00+00:00,27.395,27.56,27.325,27.55,381979.0,,,,27.047089863192372,27.213749376680873,27.139193647440305,26.0483631447348,24.511245382942533,23.560047864813093,22.747752622243187,,26.0483631447348,,,25.466777414578164,"rgba(38, 166, 154, 0.5)",1.4602239214931325,25.86327256131173,1.1551156051213902,55.77649791205481,1.4024672174407868,False,False,True,False,True,9.581678201382974,0.0,0.0,0.0,0.0,0,0.9664521162473186,0.7961771016188804,False,False,False,False,0.22046644316477554,0.22567494567710036,False,False,False,False,32883263.0,23903276.70312449,False,False,False,False,668717.9247482582,False,False,False,False
2025-05-06 17:00:00+00:00,27.985,28.235,27.98,28.16,526308.0,,,,27.103742869891907,27.23355438645799,27.15940653937368,26.066787825206323,24.52926184370309,23.57740673860839,22.765339320845634,,26.066787825206323,,,25.490785646298146,"rgba(38, 166, 154, 1.0)",1.4064187700527295,25.88571836494686,1.6170728686789866,58.90994848528635,4.613182184154908,True,False,True,False,True,12.187327763595096,0.0,0.0,0.0,0.0,0,0.9758126934984526,0.791215170278638,False,False,False,False,0.28586631842085664,0.2557706320489785,False,False,False,False,33409571.0,24050661.110827986,False,False,False,False,666510.0189382076,False,False,False,False
2025-05-07 17:00:00+00:00,28.375,28.39,28.035,28.1,245705.0,,,,27.129398381373264,27.243010706645208,27.169035809848193,26.075484086912827,24.5377275009774,23.58555414896063,22.773586506140465,,26.075484086912827,,,25.50197102012257,"rgba(38, 166, 154, 1.0)",1.3390487177352206,26.12744614178984,1.4731008902696316,60.49511831773633,6.261154897234,True,False,True,False,True,11.840165437671814,0.0,0.0,0.0,0.0,0,0.9766721517762079,0.7949859645726456,False,False,False,False,0.29639999622255647,0.2760853141357675,False,False,False,False,33163866.0,24191951.109109722,False,False,False,False,659985.9101174602,False,False,False,False
2025-05-08 17:00:00+00:00,27.835,27.865,27.45,27.49,909218.0,,,,27.16784451788555,27.25586385394493,27.18370036159853,26.098429704975086,24.563830689541547,23.611718521554604,22.800671021575784,,26.098429704975086,,,25.52600838158229,"rgba(38, 166, 154, 0.75)",1.2628655995482607,26.121636962482242,1.0835381358136869,57.10323482171047,6.261154897234,True,False,True,False,False,8.395292044763611,0.0,0.0,0.0,0.0,0,0.9667082413892358,0.80331958169433,False,False,False,False,0.24138319597341096,0.25873425505458925,False,False,False,False,32254648.0,24316954.161681663,False,False,False,False,663849.9735264918,False,False,False,False
2025-05-09 17:00:00+00:00,27.875,27.97,27.825,27.83,504625.0,,,,27.198413972049014,27.267938239704403,27.196465455127118,26.113131403757126,24.579413538816315,23.627078185204883,22.816420852100848,,26.113131403757126,,,25.54269452096567,"rgba(38, 166, 154, 0.5)",1.1912513407155592,26.13981533649506,1.4188312791234123,56.76586613590056,6.261154897234,False,False,True,False,False,9.86486432498399,0.0,0.0,0.0,0.0,0,0.9763824884792631,0.7913786482334871,False,False,False,False,0.26498037190271434,0.2618573134786518,False,False,False,False,32759273.0,24447842.82584164,False,False,False,False,661381.369285771,False,False,False,False
2025-05-12 17:00:00+00:00,26.905,27.175,26.85,27.015,1377561.0,,,,27.17887820050136,27.255068752230326,27.187677127457388,26.133018224381985,24.61028590387735,23.660058058394892,22.85168269135451,,26.133018224381985,,,25.553809851171117,#000000,1.1580774881105005,26.130645000087913,0.7636406104007651,52.08071344640783,6.6457399906821095,False,True,False,False,False,5.519371706284854,0.0,0.0,0.0,0.0,0,0.9653244907626721,0.7987683562292753,False,False,False,False,0.17917731816603255,0.22051731582234219,False,False,False,False,31381712.0,24555344.673503008,False,False,False,False,672484.9294518831,False,False,False,False
2025-05-13 17:00:00+00:00,26.355,26.5,26.335,26.425,1721062.0,,,,27.090462436127414,27.20546580916786,27.144254264720626,26.140726216509915,24.638517208400895,23.69323698823295,22.888749842563218,,26.140726216509915,,,25.543058966531838,"rgba(239, 83, 80, 1.0)",1.129576485252722,26.101231365022038,0.28662834186524844,46.64128191120473,1.7335815816752458,False,True,False,True,False,2.584726156506054,0.0,0.0,0.0,0.0,0,0.9564809604201844,0.8041643218908273,False,False,False,False,0.12299679032149631,0.17175705307191924,False,False,False,False,29660650.0,24634496.694068853,False,False,False,False,688741.9382975902,False,False,False,False
2025-05-14 17:00:00+00:00,26.345,26.545,26.32,26.46,549392.0,,,26.441666666666666,27.067198000945695,27.191252590104636,27.13179322143868,26.14328448221298,24.64745193383995,23.703743763856227,22.900492296649222,,26.14328448221298,,,25.65336036946426,"rgba(239, 83, 80, 1.0)",1.0942497409162817,26.208004748030902,0.2302904378648406,43.24496483411669,-1.1893409737572185,False,True,False,True,False,2.74413717081627,0.0,0.0,0.0,0.0,0,0.9555911748067137,0.8087874787855931,False,False,False,False,0.12440220957048478,0.148079631321202,False,False,False,False,30210042.0,24720939.256951507,False,False,False,False,686581.4741379378,False,False,False,False
2025-05-15 17:00:00+00:00,27.155,27.4,27.105,27.335,970431.0,,,26.97695574638187,27.07987367476094,27.19407685720691,27.13629524128508,26.16010062608953,24.670293375110102,23.727730604656266,22.92591100406238,,26.16010062608953,,,25.733904641194137,"rgba(239, 83, 80, 0.75)",1.052120180337648,26.25746666221211,1.0241542343975258,45.894847437824566,-1.1893409737572185,False,True,False,True,True,6.586043633889101,0.0,0.0,0.0,0.0,0,0.9556985637008029,0.8069390039171799,False,False,False,False,0.20213914705938885,0.17510938919029542,False,False,False,False,31180473.0,24821087.06692125,False,False,False,False,690982.2419807604,False,False,False,False
2025-05-16 17:00:00+00:00,27.715,27.765,27.635,27.715,574660.0,,,27.17670810091719,27.101172447732445,27.203527118994316,27.14634440217814,26.17351693751781,24.685805972650087,23.74346515051286,22.942280281109447,,26.17351693751781,,,25.771602551451537,#000000,0.997267135093996,26.28583524938125,1.4330811678498214,49.31762842849979,-6.9202488734812775,False,True,False,False,True,8.160945371540556,0.0,0.0,0.0,0.0,0,0.9623465972480483,0.802621792487914,False,False,False,False,0.24554199120743464,0.21032569019886505,False,False,False,False,31755133.0,24928591.655031,False,False,False,False,689178.7963686555,False,False,False,False
2025-05-19 17:00:00+00:00,27.925,28.025,27.9,28.005,308435.0,,,27.279389599090216,27.116894984488223,27.211127032166246,27.15414526836359,26.181882551799394,24.694810068276976,23.752434679765972,22.951518450953863,,26.181882551799394,,,25.79277532936306,"rgba(38, 166, 154, 0.5)",0.9637843624468814,26.302760418575318,1.766203777267137,52.77399592470013,-3.7691871137399104,False,False,True,False,True,9.338038790647865,0.0,0.0,0.0,0.0,0,0.9636532220676872,0.8019471488178028,False,False,False,False,0.27142017414127684,0.24087293217007094,False,False,False,False,32063568.0,25039211.443325095,False,False,False,False,683275.7917737926,False,False,False,False
2025-05-20 17:00:00+00:00,27.875,27.9,27.75,27.79,588774.0,,,27.384471334838835,27.139978311736268,27.222218964895127,27.165758972542537,26.196204288730094,24.71101331944616,23.76879360556565,22.9684893232754,,26.196204288730094,,,25.81961601512876,"rgba(38, 166, 154, 0.5)",0.9221959544360513,26.325930655386195,1.5875902920319402,53.828243274725544,-2.7540328485131838,False,False,True,False,True,8.229194131586535,0.0,0.0,0.0,0.0,0,0.9572966951355372,0.8079279613813592,False,False,False,False,0.25782274080737166,0.2493478364887213,False,False,False,False,31474794.0,25138987.91707199,False,False,False,False,681810.6477152841,False,False,False,False
2025-05-21 17:00:00+00:00,27.645,27.69,27.41,27.465,339261.0,,,27.398444820946636,27.14713140289909,27.225363694102818,27.169335795432435,26.20287516934858,24.719403039697905,23.777484708469768,22.977629045149456,,26.20287516934858,,,25.827208459505837,"rgba(38, 166, 154, 0.5)",0.8810843800025757,26.333377412625815,1.2843521154816941,52.731211411566115,-2.7540328485131838,False,False,True,False,True,6.5748631967528475,0.0,0.0,0.0,0.0,0,0.9500231803430697,0.8159480760315255,False,False,False,False,0.23090000296500165,0.24012391972686148,False,False,False,False,31135533.0,25231957.608280174,False,False,False,False,676499.8004638844,False,False,False,False
2025-05-22 17:00:00+00:00,27.425,27.475,27.21,27.225,350605.0,,,27.389387089650633,27.150099135157994,27.226200806924805,27.170713175416147,26.20856920901059,24.727349386489962,23.78590293671971,22.986583917929867,,26.20856920901059,,,25.830600707162464,#000000,0.8338590251797422,26.33746503240707,1.0643705240242718,50.749218829498965,-2.7540328485131838,False,True,False,False,False,5.371079907955856,0.0,0.0,0.0,0.0,0,0.9492451606927856,0.8182828563489859,False,False,False,False,0.21080307829557562,0.22546349901121854,False,False,False,False,30784928.0,25318050.172492884,False,False,False,False,671447.1678985528,False,False,False,False
2025-05-23 17:00:00+00:00,27.325,27.53,27.325,27.435,710162.0,,,27.395954390307214,27.16047160476163,27.230538480992518,27.176001611200675,26.2212377662631,24.744080277640954,23.803441380724514,23.00513809254797,,26.2212377662631,,,25.842107950554823,#000000,0.787141956358123,26.349339341333014,1.3792437944611935,50.63593024814059,-2.7540328485131838,False,False,False,False,False,6.276559829621345,0.0,0.0,0.0,0.0,0,0.9503971919453176,0.8147977092185482,False,False,False,False,0.21901439491735122,0.22223894696428487,False,False,False,False,31495090.0,25413818.23183408,False,False,False,False,672047.397853614,False,False,False,False
2025-05-26 17:00:00+00:00,27.435,27.435,27.435,27.435,0.0,,,27.395954390307214,27.16047160476163,27.230538480992518,27.176001611200675,26.2212377662631,24.744080277640954,23.803441380724514,23.00513809254797,,26.2212377662631,,,25.842107950554823,#000000,0.7492753676562497,26.349339341333014,1.448947483837559,50.56040452723501,-2.7540328485131838,False,False,False,False,False,6.276559829621345,0.0,0.0,0.0,0.0,0,0.9502136355192279,0.818967118707041,False,False,False,False,0.2197403050424661,0.2209896260033755,False,False,False,False,31495090.0,25508101.515061457,False,False,False,False,661628.0583520075,False,False,False,False
2025-05-27 17:00:00+00:00,27.555,27.57,27.34,27.41,855840.0,,,27.403137918384925,27.172421505212956,27.235776832229007,27.182335017323954,26.23628364668441,24.764044080553305,23.824412189900432,23.027343560156826,,26.23628364668441,,,25.855719343805724,#000000,0.7184950926749799,26.36326482957596,1.4568438686574896,50.339385961586274,-2.7540328485131838,False,False,False,False,False,6.145755074110539,0.0,0.0,0.0,0.0,0,0.9482056973732894,0.8148353681095083,False,False,False,False,0.2216771824023354,0.22133340420285544,False,False,False,False,30639250.0,25587654.204750426,False,False,False,False,664639.0962070152,False,False,False,False
2025-05-28 17:00:00+00:00,27.565,27.615,27.475,27.51,502493.0,,,27.414515602146047,27.181258622579687,27.24008275932753,27.187210346451465,26.245617395822286,24.776032389404268,23.836927501825325,23.040551424349886,,26.245617395822286,,,25.86527450523831,#000000,0.6927083223259612,26.372731948069568,1.641770446920198,50.92200978750195,-2.7540328485131838,False,False,False,False,False,6.59509949264055,0.0,0.0,0.0,0.0,0,0.9511271249076133,0.813008130081301,False,False,False,False,0.23041364096230696,0.2258735225825812,False,False,False,False,31141743.0,25673764.108552746,False,False,False,False,662125.2032425654,False,False,False,False
2025-05-29 17:00:00+00:00,27.335,27.43,27.325,27.38,479388.0,,,27.411731187704753,27.185757138391914,27.24196539655241,27.189709838937592,26.2533407563881,24.78673560652749,23.84829149785302,23.05264777817689,,26.2533407563881,,,25.87127240006652,#000000,0.6720817263150913,26.379001961270184,1.4893992791890285,50.26724157774511,-2.7540328485131838,False,False,False,False,False,5.8947956804159745,0.0,0.0,0.0,0.0,0,0.9531772575250841,0.81280193236715,False,False,False,False,0.21418075645473453,0.22002713951865788,False,False,False,False,30662355.0,25751106.602993786,False,False,False,False,659292.0683085722,False,False,False,False
2025-05-30 17:00:00+00:00,27.655,27.78,27.605,27.765,694311.0,,,27.442309991990857,27.20274740281555,27.251146711557997,27.199505454743637,26.26765029004037,24.804085695702085,23.8661867214083,23.07140910094941,,26.26765029004037,,,25.888130171151026,"rgba(38, 166, 154, 1.0)",0.6607959778359347,26.395272710924345,2.072844470938558,52.668538573018736,-1.3321870113592453,True,False,True,False,True,7.641840033098859,0.0,0.0,0.0,0.0,0,0.9531117597213072,0.8173429997175409,False,False,False,False,0.24480748470365543,0.23241731211115665,False,False,False,False,31356666.0,25838014.50062179,False,False,False,False,659834.9974820826,False,False,False,False
2025-06-02 17:00:00+00:00,27.875,27.955,27.855,27.955,504215.0,,,27.47484901992699,27.219075810205542,27.26043424413924,27.20912443498349,26.279313355786176,24.817435046433005,23.879765351663245,23.085536520729658,,26.279313355786176,,,25.903191722983415,"rgba(38, 166, 154, 1.0)",0.651128424525491,26.40966835744643,2.373313135085026,55.47089354585869,1.4708810217948454,True,False,True,False,True,8.488591804728458,0.0,0.0,0.0,0.0,0,0.9593687990172921,0.8139468959652275,False,False,False,False,0.26572232139208785,0.24906981675162226,False,False,False,False,31860881.0,25931392.275805946,False,False,False,False,657422.2843428254,False,False,False,False
2025-06-03 17:00:00+00:00,27.85,27.995,27.815,27.965,507332.0,,,27.50362877945746,27.23484774996218,27.26956889983855,27.21859175653264,26.290907164729045,24.830766331154262,23.893347650300843,23.0996781948499,,26.290907164729045,,,25.91766706585311,"rgba(38, 166, 154, 1.0)",0.6453402831691993,26.423600998544018,2.3885057878090783,57.40391651184388,3.3710585507451185,True,False,True,False,True,8.53346523397602,0.0,0.0,0.0,0.0,0,0.9550753483082178,0.8150886171926834,False,False,False,False,0.26572232139208785,0.2573960690718551,False,False,False,False,32368213.0,26031187.94594849,False,False,False,False,655095.3031902235,False,False,False,False
2025-06-04 17:00:00+00:00,27.695,27.725,27.22,27.38,798565.0,,,27.49796338615608,27.24187401568829,27.27321351255622,27.22314070117744,26.303528117552577,24.848278395598435,23.912002038702067,23.119558236125894,,26.303528117552577,,,25.927444800444626,"rgba(38, 166, 154, 0.75)",0.6367123326859744,26.576463911142717,1.262008049172788,53.64113345553896,3.3710585507451185,True,False,True,False,False,5.299497125883004,0.0,0.0,0.0,0.0,0,0.9453931319196851,0.8176956276975044,False,False,False,False,0.22337329311966042,0.24038468109575775,False,False,False,False,31569648.0,26117055.543685723,False,False,False,False,657319.6395748712,False,False,False,False
2025-06-05 17:00:00+00:00,27.615,27.845,27.545,27.78,538410.0,,,27.511049866695775,27.25265507159158,27.279550020231927,27.229924449632577,26.313949842322547,24.861221441952537,23.925463780171626,23.13372618479791,,26.313949842322547,,,25.93844258217456,"rgba(38, 166, 154, 0.75)",0.6287685089424061,26.59354571565897,1.8869492785773543,54.00370822963554,3.3710585507451185,True,False,True,False,False,7.132713674069226,0.0,0.0,0.0,0.0,0,0.9547120172883589,0.8119891008174389,False,False,False,False,0.24505229139207468,0.24271848624391623,False,False,False,False,32108058.0,26209939.302698344,False,False,False,False,655476.0792713847,False,False,False,False
2025-06-06 17:00:00+00:00,27.965,28.095,27.925,28.06,488242.0,,,27.536842127847887,27.268059328735944,27.288967252563275,27.239604189184632,26.325274815942734,24.874091420954198,23.938557680436375,23.147342968045127,,26.325274815942734,,,25.95234247296377,"rgba(38, 166, 154, 1.0)",0.632664336091406,26.614058275018344,2.2854800602712464,55.93261662588819,3.3710585507451185,True,False,True,False,True,8.384202717629705,0.0,0.0,0.0,0.0,0,0.9589594290007518,0.8035311795642377,False,False,False,False,0.27614009125492184,0.25942928874941906,False,False,False,False,32596300.0,26308952.646842554,False,False,False,False,652883.3028485726,False,False,False,False
2025-06-09 17:00:00+00:00,27.955,28.025,27.87,27.885,411916.0,,,27.552627435110896,27.278935144728568,27.295677374112458,27.246575056004502,26.334158779180257,24.884526500913704,23.94927114851225,23.15853801917492,,26.334158779180257,,,25.962538682217193,"rgba(38, 166, 154, 1.0)",0.6346137223354005,26.626161505193267,1.9836294906674343,55.76597095170913,3.3710585507451185,True,False,True,False,True,7.414973202289147,0.0,0.0,0.0,0.0,0,0.9582159624413149,0.8018779342723007,False,False,False,False,0.26993213240966263,0.26468071057954085,False,False,False,False,32184384.0,26400044.605806235,False,False,False,False,649147.3756726257,False,False,False,False
2025-06-10 17:00:00+00:00,28.555,28.595,28.34,28.415,506699.0,,,27.59520559818959,27.30224953957816,27.310427566667947,27.26140926119922,26.348499796512428,24.899456700114282,23.964094777645645,23.17374094343437,,26.348499796512428,,,25.981885522917704,"rgba(38, 166, 154, 1.0)",0.6448458716608276,26.85147707686575,2.4246459376522513,58.61008661886014,4.39776308391356,True,False,True,False,True,9.7585448463327,0.0,0.0,0.0,0.0,0,0.9583797844667413,0.7968227424749166,False,False,False,False,0.32225547223646056,0.2934680914080007,False,False,False,False,32691083.0,26497580.084785983,False,False,False,False,646938.873724213,False,False,False,False
2025-06-11 17:00:00+00:00,28.505,28.515,28.245,28.335,445392.0,,,27.626025820163253,27.320527700278053,27.32214111281659,27.27323873211499,26.360442639971154,24.91216584915556,23.97679907240075,23.186818334149347,,26.360442639971154,,,25.997269907631214,"rgba(38, 166, 154, 1.0)",0.6512732643558133,26.866685982102013,2.254528319000359,59.805821453284736,5.622958426673627,True,False,True,False,True,9.30826146392242,0.0,0.0,0.0,0.0,0,0.9561582760542452,0.8016905071521458,False,False,False,False,0.31333806393071056,0.3034030776693556,False,False,False,False,32245691.0,26586698.08347147,False,False,False,False,643814.1159920547,False,False,False,False
2025-06-12 17:00:00+00:00,28.155,28.325,28.125,28.27,280929.0,,,27.64114868880251,27.330395221831868,27.32852683509014,27.27973111748624,26.367437835766353,24.919845784447585,23.984547408723273,23.194834707916264,,26.367437835766353,,,26.005808450008033,"rgba(38, 166, 154, 1.0)",0.6592622275578175,26.87317388202159,2.1187716504748604,60.00169839505628,5.985416920667156,True,False,True,False,True,8.938551468749875,0.0,0.0,0.0,0.0,0,0.9648279113625653,0.8013201320132015,False,False,False,False,0.2976582313515393,0.30053065451044747,False,False,False,False,31964762.0,26670078.91938664,False,False,False,False,638187.9901627206,False,False,False,False
2025-06-13 17:00:00+00:00,28.245,28.265,28.115,28.165,221495.0,,,27.65144563343527,27.337537645681863,27.333181044823114,27.284481564246757,26.372745839304933,24.92577004086913,23.990553188942027,23.201064338120997,,26.372745839304933,,,26.01209741192801,"rgba(38, 166, 154, 1.0)",0.6665438760790986,26.877612711816973,1.9314366756409187,59.124385218682455,5.985416920667156,True,False,True,False,True,8.336166062930584,0.0,0.0,0.0,0.0,0,0.9628895184135982,0.7997167138810202,False,False,False,False,0.2941374660921395,0.2973340603012935,False,False,False,False,31743267.0,26748732.99815584,False,False,False,False,631727.6337260893,False,False,False,False
2025-06-16 17:00:00+00:00,27.915,27.97,27.78,27.97,515543.0,,,27.662281748361877,27.34843923198306,27.340371715323315,27.292016643427306,26.38312101782431,24.938318475412373,24.003552798679394,23.21470680127029,,26.38312101782431,,,26.02285105403524,"rgba(38, 166, 154, 0.75)",0.6691504968145784,26.879066932073634,1.6303254247282764,56.72858197859892,5.985416920667156,True,False,True,False,False,7.218018266060458,0.0,0.0,0.0,0.0,0,0.9634767836919597,0.8003963759909403,False,False,False,False,0.26275622943722754,0.2800451448692605,False,False,False,False,31227724.0,26818174.719114665,False,False,False,False,629926.3215752972,False,False,False,False
2025-06-17 17:00:00+00:00,27.925,27.925,27.59,27.645,540753.0,,,27.66474257937553,27.355757422626727,27.34529965060497,27.297385070897196,26.392538797234327,24.950546905116017,24.016447982533077,23.228365709874335,,26.392538797234327,,,26.031385514782773,#000000,0.6574132149074456,26.877512504146367,1.1674354552816284,52.52094009358902,6.578919302816345,True,False,False,False,False,5.383775684654154,0.0,0.0,0.0,0.0,0,0.9591913493182891,0.7997179125528917,False,False,False,False,0.2511819089219504,0.26561352689560547,False,False,False,False,30686971.0,26878156.05680281,False,False,False,False,628543.7894578507,False,False,False,False
2025-06-18 17:00:00+00:00,27.615,27.73,27.61,27.645,436347.0,,,27.664640276995442,27.36054318951595,27.34857913271272,27.30103527204852,26.39971233048165,24.960130031231635,24.02662550246157,23.23918483277044,,26.39971233048165,,,26.03755632102724,#000000,0.6440370421889708,26.876838712495243,1.1927284258276656,49.71584550358243,4.0520278581112805,False,False,False,False,False,5.3837756846541645,0.0,0.0,0.0,0.0,0,0.9586745740374663,0.804292572719571,False,False,False,False,0.24260551489708518,0.2541095208963453,False,False,False,False,30686971.0,26937207.451270983,False,False,False,False,625563.9942724577,False,False,False,False
2025-06-19 17:00:00+00:00,27.645,27.645,27.645,27.645,0.0,,,27.664640276995442,27.36054318951595,27.34857913271272,27.30103527204852,26.39971233048165,24.960130031231635,24.02662550246157,23.23918483277044,,26.39971233048165,,,26.03755632102724,"rgba(239, 83, 80, 1.0)",0.6404933908976652,26.876838712495243,1.1993274222988664,47.84578244357803,2.3735738229191483,False,True,False,True,False,5.3837756846541645,0.0,0.0,0.0,0.0,0,0.9588046757164409,0.8055241327300156,False,False,False,False,0.24016158423460898,0.24713555256547715,False,False,False,False,30686971.0,26995343.320243526,False,False,False,False,615865.3276945901,False,False,False,False
2025-06-20 17:00:00+00:00,27.955,28.04,27.765,27.795,311617.0,,,27.669327484740073,27.366135346389086,27.3523863104422,27.30505415621229,26.40561004746886,24.967448639889792,24.034266997150844,23.247235696373334,,26.40561004746886,,,26.04343308483331,"rgba(239, 83, 80, 1.0)",0.6415581398802853,26.880470446980684,1.4254819573951139,48.27879660090964,2.3735738229191483,False,True,False,True,False,6.137139053387809,0.0,0.0,0.0,0.0,0,0.9588589719450202,0.8022029749576353,False,False,False,False,0.26547497316990737,0.2563052628676923,False,False,False,False,30998588.0,27057409.129231997,False,False,False,False,611148.2993582399,False,False,False,False
2025-06-23 17:00:00+00:00,28.015,28.295,28.005,28.215,401564.0,,,27.683910342451746,27.377443688532875,27.360071824416597,27.312916866265557,26.414712561969715,24.977812021734074,24.044849570471445,23.25825146589774,,26.414712561969715,,,26.053746042717467,"rgba(38, 166, 154, 0.5)",0.648613163631328,26.891334260690964,2.040762990221098,52.31680699287098,2.3735738229191483,False,False,True,False,True,8.20245496603539,0.0,0.0,0.0,0.0,0,0.9588696138780083,0.7947211341167695,False,False,False,False,0.2901223909041268,0.27321382688590956,False,False,False,False,31400152.0,27124738.47606561,False,False,False,False,607898.9303759416,False,False,False,False
2025-06-24 17:00:00+00:00,28.215,28.35,28.205,28.275,545245.0,,,27.706388925171126,27.394263475808106,27.371599928771023,27.324645057343464,26.427652550858983,24.992235715628,24.0594956686806,23.273448022404533,,26.427652550858983,,,26.068716168083228,"rgba(38, 166, 154, 1.0)",0.6356833097306172,26.907868119024744,2.1506493249832253,55.462001288576786,0.47364561043917064,True,False,True,False,True,8.493220703978718,0.0,0.0,0.0,0.0,0,0.963063147094488,0.7960078350900105,False,False,False,False,0.302952882832537,0.2880833548592233,False,False,False,False,31945397.0,27199477.36790955,False,False,False,False,606927.551610423,False,False,False,False
2025-06-25 17:00:00+00:00,27.945,28.015,27.875,27.945,363957.0,,,27.712279871448228,27.401054988025606,27.37637374594533,27.329643696312495,26.4346590056944,25.000828517609193,24.06845135093823,23.282871717012405,,26.4346590056944,,,26.075770361623235,"rgba(38, 166, 154, 1.0)",0.6054581096346151,26.913051291161487,1.7044097558810116,53.9527662783082,0.47364561043917064,True,False,True,False,True,6.502142275317656,0.0,0.0,0.0,0.0,0,0.9619418917664536,0.7960642346607262,False,False,False,False,0.2696842390573507,0.278883796958287,False,False,False,False,31581440.0,27267414.77305824,False,False,False,False,603160.5663141374,False,False,False,False
2025-06-26 17:00:00+00:00,27.995,28.05,27.92,28.04,300306.0,,,27.718090500337965,27.407121473339465,27.380651229581062,27.334093157890543,26.440613000938377,25.008020723511365,24.07592051098837,23.290715691196848,,26.440613000938377,,,26.081903285973,"rgba(38, 166, 154, 1.0)",0.5877834757920739,26.918068058925222,1.908750394119035,53.824720578691036,0.47364561043917064,True,False,True,False,True,6.97864569026337,0.0,0.0,0.0,0.0,0,0.9664804469273746,0.7938547486033523,False,False,False,False,0.27365444095534724,0.27626911895681716,False,False,False,False,31881746.0,27338954.792080592,False,False,False,False,598465.1466813601,False,False,False,False
2025-06-27 17:00:00+00:00,28.065,28.09,27.895,28.08,374555.0,,,27.725465942726412,27.41474618258238,27.38605988014604,27.33971081777987,26.44806242677679,25.016997628545518,24.085240036578337,23.300500504878325,,26.44806242677679,,,26.08959792750171,"rgba(38, 166, 154, 1.0)",0.5827088033909777,26.924529453287924,1.9829296210869027,54.12320974014434,0.47364561043917064,True,False,True,False,True,7.181343250958893,0.0,0.0,0.0,0.0,0,0.9651097878675104,0.7944733903982137,False,False,False,False,0.27439978835514844,0.2753344536559828,False,False,False,False,32256301.0,27415192.71778477,False,False,False,False,594993.6715390134,False,False,False,False
2025-06-30 17:00:00+00:00,28.625,29.015,28.27,28.97,920206.0,,,27.78326809436307,27.454292333946206,27.41379339253573,27.367494881144022,26.47442301825318,25.04413009707341,24.112161939039673,23.328059400400658,,26.47442301825318,,,26.122202894594494,"rgba(38, 166, 154, 1.0)",0.6019448060655919,27.16664563130673,2.9958799386945203,60.10328301760087,5.102403297406184,True,False,True,False,True,11.478933157042306,0.0,0.0,0.0,0.0,0,0.9663465935070876,0.7840877914951992,False,False,False,False,0.34024164133077567,0.30778804749337924,False,True,False,False,33176507.0,27504515.419834618,False,False,False,False,600035.7231430596,False,True,False,False
2025-07-01 17:00:00+00:00,28.795,28.905,28.765,28.87,369354.0,,,27.80677828550753,27.470629865588165,27.42537900350982,27.379086238663806,26.48526913146007,25.055186242708356,24.123100220129647,23.339235216180867,,26.48526913146007,,,26.13558302546853,"rgba(38, 166, 154, 1.0)",0.6119903137664316,27.183867217611528,2.755162531922019,62.980700512881555,7.730730105542833,True,False,True,False,True,10.855160819753777,0.0,0.0,0.0,0.0,0,0.9741592595986441,0.7896087235407314,False,False,False,False,0.34282824429712055,0.3253081458952499,False,False,False,False,32807153.0,27586726.85518602,False,False,False,False,596459.2623191362,False,False,False,False
2025-07-02 17:00:00+00:00,28.485,28.495,28.29,28.31,512586.0,,,27.823395799189807,27.48496021152763,27.43580557886949,27.38969295566764,26.497121018659417,25.068487997763988,24.136657377261233,23.35332022079493,,26.497121018659417,,,26.148680144966768,"rgba(38, 166, 154, 0.75)",0.6121763862872511,27.188615595650482,1.8317995098610844,59.73539778346476,7.730730105542833,True,False,True,False,False,7.45653900311865,0.0,0.0,0.0,0.0,0,0.9717066957787486,0.7870269286754005,False,False,False,False,0.2986781250740355,0.3119931354846427,False,False,False,False,32294567.0,27659716.624873057,False,False,False,False,595158.9016630255,False,False,False,False
2025-07-03 17:00:00+00:00,28.33,28.33,28.3,28.3,0.0,,,27.823395799189807,27.48496021152763,27.43580557886949,27.38969295566764,26.497121018659417,25.068487997763988,24.136657377261233,23.35332022079493,,26.497121018659417,,,26.148680144966768,"rgba(38, 166, 154, 0.75)",0.6107927797703637,27.188615595650482,1.8195768534908996,57.49187008913968,13.194513643889863,True,False,True,False,False,7.397105095371117,0.0,0.0,0.0,0.0,0,0.9731060260734801,0.787583188987146,False,False,False,False,0.2910650020902123,0.30152906878742747,False,False,False,False,32294567.0,27731574.770223863,False,False,False,False,585931.6318698003,False,False,False,False
2025-07-04 17:00:00+00:00,28.3,28.3,28.3,28.3,0.0,,,27.823395799189807,27.48496021152763,27.43580557886949,27.38969295566764,26.497121018659417,25.068487997763988,24.136657377261233,23.35332022079493,,26.497121018659417,,,26.148680144966768,"rgba(38, 166, 154, 0.75)",0.6124678700892633,27.188615595650482,1.8146003384431273,55.99618495958963,11.734674421739143,True,False,True,False,False,7.397105095371128,0.0,0.0,0.0,0.0,0,0.9798787210584348,0.7839029768467478,False,False,False,False,0.2895953026380403,0.29556218571273385,False,False,False,False,32294567.0,27802318.835801788,False,False,False,False,576847.4205229817,False,False,False,False
2025-07-07 17:00:00+00:00,28.295,28.41,28.265,28.41,328307.0,,,27.83346676307663,27.493866007959603,27.442339478817495,27.396344579773444,26.50462044341627,25.076943075821944,24.1452883788528,23.36229417261374,,26.50462044341627,,,26.15689536254149,"rgba(38, 166, 154, 0.75)",0.6143631801442062,27.193205236725273,1.980578919116076,55.92395915971295,11.463073004099726,True,False,True,False,False,7.950639169147003,0.0,0.0,0.0,0.0,0,0.9840464773146442,0.7756362965695317,False,False,False,False,0.2932718488953792,0.29441701730405656,False,False,False,False,32622874.0,27877056.125169203,False,False,False,False,572994.0806699122,False,False,False,False
2025-07-08 17:00:00+00:00,28.275,28.455,28.275,28.3,498925.0,,,27.847563083044793,27.50678019920533,27.451899762008274,27.406091778909644,26.515791068723512,25.08963812299767,24.158280784374696,23.375820611722684,,26.515791068723512,,,26.168983176373327,"rgba(38, 166, 154, 0.75)",0.6177903592058653,27.200722120287296,1.7793704018394927,54.71772941536875,10.028301285046318,True,False,True,False,False,7.263318796556266,0.0,0.0,0.0,0.0,0,0.9788602941176473,0.7746323529411769,False,False,False,False,0.2959728853328096,0.2951949513184331,False,False,False,False,32123949.0,27942899.425554175,False,False,False,False,571845.7228300686,False,False,False,False
2025-07-09 17:00:00+00:00,28.055,28.22,28.03,28.11,599829.0,,,27.856327172079045,27.517787043502,27.46031521672655,27.414818043988515,26.52742311615807,25.103731931840695,24.172966849485462,23.391258974734235,,26.52742311615807,,,26.180578543564323,#000000,0.6200822162864684,27.203913059039422,1.461236779836916,52.03120763418863,7.251741943383223,False,False,False,False,False,6.079230903530057,0.0,0.0,0.0,0.0,0,0.9786170508192172,0.7758955845598449,False,False,False,False,0.27253663666721456,0.28386579399282386,False,False,False,False,31524120.0,27998422.225157984,False,False,False,False,572279.5720885171,False,False,False,False
2025-07-10 17:00:00+00:00,27.605,27.72,27.555,27.605,512707.0,,,27.850181230353183,27.51943225827849,27.462087174898823,27.41700852522802,26.53419403469667,25.113721774220163,24.183875580054192,23.403007161285913,,26.53419403469667,,,26.185438467376933,"rgba(239, 83, 80, 1.0)",0.6169886546767164,27.19606493152554,0.6627918769247536,46.44465030374913,1.9573949349107735,False,True,False,True,False,3.0329669235668426,0.0,0.0,0.0,0.0,0,0.9782728779230349,0.7784017676302709,False,False,False,False,0.2231714784265901,0.253518636209707,False,False,False,False,31011413.0,28045135.26042685,False,False,False,False,571355.9663197029,False,False,False,False
2025-07-11 17:00:00+00:00,26.88,27.13,26.865,26.965,671104.0,,,27.820957206000998,27.509099248812543,27.45554967120688,27.41126194291509,26.537812955370093,25.12337901603089,24.195415667501187,23.415971458362993,,26.537812955370093,,,26.183680895775083,"rgba(239, 83, 80, 1.0)",0.6183832232609456,27.170447191156008,-0.33223280229469154,39.68540888389383,-4.159417522146541,False,True,False,True,False,0.0,0.0,0.0,0.0,0.0,0,0.9709748083242061,0.7866922234392117,False,False,False,False,0.15554519559233293,0.20453191590101996,False,False,False,False,30340309.0,28080719.34941248,False,False,False,False,572902.4474620331,False,False,False,False
2025-07-14 17:00:00+00:00,27.145,27.245,27.1,27.165,470630.0,,,27.80586593920939,27.50454894800484,27.452822342209945,27.409023600088858,26.541339042322143,25.13075275519591,24.203979777956242,23.42547114319354,,26.541339042322143,,,26.184225443522607,"rgba(239, 83, 80, 1.0)",0.6155817068737706,27.15894769207412,0.009831851496395764,37.226845344756896,-6.207177114937458,False,True,False,True,False,0.5177594765637217,0.0,0.0,0.0,0.0,0,0.967986136446553,0.7854797519153598,False,False,False,False,0.17273353362496188,0.18863272476299092,False,False,False,False,30810939.0,28123048.33624329,False,False,False,False,571316.8281215365,False,False,False,False
2025-07-15 17:00:00+00:00,26.905,27.07,26.86,27.0,221515.0,,,27.796915539457494,27.50123580979795,27.450691357363212,27.407143801133987,26.542478894535616,25.133877751241684,24.207732031789575,23.42969581307997,,26.542478894535616,,,26.183721374799937,"rgba(239, 83, 80, 1.0)",0.6108948317798115,27.152367978357304,-0.24941769095244748,34.81578136891868,-8.376859269142628,False,True,False,True,False,0.0,0.0,0.0,0.0,0.0,0,0.9638630984889862,0.7870016384489353,False,False,False,False,0.14230947200304345,0.16547109838301718,False,False,False,False,30589424.0,28161286.718627118,False,False,False,False,565893.5439646135,False,False,False,False
2025-07-16 17:00:00+00:00,27.055,27.105,26.91,26.95,255722.0,,,27.786963905261533,27.497546315128826,27.448314863254794,27.405052208515492,26.543822524246472,25.137494942569095,24.212069308188944,23.43457638670344,,26.543822524246472,,,26.183230056733578,"rgba(239, 83, 80, 1.0)",0.6123693683088934,27.145342653061324,-0.31899481451983547,32.96991065401326,-10.1559529211899,False,True,False,True,False,0.0,0.0,0.0,0.0,0.0,0,0.9613874942948428,0.788680967594706,False,False,False,False,0.14661497493851267,0.1560430366607649,False,False,False,False,30333702.0,28194967.575702667,False,False,False,False,561084.6828178753,False,False,False,False
2025-07-17 17:00:00+00:00,26.845,27.045,26.82,27.015,303277.0,,26.959999999999997,27.775066975330137,27.492999261446837,27.445356235415847,27.40243175028642,26.54530465679719,25.141701159722018,24.21714333634978,23.440301235146954,26.959999999999997,26.54530465679719,,,26.268922734499466,"rgba(239, 83, 80, 1.0)",0.604324826145085,27.20477271593697,-0.31402435863425504,32.53403483692181,-10.780469293334868,False,True,False,True,False,0.0,1.0,27.045,26.82,429.0,0,0.958545454545455,0.7893636363636369,False,False,False,False,0.136850269073162,0.14644665286696346,False,False,False,False,30636979.0,28232828.217939835,False,False,False,False,557087.6644796137,False,False,False,False
2025-07-18 17:00:00+00:00,26.955,26.975,26.865,26.93,465244.0,,26.937802888058147,27.75667564735193,27.485701722876005,27.44054891245647,27.39814303544308,26.54735869411904,25.14798676923579,24.22478729336139,23.448956312116177,26.937802888058147,26.54735869411904,,,26.26532903055756,"rgba(239, 83, 80, 1.0)",0.5995822720033442,27.191084637370402,-0.43544422435649643,31.744760419825358,-11.878966058745661,False,True,False,True,False,0.0,0.0,0.0,0.0,0.0,0,0.9585723390694714,0.792133296913412,False,False,False,False,0.13555185374657022,0.14099925330676683,False,False,False,False,30171735.0,28262888.788204335,False,False,False,False,555663.731696984,False,False,True,False
2025-07-21 17:00:00+00:00,27.555,27.59,27.335,27.355,343994.0,,27.088961485163498,27.75148972246406,27.485147809197954,27.440455027401207,27.398330583401844,26.550877160521523,25.153915358370238,24.231460413377082,23.45625121469885,27.088961485163498,26.550877160521523,,,26.284098752732916,"rgba(239, 83, 80, 0.75)",0.5935247287210486,27.198212990790406,0.2641625556991459,36.10641340676381,-11.878966058745661,False,True,False,True,True,1.652808431920782,0.0,0.0,0.0,0.0,0,0.9626852186483559,0.7874051319118183,False,False,False,False,0.18799769984334225,0.16449847657505454,False,False,False,False,30515729.0,28297816.543425974,False,False,False,False,552382.0304303642,False,False,False,False
2025-07-22 17:00:00+00:00,27.325,27.425,27.285,27.405,680873.0,,27.196292595355832,27.740032098189364,27.483078718510722,27.43954638703508,27.39798802776601,26.557326769056477,25.165277635235782,24.244361002568148,23.470412602630255,27.196292595355832,26.557326769056477,,,26.299368426260852,"rgba(239, 83, 80, 0.75)",0.5774770226697347,27.19974327632906,0.35543704011290284,39.5114436960847,-16.92342120128403,False,True,False,True,True,1.9355110182159976,0.0,0.0,0.0,0.0,0,0.9601124104795581,0.7950321820324544,False,False,False,False,0.17333678628412727,0.1689176314295909,False,False,False,False,31196602.0,28342758.953605413,False,False,False,False,554374.1384857073,False,False,False,False
2025-07-23 17:00:00+00:00,27.405,27.73,27.175,27.72,802404.0,,27.30305366724298,27.73322228618827,27.484311136689783,27.441111722652348,27.400130919778483,26.56635848767691,25.17953971074769,24.260247933122383,23.487692292393437,27.30305366724298,26.56635848767691,,,26.317296461832477,"rgba(239, 83, 80, 0.75)",0.5613684053153281,27.20565953356639,0.9162262456589395,44.65903999904178,-12.08143269818342,False,True,False,True,True,3.7021078864116816,0.0,0.0,0.0,0.0,0,0.9572896017300417,0.7938367273382595,False,False,False,False,0.15089794192508205,0.15990778667733646,False,False,False,False,31999006.0,28399444.95432471,False,False,False,False,558219.5626952313,False,False,False,False
2025-07-24 17:00:00+00:00,28.085,28.125,27.795,27.95,701148.0,,27.442055119292434,27.73972985834053,27.49283674128529,27.44792582559143,27.407290613109765,26.577416699565074,25.19402762782125,24.275745158880028,23.504205236711613,27.442055119292434,26.577416699565074,,,26.34235920895527,#000000,0.5440865392214258,27.222878500469594,1.3364078085278448,49.84289055120333,-7.341937285257153,False,False,False,False,True,4.9637757359406365,0.0,0.0,0.0,0.0,0,0.9644174041297939,0.789269911504425,False,False,False,False,0.2193788118722737,0.18964329927480508,False,False,False,False,32700154.0,28466122.61394758,False,False,False,False,560435.5074596462,False,False,False,False
2025-07-25 17:00:00+00:00,28.095,28.17,28.005,28.03,583027.0,,27.53616342183666,27.74749963439391,27.50134632390551,27.454670216334282,27.414287239439997,26.587212575274147,25.20644249990132,24.288920930212075,23.51818568538068,27.53616342183666,26.587212575274147,,,26.361636502964288,"rgba(38, 166, 154, 1.0)",0.5370514931606566,27.365097574291447,1.238060845516822,53.87795418785703,-3.7073741879209905,True,False,True,False,True,5.4009031315219325,0.0,0.0,0.0,0.0,0,0.9667191990358768,0.7902104384907762,False,False,False,False,0.23688160167186792,0.2132624504733365,False,False,False,False,33283181.0,28540805.68970033,False,False,False,False,560785.7631579463,False,False,False,False
2025-07-28 17:00:00+00:00,27.655,27.695,27.535,27.61,515434.0,,27.545212879704643,27.744752502801926,27.502791354799086,27.45618054741162,27.41613247724858,26.5931385175102,25.215598270058432,24.299099994087065,23.529245370625212,27.545212879704643,26.5931385175102,,,26.36690576824964,"rgba(38, 166, 154, 0.5)",0.5349341796673311,27.35256919958087,0.4812382723033747,52.334258713722065,-3.7073741879209905,False,False,True,False,True,2.7995714332781994,0.0,0.0,0.0,0.0,0,0.9607245171425932,0.7924406247112101,False,False,False,False,0.1726431808033626,0.19295281563834954,False,False,False,False,32767747.0,28606339.663503427,False,False,False,False,560082.6350469703,False,False,False,False
2025-07-29 17:00:00+00:00,27.505,27.525,27.32,27.41,538849.0,,27.531356890104878,27.737911694809004,27.50166720276382,27.455807620626636,27.416153602195763,26.598090684780825,25.224323383854443,24.309052830536658,23.540194776192344,27.531356890104878,26.598090684780825,,,26.368284298429376,#000000,0.5353430069917036,27.34025018007123,0.13028996179612184,49.68052050587255,-3.7073741879209905,False,False,False,False,False,1.5953896164007837,0.0,0.0,0.0,0.0,0,0.9592025106147317,0.7889052981354998,False,False,False,False,0.14689947062893138,0.16992614313364046,False,False,False,False,32228898.0,28662503.35864291,False,False,False,False,559753.4314028312,False,False,False,False
2025-07-30 17:00:00+00:00,27.565,27.57,27.355,27.515,577962.0,,27.52597205894838,27.73224172332999,27.501362228696394,27.45606062883005,27.41680421751774,26.603731065689047,25.233866202307382,24.31986807699459,23.552056293187135,27.52597205894838,26.603731065689047,,,26.371329166166745,#000000,0.5301875836660619,27.33469923323478,0.3400697645887974,48.935351655029166,-3.7073741879209905,False,False,False,False,False,2.199039604972178,0.0,0.0,0.0,0.0,0,0.9641799333580159,0.7836912254720478,False,False,False,False,0.13043621270481837,0.1501811779192294,False,False,False,False,32806860.0,28726756.949981775,False,False,False,False,560035.7347919346,False,False,False,False
2025-07-31 17:00:00+00:00,27.585,27.615,27.315,27.395,584271.0,,27.51789245045053,27.725924342113174,27.500524735821354,27.455910043032215,27.41705772793946,26.609113903768083,25.243268224620085,24.33059493383674,23.563858598339213,27.51789245045053,26.609113903768083,,,26.37379388443565,"rgba(239, 83, 80, 1.0)",0.5277542510954628,27.32963150141608,0.1238616239437819,47.390105337796044,-3.7073741879209905,False,True,False,True,False,1.4657179653406942,0.0,0.0,0.0,0.0,0,0.9624930024258259,0.7883933569695843,False,False,False,False,0.13080731559767111,0.14049424675845026,False,False,False,False,32222589.0,28780955.896493685,False,False,False,False,560411.475337796,False,False,False,False
2025-08-01 17:00:00+00:00,27.885,27.925,27.745,27.75,821899.0,,27.552198627752365,27.728320420745618,27.506449602341004,27.460997126813176,27.42256707181028,26.61983878606995,25.258532907977404,24.347316089973713,23.581891617755087,27.552198627752365,26.61983878606995,,,26.386456916804285,#000000,0.5245034288225667,27.339772909080796,0.7821247076308029,49.71603665006717,-3.7073741879209905,False,False,False,False,False,3.51553595370272,0.0,0.0,0.0,0.0,0,0.964653492902867,0.7821690323777721,False,False,False,False,0.18381117338526048,0.1621527100718554,False,False,False,False,33044488.0,28847057.169416264,False,False,False,False,564465.5454875977,False,False,False,False
2025-08-04 17:00:00+00:00,27.695,27.705,27.605,27.67,361681.0,,27.55755431054191,27.727439731099672,27.507746276686184,27.46225914802081,27.42403540647762,26.623921957278757,25.264809429176157,24.354313647214852,23.589504858228388,27.55755431054191,26.623921957278757,,,26.390176084969376,#000000,0.5003011525501657,27.3410843073297,0.6574354086408373,50.47256082276189,-3.7073741879209905,False,False,False,False,False,3.0154534744332224,0.0,0.0,0.0,0.0,0,0.9617100371747215,0.7868029739776956,False,False,False,False,0.1563486599876279,0.15925068502974166,False,False,False,False,32682807.0,28906526.159037717,False,False,False,False,561321.5990459295,False,False,False,False
2025-08-05 17:00:00+00:00,27.875,27.97,27.76,27.775,436245.0,,27.573239829419283,27.729086484277328,27.51104592901438,27.465088648246503,27.427078153432735,26.629629148023163,25.2728863442972,24.36315932297458,23.59904307277605,27.573239829419283,26.629629148023163,,,26.396695214717916,"rgba(38, 166, 154, 0.5)",0.493673461395553,27.346147083032584,0.8686975308640279,51.949493698385126,-3.7073741879209905,False,False,True,False,True,3.624302535900732,0.0,0.0,0.0,0.0,0,0.9627329192546585,0.7824232872902572,False,False,False,False,0.1795675435124645,0.16940911427110308,False,False,False,False,33119052.0,28971836.63719217,False,False,False,False,559382.426967698,False,False,False,False
2025-08-06 17:00:00+00:00,27.815,27.92,27.445,27.49,714407.0,,27.577060989884405,27.726377580872697,27.51278867891666,27.46697029379997,27.429369315356336,26.637200843756748,25.2848949275562,24.376650563258863,23.61377665741235,27.577060989884405,26.637200843756748,,,26.40278776120158,#000000,0.4902767925703939,27.34707172021589,0.2915256890597909,50.069681477709906,-3.7073741879209905,False,False,False,False,True,1.8246022992888236,0.0,0.0,0.0,0.0,0,0.954280964256027,0.7878452018102897,False,False,False,False,0.14112282312097252,0.15526596869603781,False,False,False,False,32404645.0,29025058.472274464,False,False,False,False,561785.9087201367,False,False,False,False
2025-08-07 17:00:00+00:00,27.905,28.11,27.875,28.085,899410.0,,27.62008097176261,27.735248524050185,27.523020200908363,27.47543984786757,27.43819429397741,26.65043744229148,25.30243335858305,24.395579554996324,23.634033247309034,27.62008097176261,26.65043744229148,,,26.419385271305114,"rgba(38, 166, 154, 1.0)",0.4918819165405442,27.362805161820997,1.468228072416798,53.6270332818178,-2.3008605961068156,True,False,True,False,True,5.226938135220081,0.0,0.0,0.0,0.0,1,0.9551181826542815,0.7851558907385271,False,False,False,False,0.18273187874588986,0.16899892372096384,False,False,False,False,33304055.0,29091399.50371207,False,False,False,False,567020.3907554834,False,False,False,False
2025-08-08 17:00:00+00:00,28.075,28.145,28.03,28.085,448292.0,,27.641471615497682,27.740404213303233,27.528594625576293,27.48004267992754,27.442961280732344,26.657241006763453,25.311292925929976,24.405104553265897,23.64420506029161,27.641471615497682,26.657241006763453,,,26.427924217920893,"rgba(38, 166, 154, 1.0)",0.48195536408753725,27.371028095984133,1.4814066970031463,55.998601151223056,0.11273790645599036,True,False,True,False,True,5.226938135220081,0.0,0.0,0.0,0.0,0,0.9549607752653441,0.7874480849100143,False,False,False,False,0.19176085468356666,0.18037988920226525,False,False,False,False,33304055.0,29156711.99202661,False,False,False,False,565179.6405112123,False,False,False,False
2025-08-11 17:00:00+00:00,28.145,28.175,28.085,28.15,322723.0,,27.657292684456078,27.74454565543802,27.532893315629387,27.48358314555816,27.446613057555542,26.662269018743753,25.317750330621497,24.412023885233094,23.651581063397536,27.657292684456078,26.662269018743753,,,26.43428357295923,"rgba(38, 166, 154, 1.0)",0.4814626738451102,27.377266620850136,1.604970480844494,58.048554424241374,2.220029987183999,True,False,True,False,True,5.594011835233864,0.0,0.0,0.0,0.0,0,0.9536497363308356,0.788787121842909,False,False,False,False,0.1881328662574547,0.18425637772985998,False,False,False,False,33626778.0,29226015.340987433,False,False,False,False,561420.622828868,False,False,False,False
2025-08-12 17:00:00+00:00,28.525,28.57,28.425,28.47,527355.0,,27.698526503674007,27.757034908388935,27.543804439721196,27.49235850975205,27.45549756957611,26.672354279735444,25.32954743551311,24.424337905182014,23.664523024434537,27.698526503674007,26.672354279735444,,,26.44866495288638,"rgba(38, 166, 154, 1.0)",0.48612544260275176,27.393602294250183,2.2142385718112236,61.50451841223239,5.600235390792413,True,False,True,False,True,7.38109261013178,0.0,0.0,0.0,0.0,0,0.9533142276046964,0.79106961264676,False,False,False,False,0.26436765200505546,0.22431201486745772,False,False,False,False,34154133.0,29302420.26593336,False,False,False,False,560892.4736377227,False,False,False,False
2025-08-13 17:00:00+00:00,28.465,28.585,28.38,28.405,663628.0,,27.743081725051468,27.77151253582727,27.55673734519925,27.50284179325398,27.466128597696407,26.68466988144889,25.344121263612756,24.43960872794218,23.68060494113991,27.743081725051468,26.68466988144889,,,26.46547853457468,"rgba(38, 166, 154, 1.0)",0.49194977037940685,27.412036910555273,2.018423727851168,62.97698176880263,7.113138238558356,True,False,True,False,True,6.943771449557964,0.0,0.0,0.0,0.0,0,0.9498795627200299,0.7942375393737267,False,False,False,False,0.26095965085998396,0.24263583286372084,False,False,False,False,33490505.0,29367351.81219796,False,False,False,False,562485.2724960526,False,False,False,False
2025-08-14 17:00:00+00:00,28.605,28.765,28.605,28.76,387848.0,,27.775189451954404,27.782726842390815,27.566207886859097,27.510463143864936,27.473800327696985,26.692806970303877,25.353264147914743,24.449039578388962,23.6904498032428,27.775189451954404,26.692806970303877,,,26.477105350290735,"rgba(38, 166, 154, 1.0)",0.5052766791791364,27.425500430571724,2.641126385639413,66.03765383804641,10.128178116452787,True,False,True,False,True,8.899316455889828,0.0,0.0,0.0,0.0,0,0.9503036996134735,0.7881465120559548,False,False,False,False,0.30750673240839116,0.275071282636056,False,False,False,False,33878353.0,29437289.81510962,False,False,False,False,559777.7178837106,False,False,False,False
2025-08-15 17:00:00+00:00,29.005,29.075,28.865,28.88,698206.0,,27.84089199551221,27.80709701963717,27.586221078682343,27.526528005101,27.489900761275457,26.708943340813455,25.37071785400731,24.46682324339834,23.70888340949201,27.84089199551221,26.708943340813455,,,26.50066741199103,"rgba(38, 166, 154, 1.0)",0.5208577471753346,27.453568961581237,2.738619222147401,68.68198675777542,12.715252170609048,True,False,True,False,True,9.548024840840402,0.0,0.0,0.0,0.0,0,0.9531609459832524,0.7873378117235672,False,False,False,False,0.34282823159081494,0.3089497571134355,False,False,False,False,34576559.0,29516968.407123428,False,False,False,False,561923.8928002423,False,False,False,False
2025-08-18 17:00:00+00:00,29.005,29.055,28.885,28.915,320413.0,,27.868919252452436,27.81805208025373,27.595288891693823,27.53383992352087,27.49723011674002,26.716309463731953,25.378696775148352,24.474958427469033,23.717318260038724,27.868919252452436,26.716309463731953,,,26.51117924344988,"rgba(38, 166, 154, 1.0)",0.5360669919138749,27.465923245305405,2.7031635533482072,70.62625839073134,14.66712034978947,True,False,True,False,True,9.738641298644477,0.0,0.0,0.0,0.0,0,0.9522360534808668,0.7918856615952055,False,False,False,False,0.34282823159081494,0.3258889943521252,False,False,False,False,34896972.0,29600379.315540116,False,False,False,False,558179.5378731068,False,False,False,False
2025-08-19 17:00:00+00:00,29.005,29.025,28.91,28.99,321344.0,,27.896218347189777,27.829052201248015,27.604417266858142,27.54121756485627,27.50462406505017,26.723725158516054,25.38671527311451,24.483130032015207,23.725787992044122,27.896218347189777,26.723725158516054,,,26.52165421121025,"rgba(38, 166, 154, 1.0)",0.5518126722221907,27.478173650551216,2.7397456157730935,72.3300203974549,16.443733467062046,True,False,True,False,True,10.151597567091724,0.0,0.0,0.0,0.0,0,0.9565056450120305,0.7899315195261895,False,False,False,False,0.3422577244884026,0.3340733594202639,False,False,False,False,35218316.0,29687479.10909763,False,False,False,False,554507.6690688725,False,False,False,False
2025-08-20 17:00:00+00:00,29.335,29.365,29.21,29.28,659711.0,,27.96319336978408,27.856927368317162,27.62693836281947,27.559353530027032,27.522726064478995,26.74087331264801,25.404478031056605,24.50096485106783,23.744112748794166,27.96319336978408,26.74087331264801,,,26.546618626554814,"rgba(38, 166, 154, 1.0)",0.576272583149553,27.508368182490827,3.0742948203895453,74.86232307058555,19.004882060846697,True,False,True,False,True,11.731201468447036,0.0,0.0,0.0,0.0,0,0.953849011050237,0.7925526975578052,False,False,False,False,0.34282823362500536,0.33845079652263466,False,False,False,False,35878027.0,29783456.595778283,False,False,False,False,556138.7284631535,False,False,False,False
2025-08-21 17:00:00+00:00,29.455,29.525,29.415,29.455,605668.0,,28.02686689364104,27.884704718966304,27.649277175171616,27.57737725201446,27.540688741265015,26.757515411263665,25.421393600387987,24.517834097776483,23.761373391830457,28.02686689364104,26.757515411263665,,,26.570781253590784,"rgba(38, 166, 154, 1.0)",0.6044623327482679,27.7289376205319,2.8555333987815685,77.25256380416741,21.408857750678493,True,False,True,False,True,12.6661481738284,0.0,0.0,0.0,0.0,0,0.9511467462241282,0.7951706134626144,False,False,False,False,0.3428282346381552,0.34063951558039496,False,False,False,False,36483695.0,29887336.260960016,False,False,False,False,556906.6241458952,False,False,False,False
2025-08-22 17:00:00+00:00,29.085,29.125,28.685,28.745,600810.0,,28.06015614911955,27.900994618629888,27.663600477852103,27.589221762119863,27.5526064394708,26.770129834959906,25.4355106834956,24.532394518848715,23.776562806577136,28.06015614911955,26.770129834959906,,,26.58679747678595,"rgba(38, 166, 154, 0.75)",0.613044734784185,27.726274792410052,1.6617469326256895,69.9914092666836,26.318692159781378,True,False,True,False,False,7.61214630614209,0.0,0.0,0.0,0.0,0,0.9495408589184678,0.7912067526203509,False,False,False,False,0.23464059727133582,0.2876400564258654,False,False,False,False,35882885.0,29980290.50497614,False,False,False,False,557587.2966397572,False,False,False,False
2025-08-25 17:00:00+00:00,28.845,28.855,28.72,28.74,272439.0,,28.072943853777158,27.90759533009736,27.669553756523893,27.594184661054147,27.55761102046838,26.775582018246535,25.441724880886095,24.538843098924662,23.7833125557807,28.072943853777158,26.775582018246535,,,26.593483463973214,"rgba(38, 166, 154, 0.75)",0.612852046280661,27.72841338320545,1.6506212599497205,65.10332607908805,21.975815152571144,True,False,True,False,False,7.577936305834175,0.0,0.0,0.0,0.0,0,0.9445836814257867,0.7956929360438135,False,False,False,False,0.21287804079933853,0.25025904861260195,False,False,False,False,35610446.0,30067579.737457126,False,False,False,False,553166.392815885,False,False,False,False
2025-08-26 17:00:00+00:00,28.235,28.58,28.225,28.555,861605.0,,28.09340215970699,27.920373525895844,27.682648774527365,27.60543938854335,27.569091304859864,26.789912079282825,25.45936190387382,24.557584526917438,23.803184889125248,28.09340215970699,26.789912079282825,,,26.608999839192524,"rgba(38, 166, 154, 0.75)",0.5928819747941376,27.84109319237716,1.20412972222798,60.06931371746787,17.51923641962027,True,False,True,False,False,6.306743610567725,0.0,0.0,0.0,0.0,0,0.9375000000000001,0.8045370370370373,False,False,False,False,0.1428326013414884,0.19654582497704517,False,False,False,False,34748841.0,30140157.43145004,False,False,False,False,557948.3867257163,False,False,False,False
2025-08-27 17:00:00+00:00,28.925,29.08,28.915,29.07,672900.0,,28.13082063929095,27.94015053709664,27.69989566065394,27.619781772163883,27.58348706809472,26.804700501286373,25.47558069020537,24.574214100276937,23.820470137824078,28.13082063929095,26.804700501286373,,,26.627677900765875,"rgba(38, 166, 154, 0.75)",0.5823863381352659,27.87743057439053,2.0477290546133693,60.573814274933625,17.51923641962027,True,False,True,False,False,9.184696475303873,0.0,0.0,0.0,0.0,0,0.941448953122105,0.8103576060774507,False,False,False,False,0.25192672558625373,0.22423627528164947,False,False,False,False,35421741.0,30222042.448016703,False,False,False,False,559730.5822803563,False,False,False,False
2025-08-28 17:00:00+00:00,28.955,29.02,28.925,28.96,396198.0,,28.150237557125287,27.950908298198062,27.70944281685856,27.627775249828296,27.591521080438753,26.813109215413885,25.484918697388895,24.583830909382034,23.830490283723442,28.150237557125287,26.813109215413885,,,26.638026012039692,"rgba(38, 166, 154, 0.75)",0.5891119595634231,27.891315401064066,1.8140602674709092,59.827819472602464,17.249561818916007,True,False,True,False,False,8.422942973449711,0.0,0.0,0.0,0.0,0,0.9328490267299993,0.8158703548477232,False,False,False,False,0.24724064712768107,0.23573846120466527,False,False,False,False,35025543.0,30296515.32479164,False,False,False,False,557195.1934077926,False,False,False,False
2025-08-29 17:00:00+00:00,29.155,29.33,29.155,29.31,503230.0,,28.182125126462545,27.96814276989264,27.724173163763133,27.640009386031046,27.603762083604728,26.825152996787164,25.497711611538755,24.596807546350885,23.843892890657433,28.182125126462545,26.825152996787164,,,26.653530841676478,"rgba(38, 166, 154, 0.75)",0.6079437207236545,27.91664130884593,2.2919205243135194,61.53547501890152,17.249561818916007,True,False,True,False,False,10.323058755695708,0.0,0.0,0.0,0.0,0,0.9474787913449626,0.8049756934515302,False,False,False,False,0.29846420914472094,0.2671013351746931,False,False,False,False,35528773.0,30377635.59882588,False,False,False,False,556358.5237425554,False,False,False,False
2025-09-01 17:00:00+00:00,29.31,29.31,29.31,29.31,0.0,,28.182125126462545,27.96814276989264,27.724173163763133,27.640009386031046,27.603762083604728,26.825152996787164,25.497711611538755,24.596807546350885,23.843892890657433,28.182125126462545,26.825152996787164,,,26.653530841676478,"rgba(38, 166, 154, 1.0)",0.6264757496221354,27.91664130884593,2.2241223095937666,62.67391204976756,17.249561818916007,True,False,True,False,True,10.323058755695698,0.0,0.0,0.0,0.0,0,0.9540703806692878,0.7941317480103562,False,False,False,False,0.3115014287057877,0.28930138194024035,False,False,False,False,35528773.0,30457498.19419292,False,False,False,False,547732.8101961592,False,False,False,False
2025-09-02 17:00:00+00:00,29.105,29.115,29.0,29.08,532237.0,,28.208050953893643,27.98314922800965,27.737468834714246,27.651183078751153,27.614979925580645,26.836729255900977,25.510434724337234,24.609869459721,23.85747598545467,28.208050953893643,26.836729255900977,,,26.667704605151467,"rgba(38, 166, 154, 1.0)",0.6377496543482964,27.933432463289122,1.7978332546217217,60.90748439559134,17.249561818916007,True,False,True,False,True,8.688764448447852,0.0,0.0,0.0,0.0,0,0.9465766634522664,0.8041465766634527,False,False,False,False,0.26321809613898833,0.2762597390396143,False,False,False,False,34996536.0,30527870.873352718,False,False,False,False,547492.565076839,False,False,False,False
2025-09-03 17:00:00+00:00,28.835,29.08,28.82,29.04,409722.0,,28.225115632846084,27.993538673843677,27.746881800793705,27.659156054652765,27.622999523724168,26.845222755514445,25.51993472576652,24.619681906694787,23.867714464666292,28.225115632846084,26.845222755514445,,,26.677805059833606,"rgba(38, 166, 154, 1.0)",0.644627506100515,27.943515597339065,1.7009581382801906,59.30314113496674,15.589555467196703,True,False,True,False,True,8.405257726740341,0.0,0.0,0.0,0.0,0,0.9337530266343829,0.8088135593220345,False,False,False,False,0.24303226216131213,0.2596460006004632,False,False,False,False,34586814.0,30590800.22415345,False,False,False,False,545356.5873237096,False,False,False,False
2025-09-04 17:00:00+00:00,29.595,29.7,29.43,29.585,1103166.0,29.571666666666665,28.3007596934693,28.036614822365667,27.783358303710738,27.68956145892944,27.653344492812373,26.8740065766112,25.54958651559059,24.64943938735996,23.898245956383438,28.3007596934693,26.8740065766112,29.571666666666665,29.571666666666665,26.714990800803637,"rgba(38, 166, 154, 1.0)",0.660919350138224,28.168118263794742,2.1438042870267506,61.96333823363124,15.589555467196703,True,False,True,False,True,11.400686960316346,-1.0,29.7,29.43,0.0,0,0.9366637789970162,0.80951005871595,False,True,False,False,0.3428282351274357,0.30123711786394947,False,False,False,False,35689980.0,30669857.27494177,False,False,False,False,554004.7952721792,False,False,False,False
2025-09-05 17:00:00+00:00,29.495,29.62,29.425,29.605,594182.0,29.56408192662907,28.337448274338914,28.058542077541777,27.80217648831777,27.70535712162601,27.66912019515611,26.88913706705536,25.565293224652446,24.665249605433875,23.914493351258997,28.337448274338914,26.88913706705536,29.56408192662907,29.56408192662907,26.73409082282014,"rgba(38, 166, 154, 1.0)",0.679223941098887,28.192386915818105,2.0797457196465867,63.850347368384625,15.589555467196703,True,False,True,False,True,11.507628906911439,0.0,0.0,0.0,0.0,0,0.9491374182034507,0.8023993654570696,False,False,False,False,0.3346527860665606,0.3179449519652551,False,False,False,False,36284162.0,30756900.759051196,False,False,False,False,554627.6976710601,False,False,False,False
2025-09-08 17:00:00+00:00,29.105,29.12,28.79,28.915,790384.0,29.36633270652412,28.36016544322904,28.07524086059525,27.81809667039413,27.719163858164958,27.6830457922652,26.904459292645434,25.582835548881786,24.683523495319022,23.93364408460945,28.36016544322904,26.904459292645434,29.36633270652412,29.36633270652412,26.751130560678252,"rgba(38, 166, 154, 0.75)",0.6806632761470502,28.299617646070857,0.904092192857185,58.62085850541282,14.743102689680072,True,False,True,False,False,6.6729575015710445,0.0,0.0,0.0,0.0,0,0.9423568758607123,0.800904977375566,False,False,False,False,0.21707205458337264,0.26750850327431386,False,False,False,False,35493778.0,30830340.716275208,False,False,False,False,558282.8341412763,False,False,False,False
2025-09-09 17:00:00+00:00,29.305,29.555,29.295,29.415,868269.0,29.380648781590548,28.40226911835927,28.102639731430735,27.842336333324972,27.739797325969494,27.703698238907837,26.92493413650961,25.604621678953528,24.705661647279854,23.95651481006717,28.40226911835927,26.92493413650961,29.380648781590548,29.380648781590548,26.775830335644724,"rgba(38, 166, 154, 0.5)",0.6910608439854102,28.342456309823362,1.5520249765435716,58.41822546718623,14.42973973163339,False,False,True,False,False,9.384484521006783,0.0,0.0,0.0,0.0,0,0.9428375330914796,0.7984116089812731,False,False,False,False,0.3118582566306697,0.28968337995249177,False,False,False,False,36362047.0,30916103.604394972,False,False,False,False,563088.8212088534,False,False,False,False
2025-09-10 17:00:00+00:00,29.035,29.265,29.025,29.205,372023.0,29.359128988082336,28.41501493357268,28.11182236723963,27.850847710680632,27.74715985721483,27.711097992368202,26.932713909977924,25.613258182769147,24.714571090158163,23.965798405432462,28.41501493357268,26.932713909977924,29.359128988082336,29.359128988082336,26.784698272157076,"rgba(38, 166, 154, 0.5)",0.6971175660537008,28.347987470375532,1.2293658506927485,56.68984021869491,12.56286528872846,False,False,True,False,False,7.973302916498351,0.0,0.0,0.0,0.0,0,0.9342907731654536,0.8112335235097385,False,False,False,False,0.25155526112883103,0.2706193205406614,False,False,False,False,35990024.0,30994769.03688497,False,False,False,False,560126.5604149178,False,False,False,False
2025-09-11 17:00:00+00:00,29.375,29.5,29.35,29.49,689074.0,29.372784998959347,28.445988193521725,28.132856481912693,27.869644526470033,27.76326756294312,27.727225260130776,26.948782380939992,25.63040470601613,24.732018280696025,23.983833514733057,28.445988193521725,26.948782380939992,29.372784998959347,29.372784998959347,26.803780100818173,"rgba(38, 166, 154, 0.5)",0.7066910713105142,28.372405707556027,1.5814467421690546,57.27950412108518,12.56286528872846,False,False,True,False,False,9.490438814840456,0.0,0.0,0.0,0.0,0,0.9291408325952173,0.809762818620215,False,False,False,False,0.3118582566306697,0.29123878858566554,False,False,False,False,36679098.0,31082898.168096054,False,False,False,False,562125.745524764,False,False,False,False
2025-09-12 17:00:00+00:00,29.405,29.6,29.395,29.585,521551.0,29.38903582740948,28.469999886323787,28.14928426930314,27.884286689110645,27.775827513987526,27.739792614320248,26.96119363918546,25.64355096618165,24.745361155463534,23.997604082283807,28.469999886323787,26.96119363918546,29.38903582740948,29.38903582740948,26.818544535128865,"rgba(38, 166, 154, 0.5)",0.722164227285526,28.39152987835964,1.6526297988012786,58.229507123125906,12.56286528872846,False,False,True,False,False,9.990937840320385,0.0,0.0,0.0,0.0,0,0.933576426530009,0.8062481521632013,False,False,False,False,0.3278205274644654,0.3095296580250655,False,False,False,False,37200649.0,31177747.01820309,False,False,False,False,561496.6797026746,False,False,False,False
2025-09-15 17:00:00+00:00,29.615,29.665,29.5,29.635,670241.0,29.41424524281988,28.50136970842426,28.170929553210556,27.903550932175254,27.79237303134569,27.756339690268696,26.977419785287957,25.6606320267486,24.762660649835105,24.01543376802907,28.50136970842426,26.977419785287957,29.41424524281988,29.41424524281988,26.8378565717028,"rgba(38, 166, 154, 0.5)",0.7391336662446812,28.41667783253539,1.648311020190087,59.1719598600832,12.56286528872846,False,False,True,False,False,10.256590662794558,0.0,0.0,0.0,0.0,0,0.9352254746835444,0.8081487341772156,False,False,False,False,0.34282823219011,0.3261789451075877,False,False,False,False,37870890.0,31281516.6768356,False,False,False,False,563182.6381568967,False,True,False,False
2025-09-16 17:00:00+00:00,29.29,29.43,29.285,29.34,393522.0,29.410142551027818,28.515006762137702,28.181183338616766,27.91303500474895,27.800632911118356,27.7646283694183,26.98596074439854,25.6699644824684,24.7722419717247,24.02538626247429,28.515006762137702,26.98596074439854,29.410142551027818,29.410142551027818,26.847559983011777,"rgba(38, 166, 154, 0.5)",0.7487066144988436,28.424886272897744,1.22225943965354,57.07842998165355,11.890282517743557,False,False,True,False,False,8.20948939773984,0.0,0.0,0.0,0.0,0,0.9269037533247958,0.8088858240567436,False,False,False,False,0.293593429722109,0.30988618741484836,False,False,False,False,37477368.0,31377576.387272254,False,False,False,False,560552.2406660921,False,False,False,False
2025-09-17 17:00:00+00:00,29.51,29.575,29.35,29.535,518642.0,29.416228778865094,28.535119850094436,28.195955994363356,27.926501692381915,27.812322232232667,27.77633989255152,26.99776090413402,25.682640707941896,24.785179185491845,24.038777604108258,28.535119850094436,26.99776090413402,29.416228778865094,29.416228778865094,26.86117756258888,"rgba(38, 166, 154, 0.5)",0.755086881224883,28.439088381859,1.4513715512620728,57.10316122785895,11.604298993546884,False,False,True,False,False,9.273964051216524,0.0,0.0,0.0,0.0,0,0.9274861878453039,0.8089976322020522,False,False,False,False,0.3163844129907224,0.31313530020278535,False,False,False,False,37996010.0,31480187.76111299,False,False,False,False,559902.4694929745,False,False,False,False
2025-09-18 17:00:00+00:00,29.425,29.45,29.14,29.2,790422.0,29.39969970541288,28.5573901246734,28.21405150059504,27.943712380720005,27.827493447597092,27.791594208818815,27.013937328049813,25.70067368181558,24.803829661188786,24.058228982884813,28.5573901246734,27.013937328049813,29.39969970541288,29.39969970541288,26.87899014626037,"rgba(38, 166, 154, 0.5)",0.759480749597203,28.450954767653677,0.986259668521664,54.284721349184956,8.688800139055445,False,True,True,False,False,6.983460717784144,0.0,0.0,0.0,0.0,0,0.9201296787503684,0.8099027409372241,False,False,False,False,0.28016820080063415,0.2966517505017098,False,False,False,False,37205588.0,31568953.656289533,False,False,False,False,563476.4157023856,False,False,False,False
2025-09-19 17:00:00+00:00,29.105,29.135,28.95,29.005,550491.0,29.373813516812437,28.567246289752692,28.223573079692954,27.953365794039588,27.83618659995564,27.80037929576745,27.023913077177657,25.712310313216328,24.816052475137674,24.0710871393207,28.567246289752692,27.023913077177657,29.373813516812437,29.373813516812437,26.88934600711785,#000000,0.7628384642388201,28.453275776977538,0.72325170909281,50.965875675091155,5.463558136253042,False,True,False,False,False,5.680976764251948,0.0,0.0,0.0,0.0,0,0.912884406209829,0.8226045683773365,False,False,False,False,0.22686692655481552,0.26175933852826266,False,False,False,False,36655097.0,31647808.591850933,False,False,False,False,563275.09142793,False,False,False,False
2025-09-22 17:00:00+00:00,28.785,28.95,28.775,28.94,458447.0,29.347064014482932,28.57272765692487,28.229971164768635,27.960234410278442,27.84248308614611,27.806768906438368,27.031564430484476,25.72152819569655,24.825837367627976,24.081440252488797,28.57272765692487,27.031564430484476,29.347064014482932,29.347064014482932,26.89695060787269,"rgba(239, 83, 80, 1.0)",0.7640858755564998,28.452690015202812,0.6377686074124472,48.27715495237722,2.9237085369905103,False,True,False,True,False,5.247336668489488,0.0,0.0,0.0,0.0,0,0.9053489759395504,0.8335653211374032,False,False,False,False,0.1896456625083582,0.22570250051831042,False,False,False,False,36196650.0,31718333.26484549,False,False,False,False,561649.8497003653,False,False,False,False
2025-09-23 17:00:00+00:00,28.665,28.85,28.615,28.81,526060.0,29.31205485013954,28.576293632560592,28.235742718159557,27.96690600882191,27.848729351676774,27.813138785716724,27.039657894862774,25.73160833732837,24.836650138198767,24.092945765613674,28.576293632560592,27.039657894862774,29.31205485013954,29.31205485013954,26.90463029254879,"rgba(239, 83, 80, 1.0)",0.765880080232548,28.44966890841082,0.47047977991511203,45.517939664905654,0.3498301538904798,False,True,False,True,False,4.3766637316860475,0.0,0.0,0.0,0.0,0,0.8978036305285327,0.8401363955470869,False,False,False,False,0.16308861811887881,0.19439555931859462,False,False,False,False,35670590.0,31779608.563064937,False,False,False,False,561098.0690848557,False,False,False,False
2025-09-24 17:00:00+00:00,28.335,28.405,28.3,28.33,352491.0,29.27499871054334,28.57335389679145,28.236536601999866,27.969012016247273,27.850986952458925,27.815513768290494,27.04374462095533,25.737407991561387,24.843101998375985,24.09994329608938,28.57335389679145,27.04374462095533,29.27499871054334,29.27499871054334,26.90773346030779,"rgba(239, 83, 80, 1.0)",0.7658823269526825,28.442042051686744,-0.14629147030006912,40.75518103181501,-4.011312616652717,False,True,False,True,False,1.2592892185012587,0.0,0.0,0.0,0.0,0,0.8942336420675231,0.838561896225476,False,False,False,False,0.08661503936659944,0.14050529934259703,False,False,False,False,35318099.0,31834468.87991664,False,False,False,False,557863.850959509,False,False,False,False
2025-09-25 17:00:00+00:00,28.44,28.47,28.29,28.31,455765.0,29.23164756514855,28.569850480181806,28.237654726193323,27.97178394127641,27.853943943515567,27.81862029258062,27.049037946114606,25.744902179008722,24.851436727724142,24.10898168952444,28.569850480181806,27.049037946114606,29.23164756514855,29.23164756514855,26.911801325124404,"rgba(239, 83, 80, 1.0)",0.7658341915902722,28.433221398964648,-0.16089827317421915,37.4741115220138,-6.916581277504733,False,True,False,True,False,1.1321653781753547,0.0,0.0,0.0,0.0,0,0.8915014446547773,0.8405898176746044,False,False,False,False,0.09210502050389177,0.1163051599232444,False,False,False,False,34862334.0,31881412.52518925,False,False,False,False,556280.9230376561,False,False,False,False
2025-09-26 17:00:00+00:00,28.445,28.475,28.255,28.31,365919.0,29.199331162748706,28.566990494075025,28.23846330633589,27.973923823077353,27.85624637597376,27.821042848391503,27.05322473014666,25.750865135415808,24.85808083983312,24.11619357365867,28.566990494075025,27.05322473014666,29.199331162748706,29.199331162748706,26.915003458545314,"rgba(239, 83, 80, 1.0)",0.7655221500138835,28.426584967331983,-0.15229470150520188,35.28673184881299,-8.869082728077231,False,True,False,True,False,1.1321653781753547,0.0,0.0,0.0,0.0,0,0.8889221258350782,0.8449496460265233,False,False,False,False,0.08910981998878631,0.10270748995601536,False,False,False,False,34862334.0,31927628.36200802,False,False,False,False,553329.5753936614,False,False,False,False
2025-09-29 17:00:00+00:00,28.005,28.14,27.875,28.08,559883.0,29.137542634434638,28.556696183424805,28.236142688060976,27.974423774998524,27.857491699992337,27.82251104289303,27.058031338691695,25.758835407863668,24.867284539610154,24.126362783890546,28.556696183424805,27.058031338691695,29.137542634434638,29.137542634434638,26.917531051047305,"rgba(239, 83, 80, 1.0)",0.7648691697581772,28.410712227979907,-0.43237751115588513,32.49961231655841,-11.460935661548625,False,True,False,True,False,0.0,0.0,0.0,0.0,0.0,0,0.8890108793292743,0.8466912865555448,False,False,False,False,0.01807397536925854,0.06039073266263695,False,False,False,False,34302451.0,31964447.3176358,False,False,False,False,553431.1788759301,False,False,False,False
2025-09-30 17:00:00+00:00,28.265,28.3,28.205,28.23,604522.0,29.08930311243915,28.550355997705836,28.236248722396844,27.976929845980113,27.860439392400252,27.825667136250985,27.064294019654174,25.768180741627866,24.87782822158448,24.13788020329751,28.550355997705836,27.064294019654174,29.08930311243915,29.08930311243915,26.92198047565534,"rgba(239, 83, 80, 1.0)",0.7604298807933044,28.39977684068342,-0.2232642942782601,32.7471187706357,-11.460935661548625,False,True,False,True,False,0.6110576034835624,0.0,0.0,0.0,0.0,0,0.8900866411444691,0.850795889582914,False,False,False,False,0.06669284284086573,0.06354178775175134,False,False,False,False,34906973.0,32010067.870850746,False,False,False,False,554223.2846297917,False,False,False,False
2025-10-01 17:00:00+00:00,27.645,27.795,27.52,27.53,809315.0,28.989825130442462,28.525559835754773,28.22644907716317,27.972497010350065,27.857965102780415,27.823581133000893,27.068156705655184,25.777428037953477,24.88921932053469,24.150849126551794,28.525559835754773,27.068156705655184,28.989825130442462,28.989825130442462,26.921300594416053,"rgba(239, 83, 80, 1.0)",0.7620251172231758,28.36915594826042,-1.1012182266620145,29.453184123323012,-14.566519370523274,False,True,False,True,False,0.0,0.0,0.0,0.0,0.0,0,0.8925243321598674,0.843756471319114,False,False,False,False,-0.05129024865685767,0.0061257695474468375,False,False,False,False,34097658.0,32042433.60928717,False,False,False,False,558178.194945609,False,False,False,False
2025-10-02 17:00:00+00:00,27.105,27.12,26.885,27.005,888879.0,28.852767236181435,28.48249254931715,28.20561962740627,27.95963300263863,27.848606129351374,27.814756620698578,27.067661148817866,25.78413291071632,24.89883846612336,24.162486557927007,28.48249254931715,27.067661148817866,28.852767236181435,28.852767236181435,26.913803001444062,"rgba(239, 83, 80, 1.0)",0.7737259623824068,28.321058240879967,-1.7009358673032597,25.668279649509987,-18.191216427436345,False,True,False,True,False,0.0,0.0,0.0,0.0,0.0,0,0.8864271663733304,0.8527797908686203,False,False,False,False,-0.18298302033128078,-0.08842862539191697,False,False,False,False,33208779.0,32060516.483561788,False,False,False,False,563305.339210018,False,False,False,False
2025-10-03 17:00:00+00:00,27.015,27.215,26.995,27.055,433156.0,28.795373728773427,28.463532669826346,28.196423876930336,27.954033514106793,27.844570522038794,27.81096813024151,27.06773787348864,25.787599670008678,24.903682329112534,24.168291856932093,28.463532669826346,27.06773787348864,28.795373728773427,28.795373728773427,26.910760049187303,"rgba(239, 83, 80, 1.0)",0.785649539042642,28.300495687138785,-1.5853069660761099,23.741487187081226,-20.068417053728407,False,True,False,True,False,0.0,0.0,0.0,0.0,0.0,0,0.8989729616432613,0.840809054705513,False,False,False,False,-0.16207198483244803,-0.1252503051121825,False,False,False,False,33641935.0,32085034.60009571,False,False,False,False,561287.5199974596,False,False,False,False
2025-10-06 17:00:00+00:00,26.045,26.095,25.84,25.86,1677049.0,28.475062119112923,28.336890009169572,28.126484367997772,27.904934997222153,27.806049381481184,27.77377245693571,27.051644046452985,25.789067239082843,24.91241268112004,24.181734837244043,28.336890009169572,27.051644046452985,28.475062119112923,28.475062119112923,26.875887779634034,"rgba(239, 83, 80, 1.0)",0.8365212446749419,28.17109473716463,-2.7627448219353745,20.003717896672494,-23.648274470336393,False,True,False,True,False,0.0,0.0,0.0,0.0,0.0,0,0.9003666841278156,0.8445259298061818,False,False,False,False,-0.34282825441539394,-0.23403927976378822,False,False,False,False,31964886.0,32083171.83110198,False,False,False,False,578586.1475943981,False,False,False,False
2025-10-07 17:00:00+00:00,26.145,26.215,26.005,26.15,1153445.0,28.307067634394336,28.263270737349952,28.084822571225544,27.875674729486125,27.78306175327438,27.751607109663876,27.042686536306167,25.791392894413992,24.919444743170384,24.191862059059083,28.263270737349952,27.042686536306167,28.307067634394336,28.307067634394336,26.85598034821661,"rgba(239, 83, 80, 1.0)",0.8731923412768743,28.09918857823881,-2.2322556968244833,20.18735612745811,-23.648274470336393,False,True,False,True,False,0.0,0.0,0.0,0.0,0.0,0,0.8946422910282151,0.8336679699883762,False,False,False,False,-0.31390275439581905,-0.27397101707980365,False,False,False,False,33118331.0,32099220.81046474,False,False,False,False,587498.6879417718,False,False,False,False
2025-10-08 17:00:00+00:00,26.195,26.35,26.135,26.24,960365.0,28.191120460356515,28.208798676047696,28.05344858832572,27.853632127875365,27.765726713626925,27.734909857491505,27.036302409927192,25.793986241011762,24.9258070702727,24.200725468688685,28.208798676047696,27.036302409927192,28.191120460356515,28.191120460356515,26.841481905918616,"rgba(239, 83, 80, 1.0)",0.9039486551629458,28.047471092369584,-1.9995284931794834,21.13184363297612,-23.648274470336393,False,True,False,True,False,0.0,0.0,0.0,0.0,0.0,0,0.8867523637522575,0.8392648464888987,False,False,False,False,-0.2874569700017987,-0.2807139935408012,False,False,False,False,34078696.0,32129910.34828699,False,False,False,False,593279.5609969381,False,False,False,False
2025-10-09 17:00:00+00:00,26.325,26.355,26.095,26.115,723345.0,28.109872190280893,28.168609180335416,28.0298389254687,27.83688194419559,27.752477297148165,27.72213478151004,27.031242438186936,25.795689543596584,24.93036628518566,24.207177791534182,28.168609180335416,27.031242438186936,28.109872190280893,28.109872190280893,26.830490909684585,"rgba(239, 83, 80, 1.0)",0.9372062278459548,28.009965321113068,-2.021929928345011,21.40651965645675,-23.648274470336393,False,True,False,True,False,0.0,0.0,0.0,0.0,0.0,0,0.8821516415356645,0.8444016682707736,False,False,False,False,-0.2909267315853497,-0.2858203625630754,False,False,False,False,33355351.0,32148909.428158507,False,False,False,False,595296.0794310941,False,False,False,False
2025-10-10 17:00:00+00:00,25.995,26.065,25.79,25.87,616277.0,28.036322766508636,28.130942723256542,28.007202907031477,27.82049557931359,27.739373861778283,27.7094592369478,27.02556253633096,25.796102548907974,24.93336593263061,24.211869817243144,28.130942723256542,27.02556253633096,28.036322766508636,28.036322766508636,26.819375015937823,"rgba(239, 83, 80, 1.0)",0.9762833457408276,27.975054775737874,-2.1561924465079407,20.912210493917268,-23.88822239646773,False,True,False,True,False,0.0,0.0,0.0,0.0,0.0,0,0.873192674306522,0.8550926421762883,False,False,False,False,-0.34282825441539394,-0.31432430848923465,False,False,False,False,32739074.0,32158059.26648163,False,False,False,False,595621.3650213097,False,False,False,False
2025-10-13 17:00:00+00:00,25.87,25.87,25.47,25.575,681328.0,27.950908758178297,28.08585073414123,27.979585410307404,27.800187970119758,27.722997900163318,27.693580309028032,27.017848123665633,25.795465615426384,24.935748389835247,24.216206274161163,28.08585073414123,27.017848123665633,27.950908758178297,27.950908758178297,26.80527452520535,"rgba(239, 83, 80, 1.0)",1.018464588052454,27.933506883081023,-2.3157475583820233,19.842747303549338,-25.320230430519118,False,True,False,True,False,0.0,0.0,0.0,0.0,0.0,0,0.8773909305824197,0.8560068772834736,False,False,False,False,-0.34282825441539394,-0.3285762814523143,False,False,False,False,32057746.0,32156504.022040054,False,False,False,False,596950.150059739,False,False,False,False
2025-10-14 17:00:00+00:00,26.09,26.15,25.985,26.125,829318.0,27.873441784791247,28.042777888392436,27.95309917061505,27.780995349579396,27.70761962429189,27.6787230743814,27.011587407474515,25.79688958497355,24.940463399314595,24.22310205858547,28.042777888392436,27.011587407474515,27.873441784791247,27.873441784791247,26.792806395289812,"rgba(239, 83, 80, 0.75)",1.0419079734914056,27.894695913676777,-1.698514608489437,24.325989693721617,-25.320230430519118,False,True,False,True,True,0.0,0.0,0.0,0.0,0.0,0,0.8788819875776394,0.8476119083315489,False,False,False,False,-0.2692702687729855,-0.29892327511264993,False,False,False,False,32887064.0,32167830.533326253,False,False,False,False,600552.7523843943,False,False,False,False
2025-10-15 17:00:00+00:00,26.075,26.1,25.945,26.075,780824.0,27.80441049720032,28.00295855583779,27.92822355675207,27.762826874876183,27.692993153635527,27.66458081407957,27.005475692336994,25.798003747291734,24.94468821634704,24.229386879181753,28.00295855583779,27.005475692336994,27.80441049720032,27.80441049720032,26.781015276704295,"rgba(239, 83, 80, 0.75)",1.0683250256172536,27.859149584823136,-1.6700437994441777,27.103915992230384,-27.85392145039086,False,True,False,True,True,0.0,0.0,0.0,0.0,0.0,0,0.8766801792191167,0.8430765948367832,False,False,False,False,-0.27744286127926326,-0.2881830681959566,False,False,False,False,32106240.0,32166875.641336698,False,False,False,False,603347.6554482022,False,False,False,False
2025-10-16 17:00:00+00:00,26.275,26.28,26.105,26.19,509909.0,27.765708389871286,27.97974259467809,27.913602031031136,27.75219202870101,27.684442943361642,27.65632633815651,27.002146316181804,25.799178404366053,24.947809320876527,24.233809532261326,27.97974259467809,27.002146316181804,27.765708389871286,27.765708389871286,26.77436105662379,"rgba(239, 83, 80, 0.75)",1.0905507328412782,27.83870540829031,-1.5118099127720865,30.00793036856433,-25.104715352076433,False,True,False,True,True,0.0,0.0,0.0,0.0,0.0,0,0.8818615751789973,0.8360815795183342,False,False,False,False,-0.24674812636529908,-0.26746559728062785,False,False,False,False,32616149.0,32173841.119765587,False,False,False,False,601898.9941234238,False,False,False,False
2025-10-17 17:00:00+00:00,26.325,26.41,26.22,26.33,823030.0,27.711798484266488,27.946101595189596,27.892235002681307,27.73671399057048,27.67201480486227,27.644346889903215,26.997671424533063,25.80167479134868,24.953330550891526,24.241371274280738,27.946101595189596,26.997671424533063,27.711798484266488,27.711798484266488,26.7650511471401,"rgba(239, 83, 80, 0.75)",1.1085686819147804,27.730167801454456,-1.2630410946086008,33.2344390800026,-22.095428980888848,False,True,False,True,True,0.0,0.0,0.0,0.0,0.0,0,0.8787912087912085,0.8383516483516489,False,False,False,False,-0.22491212180435277,-0.2461888595424903,False,False,False,False,33439179.0,32193458.761319607,False,False,False,False,605327.3818114328,False,False,False,False
2025-10-20 17:00:00+00:00,25.975,26.115,25.83,26.09,1306768.0,27.616765891101952,27.885788879468212,27.853034854152323,27.707612880219372,27.6483448825794,27.621434501731446,26.987507375705412,25.803260836747544,24.960048893046807,24.251501152700705,27.885788879468212,26.987507375705412,27.616765891101952,27.616765891101952,26.74650380626125,"rgba(239, 83, 80, 0.75)",1.1304292336329624,27.66700695389174,-1.3950514609601612,34.00687913821108,-21.326060503826,False,True,False,True,True,0.0,0.0,0.0,0.0,0.0,0,0.8680008748906387,0.8429571303587058,False,False,False,False,-0.2865661526656993,-0.26637750610409483,False,False,False,False,32132411.0,32192512.284399923,False,False,False,False,616202.4301554415,False,False,False,False
2025-10-21 17:00:00+00:00,26.085,26.125,25.905,26.02,1815671.0,27.501449365403687,27.808179647755964,27.801345936499725,27.668885790925582,27.61665267274294,27.590741922599022,26.97379861451865,25.805477114655467,24.969286964575254,24.265424490761173,27.808179647755964,26.97379861451865,27.501449365403687,27.501449365403687,26.722199239448198,"rgba(239, 83, 80, 0.75)",1.1530950985526147,27.598555412854967,-1.3689724419403033,34.130031338219915,-21.00387175006977,False,True,False,True,True,0.0,0.0,0.0,0.0,0.0,0,0.8637466902030007,0.8499558693733454,False,False,False,False,-0.278808452996359,-0.2725929795502269,False,False,False,False,30316740.0,32163430.54355651,False,False,False,False,634798.842091016,False,False,False,False
2025-10-22 17:00:00+00:00,25.535,25.715,25.31,25.545,1142932.0,27.415605082812622,27.749981322730115,27.761686232232574,27.638393432858464,27.591367901056813,27.566147688109503,26.961019593348908,25.803644624018702,24.972319522662055,24.271639464446967,27.749981322730115,26.961019593348908,27.415605082812622,27.415605082812622,26.70179997571823,"rgba(239, 83, 80, 1.0)",1.1868728993784639,27.541541079923455,-1.6821860883073434,31.902844013077154,-21.00387175006977,False,True,False,True,False,0.0,0.0,0.0,0.0,0.0,0,0.8582494190549957,0.8460772380214675,False,False,False,False,-0.34282825441539394,-0.30771061698281044,False,False,False,False,29173808.0,32117079.806447107,False,False,False,False,642676.8755469692,False,False,False,False
2025-10-23 17:00:00+00:00,24.605,24.705,24.485,24.6,2206007.0,27.197734875055378,27.60221881478775,27.658789301044013,27.55718409132742,27.523141135335422,27.499495424402895,26.921486030121013,25.788701319174997,24.968392420851607,24.274709719247188,27.60221881478775,26.921486030121013,27.197734875055378,27.197734875055378,26.643790917365816,"rgba(239, 83, 80, 1.0)",1.2478503606291456,27.389690236007873,-2.235596770274086,27.57396276103917,-17.240635405663966,False,True,False,True,False,0.0,0.0,0.0,0.0,0.0,0,0.8475909537856439,0.8586255872391569,False,False,False,False,-0.34282825441539394,-0.32526943569910216,False,False,False,False,26967801.0,32037246.02650219,False,False,False,False,666914.5518950783,False,False,False,False
2025-10-24 17:00:00+00:00,25.075,25.185,24.98,25.165,1429395.0,27.098168909460487,27.52877786212154,27.60620552899187,27.515569176279687,27.488036443828108,27.465241124304345,26.902070284796274,25.783299981951043,24.969345185076467,24.279791166617724,27.52877786212154,26.902070284796274,27.098168909460487,27.098168909460487,26.615370750440782,"rgba(239, 83, 80, 1.0)",1.283092435562601,27.323720629435517,-1.6824357852978673,29.361871174008,-17.240635405663966,False,True,False,True,False,0.0,0.0,0.0,0.0,0.0,0,0.8471861471861469,0.8561688311688316,False,False,False,False,-0.27200416012815265,-0.2986367979136274,False,False,False,False,28397196.0,31980811.142370373,False,False,False,False,678735.9541912785,False,False,False,False
2025-10-27 17:00:00+00:00,25.475,25.515,25.385,25.51,897236.0,27.050845140613205,27.491387798570333,27.57889518140086,27.49396489715745,27.469775712800246,27.447447342757247,26.89249997980282,25.78174267832952,24.97145071526517,24.28431881159263,27.491387798570333,26.89249997980282,27.050845140613205,27.050845140613205,26.60127590196403,"rgba(239, 83, 80, 0.75)",1.3096249617887985,27.292856657853115,-1.361349019659746,32.92732257478785,-22.52680395315211,False,True,False,True,True,0.0,0.0,0.0,0.0,0.0,0,0.8504561251086009,0.8625108601216338,False,False,False,False,-0.2203557891906884,-0.2594962935521579,False,False,False,False,29294432.0,31939161.853341375,False,False,False,False,682123.5518007161,False,False,False,False
2025-10-28 17:00:00+00:00,25.38,25.78,25.31,25.62,0.0,27.050845140613205,27.491387798570333,27.57889518140086,27.49396489715745,27.469775712800246,27.447447342757247,26.89249997980282,25.78174267832952,24.97145071526517,24.28431881159263,27.491387798570333,26.89249997980282,27.050845140613205,27.050845140613205,26.60127590196403,"rgba(239, 83, 80, 0.75)",1.3314463279922693,27.292856657853115,-1.256420647744523,36.0373434739137,-19.633765636234035,False,True,False,True,True,0.0,0.0,0.0,0.0,0.0,0,0.8465853921674396,0.8570503829970877,False,False,False,False,-0.20720086166764431,-0.23334857760990113,False,False,False,False,29294432.0,31898158.289723676,False,False,False,False,671547.9928580693,False,False,False,False
